{"type": "FeatureCollection", "features": [{"type": "Feature", "properties": {"psgc_code": 403428001, "name": "Aplaya", "corr_code": 43428001.0, "geo_level": "Bgy", "city_class": null, "inc_class": null, "urb_rur": null, "pop_2015": "U", "pop_2020": null, "status": null, "adm4_pcode": "PH0403428001", "adm4_en": "Aplaya", "adm3_pcode": "PH0403428", "adm2_pcode": "PH04034", "adm1_pcode": "PH04", "adm0_pcode": "PH", "shape_len": 0.039176524344, "shape_area": 4.2470463334e-05, "shape_sqkm": 0.506951223383}, "geometry": {"type": "MultiPolygon", "coordinates": [[[[121.11772125100003, 14.324674494000021], [121.11784498700001, 14.324555793000059], [121.11798752800007, 14.32444644700007], [121.11832849200005, 14.324320262000072], [121.11852806500008, 14.324165337000068], [121.11867183400011, 14.323908699000071], [121.11864504500011, 14.323724360000028], [121.11859123600004, 14.323383299000056], [121.11869677900006, 14.32318159600004], [121.11876371200003, 14.323080857000036], [121.11903912100001, 14.322889706000069], [121.11933272200008, 14.322781557000042], [121.11945645500009, 14.322662855000033], [121.11963921400002, 14.32225922400005], [121.11995698800001, 14.32151602700003], [121.12020629200003, 14.321057685000028], [121.12041591600007, 14.320829185000036], [121.12085166700001, 14.320657714000049], [121.12119331400004, 14.320448672000055], [121.12142189400004, 14.320211115000063], [121.12161324600004, 14.319908820000023], [121.12165108800002, 14.319899913000029], [121.12191651400008, 14.319773123000061], [121.12211500800004, 14.319747074000077], [121.12228556200012, 14.319674771000052], [121.12238081600003, 14.319574255000077], [121.12259196700006, 14.319161640000061], [121.1227659650001, 14.318675079000059], [121.12291847600011, 14.318501363000053], [121.1236128050001, 14.317890025000054], [121.12419230800003, 14.317461904000027], [121.12429707800004, 14.31735225500006], [121.12435525400008, 14.317168587000026], [121.1245668580001, 14.316700734000051], [121.12472980100006, 14.31640741700005], [121.12473071900001, 14.316296949000048], [121.12470361800001, 14.316149433000078], [121.12459124300005, 14.316038069000058], [121.12444049300007, 14.316000053000039], [121.12428951200002, 14.315989654000077], [121.1240919390001, 14.315905237000038], [121.123988929, 14.315803154000037], [121.12395238800002, 14.315655564000053], [121.12400058700007, 14.315536262000023], [121.12419109000007, 14.315335227000048], [121.12436186900004, 14.315235305000044], [121.12444790800009, 14.31510709500003], [121.12445842000011, 14.314978290000056], [121.12443254300001, 14.314683481000031], [121.12435086200003, 14.31428696300003], [121.12433373800002, 14.314075083000034], [121.12435407300006, 14.313900322000052], [121.12438346600004, 14.313771666000036], [121.1244602920001, 14.313615764000076], [121.12447118600005, 14.313440929000024], [121.12452114200005, 14.313109895000025], [121.12454331100002, 14.312714196000059], [121.12471852100009, 14.312080340000023], [121.12490415700006, 14.311725523000064], [121.12494215200002, 14.311689069000067], [121.12519178500008, 14.311522643000046], [121.12545352000006, 14.311198440000055], [121.12550027200007, 14.310767293000026], [121.12547681400008, 14.310448991000044], [121.12542124600009, 14.310462843000039], [121.12521694100008, 14.310551228000065], [121.12500590200011, 14.310486550000064], [121.1248406420001, 14.310455564000051], [121.12462662900009, 14.310438078000061], [121.1245099250001, 14.310442625000064], [121.12431137800002, 14.310468391000029], [121.12396846000001, 14.310507097000027], [121.12392596900008, 14.310507097000027], [121.12389030700001, 14.310503303000075], [121.12385517400003, 14.310489609000058], [121.1238157680001, 14.310471422000035], [121.1237863560001, 14.310463088000063], [121.12376055800007, 14.310460053000043], [121.1236520550001, 14.310462329000075], [121.12362176800002, 14.310468391000029], [121.12357629900009, 14.310479], [121.12354144000005, 14.310479], [121.12338229900001, 14.310456266000074], [121.12320345500007, 14.310415344000035], [121.12315192300002, 14.310401703000025], [121.12310195400005, 14.310377993000031], [121.12308234200009, 14.310369969000021], [121.1229988450001, 14.310294093000039], [121.12295489200005, 14.310272875000067], [121.12289578200011, 14.31025771800006], [121.12268207900001, 14.310228921000032], [121.12261993800007, 14.310225890000027], [121.12228801600008, 14.31020164000006], [121.12217485500003, 14.311079421000045], [121.12213546400005, 14.311384975000067], [121.12205153000002, 14.312036043000035], [121.12171453200006, 14.31229815200004], [121.12141510100003, 14.313080757000023], [121.12130513200009, 14.31336817500005], [121.12130264600012, 14.313374674000045], [121.12126326500004, 14.31358401500006], [121.12104096000007, 14.314765739000052], [121.1210311750001, 14.314816276000045], [121.12047731300004, 14.31586922100007], [121.12032238100005, 14.316162619000067], [121.12021956400008, 14.316488208000067], [121.12016617000006, 14.316657286000066], [121.11998566200009, 14.316865565000057], [121.11994053300009, 14.316917637000074], [121.11989714100002, 14.317160632000025], [121.11969753800008, 14.317577194000023], [121.11969502500006, 14.317601043000025], [121.11966989600012, 14.317839547000062], [121.11963679000007, 14.318149967000068], [121.1195750490001, 14.318301746000031], [121.11942850900004, 14.318661991000056], [121.11937159000001, 14.31882779800003], [121.1192289060001, 14.319243442000072], [121.1190466600001, 14.319529828000043], [121.1188131130001, 14.32012357800005], [121.1185558090001, 14.32074413500004], [121.11827905900009, 14.321396863000075], [121.11769142100002, 14.322156792000044], [121.11727648200008, 14.322693387000072], [121.11606890600001, 14.323830756000064], [121.11667720100002, 14.324080895000066], [121.11669476800012, 14.32409350200004], [121.11671005300002, 14.324104471000055], [121.11765708200005, 14.324778907000052], [121.11772125100003, 14.324674494000021]]]]}}, {"type": "Feature", "properties": {"psgc_code": 403428002, "name": "Balibago", "corr_code": 43428002.0, "geo_level": "Bgy", "city_class": null, "inc_class": null, "urb_rur": null, "pop_2015": "U", "pop_2020": null, "status": null, "adm4_pcode": "PH0403428002", "adm4_en": "Balibago", "adm3_pcode": "PH0403428", "adm2_pcode": "PH04034", "adm1_pcode": "PH04", "adm0_pcode": "PH", "shape_len": 0.0964061962647, "shape_area": 0.000219065954839, "shape_sqkm": 2.61522216523}, "geometry": {"type": "MultiPolygon", "coordinates": [[[[121.10813958200004, 14.299548646000062], [121.10833933600009, 14.298956042000043], [121.1084492010001, 14.298553205000076], [121.11015824800006, 14.298855806000063], [121.11043230000007, 14.298410471000068], [121.11131524200005, 14.298418036000044], [121.11124189800012, 14.297188434000077], [121.11122911000007, 14.296976179000069], [121.11130126100011, 14.296673699000053], [121.11152000100003, 14.295756674000074], [121.110794026, 14.295522297000048], [121.11008733200003, 14.295194329000026], [121.10800526500009, 14.29438936300005], [121.10679861800008, 14.293664497000066], [121.10671976900005, 14.293617862000076], [121.1054844040001, 14.292931502000044], [121.10453674400003, 14.291077709000035], [121.10412908900003, 14.290342217000045], [121.10392013100011, 14.290210381000065], [121.10310038500006, 14.28970540000006], [121.10268400500001, 14.28943947700003], [121.1021488670001, 14.289334734000022], [121.10145167700011, 14.289352163000046], [121.10132966900005, 14.289805337000075], [121.10068476800006, 14.289962205000052], [121.09920323800009, 14.290101643000071], [121.09880586400004, 14.290046833000076], [121.09819231300003, 14.289962205000052], [121.09800058500002, 14.289282444000037], [121.09807030400009, 14.288201800000024], [121.09822717200007, 14.286685411000065], [121.10015462700005, 14.28604292600005], [121.10058018900008, 14.285901072000058], [121.10124621800003, 14.285174948000076], [121.1014555380001, 14.284912205000069], [121.10298920700006, 14.285346661000062], [121.10360558600007, 14.283396812000035], [121.10455814900001, 14.283313981000049], [121.10596587100008, 14.283601800000042], [121.10633413900007, 14.283141464000039], [121.10635715600006, 14.28281922900004], [121.10620754700005, 14.281760457000075], [121.10354910800004, 14.280632634000028], [121.10339949900003, 14.279896097000062], [121.10227635600006, 14.278184521000071], [121.10206701300001, 14.27818144400004], [121.10163148900006, 14.278106065000031], [121.10125459400001, 14.278005560000054], [121.10088607400007, 14.277930180000055], [121.10053430500011, 14.277879928000061], [121.10023278800008, 14.277779422000037], [121.09986426800003, 14.27772079400006], [121.09941199400009, 14.277595162000068], [121.09900159600011, 14.277570036000043], [121.09871683100005, 14.277494657000034], [121.09864145200004, 14.277812924000045], [121.09756474200003, 14.278940900000066], [121.09618373500007, 14.279435761000059], [121.09366522800008, 14.279316299000072], [121.09351649100006, 14.280218637000075], [121.0915855820001, 14.27969334200003], [121.09135628500007, 14.279589822000048], [121.09117204300003, 14.279971070000045], [121.09068244800005, 14.280938051000021], [121.08952197200006, 14.283230064000065], [121.08945562400004, 14.28371093000004], [121.08940774700011, 14.284261521000076], [121.089537016, 14.284754659000043], [121.08982906800009, 14.285156829000073], [121.09054723000008, 14.285827114000028], [121.09066692400006, 14.285985109000023], [121.09075310300011, 14.28617661900006], [121.0907148010001, 14.286392068000055], [121.09052982500009, 14.286887729000057], [121.09010875100012, 14.287390763000076], [121.08932350400005, 14.288035721000028], [121.08898504700005, 14.28841323000006], [121.08852212300008, 14.289193875000024], [121.08871690600006, 14.289237859000025], [121.08883000600008, 14.289292314000022], [121.08889912200004, 14.289397036000025], [121.08898708900006, 14.289581347000023], [121.08903735500007, 14.289727957000025], [121.08906667700012, 14.289866190000055], [121.08904782700006, 14.290006518000041], [121.0890645830001, 14.290180356000064], [121.08910437700001, 14.290232717000038], [121.08916092700008, 14.290318589000037], [121.08924470500006, 14.290396083000076], [121.0893598990001, 14.290486144000056], [121.0894813760001, 14.290477766000038], [121.08958609800004, 14.290410744000042], [121.08969710300005, 14.29033325000006], [121.08979763600007, 14.290287172000035], [121.08987932000002, 14.290320683000061], [121.08993168100005, 14.290408650000074], [121.08998404200008, 14.290490333000037], [121.09003221400008, 14.290563638000037], [121.0901327470001, 14.29066836000004], [121.09025841300002, 14.29075004300006], [121.0928999030001, 14.29031474900006], [121.09343442000011, 14.290607220000027], [121.09573442800001, 14.291865715000029], [121.09548841300011, 14.292881866000073], [121.09606921800003, 14.292982022000047], [121.09742035400006, 14.293388192000066], [121.09789288000002, 14.293530240000052], [121.09763555400002, 14.294470041000068], [121.09884387000011, 14.294783309000024], [121.09971654300011, 14.29459311100004], [121.09997386900011, 14.295208457000058], [121.10019763100001, 14.295421031000046], [121.10130525500006, 14.295521724000025], [121.10186466000005, 14.295779051000068], [121.10158495700011, 14.296774793000054], [121.1023233730001, 14.296998555000073], [121.10285773300006, 14.297340482000038], [121.10299657300004, 14.297398818000033], [121.10338216900004, 14.297560833000034], [121.10397711700011, 14.29774592800004], [121.10447951800006, 14.297878139000034], [121.10482326600004, 14.297931023000046], [121.10517258000004, 14.297906899000054], [121.10517634900009, 14.29791244100005], [121.10505895800009, 14.298255577000077], [121.10469690500008, 14.299245711000026], [121.10463827700005, 14.299396469000044], [121.10456289400008, 14.29961042900004], [121.10648681200007, 14.29945404700004], [121.10682805400006, 14.299426310000058], [121.10692108, 14.299426572000073], [121.10700564100011, 14.29942761600006], [121.10709051700007, 14.299426310000058], [121.10722762500006, 14.29944198000004], [121.10729030200002, 14.29946417800005], [121.10734775700007, 14.299502046000043], [121.10738954200008, 14.299515104000022], [121.10751881500005, 14.299525550000055], [121.10765722800011, 14.299524244000054], [121.10777997200012, 14.299538608000034], [121.1078530960001, 14.299547749000055], [121.10789618700005, 14.29954383100005], [121.1079288310001, 14.299534691000076], [121.10795364100011, 14.299517715000036], [121.10805199800006, 14.299568244000056], [121.10806269300008, 14.29962129100005], [121.10813958200004, 14.299548646000062]]]]}}, {"type": "Feature", "properties": {"psgc_code": 403428003, "name": "Caingin", "corr_code": 43428003.0, "geo_level": "Bgy", "city_class": null, "inc_class": null, "urb_rur": null, "pop_2015": "U", "pop_2020": null, "status": null, "adm4_pcode": "PH0403428003", "adm4_en": "Caingin", "adm3_pcode": "PH0403428", "adm2_pcode": "PH04034", "adm1_pcode": "PH04", "adm0_pcode": "PH", "shape_len": 0.0469236699937, "shape_area": 6.6880699777e-05, "shape_sqkm": 0.798376434391}, "geometry": {"type": "MultiPolygon", "coordinates": [[[[121.12542124600009, 14.310462843000039], [121.12547681400008, 14.310448991000044], [121.12546146700004, 14.31024074800007], [121.12533466100001, 14.309913480000034], [121.1252713880001, 14.30973406000004], [121.12521882200008, 14.309565249000059], [121.1252093390001, 14.309407302000068], [121.1252439000001, 14.30914445600007], [121.12536410400003, 14.308966484000052], [121.12543034500004, 14.30878808400007], [121.12543244100004, 14.308535506000055], [121.12544576500011, 14.30823039300003], [121.1254912930001, 14.307946583000046], [121.12559113400005, 14.30762110300003], [121.12575721400003, 14.307117223000034], [121.125881606, 14.306434094000053], [121.12588727800005, 14.305750029000023], [121.12597492800012, 14.30559284800006], [121.12612864200003, 14.305278316000056], [121.12617652300003, 14.304710356000044], [121.12619941800006, 14.304552664000028], [121.126276361, 14.30438487500004], [121.12637497700007, 14.304206730000033], [121.12648473400009, 14.303986575000067], [121.12661590200003, 14.303787638000074], [121.1266278270001, 14.303650909000055], [121.1266308800001, 14.303282566000064], [121.12674054900003, 14.303072935000046], [121.12687145400002, 14.302905570000064], [121.12707842900011, 14.302675656000076], [121.12736086300004, 14.302456860000063], [121.12763163200009, 14.302343220000068], [121.12806428800002, 14.302230854000072], [121.12828074600009, 14.30215888400005], [121.12846439200007, 14.302139282000041], [121.1286694480001, 14.302140896000026], [121.12886432200003, 14.30206875600004], [121.12887598500004, 14.301963600000022], [121.1288772050001, 14.301816262000045], [121.1287378620001, 14.301699393000035], [121.12867389100006, 14.301604166000061], [121.12867467500007, 14.301509449000037], [121.12874082300004, 14.301341573000059], [121.12882942800002, 14.301068625000028], [121.1288873950001, 14.300584941000068], [121.1289451020001, 14.300132829000063], [121.12906808500009, 14.299618081000062], [121.12924476800004, 14.299135331000059], [121.12957132200006, 14.298801106000042], [121.12999404900006, 14.29858340900006], [121.13042669700008, 14.298471039000049], [121.13056747300004, 14.298400536000031], [121.130150221, 14.297970130000067], [121.130070928, 14.298034376000032], [121.12989802600009, 14.298021744000039], [121.12970253300011, 14.297503808000045], [121.12963764400001, 14.297368131000042], [121.12952556300002, 14.297220656000036], [121.12941938100005, 14.297096777000036], [121.128174693, 14.296353503000034], [121.12811039300004, 14.296319857000071], [121.1266119390001, 14.296390132000056], [121.12605892900001, 14.296420836000038], [121.12578487700011, 14.296471078000025], [121.12556563600003, 14.296480213000052], [121.12420907800004, 14.296525889000065], [121.12382997200007, 14.296585267000069], [121.12366097300003, 14.296557862000043], [121.12348740700008, 14.29659440200004], [121.12269189500012, 14.29666291500007], [121.12179026900003, 14.296734636000053], [121.12176879900005, 14.297411956000076], [121.12153998000008, 14.297453560000065], [121.12136940500011, 14.297499323000068], [121.1214401310001, 14.297940321000056], [121.12147341400009, 14.29811505500004], [121.12149837600009, 14.298323073000063], [121.12181456300004, 14.298268988000075], [121.12202820900006, 14.298281491000068], [121.12206327400008, 14.298641493000048], [121.12212457600003, 14.299028348000036], [121.12217859300006, 14.299525414000072], [121.12217568100004, 14.29961417100003], [121.12240116700002, 14.299608462000037], [121.12241543900006, 14.299925285000029], [121.12240331400005, 14.30014482100006], [121.12227753500008, 14.300841238000032], [121.12227861100007, 14.300852286000065], [121.12232515900007, 14.30133018400005], [121.12232881400007, 14.301331773000072], [121.12417026100002, 14.302132500000027], [121.1239185280001, 14.303139430000044], [121.12385139900005, 14.304179925000028], [121.12365108200004, 14.304680718000043], [121.12351575600007, 14.305019033000065], [121.12316388700003, 14.30656725700004], [121.12309620200006, 14.30686507200005], [121.12146758900008, 14.306672182000057], [121.12152082700004, 14.306970849000038], [121.12156767800002, 14.307225838000022], [121.1216035220001, 14.307487120000076], [121.12166040500006, 14.307737661000033], [121.12167896100004, 14.307978888000036], [121.12162835700008, 14.308224874000075], [121.12157026200009, 14.308470440000065], [121.12143932400011, 14.308687032000023], [121.12132507700005, 14.30890706300005], [121.12117698000009, 14.309110167000028], [121.1210161890001, 14.309313272000054], [121.12089347900007, 14.309482527000057], [121.12083376500004, 14.309491457000036], [121.12108763900005, 14.309621155000059], [121.12154990500005, 14.309831827000039], [121.12166054600004, 14.309869718000073], [121.12185268100006, 14.310023200000046], [121.12228801600008, 14.31020164000006], [121.12261993800007, 14.310225890000027], [121.12268207900001, 14.310228921000032], [121.12289578200011, 14.31025771800006], [121.12295489200005, 14.310272875000067], [121.1229988450001, 14.310294093000039], [121.12308234200009, 14.310369969000021], [121.12310195400005, 14.310377993000031], [121.12315192300002, 14.310401703000025], [121.12320345500007, 14.310415344000035], [121.12338229900001, 14.310456266000074], [121.12354144000005, 14.310479], [121.12357629900009, 14.310479], [121.12362176800002, 14.310468391000029], [121.1236520550001, 14.310462329000075], [121.12376055800007, 14.310460053000043], [121.1237863560001, 14.310463088000063], [121.1238157680001, 14.310471422000035], [121.12385517400003, 14.310489609000058], [121.12389030700001, 14.310503303000075], [121.12392596900008, 14.310507097000027], [121.12396846000001, 14.310507097000027], [121.12431137800002, 14.310468391000029], [121.1245099250001, 14.310442625000064], [121.12462662900009, 14.310438078000061], [121.1248406420001, 14.310455564000051], [121.12500590200011, 14.310486550000064], [121.12521694100008, 14.310551228000065], [121.12542124600009, 14.310462843000039]]]]}}, {"type": "Feature", "properties": {"psgc_code": 403428004, "name": "Dila", "corr_code": 43428004.0, "geo_level": "Bgy", "city_class": null, "inc_class": null, "urb_rur": null, "pop_2015": "U", "pop_2020": null, "status": null, "adm4_pcode": "PH0403428004", "adm4_en": "Dila", "adm3_pcode": "PH0403428", "adm2_pcode": "PH04034", "adm1_pcode": "PH04", "adm0_pcode": "PH", "shape_len": 0.0908886566484, "shape_area": 0.000236685846892, "shape_sqkm": 2.82552876406}, "geometry": {"type": "MultiPolygon", "coordinates": [[[[121.11287260600011, 14.298283169000058], [121.11300731900008, 14.297609599000054], [121.11433589300009, 14.297117309000043], [121.11470342700011, 14.296980426000061], [121.1150836590001, 14.296964939000077], [121.11633507200008, 14.296913967000023], [121.11645219400009, 14.296910406000052], [121.11732148500005, 14.29687188400004], [121.11744128900011, 14.296860138000056], [121.1177090870001, 14.296846044000063], [121.11796279100008, 14.296836647000077], [121.11824938200004, 14.296838997000066], [121.11842321600011, 14.296836647000077], [121.11916745200006, 14.296827675000031], [121.11936123100008, 14.29683228600004], [121.11944970600007, 14.296927832000051], [121.12056375200007, 14.296833886000059], [121.12179026900003, 14.296734636000053], [121.12269189500012, 14.29666291500007], [121.12348740700008, 14.29659440200004], [121.12366097300003, 14.296557862000043], [121.12382997200007, 14.296585267000069], [121.12420907800004, 14.296525889000065], [121.12556563600003, 14.296480213000052], [121.12578487700011, 14.296471078000025], [121.12605892900001, 14.296420836000038], [121.1266119390001, 14.296390132000056], [121.12811039300004, 14.296319857000071], [121.12804877500002, 14.295967221000069], [121.1280255800001, 14.295888919000049], [121.12799133800002, 14.295831462000024], [121.12775114800002, 14.295591271000035], [121.1276913160001, 14.295511379000061], [121.12765311200008, 14.295408889000043], [121.12765151100007, 14.295365655000069], [121.12763870000003, 14.295308009000053], [121.12763549800002, 14.29526637500004], [121.12764030200003, 14.29521993800006], [121.1276627200001, 14.295168697000065], [121.12768033400005, 14.29511745600007], [121.12768033400005, 14.295087032000026], [121.12770595400002, 14.295027785000059], [121.12772036600006, 14.294970139000043], [121.12774918900004, 14.29491729700004], [121.12775239100006, 14.29486285300004], [121.12775079000005, 14.294818017000068], [121.12774118200002, 14.294741156000043], [121.1277331760001, 14.294576225000071], [121.12774438500003, 14.29450416700007], [121.12775079000005, 14.294443318000049], [121.12776840400011, 14.29435845100005], [121.12779722700009, 14.294291197000064], [121.1278340560001, 14.29423195000004], [121.12787569000011, 14.294190317000073], [121.12791572100002, 14.294159892000039], [121.127982975, 14.294134272000065], [121.1280101970001, 14.294124664000037], [121.12805343100001, 14.294147082000052], [121.1280838560001, 14.294172702000026], [121.12812709000002, 14.294190317000073], [121.1281847360001, 14.29420312700006], [121.12821676200008, 14.294196722000038], [121.12824078100004, 14.294183911000061], [121.12824096200006, 14.294165277000047], [121.12825279600008, 14.294151290000059], [121.12825979000002, 14.294128158000035], [121.12826085900008, 14.294085780000046], [121.12825787500003, 14.294047976000058], [121.12825172100008, 14.294018147000031], [121.12821944400002, 14.293939069000032], [121.12820019900005, 14.29391516000004], [121.12782765100008, 14.293631470000037], [121.12779402400008, 14.293588236000062], [121.12778281500005, 14.293538596000076], [121.1278004290001, 14.293492159000039], [121.12782364700001, 14.293455317000053], [121.1278405920001, 14.293421426000066], [121.12787124300007, 14.29338256400007], [121.12838647700005, 14.29285012400004], [121.12841552600003, 14.292804129000046], [121.12842763000003, 14.29276055500003], [121.12842763000003, 14.292715771000076], [121.12841552600003, 14.292669776000025], [121.12839252900005, 14.292633464000062], [121.12785390700003, 14.292013746000066], [121.12779338700011, 14.291924177000055], [121.12775223400001, 14.291844292000064], [121.12772560500002, 14.291763196000034], [121.12775755400003, 14.291663891000042], [121.12777421400006, 14.29158725700006], [121.12777421400006, 14.291510622000033], [121.12777421400006, 14.291447315000028], [121.12776421800004, 14.291390672000034], [121.12774422700011, 14.29130071000003], [121.12772756700008, 14.291250731000048], [121.12770424300004, 14.291220743000054], [121.12766426000007, 14.291174096000077], [121.12762427700011, 14.291177428000026], [121.12759762100006, 14.291157437000038], [121.12757763000002, 14.291120785000032], [121.12754431000008, 14.291100794000045], [121.12751432300001, 14.29107080600005], [121.12750432700011, 14.291044151000051], [121.12749099900009, 14.291017495000062], [121.1274976630001, 14.290994172000069], [121.12747434000005, 14.290990840000063], [121.127451016, 14.290980844000046], [121.1274410200001, 14.29094419200004], [121.1274376880001, 14.290904209000075], [121.12741491600002, 14.290857884000047], [121.12738600900002, 14.290836269000067], [121.12737438200008, 14.290827575000037], [121.12733773000002, 14.290817579000077], [121.12730107900006, 14.29080758300006], [121.1272610960001, 14.290804251000054], [121.12723444000005, 14.290804251000054], [121.12719112500008, 14.29080758300006], [121.1271444780001, 14.29080758300006], [121.12710449500003, 14.290794255000037], [121.12705118400004, 14.290790923000031], [121.12699787300005, 14.290787591000026], [121.12694789300008, 14.290760936000027], [121.126911242, 14.290737612000044], [121.12687125900004, 14.290707625000039], [121.12684460300011, 14.290670974000022], [121.12683746400012, 14.290640624000048], [121.12682496600007, 14.290597775000037], [121.1268261570001, 14.290550759000041], [121.12689458200009, 14.29048438500007], [121.12697121700012, 14.29039109100006], [121.12702786000011, 14.290314456000033], [121.1270778390001, 14.290241154000057], [121.12710782700003, 14.290177847000052], [121.12711115800005, 14.290121204000059], [121.12710116300002, 14.290081220000047], [121.12711115800005, 14.290021246000038], [121.12714781000011, 14.289954607000027], [121.12719112500008, 14.289904628000045], [121.12722777600004, 14.289864644000033], [121.12727109200011, 14.289814665000051], [121.12733773000002, 14.289758022000058], [121.12736771800007, 14.28973803100007], [121.12737771400009, 14.289684720000025], [121.1273810450001, 14.289634741000043], [121.12734106200003, 14.289591426000072], [121.12727109200011, 14.289584762000061], [121.12719778900009, 14.289574766000044], [121.12717446500005, 14.289561438000021], [121.12714518900009, 14.289533314000039], [121.12710531300002, 14.289512711000043], [121.12706712700003, 14.289487302000055], [121.12701891600011, 14.289434954000058], [121.12699166800007, 14.289393085000029], [121.126974388, 14.289349222000055], [121.12697569000011, 14.289290827000059], [121.1269778950001, 14.289257749000058], [121.12698010100007, 14.289220260000036], [121.12699553700008, 14.289193798000042], [121.12702310200007, 14.289191593000055], [121.12707492400011, 14.289180567000074], [121.12710689900007, 14.289181670000062], [121.12713005300009, 14.28919490100003], [121.12715651600001, 14.289209234000054], [121.12719290100006, 14.289242312000056], [121.12720723500001, 14.28926877500004], [121.12722597900006, 14.28928972400007], [121.12724251800012, 14.289294134000045], [121.12727228800009, 14.289295237000033], [121.12729434000005, 14.289295237000033], [121.1273208020001, 14.289290827000059], [121.1273461620001, 14.289280903000076], [121.12737041900004, 14.289264364000076], [121.12740570200003, 14.289230184000075], [121.12740790700002, 14.289207029000067], [121.12742224100009, 14.289143079000041], [121.12742775400011, 14.289114411000071], [121.12741783100012, 14.289096770000072], [121.12740790700002, 14.289089052000065], [121.12740129200006, 14.289068102000044], [121.12740790700002, 14.289043845000037], [121.12741893300006, 14.289018486000032], [121.12740018900001, 14.28900304900003], [121.12738254800001, 14.288998639000056], [121.12736711100001, 14.288995331000024], [121.12736049600005, 14.288987613000074], [121.12735277800004, 14.288971074000074], [121.127341752, 14.288957843000048], [121.12733242900003, 14.288940441000022], [121.12732012300012, 14.28892428000006], [121.12730921400009, 14.288905428000078], [121.12730426600001, 14.288887161000048], [121.12730440400003, 14.28886411600007], [121.12733844400009, 14.288834352000038], [121.12737041900004, 14.288818916000025], [121.12739577900004, 14.288805685000057], [121.12742775400011, 14.288796864000062], [121.12745972900007, 14.288795761000074], [121.127476268, 14.28878142800005], [121.12750052500007, 14.288760478000029], [121.12750934600001, 14.288735119000023], [121.12752698800011, 14.288732913000047], [121.12754352700006, 14.288736221000022], [121.12755014200002, 14.288753863000068], [121.127567784, 14.288763786000061], [121.12758432300006, 14.288770402000068], [121.12760747700008, 14.288773709000054], [121.1276383500001, 14.288786941000069], [121.12765709400003, 14.288794659000075], [121.12768024800005, 14.288804582000068], [121.12769899300008, 14.288812300000075], [121.12771883900007, 14.288827737000076], [121.12773537800001, 14.28884427500003], [121.12776404600004, 14.288872943000058], [121.1277728660001, 14.288894995000021], [121.12777361600001, 14.288924518000044], [121.12778291900008, 14.288952895000023], [121.1278016230001, 14.288979074000054], [121.12781366200011, 14.289000844000043], [121.12783350900008, 14.289016280000055], [121.12785666400009, 14.289017383000044], [121.1278820230001, 14.289017383000044], [121.12790958800008, 14.28900304900003], [121.1279305380001, 14.288992023000048], [121.1279558970001, 14.288961151000024], [121.12797464100004, 14.288943509000035], [121.12799779600005, 14.288931381000054], [121.12800882200008, 14.28890050800004], [121.12801543700004, 14.288876251000033], [121.12802095000006, 14.288850891000038], [121.12803418100009, 14.288814505000062], [121.12804079700004, 14.288782530000049], [121.12804410500007, 14.288746145000061], [121.128052926, 14.288698733000047], [121.1280573360001, 14.288668963000077], [121.12805623300005, 14.288649116000045], [121.12804190000008, 14.288633680000032], [121.12803528400002, 14.288614936000045], [121.12804079700004, 14.288585166000075], [121.12804961800009, 14.288562011000067], [121.12804529400012, 14.288533503000053], [121.12803372100007, 14.28848375800004], [121.12802117500007, 14.288454030000025], [121.12801048400001, 14.288432553000064], [121.12797243600005, 14.288399930000026], [121.1279305380001, 14.288383391000025], [121.12790407500006, 14.288382288000037], [121.12787430500009, 14.288381186000038], [121.127844535, 14.28838008300005], [121.12778940500004, 14.288403237000068], [121.12775412200006, 14.288426392000076], [121.12772766000012, 14.288449546000038], [121.12769458200012, 14.28848262400004], [121.12768245400002, 14.288511292000067], [121.12765819700007, 14.288520113000061], [121.12762952900005, 14.288520113000061], [121.1276052720001, 14.288513497000054], [121.12758763000011, 14.288501368000027], [121.12757329700003, 14.288478214000065], [121.12755786000002, 14.288461675000065], [121.12754021900002, 14.288445136000064], [121.1275192700001, 14.288445136000064], [121.1275038330001, 14.288441828000032], [121.12749501200005, 14.288433008000027], [121.12748729400005, 14.288409853000076], [121.12748178100003, 14.288387801000056], [121.12748288400007, 14.288356928000042], [121.1274861920001, 14.288333774000023], [121.12749501200005, 14.28831172200006], [121.12750824400007, 14.28829408100006], [121.12752588500007, 14.28827313100004], [121.12754021900002, 14.288259900000071], [121.12756888600006, 14.288240053000038], [121.127585425, 14.288235643000064], [121.12761629800002, 14.288230130000045], [121.12764276000007, 14.288222412000039], [121.12766040200006, 14.288230130000045], [121.12768135100009, 14.288232335000032], [121.12771332600005, 14.288224617000026], [121.12773648100006, 14.288213591000044], [121.12775853300002, 14.288205873000038], [121.12778279000008, 14.28820918100007], [121.12781256000005, 14.288216899000076], [121.12783461200002, 14.288231233000033], [121.12784122700009, 14.28824336100007], [121.12785666400009, 14.288241156000026], [121.1278721000001, 14.288237848000051], [121.1278974600001, 14.288232335000032], [121.1279404610001, 14.288224617000026], [121.1279581020001, 14.288229027000057], [121.12798015400006, 14.288234540000076], [121.12800220600002, 14.288244464000059], [121.128019848, 14.288244464000059], [121.12804961800009, 14.288232335000032], [121.12807718300007, 14.288219104000063], [121.12809482400007, 14.288203668000051], [121.12811246600006, 14.288176103000069], [121.12812238900005, 14.288141922000023], [121.12812900500012, 14.288119871000049], [121.12811797900008, 14.288109947000066], [121.12812018400007, 14.288092306000067], [121.12813892800011, 14.288065843000027], [121.1281488510001, 14.288050407000071], [121.12814223600003, 14.288031663000027], [121.12813562000008, 14.288009611000064], [121.12812459400004, 14.288001893000057], [121.1281080550001, 14.28798314900007], [121.12808820900011, 14.287975431000064], [121.128070567, 14.287945660000048], [121.12805513100011, 14.287935737000055], [121.12804300200003, 14.287916993000067], [121.12803969400011, 14.287901557000055], [121.128019848, 14.287896044000036], [121.12800771900004, 14.287886120000053], [121.12799779600005, 14.287868479000053], [121.12798787200006, 14.287843119000058], [121.12797905200011, 14.287821067000039], [121.12796141000001, 14.287797913000077], [121.12794707600005, 14.287776963000056], [121.12792833200001, 14.287754912000025], [121.12790958800008, 14.287737270000036], [121.12787320300004, 14.287697577000074], [121.12784784300004, 14.287682140000072], [121.12782799600006, 14.28766670400006], [121.12780484200005, 14.287653473000034], [121.12775743000009, 14.287604959000078], [121.12773758300011, 14.287578496000037], [121.12771112100006, 14.28758180400007], [121.12768465900001, 14.28759393300004], [121.12766701700002, 14.287596138000026], [121.12764937600002, 14.28761488200007], [121.12762401600003, 14.287631421000071], [121.1276052720001, 14.287636934000034], [121.127585425, 14.287640242000066], [121.12757439900008, 14.287656781000067], [121.12757439900008, 14.28768434500006], [121.12759314300001, 14.287698679000073], [121.12759314300001, 14.287716321000062], [121.12759314300001, 14.287738373000025], [121.12759424600006, 14.287761527000043], [121.12758211700009, 14.287783579000063], [121.12756006600011, 14.28780232300005], [121.1275369110001, 14.287813349000032], [121.12751044900006, 14.287817759000063], [121.12748508900006, 14.287825478000059], [121.12746855000012, 14.287829888000033], [121.12740904300006, 14.287827315000072], [121.12739175400009, 14.287828201000025], [121.12737468600005, 14.287825098000042], [121.12736316000007, 14.287819778000028], [121.12735122600009, 14.287812092000024], [121.12734498400005, 14.287804706000031], [121.12734113300007, 14.287796025000034], [121.127339688, 14.287786310000058], [121.12734021400001, 14.287777381000069], [121.12734210200006, 14.287767467000037], [121.12734764400011, 14.287755054000058], [121.12737041900004, 14.28773506500005], [121.12738475300011, 14.287722936000023], [121.12737813700005, 14.287706397000022], [121.12737483, 14.287688756000023], [121.12738585600005, 14.287664499000073], [121.12741011300011, 14.28765016500006], [121.12743547200012, 14.287635831000046], [121.12745531900009, 14.287619292000045], [121.12748398700012, 14.287588420000077], [121.12748729400005, 14.287549829000056], [121.12748288400007, 14.287526674000048], [121.12746744800006, 14.287509033000049], [121.12744649800004, 14.28748587800004], [121.12742885700004, 14.287470442000028], [121.1274123180001, 14.287459416000047], [121.12739026600002, 14.287445082000033], [121.12737372700008, 14.287428543000033], [121.12736490600003, 14.287413107000077], [121.12734726500003, 14.287403184000027], [121.12732521300006, 14.287395466000078], [121.12731198200004, 14.287380029000076], [121.1272954430001, 14.287361285000031], [121.12727669900005, 14.287356875000057], [121.12725354400004, 14.287359080000044], [121.12723590300004, 14.287382234000063], [121.12723921000008, 14.28740649100007], [121.12724251800012, 14.287434056000052], [121.12724582600003, 14.287455006000073], [121.12724803100002, 14.28747485200006], [121.12725354400004, 14.287498007000067], [121.12725354400004, 14.287517854000043], [121.12724362100005, 14.287536598000031], [121.12723921000008, 14.28755975200005], [121.12723590300004, 14.287585112000045], [121.127232595, 14.28759834300007], [121.1272270820001, 14.287619292000045], [121.12721385100008, 14.287630318000026], [121.12718849100008, 14.287645755000028], [121.12716864400011, 14.287651268000047], [121.12713997700007, 14.287649062000071], [121.12711241200009, 14.28765016500006], [121.12708153900007, 14.287640242000066], [121.12706169300009, 14.287622600000077], [121.12704846100007, 14.287599446000058], [121.12702751200004, 14.28758180400007], [121.12700546000008, 14.28755865000005], [121.12698120300001, 14.287534393000044], [121.12695584300002, 14.287509033000049], [121.12693930500006, 14.287483673000054], [121.12691615000006, 14.287470442000028], [121.12688197000011, 14.287434056000052], [121.12685550700007, 14.287417517000051], [121.12682684000004, 14.287405389000071], [121.12679155700005, 14.287389953000059], [121.12676068400003, 14.287378927000077], [121.12673863200007, 14.287387747000025], [121.12672209300001, 14.287397671000065], [121.12669783600006, 14.287404286000026], [121.12667137400001, 14.287404286000026], [121.12665152700004, 14.287395466000078], [121.12662727000009, 14.287395466000078], [121.12659750000012, 14.287413107000077], [121.12657544800004, 14.287407594000058], [121.12655008800004, 14.28740097900004], [121.12653685700002, 14.287382234000063], [121.12652913900001, 14.287365695000062], [121.12650708700005, 14.28735467000007], [121.12645485700011, 14.287772373000053], [121.12583937700003, 14.287772373000053], [121.12473513500004, 14.287247406000063], [121.12335231800012, 14.286666120000064], [121.1227324890001, 14.28813926600003], [121.12251264000008, 14.288148825000064], [121.12222588100008, 14.287881183000025], [121.1223493980001, 14.287359323000032], [121.1225438780001, 14.28680580200006], [121.12254013800009, 14.28666368200004], [121.122472818, 14.286319602000049], [121.12207998800011, 14.286359599000036], [121.12183210900002, 14.28636541700007], [121.12142444900007, 14.286286877000066], [121.12094672, 14.28652130100005], [121.12035112700005, 14.286674804000029], [121.12016630800008, 14.286722438000027], [121.1199651710001, 14.286995984000043], [121.1198869530001, 14.287036819000036], [121.11887098600005, 14.287567213000045], [121.1184284840001, 14.287470668000026], [121.11815493800009, 14.287905124000076], [121.11796184600007, 14.288194761000057], [121.11795910900003, 14.28819377900004], [121.11722166200002, 14.287929260000055], [121.11609271500004, 14.287936497000032], [121.1159665670001, 14.28793730600006], [121.11580062500002, 14.287933675000033], [121.11370492600008, 14.287887817000069], [121.11228978300005, 14.287856851000072], [121.1112852120001, 14.287801480000041], [121.11126800700004, 14.287800532000063], [121.11117146100003, 14.287293667000029], [121.10990832000005, 14.286875302000055], [121.10946583300006, 14.286711351000065], [121.10915066300004, 14.286596116000055], [121.10866317200009, 14.285778852000021], [121.10832097700006, 14.285697010000035], [121.10804652400009, 14.285631370000033], [121.10778092700002, 14.285528753000051], [121.10618326300005, 14.285338615000057], [121.1059077860001, 14.285662301000059], [121.10586144400008, 14.285716753000031], [121.10570987000006, 14.285697222000067], [121.10298920700006, 14.285346661000062], [121.1014555380001, 14.284912205000069], [121.10124621800003, 14.285174948000076], [121.10058018900008, 14.285901072000058], [121.10015462700005, 14.28604292600005], [121.09822717200007, 14.286685411000065], [121.09807030400009, 14.288201800000024], [121.09800058500002, 14.289282444000037], [121.09819231300003, 14.289962205000052], [121.09880586400004, 14.290046833000076], [121.09920323800009, 14.290101643000071], [121.10068476800006, 14.289962205000052], [121.10132966900005, 14.289805337000075], [121.10145167700011, 14.289352163000046], [121.1021488670001, 14.289334734000022], [121.10268400500001, 14.28943947700003], [121.10310038500006, 14.28970540000006], [121.10392013100011, 14.290210381000065], [121.10412908900003, 14.290342217000045], [121.10453674400003, 14.291077709000035], [121.1054844040001, 14.292931502000044], [121.10671976900005, 14.293617862000076], [121.10679861800008, 14.293664497000066], [121.10800526500009, 14.29438936300005], [121.11008733200003, 14.295194329000026], [121.110794026, 14.295522297000048], [121.11152000100003, 14.295756674000074], [121.11130126100011, 14.296673699000053], [121.11122911000007, 14.296976179000069], [121.11124189800012, 14.297188434000077], [121.11131524200005, 14.298418036000044], [121.11193550200005, 14.298430784000061], [121.11195172400005, 14.298431117000064], [121.11230553900009, 14.298442859000033], [121.11278485100001, 14.29845436000005], [121.11283811200008, 14.298455638000064], [121.11287260600011, 14.298283169000058]]]]}}, {"type": "Feature", "properties": {"psgc_code": 403428005, "name": "Dita", "corr_code": 43428005.0, "geo_level": "Bgy", "city_class": null, "inc_class": null, "urb_rur": null, "pop_2015": "U", "pop_2020": null, "status": null, "adm4_pcode": "PH0403428005", "adm4_en": "Dita", "adm3_pcode": "PH0403428", "adm2_pcode": "PH04034", "adm1_pcode": "PH04", "adm0_pcode": "PH", "shape_len": 0.120835952135, "shape_area": 0.000288799737294, "shape_sqkm": 3.44782362396}, "geometry": {"type": "MultiPolygon", "coordinates": [[[[121.11815493800009, 14.287905124000076], [121.1184284840001, 14.287470668000026], [121.11887098600005, 14.287567213000045], [121.1198869530001, 14.287036819000036], [121.1199651710001, 14.286995984000043], [121.12016630800008, 14.286722438000027], [121.12035112700005, 14.286674804000029], [121.12094672, 14.28652130100005], [121.12142444900007, 14.286286877000066], [121.12183210900002, 14.28636541700007], [121.12207998800011, 14.286359599000036], [121.122472818, 14.286319602000049], [121.12254013800009, 14.28666368200004], [121.1225438780001, 14.28680580200006], [121.1223493980001, 14.287359323000032], [121.12222588100008, 14.287881183000025], [121.12251264000008, 14.288148825000064], [121.1227324890001, 14.28813926600003], [121.12335231800012, 14.286666120000064], [121.12473513500004, 14.287247406000063], [121.12583937700003, 14.287772373000053], [121.12645485700011, 14.287772373000053], [121.12650708700005, 14.28735467000007], [121.12648172800004, 14.287342541000044], [121.12646188100007, 14.287323797000056], [121.12644754700011, 14.287309463000042], [121.12642218700012, 14.287258744000042], [121.12641336700005, 14.287235589000034], [121.12640564800006, 14.287210230000028], [121.12640013600003, 14.28719148500005], [121.12639793000005, 14.287167228000044], [121.1263990330001, 14.287148484000056], [121.12640785400004, 14.287130843000057], [121.12641888000007, 14.287113201000068], [121.12643652100007, 14.28710217500003], [121.12645195700009, 14.28708453400003], [121.12646849600003, 14.287070200000073], [121.12648944600005, 14.287048148000054], [121.1265081900001, 14.287040430000047], [121.1265258310001, 14.287036020000073], [121.12654237000004, 14.28703381400004], [121.12656883300008, 14.287039327000059], [121.12658537100003, 14.287043738000023], [121.12660080800003, 14.287030507000054], [121.12660852600004, 14.28701617300004], [121.12660852600004, 14.286996326000065], [121.12662029100011, 14.286972796000043], [121.12662616800003, 14.286961043000076], [121.12663057800012, 14.286929068000063], [121.1266327830001, 14.286904811000056], [121.12664050100011, 14.286879451000061], [121.12665483500007, 14.286855194000054], [121.12664932200005, 14.286827629000072], [121.12662616800003, 14.286804475000054], [121.126605218, 14.286804475000054], [121.12657655100008, 14.28680668000004], [121.12655339600008, 14.286801167000021], [121.12652693400003, 14.286798962000034], [121.12649716400006, 14.286798962000034], [121.12648724100006, 14.286776910000071], [121.12645967600008, 14.286757063000039], [121.12642770000002, 14.286753755000063], [121.12640013600003, 14.286762576000058], [121.12639352000008, 14.28675596000005], [121.12637146800012, 14.286744934000069], [121.12634280100008, 14.286729498000057], [121.12632074900012, 14.286725088000026], [121.12628105500005, 14.28673390800003], [121.12625459300011, 14.286737216000063], [121.1262314380001, 14.28674383200007], [121.12620166800002, 14.286742729000025], [121.12617851400012, 14.286751550000076], [121.12616418000005, 14.286752653000065], [121.12614102600003, 14.286764781000045], [121.12614323100001, 14.286785730000076], [121.12615205200007, 14.286803372000065], [121.12616197500006, 14.286815500000046], [121.1261730010001, 14.286832039000046], [121.12617189800005, 14.286850784000023], [121.12616087200001, 14.286864015000049], [121.12615205200007, 14.286877246000074], [121.12614102600003, 14.286884964000024], [121.12607266500004, 14.286851886000022], [121.12605171500002, 14.286845271000061], [121.12603958700004, 14.286841963000029], [121.1260208430001, 14.286836450000067], [121.12600099600002, 14.28682983400006], [121.12598886800004, 14.286826526000027], [121.12596571300003, 14.286805577000052], [121.12594917400008, 14.28677360200004], [121.12594586600005, 14.286747140000045], [121.12594586600005, 14.286726190000024], [121.12595358400006, 14.286693112000023], [121.12595799500002, 14.286656727000036], [121.12596571300003, 14.286634675000073], [121.1259800470001, 14.286604905000047], [121.12600320100012, 14.286582853000027], [121.12601863800012, 14.286561904000052], [121.12604620200011, 14.286550878000071], [121.1260561260001, 14.28651228700005], [121.126069357, 14.286483619000023], [121.12608479300002, 14.286450542000068], [121.12610023000002, 14.286425182000073], [121.12611346100005, 14.286407540000027], [121.12613771800011, 14.286386591000053], [121.12614212800008, 14.286360129000059], [121.12616638500003, 14.286340282000026], [121.12617741100007, 14.286316025000076], [121.12616969300007, 14.286293973000056], [121.12615977000007, 14.286263100000042], [121.12614323100001, 14.28624766400003], [121.12612448700008, 14.286239946000023], [121.12610023000002, 14.286238843000035], [121.12607266500004, 14.286223407000023], [121.12604620200011, 14.28619584200004], [121.12602856100011, 14.286191432000066], [121.12600320100012, 14.286191432000066], [121.12597784200011, 14.286191432000066], [121.1259602, 14.286178201000041], [121.125876403, 14.286150636000059], [121.12585324800011, 14.28614953300007], [121.12583560700011, 14.28614512300004], [121.1258047340001, 14.286138507000032], [121.125784887, 14.286134097000058], [121.12576945100011, 14.28611535300007], [121.12572586600004, 14.286038990000065], [121.12570211000002, 14.286005842000066], [121.12569366100001, 14.285988449000058], [121.12569036600007, 14.28597377400007], [121.12569327000006, 14.285951700000055], [121.12570204600001, 14.285933343000067], [121.12570984400008, 14.28592020900004], [121.12579883900003, 14.28583156600007], [121.12580947800006, 14.285801928000069], [121.12581403800004, 14.285774570000058], [121.12581396000007, 14.285748687000023], [121.125805678, 14.285710735000066], [121.12578743900008, 14.285670458000027], [121.12576160100002, 14.285625621000065], [121.12572208400002, 14.285580784000047], [121.12568335200001, 14.285551331000022], [121.12551557200004, 14.285469392000039], [121.12530018900009, 14.285384331000046], [121.12526048900008, 14.28536409000003], [121.125242866, 14.28534677600004], [121.1252337090001, 14.28533107800007], [121.1252274630001, 14.285303394000039], [121.1252256780001, 14.285260550000032], [121.12523638900007, 14.285200746000044], [121.1252889320001, 14.284932941000022], [121.12529180500007, 14.284897518000037], [121.12528606, 14.284846776000052], [121.12526021100007, 14.28479220500003], [121.12507598400009, 14.28452684900003], [121.12504349800008, 14.284470961000068], [121.12502496200011, 14.284422767000024], [121.12499940100008, 14.284342355000035], [121.12497503400004, 14.28419615200005], [121.1248914900001, 14.283809759000064], [121.12486364200004, 14.283733176000055], [121.12478378000003, 14.283613670000022], [121.1247306140001, 14.283528101000059], [121.12441807100004, 14.282873364000068], [121.12423011600004, 14.282447340000033], [121.12422206500003, 14.282411474000071], [121.12421986900006, 14.282369753000069], [121.12422792000007, 14.282318516000032], [121.12432286100011, 14.282055528000058], [121.1243345260001, 14.282003109000073], [121.1243369120001, 14.281939105000049], [121.12432687600005, 14.28187788200006], [121.12417560400002, 14.281535874000042], [121.12414794900008, 14.281490620000056], [121.12411174100009, 14.281449627000029], [121.1240733630001, 14.281423576000066], [121.12404067900002, 14.281411843000058], [121.12399542500009, 14.281409329000041], [121.12394346600001, 14.281418548000033], [121.12390659200003, 14.28144368900007], [121.12388731700003, 14.281470507000051], [121.12373814500006, 14.281725272000074], [121.1237062990001, 14.281767174000038], [121.12367334500004, 14.28179489200005], [121.1236364670001, 14.281811912000023], [121.12360207100005, 14.281820068000059], [121.1235512610001, 14.281820809000067], [121.12347819500008, 14.28180817200007], [121.12310572600006, 14.281703741000058], [121.12302263700008, 14.281685799000059], [121.12284050400001, 14.281664300000045], [121.12277822100009, 14.281666665000046], [121.1227222440001, 14.281680856000037], [121.12253539300002, 14.281796751000059], [121.12247232100003, 14.28182513400003], [121.12239584600002, 14.281848786000069], [121.12231276800003, 14.281861844000048], [121.12225866400001, 14.28186061200006], [121.12221845500005, 14.281849574000034], [121.12217430500004, 14.281823557000052], [121.121902696, 14.281561304000036], [121.12187123000001, 14.281509608000022], [121.12184687600006, 14.281445648000044], [121.12183376900009, 14.281368757000052], [121.12182320800002, 14.281245327000022], [121.1217885210001, 14.28112502700003], [121.12178187900008, 14.281076317000043], [121.1217907350001, 14.281009156000039], [121.1218268990001, 14.280775937000044], [121.12183944500009, 14.280741987000056], [121.12186453800007, 14.280713942000034], [121.1218992260001, 14.280702871000074], [121.12193612800002, 14.280702133000034], [121.12196712500008, 14.280705823000062], [121.1219951710001, 14.280719846000068], [121.12201731200003, 14.28074715300005], [121.12203309300003, 14.28078662300004], [121.12207548800006, 14.28096316500006], [121.12209257300003, 14.28100429500006], [121.12212611000007, 14.281042261000039], [121.12216368300005, 14.281069829000046], [121.12220406000006, 14.281082253000022], [121.12237834500002, 14.281097440000053], [121.12243841700001, 14.281096105000074], [121.12250516300003, 14.281086093000056], [121.1225605620001, 14.281066069000076], [121.12260127700006, 14.281036034000067], [121.12263732000008, 14.280998656000065], [121.1226653540001, 14.280955938000034], [121.12268020400006, 14.280907322000076], [121.12271964600006, 14.280669162000038], [121.12273094400007, 14.280590879000044], [121.12278779400003, 14.280392884000037], [121.12279171500006, 14.280346816000076], [121.12278289300002, 14.280302708000022], [121.12276525000004, 14.280260561000034], [121.12273961900007, 14.280233456000076], [121.12270411700001, 14.28020637700007], [121.12231796900005, 14.280000551000057], [121.12224013000002, 14.279967191000026], [121.12219194400006, 14.279974605000064], [121.12213263900003, 14.279989431000047], [121.1220510930001, 14.280011671000068], [121.12199178800006, 14.280033910000043], [121.12192136200008, 14.280063563000056], [121.12182869700007, 14.280074683000066], [121.12176939100004, 14.280078389000039], [121.12169155300012, 14.280070976000047], [121.12157294100007, 14.280059856000037], [121.12150622200011, 14.280067270000075], [121.12142097000003, 14.280026497000051], [121.12127641300003, 14.280026497000051], [121.12120228100002, 14.280026497000051], [121.12112814800003, 14.280000551000057], [121.120979884, 14.27993753800007], [121.12090575200011, 14.279907886000046], [121.1208316200001, 14.279889353000044], [121.12074636800003, 14.27986340600006], [121.12067964900007, 14.279848580000078], [121.12063887600004, 14.279844873000059], [121.12060551700006, 14.27984116700003], [121.12056474400003, 14.279822634000027], [121.1205364010001, 14.27978543100005], [121.12052275400004, 14.27977247800004], [121.12052501800008, 14.279747391000058], [121.12053850300003, 14.27969345200006], [121.12054861600006, 14.279659741000046], [121.12057390000007, 14.279620973000021], [121.1206008690001, 14.279587261000074], [121.12061603900008, 14.279540065000049], [121.12063289500009, 14.279504668000072], [121.12065143600012, 14.279455787000074], [121.12068177600008, 14.27942207600006], [121.12070368900004, 14.279390050000075], [121.12072728700002, 14.279358024000032], [121.12076436900009, 14.27933274000003], [121.12080482300007, 14.279322627000056], [121.12082842100006, 14.279312513000036], [121.12086213200007, 14.279297343000053], [121.12089415800006, 14.279292287000033], [121.12092786900007, 14.27928048800004], [121.1209632660001, 14.279270374000077], [121.12099697800011, 14.279248462000055], [121.121039117, 14.279231606000053], [121.12106103000008, 14.27920632200005], [121.12108631300009, 14.279181039000036], [121.12109979800005, 14.279147327000032], [121.12109979800005, 14.279111931000045], [121.12109305500007, 14.279071477000059], [121.12108968400003, 14.279049564000047], [121.12107431200002, 14.279013918000032], [121.12106354700006, 14.278975165000077], [121.12097304400004, 14.27882022600005], [121.12097338, 14.278791672000068], [121.1209885500001, 14.278756275000035], [121.12100709100002, 14.27872930600006], [121.12106440100001, 14.278687167000044], [121.12109979800005, 14.278670311000042], [121.12113856600001, 14.278643342000066], [121.1211773340001, 14.278609630000062], [121.12121273100001, 14.278589404000058], [121.12124644200003, 14.278572548000056], [121.12129026700006, 14.278543893000062], [121.12137623100011, 14.27853209400007], [121.12141837000001, 14.278525352000031], [121.12145713900009, 14.27852366600007], [121.12147905100005, 14.27852703800005], [121.12151444800008, 14.278537151000023], [121.12153973200009, 14.278548950000072], [121.12155827300012, 14.278591089000031], [121.12157007200005, 14.278619744000025], [121.12158018500008, 14.278639971000075], [121.12158524200004, 14.278660198000068], [121.12158524200004, 14.278683796000053], [121.12158861300009, 14.278707394000037], [121.12159535500007, 14.278747847000034], [121.1215902990001, 14.278778188000047], [121.12158355600002, 14.27880852800007], [121.12158355600002, 14.278832126000054], [121.12159535500007, 14.278862466000078], [121.12161810900011, 14.278886231000058], [121.12165120200007, 14.278914304000068], [121.121723459, 14.278963600000054], [121.12175379900009, 14.278975399000046], [121.1217875100001, 14.278977085000065], [121.12181785100006, 14.278963600000054], [121.1218532480001, 14.278951801000062], [121.12187178900001, 14.278909662000046], [121.12188358800006, 14.278884378000043], [121.12187684600008, 14.278835497000046], [121.12185999000008, 14.278784930000029], [121.12184819100003, 14.27873436300007], [121.12183639200009, 14.278690538000035], [121.1218127940001, 14.278645027000039], [121.1217959380001, 14.278602888000023], [121.12177234, 14.278564120000055], [121.1217470570001, 14.278525352000031], [121.12170491800009, 14.278491641000073], [121.12168300500002, 14.278473099000053], [121.1216644640001, 14.27845118700003], [121.12162139400004, 14.278400592000025], [121.12158908300012, 14.278361447000066], [121.12156424200009, 14.278323908000061], [121.12146638800004, 14.278157419000024], [121.12145242200006, 14.278128501000026], [121.12145376700005, 14.278085418000046], [121.12145713900009, 14.278060134000043], [121.12148073700007, 14.278046650000022], [121.1215161340001, 14.278029794000076], [121.12156838600004, 14.278016310000055], [121.12160378300007, 14.278016310000055], [121.12163580900005, 14.278024737000067], [121.12168536700005, 14.278050852000035], [121.12171879400012, 14.278061093000076], [121.12173932900009, 14.278062213000055], [121.12175239700002, 14.278055866000045], [121.12176322500011, 14.278038691000063], [121.12176994600009, 14.27801628900005], [121.12177544000008, 14.277976310000042], [121.12179088200003, 14.277921918000061], [121.12179425300008, 14.277876407000065], [121.1218043660001, 14.277825840000048], [121.12181110800009, 14.27777190200004], [121.12182796400009, 14.277733134000073], [121.12185661900003, 14.277699422000069], [121.12187516000006, 14.277648855000052], [121.12189370100009, 14.277608402000055], [121.12192572700008, 14.27755783400005], [121.12194258300008, 14.277502211000069], [121.12196786700008, 14.277460071000064], [121.12199483600011, 14.277411190000066], [121.12200832000008, 14.277380849000053], [121.1219977720001, 14.277353782000034], [121.12196281000001, 14.277320169000063], [121.1219442690001, 14.277301628000032], [121.12190887200006, 14.277281401000039], [121.1218532480001, 14.277262860000064], [121.12180605200001, 14.27723420500007], [121.12173525800006, 14.277208921000067], [121.121649294, 14.277183638000054], [121.12158861300009, 14.27716846800007], [121.12153298900012, 14.27716004000007], [121.12145713900009, 14.27716004000007], [121.12140320000003, 14.27716004000007], [121.12133746300003, 14.277173524000034], [121.1212767830001, 14.277217349000068], [121.12124138600007, 14.277251061000072], [121.12123127200005, 14.277296571000022], [121.12121104500011, 14.27735050900003], [121.12119081800006, 14.277390963000073], [121.12115205000009, 14.277451643000063], [121.12109979800005, 14.277476927000066], [121.12101383400011, 14.277508953000051], [121.12094472500007, 14.277530865000074], [121.12086718900002, 14.277542664000066], [121.1208149360001, 14.277527494000026], [121.1207744830001, 14.27750052500005], [121.12075147900009, 14.277470613000048], [121.120728686, 14.277444563000074], [121.12071240500006, 14.277410372000077], [121.12069694600007, 14.27736399400004], [121.12070031700011, 14.277326911000046], [121.12069694600007, 14.27729488500006], [121.12072054400005, 14.277269602000047], [121.120750885, 14.277251061000072], [121.12078965300009, 14.277210607000029], [121.12085033300002, 14.277171839000061], [121.1209059570001, 14.277124643000036], [121.12095821000003, 14.277065648000075], [121.12098180800001, 14.277016766000031], [121.12098517900006, 14.276984740000046], [121.12099360700006, 14.276951029000031], [121.12100540600011, 14.276917318000073], [121.12099360700006, 14.276890348000052], [121.12095989500006, 14.276871807000077], [121.12093798300009, 14.27686843600003], [121.1209228130001, 14.276824611000052], [121.12091101400006, 14.276797642000076], [121.12088573000005, 14.276765616000034], [121.12086381800009, 14.27675213200007], [121.12082842100006, 14.27674707500006], [121.12079470900005, 14.276743704000069], [121.120750885, 14.276740333000077], [121.12070706000009, 14.27674201800005], [121.12067671900002, 14.27674201800005], [121.12064300800012, 14.27675213200007], [121.12061941000002, 14.276772358000073], [121.12059075500008, 14.276785843000027], [121.12057052800003, 14.27682629700007], [121.12056041500011, 14.276865065000038], [121.12054355900011, 14.276900462000071], [121.12053681700002, 14.276939230000039], [121.12052333200006, 14.276962828000023], [121.12052750100008, 14.277004262000048], [121.12052668800004, 14.277021625000032], [121.1205223180001, 14.277040468000052], [121.12051357900009, 14.27706340800006], [121.12049855900011, 14.277084710000054], [121.12047553600007, 14.277099531000033], [121.1204573220001, 14.27710382600003], [121.12043765900012, 14.277103280000063], [121.12041089500008, 14.277093449000063], [121.12039018900009, 14.277078692000032], [121.12036954500002, 14.277052103000074], [121.1203551100001, 14.277024058000052], [121.12034049400006, 14.27697309000007], [121.12031748900006, 14.276827131000061], [121.12030819000006, 14.276791177000064], [121.12029517300004, 14.276760183000022], [121.12027347700007, 14.276732908000042], [121.1201414410001, 14.276631247000068], [121.12011036800004, 14.276625714000033], [121.12008677000006, 14.276622343000042], [121.12004968700012, 14.276630771000043], [121.119992378, 14.276634142000034], [121.11994349600002, 14.276649312000075], [121.1198996710001, 14.276650997000047], [121.11986090300002, 14.276657740000076], [121.11981539300007, 14.276645941000027], [121.1197681970001, 14.276637513000026], [121.11971763000008, 14.27661560000007], [121.11967886200011, 14.276607173000059], [121.11966369100003, 14.27659705900004], [121.11962998000001, 14.27660043000003], [121.119456366, 14.276586946000066], [121.11939905700001, 14.276570090000064], [121.11935186100004, 14.276553234000062], [121.11930129400002, 14.27652626500003], [121.119250727, 14.276482440000052], [121.11920858700012, 14.276448729000037], [121.1191833040001, 14.276401533000069], [121.11917059600012, 14.276306318000024], [121.11917265900001, 14.276264935000029], [121.11919678800007, 14.276224548000073], [121.11921701500012, 14.276180723000039], [121.119233871, 14.276138584000023], [121.11931455800004, 14.275883906000047], [121.11932416000002, 14.275864702000035], [121.11932875200011, 14.275840071000061], [121.1193263460001, 14.275810370000045], [121.11931531100004, 14.275777815000026], [121.11929434300009, 14.275751330000048], [121.11926371900006, 14.275729397000077], [121.11922080800002, 14.275707465000039], [121.1189349980001, 14.275605550000023], [121.11889312500011, 14.27559715700005], [121.11862601500002, 14.27559332100003], [121.11859886600007, 14.27559055100005], [121.11853237600008, 14.275577253000051], [121.1184891580001, 14.275577807000047], [121.11846090000006, 14.275581685000077], [121.11833734100003, 14.27561548400007], [121.11830963700004, 14.275618254000051], [121.11827805500002, 14.27561160600004], [121.1182129230001, 14.275584734000063], [121.1181813930001, 14.275548300000025], [121.11816610200003, 14.27551432000007], [121.11815016000003, 14.275474367000072], [121.118058216, 14.275302796000062], [121.11800005200007, 14.275266027000043], [121.11793171700003, 14.275268605000065], [121.11760293800012, 14.275198981000074], [121.11742501000003, 14.275139672000023], [121.11716972300007, 14.274881806000053], [121.11709880900003, 14.274870202000045], [121.11698148000005, 14.274901146000047], [121.11686673000008, 14.274906303000023], [121.11674037500006, 14.274968191000028], [121.11659081300002, 14.27505715500007], [121.11648766600001, 14.27508423100005], [121.11636646900001, 14.27508165200004], [121.11629555600007, 14.275012028000049], [121.11626203300011, 14.274963034000052], [121.11625491400002, 14.274903910000035], [121.11625093600003, 14.274871732000065], [121.11625117500012, 14.274852752000072], [121.11625811800002, 14.274719633000075], [121.11625331100004, 14.27461227200007], [121.11624049200009, 14.274567405000028], [121.11622286600004, 14.274532152000063], [121.11620631800008, 14.274515800000074], [121.11613642400005, 14.274468856000055], [121.11611034400005, 14.274442776000058], [121.11607508000009, 14.274411200000031], [121.11602092800001, 14.274415068000053], [121.1158546050001, 14.274528529000065], [121.1157527470001, 14.274569788000065], [121.11569730600002, 14.274608468000054], [121.11569108800006, 14.27460955600003], [121.11564573300006, 14.27461749300005], [121.11562919900007, 14.274644211000066], [121.11556423800005, 14.274754041000051], [121.11542377, 14.27488091600003], [121.11520081800006, 14.275033798000038], [121.11520077000011, 14.27503383000004], [121.11512470700006, 14.275084822000053], [121.11474861400006, 14.275071229000048], [121.11461720800003, 14.27502138500006], [121.11451752000005, 14.27497154100007], [121.11438611400001, 14.274853729000029], [121.11425465900004, 14.274727662000032], [121.11416253200002, 14.274683792000076], [121.11413067800004, 14.274678516000051], [121.11409672700006, 14.274679405000029], [121.11395195600005, 14.274707921000072], [121.11389931200006, 14.274712308000062], [121.1138335070001, 14.274703534000025], [121.11379384000008, 14.274690744000054], [121.11376438000002, 14.274674625000046], [121.11361041300006, 14.274577909000072], [121.1135770630001, 14.274560122000025], [121.1134036410001, 14.274490642000046], [121.11335695100001, 14.27446896500004], [121.11331971000004, 14.27444506300003], [121.11327135200008, 14.274406155000065], [121.11322590700001, 14.274356961000024], [121.11319075500012, 14.274312774000066], [121.1131585170001, 14.27426274800007], [121.11314906700011, 14.274239403000024], [121.11314462100006, 14.274211611000055], [121.11314795600003, 14.274176038000064], [121.113156849, 14.27414880200007], [121.11317074500005, 14.27412768000005], [121.11319131100004, 14.274113784000065], [121.11337473800006, 14.274037634000024], [121.11338974500006, 14.274022626000033], [121.11339752700007, 14.274004284000057], [121.1133980830001, 14.273985941000035], [121.1133941920001, 14.273970378000058], [121.11338164600011, 14.27395555000004], [121.11331915400001, 14.27388144300005], [121.11330303500006, 14.273866992000023], [121.11313128100005, 14.273767497000051], [121.1131057120001, 14.273759159000065], [121.11307680800007, 14.273755824000034], [121.11304623700005, 14.273760271000071], [121.11302178000005, 14.273766941000076], [121.11275831300009, 14.273929801000065], [121.11273052100012, 14.273937583000077], [121.11269605900009, 14.273940362000076], [121.11265937400003, 14.273937027000045], [121.11263047000011, 14.27393035700004], [121.11236366800006, 14.273841423000022], [121.11233309700003, 14.273827527000037], [121.11229919100003, 14.273808073000055], [121.1122230410001, 14.273749710000061], [121.11219524900002, 14.273733590000063], [121.11215865600002, 14.273723215000075], [121.11212530600005, 14.27372173200007], [121.1120934380001, 14.273726550000049], [121.11207342800003, 14.273736184000029], [121.11206018000007, 14.273759159000065], [121.11205239800006, 14.273786395000059], [121.11205156500012, 14.273810296000022], [121.11206872600008, 14.27392952300005], [121.11206622500004, 14.273960789000057], [121.11205496900004, 14.273998308000046], [121.11196683800006, 14.274139804000072], [121.1119492900001, 14.274174900000048], [121.11190176600007, 14.274335007000047], [121.11189006500001, 14.274356961000024], [121.11187508600005, 14.274377807000064], [121.111851741, 14.27438892400005], [121.11183006300007, 14.274391703000049], [121.11179560100004, 14.274385589000076], [121.11176503500008, 14.27437231500005], [121.11158041500005, 14.274272003000021], [121.11148579300004, 14.274249662000045], [121.11139380000009, 14.274257547000047], [121.1112385560001, 14.274284541000043], [121.11120324100011, 14.274290402000076], [121.1110350240001, 14.274295659000074], [121.11098114200001, 14.274339027000053], [121.11089571900004, 14.274449420000053], [121.11086286400007, 14.274478332000058], [121.11081818100001, 14.274509873000056], [121.110776127, 14.274520386000063], [121.1107248730001, 14.274517758000059], [121.11060659600003, 14.274478332000058], [121.11054088600008, 14.274434964000022], [121.11046597600011, 14.274394223000058], [121.11038055400002, 14.274314057000026], [121.1103240430001, 14.274295659000074], [121.11025833300005, 14.274332456000025], [121.11023073500007, 14.274382396000021], [121.11021535300006, 14.274502315000063], [121.11021423000011, 14.27453024700003], [121.11020923800004, 14.274556231000076], [121.11009695900009, 14.274831927000037], [121.11008084000002, 14.274853605000033], [121.11006083000007, 14.274865833000035], [121.11003025800005, 14.274867501000074], [121.10999488000004, 14.274859272000072], [121.10996856000008, 14.274843600000054], [121.10971072100006, 14.274716590000025], [121.10967320200007, 14.274706585000047], [121.109634432, 14.27469908200004], [121.10934678600006, 14.274706585000047], [121.10931426900004, 14.274716590000025], [121.10927549900009, 14.274732849000031], [121.10924673500006, 14.274767867000037], [121.10916544300005, 14.274904186000072], [121.1091379290001, 14.274926697000069], [121.10910291200003, 14.274934201000065], [121.1090116150001, 14.274947958000041], [121.10898660200007, 14.274947958000041], [121.10896033900008, 14.274939204000077], [121.108936577, 14.274925447000044], [121.10879150300002, 14.274792879000074], [121.1087627390001, 14.274774120000075], [121.10873647500011, 14.274767867000037], [121.10861141200007, 14.274770368000077], [121.10857889500005, 14.274765365000064], [121.10854888000006, 14.274756611000043], [121.1085176140001, 14.274740353000027], [121.10843757300006, 14.27467406900007], [121.10840505700003, 14.274634049000042], [121.10837504100004, 14.274577770000064], [121.10833252000009, 14.274527744000068], [121.10819995200006, 14.274431445000062], [121.10816368400003, 14.27442269100004], [121.10812491400009, 14.274423942000055], [121.10809239700006, 14.27444145100003], [121.10802111100008, 14.274564013000031], [121.10798859500005, 14.274586524000028], [121.1079535770001, 14.274597780000022], [121.10791981000011, 14.274602783000034], [121.10788604200002, 14.274595279000039], [121.10784477100003, 14.274579021000022], [121.10780975400007, 14.274580271000048], [121.10777723700005, 14.274591527000041], [121.10775597600002, 14.274620292000066], [121.10772095800007, 14.274686575000032], [121.10768844200004, 14.274709087000076], [121.10765967700002, 14.274714089000042], [121.10761715600006, 14.274709087000076], [121.10759214300003, 14.27469908200004], [121.10757588500007, 14.274680322000052], [121.10756588000004, 14.274652808000042], [121.10755212300012, 14.274621542000034], [121.10753461400009, 14.274607785000057], [121.10750584900006, 14.27460403300006], [121.107478022, 14.274608410000042], [121.10685409100006, 14.274797337000052], [121.1068364460001, 14.274805386000025], [121.10675737100007, 14.274850895000043], [121.10673650700005, 14.274878196000031], [121.10674053500009, 14.274924848000069], [121.10691789400005, 14.275145144000021], [121.10693365100008, 14.27517285500005], [121.1069439040001, 14.275198035000074], [121.10694669800012, 14.27521439800006], [121.10694589900004, 14.275231159000043], [121.1069411100001, 14.275249518000066], [121.1069279400001, 14.275272266000059], [121.10690479300001, 14.275301399000057], [121.10688523800002, 14.275323748000062], [121.1068604940001, 14.275347295000074], [121.10682972500001, 14.275370476000035], [121.1067991000001, 14.275387453000064], [121.10676614400006, 14.27539577500005], [121.10672719700005, 14.275402433000068], [121.1066832570001, 14.27540709300007], [121.10665762500003, 14.275406428000053], [121.1066346560001, 14.275402433000068], [121.10660869100002, 14.275392447000058], [121.10646233400007, 14.275325434000024], [121.10643357000004, 14.27531510800003], [121.10639079300006, 14.27530994500006], [121.10614666600009, 14.275303307000058], [121.10609503800003, 14.275307733000034], [121.1060336380001, 14.275313633000053], [121.10597942900006, 14.275322483000025], [121.10591083700001, 14.275334653000073], [121.10586769100007, 14.275350141000047], [121.1055833690001, 14.275451922000059], [121.10542406000002, 14.275488430000053], [121.10531564200005, 14.27550281200007], [121.10524926300002, 14.275507237000056], [121.1051574390001, 14.275501706000057], [121.10500919300011, 14.275482899000053], [121.10497441600012, 14.275475330000063], [121.10491352000008, 14.27545649600006], [121.10473206600011, 14.27540661200004], [121.1046876910001, 14.27539858700004], [121.10465086900001, 14.275400947000037], [121.104612631, 14.275412749000054], [121.10441955200008, 14.275509997000029], [121.10438697900008, 14.275517078000064], [121.10433457800002, 14.27551896600005], [121.10390583000003, 14.275590840000064], [121.10383174300011, 14.275598009000078], [121.10348282000007, 14.275636248000069], [121.1033967840001, 14.27565297700005], [121.10308609900005, 14.275712724000073], [121.10300723300008, 14.275712724000073], [121.10274635500002, 14.275695032000044], [121.10241008300011, 14.275665979000053], [121.10231838800007, 14.275658057000044], [121.10228234400006, 14.275653307000027], [121.10226107300002, 14.27564669000003], [121.10224224900003, 14.275638238000056], [121.10222414000009, 14.27562566000006], [121.10220729100001, 14.27560789000006], [121.10219403700012, 14.27559117900006], [121.10218188500005, 14.275572964000048], [121.10206904300003, 14.275353548000055], [121.102052404, 14.275317775000076], [121.10203493300003, 14.27529448100006], [121.10200415100007, 14.275264531000062], [121.10186605000001, 14.275162202000047], [121.1018194610001, 14.275121437000053], [121.10175041000002, 14.275052386000027], [121.10162229200012, 14.274899310000023], [121.10156261200007, 14.27482550600007], [121.1015497730001, 14.27480771300003], [121.10153738600002, 14.274784514000032], [121.10152797, 14.274757256000044], [121.10150738000004, 14.274654304000023], [121.10149932200011, 14.274631132000025], [121.10148738500004, 14.27461108700004], [121.10147026700008, 14.274592618000042], [121.10144748000005, 14.274573814000064], [121.10142341900007, 14.274558608000063], [121.101391325, 14.274543864000066], [121.10136649600008, 14.272961], [121.10148119900009, 14.272487847000036], [121.10050732000002, 14.272390021000035], [121.09998748900011, 14.272336431000042], [121.09851323800001, 14.27218675000006], [121.09573520100002, 14.271498378000047], [121.0958068970001, 14.271271463000062], [121.09575890600001, 14.271259465000071], [121.09573105400011, 14.271247896000034], [121.09561692300008, 14.27119255100007], [121.09471084900008, 14.273000446000026], [121.09423333200004, 14.273941125000022], [121.09265751900011, 14.27704538300003], [121.09153890800008, 14.279232722000074], [121.09135628500007, 14.279589822000048], [121.0915855820001, 14.27969334200003], [121.09351649100006, 14.280218637000075], [121.09366522800008, 14.279316299000072], [121.09618373500007, 14.279435761000059], [121.09756474200003, 14.278940900000066], [121.09864145200004, 14.277812924000045], [121.09871683100005, 14.277494657000034], [121.09900159600011, 14.277570036000043], [121.09941199400009, 14.277595162000068], [121.09986426800003, 14.27772079400006], [121.10023278800008, 14.277779422000037], [121.10053430500011, 14.277879928000061], [121.10088607400007, 14.277930180000055], [121.10125459400001, 14.278005560000054], [121.10163148900006, 14.278106065000031], [121.10206701300001, 14.27818144400004], [121.10227635600006, 14.278184521000071], [121.10339949900003, 14.279896097000062], [121.10354910800004, 14.280632634000028], [121.10620754700005, 14.281760457000075], [121.10635715600006, 14.28281922900004], [121.10633413900007, 14.283141464000039], [121.10596587100008, 14.283601800000042], [121.10455814900001, 14.283313981000049], [121.10360558600007, 14.283396812000035], [121.10298920700006, 14.285346661000062], [121.10570987000006, 14.285697222000067], [121.10586144400008, 14.285716753000031], [121.1059077860001, 14.285662301000059], [121.10618326300005, 14.285338615000057], [121.10778092700002, 14.285528753000051], [121.10804652400009, 14.285631370000033], [121.10832097700006, 14.285697010000035], [121.10866317200009, 14.285778852000021], [121.10915066300004, 14.286596116000055], [121.10946583300006, 14.286711351000065], [121.10990832000005, 14.286875302000055], [121.11117146100003, 14.287293667000029], [121.11126800700004, 14.287800532000063], [121.1112852120001, 14.287801480000041], [121.11228978300005, 14.287856851000072], [121.11370492600008, 14.287887817000069], [121.11580062500002, 14.287933675000033], [121.1159665670001, 14.28793730600006], [121.11609271500004, 14.287936497000032], [121.11722166200002, 14.287929260000055], [121.11795910900003, 14.28819377900004], [121.11796184600007, 14.288194761000057], [121.11815493800009, 14.287905124000076]]]]}}, {"type": "Feature", "properties": {"psgc_code": 403428008, "name": "Labas", "corr_code": 43428008.00000001, "geo_level": "Bgy", "city_class": null, "inc_class": null, "urb_rur": null, "pop_2015": "U", "pop_2020": null, "status": null, "adm4_pcode": "PH0403428008", "adm4_en": "Labas", "adm3_pcode": "PH0403428", "adm2_pcode": "PH04034", "adm1_pcode": "PH04", "adm0_pcode": "PH", "shape_len": 0.060406868071, "shape_area": 0.000108469425944, "shape_sqkm": 1.29480630202}, "geometry": {"type": "MultiPolygon", "coordinates": [[[[121.10759082300001, 14.312467668000068], [121.10767008500011, 14.312184966000075], [121.10767069600001, 14.31218278600005], [121.10771534600008, 14.31198710700005], [121.10777596900004, 14.311722577000069], [121.10781408600008, 14.31155625100007], [121.107900491, 14.311357593000025], [121.10792716800006, 14.311296260000063], [121.10806924500002, 14.310958949000053], [121.1082316180001, 14.310611006000045], [121.10836341400011, 14.310422908000078], [121.10851577200003, 14.310477627000068], [121.10891010700004, 14.310605207000037], [121.1092464520001, 14.31037324500005], [121.10964871300007, 14.310110144000078], [121.11031927600004, 14.309671559000037], [121.11078899900008, 14.30976434400003], [121.11104995700009, 14.309903521000024], [121.11129351700004, 14.309891923000066], [121.11139416100002, 14.309885615000042], [121.11149068500004, 14.309880325000051], [121.11186762300008, 14.30983393300005], [121.11204739400011, 14.30983393300005], [121.11223876200006, 14.310002105000024], [121.11231986500002, 14.310029984000039], [121.11242433200005, 14.310065895000037], [121.11291145200005, 14.310181876000058], [121.11329418900004, 14.310239866000074], [121.11342696000008, 14.309861709000074], [121.11427047900008, 14.309963871000036], [121.11517886700005, 14.310057479000022], [121.11564822200012, 14.307673785000077], [121.11576951600011, 14.307236071000034], [121.11681319500008, 14.307696045000057], [121.1171667110001, 14.307829683000023], [121.11720611700002, 14.307852418000039], [121.11730463300012, 14.307923652000056], [121.11735010100006, 14.307946387000072], [121.11745570700009, 14.307997869000076], [121.11747135200005, 14.308005496000021], [121.1175168200001, 14.308020652000039], [121.11765625800001, 14.308044902000063], [121.11770627400006, 14.308055512000067], [121.1177502270001, 14.308070668000028], [121.11791846200003, 14.308181309000076], [121.11795180600006, 14.308204043000046], [121.11800333700012, 14.308231324000076], [121.11804274300005, 14.308247996000034], [121.118594432, 14.308411684000077], [121.11864747900006, 14.308434419000037], [121.11869446300011, 14.30845866900006], [121.11891119800009, 14.308610231000046], [121.11894757300001, 14.308639028000073], [121.11899455700006, 14.308670856000049], [121.1190339640001, 14.30869056000006], [121.11918855800002, 14.308767857000078], [121.11923099500007, 14.30878149700004], [121.11943863600004, 14.308849700000053], [121.11947349500008, 14.308863341000063], [121.1195098710001, 14.308881529000075], [121.11977055800003, 14.309017935000043], [121.11981148000007, 14.309040670000059], [121.1198463400001, 14.309051279000073], [121.11999032400001, 14.309083107000049], [121.12042076300008, 14.309275592000063], [121.12055670300003, 14.309349913000062], [121.12083376500004, 14.309491457000036], [121.12089347900007, 14.309482527000057], [121.1210161890001, 14.309313272000054], [121.12117698000009, 14.309110167000028], [121.12132507700005, 14.30890706300005], [121.12143932400011, 14.308687032000023], [121.12157026200009, 14.308470440000065], [121.12162835700008, 14.308224874000075], [121.12167896100004, 14.307978888000036], [121.12166040500006, 14.307737661000033], [121.1216035220001, 14.307487120000076], [121.12156767800002, 14.307225838000022], [121.12152082700004, 14.306970849000038], [121.12146758900008, 14.306672182000057], [121.12055836200011, 14.306564495000032], [121.12025155100002, 14.30653219900006], [121.11950067100008, 14.30659679100006], [121.11842683200007, 14.306645235000076], [121.1180031130001, 14.306621251000024], [121.11799891100009, 14.30662101300004], [121.11781321, 14.305571396000062], [121.11737852600004, 14.305504218000067], [121.11692507300006, 14.305434139000056], [121.11638411600006, 14.305329177000033], [121.11622504700006, 14.305308051000054], [121.11535064700001, 14.305191920000027], [121.1150132030001, 14.305005570000048], [121.11480969100012, 14.304893182000058], [121.1147647140001, 14.304791235000039], [121.11468858100011, 14.304618667000057], [121.11451902800002, 14.304457188000072], [121.11462399000004, 14.303972749000025], [121.1149711710001, 14.303738604000046], [121.11507613200001, 14.303552902000035], [121.11511217000009, 14.30329548700007], [121.11513265000008, 14.303149204000022], [121.11497924500009, 14.303020020000076], [121.11451902800002, 14.303011946000026], [121.11395581900001, 14.302508813000031], [121.11391348000006, 14.302470990000074], [121.11356304900005, 14.302782513000068], [121.11205299000005, 14.304124912000077], [121.11102507500004, 14.305038698000033], [121.11098543700007, 14.305073936000042], [121.11027106100005, 14.304611039000065], [121.11009900500005, 14.304511006000041], [121.10980691000009, 14.30438296400007], [121.10971488000007, 14.304350954000029], [121.10962685100003, 14.30433094700004], [121.10947002600005, 14.304329651000046], [121.10945039600006, 14.304323187000023], [121.10936276500001, 14.304294936000076], [121.10929474300008, 14.304262925000046], [121.10768621800003, 14.303126555000063], [121.10756217800008, 14.303046528000039], [121.10740212600001, 14.302978506000045], [121.10707802000002, 14.302882475000047], [121.10671790200001, 14.302850465000063], [121.10657385500008, 14.302822455000069], [121.10596565700007, 14.30269441400003], [121.1056758630001, 14.302620973000046], [121.10565078000002, 14.302713530000062], [121.10563922900008, 14.302756718000069], [121.10559142000011, 14.302935478000052], [121.10533972300004, 14.302892003000068], [121.10491641600004, 14.30288285000006], [121.10474022800008, 14.302885138000022], [121.10454802400011, 14.30281420600005], [121.10423683500005, 14.30262428900005], [121.1041224280001, 14.302535052000053], [121.10399429100005, 14.30243437300004], [121.10382725600005, 14.302386322000075], [121.10360988200011, 14.302317677000076], [121.10352434200001, 14.30252888900003], [121.10335561500005, 14.302995400000043], [121.10329820400011, 14.30319892500006], [121.10319769900002, 14.303466940000021], [121.10266167000009, 14.304982897000059], [121.10262160100001, 14.305092670000022], [121.10258629100008, 14.30518390800006], [121.10230152500003, 14.305946074000076], [121.10195813200005, 14.306959504000076], [121.10184803200002, 14.307274531000076], [121.10159918500005, 14.307952976000024], [121.10140714500005, 14.308520349000048], [121.10113290100003, 14.309310503000063], [121.10111241000004, 14.309382097000025], [121.10143879100008, 14.309478513000045], [121.1024904630001, 14.309735018000026], [121.1027683430001, 14.309790594000049], [121.10291797100001, 14.309826933000068], [121.10337326800004, 14.30998938600004], [121.10380291400008, 14.310179627000025], [121.10422401000005, 14.31038910600006], [121.104377913, 14.31047888300003], [121.10444845200004, 14.310536597000066], [121.10460025900011, 14.310719335000044], [121.10473915800003, 14.310852953000051], [121.10475097900007, 14.310865759000023], [121.10481610900001, 14.310936317000028], [121.10488664800005, 14.311023957000032], [121.10501917600004, 14.31128046200007], [121.10512177800001, 14.311472841000068], [121.10516025400011, 14.311530554000058], [121.10544241000002, 14.311887524000042], [121.10549157300011, 14.311947375000045], [121.10592864600005, 14.312443044000076], [121.10603878400002, 14.312573675000067], [121.10624185100005, 14.312742541000034], [121.1063401780001, 14.312787430000071], [121.1064064410001, 14.312810943000045], [121.10648766800011, 14.312825906000057], [121.10656248200007, 14.312825906000057], [121.10684250000008, 14.312830181000038], [121.10692800200002, 14.312836593000043], [121.10700067800008, 14.312851556000055], [121.10719947000007, 14.31292637000007], [121.10727642200004, 14.312952021000058], [121.10759082300001, 14.312467668000068]]]]}}, {"type": "Feature", "properties": {"psgc_code": 403428009, "name": "Macabling", "corr_code": 43428009.0, "geo_level": "Bgy", "city_class": null, "inc_class": null, "urb_rur": null, "pop_2015": "U", "pop_2020": null, "status": null, "adm4_pcode": "PH0403428009", "adm4_en": "Macabling", "adm3_pcode": "PH0403428", "adm2_pcode": "PH04034", "adm1_pcode": "PH04", "adm0_pcode": "PH", "shape_len": 0.0691405043434, "shape_area": 0.0001984247094, "shape_sqkm": 2.36868564216}, "geometry": {"type": "MultiPolygon", "coordinates": [[[[121.10113290100003, 14.309310503000063], [121.10140714500005, 14.308520349000048], [121.10159918500005, 14.307952976000024], [121.10184803200002, 14.307274531000076], [121.10195813200005, 14.306959504000076], [121.10230152500003, 14.305946074000076], [121.10258629100008, 14.30518390800006], [121.10262160100001, 14.305092670000022], [121.10266167000009, 14.304982897000059], [121.10319769900002, 14.303466940000021], [121.10329820400011, 14.30319892500006], [121.10335561500005, 14.302995400000043], [121.10352434200001, 14.30252888900003], [121.10360988200011, 14.302317677000076], [121.10382725600005, 14.302386322000075], [121.10399429100005, 14.30243437300004], [121.1041224280001, 14.302535052000053], [121.10423683500005, 14.30262428900005], [121.10454802400011, 14.30281420600005], [121.10474022800008, 14.302885138000022], [121.10491641600004, 14.30288285000006], [121.10533972300004, 14.302892003000068], [121.10559142000011, 14.302935478000052], [121.10563922900008, 14.302756718000069], [121.10565078000002, 14.302713530000062], [121.1056758630001, 14.302620973000046], [121.1055998920001, 14.302605155000037], [121.10545349000006, 14.302574375000063], [121.1054137640001, 14.302568945000075], [121.10536961300011, 14.302566843000022], [121.10533345100009, 14.302570373000037], [121.10521341200001, 14.302582377000022], [121.10484129000008, 14.30265440100004], [121.10473325500004, 14.30263839500003], [121.10466648700003, 14.302597391000063], [121.10459702000003, 14.302553652000029], [121.10470881800006, 14.30223395400003], [121.10473843800003, 14.301865827000029], [121.10474690100011, 14.301709266000046], [121.10486961000004, 14.301628871000048], [121.10508964000007, 14.301523087000078], [121.1053096710001, 14.30151885600003], [121.10533929000007, 14.301176116000022], [121.10494154300011, 14.300960317000033], [121.10486282400007, 14.300537088000056], [121.10432724000009, 14.300361199000065], [121.10430329300004, 14.300353335000068], [121.10456289400008, 14.29961042900004], [121.10463827700005, 14.299396469000044], [121.10469690500008, 14.299245711000026], [121.10505895800009, 14.298255577000077], [121.10517634900009, 14.29791244100005], [121.10517258000004, 14.297906899000054], [121.10482326600004, 14.297931023000046], [121.10447951800006, 14.297878139000034], [121.10397711700011, 14.29774592800004], [121.10338216900004, 14.297560833000034], [121.10299657300004, 14.297398818000033], [121.10285773300006, 14.297340482000038], [121.1023233730001, 14.296998555000073], [121.10158495700011, 14.296774793000054], [121.10186466000005, 14.295779051000068], [121.10130525500006, 14.295521724000025], [121.10019763100001, 14.295421031000046], [121.09997386900011, 14.295208457000058], [121.09971654300011, 14.29459311100004], [121.09884387000011, 14.294783309000024], [121.09763555400002, 14.294470041000068], [121.09789288000002, 14.293530240000052], [121.09742035400006, 14.293388192000066], [121.09606921800003, 14.292982022000047], [121.09548841300011, 14.292881866000073], [121.09573442800001, 14.291865715000029], [121.09343442000011, 14.290607220000027], [121.0928999030001, 14.29031474900006], [121.09025841300002, 14.29075004300006], [121.09036104000006, 14.290796121000028], [121.09049508500004, 14.290863143000024], [121.09061865600006, 14.290961582000023], [121.09067939500005, 14.29106839800005], [121.0907338510001, 14.291166837000048], [121.09083438400012, 14.29124433100003], [121.090895122, 14.291319731000044], [121.09092653900007, 14.291418169000053], [121.0909181610001, 14.291516608000052], [121.09082810000007, 14.291600385000038], [121.09067101700009, 14.29164855700003], [121.09052440700009, 14.291669502000047], [121.09042177900005, 14.291663218000053], [121.09027098000001, 14.291600385000038], [121.09008666900002, 14.291533363000042], [121.08999660800009, 14.291457964000074], [121.08991492500002, 14.291349053000033], [121.08980601400003, 14.291298786000027], [121.0897033870001, 14.29130925800007], [121.08962798700009, 14.291376280000065], [121.0896175150001, 14.291497758000048], [121.08961542000009, 14.291679974000033], [121.08965259700005, 14.291860488000054], [121.08939972200005, 14.29178637800004], [121.08921521800005, 14.292709493000075], [121.08889556600002, 14.293580033000069], [121.08866432900004, 14.294103717000041], [121.08843309200006, 14.294722617000048], [121.08842629100002, 14.29525310200006], [121.08833787700007, 14.295953614000041], [121.08811344100002, 14.296728939000047], [121.08818145200007, 14.29717781100004], [121.08831067200003, 14.297551871000053], [121.0885963180001, 14.297762705000025], [121.08860992000007, 14.298109561000047], [121.08848750100003, 14.298544831000072], [121.08852830700005, 14.299129725000057], [121.08866432900004, 14.299585398000033], [121.0887935500001, 14.300306314000068], [121.08946005700011, 14.300258706000022], [121.08948726100004, 14.301972582000076], [121.08942280000008, 14.30211224900006], [121.089364842, 14.30223782400003], [121.08911320100003, 14.302618686000073], [121.08960968100007, 14.303094762000057], [121.0902013760001, 14.303761269000063], [121.09014696700001, 14.30393809800006], [121.08997013900012, 14.304448180000065], [121.08982731600008, 14.30492425600005], [121.0897525040001, 14.305386730000066], [121.08964368700003, 14.305692780000072], [121.09465370900011, 14.305539667000062], [121.09587576500007, 14.305596070000036], [121.09733698500008, 14.306692870000063], [121.09735902300008, 14.306745687000046], [121.09766807400001, 14.30722942500006], [121.09769289000008, 14.307259205000037], [121.0977558510001, 14.307325749000029], [121.097779392, 14.307349252000051], [121.0978077530001, 14.307371232000037], [121.09783044200003, 14.307385413000077], [121.09785880400011, 14.307395339000038], [121.0978885830001, 14.307401721000076], [121.09805662400004, 14.307421574000045], [121.09810129300001, 14.307430082000053], [121.0981332, 14.307441427000072], [121.0983069130001, 14.307520838000073], [121.09849126200004, 14.307629321000036], [121.09852387700005, 14.307651301000021], [121.0985486940001, 14.307678244000044], [121.09856500100011, 14.307707314000027], [121.09858201800012, 14.307750565000049], [121.09861656600003, 14.307916028000022], [121.09863959300003, 14.307981272000063], [121.09868180900003, 14.308048434000057], [121.09871634900003, 14.308102163000058], [121.098923592, 14.308343947000026], [121.09896399600007, 14.308401728000035], [121.09925055500003, 14.308893823000062], [121.09926761200006, 14.308920262000072], [121.09929640000007, 14.30894020200003], [121.09932733700009, 14.308947421000028], [121.09934266300002, 14.308947553000053], [121.09948594200011, 14.30892196700006], [121.09953960500002, 14.308922905000031], [121.09959702800006, 14.308927499000049], [121.09966363700005, 14.308938983000075], [121.10080607900011, 14.309309647000077], [121.10109778800006, 14.309381407000046], [121.10111241000004, 14.309382097000025], [121.10113290100003, 14.309310503000063]]]]}}, {"type": "Feature", "properties": {"psgc_code": 403428010, "name": "Malitlit", "corr_code": 43428010.0, "geo_level": "Bgy", "city_class": null, "inc_class": null, "urb_rur": null, "pop_2015": "U", "pop_2020": null, "status": null, "adm4_pcode": "PH0403428010", "adm4_en": "Malitlit", "adm3_pcode": "PH0403428", "adm2_pcode": "PH04034", "adm1_pcode": "PH04", "adm0_pcode": "PH", "shape_len": 0.111010675921, "shape_area": 0.000467777848408, "shape_sqkm": 5.58498850332}, "geometry": {"type": "MultiPolygon", "coordinates": [[[[121.1033967840001, 14.27565297700005], [121.10348282000007, 14.275636248000069], [121.10383174300011, 14.275598009000078], [121.10390583000003, 14.275590840000064], [121.10433457800002, 14.27551896600005], [121.10438697900008, 14.275517078000064], [121.10441955200008, 14.275509997000029], [121.104612631, 14.275412749000054], [121.10465086900001, 14.275400947000037], [121.1046876910001, 14.27539858700004], [121.10473206600011, 14.27540661200004], [121.10491352000008, 14.27545649600006], [121.10497441600012, 14.275475330000063], [121.10500919300011, 14.275482899000053], [121.1051574390001, 14.275501706000057], [121.10524926300002, 14.275507237000056], [121.10531564200005, 14.27550281200007], [121.10542406000002, 14.275488430000053], [121.1055833690001, 14.275451922000059], [121.10586769100007, 14.275350141000047], [121.10591083700001, 14.275334653000073], [121.10597942900006, 14.275322483000025], [121.1060336380001, 14.275313633000053], [121.10609503800003, 14.275307733000034], [121.10614666600009, 14.275303307000058], [121.10639079300006, 14.27530994500006], [121.10643357000004, 14.27531510800003], [121.10646233400007, 14.275325434000024], [121.10660869100002, 14.275392447000058], [121.1066346560001, 14.275402433000068], [121.10665762500003, 14.275406428000053], [121.1066832570001, 14.27540709300007], [121.10672719700005, 14.275402433000068], [121.10676614400006, 14.27539577500005], [121.1067991000001, 14.275387453000064], [121.10682972500001, 14.275370476000035], [121.1068604940001, 14.275347295000074], [121.10688523800002, 14.275323748000062], [121.10690479300001, 14.275301399000057], [121.1069279400001, 14.275272266000059], [121.1069411100001, 14.275249518000066], [121.10694589900004, 14.275231159000043], [121.10694669800012, 14.27521439800006], [121.1069439040001, 14.275198035000074], [121.10693365100008, 14.27517285500005], [121.10691789400005, 14.275145144000021], [121.10674053500009, 14.274924848000069], [121.10673650700005, 14.274878196000031], [121.10675737100007, 14.274850895000043], [121.1068364460001, 14.274805386000025], [121.10685409100006, 14.274797337000052], [121.107478022, 14.274608410000042], [121.10750584900006, 14.27460403300006], [121.10753461400009, 14.274607785000057], [121.10755212300012, 14.274621542000034], [121.10756588000004, 14.274652808000042], [121.10757588500007, 14.274680322000052], [121.10759214300003, 14.27469908200004], [121.10761715600006, 14.274709087000076], [121.10765967700002, 14.274714089000042], [121.10768844200004, 14.274709087000076], [121.10772095800007, 14.274686575000032], [121.10775597600002, 14.274620292000066], [121.10777723700005, 14.274591527000041], [121.10780975400007, 14.274580271000048], [121.10784477100003, 14.274579021000022], [121.10788604200002, 14.274595279000039], [121.10791981000011, 14.274602783000034], [121.1079535770001, 14.274597780000022], [121.10798859500005, 14.274586524000028], [121.10802111100008, 14.274564013000031], [121.10809239700006, 14.27444145100003], [121.10812491400009, 14.274423942000055], [121.10816368400003, 14.27442269100004], [121.10819995200006, 14.274431445000062], [121.10833252000009, 14.274527744000068], [121.10837504100004, 14.274577770000064], [121.10840505700003, 14.274634049000042], [121.10843757300006, 14.27467406900007], [121.1085176140001, 14.274740353000027], [121.10854888000006, 14.274756611000043], [121.10857889500005, 14.274765365000064], [121.10861141200007, 14.274770368000077], [121.10873647500011, 14.274767867000037], [121.1087627390001, 14.274774120000075], [121.10879150300002, 14.274792879000074], [121.108936577, 14.274925447000044], [121.10896033900008, 14.274939204000077], [121.10898660200007, 14.274947958000041], [121.1090116150001, 14.274947958000041], [121.10910291200003, 14.274934201000065], [121.1091379290001, 14.274926697000069], [121.10916544300005, 14.274904186000072], [121.10924673500006, 14.274767867000037], [121.10927549900009, 14.274732849000031], [121.10931426900004, 14.274716590000025], [121.10934678600006, 14.274706585000047], [121.109634432, 14.27469908200004], [121.10967320200007, 14.274706585000047], [121.10971072100006, 14.274716590000025], [121.10996856000008, 14.274843600000054], [121.10999488000004, 14.274859272000072], [121.11003025800005, 14.274867501000074], [121.11006083000007, 14.274865833000035], [121.11008084000002, 14.274853605000033], [121.11009695900009, 14.274831927000037], [121.11020923800004, 14.274556231000076], [121.11021423000011, 14.27453024700003], [121.11021535300006, 14.274502315000063], [121.11023073500007, 14.274382396000021], [121.11025833300005, 14.274332456000025], [121.1103240430001, 14.274295659000074], [121.11038055400002, 14.274314057000026], [121.11046597600011, 14.274394223000058], [121.11054088600008, 14.274434964000022], [121.11060659600003, 14.274478332000058], [121.1107248730001, 14.274517758000059], [121.110776127, 14.274520386000063], [121.11081818100001, 14.274509873000056], [121.11086286400007, 14.274478332000058], [121.11089571900004, 14.274449420000053], [121.11098114200001, 14.274339027000053], [121.1110350240001, 14.274295659000074], [121.11120324100011, 14.274290402000076], [121.1112385560001, 14.274284541000043], [121.11139380000009, 14.274257547000047], [121.11148579300004, 14.274249662000045], [121.11158041500005, 14.274272003000021], [121.11176503500008, 14.27437231500005], [121.11179560100004, 14.274385589000076], [121.11183006300007, 14.274391703000049], [121.111851741, 14.27438892400005], [121.11187508600005, 14.274377807000064], [121.11189006500001, 14.274356961000024], [121.11190176600007, 14.274335007000047], [121.1119492900001, 14.274174900000048], [121.11196683800006, 14.274139804000072], [121.11205496900004, 14.273998308000046], [121.11206622500004, 14.273960789000057], [121.11206872600008, 14.27392952300005], [121.11205156500012, 14.273810296000022], [121.11205239800006, 14.273786395000059], [121.11206018000007, 14.273759159000065], [121.11207342800003, 14.273736184000029], [121.1120934380001, 14.273726550000049], [121.11212530600005, 14.27372173200007], [121.11215865600002, 14.273723215000075], [121.11219524900002, 14.273733590000063], [121.1122230410001, 14.273749710000061], [121.11229919100003, 14.273808073000055], [121.11233309700003, 14.273827527000037], [121.11236366800006, 14.273841423000022], [121.11263047000011, 14.27393035700004], [121.11265937400003, 14.273937027000045], [121.11269605900009, 14.273940362000076], [121.11273052100012, 14.273937583000077], [121.11275831300009, 14.273929801000065], [121.11302178000005, 14.273766941000076], [121.11304623700005, 14.273760271000071], [121.11307680800007, 14.273755824000034], [121.1131057120001, 14.273759159000065], [121.11313128100005, 14.273767497000051], [121.11330303500006, 14.273866992000023], [121.11331915400001, 14.27388144300005], [121.11338164600011, 14.27395555000004], [121.1133941920001, 14.273970378000058], [121.1133980830001, 14.273985941000035], [121.11339752700007, 14.274004284000057], [121.11338974500006, 14.274022626000033], [121.11337473800006, 14.274037634000024], [121.11319131100004, 14.274113784000065], [121.11317074500005, 14.27412768000005], [121.113156849, 14.27414880200007], [121.11314795600003, 14.274176038000064], [121.11314462100006, 14.274211611000055], [121.11314906700011, 14.274239403000024], [121.1131585170001, 14.27426274800007], [121.11319075500012, 14.274312774000066], [121.11322590700001, 14.274356961000024], [121.11327135200008, 14.274406155000065], [121.11331971000004, 14.27444506300003], [121.11335695100001, 14.27446896500004], [121.1134036410001, 14.274490642000046], [121.1135770630001, 14.274560122000025], [121.11361041300006, 14.274577909000072], [121.11376438000002, 14.274674625000046], [121.11379384000008, 14.274690744000054], [121.1138335070001, 14.274703534000025], [121.11389931200006, 14.274712308000062], [121.11395195600005, 14.274707921000072], [121.11409672700006, 14.274679405000029], [121.11413067800004, 14.274678516000051], [121.11416253200002, 14.274683792000076], [121.11425465900004, 14.274727662000032], [121.11438611400001, 14.274853729000029], [121.11451752000005, 14.27497154100007], [121.11461720800003, 14.27502138500006], [121.11474861400006, 14.275071229000048], [121.11512470700006, 14.275084822000053], [121.11520077000011, 14.27503383000004], [121.11520081800006, 14.275033798000038], [121.11542377, 14.27488091600003], [121.11556423800005, 14.274754041000051], [121.11562919900007, 14.274644211000066], [121.11564573300006, 14.27461749300005], [121.11555934800003, 14.274609757000064], [121.11526409100009, 14.274511768000025], [121.11489792100008, 14.274318368000024], [121.114873783, 14.274270285000057], [121.1148390730001, 14.274215157000071], [121.11482478100004, 14.274090608000051], [121.11479211200003, 14.274000770000043], [121.11467368900003, 14.273925224000038], [121.11457976600002, 14.273833343000035], [121.11456139000006, 14.273739421000073], [121.11456751600008, 14.273582204000036], [121.11454709800012, 14.273514825000063], [121.1144531760001, 14.273492366000028], [121.11432250200005, 14.273478073000035], [121.11422584500008, 14.273423256000058], [121.114132616, 14.27337190000003], [121.11409382200009, 14.273310647000073], [121.11408846000006, 14.27325182900006], [121.11408365200009, 14.273200552000048], [121.11409326700004, 14.273142865000068], [121.11411249600008, 14.27308517800003], [121.1141396060001, 14.273033481000027], [121.1143208090001, 14.272782324000048], [121.11435766400007, 14.272726239000065], [121.11444092500005, 14.272563354000056], [121.11443888300005, 14.27250414200006], [121.11446542700003, 14.272475557000064], [121.11453280500007, 14.272414304000051], [121.11460631000011, 14.272208084000056], [121.11455322300003, 14.272103953000055], [121.11447563500008, 14.272083535000036], [121.11440008900001, 14.27202432300004], [121.11435517000007, 14.271958986000072], [121.11428779100004, 14.271907941000052], [121.11421020400007, 14.271893649000049], [121.11414282500004, 14.27184668800004], [121.11414690800007, 14.271814019000033], [121.11418049400004, 14.271764842000039], [121.11419101400008, 14.271740759000068], [121.11425512300002, 14.271703763000062], [121.11441642400007, 14.271599632000061], [121.11452259700002, 14.271579214000042], [121.11459405900007, 14.271515919000024], [121.11462060200006, 14.271375036000052], [121.11459814300008, 14.271328075000042], [121.11450830400008, 14.271289281000065], [121.11441029800005, 14.271256612000059], [121.11436946300012, 14.27120965100005], [121.11436946300012, 14.271134105000044], [121.11440008900001, 14.271068768000077], [121.11446746800004, 14.271060601000045], [121.11452463800003, 14.271076935000053], [121.11463897800002, 14.271076935000053], [121.11473290000004, 14.27106264300005], [121.11480640400009, 14.271025891000022], [121.1148390730001, 14.270942178000041], [121.11482682200005, 14.27085438100005], [121.11479823700006, 14.270778835000044], [121.11472473300012, 14.270758417000025], [121.11464510400003, 14.270766584000057], [121.1146001840001, 14.270813545000067], [121.1145430140001, 14.270868673000052], [121.11447971900009, 14.270868673000052], [121.11445663600011, 14.27085106100003], [121.11442867400001, 14.270825796000054], [121.11441642400007, 14.270758417000025], [121.11441642400007, 14.270705331000045], [121.1143653790001, 14.270652244000075], [121.11435108700005, 14.270552197000029], [121.11432454300007, 14.270476651000024], [121.11419182800012, 14.270458275000067], [121.1140693210001, 14.270354144000066], [121.11396723100006, 14.270305141000051], [121.11389168500011, 14.270272473000034], [121.11385493300008, 14.270184676000042], [121.11387535100005, 14.270127506000051], [121.11399173300003, 14.270109130000037], [121.11412036500008, 14.27014792400007], [121.11433066900008, 14.270231637000052], [121.11438171300006, 14.270315350000033], [121.11453484700007, 14.270329643000025], [121.11462602200004, 14.270261185000038], [121.11465531200008, 14.27022142800007], [121.11465735400009, 14.270172425000055], [121.11461651900004, 14.270098921000056], [121.11454914, 14.270027459000062], [121.11446746800004, 14.269935578000059], [121.11440417300003, 14.269774277000067], [121.11438579700007, 14.269627269000068], [121.1143633370001, 14.269568057000072], [121.11428779100004, 14.269555807000074], [121.11417345100006, 14.269553765000069], [121.11401827600002, 14.26954355600003], [121.11394477200008, 14.269529263000038], [121.11389781100002, 14.26950680400006], [121.11382430600008, 14.269461884000066], [121.11382057300011, 14.269454417000077], [121.1137977630001, 14.269408798000029], [121.1138201010001, 14.269348442000023], [121.11386228900005, 14.269269030000032], [121.11389951300009, 14.269209472000057], [121.11396155300008, 14.269077946000039], [121.11398885100004, 14.269033277000062], [121.11399133300006, 14.268946420000077], [121.11394666400008, 14.268886861000055], [121.11389206800004, 14.268859564000024], [121.11407765700005, 14.268238327000063], [121.11409021100008, 14.268196304000071], [121.1142127810001, 14.265424943000028], [121.11520518300006, 14.261761148000062], [121.11561754200011, 14.260269547000064], [121.11617043900003, 14.259017965000055], [121.11847207800008, 14.255747405000022], [121.11844735300008, 14.255738179000048], [121.11842963900006, 14.255724894000025], [121.11841582500006, 14.25570454600006], [121.1184078660001, 14.255680609000024], [121.11840565200009, 14.255660681000052], [121.11840826600007, 14.255630225000061], [121.1184161650001, 14.255603563000022], [121.1184271620001, 14.25558361700007], [121.11854934900009, 14.255389629000035], [121.11857328300005, 14.255339242000048], [121.11858462000009, 14.25528885500006], [121.11861737100003, 14.255055816000038], [121.11862164100012, 14.255029536000052], [121.11862870800007, 14.255001651000043], [121.11863637700003, 14.254983180000067], [121.11864256800004, 14.254972464000048], [121.11865410700011, 14.254957986000022], [121.11866577700005, 14.254945831000043], [121.11868594200007, 14.254933656000048], [121.11870801000009, 14.254929851000043], [121.11872551200008, 14.25493175300005], [121.11878112800002, 14.254946225000026], [121.11879628100007, 14.25494621100006], [121.11880883700007, 14.254943548000028], [121.11882291500001, 14.25493517800004], [121.11883661200011, 14.254920339000023], [121.11885868000002, 14.25488990100007], [121.11886514800005, 14.254872779000038], [121.11886885500007, 14.254857808000054], [121.11886908800011, 14.254843565000044], [121.11886768700003, 14.254830490000074], [121.1188632510001, 14.254821150000055], [121.11862870800007, 14.254593518000036], [121.1185913280001, 14.254568303000042], [121.11856716300008, 14.254555012000026], [121.11853801200004, 14.254545651000058], [121.11851943600004, 14.254543836000039], [121.11848888500003, 14.254543131000048], [121.11844605700003, 14.254544391000024], [121.11841340900003, 14.254540513000052], [121.11836669700006, 14.254528015000062], [121.11831757000004, 14.254509120000023], [121.11796990200003, 14.254334026000038], [121.1179455030001, 14.25428822200007], [121.11791425400008, 14.254253997000035], [121.11791127800007, 14.254200428000047], [121.1178711010001, 14.25414537000006], [121.11782794700002, 14.254097753000053], [121.11776396200003, 14.254053112000065], [121.1177014640001, 14.254030791000048], [121.11761069300007, 14.254023351000058], [121.11751397100011, 14.254056088000027], [121.1174083200001, 14.254106681000053], [121.11732201300003, 14.254173643000058], [121.11725802800004, 14.254246557000045], [121.11720594600001, 14.254338816000029], [121.11717023300002, 14.254420658000072], [121.11714344800009, 14.25448017900004], [121.11710327100002, 14.254529285000046], [121.11704077400009, 14.254548629000055], [121.11696041900007, 14.254554582000026], [121.11688304100005, 14.254559046000054], [121.11681905500006, 14.254591783000023], [121.1167684620001, 14.25461559100006], [121.1167506060001, 14.25464237600005], [121.11668662000011, 14.254709338000055], [121.11660328900007, 14.25480308400006], [121.11653632800005, 14.254840285000057], [121.11643811700003, 14.254850702000056], [121.11632800200005, 14.254819453000039], [121.1162625280001, 14.254823917000067], [121.11621788700006, 14.254823917000067], [121.1161286040001, 14.254797132000022], [121.1160542020001, 14.254765883000061], [121.11597533600002, 14.254739099000062], [121.11592771900007, 14.254687017000037], [121.11591432600005, 14.254623031000051], [121.11591730200007, 14.254557558000045], [121.11596045600004, 14.254530773000056], [121.1160259290001, 14.254483156000049], [121.11605271400003, 14.254425122000043], [121.1160542020001, 14.254344768000067], [121.1160542020001, 14.254294174000051], [121.11604527400004, 14.254227212000046], [121.116011049, 14.254149834000032], [121.11594706300002, 14.254072456000074], [121.11593813500008, 14.254020375000039], [121.11593813500008, 14.253974245000052], [121.1159798000001, 14.253925140000035], [121.11603337000008, 14.253865618000077], [121.11608842700002, 14.25385073800004], [121.11616580500004, 14.253855202000068], [121.11622086300008, 14.253881987000057], [121.11625062400003, 14.253935556000044], [121.11625955200009, 14.25399210200004], [121.11626104000004, 14.254060552000055], [121.1162521120001, 14.25413793000007], [121.11625508800012, 14.25417959500004], [121.1162908010001, 14.254215308000028], [121.11632502600003, 14.254240605000064], [121.11637413100004, 14.254233165000073], [121.11640984400003, 14.254194476000066], [121.11643514100001, 14.254133466000042], [121.1164574610001, 14.254084361000025], [121.11648275800007, 14.254024839000067], [121.1164857340001, 14.253963829000043], [121.11646192600006, 14.253928116000054], [121.11648722200005, 14.253883475000066], [121.11651698300011, 14.25384925000003], [121.11656013600009, 14.253798657000061], [121.11656906400003, 14.253739135000046], [121.11653781600012, 14.253697470000077], [121.11648424600003, 14.253695982000067], [121.11643067700004, 14.253646876000062], [121.11640240400004, 14.253599259000055], [121.11633395400008, 14.253565034000076], [121.11631014500006, 14.25352336900005], [121.1162699680001, 14.253471288000071], [121.11621788700006, 14.25339688500003], [121.11617324600002, 14.25332843600006], [121.1161390210001, 14.253279330000055], [121.11604081000007, 14.253274866000027], [121.11594706300002, 14.253280818000064], [121.11585926900011, 14.253255522000075], [121.11581760400009, 14.253198976000022], [121.11576701000001, 14.253115646000026], [121.11573278500009, 14.253053148000049], [121.1156970720001, 14.253020411000023], [121.11564796700009, 14.252990650000072], [121.11557058900007, 14.252963865000027], [121.11551404300008, 14.252926664000029], [121.11548428200001, 14.252896904000067], [121.11544559300012, 14.25287458300005], [121.11537416700003, 14.252815061000035], [121.11534143000006, 14.252800181000055], [121.11532655000008, 14.25274809900003], [121.11531762200002, 14.252687090000052], [121.11530274100005, 14.252623104000065], [121.1153012530001, 14.252566558000069], [121.11528934900002, 14.252523405000034], [121.11524619600004, 14.252515965000043], [121.1152164350001, 14.252512989000024], [121.11519113800011, 14.252459419000047], [121.1151807220001, 14.252408826000021], [121.1151881620001, 14.252361209000071], [121.11522833900005, 14.252307639000037], [121.11528637300012, 14.25226002200003], [121.1153503590001, 14.252239189000022], [121.11537267900007, 14.252257046000068], [121.11540541600004, 14.252262998000049], [121.11542922500007, 14.25225109400003], [121.11543964100008, 14.252222821000032], [121.11543964100008, 14.252199012000062], [121.11545749800007, 14.252164787000027], [121.11550213900011, 14.252130562000048], [121.11551553100003, 14.252102290000039], [121.11541301200009, 14.252015019000055], [121.11527277900007, 14.251948242000026], [121.11521267900002, 14.251894820000075], [121.11521267900002, 14.251808009000058], [121.11527945700004, 14.251701165000043], [121.11535291200005, 14.251634387000024], [121.11531284500006, 14.251580965000073], [121.11527389000003, 14.251538420000031], [121.11526522100007, 14.25147484300004], [121.1152045340001, 14.251440165000076], [121.11512939800002, 14.251469064000048], [121.11499357500009, 14.25154997900006], [121.11487509200003, 14.251561539000022], [121.1146756930001, 14.25150663200003], [121.11453987000004, 14.25145750400003], [121.11443583500011, 14.251382368000066], [121.11436647900007, 14.251341910000065], [121.1143057920001, 14.251336131000073], [121.11422487700008, 14.251258105000034], [121.11424510600011, 14.25118007900005], [121.11254361400006, 14.251147497000034], [121.11068551900007, 14.252523863000022], [121.10627820700006, 14.252235676000055], [121.10530048600003, 14.251973317000022], [121.10083199000007, 14.250729223000064], [121.09944404900011, 14.250764811000067], [121.09552934400006, 14.25065804600007], [121.09127828600003, 14.254250643000034], [121.09159422100004, 14.255008888000077], [121.09009879300004, 14.258020808000026], [121.09363727200002, 14.26073785400007], [121.09905030200002, 14.264508019000061], [121.0979971590001, 14.266492855000024], [121.09793280800011, 14.266614136000044], [121.09715097900005, 14.268173679000029], [121.09648436700002, 14.269416376000038], [121.09561692300008, 14.27119255100007], [121.09573105400011, 14.271247896000034], [121.09575890600001, 14.271259465000071], [121.0958068970001, 14.271271463000062], [121.09573520100002, 14.271498378000047], [121.09851323800001, 14.27218675000006], [121.09998748900011, 14.272336431000042], [121.10050732000002, 14.272390021000035], [121.10148119900009, 14.272487847000036], [121.10136649600008, 14.272961], [121.101391325, 14.274543864000066], [121.10142341900007, 14.274558608000063], [121.10144748000005, 14.274573814000064], [121.10147026700008, 14.274592618000042], [121.10148738500004, 14.27461108700004], [121.10149932200011, 14.274631132000025], [121.10150738000004, 14.274654304000023], [121.10152797, 14.274757256000044], [121.10153738600002, 14.274784514000032], [121.1015497730001, 14.27480771300003], [121.10156261200007, 14.27482550600007], [121.10162229200012, 14.274899310000023], [121.10175041000002, 14.275052386000027], [121.1018194610001, 14.275121437000053], [121.10186605000001, 14.275162202000047], [121.10200415100007, 14.275264531000062], [121.10203493300003, 14.27529448100006], [121.102052404, 14.275317775000076], [121.10206904300003, 14.275353548000055], [121.10218188500005, 14.275572964000048], [121.10219403700012, 14.27559117900006], [121.10220729100001, 14.27560789000006], [121.10222414000009, 14.27562566000006], [121.10224224900003, 14.275638238000056], [121.10226107300002, 14.27564669000003], [121.10228234400006, 14.275653307000027], [121.10231838800007, 14.275658057000044], [121.10241008300011, 14.275665979000053], [121.10274635500002, 14.275695032000044], [121.10300723300008, 14.275712724000073], [121.10308609900005, 14.275712724000073], [121.1033967840001, 14.27565297700005]]]]}}, {"type": "Feature", "properties": {"psgc_code": 403428016, "name": "Pooc", "corr_code": 43428016.0, "geo_level": "Bgy", "city_class": null, "inc_class": null, "urb_rur": null, "pop_2015": "U", "pop_2020": null, "status": null, "adm4_pcode": "PH0403428016", "adm4_en": "Pook", "adm3_pcode": "PH0403428", "adm2_pcode": "PH04034", "adm1_pcode": "PH04", "adm0_pcode": "PH", "shape_len": 0.0597764885856, "shape_area": 0.000123894580858, "shape_sqkm": 1.47897360215}, "geometry": {"type": "MultiPolygon", "coordinates": [[[[121.12316388700003, 14.30656725700004], [121.12351575600007, 14.305019033000065], [121.12365108200004, 14.304680718000043], [121.12385139900005, 14.304179925000028], [121.1239185280001, 14.303139430000044], [121.12417026100002, 14.302132500000027], [121.12232881400007, 14.301331773000072], [121.12232515900007, 14.30133018400005], [121.12227861100007, 14.300852286000065], [121.12227753500008, 14.300841238000032], [121.12240331400005, 14.30014482100006], [121.12241543900006, 14.299925285000029], [121.12240116700002, 14.299608462000037], [121.12217568100004, 14.29961417100003], [121.12217859300006, 14.299525414000072], [121.12212457600003, 14.299028348000036], [121.12206327400008, 14.298641493000048], [121.12202820900006, 14.298281491000068], [121.12181456300004, 14.298268988000075], [121.12149837600009, 14.298323073000063], [121.12147341400009, 14.29811505500004], [121.1214401310001, 14.297940321000056], [121.12136940500011, 14.297499323000068], [121.12153998000008, 14.297453560000065], [121.12176879900005, 14.297411956000076], [121.12179026900003, 14.296734636000053], [121.12056375200007, 14.296833886000059], [121.11944970600007, 14.296927832000051], [121.11936123100008, 14.29683228600004], [121.11916745200006, 14.296827675000031], [121.11842321600011, 14.296836647000077], [121.11824938200004, 14.296838997000066], [121.11796279100008, 14.296836647000077], [121.1177090870001, 14.296846044000063], [121.11744128900011, 14.296860138000056], [121.11732148500005, 14.29687188400004], [121.11645219400009, 14.296910406000052], [121.11633507200008, 14.296913967000023], [121.1150836590001, 14.296964939000077], [121.11470342700011, 14.296980426000061], [121.11433589300009, 14.297117309000043], [121.11300731900008, 14.297609599000054], [121.11287260600011, 14.298283169000058], [121.11283811200008, 14.298455638000064], [121.11278485100001, 14.29845436000005], [121.11230553900009, 14.298442859000033], [121.11195172400005, 14.298431117000064], [121.11193550200005, 14.298430784000061], [121.11131524200005, 14.298418036000044], [121.11043230000007, 14.298410471000068], [121.11015824800006, 14.298855806000063], [121.1084492010001, 14.298553205000076], [121.10833933600009, 14.298956042000043], [121.10813958200004, 14.299548646000062], [121.10806269300008, 14.29962129100005], [121.10805199800006, 14.299568244000056], [121.10795364100011, 14.299517715000036], [121.1079288310001, 14.299534691000076], [121.10789618700005, 14.29954383100005], [121.1078530960001, 14.299547749000055], [121.10777997200012, 14.299538608000034], [121.10765722800011, 14.299524244000054], [121.10751881500005, 14.299525550000055], [121.10738954200008, 14.299515104000022], [121.10734775700007, 14.299502046000043], [121.10729030200002, 14.29946417800005], [121.10722762500006, 14.29944198000004], [121.10709051700007, 14.299426310000058], [121.10700564100011, 14.29942761600006], [121.10692108, 14.299426572000073], [121.10682805400006, 14.299426310000058], [121.10648681200007, 14.29945404700004], [121.10456289400008, 14.29961042900004], [121.10430329300004, 14.300353335000068], [121.10432724000009, 14.300361199000065], [121.10486282400007, 14.300537088000056], [121.10494154300011, 14.300960317000033], [121.10533929000007, 14.301176116000022], [121.1053096710001, 14.30151885600003], [121.10508964000007, 14.301523087000078], [121.10486961000004, 14.301628871000048], [121.10474690100011, 14.301709266000046], [121.10473843800003, 14.301865827000029], [121.10470881800006, 14.30223395400003], [121.10459702000003, 14.302553652000029], [121.10466648700003, 14.302597391000063], [121.10473325500004, 14.30263839500003], [121.10484129000008, 14.30265440100004], [121.10521341200001, 14.302582377000022], [121.10533345100009, 14.302570373000037], [121.10536961300011, 14.302566843000022], [121.1054137640001, 14.302568945000075], [121.10545349000006, 14.302574375000063], [121.1055998920001, 14.302605155000037], [121.1056758630001, 14.302620973000046], [121.10596565700007, 14.30269441400003], [121.10657385500008, 14.302822455000069], [121.10671790200001, 14.302850465000063], [121.10707802000002, 14.302882475000047], [121.10740212600001, 14.302978506000045], [121.10756217800008, 14.303046528000039], [121.10768621800003, 14.303126555000063], [121.10929474300008, 14.304262925000046], [121.10936276500001, 14.304294936000076], [121.10945039600006, 14.304323187000023], [121.10947002600005, 14.304329651000046], [121.10962685100003, 14.30433094700004], [121.10971488000007, 14.304350954000029], [121.10980691000009, 14.30438296400007], [121.11009900500005, 14.304511006000041], [121.11027106100005, 14.304611039000065], [121.11098543700007, 14.305073936000042], [121.11102507500004, 14.305038698000033], [121.11205299000005, 14.304124912000077], [121.11356304900005, 14.302782513000068], [121.11391348000006, 14.302470990000074], [121.11395581900001, 14.302508813000031], [121.11451902800002, 14.303011946000026], [121.11497924500009, 14.303020020000076], [121.11513265000008, 14.303149204000022], [121.11511217000009, 14.30329548700007], [121.11507613200001, 14.303552902000035], [121.1149711710001, 14.303738604000046], [121.11462399000004, 14.303972749000025], [121.11451902800002, 14.304457188000072], [121.11468858100011, 14.304618667000057], [121.1147647140001, 14.304791235000039], [121.11480969100012, 14.304893182000058], [121.1150132030001, 14.305005570000048], [121.11535064700001, 14.305191920000027], [121.11622504700006, 14.305308051000054], [121.11638411600006, 14.305329177000033], [121.11692507300006, 14.305434139000056], [121.11737852600004, 14.305504218000067], [121.11781321, 14.305571396000062], [121.11799891100009, 14.30662101300004], [121.1180031130001, 14.306621251000024], [121.11842683200007, 14.306645235000076], [121.11950067100008, 14.30659679100006], [121.12025155100002, 14.30653219900006], [121.12055836200011, 14.306564495000032], [121.12146758900008, 14.306672182000057], [121.12309620200006, 14.30686507200005], [121.12316388700003, 14.30656725700004]]]]}}, {"type": "Feature", "properties": {"psgc_code": 403428018, "name": "Pulong Santa Cruz", "corr_code": 43428018.0, "geo_level": "Bgy", "city_class": null, "inc_class": null, "urb_rur": null, "pop_2015": "U", "pop_2020": null, "status": null, "adm4_pcode": "PH0403428018", "adm4_en": "Pulong Santa Cruz", "adm3_pcode": "PH0403428", "adm2_pcode": "PH04034", "adm1_pcode": "PH04", "adm0_pcode": "PH", "shape_len": 0.0938216280874, "shape_area": 0.000347509138547, "shape_sqkm": 4.14883214109}, "geometry": {"type": "MultiPolygon", "coordinates": [[[[121.08693244500012, 14.290134278000039], [121.08699737200004, 14.290067256000043], [121.08701412800008, 14.289960440000073], [121.08702041100003, 14.289759374000027], [121.08702250500005, 14.289560402000063], [121.08699527800002, 14.289363525000056], [121.0869785220001, 14.289193875000024], [121.0869910890001, 14.289034698000023], [121.08706858300002, 14.288938354000038], [121.08716073800008, 14.28888389900004], [121.08725708300005, 14.288885993000065], [121.08733457700009, 14.288973959000032], [121.08746233800002, 14.289057737000064], [121.08766340400007, 14.289160364000054], [121.08779744800006, 14.289225292000026], [121.08797966400004, 14.289258803000052], [121.0881702580001, 14.289239953000049], [121.08833153000012, 14.289202253000042], [121.08852212300008, 14.289193875000024], [121.08898504700005, 14.28841323000006], [121.08932350400005, 14.288035721000028], [121.09010875100012, 14.287390763000076], [121.09052982500009, 14.286887729000057], [121.0907148010001, 14.286392068000055], [121.09075310300011, 14.28617661900006], [121.09066692400006, 14.285985109000023], [121.09054723000008, 14.285827114000028], [121.08982906800009, 14.285156829000073], [121.089537016, 14.284754659000043], [121.08940774700011, 14.284261521000076], [121.08945562400004, 14.28371093000004], [121.08952197200006, 14.283230064000065], [121.09068244800005, 14.280938051000021], [121.09117204300003, 14.279971070000045], [121.09135628500007, 14.279589822000048], [121.09153890800008, 14.279232722000074], [121.09265751900011, 14.27704538300003], [121.09423333200004, 14.273941125000022], [121.09471084900008, 14.273000446000026], [121.09561692300008, 14.27119255100007], [121.09539338200011, 14.271083745000055], [121.09535251800003, 14.271060763000037], [121.09510080300004, 14.270870152000043], [121.09450566200007, 14.270370873000047], [121.09424109800011, 14.270107575000054], [121.09418540100012, 14.270046814000068], [121.09412843700011, 14.269982255000059], [121.09392499100011, 14.269683555000029], [121.0937064950001, 14.269395140000029], [121.09363833100008, 14.269302179000022], [121.0935803650001, 14.269208707000075], [121.09355790300003, 14.269163783000067], [121.09350500800008, 14.268989883000074], [121.09349265600008, 14.268952821000028], [121.09346759100004, 14.268877609000072], [121.0934266590001, 14.26873571300007], [121.09334752500001, 14.268394618000059], [121.09332296600007, 14.268307298000025], [121.09330947800004, 14.268266810000057], [121.09329022100007, 14.268230893000066], [121.0932606, 14.268189086000064], [121.09323018900011, 14.268157216000077], [121.09318568100002, 14.268126186000075], [121.09314014000006, 14.268102641000041], [121.09309273300005, 14.26808371900006], [121.09304463300009, 14.268072625000059], [121.09300299000006, 14.268069296000021], [121.09295531500004, 14.268072501000063], [121.09290688800002, 14.268074613000067], [121.09271292900007, 14.268104552000068], [121.09267625100006, 14.26811355600006], [121.09256131000006, 14.268151831000068], [121.09251067600007, 14.268177148000063], [121.09239246000004, 14.268241808000028], [121.09223456900008, 14.26834733800007], [121.09221533800007, 14.268356152000024], [121.09219610800005, 14.268361761000051], [121.09216926500005, 14.268366168000057], [121.09214843200004, 14.268367370000021], [121.0920960730001, 14.268362269000022], [121.09208553200006, 14.268360158000064], [121.09207110900002, 14.268356152000024], [121.09205428200005, 14.268349742000055], [121.0920446670001, 14.268347074000076], [121.09202592400004, 14.268344381000077], [121.09188641500009, 14.268356152000024], [121.09185997300006, 14.268357754000021], [121.09175153100011, 14.268359997000061], [121.09172937100004, 14.268359145000034], [121.09170786400011, 14.268356376000042], [121.09144707300004, 14.268303609000043], [121.0914172680001, 14.268296731000078], [121.091384188, 14.268286250000074], [121.09135012500008, 14.268272167000077], [121.09132359500006, 14.26825939300005], [121.09119422200001, 14.268175219000057], [121.0911118900001, 14.268125435000059], [121.0910743070001, 14.268098905000045], [121.0908657540001, 14.267915408000022], [121.09082195700012, 14.267870108000068], [121.09080282800005, 14.267841415000078], [121.09079279700006, 14.267814448000024], [121.09078939300002, 14.267777451000029], [121.0907967070001, 14.267637569000044], [121.09079396400011, 14.267597341000055], [121.09078482100006, 14.267551627000046], [121.09072173700008, 14.267361460000075], [121.0906971070001, 14.267297599000074], [121.09069251900007, 14.267287680000038], [121.09068694000007, 14.267276769000034], [121.09068235200004, 14.267268462000061], [121.0906782620001, 14.267263348000029], [121.0906732310001, 14.267259323000076], [121.09066722500006, 14.267255938000062], [121.09058005500003, 14.267223275000049], [121.09057544300003, 14.26722062400006], [121.0905715350001, 14.267217770000059], [121.09056734100011, 14.267212920000077], [121.09056458900011, 14.267205712000077], [121.0905632780001, 14.267196537000075], [121.09056249200012, 14.267189066000071], [121.09056288500005, 14.26718094000006], [121.09056490700004, 14.267174098000055], [121.09056799000007, 14.267166865000036], [121.09057166700006, 14.267160471000068], [121.09063790400012, 14.267077232000076], [121.09064339000008, 14.267064204000064], [121.09064514800002, 14.267052338000042], [121.090645074, 14.267036897000025], [121.09064295100006, 14.267023068000071], [121.09063880000008, 14.267008214000043], [121.09063389700009, 14.266997665000076], [121.09062839, 14.26698669800004], [121.09062276400005, 14.266977696000026], [121.09061413800009, 14.266969070000073], [121.09060473900001, 14.266960709000045], [121.09052048400008, 14.26690872100005], [121.0904749770001, 14.26687961700003], [121.090468912, 14.266874871000027], [121.09046469300006, 14.266869949000068], [121.09046179200004, 14.266864675000022], [121.09046021000006, 14.266858873000047], [121.09045985800003, 14.266853248000075], [121.09046038600002, 14.266846831000066], [121.09046724200005, 14.266818089000026], [121.09046939300003, 14.266811917000041], [121.09047321900005, 14.266805607000038], [121.09047673500004, 14.266800421000028], [121.09056350800006, 14.266696290000027], [121.090568501, 14.26668905400004], [121.09057210500009, 14.26668298900006], [121.0905750930001, 14.266676308000058], [121.09057737800003, 14.266668398000036], [121.09058322700002, 14.26663534000005], [121.09058414700007, 14.26662778900004], [121.09058467400007, 14.266620405000026], [121.09058412400009, 14.266529572000024], [121.090585916, 14.266501786000049], [121.0905874870001, 14.266493568000044], [121.09058950800011, 14.26648530500006], [121.09059276100004, 14.266477043000066], [121.0905957760001, 14.266471311000032], [121.09061473500003, 14.266441092000036], [121.09061818400005, 14.266436354000064], [121.09062299800007, 14.26643133600004], [121.09070602500003, 14.266364647000046], [121.09071159900009, 14.266359347000048], [121.09071643400011, 14.266353194000033], [121.09072180300006, 14.266344593000042], [121.09072541800003, 14.266336426000066], [121.09072823000008, 14.266327991000026], [121.0907331840001, 14.26630723900007], [121.09073367600001, 14.266303295000057], [121.09073373000001, 14.266298363000033], [121.09073281100007, 14.266293134000023], [121.09072970900002, 14.26628254600007], [121.09072776800008, 14.266277772000024], [121.09072473000003, 14.266271062000044], [121.09072131200003, 14.266265113000031], [121.0907158340001, 14.266259080000054], [121.09070961000009, 14.266254398000058], [121.09063934700009, 14.266212732000042], [121.09063064500003, 14.26620596400005], [121.09062422800002, 14.266198932000066], [121.09061728800009, 14.266188069000066], [121.09061324100003, 14.266177485000071], [121.09061016500004, 14.266167465000024], [121.09060981300001, 14.266159642000048], [121.09061078000002, 14.266152522000027], [121.09061270400002, 14.266142861000048], [121.09061639200002, 14.266132497000058], [121.09067302200003, 14.26602150900004], [121.0906785090001, 14.266007911000031], [121.09068256500007, 14.265993597000033], [121.0906835190001, 14.265976659000046], [121.09068017900006, 14.265964492000023], [121.09067407500004, 14.265953428000046], [121.09066502900009, 14.265943164000078], [121.09065702700002, 14.265937945000076], [121.09064798100007, 14.265933769000071], [121.0905363380001, 14.265905413000041], [121.09051963700006, 14.265903847000061], [121.09050166100008, 14.265904828000032], [121.09048545300004, 14.265907501000072], [121.09043482900006, 14.26592785500003], [121.09041786700004, 14.265932552000038], [121.09039768600007, 14.265936200000056], [121.09037684400005, 14.265939162000052], [121.09036543600007, 14.26593876000004], [121.09035315200003, 14.265936988000021], [121.09034088700002, 14.265930725000032], [121.09032862300012, 14.265921853000066], [121.09031870700005, 14.265909066000063], [121.090312444, 14.265895236000063], [121.09028743700003, 14.265793683000027], [121.09028078200004, 14.265778043000068], [121.090271303, 14.265761415000043], [121.0902479990001, 14.26573273200006], [121.09015209100005, 14.265636824000069], [121.09012251200011, 14.265608142000076], [121.09011050700008, 14.265590388000021], [121.09010269800001, 14.265572819000056], [121.09009831100002, 14.265550776000055], [121.0900886170001, 14.265427286000033], [121.0900863380001, 14.265404488000058], [121.09008177800001, 14.265383319000023], [121.0900742880001, 14.265358568000067], [121.09006484300005, 14.265340981000065], [121.09004986200011, 14.26532469700004], [121.090026738, 14.26531264700003], [121.09000328900004, 14.265307110000037], [121.08997169800011, 14.265304830000048], [121.08994694700004, 14.265305807000061], [121.08987512400006, 14.265318626000067], [121.08985347600003, 14.265324045000057], [121.08983210000008, 14.26533476000003], [121.08981537200009, 14.265347820000045], [121.0897962470001, 14.265367028000071], [121.089642077, 14.265571392000027], [121.08962224400011, 14.265590452000026], [121.08959457200001, 14.26561083100006], [121.08957046100011, 14.265626928000074], [121.08953720600005, 14.265643995000062], [121.0894699810001, 14.265673574000061], [121.08943933900002, 14.265684132000047], [121.08941261600012, 14.265690604000042], [121.0892943, 14.265700464000076], [121.08921064700007, 14.265699992000066], [121.0891907250001, 14.265702117000046], [121.08917150200011, 14.265706738000063], [121.0891455090001, 14.265719287000024], [121.08896713800004, 14.26581698700005], [121.08894275800003, 14.265826660000073], [121.0889187360001, 14.265832225000054], [121.08889941100006, 14.265833564000047], [121.08885104800004, 14.26583432600006], [121.08882910300008, 14.26583043200003], [121.0887860790001, 14.265815195000073], [121.08869554900002, 14.265761415000043], [121.088674566, 14.265754885000035], [121.08865252500004, 14.265751555000065], [121.08859874500001, 14.265745281000022], [121.08835673500005, 14.265743488000055], [121.08826979100002, 14.26573811000003], [121.08817029800002, 14.265726458000074], [121.08809590200008, 14.265706738000063], [121.08799820200011, 14.26566998900006], [121.08785120300001, 14.265614416000062], [121.08772011600001, 14.265532776000043], [121.08769566600006, 14.265515038000046], [121.08767552200004, 14.265496996000024], [121.08766019000007, 14.26547716400006], [121.08757065100008, 14.265347309000049], [121.0875464500001, 14.265323108000075], [121.08751328500011, 14.26528815100005], [121.08745699700012, 14.26524121500006], [121.08743973100002, 14.265220495000051], [121.08742748700001, 14.265198205000047], [121.08741649900003, 14.265167125000062], [121.08741338800007, 14.265143759000068], [121.08741572500003, 14.265118838000035], [121.08742247400005, 14.26509936900004], [121.08743439400007, 14.26508079100006], [121.08744765400002, 14.26506925700005], [121.08752918000005, 14.265009058000032], [121.08753639800011, 14.265001673000029], [121.08754242600003, 14.264990622000028], [121.08754523900006, 14.264979973000038], [121.08754564100002, 14.264970730000073], [121.08754162200012, 14.264958272000058], [121.08753459000002, 14.264946417000033], [121.08752404100005, 14.26493589200004], [121.08745614700001, 14.26488546400003], [121.08744783700001, 14.264876941000068], [121.08744068200008, 14.264862392000055], [121.08740099600004, 14.264771394000036], [121.08739691300002, 14.264763161000076], [121.08738959100003, 14.264753936000034], [121.08736987200007, 14.264736906000053], [121.08729206200007, 14.264688033000027], [121.08727486100008, 14.264671473000021], [121.08726015500008, 14.264651783000033], [121.0872058430001, 14.264587218000031], [121.0871917180001, 14.26457440300004], [121.08718076600007, 14.264566716000047], [121.08717039500004, 14.264560969000058], [121.08715828600009, 14.264557687000035], [121.08714783200003, 14.264556481000056], [121.08713739100006, 14.264556268000035], [121.08706473400002, 14.264565430000061], [121.08704901100009, 14.264565409000056], [121.08703161800008, 14.264563545000044], [121.08701699400001, 14.264559843000029], [121.08700373600004, 14.264553498000055], [121.08699322500001, 14.264546585000062], [121.08698337600003, 14.264536831000044], [121.08697646300004, 14.264525657000036], [121.08697106500006, 14.264512209000031], [121.0869683190001, 14.264500751000071], [121.08690600300008, 14.264123320000067], [121.08690439800012, 14.264113244000043], [121.08690089400011, 14.264102259000026], [121.08689716800006, 14.264093338000066], [121.08687320600006, 14.264051315000074], [121.08686595000006, 14.26404165200006], [121.08685020900009, 14.264026057000024], [121.08681851500012, 14.264000568000029], [121.08680894100007, 14.263994208000042], [121.0867954040001, 14.263987160000056], [121.08677187500007, 14.263979408000068], [121.08674239100003, 14.263973278000037], [121.08670808500005, 14.263970262000043], [121.08655821400009, 14.26397391200004], [121.08654236500001, 14.263972996000064], [121.08651528100006, 14.263969018000068], [121.08649866300004, 14.263965476000067], [121.08644541600006, 14.263948132000053], [121.08640855600004, 14.263933412000029], [121.08639196800004, 14.263924286000076], [121.08635772600007, 14.26389649600003], [121.08633092900004, 14.26386870600004], [121.08630710800003, 14.26383942700005], [121.08629552100001, 14.263815536000038], [121.08628614600002, 14.263788263000038], [121.08628130300008, 14.263760522000041], [121.08627929800002, 14.26368954700007], [121.08627783800011, 14.263673311000048], [121.08627612400005, 14.26366407300003], [121.08627337100006, 14.263656634000029], [121.0862690570001, 14.263649865000048], [121.08626571000002, 14.263646295000058], [121.08625975900009, 14.263641385000028], [121.08625403100007, 14.263637740000036], [121.0862477820001, 14.263635360000023], [121.08623843400005, 14.263633542000036], [121.08621654300009, 14.263631718000056], [121.08604005000007, 14.263633519000052], [121.0860221150001, 14.263632032000032], [121.08600260000003, 14.263629283000057], [121.08597954700008, 14.263623436000046], [121.08572760000004, 14.263552047000076], [121.08571440700007, 14.26354709900005], [121.08570478600006, 14.263541327000041], [121.08569640300004, 14.263535692000062], [121.08568582400005, 14.263524980000057], [121.085650353, 14.263483348000022], [121.08563055000002, 14.263460104000046], [121.08561649800004, 14.263436683000066], [121.08557349500006, 14.26334550300004], [121.08556390000001, 14.263330250000024], [121.08555258400008, 14.26331721200006], [121.08553930000005, 14.263307372000043], [121.08538700200006, 14.263246648000063], [121.08536086700008, 14.26323215800005], [121.08533757500004, 14.263213644000075], [121.08531666500005, 14.263187813000059], [121.085294524, 14.26315263400005], [121.08523738300005, 14.263040595000064], [121.08522347100006, 14.262998596000045], [121.085215994, 14.262959135000074], [121.0852135020001, 14.262920090000023], [121.08521641000004, 14.26288353700005], [121.08522471700007, 14.262846984000078], [121.08523940000009, 14.262810685000034], [121.08527570100011, 14.26273203200003], [121.08528494600012, 14.262707418000048], [121.08528858800003, 14.262690313000064], [121.0852882690001, 14.262671280000063], [121.08528536200004, 14.262658403000046], [121.0852791310001, 14.262646773000029], [121.08527082400008, 14.262635973000044], [121.08524922400011, 14.262618112000041], [121.08522912300009, 14.262607123000066], [121.08448916900011, 14.262306498000044], [121.0842653090001, 14.262233895000065], [121.08387002600011, 14.26216935900004], [121.08380926500001, 14.262163244000021], [121.0837631390001, 14.26216129200003], [121.08371969600012, 14.26216621900005], [121.08367902500004, 14.26217484600005], [121.0836368140001, 14.262191484000027], [121.08359776500004, 14.262213727000074], [121.08356907000007, 14.262234944000056], [121.08328708700003, 14.262496727000041], [121.08325088400011, 14.262526324000078], [121.08320234700011, 14.262552425000024], [121.08315579900011, 14.262567941000043], [121.08309453200002, 14.262581070000067], [121.08304957500002, 14.262583059000065], [121.08300064100001, 14.262579080000023], [121.0829161040001, 14.262562625000044], [121.08277694800006, 14.262524307000035], [121.08264384200004, 14.262473888000045], [121.08249863600008, 14.26241741900003], [121.0824361120001, 14.262384360000055], [121.08238569800005, 14.262352883000062], [121.08234429600009, 14.262321198000052], [121.08230099500008, 14.26228229700007], [121.08222839200005, 14.262201627000024], [121.08214783900007, 14.262094450000063], [121.08213953900008, 14.262081292000062], [121.0821340120001, 14.262068541000076], [121.0821301200001, 14.262051107000048], [121.0821286050001, 14.262030630000027], [121.08212949800009, 14.262012971000047], [121.08214576000012, 14.261928415000057], [121.08214772200006, 14.261909198000069], [121.08214817900011, 14.261879779000026], [121.0821436110001, 14.261852908000037], [121.0821358180001, 14.261833293000052], [121.08212507000007, 14.261814752000078], [121.08210738700006, 14.261790210000072], [121.08190006200005, 14.262121152000077], [121.08190006200005, 14.262231233000023], [121.08200326300005, 14.262537394000049], [121.08207206300006, 14.262736915000062], [121.08205142300005, 14.262960517000067], [121.08193446200005, 14.263431799000045], [121.08169366100003, 14.264350284000045], [121.08166270100003, 14.264628925000068], [121.08159579300002, 14.264743639000073], [121.08157235800002, 14.264744928000027], [121.0797748870001, 14.264510177000034], [121.07913214200005, 14.264573398000039], [121.0771112870001, 14.264772170000072], [121.07632530700005, 14.264848585000038], [121.0758013200001, 14.264488344000029], [121.07547900800012, 14.26488080200005], [121.0750357280001, 14.26520044700004], [121.074487782, 14.265657068000053], [121.07403116100011, 14.265876247000051], [121.07377545300005, 14.267099992000055], [121.07384851200004, 14.267510951000077], [121.07496612200009, 14.26931819400005], [121.07445757800008, 14.272011919000022], [121.07435942300003, 14.272531840000056], [121.074128, 14.273908809000034], [121.07336044600004, 14.273847096000054], [121.07285902900003, 14.275351348000072], [121.0726860740001, 14.276811555000052], [121.07276985100009, 14.276903710000056], [121.0731510390001, 14.27706498200007], [121.07332487800011, 14.277186459000063], [121.07345473300006, 14.277293276000023], [121.07364323200011, 14.27746920900006], [121.07384429800004, 14.277546703000041], [121.07408725300002, 14.277567647000069], [121.074307169, 14.277592780000077], [121.0744286470001, 14.277603253000052], [121.07460876800008, 14.277674464000029], [121.07485172300005, 14.27778756300006], [121.07508420600004, 14.277932080000028], [121.07526851600005, 14.278103823000038], [121.07545911000011, 14.278235773000063], [121.07567483800005, 14.27836772300003], [121.07639951300007, 14.278644189000033], [121.07692521700005, 14.278949977000025], [121.07708858400008, 14.279052604000071], [121.07729383900005, 14.279174082000054], [121.07746348800003, 14.279268331000026], [121.0775556430001, 14.279266237000058], [121.07763313800001, 14.279232726000032], [121.07773157600002, 14.279019093000045], [121.07780278700011, 14.278912277000074], [121.07795987000009, 14.27883687700006], [121.07810019700003, 14.278843160000065], [121.07839551300003, 14.278889238000033], [121.07859448500005, 14.27900862100006], [121.07901127800005, 14.279329070000074], [121.07920187200011, 14.279490342000031], [121.07933172700007, 14.279569930000036], [121.07945529900007, 14.279752147000067], [121.0795202270001, 14.279888285000027], [121.07954954900003, 14.280112390000056], [121.07957468200004, 14.280332306000048], [121.07967731000008, 14.280489389000024], [121.07980507000002, 14.280592016000071], [121.07998100300006, 14.280726061000053], [121.0802302410001, 14.280874766000068], [121.08035800200003, 14.280876860000035], [121.08043759100008, 14.280862199000069], [121.08063237400006, 14.280799366000053], [121.08081459000005, 14.280688361000045], [121.08092559500005, 14.280631811000035], [121.08106382800008, 14.280665322000061], [121.08120625000004, 14.280759572000022], [121.08133191600007, 14.280887332000077], [121.08151203800003, 14.281096776000027], [121.0816670260001, 14.281276898000044], [121.08182201500006, 14.281369053000049], [121.08200632500007, 14.281465397000034], [121.08232258500004, 14.28161829100003], [121.0825257460001, 14.281785846000048], [121.08271634000005, 14.282007857000053], [121.08280640100008, 14.282173318000048], [121.08278964500005, 14.282294795000041], [121.08267864000004, 14.282500050000067], [121.08247129100005, 14.282743005000043], [121.08242303100008, 14.282794188000025], [121.08225137400007, 14.282973393000077], [121.08224718600002, 14.28304251000003], [121.08228488600002, 14.28311162600005], [121.08242940200012, 14.283155609000062], [121.08254535000003, 14.283170733000077], [121.08267026200008, 14.283187026000064], [121.08288598900003, 14.283195404000026], [121.083141511, 14.28319749800005], [121.08329231000005, 14.283279181000069], [121.08346196000002, 14.283354581000026], [121.08365883700003, 14.283450925000068], [121.083803353, 14.283610102000068], [121.08386409200011, 14.283800696000071], [121.08397928600004, 14.283936835000077], [121.08417197500012, 14.284068784000056], [121.08434371900012, 14.284146279000026], [121.08445053500009, 14.284286606000023], [121.08444425200003, 14.284408083000073], [121.0844149290001, 14.28450861600004], [121.08437094600004, 14.284632188000046], [121.08432277400004, 14.284843727000066], [121.0843164910001, 14.285002904000066], [121.08430183000007, 14.285159987000043], [121.08427460200005, 14.285333825000066], [121.08431439600008, 14.285503475000041], [121.08445262900011, 14.28561866900003], [121.0845992400001, 14.285735957000043], [121.08469558400009, 14.285874190000072], [121.08477726700005, 14.286037557000043], [121.0847584170001, 14.286190451000039], [121.0846976790001, 14.286358006000057], [121.08459714600008, 14.286588394000034], [121.08457829600002, 14.286676360000058], [121.08463065700005, 14.286789460000023], [121.08476051200012, 14.286875332000022], [121.08493644500004, 14.28696539300006], [121.08507048900003, 14.28706802000005], [121.08517102200005, 14.287187403000075], [121.08529040500002, 14.287327731000062], [121.08542863800005, 14.287407319000067], [121.08560875900002, 14.28745549100006], [121.08583077000003, 14.287539269000035], [121.0859124530001, 14.28761885800003], [121.08592292500009, 14.28775709100006], [121.08591664200003, 14.287855529000069], [121.08586847000004, 14.287972818000071], [121.08576374800009, 14.287991668000075], [121.08572395400006, 14.287951873000054], [121.08565064800007, 14.287886946000071], [121.08553336000011, 14.287796885000034], [121.08542654300004, 14.287759185000027], [121.08528412100009, 14.287763374000065], [121.08509771600006, 14.287834585000041], [121.08501184400006, 14.287985384000024], [121.08494063400008, 14.288115240000025], [121.08489874500003, 14.28826394500004], [121.08489036700007, 14.288412650000055], [121.08489874500003, 14.288643038000032], [121.08490083900006, 14.288768704000063], [121.0849050280001, 14.288940448000062], [121.08498461700003, 14.289095437000071], [121.08512494400009, 14.28915408100005], [121.08529249900005, 14.289202253000042], [121.08537027300008, 14.289220064000062], [121.085472621, 14.28924414200003], [121.08570510400011, 14.289286031000074], [121.08578678700007, 14.289365619000023], [121.08596900300006, 14.289568780000025], [121.0862056740001, 14.289830585000061], [121.08631174800007, 14.289895264000052], [121.0863774180001, 14.289935307000064], [121.08650936800007, 14.290029556000036], [121.08665807300008, 14.290125901000067], [121.0868067780001, 14.29014475100007], [121.08693244500012, 14.290134278000039]]]]}}, {"type": "Feature", "properties": {"psgc_code": 403428022, "name": "Sinalhan", "corr_code": 43428022.0, "geo_level": "Bgy", "city_class": null, "inc_class": null, "urb_rur": null, "pop_2015": "U", "pop_2020": null, "status": null, "adm4_pcode": "PH0403428022", "adm4_en": "Sinalhan", "adm3_pcode": "PH0403428", "adm2_pcode": "PH04034", "adm1_pcode": "PH04", "adm0_pcode": "PH", "shape_len": 0.0695588818796, "shape_area": 0.00013712496162, "shape_sqkm": 1.63670626657}, "geometry": {"type": "MultiPolygon", "coordinates": [[[[121.10016638800005, 14.336360121000041], [121.10056950700005, 14.33602187200006], [121.10077110800012, 14.335847870000066], [121.10134515000004, 14.335413423000034], [121.101856773, 14.335261414000058], [121.10262847000001, 14.335121240000035], [121.10354894300008, 14.335138357000062], [121.10383879200003, 14.335179700000026], [121.10403751800004, 14.33534714800004], [121.10422607500004, 14.33553402800004], [121.104435383, 14.335633266000059], [121.1047055470001, 14.335635425000078], [121.10505641600002, 14.335560175000069], [121.10532797300004, 14.335396485000047], [121.1055394120001, 14.33524206800007], [121.10577045200012, 14.335136592000026], [121.10593079600005, 14.335108602000048], [121.10609983300003, 14.335236787000042], [121.10635982800011, 14.33525837600007], [121.10649072600006, 14.33516185600007], [121.10661210900003, 14.335006719000035], [121.10677433600006, 14.334754346000068], [121.10700570400002, 14.334609844000056], [121.10724426400009, 14.334495916000037], [121.10724308200008, 14.334515537000073], [121.10775540600002, 14.334225023000045], [121.10817292700006, 14.333979783000075], [121.10928069400006, 14.333620363000023], [121.10937603600007, 14.333510648000072], [121.1094636360001, 14.333198332000052], [121.10954071200001, 14.333014821000063], [121.10973983600002, 14.332915139000022], [121.10991907300001, 14.332934979000072], [121.11017399900004, 14.332937010000023], [121.1103246020001, 14.332993446000046], [121.11045601500007, 14.333086556000069], [121.1106164470001, 14.333097040000041], [121.11072099900002, 14.333015016000047], [121.11079807500005, 14.332831504000069], [121.11090355200008, 14.332639012000072], [121.1113413380001, 14.332228214000054], [121.11176039200006, 14.331798854000056], [121.11196198000005, 14.331404589000044], [121.11214414400001, 14.331074611000076], [121.11253456200006, 14.330681846000061], [121.11309307800002, 14.330511368000032], [121.11327316100005, 14.330429944000059], [121.11346353300007, 14.330247331000066], [121.113691517, 14.330083430000059], [121.11402351200002, 14.329901943000039], [121.11435535100009, 14.32973886700006], [121.11462961900008, 14.329685808000022], [121.1147152850001, 14.329603632000044], [121.11471636200008, 14.329474752000067], [121.11469894000004, 14.329299694000042], [121.114756897, 14.329143647000024], [121.11488056000007, 14.329034154000055], [121.11505058400007, 14.32902629800003], [121.11513594400003, 14.328980944000023], [121.11524087600003, 14.328852889000075], [121.11522307000007, 14.328723860000025], [121.11518645700005, 14.328585475000068], [121.11521624300008, 14.328410791000067], [121.11533100200006, 14.328236783000023], [121.11550225600001, 14.328081635000046], [121.1156356670001, 14.327935395000054], [121.11566568300009, 14.327733093000063], [121.11573338800008, 14.327540299000077], [121.11576302000003, 14.32738402700005], [121.11592583000004, 14.327109130000053], [121.11629758200002, 14.32668859000006], [121.11647850700001, 14.32650589900004], [121.11666841100009, 14.32637851800007], [121.11673580800004, 14.326222546000054], [121.11673696000003, 14.326084460000061], [121.11676674300008, 14.32590977700005], [121.11689094200005, 14.32573584100004], [121.11711845800005, 14.325627171000065], [121.11736477900001, 14.325527855000075], [121.1175077050001, 14.325372481000045], [121.11758461900001, 14.325207377000027], [121.11759559600011, 14.325023337000061], [121.11762553200003, 14.324830243000065], [121.11765708200005, 14.324778907000052], [121.11671005300002, 14.324104471000055], [121.11669476800012, 14.32409350200004], [121.11667720100002, 14.324080895000066], [121.11606890600001, 14.323830756000064], [121.11565351700006, 14.324486148000062], [121.11543703500001, 14.324827708000043], [121.11543528400011, 14.324829664000049], [121.114700362, 14.325650840000037], [121.1143558330001, 14.326035284000056], [121.11370992000002, 14.326484615000027], [121.11287866200007, 14.326601494000045], [121.11254257900009, 14.326142596000068], [121.1122435100001, 14.325738442000045], [121.11196169300001, 14.325314520000063], [121.11023965700008, 14.324754557000063], [121.10818115200004, 14.324085183000022], [121.10801803800007, 14.324032143000068], [121.10772846900011, 14.325397254000052], [121.10777792400006, 14.326728959000036], [121.10765894000008, 14.327430961000061], [121.10745666800005, 14.327978285000029], [121.1072306000001, 14.328442321000068], [121.10655046500005, 14.328699406000055], [121.10496188900004, 14.329299872000036], [121.104585498, 14.329299872000036], [121.10304455100004, 14.328901163000069], [121.10360849900007, 14.325768121000067], [121.100959912, 14.325144924000028], [121.10094541400008, 14.325141513000062], [121.10066344000006, 14.326551382000048], [121.09998983600008, 14.326410395000039], [121.09919091000006, 14.326864686000022], [121.09919091000006, 14.327945585000066], [121.09615974200005, 14.327900344000057], [121.09610556900009, 14.32833613200006], [121.0960989670001, 14.328484683000056], [121.09611877400005, 14.328679450000038], [121.09616829100003, 14.328828001000034], [121.09632674500006, 14.329045875000077], [121.09638946600012, 14.329098693000049], [121.09658093200005, 14.329158113000062], [121.09665685800007, 14.32934627800006], [121.09667006200004, 14.329488226000024], [121.09680210700003, 14.329686294000055], [121.09705711900006, 14.329933878000077], [121.09720071800007, 14.33011213900005], [121.09729975200003, 14.330394386000023], [121.0973740280001, 14.330533033000052], [121.09734431700008, 14.330934120000052], [121.09740373800003, 14.331211415000041], [121.09729975200003, 14.331444144000045], [121.0973740280001, 14.331607550000058], [121.09749782000006, 14.331845231000045], [121.09744830300008, 14.332162140000037], [121.09744335100004, 14.332399821000024], [121.09725023500005, 14.332667212000047], [121.09715615300001, 14.332711777000043], [121.096948182, 14.332949459000076], [121.09707692600011, 14.333414918000074], [121.09705711900006, 14.333796198000073], [121.09731460700004, 14.334088348000023], [121.09742610300009, 14.334015114000067], [121.09751344000006, 14.334003505000055], [121.09755737900002, 14.334005597000044], [121.09759713300002, 14.334011351000072], [121.0976332250001, 14.334022859000072], [121.0976944250001, 14.334045875000072], [121.09772790300008, 14.334062090000032], [121.09776399500004, 14.334088244000043], [121.09779747200002, 14.334118583000077], [121.09782676500004, 14.334149444000047], [121.09786024200002, 14.334197568000036], [121.09787907200007, 14.334226337000075], [121.0979010420001, 14.334266614000057], [121.09804056100006, 14.334552941000027], [121.09806215000003, 14.334591446000047], [121.09812173000012, 14.334663341000066], [121.09817722800005, 14.334724309000023], [121.09821541300005, 14.334756740000046], [121.0982619670001, 14.334785509000028], [121.09830590500007, 14.334805909000067], [121.09853847500005, 14.33487494600007], [121.0985815680001, 14.334900063000077], [121.0986061530001, 14.334925694000049], [121.09862498400003, 14.334956033000026], [121.09863984600008, 14.334991225000067], [121.0988008490001, 14.335393730000021], [121.09883526200008, 14.335466035000024], [121.09887240500007, 14.335521936000077], [121.09900474000005, 14.33570194400005], [121.09902304700006, 14.335720775000027], [121.09904763200007, 14.335740129000044], [121.09907483200004, 14.335755822000067], [121.09911144800003, 14.33576471400005], [121.09914963300002, 14.33576471400005], [121.09927255600007, 14.335734898000055], [121.09930655700009, 14.33573332900005], [121.099501142, 14.33574483700005], [121.09955815500007, 14.335757476000026], [121.09962406600005, 14.335780406000026], [121.09968840500005, 14.335819637000043], [121.09979668200003, 14.335936807000053], [121.09982179000008, 14.335983361000046], [121.099843759, 14.336046131000046], [121.09985332600002, 14.336115259000053], [121.09989208600007, 14.33644620800004], [121.0998179830001, 14.336526613000046], [121.09983031200011, 14.336565695000047], [121.10016638800005, 14.336360121000041]]]]}}, {"type": "Feature", "properties": {"psgc_code": 403428023, "name": "Tagapo", "corr_code": 43428023.0, "geo_level": "Bgy", "city_class": null, "inc_class": null, "urb_rur": null, "pop_2015": "U", "pop_2020": null, "status": null, "adm4_pcode": "PH0403428023", "adm4_en": "Tagapo", "adm3_pcode": "PH0403428", "adm2_pcode": "PH04034", "adm1_pcode": "PH04", "adm0_pcode": "PH", "shape_len": 0.105005917104, "shape_area": 0.000329070945666, "shape_sqkm": 3.92797447325}, "geometry": {"type": "MultiPolygon", "coordinates": [[[[121.10655046500005, 14.328699406000055], [121.1072306000001, 14.328442321000068], [121.10745666800005, 14.327978285000029], [121.10765894000008, 14.327430961000061], [121.10777792400006, 14.326728959000036], [121.10772846900011, 14.325397254000052], [121.10801803800007, 14.324032143000068], [121.10818115200004, 14.324085183000022], [121.11023965700008, 14.324754557000063], [121.11196169300001, 14.325314520000063], [121.11118341100007, 14.324207609000041], [121.10975031900011, 14.323667057000023], [121.10876978300007, 14.32362934400004], [121.10854837300008, 14.323178606000056], [121.10867695400009, 14.322655402000066], [121.10999528800005, 14.323012001000052], [121.11013902500008, 14.322561364000023], [121.11042080600009, 14.321677945000033], [121.11238647100004, 14.322318191000022], [121.11236459800011, 14.32175890800005], [121.11056321700005, 14.32102293500003], [121.11061373600012, 14.320840100000055], [121.110755057, 14.320369029000062], [121.11078744300005, 14.320198266000034], [121.11079627600009, 14.320003950000057], [121.11079038700007, 14.319844963000037], [121.11073150400011, 14.319544656000062], [121.11070469600008, 14.319313539000063], [121.11069617300006, 14.31928262300005], [121.11067503700008, 14.319249205000062], [121.11065467200001, 14.319217407000053], [121.11057210600006, 14.319175247000032], [121.1104737500001, 14.319133312000076], [121.1103063490001, 14.319088797000063], [121.11011781700006, 14.319073152000044], [121.1100751240001, 14.319064164000054], [121.11003467800003, 14.31904843500007], [121.10961739600009, 14.318774951000023], [121.1093489750001, 14.31859903000003], [121.10924958800001, 14.318533892000062], [121.10928149300003, 14.318499122000048], [121.10947133600007, 14.318242275000046], [121.1096611800001, 14.31787375500005], [121.10996269600003, 14.318013346000043], [121.110465223, 14.31687428400005], [121.1104819740001, 14.316790530000048], [121.11040380300005, 14.316740277000065], [121.11019720900003, 14.316667690000031], [121.11033121600008, 14.316310337000061], [121.10960873200008, 14.315995102000045], [121.11006975600003, 14.31578633600003], [121.11082653200003, 14.315455791000034], [121.11207912700002, 14.314925177000077], [121.11234928400006, 14.314755151000043], [121.11234878300002, 14.314733809000074], [121.11234152400004, 14.314568445000077], [121.11234027000012, 14.31453988800007], [121.1123402610001, 14.314538078000055], [121.11230351800009, 14.31453986300005], [121.11156647000007, 14.314506014000074], [121.1114510430001, 14.314484639000057], [121.11124797700006, 14.31440555000006], [121.11109621100002, 14.314375624000036], [121.11097650900001, 14.31436493700005], [121.11074137900005, 14.314373487000069], [121.11069526300003, 14.31437027000004], [121.110646642, 14.314355310000053], [121.11040578500001, 14.314232409000056], [121.11031173300012, 14.314200346000064], [121.1101838080001, 14.31418233100004], [121.11014921300011, 14.314173916000072], [121.11012583700006, 14.314161761000037], [121.11010620200011, 14.314138385000035], [121.11002743900008, 14.31403148000004], [121.10963413200011, 14.313717261000022], [121.10954221700001, 14.313657410000076], [121.10948353700007, 14.313632261000066], [121.1094075520001, 14.31359969600004], [121.10817846500004, 14.31316791200004], [121.10811220100004, 14.313137987000061], [121.10772397300002, 14.313500866000027], [121.10744530200009, 14.313761341000031], [121.10693193700001, 14.313554815000032], [121.10727642200004, 14.312952021000058], [121.10719947000007, 14.31292637000007], [121.10700067800008, 14.312851556000055], [121.10692800200002, 14.312836593000043], [121.10684250000008, 14.312830181000038], [121.10656248200007, 14.312825906000057], [121.10648766800011, 14.312825906000057], [121.1064064410001, 14.312810943000045], [121.1063401780001, 14.312787430000071], [121.10624185100005, 14.312742541000034], [121.10603878400002, 14.312573675000067], [121.10592864600005, 14.312443044000076], [121.10549157300011, 14.311947375000045], [121.10544241000002, 14.311887524000042], [121.10516025400011, 14.311530554000058], [121.10512177800001, 14.311472841000068], [121.10501917600004, 14.31128046200007], [121.10488664800005, 14.311023957000032], [121.10481610900001, 14.310936317000028], [121.10475097900007, 14.310865759000023], [121.10473915800003, 14.310852953000051], [121.10460025900011, 14.310719335000044], [121.10444845200004, 14.310536597000066], [121.104377913, 14.31047888300003], [121.10422401000005, 14.31038910600006], [121.10380291400008, 14.310179627000025], [121.10337326800004, 14.30998938600004], [121.10291797100001, 14.309826933000068], [121.1027683430001, 14.309790594000049], [121.1024904630001, 14.309735018000026], [121.10143879100008, 14.309478513000045], [121.10111241000004, 14.309382097000025], [121.10109778800006, 14.309381407000046], [121.10080607900011, 14.309309647000077], [121.09966363700005, 14.308938983000075], [121.09959702800006, 14.308927499000049], [121.09953960500002, 14.308922905000031], [121.09948594200011, 14.30892196700006], [121.09934266300002, 14.308947553000053], [121.09932733700009, 14.308947421000028], [121.09929640000007, 14.30894020200003], [121.09926761200006, 14.308920262000072], [121.09925055500003, 14.308893823000062], [121.09896399600007, 14.308401728000035], [121.098923592, 14.308343947000026], [121.09871634900003, 14.308102163000058], [121.09868180900003, 14.308048434000057], [121.09863959300003, 14.307981272000063], [121.09861656600003, 14.307916028000022], [121.09858201800012, 14.307750565000049], [121.09856500100011, 14.307707314000027], [121.0985486940001, 14.307678244000044], [121.09852387700005, 14.307651301000021], [121.09849126200004, 14.307629321000036], [121.0983069130001, 14.307520838000073], [121.0981332, 14.307441427000072], [121.09810129300001, 14.307430082000053], [121.09805662400004, 14.307421574000045], [121.0978885830001, 14.307401721000076], [121.09785880400011, 14.307395339000038], [121.09783044200003, 14.307385413000077], [121.0978077530001, 14.307371232000037], [121.097779392, 14.307349252000051], [121.0977558510001, 14.307325749000029], [121.09769289000008, 14.307259205000037], [121.09766807400001, 14.30722942500006], [121.09735902300008, 14.306745687000046], [121.09733698500008, 14.306692870000063], [121.09587576500007, 14.305596070000036], [121.09465370900011, 14.305539667000062], [121.08964368700003, 14.305692780000072], [121.09045661400012, 14.308555057000035], [121.09018314000002, 14.309255835000044], [121.09023441600004, 14.309888244000035], [121.08965582200005, 14.309963010000047], [121.0892825630001, 14.310820851000074], [121.088784884, 14.311953725000023], [121.08863427100005, 14.312732985000025], [121.08900609700004, 14.315738703000022], [121.08874868600003, 14.317428191000033], [121.0903383110001, 14.318865566000056], [121.09098988100004, 14.319138098000053], [121.0919819610001, 14.319572794000067], [121.0922046070001, 14.319762697000044], [121.09254512400003, 14.319585891000031], [121.09319478500004, 14.319966658000055], [121.093309911, 14.320022364000067], [121.09348074400009, 14.320063215000062], [121.09370356900001, 14.320174628000075], [121.09379501300009, 14.320260100000041], [121.09398210000006, 14.320304609000061], [121.09415664700009, 14.320293468000045], [121.0942653940001, 14.32028697800007], [121.0943346030001, 14.320296865000046], [121.09449420900012, 14.320305340000061], [121.09455070600006, 14.32032511400007], [121.09463969, 14.320377374000032], [121.09467641300012, 14.320398561000047], [121.09482895600001, 14.320445171000074], [121.0948699170001, 14.320466358000033], [121.09493887000008, 14.320525621000058], [121.09502528500002, 14.320585003000076], [121.09508037000012, 14.320665511000072], [121.0951170940001, 14.32069376000004], [121.09517076600002, 14.320710709000025], [121.09521737700004, 14.320712122000032], [121.09535862000007, 14.320690935000073], [121.09540664300005, 14.320696585000064], [121.09544195400008, 14.320716359000073], [121.0956524070001, 14.320877377000045], [121.09589534700001, 14.321021446000032], [121.09621173200003, 14.321243198000047], [121.09660580200011, 14.321448002000068], [121.09665665000011, 14.321484725000062], [121.09672021000006, 14.321575121000024], [121.0968083790001, 14.32172115800006], [121.09683105400006, 14.32183999700004], [121.09697366400007, 14.322244543000068], [121.09689217300001, 14.322500658000024], [121.09690672500005, 14.322582149000027], [121.0970085890001, 14.322669462000022], [121.09713082600001, 14.322759684000061], [121.09723560000009, 14.322972143000072], [121.09697539000001, 14.32375925100007], [121.09699112700002, 14.32386563700004], [121.09690538300003, 14.324243351000064], [121.09677866700008, 14.32479405500004], [121.09661568500007, 14.325294644000053], [121.09660404300007, 14.325629340000035], [121.09646725400012, 14.326356941000029], [121.0964119570001, 14.326898276000065], [121.09625479500005, 14.32731446300005], [121.0961616620001, 14.32788490200005], [121.09615974200005, 14.327900344000057], [121.09919091000006, 14.327945585000066], [121.09919091000006, 14.326864686000022], [121.09998983600008, 14.326410395000039], [121.10066344000006, 14.326551382000048], [121.10094541400008, 14.325141513000062], [121.100959912, 14.325144924000028], [121.10360849900007, 14.325768121000067], [121.10304455100004, 14.328901163000069], [121.104585498, 14.329299872000036], [121.10496188900004, 14.329299872000036], [121.10655046500005, 14.328699406000055]]]]}}, {"type": "Feature", "properties": {"psgc_code": 403404001, "name": "Baclaran", "corr_code": 43404001.0, "geo_level": "Bgy", "city_class": null, "inc_class": null, "urb_rur": null, "pop_2015": "U", "pop_2020": null, "status": null, "adm4_pcode": "PH0403404001", "adm4_en": "Baclaran", "adm3_pcode": "PH0403404", "adm2_pcode": "PH04034", "adm1_pcode": "PH04", "adm0_pcode": "PH", "shape_len": 0.0655250701326, "shape_area": 0.000101311368251, "shape_sqkm": 1.20968150259}, "geometry": {"type": "MultiPolygon", "coordinates": [[[[121.15837498000008, 14.251723217000063], [121.15841467500002, 14.251406486000064], [121.15868193100005, 14.249273972000026], [121.15885539900012, 14.249329253000042], [121.15941528100007, 14.249507677000054], [121.15939110500005, 14.249701088000052], [121.1595603400001, 14.24965273500004], [121.15961675100004, 14.249499618000073], [121.15982628000006, 14.249539912000046], [121.16028563100008, 14.249612441000068], [121.16044680700008, 14.249781676000055], [121.16055963000008, 14.249830029000066], [121.16064827700006, 14.249789735000036], [121.16083362900008, 14.249862264000058], [121.16123656900004, 14.249701088000052], [121.1614299800001, 14.249112796000077], [121.16153474500004, 14.248879091000049], [121.1615911560001, 14.249354560000029], [121.16184097900009, 14.249410972000021], [121.16218750700011, 14.249370678000048], [121.1625743300001, 14.249273972000026], [121.16282199500006, 14.24932663100003], [121.16292244500005, 14.249244444000055], [121.163068554, 14.249229225000022], [121.16320553100002, 14.249052677000066], [121.163564715, 14.24906485200006], [121.16365298900007, 14.249143995000054], [121.16380214100002, 14.249207917000035], [121.1640456560001, 14.249372290000053], [121.16424655600008, 14.249350982000067], [121.16444745500007, 14.249259664000022], [121.16468792600006, 14.249378378000074], [121.16476706800006, 14.249247488000037], [121.16491013300003, 14.248769591000041], [121.16494057200009, 14.248583911000026], [121.16532715200003, 14.24795077300007], [121.16554022700006, 14.247999476000075], [121.1657137310001, 14.248036003000038], [121.1656924240001, 14.24817298000005], [121.16632860600009, 14.248358660000065], [121.16820062500005, 14.248760459000039], [121.16819326000007, 14.248585199000047], [121.16821377600002, 14.248239141000056], [121.1689020230001, 14.248334783000075], [121.16929435000009, 14.248429560000034], [121.17031019900003, 14.24862960300004], [121.17030663100002, 14.248612534000074], [121.17008413400004, 14.248235563000037], [121.16991251000002, 14.248130726000056], [121.16984962300012, 14.247703219000073], [121.16985254500003, 14.247340918000077], [121.17000066100002, 14.247070311000073], [121.170510712, 14.246336635000034], [121.1706862960001, 14.245949777000021], [121.17072911800005, 14.245574841000064], [121.17078718700009, 14.24495415900003], [121.17086959700009, 14.244605407000051], [121.17108528900008, 14.244180036000046], [121.1713814090001, 14.243651759000045], [121.17151854800011, 14.243096383000022], [121.17158849900011, 14.242351339000038], [121.17161649400009, 14.242145998000069], [121.171618695, 14.242140284000072], [121.17118696700004, 14.241985214000067], [121.1708176190001, 14.241858419000039], [121.17000289300006, 14.241637898000022], [121.1697673860001, 14.241581193000059], [121.16899646800005, 14.241285901000026], [121.16882583100005, 14.241228912000054], [121.16872253100007, 14.241180952000036], [121.16867088100003, 14.241214155000023], [121.16861554200011, 14.241166195000062], [121.16853068900002, 14.241121923000037], [121.1681396250001, 14.240985420000072], [121.16806215100007, 14.240955906000067], [121.1678776870001, 14.240930081000045], [121.1678592400001, 14.240955906000067], [121.16776331900007, 14.241258426000059], [121.16773011600003, 14.241284251000025], [121.16769691200011, 14.241306387000066], [121.16761266300011, 14.241298160000042], [121.16757995400008, 14.24141809300005], [121.16757043100006, 14.241453012000022], [121.165723307, 14.241011279000077], [121.16565620600011, 14.241231091000031], [121.16559675000008, 14.241438408000022], [121.16553203300009, 14.24165269200006], [121.16546444000005, 14.241872728000033], [121.1654026000001, 14.242076945000065], [121.16533379600003, 14.242318760000046], [121.16528562000008, 14.242552229000069], [121.16523929700008, 14.242778286000032], [121.16519508200008, 14.242991074000031], [121.16507669600003, 14.24342327900007], [121.16494630600005, 14.243398357000046], [121.16491469800008, 14.243388656000036], [121.16489567300005, 14.243377784000074], [121.16488477300004, 14.243361156000049], [121.164829542, 14.243349058000035], [121.16467080000007, 14.243314288000022], [121.16445469700011, 14.243239122000034], [121.16424235300008, 14.243152681000026], [121.1640450430001, 14.24306060300006], [121.16387028200006, 14.242868930000043], [121.16371055400009, 14.242820072000029], [121.16355044400007, 14.242772840000043], [121.16337284000008, 14.242713413000047], [121.16314487500006, 14.242683417000023], [121.1629154100001, 14.242632425000068], [121.162703942, 14.242627926000068], [121.16246997700011, 14.242567935000068], [121.16226300800008, 14.242494446000023], [121.16196834400012, 14.243620278000037], [121.16175979900004, 14.243494548000058], [121.16152403500007, 14.243387038000037], [121.16130621600007, 14.243269455000075], [121.16110189200003, 14.243153799000027], [121.16090142200005, 14.243047782000076], [121.16074174100004, 14.242943531000037], [121.16036413200004, 14.24264603000006], [121.16018305500006, 14.242598200000032], [121.16016016600008, 14.242586755000048], [121.160032494, 14.242545371000062], [121.16004949500007, 14.24246036900007], [121.160072162, 14.242341366000062], [121.16008916200008, 14.242284698000049], [121.15995424200003, 14.242272532000072], [121.15996466000001, 14.242233106000072], [121.15996270200003, 14.24219785400004], [121.15995486800011, 14.24215868400006], [121.15990394800008, 14.242064678000077], [121.15988632100004, 14.24202550900003], [121.1598804460001, 14.241988298000024], [121.15988261200005, 14.24190177500003], [121.15988416500011, 14.241839724000044], [121.15974270000004, 14.241812778000053], [121.15914989500004, 14.241610685000069], [121.15757357200005, 14.24104145800004], [121.15739703300005, 14.242114081000068], [121.1578551990001, 14.242324173000043], [121.15770954200002, 14.242780565000032], [121.15757845100006, 14.243198115000041], [121.15750084100011, 14.243650248000051], [121.15748620200009, 14.243717625000045], [121.15705894200005, 14.243586533000041], [121.15698570900008, 14.243946592000043], [121.15694297400012, 14.244156707000059], [121.15667098500012, 14.24511989900003], [121.15662682600009, 14.245276154000067], [121.15818542500006, 14.245762721000062], [121.15734793900003, 14.246627353000065], [121.15704761600011, 14.246928558000036], [121.15693316800002, 14.24732664000004], [121.15728646600007, 14.24748089700006], [121.15711728100007, 14.248023284000055], [121.15610217100004, 14.248829401000023], [121.15620169100009, 14.248938873000043], [121.15621661900002, 14.249028442000053], [121.15652513300006, 14.249371788000076], [121.1570028320001, 14.249531021000053], [121.15649248700004, 14.250738080000076], [121.15646623900011, 14.250797137000063], [121.15643736700008, 14.250841757000046], [121.156387332, 14.250885268000047], [121.15632712800004, 14.250793199000043], [121.15627200800009, 14.250752516000034], [121.1562050770001, 14.250715769000067], [121.15611515300009, 14.250673853000023], [121.15414329200007, 14.249989590000041], [121.15377472600005, 14.25075402400006], [121.15483947300004, 14.251204494000035], [121.15635932700002, 14.251501371000074], [121.15820943100005, 14.252004543000055], [121.15837498000008, 14.251723217000063]]]]}}, {"type": "Feature", "properties": {"psgc_code": 403404002, "name": "Banaybanay", "corr_code": 43404001.99999999, "geo_level": "Bgy", "city_class": null, "inc_class": null, "urb_rur": null, "pop_2015": "U", "pop_2020": null, "status": null, "adm4_pcode": "PH0403404002", "adm4_en": "Banaybanay", "adm3_pcode": "PH0403404", "adm2_pcode": "PH04034", "adm1_pcode": "PH04", "adm0_pcode": "PH", "shape_len": 0.156066115105, "shape_area": 0.000330642685925, "shape_sqkm": 3.94780862128}, "geometry": {"type": "MultiPolygon", "coordinates": [[[[121.14544147600009, 14.265191822000077], [121.14573392700004, 14.265228379000064], [121.1458253180001, 14.264990762000025], [121.14638095600003, 14.265124666000077], [121.14646482, 14.264871416000062], [121.1466973900001, 14.264169115000072], [121.147128382, 14.264299962000052], [121.14715715300008, 14.264179902000024], [121.14673854800003, 14.264044825000042], [121.14679316700006, 14.26386560800006], [121.14683925100007, 14.263708579000024], [121.14641595700004, 14.263585687000045], [121.146240153, 14.263525948000051], [121.14605581600006, 14.263462796000056], [121.14586806400007, 14.263403056000072], [121.14567689900002, 14.263345024000046], [121.14543111500006, 14.263259683000058], [121.14550280200001, 14.263058276000038], [121.1455540070001, 14.26287052500004], [121.14561033200005, 14.262681067000074], [121.14643100900003, 14.26294746900004], [121.147045778, 14.263147032000063], [121.1470867810001, 14.263013491000038], [121.14828288800004, 14.26334461600004], [121.14960607800003, 14.26371092100004], [121.14992826700006, 14.262440068000046], [121.14949213900002, 14.262267912000027], [121.14969872600011, 14.261636675000034], [121.14890681000008, 14.261453042000028], [121.14911339700006, 14.261074300000075], [121.14938884600008, 14.260810328000048], [121.14962986400008, 14.260247953000032], [121.1499984720001, 14.259350437000023], [121.15034055900003, 14.258037135000052], [121.15077532100008, 14.256368043000066], [121.15121533500007, 14.254678787000046], [121.1507228050001, 14.254678787000046], [121.15049764800006, 14.254777294000064], [121.15013176800005, 14.254889872000035], [121.15003326200008, 14.25442548600006], [121.14985032200002, 14.254298835000043], [121.14855897500001, 14.253853874000072], [121.14849357800006, 14.25403189900004], [121.14754532400002, 14.253712181000026], [121.14644347900003, 14.256994579000036], [121.14552017900007, 14.256692408000049], [121.14490175000003, 14.256524325000044], [121.1438582400001, 14.256255939000027], [121.14352249500007, 14.256255939000027], [121.1433714100001, 14.256709196000031], [121.14311960100008, 14.256675621000056], [121.1428006430001, 14.256558110000071], [121.1424313230001, 14.256524536000029], [121.14197806700008, 14.256457387000069], [121.14152481100007, 14.256490961000054], [121.14162553500012, 14.255970556000022], [121.14058472500005, 14.255651598000043], [121.14048400100012, 14.25588662000007], [121.13998038300008, 14.25580268300007], [121.13982929800011, 14.255601236000075], [121.1392921050001, 14.255332640000063], [121.13956070200004, 14.254375766000067], [121.13950886600003, 14.25435684200005], [121.13860333000002, 14.254026250000038], [121.13886491800008, 14.252734657000076], [121.13860377100002, 14.252581375000034], [121.13861186100007, 14.252485732000025], [121.13853865700003, 14.25244181000005], [121.13786890600011, 14.25194874500005], [121.13786325900003, 14.251962336000076], [121.13757662300009, 14.252652177000073], [121.13618499800009, 14.252321152000036], [121.13585071700004, 14.253150296000058], [121.13439597600006, 14.252810843000077], [121.13420556500012, 14.252764189000061], [121.13447416200006, 14.251891252000064], [121.13385303300004, 14.251723379000055], [121.1338845360001, 14.251508154000021], [121.13216430900002, 14.251016661000051], [121.13252175900004, 14.249914524000076], [121.13183086900005, 14.249755088000029], [121.13068238100004, 14.249490052000056], [121.13079408400006, 14.249065580000035], [121.12987449100001, 14.248905739000065], [121.12978538000004, 14.249182289000032], [121.1292535450001, 14.249105792000023], [121.12931572500008, 14.248875564000059], [121.12865499200007, 14.248735839000062], [121.12872275100005, 14.248528882000073], [121.12885679500005, 14.248570232000077], [121.12895420200005, 14.24805536100007], [121.12836706700011, 14.247919138000043], [121.12656747500012, 14.247447269000077], [121.12469834600006, 14.246957167000062], [121.12520021700004, 14.245236139000042], [121.1239281280001, 14.244817098000055], [121.12372980000009, 14.244754053000065], [121.12279821400011, 14.244457920000059], [121.12258914600011, 14.244434001000059], [121.12239882400002, 14.244412227000055], [121.12136150100002, 14.244113707000054], [121.12123686300004, 14.244181714000035], [121.12125554400006, 14.244262665000065], [121.12130536000006, 14.244365411000047], [121.12123514000007, 14.244437524000034], [121.12113100300007, 14.244489952000038], [121.12121818100002, 14.244539768000038], [121.12120884100011, 14.244611379000048], [121.12124620300006, 14.244673650000038], [121.12130224600003, 14.244711012000039], [121.121317814, 14.24479819000004], [121.1213240410001, 14.244888482000022], [121.1212244080001, 14.244866688000059], [121.12123374900011, 14.244935185000031], [121.12128356500011, 14.245019250000041], [121.1213333820001, 14.245121996000023], [121.12140499400005, 14.245239816000037], [121.12150257000008, 14.24539521500003], [121.12157935000005, 14.245495619000053], [121.12037376100011, 14.245273553000061], [121.12025403500002, 14.245782389000055], [121.11648266500004, 14.244734786000038], [121.11717391800005, 14.242563356000062], [121.11526083600006, 14.241951254000071], [121.11430406300008, 14.241711373000044], [121.11314967900012, 14.241430869000055], [121.1127181390001, 14.241350484000066], [121.11202035500003, 14.241194047000022], [121.11180852300004, 14.241147407000028], [121.11156313800007, 14.241088176000062], [121.1113890900001, 14.241055687000028], [121.11059497700012, 14.240893481000057], [121.11049698200009, 14.24087240600005], [121.11012044300003, 14.240796252000052], [121.10976099700008, 14.240730476000067], [121.10833071200011, 14.245104206000065], [121.10844632700002, 14.245071173000042], [121.1085013820001, 14.244994097000074], [121.10856744700004, 14.24502162400006], [121.1085894690001, 14.245142744000077], [121.10863351300009, 14.245219820000045], [121.10873261100005, 14.245230831000072], [121.10885923600006, 14.245197799000039], [121.10899136700004, 14.24512622800006], [121.10915430000011, 14.24505621700007], [121.10932489900006, 14.245092305000071], [121.10937739100007, 14.245105428000045], [121.1094267090001, 14.245136979000051], [121.10948603000008, 14.245152589000043], [121.10951621100003, 14.245119286000033], [121.10956512400003, 14.245082861000071], [121.1096119560001, 14.245043314000043], [121.1096504630001, 14.245029785000042], [121.10967544000005, 14.245039151000071], [121.10967915200001, 14.245056500000032], [121.10963580500004, 14.245105627000044], [121.10963869400007, 14.245148975000063], [121.10967915200001, 14.245212551000066], [121.10975139800007, 14.245235670000056], [121.10981786500008, 14.245293467000067], [121.1098525430001, 14.245351264000021], [121.10987277200002, 14.245440849000033], [121.10993634800002, 14.24538883200006], [121.10998836600004, 14.245310806000077], [121.1100288230001, 14.245241450000037], [121.11010395900007, 14.245160534000036], [121.11019932400006, 14.245143195000026], [121.11027157, 14.245140305000064], [121.11032936700008, 14.245180763000064], [121.11042184200005, 14.245172093000065], [121.11047096900006, 14.245122966000054], [121.11054899500004, 14.245085398000072], [121.11060968200002, 14.245096958000033], [121.11061835200007, 14.245174983000027], [121.1106039020001, 14.245229890000076], [121.11067614800004, 14.245264568000039], [121.11066747900009, 14.245310806000077], [121.11075995400006, 14.24534837400006], [121.11083798000004, 14.245374383000069], [121.11088132700002, 14.245446629000071], [121.11095357300007, 14.245495756000025], [121.11104315900002, 14.245513095000035], [121.11112696400005, 14.245541994000064], [121.11118476100012, 14.245570892000046], [121.11128012600011, 14.245573782000065], [121.11133214300003, 14.245541994000064], [121.111361041, 14.245487086000026], [121.11139283000011, 14.245420620000061], [121.11144195700001, 14.24537149300005], [121.1115344320001, 14.24540617100007], [121.11158355900011, 14.245466858000043], [121.11162401700005, 14.245541994000064], [121.11172227200007, 14.245614240000066], [121.11175695000009, 14.245703825000021], [121.11179451800001, 14.245752952000032], [121.11184653500004, 14.245854097000063], [121.11194479000005, 14.245894554000074], [121.112034375, 14.245946572000037], [121.11218753700007, 14.245955241000047], [121.11225689300011, 14.245961021000028], [121.11230602, 14.246027487000049], [121.1123204700001, 14.24608528400006], [121.11228290200006, 14.246137301000033], [121.1122713420001, 14.246209547000035], [121.11230313100009, 14.246255785000074], [121.11232336000012, 14.246316472000046], [121.11228001200004, 14.246356930000047], [121.1122077660001, 14.246368489000076], [121.1121268500001, 14.24640316700004], [121.11208928200006, 14.246466744000031], [121.11210084200002, 14.246550549000062], [121.1121441890001, 14.246643024000036], [121.11220198600006, 14.246741279000048], [121.11225111300007, 14.24679040600006], [121.11230313100009, 14.246816415000069], [121.112355148, 14.246836644000041], [121.11238982600003, 14.246885771000052], [121.1123984950001, 14.246952237000073], [121.11236670700009, 14.247027373000037], [121.112386936, 14.247088060000067], [121.11241583500009, 14.247114069000077], [121.11250253000003, 14.247154526000031], [121.11262101300008, 14.24718342500006], [121.11269614900004, 14.24720076400007], [121.11279440400006, 14.24719787400005], [121.11290132800002, 14.24718342500006], [121.11300536300007, 14.24720076400007], [121.11308338800006, 14.247249891000024], [121.1131209560001, 14.247304798000073], [121.11313251600006, 14.247391494000055], [121.11315852400003, 14.247452180000039], [121.11316430400007, 14.24750708700003], [121.11318164300008, 14.247599562000062], [121.11318164300008, 14.247689148000063], [121.11316719400008, 14.247755614000027], [121.11312673600003, 14.247833640000067], [121.11306027, 14.247891437000021], [121.11305160000006, 14.247966573000042], [121.1130891680001, 14.248027259000025], [121.11315563500011, 14.248038819000044], [121.11321921100011, 14.248073497000064], [121.11324522000007, 14.248105285000065], [121.11325677900004, 14.24818042100003], [121.11321921100011, 14.248258447000069], [121.11321921100011, 14.248310464000042], [121.11321921100011, 14.248365371000034], [121.113172974, 14.248405829000035], [121.1131209560001, 14.248405829000035], [121.11306316000002, 14.248376930000063], [121.11299380300011, 14.248348032000024], [121.11295334500005, 14.248327803000052], [121.11290421800004, 14.248319134000042], [121.11289265900007, 14.248374041000034], [121.11289843800012, 14.248457846000065], [121.11290421800004, 14.248530092000067], [121.11298802400006, 14.24859077900004], [121.11301981200006, 14.24864279600007], [121.11300536300007, 14.248738161000063], [121.11299669300001, 14.248807517000046], [121.11297357400008, 14.248885543000029], [121.11294178600008, 14.248972238000022], [121.11290710800006, 14.249038705000032], [121.11288398900001, 14.249125400000025], [121.1128637600001, 14.249217875000056], [121.11290152600009, 14.249297310000031], [121.11294756600012, 14.24939415600005], [121.11297935400012, 14.249460622000072], [121.11301692200004, 14.249555987000065], [121.11306316000002, 14.249625343000048], [121.11308338800006, 14.249749606000023], [121.1131382960001, 14.249833412000044], [121.11314118500002, 14.249911438000026], [121.11315852400003, 14.249975014000029], [121.11312962600005, 14.250053040000068], [121.11306027, 14.25005593000003], [121.11299091300009, 14.25003281100004], [121.11293600600004, 14.250003913000057], [121.11287821000008, 14.249975014000029], [121.11282330300003, 14.249931667000055], [121.11278862400002, 14.249882539000055], [121.112739497, 14.249891209000054], [121.11271059900002, 14.249951895000038], [121.11273082800005, 14.25006459900004], [121.11282330300003, 14.250217761000044], [121.11291577800012, 14.250333355000066], [121.11297935400012, 14.250362253000048], [121.113172974, 14.250379592000058], [121.11332035600003, 14.25042583000004], [121.11343883900008, 14.250509635000071], [121.11352842400004, 14.250538534000043], [121.11359200100003, 14.250622339000074], [121.11360356000012, 14.250709035000057], [121.11351975500008, 14.250743713000077], [121.113476407, 14.25080439900006], [121.11346195800002, 14.250873756000033], [121.113525535, 14.250946002000035], [121.11362667900005, 14.250986460000036], [121.11370759500005, 14.251000909000027], [121.11391566400005, 14.250992239000027], [121.11403992700002, 14.250986460000036], [121.1141468510001, 14.251024028000074], [121.11421042800009, 14.251096274000076], [121.11424510600011, 14.25118007900005], [121.11422487700008, 14.251258105000034], [121.1143057920001, 14.251336131000073], [121.11436647900007, 14.251341910000065], [121.11443583500011, 14.251382368000066], [121.11453987000004, 14.25145750400003], [121.1146756930001, 14.25150663200003], [121.11487509200003, 14.251561539000022], [121.11499357500009, 14.25154997900006], [121.11512939800002, 14.251469064000048], [121.1152045340001, 14.251440165000076], [121.11526522100007, 14.25147484300004], [121.11527389000003, 14.251538420000031], [121.11531284500006, 14.251580965000073], [121.11535291200005, 14.251634387000024], [121.11527945700004, 14.251701165000043], [121.11521267900002, 14.251808009000058], [121.11521267900002, 14.251894820000075], [121.11527277900007, 14.251948242000026], [121.11541301200009, 14.252015019000055], [121.11548018300005, 14.251959181000075], [121.115758604, 14.250944294000021], [121.11655536800004, 14.248615943000061], [121.11699027000009, 14.246713250000028], [121.1195996780001, 14.247401844000024], [121.11952719500005, 14.247782382000025], [121.12179418200003, 14.248609137000074], [121.12176468200005, 14.248692722000044], [121.12175682000009, 14.248714997000036], [121.12173813900006, 14.248814629000037], [121.12173813900006, 14.249004554000066], [121.12174748000007, 14.24918513800003], [121.12177861500004, 14.249309679000078], [121.12187202000007, 14.24938129000003], [121.1219249500001, 14.249409311000022], [121.12190938300012, 14.249490263000041], [121.12185333900004, 14.249493376000032], [121.12182220400007, 14.24957121400007], [121.12171945800003, 14.249742458000071], [121.12167586900011, 14.249826523000024], [121.12158557700002, 14.249838977000024], [121.12148594400003, 14.249882566000053], [121.12147639500006, 14.249900470000057], [121.12146103600003, 14.249929269000063], [121.12149839800009, 14.250000880000073], [121.12149839800009, 14.250081831000045], [121.1214579220001, 14.250159669000027], [121.1214081060001, 14.250243734000037], [121.12127733800003, 14.250277983000046], [121.12120261400003, 14.250461681000047], [121.12123454000005, 14.250594706000072], [121.12125865700011, 14.250695195000048], [121.12124931700009, 14.25081039500003], [121.12123374900011, 14.250956730000041], [121.12121506800008, 14.251093725000032], [121.12122752200003, 14.25114665500007], [121.12131470100007, 14.251149768000062], [121.1213738570001, 14.25110929300007], [121.12145480900006, 14.25113420100007], [121.12147037600005, 14.251196471000071], [121.12142056000005, 14.251283650000062], [121.12142367400008, 14.251358374000063], [121.1214330140001, 14.251439325000035], [121.12148594400003, 14.251479801000073], [121.12141744700011, 14.251557639000055], [121.12154198700011, 14.251576320000026], [121.12168209600009, 14.251632364000045], [121.1217163440001, 14.251660385000037], [121.1216914360001, 14.251728883000055], [121.12168209600009, 14.251753791000056], [121.12168832300006, 14.251816061000056], [121.12175682000009, 14.251890786000047], [121.1217910690001, 14.251956170000028], [121.12180040900012, 14.252002872000048], [121.12193740400005, 14.25206825600003], [121.12193429100012, 14.252130527000077], [121.12191872300002, 14.25222393200005], [121.12195297200003, 14.25234847300004], [121.12200901500012, 14.252410743000041], [121.12213978300008, 14.25242008400005], [121.12217714500002, 14.252463673000022], [121.12212110200005, 14.252610008000033], [121.12208996700008, 14.252715868000053], [121.12213978300008, 14.252893339000025], [121.12228923200007, 14.252971177000063], [121.12239509100004, 14.253017879000026], [121.122451135, 14.253083263000065], [121.12241688600011, 14.253133080000055], [121.12235461600005, 14.253164215000027], [121.12229545900004, 14.253248280000037], [121.12231414000007, 14.253326118000075], [121.12239820500008, 14.253357253000047], [121.1225414270001, 14.253366593000067], [121.12260369700005, 14.253382161000047], [121.12265351300005, 14.253456885000048], [121.12265351300005, 14.25352226900003], [121.12268153500008, 14.253621902000077], [121.12281230300005, 14.253696626000021], [121.1228745730001, 14.25375267000004], [121.12295241100003, 14.253721535000068], [121.122992887, 14.253640583000049], [121.12308006600006, 14.253625015000068], [121.12316101700003, 14.253612561000068], [121.12320460600006, 14.253600107000068], [121.12326065000002, 14.253684172000021], [121.12329489800004, 14.25377757800004], [121.12329489800004, 14.253852302000041], [121.12327933100005, 14.253930140000023], [121.12326376300007, 14.25399241100007], [121.12329489800004, 14.254011092000042], [121.1233665090001, 14.253973730000041], [121.12342566600012, 14.25393325400006], [121.1235003910001, 14.253961275000052], [121.12354709300007, 14.254039113000033], [121.12359678500002, 14.254105333000041], [121.1236747480001, 14.254104497000071], [121.12371522300009, 14.254123178000043], [121.12380240200002, 14.254123178000043], [121.12390826100011, 14.254160541000033], [121.12397053200004, 14.254229038000062], [121.12405459700005, 14.254269514000043], [121.12407816900009, 14.254270356000063], [121.12414177500011, 14.254272627000034], [121.12422584, 14.254347352000025], [121.12423518100002, 14.254375373000073], [121.12432235900008, 14.254381600000045], [121.1244157650001, 14.254378487000054], [121.1244406730001, 14.254468779000035], [121.1245247380001, 14.254531049000036], [121.12461503000009, 14.254568412000026], [121.12473957100008, 14.254608887000074], [121.12482363600009, 14.254680498000027], [121.12482363600009, 14.254786358000047], [121.12482674900002, 14.254879763000076], [121.12486099800003, 14.254979396000067], [121.1249575170001, 14.25503543900004], [121.12504158200011, 14.255075915000077], [121.12504469600003, 14.255163094000068], [121.12504780900008, 14.25523159100004], [121.12510385300004, 14.255284521000021], [121.12519725800007, 14.25530631600003], [121.1252159390001, 14.25536547200005], [121.12526575600009, 14.25543397000007], [121.12527198300006, 14.255524262000051], [121.12535293400003, 14.255542943000023], [121.12547975500001, 14.255654254000035], [121.12547975500001, 14.255788069000062], [121.12559029700003, 14.255869521000022], [121.12578810900004, 14.25593933700003], [121.12598010400006, 14.256049879000045], [121.12603828400006, 14.256172057000072], [121.1260266480001, 14.256369869000025], [121.12601501200004, 14.256608407000044], [121.12597428600009, 14.256753857000035], [121.1258288350001, 14.25684112700003], [121.12575901900004, 14.256957487000022], [121.12579392700002, 14.257108755000047], [121.12599174000002, 14.257201843000075], [121.12609646400006, 14.257300749000024], [121.12631173000011, 14.257335657000056], [121.12643390800008, 14.257353111000043], [121.1264571800001, 14.257446199000071], [121.12646299800008, 14.257568377000041], [121.12655608600005, 14.257632375000071], [121.12671317200011, 14.257690555000067], [121.126881894, 14.25780691500006], [121.12702734400011, 14.257876731000067], [121.12718443000006, 14.257911640000032], [121.1272600640001, 14.257923276000042], [121.12731242600012, 14.257870913000033], [121.12736478800002, 14.257841823000035], [121.12736478800002, 14.257760371000074], [121.12731242600012, 14.257684737000034], [121.12732988000005, 14.257614921000027], [121.12739969600011, 14.25762073900006], [121.12744624000004, 14.257684737000034], [121.12752769200006, 14.257725463000043], [121.12763823400007, 14.257801097000026], [121.12781277400006, 14.257870913000033], [121.12792913400006, 14.257876731000067], [121.12796937700011, 14.257887910000022], [121.1280338580001, 14.257905822000055], [121.12823748900007, 14.258051272000046], [121.12821975200006, 14.258171305000076], [121.12826076100009, 14.258225812000035], [121.12835384900006, 14.258214176000024], [121.12849641300011, 14.25819842900006], [121.1286040230001, 14.25813854200004], [121.12874365500011, 14.258144360000074], [121.12882510700001, 14.258185086000026], [121.12882510700001, 14.258289810000065], [121.1288309250001, 14.258382898000036], [121.128883287, 14.25847016800003], [121.12894146700012, 14.258551620000048], [121.128941241, 14.25863240700005], [121.12900362500011, 14.258640544000059], [121.1290660090001, 14.258681230000036], [121.12914738000006, 14.258773450000035], [121.12924773800012, 14.258849396000073], [121.12932910800009, 14.259069097000065], [121.12934293400008, 14.259088579000036], [121.12938878000011, 14.259153181000045], [121.12943217800012, 14.259229127000026], [121.12945387700006, 14.25932406000004], [121.12950812400004, 14.259362033000059], [121.12974138800007, 14.259532912000054], [121.13003696400006, 14.259752699000046], [121.13005873400004, 14.259768887000064], [121.13011670300011, 14.259814126000038], [121.13015161100009, 14.259883942000044], [121.13015161100009, 14.259953758000051], [121.13016324700004, 14.260087573000021], [121.13022142700004, 14.260174843000073], [121.13033778800002, 14.260209751000048], [121.13034360600011, 14.26031447500003], [121.13038817000006, 14.26036453000006], [121.13042355700009, 14.260385762000055], [121.13073495900005, 14.260325605000048], [121.1308305020001, 14.260343298000066], [121.13089773700005, 14.260410533000027], [121.13090835300011, 14.260491922000028], [121.13097016600011, 14.260566234000066], [121.13104989900012, 14.260619313000063], [121.13109944000007, 14.260686548000024], [121.13114544300004, 14.260810401000072], [121.13123744800009, 14.261008566000044], [121.13142145800009, 14.261411973000065], [121.13157688400008, 14.261564227000065], [121.13159485200003, 14.261581828000033], [121.1323556640001, 14.262278944000059], [121.13253259700002, 14.262462954000057], [121.13287938500002, 14.262777895000056], [121.13310232100002, 14.262922980000042], [121.13315316100011, 14.262951312000041], [121.13325448300009, 14.263032678000059], [121.13330756300002, 14.263078681000025], [121.1335403060001, 14.262539306000065], [121.13375399600011, 14.262018438000041], [121.13384214300004, 14.261799407000069], [121.13436033900007, 14.261882211000056], [121.13468888600005, 14.261911594000026], [121.13478504600005, 14.261890225000059], [121.13486250900007, 14.261911594000026], [121.13504147300011, 14.261962345000029], [121.13673917200003, 14.262397617000033], [121.13713601400002, 14.262506227000074], [121.13770232500008, 14.262657588000025], [121.13809969700003, 14.262763796000058], [121.13987432300007, 14.263133364000055], [121.14064148300008, 14.263235068000029], [121.1418023550001, 14.263408797000068], [121.14225211300004, 14.263482014000033], [121.14244799000005, 14.263484644000073], [121.1425527020001, 14.26349269900004], [121.14255452300006, 14.263558818000035], [121.14254262800011, 14.264141637000023], [121.14248712200003, 14.264847363000058], [121.14255848700009, 14.26485529200005], [121.1429589280001, 14.264958376000038], [121.14298116400005, 14.264966715000071], [121.14314923600011, 14.265029742000024], [121.14324042500004, 14.265089213000067], [121.14337522700009, 14.265168508000045], [121.14358139400008, 14.265299345000074], [121.14371534500003, 14.265307947000053], [121.14375820700002, 14.265311556000029], [121.14385875700009, 14.265345073000049], [121.14394441200011, 14.26544934900005], [121.14402634200007, 14.265531279000072], [121.14412316900007, 14.265631830000075], [121.14426841000011, 14.265732381000078], [121.14443227000004, 14.265818035000052], [121.1445849590001, 14.265888793000045], [121.14470413000004, 14.265952103000075], [121.14477861300008, 14.265993068000057], [121.1450579210001, 14.26611596400005], [121.14521805700008, 14.266168102000051], [121.14544147600009, 14.265191822000077]]]]}}, {"type": "Feature", "properties": {"psgc_code": 403404004, "name": "Butong", "corr_code": 43404004.0, "geo_level": "Bgy", "city_class": null, "inc_class": null, "urb_rur": null, "pop_2015": "U", "pop_2020": null, "status": null, "adm4_pcode": "PH0403404004", "adm4_en": "Butong", "adm3_pcode": "PH0403404", "adm2_pcode": "PH04034", "adm1_pcode": "PH04", "adm0_pcode": "PH", "shape_len": 0.0596740992944, "shape_area": 0.000107910396496, "shape_sqkm": 1.2882500734}, "geometry": {"type": "MultiPolygon", "coordinates": [[[[121.13399253400007, 14.294215507000047], [121.13419958100008, 14.293967245000033], [121.13444745800007, 14.293739294000034], [121.13483841300001, 14.293562442000052], [121.13535194500002, 14.29343652700004], [121.13605111700008, 14.293172130000073], [121.13646281400008, 14.292965451000043], [121.13701071500009, 14.292400001000033], [121.13746645200001, 14.291823832000034], [121.13766656200005, 14.29149177000005], [121.13780118900002, 14.291336773000069], [121.1380327820001, 14.291057013000056], [121.13824643800001, 14.290893055000026], [121.13845975200002, 14.290770503000033], [121.1386386900001, 14.290697368000053], [121.13896157900001, 14.290675050000061], [121.13940233000005, 14.29077787600005], [121.13962284200011, 14.29081272600007], [121.13986910000006, 14.290814652000051], [121.14004797100006, 14.290749798000036], [121.14014246800002, 14.290618031000065], [121.14019484800008, 14.29044452900007], [121.14016271900005, 14.290220676000047], [121.14011326700006, 14.290038096000046], [121.14012312000011, 14.289872542000069], [121.14012420900008, 14.289740046000077], [121.14020158700009, 14.289624708000076], [121.14030444000002, 14.289509572000043], [121.1406206040001, 14.289271877000033], [121.14074105200007, 14.289082344000064], [121.14084410800001, 14.288942362000057], [121.14093955700002, 14.288694662000069], [121.14116217600008, 14.288472800000022], [121.14132440100002, 14.288366406000023], [121.1416055090001, 14.288260942000022], [121.142098497, 14.288206820000028], [121.14261791400008, 14.288036963000025], [121.14277164600003, 14.287930503000041], [121.14286580100008, 14.28784014100006], [121.14293455000006, 14.28774130000005], [121.14302952000003, 14.287551564000069], [121.14307469500011, 14.287220655000056], [121.14308604100006, 14.286872919000075], [121.14307924800005, 14.286665827000036], [121.14315716700003, 14.28648423900006], [121.1433366440001, 14.286344855000038], [121.14350763100003, 14.286205401000075], [121.1437039540001, 14.286082710000073], [121.1438322780001, 14.285967769000024], [121.14394552100009, 14.285620828000049], [121.14398193200009, 14.285322975000042], [121.14402588200005, 14.285141124000063], [121.144078121, 14.284984181000027], [121.14425807200007, 14.284786827000062], [121.144277127, 14.284771037000041], [121.14423754100005, 14.284685169000056], [121.14425237400008, 14.284670282000036], [121.14446178100002, 14.284611013000074], [121.14371159200005, 14.284127020000028], [121.14356639400012, 14.284018121000031], [121.14294930200003, 14.283546228000034], [121.1428041050001, 14.283461529000022], [121.14241252400006, 14.28333765800005], [121.14219306300004, 14.283267932000058], [121.14212046400007, 14.283225583000046], [121.14205391500002, 14.283177183000078], [121.14189661800003, 14.283025935000069], [121.14182401900007, 14.282971486000065], [121.14175713300006, 14.282940564000057], [121.14067553000007, 14.28267752000005], [121.14063507900005, 14.282664746000023], [121.1406109510001, 14.282654563000051], [121.14059840100003, 14.282646580000062], [121.14057546600009, 14.282615068000041], [121.14056328400011, 14.282585636000022], [121.14055772400002, 14.282548359000032], [121.14055772400002, 14.28251926200005], [121.1405683690001, 14.282476682000038], [121.14082208600007, 14.281721171000072], [121.14083684000002, 14.281664533000026], [121.14084948800007, 14.28157283400003], [121.14085624600011, 14.281408967000061], [121.14086213600001, 14.28126611700003], [121.14084632600009, 14.281139635000045], [121.14079889600009, 14.280984696000075], [121.14078624800004, 14.280921455000055], [121.14078308600006, 14.28083924200007], [121.14079889600009, 14.28074121900005], [121.14097955600005, 14.27982552900005], [121.14098859, 14.279772452000032], [121.14098971900012, 14.279729538000026], [121.14096648400005, 14.279634508000072], [121.14094116000001, 14.27957256600007], [121.14093664200004, 14.279553368000052], [121.14093438400005, 14.279533040000047], [121.140943418, 14.279510454000047], [121.14096148700003, 14.279492385000026], [121.14105183100003, 14.279465282000046], [121.14107328800003, 14.279457377000028], [121.14109587400003, 14.27943705000007], [121.14110152, 14.27941107600003], [121.14109926100002, 14.279383973000051], [121.14109135600006, 14.279355740000028], [121.1410486960001, 14.279293009000071], [121.14102246900006, 14.279265396000028], [121.14098971900012, 14.279250715000046], [121.14061067000011, 14.279190091000032], [121.14057095500004, 14.279195182000024], [121.14053124100008, 14.279211476000057], [121.14049865400011, 14.279231842000058], [121.14045690300009, 14.279244062000032], [121.14041107800006, 14.279244062000032], [121.14037034500006, 14.279235915000072], [121.1403265570001, 14.279220641000052], [121.140293971, 14.279191109000067], [121.14027564100002, 14.279158523000035], [121.14026851300002, 14.279126955000038], [121.1402665380001, 14.279098698000041], [121.14027060300009, 14.279070921000027], [121.14030245700008, 14.27894202300007], [121.14030176800009, 14.278905612000074], [121.14029160600012, 14.278872415000023], [121.139837843, 14.278015778000054], [121.1397850620001, 14.278004980000048], [121.13739388700003, 14.277529205000064], [121.13695521200009, 14.278605114000072], [121.1369251970001, 14.278660525000078], [121.13688363800009, 14.278704393000055], [121.13653962400008, 14.27904378900007], [121.13647959500008, 14.279085348000024], [121.13642880100008, 14.279147686000044], [121.13631105200011, 14.279438597000023], [121.1362487130001, 14.279648699000063], [121.13621639000007, 14.279777993000039], [121.13612403700006, 14.280248992000054], [121.13610556700007, 14.280315948000066], [121.1360870960001, 14.280371359000071], [121.13606400800006, 14.280424462000042], [121.13574705500002, 14.280985732000033], [121.13573153800007, 14.281013210000026], [121.13570193300006, 14.281080789000043], [121.13482733300009, 14.280897491000076], [121.134417245, 14.280706588000044], [121.13409907300002, 14.281350002000067], [121.13402922000012, 14.28159516200003], [121.13400341200008, 14.281755930000031], [121.13509554400002, 14.282233554000072], [121.13686138600008, 14.28314841100007], [121.13787836600011, 14.283664723000072], [121.13771976300006, 14.284085316000073], [121.13767673900009, 14.284199409000053], [121.13575356700005, 14.283266104000063], [121.13542125400011, 14.283711545000074], [121.13469299400003, 14.283280245000071], [121.13460592100012, 14.28340825600003], [121.13430878300005, 14.283844928000065], [121.13422634100004, 14.283966083000053], [121.13520948300004, 14.284465861000058], [121.13517830600006, 14.284506006000072], [121.13473008500011, 14.285132851000071], [121.13416731200005, 14.285956166000062], [121.13410779500009, 14.286850616000038], [121.13365745400006, 14.28794821400004], [121.13363919800008, 14.287999961000025], [121.13322142600009, 14.287756261000027], [121.13279059800004, 14.287590892000026], [121.13255237700002, 14.288464369000053], [121.13252473200009, 14.288565735000077], [121.132488082, 14.288595642000075], [121.132357124, 14.289113032000046], [121.13199791700004, 14.290532192000057], [121.13188977700008, 14.29089390400003], [121.1317766300001, 14.290885201000037], [121.13165042800006, 14.29090696000003], [121.13152422600001, 14.29090696000003], [121.13146765300007, 14.290998347000027], [121.13137191300007, 14.291137605000074], [121.13132404400005, 14.291276862000075], [121.13121960100011, 14.291324732000078], [121.13112821300001, 14.291350843000032], [121.13097590000007, 14.291407416000027], [121.13090627100007, 14.291507507000063], [121.13086091600007, 14.291535224000029], [121.1307496070001, 14.291603247000069], [121.13066069600006, 14.291706088000069], [121.13072125500003, 14.291892092000069], [121.13088130400001, 14.29201753600006], [121.13098009500004, 14.292102254000042], [121.13106398800005, 14.292055192000078], [121.13109063400009, 14.292126519000021], [121.13109551500008, 14.29213958400004], [121.1311154010001, 14.292177295000045], [121.1311515750001, 14.292222769000034], [121.13118713900008, 14.292253512000059], [121.13122561900002, 14.292274547000034], [121.13126007700009, 14.292284254000037], [121.13129564200005, 14.292286063000063], [121.13139510300005, 14.292285460000073], [121.13142222800002, 14.292290282000067], [121.13144605700006, 14.292303722000042], [121.13150116700001, 14.292345865000073], [121.1318841320001, 14.292660144000024], [121.13217684300002, 14.292841827000075], [121.13241908700002, 14.293205193000063], [121.13278245300012, 14.293518091000067], [121.13394974200003, 14.294242035000025], [121.13399253400007, 14.294215507000047]]]]}}, {"type": "Feature", "properties": {"psgc_code": 403404005, "name": "Bigaa", "corr_code": 43404005.0, "geo_level": "Bgy", "city_class": null, "inc_class": null, "urb_rur": null, "pop_2015": "U", "pop_2020": null, "status": null, "adm4_pcode": "PH0403404005", "adm4_en": "Bigaa", "adm3_pcode": "PH0403404", "adm2_pcode": "PH04034", "adm1_pcode": "PH04", "adm0_pcode": "PH", "shape_len": 0.083833574483, "shape_area": 0.000147466734997, "shape_sqkm": 1.76048955817}, "geometry": {"type": "MultiPolygon", "coordinates": [[[[121.13065429100004, 14.298357056000043], [121.1308513350001, 14.29802181100007], [121.13091887300004, 14.297685547000071], [121.13092148200008, 14.297369824000043], [121.13096647700002, 14.297149156000046], [121.13110851500005, 14.296939776000045], [121.13113131700004, 14.296792608000032], [121.13094811100007, 14.296759594000036], [121.13012729600007, 14.296826815000031], [121.12970631400003, 14.29683403000007], [121.1294306320001, 14.29666626200003], [121.12996557800011, 14.296542802000033], [121.13028388400005, 14.29647533700006], [121.13094009100007, 14.296450509000067], [121.13128856800006, 14.296453247000045], [121.13153513100008, 14.296385217000022], [121.13172093900005, 14.296226750000073], [121.13199899300002, 14.296069007000028], [121.13231845500002, 14.295861611000078], [121.13254616900008, 14.295593523000036], [121.13277569600007, 14.295105548000038], [121.1329626590001, 14.294807152000033], [121.13318962700009, 14.294629015000055], [121.13360116600006, 14.294442332000074], [121.13381738900011, 14.294324083000049], [121.13394974200003, 14.294242035000025], [121.13278245300012, 14.293518091000067], [121.13241908700002, 14.293205193000063], [121.13217684300002, 14.292841827000075], [121.1318841320001, 14.292660144000024], [121.13150116700001, 14.292345865000073], [121.13144605700006, 14.292303722000042], [121.13142222800002, 14.292290282000067], [121.13139510300005, 14.292285460000073], [121.13129564200005, 14.292286063000063], [121.13126007700009, 14.292284254000037], [121.13122561900002, 14.292274547000034], [121.13118713900008, 14.292253512000059], [121.1311515750001, 14.292222769000034], [121.1311154010001, 14.292177295000045], [121.13109551500008, 14.29213958400004], [121.13109063400009, 14.292126519000021], [121.13106398800005, 14.292055192000078], [121.13098009500004, 14.292102254000042], [121.13088130400001, 14.29201753600006], [121.13072125500003, 14.291892092000069], [121.13066069600006, 14.291706088000069], [121.1307496070001, 14.291603247000069], [121.13086091600007, 14.291535224000029], [121.13090627100007, 14.291507507000063], [121.13097590000007, 14.291407416000027], [121.13112821300001, 14.291350843000032], [121.13121960100011, 14.291324732000078], [121.13132404400005, 14.291276862000075], [121.13137191300007, 14.291137605000074], [121.13146765300007, 14.290998347000027], [121.13152422600001, 14.29090696000003], [121.13165042800006, 14.29090696000003], [121.1317766300001, 14.290885201000037], [121.13188977700008, 14.29089390400003], [121.13199791700004, 14.290532192000057], [121.132357124, 14.289113032000046], [121.132488082, 14.288595642000075], [121.13252473200009, 14.288565735000077], [121.13255237700002, 14.288464369000053], [121.13279059800004, 14.287590892000026], [121.13322142600009, 14.287756261000027], [121.13363919800008, 14.287999961000025], [121.13365745400006, 14.28794821400004], [121.13410779500009, 14.286850616000038], [121.13416731200005, 14.285956166000062], [121.13473008500011, 14.285132851000071], [121.13517830600006, 14.284506006000072], [121.13520948300004, 14.284465861000058], [121.13422634100004, 14.283966083000053], [121.13430878300005, 14.283844928000065], [121.13460592100012, 14.28340825600003], [121.13469299400003, 14.283280245000071], [121.13542125400011, 14.283711545000074], [121.13575356700005, 14.283266104000063], [121.13767673900009, 14.284199409000053], [121.13771976300006, 14.284085316000073], [121.13787836600011, 14.283664723000072], [121.13686138600008, 14.28314841100007], [121.13509554400002, 14.282233554000072], [121.13400341200008, 14.281755930000031], [121.13402922000012, 14.28159516200003], [121.13409907300002, 14.281350002000067], [121.134417245, 14.280706588000044], [121.13482733300009, 14.280897491000076], [121.13570193300006, 14.281080789000043], [121.13573153800007, 14.281013210000026], [121.13574705500002, 14.280985732000033], [121.13606400800006, 14.280424462000042], [121.1360870960001, 14.280371359000071], [121.13610556700007, 14.280315948000066], [121.13612403700006, 14.280248992000054], [121.13621639000007, 14.279777993000039], [121.1362487130001, 14.279648699000063], [121.13631105200011, 14.279438597000023], [121.13642880100008, 14.279147686000044], [121.13647959500008, 14.279085348000024], [121.13653962400008, 14.27904378900007], [121.13688363800009, 14.278704393000055], [121.1369251970001, 14.278660525000078], [121.13695521200009, 14.278605114000072], [121.13739388700003, 14.277529205000064], [121.13219240600006, 14.276538306000077], [121.13145044400005, 14.27639636500004], [121.1286226520001, 14.275839117000032], [121.12816216400006, 14.275755196000034], [121.1280016180001, 14.275707995000062], [121.12768478800001, 14.27646508600003], [121.12755275300003, 14.276769695000041], [121.12714961800009, 14.277811425000039], [121.12672507700006, 14.278860291000058], [121.12666086100012, 14.279006561000074], [121.12640119700006, 14.279632617000061], [121.12638221200007, 14.279674120000038], [121.12614356200004, 14.280265061000023], [121.1259758870001, 14.280676184000072], [121.1256662190001, 14.281407493000074], [121.12482306200002, 14.283518119000064], [121.12478378000003, 14.283613670000022], [121.12486364200004, 14.283733176000055], [121.1248914900001, 14.283809759000064], [121.12497503400004, 14.28419615200005], [121.12499940100008, 14.284342355000035], [121.12502496200011, 14.284422767000024], [121.12504349800008, 14.284470961000068], [121.12507598400009, 14.28452684900003], [121.12526021100007, 14.28479220500003], [121.12528606, 14.284846776000052], [121.12529180500007, 14.284897518000037], [121.1252889320001, 14.284932941000022], [121.12523638900007, 14.285200746000044], [121.1252256780001, 14.285260550000032], [121.1252274630001, 14.285303394000039], [121.1252337090001, 14.28533107800007], [121.125242866, 14.28534677600004], [121.12526048900008, 14.28536409000003], [121.12530018900009, 14.285384331000046], [121.12551557200004, 14.285469392000039], [121.12568335200001, 14.285551331000022], [121.12572208400002, 14.285580784000047], [121.12576160100002, 14.285625621000065], [121.12578743900008, 14.285670458000027], [121.125805678, 14.285710735000066], [121.12581396000007, 14.285748687000023], [121.12581403800004, 14.285774570000058], [121.12580947800006, 14.285801928000069], [121.12579883900003, 14.28583156600007], [121.12570984400008, 14.28592020900004], [121.12570204600001, 14.285933343000067], [121.12569327000006, 14.285951700000055], [121.12569036600007, 14.28597377400007], [121.12569366100001, 14.285988449000058], [121.12570211000002, 14.286005842000066], [121.12572586600004, 14.286038990000065], [121.12576945100011, 14.28611535300007], [121.125784887, 14.286134097000058], [121.1258047340001, 14.286138507000032], [121.12583560700011, 14.28614512300004], [121.12585324800011, 14.28614953300007], [121.125876403, 14.286150636000059], [121.1259602, 14.286178201000041], [121.12597784200011, 14.286191432000066], [121.12600320100012, 14.286191432000066], [121.12602856100011, 14.286191432000066], [121.12604620200011, 14.28619584200004], [121.12607266500004, 14.286223407000023], [121.12610023000002, 14.286238843000035], [121.12612448700008, 14.286239946000023], [121.12614323100001, 14.28624766400003], [121.12615977000007, 14.286263100000042], [121.12616969300007, 14.286293973000056], [121.12617741100007, 14.286316025000076], [121.12616638500003, 14.286340282000026], [121.12614212800008, 14.286360129000059], [121.12613771800011, 14.286386591000053], [121.12611346100005, 14.286407540000027], [121.12610023000002, 14.286425182000073], [121.12608479300002, 14.286450542000068], [121.126069357, 14.286483619000023], [121.1260561260001, 14.28651228700005], [121.12604620200011, 14.286550878000071], [121.12601863800012, 14.286561904000052], [121.12600320100012, 14.286582853000027], [121.1259800470001, 14.286604905000047], [121.12596571300003, 14.286634675000073], [121.12595799500002, 14.286656727000036], [121.12595358400006, 14.286693112000023], [121.12594586600005, 14.286726190000024], [121.12594586600005, 14.286747140000045], [121.12594917400008, 14.28677360200004], [121.12596571300003, 14.286805577000052], [121.12598886800004, 14.286826526000027], [121.12600099600002, 14.28682983400006], [121.1260208430001, 14.286836450000067], [121.12603958700004, 14.286841963000029], [121.12605171500002, 14.286845271000061], [121.12607266500004, 14.286851886000022], [121.12614102600003, 14.286884964000024], [121.12615205200007, 14.286877246000074], [121.12616087200001, 14.286864015000049], [121.12617189800005, 14.286850784000023], [121.1261730010001, 14.286832039000046], [121.12616197500006, 14.286815500000046], [121.12615205200007, 14.286803372000065], [121.12614323100001, 14.286785730000076], [121.12614102600003, 14.286764781000045], [121.12616418000005, 14.286752653000065], [121.12617851400012, 14.286751550000076], [121.12620166800002, 14.286742729000025], [121.1262314380001, 14.28674383200007], [121.12625459300011, 14.286737216000063], [121.12628105500005, 14.28673390800003], [121.12632074900012, 14.286725088000026], [121.12634280100008, 14.286729498000057], [121.12637146800012, 14.286744934000069], [121.12639352000008, 14.28675596000005], [121.12640013600003, 14.286762576000058], [121.12642770000002, 14.286753755000063], [121.12645967600008, 14.286757063000039], [121.12648724100006, 14.286776910000071], [121.12649716400006, 14.286798962000034], [121.12652693400003, 14.286798962000034], [121.12655339600008, 14.286801167000021], [121.12657655100008, 14.28680668000004], [121.126605218, 14.286804475000054], [121.12662616800003, 14.286804475000054], [121.12664932200005, 14.286827629000072], [121.12665483500007, 14.286855194000054], [121.12664050100011, 14.286879451000061], [121.1266327830001, 14.286904811000056], [121.12663057800012, 14.286929068000063], [121.12662616800003, 14.286961043000076], [121.12662029100011, 14.286972796000043], [121.12660852600004, 14.286996326000065], [121.12660852600004, 14.28701617300004], [121.12660080800003, 14.287030507000054], [121.12658537100003, 14.287043738000023], [121.12656883300008, 14.287039327000059], [121.12654237000004, 14.28703381400004], [121.1265258310001, 14.287036020000073], [121.1265081900001, 14.287040430000047], [121.12648944600005, 14.287048148000054], [121.12646849600003, 14.287070200000073], [121.12645195700009, 14.28708453400003], [121.12643652100007, 14.28710217500003], [121.12641888000007, 14.287113201000068], [121.12640785400004, 14.287130843000057], [121.1263990330001, 14.287148484000056], [121.12639793000005, 14.287167228000044], [121.12640013600003, 14.28719148500005], [121.12640564800006, 14.287210230000028], [121.12641336700005, 14.287235589000034], [121.12642218700012, 14.287258744000042], [121.12644754700011, 14.287309463000042], [121.12646188100007, 14.287323797000056], [121.12648172800004, 14.287342541000044], [121.12650708700005, 14.28735467000007], [121.12652913900001, 14.287365695000062], [121.12653685700002, 14.287382234000063], [121.12655008800004, 14.28740097900004], [121.12657544800004, 14.287407594000058], [121.12659750000012, 14.287413107000077], [121.12662727000009, 14.287395466000078], [121.12665152700004, 14.287395466000078], [121.12667137400001, 14.287404286000026], [121.12669783600006, 14.287404286000026], [121.12672209300001, 14.287397671000065], [121.12673863200007, 14.287387747000025], [121.12676068400003, 14.287378927000077], [121.12679155700005, 14.287389953000059], [121.12682684000004, 14.287405389000071], [121.12685550700007, 14.287417517000051], [121.12688197000011, 14.287434056000052], [121.12691615000006, 14.287470442000028], [121.12693930500006, 14.287483673000054], [121.12695584300002, 14.287509033000049], [121.12698120300001, 14.287534393000044], [121.12700546000008, 14.28755865000005], [121.12702751200004, 14.28758180400007], [121.12704846100007, 14.287599446000058], [121.12706169300009, 14.287622600000077], [121.12708153900007, 14.287640242000066], [121.12711241200009, 14.28765016500006], [121.12713997700007, 14.287649062000071], [121.12716864400011, 14.287651268000047], [121.12718849100008, 14.287645755000028], [121.12721385100008, 14.287630318000026], [121.1272270820001, 14.287619292000045], [121.127232595, 14.28759834300007], [121.12723590300004, 14.287585112000045], [121.12723921000008, 14.28755975200005], [121.12724362100005, 14.287536598000031], [121.12725354400004, 14.287517854000043], [121.12725354400004, 14.287498007000067], [121.12724803100002, 14.28747485200006], [121.12724582600003, 14.287455006000073], [121.12724251800012, 14.287434056000052], [121.12723921000008, 14.28740649100007], [121.12723590300004, 14.287382234000063], [121.12725354400004, 14.287359080000044], [121.12727669900005, 14.287356875000057], [121.1272954430001, 14.287361285000031], [121.12731198200004, 14.287380029000076], [121.12732521300006, 14.287395466000078], [121.12734726500003, 14.287403184000027], [121.12736490600003, 14.287413107000077], [121.12737372700008, 14.287428543000033], [121.12739026600002, 14.287445082000033], [121.1274123180001, 14.287459416000047], [121.12742885700004, 14.287470442000028], [121.12744649800004, 14.28748587800004], [121.12746744800006, 14.287509033000049], [121.12748288400007, 14.287526674000048], [121.12748729400005, 14.287549829000056], [121.12748398700012, 14.287588420000077], [121.12745531900009, 14.287619292000045], [121.12743547200012, 14.287635831000046], [121.12741011300011, 14.28765016500006], [121.12738585600005, 14.287664499000073], [121.12737483, 14.287688756000023], [121.12737813700005, 14.287706397000022], [121.12738475300011, 14.287722936000023], [121.12737041900004, 14.28773506500005], [121.12734764400011, 14.287755054000058], [121.12734210200006, 14.287767467000037], [121.12734021400001, 14.287777381000069], [121.127339688, 14.287786310000058], [121.12734113300007, 14.287796025000034], [121.12734498400005, 14.287804706000031], [121.12735122600009, 14.287812092000024], [121.12736316000007, 14.287819778000028], [121.12737468600005, 14.287825098000042], [121.12739175400009, 14.287828201000025], [121.12740904300006, 14.287827315000072], [121.12746855000012, 14.287829888000033], [121.12748508900006, 14.287825478000059], [121.12751044900006, 14.287817759000063], [121.1275369110001, 14.287813349000032], [121.12756006600011, 14.28780232300005], [121.12758211700009, 14.287783579000063], [121.12759424600006, 14.287761527000043], [121.12759314300001, 14.287738373000025], [121.12759314300001, 14.287716321000062], [121.12759314300001, 14.287698679000073], [121.12757439900008, 14.28768434500006], [121.12757439900008, 14.287656781000067], [121.127585425, 14.287640242000066], [121.1276052720001, 14.287636934000034], [121.12762401600003, 14.287631421000071], [121.12764937600002, 14.28761488200007], [121.12766701700002, 14.287596138000026], [121.12768465900001, 14.28759393300004], [121.12771112100006, 14.28758180400007], [121.12773758300011, 14.287578496000037], [121.12775743000009, 14.287604959000078], [121.12780484200005, 14.287653473000034], [121.12782799600006, 14.28766670400006], [121.12784784300004, 14.287682140000072], [121.12787320300004, 14.287697577000074], [121.12790958800008, 14.287737270000036], [121.12792833200001, 14.287754912000025], [121.12794707600005, 14.287776963000056], [121.12796141000001, 14.287797913000077], [121.12797905200011, 14.287821067000039], [121.12798787200006, 14.287843119000058], [121.12799779600005, 14.287868479000053], [121.12800771900004, 14.287886120000053], [121.128019848, 14.287896044000036], [121.12803969400011, 14.287901557000055], [121.12804300200003, 14.287916993000067], [121.12805513100011, 14.287935737000055], [121.128070567, 14.287945660000048], [121.12808820900011, 14.287975431000064], [121.1281080550001, 14.28798314900007], [121.12812459400004, 14.288001893000057], [121.12813562000008, 14.288009611000064], [121.12814223600003, 14.288031663000027], [121.1281488510001, 14.288050407000071], [121.12813892800011, 14.288065843000027], [121.12812018400007, 14.288092306000067], [121.12811797900008, 14.288109947000066], [121.12812900500012, 14.288119871000049], [121.12812238900005, 14.288141922000023], [121.12811246600006, 14.288176103000069], [121.12809482400007, 14.288203668000051], [121.12807718300007, 14.288219104000063], [121.12804961800009, 14.288232335000032], [121.128019848, 14.288244464000059], [121.12800220600002, 14.288244464000059], [121.12798015400006, 14.288234540000076], [121.1279581020001, 14.288229027000057], [121.1279404610001, 14.288224617000026], [121.1278974600001, 14.288232335000032], [121.1278721000001, 14.288237848000051], [121.12785666400009, 14.288241156000026], [121.12784122700009, 14.28824336100007], [121.12783461200002, 14.288231233000033], [121.12781256000005, 14.288216899000076], [121.12778279000008, 14.28820918100007], [121.12775853300002, 14.288205873000038], [121.12773648100006, 14.288213591000044], [121.12771332600005, 14.288224617000026], [121.12768135100009, 14.288232335000032], [121.12766040200006, 14.288230130000045], [121.12764276000007, 14.288222412000039], [121.12761629800002, 14.288230130000045], [121.127585425, 14.288235643000064], [121.12756888600006, 14.288240053000038], [121.12754021900002, 14.288259900000071], [121.12752588500007, 14.28827313100004], [121.12750824400007, 14.28829408100006], [121.12749501200005, 14.28831172200006], [121.1274861920001, 14.288333774000023], [121.12748288400007, 14.288356928000042], [121.12748178100003, 14.288387801000056], [121.12748729400005, 14.288409853000076], [121.12749501200005, 14.288433008000027], [121.1275038330001, 14.288441828000032], [121.1275192700001, 14.288445136000064], [121.12754021900002, 14.288445136000064], [121.12755786000002, 14.288461675000065], [121.12757329700003, 14.288478214000065], [121.12758763000011, 14.288501368000027], [121.1276052720001, 14.288513497000054], [121.12762952900005, 14.288520113000061], [121.12765819700007, 14.288520113000061], [121.12768245400002, 14.288511292000067], [121.12769458200012, 14.28848262400004], [121.12772766000012, 14.288449546000038], [121.12775412200006, 14.288426392000076], [121.12778940500004, 14.288403237000068], [121.127844535, 14.28838008300005], [121.12787430500009, 14.288381186000038], [121.12790407500006, 14.288382288000037], [121.1279305380001, 14.288383391000025], [121.12797243600005, 14.288399930000026], [121.12801048400001, 14.288432553000064], [121.12802117500007, 14.288454030000025], [121.12803372100007, 14.28848375800004], [121.12804529400012, 14.288533503000053], [121.12804961800009, 14.288562011000067], [121.12804079700004, 14.288585166000075], [121.12803528400002, 14.288614936000045], [121.12804190000008, 14.288633680000032], [121.12805623300005, 14.288649116000045], [121.1280573360001, 14.288668963000077], [121.128052926, 14.288698733000047], [121.12804410500007, 14.288746145000061], [121.12804079700004, 14.288782530000049], [121.12803418100009, 14.288814505000062], [121.12802095000006, 14.288850891000038], [121.12801543700004, 14.288876251000033], [121.12800882200008, 14.28890050800004], [121.12799779600005, 14.288931381000054], [121.12797464100004, 14.288943509000035], [121.1279558970001, 14.288961151000024], [121.1279305380001, 14.288992023000048], [121.12790958800008, 14.28900304900003], [121.1278820230001, 14.289017383000044], [121.12785666400009, 14.289017383000044], [121.12783350900008, 14.289016280000055], [121.12781366200011, 14.289000844000043], [121.1278016230001, 14.288979074000054], [121.12778291900008, 14.288952895000023], [121.12777361600001, 14.288924518000044], [121.1277728660001, 14.288894995000021], [121.12776404600004, 14.288872943000058], [121.12773537800001, 14.28884427500003], [121.12771883900007, 14.288827737000076], [121.12769899300008, 14.288812300000075], [121.12768024800005, 14.288804582000068], [121.12765709400003, 14.288794659000075], [121.1276383500001, 14.288786941000069], [121.12760747700008, 14.288773709000054], [121.12758432300006, 14.288770402000068], [121.127567784, 14.288763786000061], [121.12755014200002, 14.288753863000068], [121.12754352700006, 14.288736221000022], [121.12752698800011, 14.288732913000047], [121.12750934600001, 14.288735119000023], [121.12750052500007, 14.288760478000029], [121.127476268, 14.28878142800005], [121.12745972900007, 14.288795761000074], [121.12742775400011, 14.288796864000062], [121.12739577900004, 14.288805685000057], [121.12737041900004, 14.288818916000025], [121.12733844400009, 14.288834352000038], [121.12730440400003, 14.28886411600007], [121.12730426600001, 14.288887161000048], [121.12730921400009, 14.288905428000078], [121.12732012300012, 14.28892428000006], [121.12733242900003, 14.288940441000022], [121.127341752, 14.288957843000048], [121.12735277800004, 14.288971074000074], [121.12736049600005, 14.288987613000074], [121.12736711100001, 14.288995331000024], [121.12738254800001, 14.288998639000056], [121.12740018900001, 14.28900304900003], [121.12741893300006, 14.289018486000032], [121.12740790700002, 14.289043845000037], [121.12740129200006, 14.289068102000044], [121.12740790700002, 14.289089052000065], [121.12741783100012, 14.289096770000072], [121.12742775400011, 14.289114411000071], [121.12742224100009, 14.289143079000041], [121.12740790700002, 14.289207029000067], [121.12740570200003, 14.289230184000075], [121.12737041900004, 14.289264364000076], [121.1273461620001, 14.289280903000076], [121.1273208020001, 14.289290827000059], [121.12729434000005, 14.289295237000033], [121.12727228800009, 14.289295237000033], [121.12724251800012, 14.289294134000045], [121.12722597900006, 14.28928972400007], [121.12720723500001, 14.28926877500004], [121.12719290100006, 14.289242312000056], [121.12715651600001, 14.289209234000054], [121.12713005300009, 14.28919490100003], [121.12710689900007, 14.289181670000062], [121.12707492400011, 14.289180567000074], [121.12702310200007, 14.289191593000055], [121.12699553700008, 14.289193798000042], [121.12698010100007, 14.289220260000036], [121.1269778950001, 14.289257749000058], [121.12697569000011, 14.289290827000059], [121.126974388, 14.289349222000055], [121.12699166800007, 14.289393085000029], [121.12701891600011, 14.289434954000058], [121.12706712700003, 14.289487302000055], [121.12710531300002, 14.289512711000043], [121.12714518900009, 14.289533314000039], [121.12717446500005, 14.289561438000021], [121.12719778900009, 14.289574766000044], [121.12727109200011, 14.289584762000061], [121.12734106200003, 14.289591426000072], [121.1273810450001, 14.289634741000043], [121.12737771400009, 14.289684720000025], [121.12736771800007, 14.28973803100007], [121.12733773000002, 14.289758022000058], [121.12727109200011, 14.289814665000051], [121.12722777600004, 14.289864644000033], [121.12719112500008, 14.289904628000045], [121.12714781000011, 14.289954607000027], [121.12711115800005, 14.290021246000038], [121.12710116300002, 14.290081220000047], [121.12711115800005, 14.290121204000059], [121.12710782700003, 14.290177847000052], [121.1270778390001, 14.290241154000057], [121.12702786000011, 14.290314456000033], [121.12697121700012, 14.29039109100006], [121.12689458200009, 14.29048438500007], [121.1268261570001, 14.290550759000041], [121.12682496600007, 14.290597775000037], [121.12683746400012, 14.290640624000048], [121.12684460300011, 14.290670974000022], [121.12687125900004, 14.290707625000039], [121.126911242, 14.290737612000044], [121.12694789300008, 14.290760936000027], [121.12699787300005, 14.290787591000026], [121.12705118400004, 14.290790923000031], [121.12710449500003, 14.290794255000037], [121.1271444780001, 14.29080758300006], [121.12719112500008, 14.29080758300006], [121.12723444000005, 14.290804251000054], [121.1272610960001, 14.290804251000054], [121.12730107900006, 14.29080758300006], [121.12733773000002, 14.290817579000077], [121.12737438200008, 14.290827575000037], [121.12738600900002, 14.290836269000067], [121.12741491600002, 14.290857884000047], [121.1274376880001, 14.290904209000075], [121.1274410200001, 14.29094419200004], [121.127451016, 14.290980844000046], [121.12747434000005, 14.290990840000063], [121.1274976630001, 14.290994172000069], [121.12749099900009, 14.291017495000062], [121.12750432700011, 14.291044151000051], [121.12751432300001, 14.29107080600005], [121.12754431000008, 14.291100794000045], [121.12757763000002, 14.291120785000032], [121.12759762100006, 14.291157437000038], [121.12762427700011, 14.291177428000026], [121.12766426000007, 14.291174096000077], [121.12770424300004, 14.291220743000054], [121.12772756700008, 14.291250731000048], [121.12774422700011, 14.29130071000003], [121.12776421800004, 14.291390672000034], [121.12777421400006, 14.291447315000028], [121.12777421400006, 14.291510622000033], [121.12777421400006, 14.29158725700006], [121.12775755400003, 14.291663891000042], [121.12772560500002, 14.291763196000034], [121.12775223400001, 14.291844292000064], [121.12779338700011, 14.291924177000055], [121.12785390700003, 14.292013746000066], [121.12839252900005, 14.292633464000062], [121.12841552600003, 14.292669776000025], [121.12842763000003, 14.292715771000076], [121.12842763000003, 14.29276055500003], [121.12841552600003, 14.292804129000046], [121.12838647700005, 14.29285012400004], [121.12787124300007, 14.29338256400007], [121.1278405920001, 14.293421426000066], [121.12782364700001, 14.293455317000053], [121.1278004290001, 14.293492159000039], [121.12778281500005, 14.293538596000076], [121.12779402400008, 14.293588236000062], [121.12782765100008, 14.293631470000037], [121.12820019900005, 14.29391516000004], [121.12821944400002, 14.293939069000032], [121.12825172100008, 14.294018147000031], [121.12825787500003, 14.294047976000058], [121.12826085900008, 14.294085780000046], [121.12825979000002, 14.294128158000035], [121.12825279600008, 14.294151290000059], [121.12824096200006, 14.294165277000047], [121.12824078100004, 14.294183911000061], [121.12821676200008, 14.294196722000038], [121.1281847360001, 14.29420312700006], [121.12812709000002, 14.294190317000073], [121.1280838560001, 14.294172702000026], [121.12805343100001, 14.294147082000052], [121.1280101970001, 14.294124664000037], [121.127982975, 14.294134272000065], [121.12791572100002, 14.294159892000039], [121.12787569000011, 14.294190317000073], [121.1278340560001, 14.29423195000004], [121.12779722700009, 14.294291197000064], [121.12776840400011, 14.29435845100005], [121.12775079000005, 14.294443318000049], [121.12774438500003, 14.29450416700007], [121.1277331760001, 14.294576225000071], [121.12774118200002, 14.294741156000043], [121.12775079000005, 14.294818017000068], [121.12775239100006, 14.29486285300004], [121.12774918900004, 14.29491729700004], [121.12772036600006, 14.294970139000043], [121.12770595400002, 14.295027785000059], [121.12768033400005, 14.295087032000026], [121.12768033400005, 14.29511745600007], [121.1276627200001, 14.295168697000065], [121.12764030200003, 14.29521993800006], [121.12763549800002, 14.29526637500004], [121.12763870000003, 14.295308009000053], [121.12765151100007, 14.295365655000069], [121.12765311200008, 14.295408889000043], [121.1276913160001, 14.295511379000061], [121.12775114800002, 14.295591271000035], [121.12799133800002, 14.295831462000024], [121.1280255800001, 14.295888919000049], [121.12804877500002, 14.295967221000069], [121.12811039300004, 14.296319857000071], [121.128174693, 14.296353503000034], [121.12941938100005, 14.297096777000036], [121.12952556300002, 14.297220656000036], [121.12963764400001, 14.297368131000042], [121.12970253300011, 14.297503808000045], [121.12989802600009, 14.298021744000039], [121.130070928, 14.298034376000032], [121.130150221, 14.297970130000067], [121.13056747300004, 14.298400536000031], [121.13065429100004, 14.298357056000043]]]]}}, {"type": "Feature", "properties": {"psgc_code": 403404007, "name": "Gulod", "corr_code": 43404007.0, "geo_level": "Bgy", "city_class": null, "inc_class": null, "urb_rur": null, "pop_2015": "U", "pop_2020": null, "status": null, "adm4_pcode": "PH0403404007", "adm4_en": "Gulod", "adm3_pcode": "PH0403404", "adm2_pcode": "PH04034", "adm1_pcode": "PH04", "adm0_pcode": "PH", "shape_len": 0.0819203062655, "shape_area": 0.000253777447262, "shape_sqkm": 3.03001420402}, "geometry": {"type": "MultiPolygon", "coordinates": [[[[121.16450298900008, 14.26575239300007], [121.16450414200006, 14.265610062000064], [121.16446654000003, 14.265338030000066], [121.16446737800004, 14.265234516000078], [121.16453465600011, 14.265118574000041], [121.16466847800007, 14.264977263000048], [121.16484189200003, 14.264862138000069], [121.16502846700007, 14.264760054000021], [121.16514828800007, 14.264709216000028], [121.16532170200003, 14.264594091000049], [121.16545562600004, 14.264439841000069], [121.16559060000009, 14.264156198000023], [121.1656854580001, 14.263911066000048], [121.16600689800009, 14.263538276000077], [121.16619472900004, 14.263280920000057], [121.16627809600004, 14.26281571800007], [121.16636052400008, 14.262466970000048], [121.1665891990001, 14.262080525000044], [121.16689632300006, 14.261837026000023], [121.16726967500006, 14.261606974000074], [121.16743044500004, 14.261414109000043], [121.16753888000005, 14.261130261000062], [121.16756855000006, 14.260742286000038], [121.16752343000007, 14.25975849100007], [121.1675801560001, 14.259306022000032], [121.167848208, 14.258971641000073], [121.16803550800012, 14.258778978000066], [121.16817026400008, 14.258521211000073], [121.16825195400008, 14.258263036000073], [121.16832131700005, 14.257888305000051], [121.16875096700005, 14.257257541000058], [121.16883182000004, 14.257102879000058], [121.16886033800006, 14.25685723600003], [121.16889188500011, 14.256236354000066], [121.16893669800004, 14.255615572000067], [121.16900793900004, 14.255007933000059], [121.16890797000008, 14.254243698000039], [121.16891099800011, 14.253868457000067], [121.16920839300008, 14.25318491400003], [121.16926448600009, 14.252810081000064], [121.16937426900006, 14.252358019000042], [121.16947235200007, 14.251711765000039], [121.16962496100007, 14.250884768000049], [121.16996183200001, 14.250240346000055], [121.17027269200003, 14.249531024000078], [121.17039605100001, 14.24904024500006], [121.17031019900003, 14.24862960300004], [121.16929435000009, 14.248429560000034], [121.1689020230001, 14.248334783000075], [121.16821377600002, 14.248239141000056], [121.16819326000007, 14.248585199000047], [121.16820062500005, 14.248760459000039], [121.16632860600009, 14.248358660000065], [121.1656924240001, 14.24817298000005], [121.1657137310001, 14.248036003000038], [121.16554022700006, 14.247999476000075], [121.16532715200003, 14.24795077300007], [121.16494057200009, 14.248583911000026], [121.16491013300003, 14.248769591000041], [121.16476706800006, 14.249247488000037], [121.16468792600006, 14.249378378000074], [121.16444745500007, 14.249259664000022], [121.16424655600008, 14.249350982000067], [121.1640456560001, 14.249372290000053], [121.16380214100002, 14.249207917000035], [121.16365298900007, 14.249143995000054], [121.163564715, 14.24906485200006], [121.16320553100002, 14.249052677000066], [121.163068554, 14.249229225000022], [121.16292244500005, 14.249244444000055], [121.16282199500006, 14.24932663100003], [121.1625743300001, 14.249273972000026], [121.16218750700011, 14.249370678000048], [121.16184097900009, 14.249410972000021], [121.1615911560001, 14.249354560000029], [121.16153474500004, 14.248879091000049], [121.1614299800001, 14.249112796000077], [121.16123656900004, 14.249701088000052], [121.16083362900008, 14.249862264000058], [121.16064827700006, 14.249789735000036], [121.16055963000008, 14.249830029000066], [121.16044680700008, 14.249781676000055], [121.16028563100008, 14.249612441000068], [121.15982628000006, 14.249539912000046], [121.15961675100004, 14.249499618000073], [121.1595603400001, 14.24965273500004], [121.15939110500005, 14.249701088000052], [121.15941528100007, 14.249507677000054], [121.15885539900012, 14.249329253000042], [121.15868193100005, 14.249273972000026], [121.15841467500002, 14.251406486000064], [121.15837498000008, 14.251723217000063], [121.15820943100005, 14.252004543000055], [121.15635932700002, 14.251501371000074], [121.15483947300004, 14.251204494000035], [121.15377472600005, 14.25075402400006], [121.15308695200008, 14.250457096000048], [121.15232704700009, 14.252061339000022], [121.15207374600004, 14.253440425000065], [121.15431124200006, 14.254101823000042], [121.15404386800003, 14.255016523000052], [121.15428309700008, 14.255100957000025], [121.15424882400009, 14.255375141000059], [121.15424088100008, 14.255438692000041], [121.15121533500007, 14.254678787000046], [121.15077532100008, 14.256368043000066], [121.15034055900003, 14.258037135000052], [121.1499984720001, 14.259350437000023], [121.14962986400008, 14.260247953000032], [121.14938884600008, 14.260810328000048], [121.14911339700006, 14.261074300000075], [121.14890681000008, 14.261453042000028], [121.14969872600011, 14.261636675000034], [121.14949213900002, 14.262267912000027], [121.14992826700006, 14.262440068000046], [121.14960607800003, 14.26371092100004], [121.15143489200011, 14.264203294000026], [121.151806684, 14.263278839000066], [121.15250814300009, 14.263541731000032], [121.15265140200006, 14.263548813000057], [121.15417257500008, 14.264084402000037], [121.15544535300012, 14.264532533000022], [121.1553989040001, 14.264848746000041], [121.1558268010001, 14.264945672000067], [121.1559967930001, 14.264984178000077], [121.15644247600005, 14.265099644000031], [121.15671185800011, 14.264379341000051], [121.15797678100012, 14.26474242100005], [121.15911543300001, 14.265036124000062], [121.15903512400007, 14.26520821300005], [121.1603430020001, 14.265472083000077], [121.16059344500002, 14.264282839000032], [121.16162581000003, 14.264385503000028], [121.16185123600008, 14.26433307800005], [121.16194035800004, 14.264411715000051], [121.16208714800007, 14.264516565000065], [121.16221296700007, 14.264579474000072], [121.1623597570001, 14.264694809000048], [121.16250589900005, 14.26476014800005], [121.16259042500008, 14.264820628000052], [121.16278439700011, 14.264867810000055], [121.16316185500011, 14.264967418000026], [121.16347116100007, 14.26507226700005], [121.16436561000012, 14.26541717400005], [121.16425223200008, 14.265534820000028], [121.16451248800001, 14.265886697000042], [121.16450298900008, 14.26575239300007]]]]}}, {"type": "Feature", "properties": {"psgc_code": 403404009, "name": "Mamatid", "corr_code": 43404009.0, "geo_level": "Bgy", "city_class": null, "inc_class": null, "urb_rur": null, "pop_2015": "U", "pop_2020": null, "status": null, "adm4_pcode": "PH0403404009", "adm4_en": "Mamatid", "adm3_pcode": "PH0403404", "adm2_pcode": "PH04034", "adm1_pcode": "PH04", "adm0_pcode": "PH", "shape_len": 0.0969626079303, "shape_area": 0.000257921566882, "shape_sqkm": 3.07974381116}, "geometry": {"type": "MultiPolygon", "coordinates": [[[[121.15818542500006, 14.245762721000062], [121.15662682600009, 14.245276154000067], [121.15667098500012, 14.24511989900003], [121.15694297400012, 14.244156707000059], [121.15698570900008, 14.243946592000043], [121.15705894200005, 14.243586533000041], [121.15748620200009, 14.243717625000045], [121.15750084100011, 14.243650248000051], [121.15757845100006, 14.243198115000041], [121.15770954200002, 14.242780565000032], [121.1578551990001, 14.242324173000043], [121.15739703300005, 14.242114081000068], [121.15757357200005, 14.24104145800004], [121.15914989500004, 14.241610685000069], [121.15974270000004, 14.241812778000053], [121.15988416500011, 14.241839724000044], [121.15988261200005, 14.24190177500003], [121.1598804460001, 14.241988298000024], [121.15988632100004, 14.24202550900003], [121.15990394800008, 14.242064678000077], [121.15995486800011, 14.24215868400006], [121.15996270200003, 14.24219785400004], [121.15996466000001, 14.242233106000072], [121.15995424200003, 14.242272532000072], [121.16008916200008, 14.242284698000049], [121.160072162, 14.242341366000062], [121.16004949500007, 14.24246036900007], [121.160032494, 14.242545371000062], [121.16016016600008, 14.242586755000048], [121.16018305500006, 14.242598200000032], [121.16036413200004, 14.24264603000006], [121.16074174100004, 14.242943531000037], [121.16090142200005, 14.243047782000076], [121.16110189200003, 14.243153799000027], [121.16130621600007, 14.243269455000075], [121.16152403500007, 14.243387038000037], [121.16175979900004, 14.243494548000058], [121.16196834400012, 14.243620278000037], [121.16226300800008, 14.242494446000023], [121.16246997700011, 14.242567935000068], [121.162703942, 14.242627926000068], [121.1629154100001, 14.242632425000068], [121.16314487500006, 14.242683417000023], [121.16337284000008, 14.242713413000047], [121.16355044400007, 14.242772840000043], [121.16371055400009, 14.242820072000029], [121.16387028200006, 14.242868930000043], [121.1640450430001, 14.24306060300006], [121.16424235300008, 14.243152681000026], [121.16445469700011, 14.243239122000034], [121.16467080000007, 14.243314288000022], [121.164829542, 14.243349058000035], [121.16488477300004, 14.243361156000049], [121.16489567300005, 14.243377784000074], [121.16491469800008, 14.243388656000036], [121.16494630600005, 14.243398357000046], [121.16507669600003, 14.24342327900007], [121.16519508200008, 14.242991074000031], [121.16523929700008, 14.242778286000032], [121.16528562000008, 14.242552229000069], [121.16533379600003, 14.242318760000046], [121.1654026000001, 14.242076945000065], [121.16546444000005, 14.241872728000033], [121.16553203300009, 14.24165269200006], [121.16559675000008, 14.241438408000022], [121.16565620600011, 14.241231091000031], [121.165723307, 14.241011279000077], [121.16757043100006, 14.241453012000022], [121.16757995400008, 14.24141809300005], [121.16761266300011, 14.241298160000042], [121.16769691200011, 14.241306387000066], [121.16773011600003, 14.241284251000025], [121.16776331900007, 14.241258426000059], [121.1678592400001, 14.240955906000067], [121.1678776870001, 14.240930081000045], [121.16806215100007, 14.240955906000067], [121.1681396250001, 14.240985420000072], [121.16853068900002, 14.241121923000037], [121.16861554200011, 14.241166195000062], [121.16867088100003, 14.241214155000023], [121.16872253100007, 14.241180952000036], [121.16882583100005, 14.241228912000054], [121.16899646800005, 14.241285901000026], [121.1697673860001, 14.241581193000059], [121.17000289300006, 14.241637898000022], [121.1708176190001, 14.241858419000039], [121.17118696700004, 14.241985214000067], [121.171618695, 14.242140284000072], [121.17176447300005, 14.241761715000052], [121.17203232600002, 14.24121133500006], [121.17220840100003, 14.240608864000023], [121.172543345, 14.239904830000057], [121.17295968500002, 14.23890593300007], [121.17301583900007, 14.238592480000023], [121.1730359070001, 14.238585734000026], [121.17305747700004, 14.238462931000072], [121.1730807350001, 14.238305782000054], [121.17306354800007, 14.238293202000023], [121.17308272000002, 14.23821031700004], [121.1731335070001, 14.238081302000069], [121.17320074600002, 14.237968588000058], [121.17331799100009, 14.237823905000027], [121.17345136300003, 14.237735961000055], [121.17357579300005, 14.237728826000023], [121.17373332400007, 14.23773003100007], [121.1738988840001, 14.237763648000055], [121.17400660200008, 14.237772560000053], [121.17410609500007, 14.237773321000077], [121.1742463920001, 14.237855271000058], [121.17436149200012, 14.237977468000054], [121.174476851, 14.238067315000023], [121.17463399100006, 14.238117043000045], [121.17474327000002, 14.238153670000031], [121.17482527000004, 14.238045716000045], [121.17483710200008, 14.238016397000024], [121.17454494700007, 14.237899535000054], [121.17372993800006, 14.237372177000054], [121.17318645000012, 14.237102811000057], [121.1731066960001, 14.237060555000028], [121.17253139500008, 14.236760920000052], [121.1724355120001, 14.236461284000029], [121.172447497, 14.236089736000054], [121.17238820300008, 14.236074693000035], [121.17140985100002, 14.235872699000026], [121.17127365600004, 14.235826269000029], [121.17122722600004, 14.235863413000061], [121.17118079600004, 14.236024371000042], [121.17102912400003, 14.236405098000034], [121.17101364700011, 14.23650414900004], [121.17090840600008, 14.236699155000053], [121.17089912000006, 14.236804397000071], [121.1708186410001, 14.236857017000034], [121.17030791000002, 14.236655820000067], [121.17023362200007, 14.236618676000035], [121.1699612320001, 14.236482481000053], [121.16978673300002, 14.236473270000033], [121.16969193700004, 14.236451528000032], [121.16954702500004, 14.236329445000024], [121.16948454900012, 14.236318428000061], [121.16932359200007, 14.236055324000063], [121.16922341800012, 14.235850028000073], [121.16912975700006, 14.23578969700003], [121.16841046600007, 14.235420780000027], [121.16818068600003, 14.235322669000027], [121.167574725, 14.23521648700006], [121.1673297210001, 14.23523877100007], [121.16715685400004, 14.235228869000025], [121.16707847700002, 14.235236602000043], [121.16636444700009, 14.235337205000064], [121.1661292010001, 14.235309347000054], [121.16558751600007, 14.235210297000037], [121.16511241800004, 14.235047004000023], [121.16433390400005, 14.234879095000053], [121.16403984700003, 14.234758377000048], [121.1635384010001, 14.234591229000046], [121.1626809920001, 14.234374555000045], [121.16197223600011, 14.234160083000063], [121.16002487700007, 14.233782033000068], [121.15964349300009, 14.233735523000064], [121.15836911300005, 14.233437858000059], [121.15802174300006, 14.233323767000059], [121.15775517800012, 14.233242515000029], [121.15752262600006, 14.233205306000059], [121.15717845100005, 14.233102984000027], [121.15686218100006, 14.233000661000062], [121.1565738170001, 14.23287973500004], [121.15638777600009, 14.232805318000032], [121.15622964200008, 14.232823922000023], [121.15593197600003, 14.232721600000048], [121.15565291500002, 14.232730902000071], [121.15540175900003, 14.232712298000024], [121.15512269800001, 14.232740204000038], [121.15498316700007, 14.232665788000077], [121.15470645200003, 14.232637148000038], [121.15457718900007, 14.23264279500006], [121.1544436480001, 14.232637881000073], [121.15418319100002, 14.232554163000032], [121.15395994200003, 14.232358820000059], [121.15376459900006, 14.232237893000047], [121.15371231000006, 14.232279905000041], [121.15358786000002, 14.23239602800004], [121.15339251700004, 14.232461142000034], [121.15313206000008, 14.232451840000067], [121.15292741400003, 14.232312310000054], [121.1527506760001, 14.232349518000035], [121.15246231200001, 14.232572767000022], [121.15202511600012, 14.232730902000071], [121.1512908850001, 14.232540714000038], [121.15004171900011, 14.232104112000059], [121.14989290300002, 14.23207479000007], [121.1497453290001, 14.232045713000048], [121.14943042000004, 14.231954874000053], [121.14863709100007, 14.231688413000029], [121.14854873000002, 14.231657429000052], [121.14841765400001, 14.231608451000056], [121.14817078300007, 14.231524902000046], [121.14741984600005, 14.23127660800003], [121.14674158000003, 14.230816357000037], [121.1464555980001, 14.230717946000027], [121.14632684300011, 14.231033908000029], [121.14612454500002, 14.231515105000028], [121.14588335700012, 14.232107899000027], [121.14595789400005, 14.232154371000036], [121.14510664800002, 14.23426054600003], [121.14450327600002, 14.23575342600003], [121.14386670300007, 14.237282110000024], [121.14340554900002, 14.238424016000067], [121.14302247400008, 14.239370724000025], [121.14381859900004, 14.239614541000037], [121.14389524600006, 14.239366565000068], [121.1441996210001, 14.239447287000075], [121.14452194900002, 14.239537894000023], [121.14444079300006, 14.239835465000056], [121.1446716150001, 14.239909900000043], [121.14582621500006, 14.240282234000063], [121.1461197540001, 14.240376894000065], [121.14546725700006, 14.24221299100003], [121.14768271300011, 14.242865488000064], [121.14806207200002, 14.242000550000057], [121.14935005500001, 14.242385617000025], [121.14953398400007, 14.24244060600006], [121.14932154300004, 14.242911011000047], [121.1507616240001, 14.24342471400007], [121.1511047780001, 14.243547109000076], [121.15203294900004, 14.243884395000066], [121.151969602, 14.244383251000045], [121.15295939500004, 14.244858352000051], [121.15306991800003, 14.244807364000053], [121.15317410400007, 14.244834543000024], [121.15331049200006, 14.244870122000066], [121.15339416900008, 14.244796904000054], [121.15363232600009, 14.244892167000046], [121.15370796000002, 14.244922420000023], [121.15402175200006, 14.245016558000032], [121.15396721800005, 14.245140520000064], [121.15393449500004, 14.245215038000026], [121.15379895900003, 14.24556320000005], [121.15366612200012, 14.245926552000071], [121.15428485600012, 14.246092675000057], [121.1546447830001, 14.24621211300007], [121.1550240790001, 14.246328322000068], [121.15520162200005, 14.246388041000046], [121.15539788400008, 14.24644569700007], [121.15583128100002, 14.246595974000059], [121.15615553200007, 14.245623221000073], [121.1563751860001, 14.245717358000036], [121.15665759800004, 14.24612528700004], [121.15726426100002, 14.246386780000023], [121.15734793900003, 14.246627353000065], [121.15818542500006, 14.245762721000062]]]]}}, {"type": "Feature", "properties": {"psgc_code": 403404010, "name": "Marinig", "corr_code": 43404010.0, "geo_level": "Bgy", "city_class": null, "inc_class": null, "urb_rur": null, "pop_2015": "U", "pop_2020": null, "status": null, "adm4_pcode": "PH0403404010", "adm4_en": "Marinig", "adm3_pcode": "PH0403404", "adm2_pcode": "PH04034", "adm1_pcode": "PH04", "adm0_pcode": "PH", "shape_len": 0.0929019662134, "shape_area": 0.000265797146129, "shape_sqkm": 3.17331642252}, "geometry": {"type": "MultiPolygon", "coordinates": [[[[121.1444461750001, 14.284630944000071], [121.14460893900002, 14.28445830000004], [121.14474643100004, 14.28426061500005], [121.14495199200007, 14.284046895000074], [121.14510633100008, 14.283865904000038], [121.14571112400006, 14.283638733000032], [121.14594942800011, 14.283574336000072], [121.14617930700001, 14.28350159300004], [121.14635001700003, 14.283395261000067], [121.14643615300008, 14.283246864000034], [121.14649674600003, 14.28310655100006], [121.14661718500008, 14.282917012000041], [121.14682179300007, 14.282819226000072], [121.147067977, 14.282829425000045], [121.1473136190001, 14.282905871000025], [121.1477362930001, 14.283141044000047], [121.14832030700006, 14.28337747200004], [121.14856588200007, 14.283462198000052], [121.14877762700007, 14.283530098000028], [121.14894759100002, 14.283514856000068], [121.14902482700006, 14.283416077000027], [121.14902550400006, 14.283333268000035], [121.14895831800004, 14.283241648000057], [121.14893385900007, 14.28311723400003], [121.148934671, 14.283017861000076], [121.14895327900001, 14.282819248000067], [121.14894926000011, 14.282466990000046], [121.14890010300007, 14.281987830000048], [121.14862401800008, 14.28167512300007], [121.148572005, 14.281545318000042], [121.14857285100004, 14.281441806000032], [121.14864014300008, 14.281325870000046], [121.14873439200005, 14.281158383000047], [121.14889540400009, 14.280939656000044], [121.14893711200011, 14.280707060000054], [121.14892659400005, 14.280370540000035], [121.14895482100007, 14.280163720000076], [121.14899610600003, 14.279982881000024], [121.14915743400002, 14.27972533600007], [121.14949325100008, 14.279223286000047], [121.14961625500007, 14.27878428300005], [121.14983170800008, 14.278397759000029], [121.15009928000006, 14.278128099000071], [121.15039264800009, 14.277949216000025], [121.15084469700003, 14.277836268000044], [121.15133707700011, 14.277658932000065], [121.15149713300002, 14.277556655000069], [121.15164455500008, 14.277376640000057], [121.1516860480001, 14.277169921000052], [121.15168742000003, 14.277001713000061], [121.15178187700008, 14.276808346000053], [121.151889707, 14.276602143000048], [121.15207703600004, 14.276409497000031], [121.15227720900009, 14.276268710000068], [121.15282455500005, 14.27585887600003], [121.15297208000004, 14.27566592100004], [121.153054429, 14.275330120000035], [121.15317584000002, 14.275085201000024], [121.1533366320001, 14.274892348000037], [121.15355028200008, 14.274725784000054], [121.15375045400003, 14.274584996000044], [121.15432369500002, 14.274252998000065], [121.15473793500007, 14.273893889000021], [121.15517955300004, 14.273431469000059], [121.15554156500002, 14.272968431000038], [121.15572899300003, 14.272762843000066], [121.15592874100003, 14.272673809000025], [121.15619408700002, 14.272675863000075], [121.15642005400002, 14.272625852000033], [121.1566339100001, 14.272433407000051], [121.15696780400003, 14.27216425000006], [121.15724715400006, 14.272075831000052], [121.15752587300005, 14.27206504700007], [121.15810963500007, 14.27206956200007], [121.1582693680001, 14.27200609700003], [121.15833665200012, 14.27189015600004], [121.1584837480001, 14.271748953000042], [121.15865664500006, 14.271698530000037], [121.15910773200005, 14.271702016000063], [121.15929305500003, 14.271755208000059], [121.15939877200003, 14.271807786000068], [121.15949132900005, 14.271847322000042], [121.15969107400008, 14.271758284000043], [121.15990419100001, 14.271656411000038], [121.16009140400001, 14.271476696000036], [121.16017227000009, 14.27132204000003], [121.1602808240001, 14.271025257000076], [121.1604018050001, 14.270832090000056], [121.16066830600005, 14.270691808000038], [121.16093491200002, 14.270538585000054], [121.16109495900002, 14.270436300000028], [121.16153645300005, 14.269986806000077], [121.16168554100011, 14.269599755000058], [121.16182020700012, 14.269354932000056], [121.16198077700005, 14.26918795000006], [121.16219441600003, 14.269021378000048], [121.16238099600002, 14.268919297000025], [121.16260769200005, 14.268778704000056], [121.16284849400006, 14.268534699000043], [121.16300969200006, 14.268290081000032], [121.16305127700002, 14.268070421000061], [121.163001355, 14.26768183300004], [121.16285919300003, 14.267214894000062], [121.16286223400004, 14.26683965500007], [121.16291677100003, 14.26665891600004], [121.16311745400003, 14.26645342200004], [121.16333056500002, 14.266351544000031], [121.16351745700001, 14.266210643000022], [121.16371772000002, 14.266056905000028], [121.16394367900011, 14.26600688700006], [121.16410298800008, 14.265995174000068], [121.1643019930001, 14.265996707000056], [121.1644347670001, 14.265984790000061], [121.16451489300005, 14.265920706000031], [121.16451248800001, 14.265886697000042], [121.16425223200008, 14.265534820000028], [121.16436561000012, 14.26541717400005], [121.16347116100007, 14.26507226700005], [121.16316185500011, 14.264967418000026], [121.16278439700011, 14.264867810000055], [121.16259042500008, 14.264820628000052], [121.16250589900005, 14.26476014800005], [121.1623597570001, 14.264694809000048], [121.16221296700007, 14.264579474000072], [121.16208714800007, 14.264516565000065], [121.16194035800004, 14.264411715000051], [121.16185123600008, 14.26433307800005], [121.16162581000003, 14.264385503000028], [121.16059344500002, 14.264282839000032], [121.1603430020001, 14.265472083000077], [121.15903512400007, 14.26520821300005], [121.15911543300001, 14.265036124000062], [121.15797678100012, 14.26474242100005], [121.15671185800011, 14.264379341000051], [121.15644247600005, 14.265099644000031], [121.1559967930001, 14.264984178000077], [121.1558268010001, 14.264945672000067], [121.1553989040001, 14.264848746000041], [121.15544535300012, 14.264532533000022], [121.15417257500008, 14.264084402000037], [121.15265140200006, 14.263548813000057], [121.15250814300009, 14.263541731000032], [121.151806684, 14.263278839000066], [121.15143489200011, 14.264203294000026], [121.14960607800003, 14.26371092100004], [121.14828288800004, 14.26334461600004], [121.1470867810001, 14.263013491000038], [121.147045778, 14.263147032000063], [121.14643100900003, 14.26294746900004], [121.14561033200005, 14.262681067000074], [121.1455540070001, 14.26287052500004], [121.14550280200001, 14.263058276000038], [121.14543111500006, 14.263259683000058], [121.14567689900002, 14.263345024000046], [121.14586806400007, 14.263403056000072], [121.14605581600006, 14.263462796000056], [121.146240153, 14.263525948000051], [121.14641595700004, 14.263585687000045], [121.14683925100007, 14.263708579000024], [121.14679316700006, 14.26386560800006], [121.14673854800003, 14.264044825000042], [121.14715715300008, 14.264179902000024], [121.147128382, 14.264299962000052], [121.1466973900001, 14.264169115000072], [121.14646482, 14.264871416000062], [121.14638095600003, 14.265124666000077], [121.1458253180001, 14.264990762000025], [121.14573392700004, 14.265228379000064], [121.14544147600009, 14.265191822000077], [121.14521805700008, 14.266168102000051], [121.1450579210001, 14.26611596400005], [121.14477861300008, 14.265993068000057], [121.14460357900009, 14.266242584000054], [121.1445849590001, 14.266369204000057], [121.14451047700004, 14.266540513000052], [121.14438256900007, 14.266628108000077], [121.14426922500002, 14.266645546000063], [121.14400720800006, 14.267278753000028], [121.14395534900007, 14.267404079000073], [121.14414716200008, 14.267491266000036], [121.14414716200008, 14.267604610000035], [121.1436414740001, 14.269069363000028], [121.14460536100012, 14.269559208000032], [121.14470516300003, 14.269609927000033], [121.14469115800011, 14.269648923000034], [121.14426050600002, 14.270847992000029], [121.14430410000011, 14.270961336000028], [121.14446436500009, 14.270996060000073], [121.14482722600007, 14.271074680000027], [121.14480739600003, 14.271287144000041], [121.14470516300003, 14.272382495000045], [121.14451335000001, 14.272652777000076], [121.14435641300008, 14.272800996000058], [121.14400177000005, 14.272835507000025], [121.14387327700001, 14.272848011000065], [121.14369513300005, 14.272848011000065], [121.1434135500001, 14.272813531000054], [121.14276993100009, 14.272710093000057], [121.14231595100011, 14.272623894000048], [121.14224124500004, 14.27261240100006], [121.14215504600008, 14.272514709000063], [121.14201138100009, 14.272399777000032], [121.1418562230001, 14.272388283000055], [121.14161486600005, 14.272307831000035], [121.14140511100004, 14.272650494000061], [121.14121070500005, 14.273013136000031], [121.14103613600003, 14.273216896000065], [121.14033998200011, 14.273148562000074], [121.13984688900007, 14.273189654000078], [121.13923052100006, 14.273230745000035], [121.13894109400007, 14.273273623000023], [121.13893892600004, 14.27330832000007], [121.13888546600003, 14.273369416000037], [121.13886000900004, 14.27343815000006], [121.13878363800006, 14.27355779800007], [121.13853804300004, 14.273829017000025], [121.13868982000008, 14.274025063000067], [121.13878784300005, 14.274224271000037], [121.13897440300002, 14.274629011000059], [121.13921788000005, 14.275330982000071], [121.13926847200003, 14.27552070400003], [121.13931607000006, 14.275752486000044], [121.13934119900011, 14.275874852000072], [121.1393457260001, 14.27593554300006], [121.13934119900011, 14.276434531000064], [121.13935384700005, 14.276478800000064], [121.13938862900011, 14.276513582000064], [121.13945503200011, 14.276570499000059], [121.13949297700003, 14.276621091000038], [121.13951194900005, 14.276671684000064], [121.13953092100007, 14.277108044000045], [121.13954356900001, 14.27721871500006], [121.1395720270001, 14.277310414000056], [121.139837843, 14.278015778000054], [121.14029160600012, 14.278872415000023], [121.14030176800009, 14.278905612000074], [121.14030245700008, 14.27894202300007], [121.14027060300009, 14.279070921000027], [121.1402665380001, 14.279098698000041], [121.14026851300002, 14.279126955000038], [121.14027564100002, 14.279158523000035], [121.140293971, 14.279191109000067], [121.1403265570001, 14.279220641000052], [121.14037034500006, 14.279235915000072], [121.14041107800006, 14.279244062000032], [121.14045690300009, 14.279244062000032], [121.14049865400011, 14.279231842000058], [121.14053124100008, 14.279211476000057], [121.14057095500004, 14.279195182000024], [121.14061067000011, 14.279190091000032], [121.14098971900012, 14.279250715000046], [121.14102246900006, 14.279265396000028], [121.1410486960001, 14.279293009000071], [121.14109135600006, 14.279355740000028], [121.14109926100002, 14.279383973000051], [121.14110152, 14.27941107600003], [121.14109587400003, 14.27943705000007], [121.14107328800003, 14.279457377000028], [121.14105183100003, 14.279465282000046], [121.14096148700003, 14.279492385000026], [121.140943418, 14.279510454000047], [121.14093438400005, 14.279533040000047], [121.14093664200004, 14.279553368000052], [121.14094116000001, 14.27957256600007], [121.14096648400005, 14.279634508000072], [121.14098971900012, 14.279729538000026], [121.14098859, 14.279772452000032], [121.14097955600005, 14.27982552900005], [121.14079889600009, 14.28074121900005], [121.14078308600006, 14.28083924200007], [121.14078624800004, 14.280921455000055], [121.14079889600009, 14.280984696000075], [121.14084632600009, 14.281139635000045], [121.14086213600001, 14.28126611700003], [121.14085624600011, 14.281408967000061], [121.14084948800007, 14.28157283400003], [121.14083684000002, 14.281664533000026], [121.14082208600007, 14.281721171000072], [121.1405683690001, 14.282476682000038], [121.14055772400002, 14.28251926200005], [121.14055772400002, 14.282548359000032], [121.14056328400011, 14.282585636000022], [121.14057546600009, 14.282615068000041], [121.14059840100003, 14.282646580000062], [121.1406109510001, 14.282654563000051], [121.14063507900005, 14.282664746000023], [121.14067553000007, 14.28267752000005], [121.14175713300006, 14.282940564000057], [121.14182401900007, 14.282971486000065], [121.14189661800003, 14.283025935000069], [121.14205391500002, 14.283177183000078], [121.14212046400007, 14.283225583000046], [121.14219306300004, 14.283267932000058], [121.14241252400006, 14.28333765800005], [121.1428041050001, 14.283461529000022], [121.14294930200003, 14.283546228000034], [121.14356639400012, 14.284018121000031], [121.14371159200005, 14.284127020000028], [121.14446178100002, 14.284611013000074], [121.14425237400008, 14.284670282000036], [121.14423754100005, 14.284685169000056], [121.144277127, 14.284771037000041], [121.1444461750001, 14.284630944000071]]]]}}, {"type": "Feature", "properties": {"psgc_code": 403404011, "name": "Niugan", "corr_code": 43404011.0, "geo_level": "Bgy", "city_class": null, "inc_class": null, "urb_rur": null, "pop_2015": "U", "pop_2020": null, "status": null, "adm4_pcode": "PH0403404011", "adm4_en": "Niugan", "adm3_pcode": "PH0403404", "adm2_pcode": "PH04034", "adm1_pcode": "PH04", "adm0_pcode": "PH", "shape_len": 0.117183156943, "shape_area": 0.000220173177833, "shape_sqkm": 2.62873431685}, "geometry": {"type": "MultiPolygon", "coordinates": [[[[121.13878363800006, 14.27355779800007], [121.13886000900004, 14.27343815000006], [121.13888546600003, 14.273369416000037], [121.13893892600004, 14.27330832000007], [121.13894109400007, 14.273273623000023], [121.13923052100006, 14.273230745000035], [121.13984688900007, 14.273189654000078], [121.14033998200011, 14.273148562000074], [121.14103613600003, 14.273216896000065], [121.14121070500005, 14.273013136000031], [121.14140511100004, 14.272650494000061], [121.14161486600005, 14.272307831000035], [121.1418562230001, 14.272388283000055], [121.14201138100009, 14.272399777000032], [121.14215504600008, 14.272514709000063], [121.14224124500004, 14.27261240100006], [121.14231595100011, 14.272623894000048], [121.14276993100009, 14.272710093000057], [121.1434135500001, 14.272813531000054], [121.14369513300005, 14.272848011000065], [121.14387327700001, 14.272848011000065], [121.14400177000005, 14.272835507000025], [121.14435641300008, 14.272800996000058], [121.14451335000001, 14.272652777000076], [121.14470516300003, 14.272382495000045], [121.14480739600003, 14.271287144000041], [121.14482722600007, 14.271074680000027], [121.14446436500009, 14.270996060000073], [121.14430410000011, 14.270961336000028], [121.14426050600002, 14.270847992000029], [121.14469115800011, 14.269648923000034], [121.14470516300003, 14.269609927000033], [121.14460536100012, 14.269559208000032], [121.1436414740001, 14.269069363000028], [121.14414716200008, 14.267604610000035], [121.14414716200008, 14.267491266000036], [121.14395534900007, 14.267404079000073], [121.14400720800006, 14.267278753000028], [121.14426922500002, 14.266645546000063], [121.14438256900007, 14.266628108000077], [121.14451047700004, 14.266540513000052], [121.1445849590001, 14.266369204000057], [121.14460357900009, 14.266242584000054], [121.14477861300008, 14.265993068000057], [121.14470413000004, 14.265952103000075], [121.1445849590001, 14.265888793000045], [121.14443227000004, 14.265818035000052], [121.14426841000011, 14.265732381000078], [121.14412316900007, 14.265631830000075], [121.14402634200007, 14.265531279000072], [121.14394441200011, 14.26544934900005], [121.14385875700009, 14.265345073000049], [121.14375820700002, 14.265311556000029], [121.14371534500003, 14.265307947000053], [121.14358139400008, 14.265299345000074], [121.14337522700009, 14.265168508000045], [121.14324042500004, 14.265089213000067], [121.14314923600011, 14.265029742000024], [121.14298116400005, 14.264966715000071], [121.1429589280001, 14.264958376000038], [121.14255848700009, 14.26485529200005], [121.14248712200003, 14.264847363000058], [121.14254262800011, 14.264141637000023], [121.14255452300006, 14.263558818000035], [121.1425527020001, 14.26349269900004], [121.14244799000005, 14.263484644000073], [121.14225211300004, 14.263482014000033], [121.1418023550001, 14.263408797000068], [121.14064148300008, 14.263235068000029], [121.13987432300007, 14.263133364000055], [121.13809969700003, 14.262763796000058], [121.13770232500008, 14.262657588000025], [121.13713601400002, 14.262506227000074], [121.13673917200003, 14.262397617000033], [121.13504147300011, 14.261962345000029], [121.13486250900007, 14.261911594000026], [121.13478504600005, 14.261890225000059], [121.13468888600005, 14.261911594000026], [121.13436033900007, 14.261882211000056], [121.13384214300004, 14.261799407000069], [121.13375399600011, 14.262018438000041], [121.1335403060001, 14.262539306000065], [121.13330756300002, 14.263078681000025], [121.13325448300009, 14.263032678000059], [121.13315316100011, 14.262951312000041], [121.13310232100002, 14.262922980000042], [121.13287938500002, 14.262777895000056], [121.13253259700002, 14.262462954000057], [121.1323556640001, 14.262278944000059], [121.13159485200003, 14.261581828000033], [121.13157688400008, 14.261564227000065], [121.13142145800009, 14.261411973000065], [121.13123744800009, 14.261008566000044], [121.13114544300004, 14.260810401000072], [121.13109944000007, 14.260686548000024], [121.13104989900012, 14.260619313000063], [121.13097016600011, 14.260566234000066], [121.13090835300011, 14.260491922000028], [121.13089773700005, 14.260410533000027], [121.1308305020001, 14.260343298000066], [121.13073495900005, 14.260325605000048], [121.13042355700009, 14.260385762000055], [121.13038817000006, 14.26036453000006], [121.13034360600011, 14.26031447500003], [121.13033778800002, 14.260209751000048], [121.13022142700004, 14.260174843000073], [121.13016324700004, 14.260087573000021], [121.13015161100009, 14.259953758000051], [121.13015161100009, 14.259883942000044], [121.13011670300011, 14.259814126000038], [121.13005873400004, 14.259768887000064], [121.13003696400006, 14.259752699000046], [121.12974138800007, 14.259532912000054], [121.12950812400004, 14.259362033000059], [121.12945387700006, 14.25932406000004], [121.12943217800012, 14.259229127000026], [121.12938878000011, 14.259153181000045], [121.12934293400008, 14.259088579000036], [121.12932910800009, 14.259069097000065], [121.12924773800012, 14.258849396000073], [121.12914738000006, 14.258773450000035], [121.1290660090001, 14.258681230000036], [121.12900362500011, 14.258640544000059], [121.128941241, 14.25863240700005], [121.12894146700012, 14.258551620000048], [121.128883287, 14.25847016800003], [121.1288309250001, 14.258382898000036], [121.12882510700001, 14.258289810000065], [121.12882510700001, 14.258185086000026], [121.12874365500011, 14.258144360000074], [121.1286040230001, 14.25813854200004], [121.12849641300011, 14.25819842900006], [121.12835384900006, 14.258214176000024], [121.12826076100009, 14.258225812000035], [121.12821975200006, 14.258171305000076], [121.12823748900007, 14.258051272000046], [121.1280338580001, 14.257905822000055], [121.12796937700011, 14.257887910000022], [121.12792913400006, 14.257876731000067], [121.12781277400006, 14.257870913000033], [121.12763823400007, 14.257801097000026], [121.12752769200006, 14.257725463000043], [121.12744624000004, 14.257684737000034], [121.12739969600011, 14.25762073900006], [121.12732988000005, 14.257614921000027], [121.12731242600012, 14.257684737000034], [121.12736478800002, 14.257760371000074], [121.12736478800002, 14.257841823000035], [121.12731242600012, 14.257870913000033], [121.1272600640001, 14.257923276000042], [121.12718443000006, 14.257911640000032], [121.12702734400011, 14.257876731000067], [121.126881894, 14.25780691500006], [121.12671317200011, 14.257690555000067], [121.12655608600005, 14.257632375000071], [121.12646299800008, 14.257568377000041], [121.1264571800001, 14.257446199000071], [121.12643390800008, 14.257353111000043], [121.12631173000011, 14.257335657000056], [121.12609646400006, 14.257300749000024], [121.12599174000002, 14.257201843000075], [121.12579392700002, 14.257108755000047], [121.12575901900004, 14.256957487000022], [121.1258288350001, 14.25684112700003], [121.12597428600009, 14.256753857000035], [121.12601501200004, 14.256608407000044], [121.1260266480001, 14.256369869000025], [121.12603828400006, 14.256172057000072], [121.12598010400006, 14.256049879000045], [121.12578810900004, 14.25593933700003], [121.12559029700003, 14.255869521000022], [121.12547975500001, 14.255788069000062], [121.12547975500001, 14.255654254000035], [121.12535293400003, 14.255542943000023], [121.12527198300006, 14.255524262000051], [121.12526575600009, 14.25543397000007], [121.1252159390001, 14.25536547200005], [121.12519725800007, 14.25530631600003], [121.12510385300004, 14.255284521000021], [121.12504780900008, 14.25523159100004], [121.12504469600003, 14.255163094000068], [121.12504158200011, 14.255075915000077], [121.1249575170001, 14.25503543900004], [121.12486099800003, 14.254979396000067], [121.12482674900002, 14.254879763000076], [121.12482363600009, 14.254786358000047], [121.12482363600009, 14.254680498000027], [121.12473957100008, 14.254608887000074], [121.12461503000009, 14.254568412000026], [121.1245247380001, 14.254531049000036], [121.1244406730001, 14.254468779000035], [121.1244157650001, 14.254378487000054], [121.12432235900008, 14.254381600000045], [121.12423518100002, 14.254375373000073], [121.12422584, 14.254347352000025], [121.12414177500011, 14.254272627000034], [121.12407816900009, 14.254270356000063], [121.12405459700005, 14.254269514000043], [121.12397053200004, 14.254229038000062], [121.12390826100011, 14.254160541000033], [121.12380240200002, 14.254123178000043], [121.12371522300009, 14.254123178000043], [121.1236747480001, 14.254104497000071], [121.12359678500002, 14.254105333000041], [121.12354709300007, 14.254039113000033], [121.1235003910001, 14.253961275000052], [121.12342566600012, 14.25393325400006], [121.1233665090001, 14.253973730000041], [121.12329489800004, 14.254011092000042], [121.12326376300007, 14.25399241100007], [121.12327933100005, 14.253930140000023], [121.12329489800004, 14.253852302000041], [121.12329489800004, 14.25377757800004], [121.12326065000002, 14.253684172000021], [121.12320460600006, 14.253600107000068], [121.12316101700003, 14.253612561000068], [121.12308006600006, 14.253625015000068], [121.122992887, 14.253640583000049], [121.12295241100003, 14.253721535000068], [121.1228745730001, 14.25375267000004], [121.12281230300005, 14.253696626000021], [121.12268153500008, 14.253621902000077], [121.12265351300005, 14.25352226900003], [121.12265351300005, 14.253456885000048], [121.12260369700005, 14.253382161000047], [121.1225414270001, 14.253366593000067], [121.12239820500008, 14.253357253000047], [121.12231414000007, 14.253326118000075], [121.12229545900004, 14.253248280000037], [121.12235461600005, 14.253164215000027], [121.12241688600011, 14.253133080000055], [121.122451135, 14.253083263000065], [121.12239509100004, 14.253017879000026], [121.12228923200007, 14.252971177000063], [121.12213978300008, 14.252893339000025], [121.12208996700008, 14.252715868000053], [121.12212110200005, 14.252610008000033], [121.12217714500002, 14.252463673000022], [121.12213978300008, 14.25242008400005], [121.12200901500012, 14.252410743000041], [121.12195297200003, 14.25234847300004], [121.12191872300002, 14.25222393200005], [121.12193429100012, 14.252130527000077], [121.12193740400005, 14.25206825600003], [121.12180040900012, 14.252002872000048], [121.1217910690001, 14.251956170000028], [121.12175682000009, 14.251890786000047], [121.12168832300006, 14.251816061000056], [121.12168209600009, 14.251753791000056], [121.1216914360001, 14.251728883000055], [121.1217163440001, 14.251660385000037], [121.12168209600009, 14.251632364000045], [121.12154198700011, 14.251576320000026], [121.12141744700011, 14.251557639000055], [121.12148594400003, 14.251479801000073], [121.1214330140001, 14.251439325000035], [121.12142367400008, 14.251358374000063], [121.12142056000005, 14.251283650000062], [121.12147037600005, 14.251196471000071], [121.12145480900006, 14.25113420100007], [121.1213738570001, 14.25110929300007], [121.12131470100007, 14.251149768000062], [121.12122752200003, 14.25114665500007], [121.12121506800008, 14.251093725000032], [121.12123374900011, 14.250956730000041], [121.12124931700009, 14.25081039500003], [121.12125865700011, 14.250695195000048], [121.12123454000005, 14.250594706000072], [121.12120261400003, 14.250461681000047], [121.12127733800003, 14.250277983000046], [121.1214081060001, 14.250243734000037], [121.1214579220001, 14.250159669000027], [121.12149839800009, 14.250081831000045], [121.12149839800009, 14.250000880000073], [121.12146103600003, 14.249929269000063], [121.12147639500006, 14.249900470000057], [121.12148594400003, 14.249882566000053], [121.12158557700002, 14.249838977000024], [121.12167586900011, 14.249826523000024], [121.12171945800003, 14.249742458000071], [121.12182220400007, 14.24957121400007], [121.12185333900004, 14.249493376000032], [121.12190938300012, 14.249490263000041], [121.1219249500001, 14.249409311000022], [121.12187202000007, 14.24938129000003], [121.12177861500004, 14.249309679000078], [121.12174748000007, 14.24918513800003], [121.12173813900006, 14.249004554000066], [121.12173813900006, 14.248814629000037], [121.12175682000009, 14.248714997000036], [121.12176468200005, 14.248692722000044], [121.12179418200003, 14.248609137000074], [121.11952719500005, 14.247782382000025], [121.1195996780001, 14.247401844000024], [121.11699027000009, 14.246713250000028], [121.11655536800004, 14.248615943000061], [121.115758604, 14.250944294000021], [121.11548018300005, 14.251959181000075], [121.11541301200009, 14.252015019000055], [121.11551553100003, 14.252102290000039], [121.11550213900011, 14.252130562000048], [121.11545749800007, 14.252164787000027], [121.11543964100008, 14.252199012000062], [121.11543964100008, 14.252222821000032], [121.11542922500007, 14.25225109400003], [121.11540541600004, 14.252262998000049], [121.11537267900007, 14.252257046000068], [121.1153503590001, 14.252239189000022], [121.11528637300012, 14.25226002200003], [121.11522833900005, 14.252307639000037], [121.1151881620001, 14.252361209000071], [121.1151807220001, 14.252408826000021], [121.11519113800011, 14.252459419000047], [121.1152164350001, 14.252512989000024], [121.11524619600004, 14.252515965000043], [121.11528934900002, 14.252523405000034], [121.1153012530001, 14.252566558000069], [121.11530274100005, 14.252623104000065], [121.11531762200002, 14.252687090000052], [121.11532655000008, 14.25274809900003], [121.11534143000006, 14.252800181000055], [121.11537416700003, 14.252815061000035], [121.11544559300012, 14.25287458300005], [121.11548428200001, 14.252896904000067], [121.11551404300008, 14.252926664000029], [121.11557058900007, 14.252963865000027], [121.11564796700009, 14.252990650000072], [121.1156970720001, 14.253020411000023], [121.11573278500009, 14.253053148000049], [121.11576701000001, 14.253115646000026], [121.11581760400009, 14.253198976000022], [121.11585926900011, 14.253255522000075], [121.11594706300002, 14.253280818000064], [121.11604081000007, 14.253274866000027], [121.1161390210001, 14.253279330000055], [121.11617324600002, 14.25332843600006], [121.11621788700006, 14.25339688500003], [121.1162699680001, 14.253471288000071], [121.11631014500006, 14.25352336900005], [121.11633395400008, 14.253565034000076], [121.11640240400004, 14.253599259000055], [121.11643067700004, 14.253646876000062], [121.11648424600003, 14.253695982000067], [121.11653781600012, 14.253697470000077], [121.11656906400003, 14.253739135000046], [121.11656013600009, 14.253798657000061], [121.11651698300011, 14.25384925000003], [121.11648722200005, 14.253883475000066], [121.11646192600006, 14.253928116000054], [121.1164857340001, 14.253963829000043], [121.11648275800007, 14.254024839000067], [121.1164574610001, 14.254084361000025], [121.11643514100001, 14.254133466000042], [121.11640984400003, 14.254194476000066], [121.11637413100004, 14.254233165000073], [121.11632502600003, 14.254240605000064], [121.1162908010001, 14.254215308000028], [121.11625508800012, 14.25417959500004], [121.1162521120001, 14.25413793000007], [121.11626104000004, 14.254060552000055], [121.11625955200009, 14.25399210200004], [121.11625062400003, 14.253935556000044], [121.11622086300008, 14.253881987000057], [121.11616580500004, 14.253855202000068], [121.11608842700002, 14.25385073800004], [121.11603337000008, 14.253865618000077], [121.1159798000001, 14.253925140000035], [121.11593813500008, 14.253974245000052], [121.11593813500008, 14.254020375000039], [121.11594706300002, 14.254072456000074], [121.116011049, 14.254149834000032], [121.11604527400004, 14.254227212000046], [121.1160542020001, 14.254294174000051], [121.1160542020001, 14.254344768000067], [121.11605271400003, 14.254425122000043], [121.1160259290001, 14.254483156000049], [121.11596045600004, 14.254530773000056], [121.11591730200007, 14.254557558000045], [121.11591432600005, 14.254623031000051], [121.11592771900007, 14.254687017000037], [121.11597533600002, 14.254739099000062], [121.1160542020001, 14.254765883000061], [121.1161286040001, 14.254797132000022], [121.11621788700006, 14.254823917000067], [121.1162625280001, 14.254823917000067], [121.11632800200005, 14.254819453000039], [121.11643811700003, 14.254850702000056], [121.11653632800005, 14.254840285000057], [121.11660328900007, 14.25480308400006], [121.11668662000011, 14.254709338000055], [121.1167506060001, 14.25464237600005], [121.1167684620001, 14.25461559100006], [121.11681905500006, 14.254591783000023], [121.11688304100005, 14.254559046000054], [121.11696041900007, 14.254554582000026], [121.11704077400009, 14.254548629000055], [121.11710327100002, 14.254529285000046], [121.11714344800009, 14.25448017900004], [121.11717023300002, 14.254420658000072], [121.11720594600001, 14.254338816000029], [121.11725802800004, 14.254246557000045], [121.11732201300003, 14.254173643000058], [121.1174083200001, 14.254106681000053], [121.11751397100011, 14.254056088000027], [121.11761069300007, 14.254023351000058], [121.1177014640001, 14.254030791000048], [121.11776396200003, 14.254053112000065], [121.11782794700002, 14.254097753000053], [121.1178711010001, 14.25414537000006], [121.11791127800007, 14.254200428000047], [121.11791425400008, 14.254253997000035], [121.1179455030001, 14.25428822200007], [121.11796990200003, 14.254334026000038], [121.11831757000004, 14.254509120000023], [121.11836669700006, 14.254528015000062], [121.11841340900003, 14.254540513000052], [121.11844605700003, 14.254544391000024], [121.11848888500003, 14.254543131000048], [121.11851943600004, 14.254543836000039], [121.11853801200004, 14.254545651000058], [121.11856716300008, 14.254555012000026], [121.1185913280001, 14.254568303000042], [121.11862870800007, 14.254593518000036], [121.1188632510001, 14.254821150000055], [121.11886768700003, 14.254830490000074], [121.11886908800011, 14.254843565000044], [121.11886885500007, 14.254857808000054], [121.11886514800005, 14.254872779000038], [121.11885868000002, 14.25488990100007], [121.11883661200011, 14.254920339000023], [121.11882291500001, 14.25493517800004], [121.11880883700007, 14.254943548000028], [121.11879628100007, 14.25494621100006], [121.11878112800002, 14.254946225000026], [121.11872551200008, 14.25493175300005], [121.11870801000009, 14.254929851000043], [121.11868594200007, 14.254933656000048], [121.11866577700005, 14.254945831000043], [121.11865410700011, 14.254957986000022], [121.11864256800004, 14.254972464000048], [121.11863637700003, 14.254983180000067], [121.11862870800007, 14.255001651000043], [121.11862164100012, 14.255029536000052], [121.11861737100003, 14.255055816000038], [121.11858462000009, 14.25528885500006], [121.11857328300005, 14.255339242000048], [121.11854934900009, 14.255389629000035], [121.1184271620001, 14.25558361700007], [121.1184161650001, 14.255603563000022], [121.11840826600007, 14.255630225000061], [121.11840565200009, 14.255660681000052], [121.1184078660001, 14.255680609000024], [121.11841582500006, 14.25570454600006], [121.11842963900006, 14.255724894000025], [121.11844735300008, 14.255738179000048], [121.11847207800008, 14.255747405000022], [121.11849606600003, 14.25575146500006], [121.11877734900008, 14.255781385000034], [121.11882017800008, 14.255793982000057], [121.1188617470001, 14.255814137000073], [121.11895622200007, 14.25587838000007], [121.11901416700005, 14.255911131000062], [121.11907337100001, 14.255935065000074], [121.11913509500005, 14.25595018100006], [121.11945253200008, 14.25600812600004], [121.11952937100011, 14.256028280000066], [121.11971076400005, 14.25610512000003], [121.11978130500006, 14.256118976000039], [121.11986570300007, 14.256118976000039], [121.12017558100001, 14.256131573000062], [121.12025242100003, 14.256121496000048], [121.12031288500009, 14.256103860000053], [121.12037964700005, 14.256064811000044], [121.12043255300011, 14.25602198200005], [121.12046530500004, 14.255982932000052], [121.12062024400007, 14.255712104000054], [121.1206605530001, 14.255659198000046], [121.12070842100002, 14.255608811000059], [121.12084950400003, 14.255496700000037], [121.12089404400001, 14.255470796000054], [121.12093461800009, 14.255457658000068], [121.12097635100008, 14.25545224800004], [121.1210308960001, 14.255451352000023], [121.12109262000001, 14.255461430000025], [121.1211130150001, 14.255467360000068], [121.12113041000009, 14.255476546000068], [121.12114275700003, 14.25548692700005], [121.12115255900005, 14.255498232000036], [121.12116982200007, 14.255529167000077], [121.12118222300012, 14.255546174000074], [121.12119969200012, 14.255562203000068], [121.12121800900002, 14.255572393000023], [121.12130814700004, 14.255607027000053], [121.12132601100006, 14.255616304000057], [121.12133838700004, 14.255625649000024], [121.12134966300005, 14.25564029700007], [121.12135790900004, 14.255656221000038], [121.12136075300009, 14.255674136000039], [121.12136189000012, 14.255691481000042], [121.12135990000002, 14.255712808000055], [121.12135307500012, 14.255734419000078], [121.12134077400003, 14.255754932000059], [121.12124681500006, 14.255873446000066], [121.12123370300003, 14.255897275000052], [121.12122157500005, 14.255923136000035], [121.12121408200005, 14.25594601000006], [121.12120976900007, 14.255979153000055], [121.12121354800001, 14.256014424000057], [121.1212182270001, 14.256028815000036], [121.12122488500006, 14.256042137000065], [121.12123795200012, 14.256056846000035], [121.1212487790001, 14.256065300000046], [121.1212621950001, 14.256072997000047], [121.12127836400009, 14.256078913000067], [121.12129698000001, 14.256080724000071], [121.1213121080001, 14.256080131000033], [121.12133042100004, 14.256077336000033], [121.12151208900002, 14.256034579000072], [121.12154862000011, 14.256032059000063], [121.12157633200002, 14.256040877000032], [121.12159396800007, 14.256053474000055], [121.12160420100008, 14.25607143700006], [121.12160749300006, 14.256087495000031], [121.1216141220001, 14.25617062300006], [121.12161034300004, 14.256209673000058], [121.1215927080001, 14.256251242000076], [121.12148815600005, 14.256393584000023], [121.12144965800007, 14.256434169000045], [121.12140301300008, 14.256458010000074], [121.12136984300002, 14.256518130000075], [121.12136777, 14.256567884000049], [121.12139783000009, 14.256624895000073], [121.12142270700008, 14.256672576000028], [121.12143721900009, 14.256699526000034], [121.12146935200008, 14.256735806000052], [121.12150770400001, 14.256785560000026], [121.12154087400006, 14.25680421800007], [121.12161091000007, 14.256845720000058], [121.1216279790001, 14.256873518000077], [121.12164309500008, 14.256917606000059], [121.12166073000003, 14.256975551000039], [121.12167698000007, 14.257009546000063], [121.12169978000009, 14.257037275000073], [121.1217302230001, 14.257058311000037], [121.12176528300006, 14.257072545000028], [121.1218131500001, 14.257083882000074], [121.12188999000011, 14.257119153000076], [121.12193029900004, 14.257144346000075], [121.12195423300011, 14.257164501000034], [121.12205569500009, 14.257274536000068], [121.12208523800007, 14.257295507000038], [121.122124288, 14.257313142000044], [121.12216043, 14.257318702000077], [121.12219534200005, 14.25731912200007], [121.122229833, 14.25731071000007], [121.12237370200012, 14.25724512000005], [121.12240645400004, 14.257237562000057], [121.12244802300006, 14.257235043000037], [121.1224776900001, 14.257238565000023], [121.12250200500011, 14.257247849000066], [121.122526321, 14.257266860000072], [121.12254356300002, 14.257293386000072], [121.12255461500001, 14.257323448000022], [121.12259666400007, 14.25752602600005], [121.12260800100012, 14.257552479000026], [121.122629415, 14.257575153000062], [121.12263547300006, 14.257622058000038], [121.12265309500003, 14.257652118000067], [121.12270388600007, 14.257707055000026], [121.12272358000007, 14.257743335000043], [121.12273809200008, 14.25777443100003], [121.12275364000004, 14.257801381000036], [121.12277748100007, 14.257839734000072], [121.12280028500004, 14.257880159000024], [121.12281583300012, 14.257901927000034], [121.12284382000007, 14.257913329000075], [121.12287284400009, 14.257933024000067], [121.12289564800005, 14.257968266000034], [121.12289461400007, 14.257996712000022], [121.12289357500003, 14.258025277000058], [121.12288839200005, 14.258059483000068], [121.12287595300006, 14.258093689000077], [121.12286455100002, 14.258120640000072], [121.12285729500002, 14.258162102000028], [121.12284382000007, 14.25820563700006], [121.12283241800003, 14.258242953000035], [121.12282723500005, 14.258260574000076], [121.12280961400006, 14.258292707000066], [121.12280961400006, 14.258320694000076], [121.12281479700005, 14.258344535000049], [121.12282930900005, 14.258369412000036], [121.12285107600007, 14.258397399000046], [121.122869734, 14.258423313000037], [121.12289979400009, 14.258423313000037], [121.12292778100004, 14.258425386000056], [121.12297235300002, 14.258450263000043], [121.12300344900007, 14.258461665000027], [121.12302210700011, 14.258466848000069], [121.1230345460001, 14.258487579000075], [121.12303765600006, 14.258514529000024], [121.12304491100008, 14.258542516000034], [121.12304418600002, 14.258549041000038], [121.12304076500004, 14.258579832000066], [121.12299977300006, 14.258643557000028], [121.12297235300002, 14.258673122000062], [121.122943329, 14.258722876000036], [121.12292570800003, 14.258750863000046], [121.1229143060001, 14.258795435000025], [121.12291016000006, 14.25884000700006], [121.12291223300008, 14.25887835900005], [121.12292467100008, 14.258914639000068], [121.12295473100005, 14.258942625000032], [121.1230418020001, 14.259056646000033], [121.1230884470001, 14.259129205000022], [121.12311954300003, 14.259218348000047], [121.12317344400003, 14.259273286000052], [121.12318899200011, 14.259305419000043], [121.12322630800008, 14.259327186000064], [121.123277099, 14.259366575000058], [121.12332996300006, 14.259426695000059], [121.12335173100007, 14.259468157000072], [121.12337660800006, 14.259523095000077], [121.12340148500004, 14.259554191000063], [121.12343672800012, 14.259647481000059], [121.12347404400009, 14.259688943000072], [121.12349684800006, 14.25972936900007], [121.12350203100004, 14.25977394000006], [121.12351136000007, 14.259837170000026], [121.12350928700005, 14.259940825000058], [121.12350617700008, 14.259976068000071], [121.12351447000003, 14.26002478600003], [121.12352587200007, 14.260060029000044], [121.12359221100007, 14.260154355000054], [121.1239622600001, 14.260576232000062], [121.1240431110001, 14.260674704000053], [121.12412292600004, 14.260806346000038], [121.12416646100007, 14.260866466000039], [121.12417268000002, 14.260922440000058], [121.12419859400006, 14.260955610000053], [121.12425767800005, 14.261076887000058], [121.12427115300011, 14.261116275000063], [121.12428981100004, 14.261128714000051], [121.1243229800001, 14.261152555000024], [121.12435615000004, 14.261185724000029], [121.12439553900003, 14.261226150000027], [121.12440175800009, 14.261249991000057], [121.12440014200001, 14.261254569000073], [121.12439553900003, 14.26126761200004], [121.12437531500007, 14.26129747300007], [121.12432712700002, 14.261349500000051], [121.12429084700011, 14.261385779000022], [121.12429292000002, 14.261440716000038], [121.12428839800009, 14.26152925200006], [121.12426950300005, 14.261577119000037], [121.12415816900011, 14.261723695000057], [121.12412810900003, 14.261777596000059], [121.12407731700011, 14.26184186200004], [121.124072135, 14.26187399500003], [121.12405244000001, 14.261927896000032], [121.12401512400004, 14.261934115000031], [121.12396122400003, 14.261941371000034], [121.12391250600001, 14.261958992000075], [121.12385507200008, 14.261992810000038], [121.12380972400001, 14.26202808100004], [121.12379810900006, 14.262042142000041], [121.12374458400006, 14.262095817000045], [121.12372281700004, 14.262147645000027], [121.12367928100002, 14.262222277000035], [121.12364092900009, 14.262262702000044], [121.12355464200004, 14.262345699000036], [121.1235393280001, 14.262362281000037], [121.12352755100005, 14.262379947000056], [121.12348233600005, 14.262428551000028], [121.12346575200002, 14.262478305000059], [121.1234491670001, 14.26253635200004], [121.12342325300006, 14.262600618000022], [121.12339215600002, 14.262682506000033], [121.12338179100004, 14.262742626000033], [121.12338904700005, 14.262789271000031], [121.12342221600011, 14.262831769000059], [121.12345435000009, 14.262874268000076], [121.12351032300012, 14.262899145000063], [121.12357148000001, 14.262901218000025], [121.12363367300009, 14.262940607000075], [121.12368653700003, 14.262971704000051], [121.1237362920001, 14.262998654000057], [121.12382025200009, 14.263015239000026], [121.1238959210001, 14.263043226000036], [121.12392183500003, 14.263120968000067], [121.12391665200005, 14.263184197000044], [121.12388451900006, 14.263193526000066], [121.12386171500009, 14.263196636000032], [121.12385365600005, 14.263202749000072], [121.12383165500012, 14.263219440000057], [121.12381092400005, 14.263256756000033], [121.12381507000009, 14.263307547000068], [121.12383994700008, 14.263350046000028], [121.12385549500004, 14.263407056000062], [121.1238689700001, 14.263628878000077], [121.12387104400011, 14.26366308400003], [121.12387208000007, 14.263718022000035], [121.12387104400011, 14.263771922000046], [121.12389177500006, 14.263816494000025], [121.12391872500007, 14.263848627000073], [121.12393738300011, 14.263880760000063], [121.12395915000002, 14.263916003000077], [121.12398195500009, 14.263967831000059], [121.12398569400011, 14.264045846000045], [121.1239695160001, 14.264085998000041], [121.1239550040001, 14.264104656000029], [121.12393220000001, 14.26412227700007], [121.1238959210001, 14.264102583000067], [121.1238420200001, 14.264091180000037], [121.12379744800012, 14.264101546000063], [121.12374251100005, 14.264129533000073], [121.12371206600005, 14.264190993000057], [121.12363471000003, 14.264328551000062], [121.123630563, 14.264360684000053], [121.12362019800003, 14.264402146000066], [121.1235615700001, 14.264480655000057], [121.12349184900006, 14.264577342000052], [121.1234828050001, 14.264595861000032], [121.1234491670001, 14.26463433400005], [121.12344398400012, 14.264676832000077], [121.12347300700003, 14.264707929000053], [121.12352587200007, 14.264736952000021], [121.1235891010001, 14.264763903000073], [121.12363885600007, 14.264778415000023], [121.12368861000004, 14.264781524000057], [121.12375287700002, 14.26476701200005], [121.12380885000005, 14.264765976000035], [121.12386482400007, 14.264803292000067], [121.12393531000009, 14.26482298600007], [121.1240285990001, 14.264820913000051], [121.12412292600004, 14.264836461000073], [121.12423072700005, 14.264862375000064], [121.12434474800011, 14.264905910000039], [121.12442974500004, 14.264941153000052], [121.12454998500004, 14.265058284000077], [121.12461321500007, 14.265116331000058], [121.1246640060001, 14.26515261000003], [121.12470857800008, 14.265186816000039], [121.12472205300003, 14.26520858400005], [121.12474071100007, 14.265239680000036], [121.12473863800005, 14.265284252000072], [121.12469199300006, 14.265359920000037], [121.12467748100005, 14.26542315000006], [121.12465986000007, 14.26551747600007], [121.12462598900004, 14.265615616000048], [121.12461802200005, 14.265626722000036], [121.12461213300003, 14.26563955000006], [121.12460325800009, 14.265667736000069], [121.1245956460001, 14.265684484000076], [121.12458316100003, 14.265703793000057], [121.12454741900001, 14.265738278000072], [121.12453497500007, 14.265748361000021], [121.12451405200011, 14.265761809000026], [121.12450299000011, 14.265767830000073], [121.12447846300006, 14.265790090000053], [121.12444944000003, 14.265809784000055], [121.12438828300003, 14.26579838200007], [121.12435511300009, 14.265746554000032], [121.1242763350001, 14.265729970000052], [121.12421517900009, 14.265762103000043], [121.12419341100008, 14.26579838200007], [121.1241975580001, 14.265830515000061], [121.12418203400011, 14.265882377000025], [121.12414605600009, 14.26593179300005], [121.1240956690001, 14.26598973700004], [121.12404414800005, 14.266064776000064], [121.12400994200004, 14.266100019000078], [121.12392701700003, 14.266125932000023], [121.12380885000005, 14.26612800600003], [121.12370830500004, 14.26612800600003], [121.12360465000006, 14.266175687000043], [121.12354245600011, 14.266191235000065], [121.12348544600002, 14.266236844000048], [121.1234564230001, 14.266292817000021], [121.12346782500003, 14.266330133000054], [121.1235082500001, 14.26638921700004], [121.1235227620001, 14.266464885000062], [121.12362019800003, 14.26654988200005], [121.12369690300011, 14.266557138000053], [121.1239031770001, 14.266634880000026], [121.12393841900007, 14.266647318000025], [121.12400994200004, 14.266654574000029], [121.12405036700011, 14.266681524000035], [121.124091829, 14.266696036000042], [121.12415402200008, 14.266695], [121.12428255500004, 14.266749937000043], [121.12462876300003, 14.266910603000042], [121.12482052500002, 14.266966576000073], [121.12492314400004, 14.266958284000054], [121.12502265300009, 14.266927187000022], [121.12509935800006, 14.266876396000043], [121.1251646610001, 14.266825605000065], [121.12517917200012, 14.266701219000026], [121.12519575700003, 14.26654366300005], [121.12524447500004, 14.26636123000003], [121.12529008400008, 14.266271050000057], [121.12533539300011, 14.266218577000075], [121.12537715400003, 14.266213003000075], [121.12547251700005, 14.26609587200005], [121.1255326370001, 14.266049228000043], [121.12558757400006, 14.266023314000051], [121.12567464400001, 14.266030570000055], [121.12586433400008, 14.266115567000043], [121.12596280600008, 14.266131115000064], [121.12602422100008, 14.266124522000041], [121.12607334800009, 14.266120743000045], [121.12612373500008, 14.266098069000066], [121.126164044, 14.266061539000077], [121.12629553900001, 14.265851246000068], [121.1263059050001, 14.265822223000043], [121.12631419700006, 14.26578283400005], [121.1263328550001, 14.265757956000073], [121.12636187900011, 14.265728933000048], [121.12638668400007, 14.265716803000032], [121.12640956000007, 14.265690581000058], [121.12642096200011, 14.265666740000029], [121.12645931400004, 14.265653265000026], [121.12649352100004, 14.265652228000022], [121.12653705600007, 14.265653265000026], [121.12662309000007, 14.265677105000066], [121.12688222800011, 14.26578076100003], [121.12695198600011, 14.26580100800004], [121.12702112600005, 14.265826369000024], [121.12711648900006, 14.265837771000065], [121.12714136600005, 14.265837771000065], [121.12716935300011, 14.265827405000039], [121.12719630300012, 14.26581082100006], [121.12723050900001, 14.265785943000026], [121.12727819100007, 14.265704056000061], [121.12734057500006, 14.265674820000072], [121.12739051500012, 14.265640954000048], [121.12774382000009, 14.265498057000059], [121.12778077400003, 14.265488417000029], [121.12782253800003, 14.26548064800005], [121.12793329200008, 14.265501928000049], [121.12797579000005, 14.26549363600003], [121.12799670400011, 14.265466625000045], [121.12804506900011, 14.26546096800007], [121.12818038600005, 14.265455614000075], [121.12824114800003, 14.265453210000032], [121.12828572, 14.265486380000027], [121.12832199900004, 14.265507111000034], [121.12842669100007, 14.265525769000021], [121.128465043, 14.265541317000043], [121.12849510300009, 14.26555582900005], [121.12853760200005, 14.265577596000071], [121.12858632000007, 14.265601437000043], [121.12862467200011, 14.26562216800005], [121.12864851300003, 14.265651192000064], [121.12865672800001, 14.265690240000026], [121.12868097800003, 14.265733890000035], [121.12868825300006, 14.265792090000048], [121.12868716800006, 14.26581595500005], [121.12868582800002, 14.265845440000021], [121.12870037800008, 14.265891516000067], [121.12873675300011, 14.265927891000047], [121.12878525300005, 14.265954566000062], [121.12883617800003, 14.265956991000053], [121.12885557800007, 14.26594486600004], [121.12887740300005, 14.265913341000044], [121.12890165300007, 14.265847865000069], [121.12897682800008, 14.26585029000006], [121.12910292800007, 14.265879391000055], [121.12915870300003, 14.265886666000029], [121.12921205300006, 14.26589879100004], [121.12955640300004, 14.26602489100003], [121.12963157800004, 14.266029741000068], [121.1297504040001, 14.266073391000077], [121.13059915400004, 14.26608066600005], [121.13067675400009, 14.266087941000023], [121.13070342900005, 14.266051566000044], [121.13078398700009, 14.266021309000052], [121.13125744900003, 14.265854904000037], [121.13136640400012, 14.265844999000024], [121.13160399900005, 14.265875825000023], [121.13171686300007, 14.265922298000078], [121.13177882800005, 14.26593557600006], [121.13185185800012, 14.265940002000036], [121.13192842100011, 14.265932003000046], [121.13199570400002, 14.265922298000078], [121.13207226800012, 14.265959097000064], [121.13212109500012, 14.265982449000035], [121.132178414, 14.265999433000047], [121.1321777070001, 14.266017832000045], [121.13217487600002, 14.266048968000064], [121.13219115200002, 14.266123978000053], [121.13220247400011, 14.266123978000053], [121.13222016500004, 14.266121147000035], [121.13223997900002, 14.266131762000043], [121.13226687000008, 14.266152284000043], [121.13229729800003, 14.266167144000065], [121.13232560400002, 14.266169975000025], [121.13237867700002, 14.266157945000032], [121.1323977830001, 14.26616077500006], [121.13239849100012, 14.26617634300004], [121.13239990600005, 14.266206064000073], [121.13240769000004, 14.266232955000078], [121.13239636800006, 14.266260553000052], [121.13239353800009, 14.266284613000039], [121.13238504600008, 14.266308672000036], [121.13236593900001, 14.266327071000035], [121.13233621900008, 14.266337686000043], [121.13229418000003, 14.26636938300004], [121.1322711150001, 14.266392882000048], [121.13225625500002, 14.266409158000044], [121.1322428100001, 14.266440294000063], [121.13223856400009, 14.26647709100007], [121.13225767000006, 14.266502566000042], [121.13230154400003, 14.266530872000033], [121.13232418900009, 14.266544317000069], [121.13234400300007, 14.26654148700004], [121.1323609860001, 14.266535826000052], [121.13237796900012, 14.266523796000058], [121.13239636800006, 14.266516012000068], [121.13242750400002, 14.266514596000036], [121.1324508570001, 14.266514596000036], [121.13248977700005, 14.266517427000053], [121.13255983300007, 14.266542194000067], [121.1325853080001, 14.266550686000073], [121.13260229200012, 14.266568377000056], [121.13261290700007, 14.26659526700007], [121.13262918200007, 14.26662923400005], [121.13262352100003, 14.26664975600005], [121.13260087700007, 14.266684430000055], [121.13258884700008, 14.266707783000072], [121.13257186300007, 14.266735381000046], [121.13254992600002, 14.266766517000065], [121.132541435, 14.26678845400005], [121.13253860400005, 14.266840819000038], [121.13254568100001, 14.26686346400004], [121.13257894000003, 14.266872663000072], [121.13262564400009, 14.266875494000033], [121.13266598000007, 14.266869833000044], [121.13273320600001, 14.266854264000074], [121.13281953800004, 14.266849311000044], [121.13285492000011, 14.266861341000038], [121.1328832260001, 14.266876909000075], [121.13290940900004, 14.26689176900004], [121.13293346800003, 14.26692007500003], [121.13295419700012, 14.266949367000052], [121.13296602000003, 14.266976687000067], [121.13300281700003, 14.267043913000066], [121.13300564800011, 14.267069388000039], [121.13300281700003, 14.26710477000006], [121.13299786400012, 14.267138737000039], [121.13299857100003, 14.267167750000056], [121.13300706300004, 14.267189687000041], [121.13303680600006, 14.267190527000025], [121.13315425300004, 14.26719534800003], [121.13321086400003, 14.267177657000047], [121.13324907700007, 14.267171996000059], [121.13327738200007, 14.267167750000056], [121.13331559500011, 14.267168457000025], [121.13336605800009, 14.267167640000025], [121.13338736600008, 14.267170238000062], [121.133397682, 14.267182610000077], [121.13340829600008, 14.267196056000046], [121.13341891100004, 14.267210208000051], [121.13342881800008, 14.267227192000064], [121.13342032600008, 14.267307863000042], [121.1334578310001, 14.26738075000003], [121.13348613700009, 14.26742179300004], [121.13349392100008, 14.267443730000025], [121.133511612, 14.267452930000047], [121.13354416300001, 14.267458591000036], [121.13369701400006, 14.267502465000064], [121.13382155900001, 14.267548461000047], [121.13386331000004, 14.26756544500006], [121.13390506100006, 14.26758101300004], [121.13392416700003, 14.26756544500006], [121.13394185800007, 14.267556953000053], [121.1339673330001, 14.267550584000048], [121.13398644000006, 14.267538554000055], [121.13400424800011, 14.26752519200005], [121.13404022000009, 14.267512372000056], [121.13407701800008, 14.267513787000041], [121.13409824700011, 14.267522279000048], [121.13413433700009, 14.267534308000052], [121.13416052000002, 14.267557661000069], [121.13417184200011, 14.267583136000042], [121.13416476500004, 14.26761427200006], [121.13417396500006, 14.267657438000072], [121.13414424400003, 14.267748724000057], [121.13413292200005, 14.267779860000076], [121.13411240000005, 14.267810289000067], [121.13409541700003, 14.267832226000053], [121.13407284800007, 14.267862477000051], [121.1340409280001, 14.267882468000039], [121.1339998850001, 14.267915020000032], [121.1339793630001, 14.26793837200006], [121.13397794800005, 14.267955355000026], [121.13395459600008, 14.267982953000057], [121.13393124400011, 14.26800772100006], [121.13392213500003, 14.268033457000058], [121.13387887800002, 14.268073532000074], [121.13383995800007, 14.268171186000075], [121.13384208100001, 14.268243366000036], [121.13385198800006, 14.268265303000021], [121.13387604800005, 14.268294316000038], [121.13389303100007, 14.268312007000077], [121.13392487500005, 14.268323329000054], [121.13394115100004, 14.268328283000073], [121.13396804100012, 14.268330406000075], [121.13399422400005, 14.268330406000075], [121.13403102100006, 14.268317668000066], [121.13415415100008, 14.268319083000051], [121.13418174900005, 14.26831696000005], [121.13420156300003, 14.268320499000026], [121.13420722400008, 14.26833748200005], [121.13422774600008, 14.268339605000051], [121.134249683, 14.26833748200005], [121.13427303500009, 14.268331113000045], [121.13429921700003, 14.26834526600004], [121.1343098320001, 14.268363665000038], [121.13431690800007, 14.268377110000074], [121.13436644300009, 14.268392678000055], [121.13437635000003, 14.268409662000067], [121.13437635000003, 14.268432306000022], [121.13438908800003, 14.268446459000074], [121.13439404100006, 14.268459904000053], [121.13439828700007, 14.268474057000049], [121.13439328800007, 14.268496042000038], [121.13436269400006, 14.268533697000066], [121.13434622000011, 14.268583119000027], [121.13434622000011, 14.268630188000031], [121.13435563300004, 14.26866784300006], [121.13434857300001, 14.26871255900005], [121.13436269400006, 14.268740800000046], [121.13439799500009, 14.268764334000025], [121.13444977100005, 14.268778455000074], [121.13449684000011, 14.268790222000064], [121.13452743500011, 14.268792576000067], [121.13455096900009, 14.268809050000073], [121.1345862710001, 14.268839645000071], [121.13462627900003, 14.26886317900005], [121.13466158100005, 14.26885141200006], [121.13472512400006, 14.26885141200006], [121.13480984800003, 14.268856119000077], [121.134894572, 14.268910248000054], [121.13492752000002, 14.26893848900005], [121.13494399400008, 14.268971437000062], [121.13494399400008, 14.269004386000063], [121.13491575300009, 14.269032627000058], [121.134894572, 14.269053808000024], [121.134863977, 14.269079696000063], [121.13484515000005, 14.26912205800005], [121.13483102900011, 14.269183247000058], [121.13482161500008, 14.269218549000072], [121.13482161500008, 14.269263264000074], [121.13482161500008, 14.26927973900007], [121.1348263220001, 14.269293859000072], [121.13484515000005, 14.269298566000032], [121.13489221900011, 14.269312687000024], [121.13493458100004, 14.269319747000054], [121.1349792960001, 14.269322101000057], [121.13505931300006, 14.269340928000076], [121.13509226100007, 14.269340928000076], [121.13512050300005, 14.269340928000076], [121.13515345100006, 14.26934798800005], [121.13518875300008, 14.269364463000045], [121.13521228700006, 14.269383290000064], [121.13526406300002, 14.269442126000058], [121.13535584700003, 14.269592747000047], [121.13535114000001, 14.269635109000035], [121.13535114000001, 14.26967041000006], [121.13535114000001, 14.269703358000072], [121.1353746750001, 14.269743367000046], [121.1354052690001, 14.26979043600005], [121.13544292400002, 14.269828091000022], [121.13551117400004, 14.269901048000065], [121.13560766600006, 14.270037547000072], [121.13567120900007, 14.270129332000067], [121.13569945000006, 14.270171694000055], [121.13571592400001, 14.270206995000024], [121.13572533800004, 14.270242297000038], [121.13572533800004, 14.270258771000044], [121.13571592400001, 14.270315254000025], [121.13571827700002, 14.270348202000037], [121.13564698400012, 14.270414879000043], [121.13560505100008, 14.270440664000034], [121.13553707100004, 14.270533570000055], [121.13553480500002, 14.270563028000026], [121.13554840100005, 14.270587954000064], [121.13557559300011, 14.27061967800006], [121.13581125700011, 14.270719382000038], [121.13589283300007, 14.270751106000034], [121.13594721700008, 14.270798692000028], [121.13598573900003, 14.27085081000007], [121.1360242610001, 14.27093465200005], [121.13608317700005, 14.27102755900006], [121.13632110800006, 14.271115933000033], [121.13650169400012, 14.271198206000065], [121.13656177300004, 14.27129622900003], [121.13669382000012, 14.271615544000042], [121.13690959600001, 14.272137330000078], [121.13693489200011, 14.272191084000042], [121.13697916100011, 14.272232191000057], [121.13703924000004, 14.272257487000047], [121.13742184500006, 14.272308079000027], [121.13747560000002, 14.272342862000073], [121.13751038200007, 14.272393454000053], [121.1375293540001, 14.272453533000032], [121.137545165, 14.272526260000063], [121.13753251700007, 14.272757088000048], [121.137545165, 14.272810843000059], [121.13757046100011, 14.27285511100007], [121.137614729, 14.272905703000049], [121.1378455580001, 14.27309858700005], [121.13810484400005, 14.273357874000055], [121.13853804300004, 14.273829017000025], [121.13878363800006, 14.27355779800007]]]]}}, {"type": "Feature", "properties": {"psgc_code": 403404013, "name": "Pulo", "corr_code": 43404013.00000001, "geo_level": "Bgy", "city_class": null, "inc_class": null, "urb_rur": null, "pop_2015": "U", "pop_2020": null, "status": null, "adm4_pcode": "PH0403404013", "adm4_en": "Pulo", "adm3_pcode": "PH0403404", "adm2_pcode": "PH04034", "adm1_pcode": "PH04", "adm0_pcode": "PH", "shape_len": 0.127335585542, "shape_area": 0.00028681538022, "shape_sqkm": 3.42465056942}, "geometry": {"type": "MultiPolygon", "coordinates": [[[[121.14754532400002, 14.253712181000026], [121.14739831300005, 14.253665949000037], [121.14747266100005, 14.25344332800006], [121.1464953420001, 14.253152675000024], [121.14565971700006, 14.252789360000065], [121.14560158600011, 14.252480541000068], [121.14550712400012, 14.252429677000066], [121.1454889580001, 14.252280718000065], [121.14537633000009, 14.252240753000024], [121.14534849100005, 14.251869407000072], [121.14444820900007, 14.251572973000066], [121.14437552900006, 14.251236605000031], [121.14427964100003, 14.251032044000056], [121.14426685600006, 14.25085944600005], [121.14427661700006, 14.250810643000023], [121.14431160400011, 14.250635707000072], [121.14434356700008, 14.250411968000037], [121.14359564000006, 14.250226585000064], [121.14392165900006, 14.249088714000038], [121.14412622100008, 14.249139854000077], [121.1441837530001, 14.248903330000076], [121.14432438900008, 14.248935293000045], [121.14444584700004, 14.248660414000028], [121.14403033300005, 14.248500601000046], [121.1439472300001, 14.248717947000046], [121.14346946300009, 14.24845220800006], [121.14298170000006, 14.248207364000052], [121.14246138900012, 14.24793526600007], [121.14240030500002, 14.247915632000058], [121.14143386300009, 14.247758558000044], [121.14074448200006, 14.247673476000045], [121.1406767520001, 14.247653826000032], [121.14063104000002, 14.247616755000024], [121.14049850700007, 14.247470829000065], [121.14011112300011, 14.247123846000022], [121.13990228900002, 14.246962396000072], [121.139982787, 14.246764980000023], [121.13976380200006, 14.246741961000055], [121.13966856900004, 14.246738896000068], [121.1399586340001, 14.246019948000026], [121.14081713600001, 14.243892084000038], [121.14011089900009, 14.243793735000054], [121.13946023300002, 14.243628778000073], [121.13874696900007, 14.243329494000022], [121.13830553200012, 14.243152234000036], [121.13796199900003, 14.243007187000046], [121.13706835200003, 14.24262986900004], [121.13613109300002, 14.242046763000076], [121.13599130900002, 14.241962281000042], [121.13595947100009, 14.241942547000065], [121.13490387200011, 14.241215178000061], [121.13480477000007, 14.24114525300007], [121.13522632800004, 14.24009135800003], [121.1344096360001, 14.239756855000053], [121.13389464400007, 14.239554761000022], [121.13364031100002, 14.240101105000065], [121.13313164600004, 14.239592440000024], [121.13336713900003, 14.238961318000065], [121.13289254500012, 14.238828512000055], [121.13276662400006, 14.239151372000038], [121.13268913900004, 14.239330556000027], [121.13240825700007, 14.239199800000051], [121.13003033600012, 14.238473404000047], [121.12904735200004, 14.23817312600005], [121.12852632700003, 14.239403537000044], [121.128483533, 14.239504597000064], [121.12820215600004, 14.240277862000028], [121.12776918100008, 14.24146773900003], [121.12575295500005, 14.240718678000064], [121.124015, 14.240306471000054], [121.12415619, 14.239967911000065], [121.1242302280001, 14.239776970000037], [121.124413376, 14.239122314000042], [121.12449131100004, 14.239020999000047], [121.12453865000009, 14.238840390000064], [121.12363496900002, 14.238581475000046], [121.12348487600002, 14.239112292000073], [121.12336040900004, 14.239478373000054], [121.12155197000004, 14.239028093000059], [121.12126236900008, 14.238953967000043], [121.12142123300009, 14.23818409300003], [121.12142946600011, 14.23814419300004], [121.12133040000003, 14.237827180000068], [121.12022085700005, 14.237638954000033], [121.1195472060001, 14.237589421000052], [121.11894290100008, 14.23757951500005], [121.11835840900005, 14.237381382000024], [121.11800798900003, 14.23714594200004], [121.1178448930001, 14.237092841000049], [121.11776903400005, 14.236990432000027], [121.11761731800004, 14.236914574000025], [121.11749215100008, 14.236910781000063], [121.11741250000011, 14.236929746000044], [121.11737457000004, 14.236853887000052], [121.11716216700006, 14.236869059000071], [121.116999071, 14.236967675000074], [121.11680183900012, 14.23716111400006], [121.11675253100009, 14.237274902000024], [121.11670322300006, 14.23751764900004], [121.11661598600006, 14.237684537000064], [121.11650978400007, 14.237726259000056], [121.116359869, 14.23775262600003], [121.11622508300002, 14.237748603000057], [121.11615266100011, 14.237738544000024], [121.11606213300001, 14.237682216000053], [121.11596355900008, 14.237646004000055], [121.11584084300011, 14.237607782000055], [121.11567387000002, 14.23756151200007], [121.11549080300006, 14.237523289000023], [121.1153379110001, 14.237511219000055], [121.11519105500008, 14.23748104300006], [121.11500597600002, 14.237434773000075], [121.1148168740001, 14.237412644000074], [121.11468410000009, 14.237362351000058], [121.11455534900006, 14.237312058000043], [121.11444872800007, 14.237265788000059], [121.11437826500003, 14.237227799000038], [121.1142671240001, 14.237173226000039], [121.11424545600005, 14.237160681000034], [121.11420690500006, 14.237137074000032], [121.11407503700002, 14.237081150000051], [121.11402649800004, 14.237054623000063], [121.11396909300004, 14.237009468000053], [121.11378583800001, 14.23695308200007], [121.11360963000004, 14.236889647000055], [121.11351095400005, 14.23676277800007], [121.11337703600009, 14.236642956000026], [121.11334884300004, 14.236452652000025], [121.113341794, 14.236318734000065], [121.11323607000008, 14.236269396000068], [121.11304576600003, 14.236262348000025], [121.11280612300004, 14.23632578300004], [121.112580578, 14.236382169000024], [121.11234093500002, 14.236551328000076], [121.11219996900002, 14.236713439000027], [121.11206605200005, 14.23691079200006], [121.11186869900007, 14.23710109600006], [121.11166429800005, 14.237129289000052], [121.11152333200005, 14.237072903000069], [121.11131893100003, 14.23714338600007], [121.1110510960001, 14.237270255000055], [121.11088898500009, 14.237368932000038], [121.11069868100003, 14.237446463000026], [121.11052247300006, 14.23739712500003], [121.11043084500011, 14.237326642000028], [121.11042379700007, 14.237178627000048], [121.11028283100006, 14.237108144000047], [121.11006433300008, 14.237122241000066], [121.10982469100009, 14.237157483000033], [121.10959914500006, 14.237242062000064], [121.10938064800007, 14.237178627000048], [121.10919739200006, 14.237129289000052], [121.10901413600004, 14.237079951000055], [121.10890841200012, 14.237079951000055], [121.10875686400004, 14.237121855000055], [121.10873047300004, 14.237240572000076], [121.1087012800001, 14.237383893000072], [121.10861393400012, 14.237598287000026], [121.10834395600011, 14.238066779000064], [121.10805809600004, 14.238844952000022], [121.10786570700009, 14.23969594500005], [121.10772532700003, 14.240362767000022], [121.10976099700008, 14.240730476000067], [121.11012044300003, 14.240796252000052], [121.11049698200009, 14.24087240600005], [121.11059497700012, 14.240893481000057], [121.1113890900001, 14.241055687000028], [121.11156313800007, 14.241088176000062], [121.11180852300004, 14.241147407000028], [121.11202035500003, 14.241194047000022], [121.1127181390001, 14.241350484000066], [121.11314967900012, 14.241430869000055], [121.11430406300008, 14.241711373000044], [121.11526083600006, 14.241951254000071], [121.11717391800005, 14.242563356000062], [121.11648266500004, 14.244734786000038], [121.12025403500002, 14.245782389000055], [121.12037376100011, 14.245273553000061], [121.12157935000005, 14.245495619000053], [121.12150257000008, 14.24539521500003], [121.12140499400005, 14.245239816000037], [121.1213333820001, 14.245121996000023], [121.12128356500011, 14.245019250000041], [121.12123374900011, 14.244935185000031], [121.1212244080001, 14.244866688000059], [121.1213240410001, 14.244888482000022], [121.121317814, 14.24479819000004], [121.12130224600003, 14.244711012000039], [121.12124620300006, 14.244673650000038], [121.12120884100011, 14.244611379000048], [121.12121818100002, 14.244539768000038], [121.12113100300007, 14.244489952000038], [121.12123514000007, 14.244437524000034], [121.12130536000006, 14.244365411000047], [121.12125554400006, 14.244262665000065], [121.12123686300004, 14.244181714000035], [121.12136150100002, 14.244113707000054], [121.12239882400002, 14.244412227000055], [121.12258914600011, 14.244434001000059], [121.12279821400011, 14.244457920000059], [121.12372980000009, 14.244754053000065], [121.1239281280001, 14.244817098000055], [121.12520021700004, 14.245236139000042], [121.12469834600006, 14.246957167000062], [121.12656747500012, 14.247447269000077], [121.12836706700011, 14.247919138000043], [121.12895420200005, 14.24805536100007], [121.12885679500005, 14.248570232000077], [121.12872275100005, 14.248528882000073], [121.12865499200007, 14.248735839000062], [121.12931572500008, 14.248875564000059], [121.1292535450001, 14.249105792000023], [121.12978538000004, 14.249182289000032], [121.12987449100001, 14.248905739000065], [121.13079408400006, 14.249065580000035], [121.13068238100004, 14.249490052000056], [121.13183086900005, 14.249755088000029], [121.13252175900004, 14.249914524000076], [121.13216430900002, 14.251016661000051], [121.1338845360001, 14.251508154000021], [121.13385303300004, 14.251723379000055], [121.13447416200006, 14.251891252000064], [121.13420556500012, 14.252764189000061], [121.13439597600006, 14.252810843000077], [121.13585071700004, 14.253150296000058], [121.13618499800009, 14.252321152000036], [121.13757662300009, 14.252652177000073], [121.13786325900003, 14.251962336000076], [121.13786890600011, 14.25194874500005], [121.13853865700003, 14.25244181000005], [121.13861186100007, 14.252485732000025], [121.13860377100002, 14.252581375000034], [121.13886491800008, 14.252734657000076], [121.13860333000002, 14.254026250000038], [121.13950886600003, 14.25435684200005], [121.13956070200004, 14.254375766000067], [121.1392921050001, 14.255332640000063], [121.13982929800011, 14.255601236000075], [121.13998038300008, 14.25580268300007], [121.14048400100012, 14.25588662000007], [121.14058472500005, 14.255651598000043], [121.14162553500012, 14.255970556000022], [121.14152481100007, 14.256490961000054], [121.14197806700008, 14.256457387000069], [121.1424313230001, 14.256524536000029], [121.1428006430001, 14.256558110000071], [121.14311960100008, 14.256675621000056], [121.1433714100001, 14.256709196000031], [121.14352249500007, 14.256255939000027], [121.1438582400001, 14.256255939000027], [121.14490175000003, 14.256524325000044], [121.14552017900007, 14.256692408000049], [121.14644347900003, 14.256994579000036], [121.14754532400002, 14.253712181000026]]]]}}, {"type": "Feature", "properties": {"psgc_code": 403404014, "name": "Sala", "corr_code": 43404014.0, "geo_level": "Bgy", "city_class": null, "inc_class": null, "urb_rur": null, "pop_2015": "U", "pop_2020": null, "status": null, "adm4_pcode": "PH0403404014", "adm4_en": "Sala", "adm3_pcode": "PH0403404", "adm2_pcode": "PH04034", "adm1_pcode": "PH04", "adm0_pcode": "PH", "shape_len": 0.100748402522, "shape_area": 0.000284696323783, "shape_sqkm": 3.39900623447}, "geometry": {"type": "MultiPolygon", "coordinates": [[[[121.1395720270001, 14.277310414000056], [121.13954356900001, 14.27721871500006], [121.13953092100007, 14.277108044000045], [121.13951194900005, 14.276671684000064], [121.13949297700003, 14.276621091000038], [121.13945503200011, 14.276570499000059], [121.13938862900011, 14.276513582000064], [121.13935384700005, 14.276478800000064], [121.13934119900011, 14.276434531000064], [121.1393457260001, 14.27593554300006], [121.13934119900011, 14.275874852000072], [121.13931607000006, 14.275752486000044], [121.13926847200003, 14.27552070400003], [121.13921788000005, 14.275330982000071], [121.13897440300002, 14.274629011000059], [121.13878784300005, 14.274224271000037], [121.13868982000008, 14.274025063000067], [121.13853804300004, 14.273829017000025], [121.13810484400005, 14.273357874000055], [121.1378455580001, 14.27309858700005], [121.137614729, 14.272905703000049], [121.13757046100011, 14.27285511100007], [121.137545165, 14.272810843000059], [121.13753251700007, 14.272757088000048], [121.137545165, 14.272526260000063], [121.1375293540001, 14.272453533000032], [121.13751038200007, 14.272393454000053], [121.13747560000002, 14.272342862000073], [121.13742184500006, 14.272308079000027], [121.13703924000004, 14.272257487000047], [121.13697916100011, 14.272232191000057], [121.13693489200011, 14.272191084000042], [121.13690959600001, 14.272137330000078], [121.13669382000012, 14.271615544000042], [121.13656177300004, 14.27129622900003], [121.13650169400012, 14.271198206000065], [121.13632110800006, 14.271115933000033], [121.13608317700005, 14.27102755900006], [121.1360242610001, 14.27093465200005], [121.13598573900003, 14.27085081000007], [121.13594721700008, 14.270798692000028], [121.13589283300007, 14.270751106000034], [121.13581125700011, 14.270719382000038], [121.13557559300011, 14.27061967800006], [121.13554840100005, 14.270587954000064], [121.13553480500002, 14.270563028000026], [121.13553707100004, 14.270533570000055], [121.13560505100008, 14.270440664000034], [121.13564698400012, 14.270414879000043], [121.13571827700002, 14.270348202000037], [121.13571592400001, 14.270315254000025], [121.13572533800004, 14.270258771000044], [121.13572533800004, 14.270242297000038], [121.13571592400001, 14.270206995000024], [121.13569945000006, 14.270171694000055], [121.13567120900007, 14.270129332000067], [121.13560766600006, 14.270037547000072], [121.13551117400004, 14.269901048000065], [121.13544292400002, 14.269828091000022], [121.1354052690001, 14.26979043600005], [121.1353746750001, 14.269743367000046], [121.13535114000001, 14.269703358000072], [121.13535114000001, 14.26967041000006], [121.13535114000001, 14.269635109000035], [121.13535584700003, 14.269592747000047], [121.13526406300002, 14.269442126000058], [121.13521228700006, 14.269383290000064], [121.13518875300008, 14.269364463000045], [121.13515345100006, 14.26934798800005], [121.13512050300005, 14.269340928000076], [121.13509226100007, 14.269340928000076], [121.13505931300006, 14.269340928000076], [121.1349792960001, 14.269322101000057], [121.13493458100004, 14.269319747000054], [121.13489221900011, 14.269312687000024], [121.13484515000005, 14.269298566000032], [121.1348263220001, 14.269293859000072], [121.13482161500008, 14.26927973900007], [121.13482161500008, 14.269263264000074], [121.13482161500008, 14.269218549000072], [121.13483102900011, 14.269183247000058], [121.13484515000005, 14.26912205800005], [121.134863977, 14.269079696000063], [121.134894572, 14.269053808000024], [121.13491575300009, 14.269032627000058], [121.13494399400008, 14.269004386000063], [121.13494399400008, 14.268971437000062], [121.13492752000002, 14.26893848900005], [121.134894572, 14.268910248000054], [121.13480984800003, 14.268856119000077], [121.13472512400006, 14.26885141200006], [121.13466158100005, 14.26885141200006], [121.13462627900003, 14.26886317900005], [121.1345862710001, 14.268839645000071], [121.13455096900009, 14.268809050000073], [121.13452743500011, 14.268792576000067], [121.13449684000011, 14.268790222000064], [121.13444977100005, 14.268778455000074], [121.13439799500009, 14.268764334000025], [121.13436269400006, 14.268740800000046], [121.13434857300001, 14.26871255900005], [121.13435563300004, 14.26866784300006], [121.13434622000011, 14.268630188000031], [121.13434622000011, 14.268583119000027], [121.13436269400006, 14.268533697000066], [121.13439328800007, 14.268496042000038], [121.13439828700007, 14.268474057000049], [121.13439404100006, 14.268459904000053], [121.13438908800003, 14.268446459000074], [121.13437635000003, 14.268432306000022], [121.13437635000003, 14.268409662000067], [121.13436644300009, 14.268392678000055], [121.13431690800007, 14.268377110000074], [121.1343098320001, 14.268363665000038], [121.13429921700003, 14.26834526600004], [121.13427303500009, 14.268331113000045], [121.134249683, 14.26833748200005], [121.13422774600008, 14.268339605000051], [121.13420722400008, 14.26833748200005], [121.13420156300003, 14.268320499000026], [121.13418174900005, 14.26831696000005], [121.13415415100008, 14.268319083000051], [121.13403102100006, 14.268317668000066], [121.13399422400005, 14.268330406000075], [121.13396804100012, 14.268330406000075], [121.13394115100004, 14.268328283000073], [121.13392487500005, 14.268323329000054], [121.13389303100007, 14.268312007000077], [121.13387604800005, 14.268294316000038], [121.13385198800006, 14.268265303000021], [121.13384208100001, 14.268243366000036], [121.13383995800007, 14.268171186000075], [121.13387887800002, 14.268073532000074], [121.13392213500003, 14.268033457000058], [121.13393124400011, 14.26800772100006], [121.13395459600008, 14.267982953000057], [121.13397794800005, 14.267955355000026], [121.1339793630001, 14.26793837200006], [121.1339998850001, 14.267915020000032], [121.1340409280001, 14.267882468000039], [121.13407284800007, 14.267862477000051], [121.13409541700003, 14.267832226000053], [121.13411240000005, 14.267810289000067], [121.13413292200005, 14.267779860000076], [121.13414424400003, 14.267748724000057], [121.13417396500006, 14.267657438000072], [121.13416476500004, 14.26761427200006], [121.13417184200011, 14.267583136000042], [121.13416052000002, 14.267557661000069], [121.13413433700009, 14.267534308000052], [121.13409824700011, 14.267522279000048], [121.13407701800008, 14.267513787000041], [121.13404022000009, 14.267512372000056], [121.13400424800011, 14.26752519200005], [121.13398644000006, 14.267538554000055], [121.1339673330001, 14.267550584000048], [121.13394185800007, 14.267556953000053], [121.13392416700003, 14.26756544500006], [121.13390506100006, 14.26758101300004], [121.13386331000004, 14.26756544500006], [121.13382155900001, 14.267548461000047], [121.13369701400006, 14.267502465000064], [121.13354416300001, 14.267458591000036], [121.133511612, 14.267452930000047], [121.13349392100008, 14.267443730000025], [121.13348613700009, 14.26742179300004], [121.1334578310001, 14.26738075000003], [121.13342032600008, 14.267307863000042], [121.13342881800008, 14.267227192000064], [121.13341891100004, 14.267210208000051], [121.13340829600008, 14.267196056000046], [121.133397682, 14.267182610000077], [121.13338736600008, 14.267170238000062], [121.13336605800009, 14.267167640000025], [121.13331559500011, 14.267168457000025], [121.13327738200007, 14.267167750000056], [121.13324907700007, 14.267171996000059], [121.13321086400003, 14.267177657000047], [121.13315425300004, 14.26719534800003], [121.13303680600006, 14.267190527000025], [121.13300706300004, 14.267189687000041], [121.13299857100003, 14.267167750000056], [121.13299786400012, 14.267138737000039], [121.13300281700003, 14.26710477000006], [121.13300564800011, 14.267069388000039], [121.13300281700003, 14.267043913000066], [121.13296602000003, 14.266976687000067], [121.13295419700012, 14.266949367000052], [121.13293346800003, 14.26692007500003], [121.13290940900004, 14.26689176900004], [121.1328832260001, 14.266876909000075], [121.13285492000011, 14.266861341000038], [121.13281953800004, 14.266849311000044], [121.13273320600001, 14.266854264000074], [121.13266598000007, 14.266869833000044], [121.13262564400009, 14.266875494000033], [121.13257894000003, 14.266872663000072], [121.13254568100001, 14.26686346400004], [121.13253860400005, 14.266840819000038], [121.132541435, 14.26678845400005], [121.13254992600002, 14.266766517000065], [121.13257186300007, 14.266735381000046], [121.13258884700008, 14.266707783000072], [121.13260087700007, 14.266684430000055], [121.13262352100003, 14.26664975600005], [121.13262918200007, 14.26662923400005], [121.13261290700007, 14.26659526700007], [121.13260229200012, 14.266568377000056], [121.1325853080001, 14.266550686000073], [121.13255983300007, 14.266542194000067], [121.13248977700005, 14.266517427000053], [121.1324508570001, 14.266514596000036], [121.13242750400002, 14.266514596000036], [121.13239636800006, 14.266516012000068], [121.13237796900012, 14.266523796000058], [121.1323609860001, 14.266535826000052], [121.13234400300007, 14.26654148700004], [121.13232418900009, 14.266544317000069], [121.13230154400003, 14.266530872000033], [121.13225767000006, 14.266502566000042], [121.13223856400009, 14.26647709100007], [121.1322428100001, 14.266440294000063], [121.13225625500002, 14.266409158000044], [121.1322711150001, 14.266392882000048], [121.13229418000003, 14.26636938300004], [121.13233621900008, 14.266337686000043], [121.13236593900001, 14.266327071000035], [121.13238504600008, 14.266308672000036], [121.13239353800009, 14.266284613000039], [121.13239636800006, 14.266260553000052], [121.13240769000004, 14.266232955000078], [121.13239990600005, 14.266206064000073], [121.13239849100012, 14.26617634300004], [121.1323977830001, 14.26616077500006], [121.13237867700002, 14.266157945000032], [121.13232560400002, 14.266169975000025], [121.13229729800003, 14.266167144000065], [121.13226687000008, 14.266152284000043], [121.13223997900002, 14.266131762000043], [121.13222016500004, 14.266121147000035], [121.13220247400011, 14.266123978000053], [121.13219115200002, 14.266123978000053], [121.13217487600002, 14.266048968000064], [121.1321777070001, 14.266017832000045], [121.132178414, 14.265999433000047], [121.13212109500012, 14.265982449000035], [121.13207226800012, 14.265959097000064], [121.13199570400002, 14.265922298000078], [121.13192842100011, 14.265932003000046], [121.13185185800012, 14.265940002000036], [121.13177882800005, 14.26593557600006], [121.13171686300007, 14.265922298000078], [121.13160399900005, 14.265875825000023], [121.13136640400012, 14.265844999000024], [121.13125744900003, 14.265854904000037], [121.13078398700009, 14.266021309000052], [121.13070342900005, 14.266051566000044], [121.13067675400009, 14.266087941000023], [121.13059915400004, 14.26608066600005], [121.1297504040001, 14.266073391000077], [121.12963157800004, 14.266029741000068], [121.12955640300004, 14.26602489100003], [121.12921205300006, 14.26589879100004], [121.12915870300003, 14.265886666000029], [121.12910292800007, 14.265879391000055], [121.12897682800008, 14.26585029000006], [121.12890165300007, 14.265847865000069], [121.12887740300005, 14.265913341000044], [121.12885557800007, 14.26594486600004], [121.12883617800003, 14.265956991000053], [121.12878525300005, 14.265954566000062], [121.12873675300011, 14.265927891000047], [121.12870037800008, 14.265891516000067], [121.12868582800002, 14.265845440000021], [121.12868716800006, 14.26581595500005], [121.12868825300006, 14.265792090000048], [121.12868097800003, 14.265733890000035], [121.12865672800001, 14.265690240000026], [121.12864851300003, 14.265651192000064], [121.12862467200011, 14.26562216800005], [121.12858632000007, 14.265601437000043], [121.12853760200005, 14.265577596000071], [121.12849510300009, 14.26555582900005], [121.128465043, 14.265541317000043], [121.12842669100007, 14.265525769000021], [121.12832199900004, 14.265507111000034], [121.12828572, 14.265486380000027], [121.12824114800003, 14.265453210000032], [121.12818038600005, 14.265455614000075], [121.12804506900011, 14.26546096800007], [121.12799670400011, 14.265466625000045], [121.12797579000005, 14.26549363600003], [121.12793329200008, 14.265501928000049], [121.12782253800003, 14.26548064800005], [121.12778077400003, 14.265488417000029], [121.12774382000009, 14.265498057000059], [121.12739051500012, 14.265640954000048], [121.12734057500006, 14.265674820000072], [121.12727819100007, 14.265704056000061], [121.12723050900001, 14.265785943000026], [121.12719630300012, 14.26581082100006], [121.12716935300011, 14.265827405000039], [121.12714136600005, 14.265837771000065], [121.12711648900006, 14.265837771000065], [121.12702112600005, 14.265826369000024], [121.12695198600011, 14.26580100800004], [121.12688222800011, 14.26578076100003], [121.12662309000007, 14.265677105000066], [121.12653705600007, 14.265653265000026], [121.12649352100004, 14.265652228000022], [121.12645931400004, 14.265653265000026], [121.12642096200011, 14.265666740000029], [121.12640956000007, 14.265690581000058], [121.12638668400007, 14.265716803000032], [121.12636187900011, 14.265728933000048], [121.1263328550001, 14.265757956000073], [121.12631419700006, 14.26578283400005], [121.1263059050001, 14.265822223000043], [121.12629553900001, 14.265851246000068], [121.126164044, 14.266061539000077], [121.12612373500008, 14.266098069000066], [121.12607334800009, 14.266120743000045], [121.12602422100008, 14.266124522000041], [121.12596280600008, 14.266131115000064], [121.12586433400008, 14.266115567000043], [121.12567464400001, 14.266030570000055], [121.12558757400006, 14.266023314000051], [121.1255326370001, 14.266049228000043], [121.12547251700005, 14.26609587200005], [121.12537715400003, 14.266213003000075], [121.12533539300011, 14.266218577000075], [121.12529008400008, 14.266271050000057], [121.12524447500004, 14.26636123000003], [121.12519575700003, 14.26654366300005], [121.12517917200012, 14.266701219000026], [121.1251646610001, 14.266825605000065], [121.12509935800006, 14.266876396000043], [121.12502265300009, 14.266927187000022], [121.12492314400004, 14.266958284000054], [121.12482052500002, 14.266966576000073], [121.12462876300003, 14.266910603000042], [121.12428255500004, 14.266749937000043], [121.12415402200008, 14.266695], [121.124091829, 14.266696036000042], [121.12405036700011, 14.266681524000035], [121.12400994200004, 14.266654574000029], [121.12393841900007, 14.266647318000025], [121.1239031770001, 14.266634880000026], [121.12369690300011, 14.266557138000053], [121.12362019800003, 14.26654988200005], [121.1235227620001, 14.266464885000062], [121.1235082500001, 14.26638921700004], [121.12346782500003, 14.266330133000054], [121.1234564230001, 14.266292817000021], [121.12348544600002, 14.266236844000048], [121.12354245600011, 14.266191235000065], [121.12360465000006, 14.266175687000043], [121.12370830500004, 14.26612800600003], [121.12380885000005, 14.26612800600003], [121.12392701700003, 14.266125932000023], [121.12400994200004, 14.266100019000078], [121.12404414800005, 14.266064776000064], [121.1240956690001, 14.26598973700004], [121.12414605600009, 14.26593179300005], [121.12418203400011, 14.265882377000025], [121.1241975580001, 14.265830515000061], [121.12419341100008, 14.26579838200007], [121.12421517900009, 14.265762103000043], [121.1242763350001, 14.265729970000052], [121.12435511300009, 14.265746554000032], [121.12438828300003, 14.26579838200007], [121.12444944000003, 14.265809784000055], [121.12447846300006, 14.265790090000053], [121.12450299000011, 14.265767830000073], [121.12451405200011, 14.265761809000026], [121.12453497500007, 14.265748361000021], [121.12454741900001, 14.265738278000072], [121.12458316100003, 14.265703793000057], [121.1245956460001, 14.265684484000076], [121.12460325800009, 14.265667736000069], [121.12461213300003, 14.26563955000006], [121.12461802200005, 14.265626722000036], [121.12462598900004, 14.265615616000048], [121.12465986000007, 14.26551747600007], [121.12467748100005, 14.26542315000006], [121.12469199300006, 14.265359920000037], [121.12473863800005, 14.265284252000072], [121.12474071100007, 14.265239680000036], [121.12472205300003, 14.26520858400005], [121.12470857800008, 14.265186816000039], [121.1246640060001, 14.26515261000003], [121.12461321500007, 14.265116331000058], [121.12454998500004, 14.265058284000077], [121.12442974500004, 14.264941153000052], [121.12434474800011, 14.264905910000039], [121.12423072700005, 14.264862375000064], [121.12412292600004, 14.264836461000073], [121.1240285990001, 14.264820913000051], [121.12393531000009, 14.26482298600007], [121.12386482400007, 14.264803292000067], [121.12380885000005, 14.264765976000035], [121.12375287700002, 14.26476701200005], [121.12368861000004, 14.264781524000057], [121.12363885600007, 14.264778415000023], [121.1235891010001, 14.264763903000073], [121.12352587200007, 14.264736952000021], [121.12347300700003, 14.264707929000053], [121.12344398400012, 14.264676832000077], [121.1234491670001, 14.26463433400005], [121.1234828050001, 14.264595861000032], [121.12349184900006, 14.264577342000052], [121.1235615700001, 14.264480655000057], [121.12362019800003, 14.264402146000066], [121.123630563, 14.264360684000053], [121.12363471000003, 14.264328551000062], [121.12371206600005, 14.264190993000057], [121.12374251100005, 14.264129533000073], [121.12379744800012, 14.264101546000063], [121.1238420200001, 14.264091180000037], [121.1238959210001, 14.264102583000067], [121.12393220000001, 14.26412227700007], [121.1239550040001, 14.264104656000029], [121.1239695160001, 14.264085998000041], [121.12398569400011, 14.264045846000045], [121.12398195500009, 14.263967831000059], [121.12395915000002, 14.263916003000077], [121.12393738300011, 14.263880760000063], [121.12391872500007, 14.263848627000073], [121.12389177500006, 14.263816494000025], [121.12387104400011, 14.263771922000046], [121.12387208000007, 14.263718022000035], [121.12387104400011, 14.26366308400003], [121.1238689700001, 14.263628878000077], [121.12385549500004, 14.263407056000062], [121.12383994700008, 14.263350046000028], [121.12381507000009, 14.263307547000068], [121.12381092400005, 14.263256756000033], [121.12383165500012, 14.263219440000057], [121.12385365600005, 14.263202749000072], [121.12386171500009, 14.263196636000032], [121.12388451900006, 14.263193526000066], [121.12391665200005, 14.263184197000044], [121.12392183500003, 14.263120968000067], [121.1238959210001, 14.263043226000036], [121.12382025200009, 14.263015239000026], [121.1237362920001, 14.262998654000057], [121.12368653700003, 14.262971704000051], [121.12363367300009, 14.262940607000075], [121.12357148000001, 14.262901218000025], [121.12351032300012, 14.262899145000063], [121.12345435000009, 14.262874268000076], [121.12342221600011, 14.262831769000059], [121.12338904700005, 14.262789271000031], [121.12338179100004, 14.262742626000033], [121.12339215600002, 14.262682506000033], [121.12342325300006, 14.262600618000022], [121.1234491670001, 14.26253635200004], [121.12346575200002, 14.262478305000059], [121.12348233600005, 14.262428551000028], [121.12352755100005, 14.262379947000056], [121.1235393280001, 14.262362281000037], [121.12355464200004, 14.262345699000036], [121.12364092900009, 14.262262702000044], [121.12367928100002, 14.262222277000035], [121.12372281700004, 14.262147645000027], [121.12374458400006, 14.262095817000045], [121.12379810900006, 14.262042142000041], [121.12380972400001, 14.26202808100004], [121.12385507200008, 14.261992810000038], [121.12391250600001, 14.261958992000075], [121.12396122400003, 14.261941371000034], [121.12401512400004, 14.261934115000031], [121.12405244000001, 14.261927896000032], [121.124072135, 14.26187399500003], [121.12407731700011, 14.26184186200004], [121.12412810900003, 14.261777596000059], [121.12415816900011, 14.261723695000057], [121.12426950300005, 14.261577119000037], [121.12428839800009, 14.26152925200006], [121.12429292000002, 14.261440716000038], [121.12429084700011, 14.261385779000022], [121.12432712700002, 14.261349500000051], [121.12437531500007, 14.26129747300007], [121.12439553900003, 14.26126761200004], [121.12440014200001, 14.261254569000073], [121.12440175800009, 14.261249991000057], [121.12439553900003, 14.261226150000027], [121.12435615000004, 14.261185724000029], [121.1243229800001, 14.261152555000024], [121.12428981100004, 14.261128714000051], [121.12427115300011, 14.261116275000063], [121.12425767800005, 14.261076887000058], [121.12419859400006, 14.260955610000053], [121.12417268000002, 14.260922440000058], [121.12416646100007, 14.260866466000039], [121.12412292600004, 14.260806346000038], [121.1240431110001, 14.260674704000053], [121.1239622600001, 14.260576232000062], [121.12359221100007, 14.260154355000054], [121.12352587200007, 14.260060029000044], [121.12351447000003, 14.26002478600003], [121.12350617700008, 14.259976068000071], [121.12350928700005, 14.259940825000058], [121.12351136000007, 14.259837170000026], [121.12350203100004, 14.25977394000006], [121.12349684800006, 14.25972936900007], [121.12347404400009, 14.259688943000072], [121.12343672800012, 14.259647481000059], [121.12340148500004, 14.259554191000063], [121.12337660800006, 14.259523095000077], [121.12335173100007, 14.259468157000072], [121.12332996300006, 14.259426695000059], [121.123277099, 14.259366575000058], [121.12322630800008, 14.259327186000064], [121.12318899200011, 14.259305419000043], [121.12317344400003, 14.259273286000052], [121.12311954300003, 14.259218348000047], [121.1230884470001, 14.259129205000022], [121.1230418020001, 14.259056646000033], [121.12295473100005, 14.258942625000032], [121.12292467100008, 14.258914639000068], [121.12291223300008, 14.25887835900005], [121.12291016000006, 14.25884000700006], [121.1229143060001, 14.258795435000025], [121.12292570800003, 14.258750863000046], [121.122943329, 14.258722876000036], [121.12297235300002, 14.258673122000062], [121.12299977300006, 14.258643557000028], [121.12304076500004, 14.258579832000066], [121.12304418600002, 14.258549041000038], [121.12304491100008, 14.258542516000034], [121.12303765600006, 14.258514529000024], [121.1230345460001, 14.258487579000075], [121.12302210700011, 14.258466848000069], [121.12300344900007, 14.258461665000027], [121.12297235300002, 14.258450263000043], [121.12292778100004, 14.258425386000056], [121.12289979400009, 14.258423313000037], [121.122869734, 14.258423313000037], [121.12285107600007, 14.258397399000046], [121.12282930900005, 14.258369412000036], [121.12281479700005, 14.258344535000049], [121.12280961400006, 14.258320694000076], [121.12280961400006, 14.258292707000066], [121.12282723500005, 14.258260574000076], [121.12283241800003, 14.258242953000035], [121.12284382000007, 14.25820563700006], [121.12285729500002, 14.258162102000028], [121.12286455100002, 14.258120640000072], [121.12287595300006, 14.258093689000077], [121.12288839200005, 14.258059483000068], [121.12289357500003, 14.258025277000058], [121.12289461400007, 14.257996712000022], [121.12289564800005, 14.257968266000034], [121.12287284400009, 14.257933024000067], [121.12284382000007, 14.257913329000075], [121.12281583300012, 14.257901927000034], [121.12280028500004, 14.257880159000024], [121.12277748100007, 14.257839734000072], [121.12275364000004, 14.257801381000036], [121.12273809200008, 14.25777443100003], [121.12272358000007, 14.257743335000043], [121.12270388600007, 14.257707055000026], [121.12265309500003, 14.257652118000067], [121.12263547300006, 14.257622058000038], [121.122629415, 14.257575153000062], [121.12260800100012, 14.257552479000026], [121.12259666400007, 14.25752602600005], [121.12255461500001, 14.257323448000022], [121.12254356300002, 14.257293386000072], [121.122526321, 14.257266860000072], [121.12250200500011, 14.257247849000066], [121.1224776900001, 14.257238565000023], [121.12244802300006, 14.257235043000037], [121.12240645400004, 14.257237562000057], [121.12237370200012, 14.25724512000005], [121.122229833, 14.25731071000007], [121.12219534200005, 14.25731912200007], [121.12216043, 14.257318702000077], [121.122124288, 14.257313142000044], [121.12208523800007, 14.257295507000038], [121.12205569500009, 14.257274536000068], [121.12195423300011, 14.257164501000034], [121.12193029900004, 14.257144346000075], [121.12188999000011, 14.257119153000076], [121.1218131500001, 14.257083882000074], [121.12176528300006, 14.257072545000028], [121.1217302230001, 14.257058311000037], [121.12169978000009, 14.257037275000073], [121.12167698000007, 14.257009546000063], [121.12166073000003, 14.256975551000039], [121.12164309500008, 14.256917606000059], [121.1216279790001, 14.256873518000077], [121.12161091000007, 14.256845720000058], [121.12154087400006, 14.25680421800007], [121.12150770400001, 14.256785560000026], [121.12146935200008, 14.256735806000052], [121.12143721900009, 14.256699526000034], [121.12142270700008, 14.256672576000028], [121.12139783000009, 14.256624895000073], [121.12136777, 14.256567884000049], [121.12136984300002, 14.256518130000075], [121.12140301300008, 14.256458010000074], [121.12144965800007, 14.256434169000045], [121.12148815600005, 14.256393584000023], [121.1215927080001, 14.256251242000076], [121.12161034300004, 14.256209673000058], [121.1216141220001, 14.25617062300006], [121.12160749300006, 14.256087495000031], [121.12160420100008, 14.25607143700006], [121.12159396800007, 14.256053474000055], [121.12157633200002, 14.256040877000032], [121.12154862000011, 14.256032059000063], [121.12151208900002, 14.256034579000072], [121.12133042100004, 14.256077336000033], [121.1213121080001, 14.256080131000033], [121.12129698000001, 14.256080724000071], [121.12127836400009, 14.256078913000067], [121.1212621950001, 14.256072997000047], [121.1212487790001, 14.256065300000046], [121.12123795200012, 14.256056846000035], [121.12122488500006, 14.256042137000065], [121.1212182270001, 14.256028815000036], [121.12121354800001, 14.256014424000057], [121.12120976900007, 14.255979153000055], [121.12121408200005, 14.25594601000006], [121.12122157500005, 14.255923136000035], [121.12123370300003, 14.255897275000052], [121.12124681500006, 14.255873446000066], [121.12134077400003, 14.255754932000059], [121.12135307500012, 14.255734419000078], [121.12135990000002, 14.255712808000055], [121.12136189000012, 14.255691481000042], [121.12136075300009, 14.255674136000039], [121.12135790900004, 14.255656221000038], [121.12134966300005, 14.25564029700007], [121.12133838700004, 14.255625649000024], [121.12132601100006, 14.255616304000057], [121.12130814700004, 14.255607027000053], [121.12121800900002, 14.255572393000023], [121.12119969200012, 14.255562203000068], [121.12118222300012, 14.255546174000074], [121.12116982200007, 14.255529167000077], [121.12115255900005, 14.255498232000036], [121.12114275700003, 14.25548692700005], [121.12113041000009, 14.255476546000068], [121.1211130150001, 14.255467360000068], [121.12109262000001, 14.255461430000025], [121.1210308960001, 14.255451352000023], [121.12097635100008, 14.25545224800004], [121.12093461800009, 14.255457658000068], [121.12089404400001, 14.255470796000054], [121.12084950400003, 14.255496700000037], [121.12070842100002, 14.255608811000059], [121.1206605530001, 14.255659198000046], [121.12062024400007, 14.255712104000054], [121.12046530500004, 14.255982932000052], [121.12043255300011, 14.25602198200005], [121.12037964700005, 14.256064811000044], [121.12031288500009, 14.256103860000053], [121.12025242100003, 14.256121496000048], [121.12017558100001, 14.256131573000062], [121.11986570300007, 14.256118976000039], [121.11978130500006, 14.256118976000039], [121.11971076400005, 14.25610512000003], [121.11952937100011, 14.256028280000066], [121.11945253200008, 14.25600812600004], [121.11913509500005, 14.25595018100006], [121.11907337100001, 14.255935065000074], [121.11901416700005, 14.255911131000062], [121.11895622200007, 14.25587838000007], [121.1188617470001, 14.255814137000073], [121.11882017800008, 14.255793982000057], [121.11877734900008, 14.255781385000034], [121.11849606600003, 14.25575146500006], [121.11847207800008, 14.255747405000022], [121.11617043900003, 14.259017965000055], [121.11561754200011, 14.260269547000064], [121.11520518300006, 14.261761148000062], [121.1142127810001, 14.265424943000028], [121.11409021100008, 14.268196304000071], [121.11407765700005, 14.268238327000063], [121.11389206800004, 14.268859564000024], [121.11394666400008, 14.268886861000055], [121.11399133300006, 14.268946420000077], [121.11398885100004, 14.269033277000062], [121.11396155300008, 14.269077946000039], [121.11389951300009, 14.269209472000057], [121.11386228900005, 14.269269030000032], [121.1138201010001, 14.269348442000023], [121.1137977630001, 14.269408798000029], [121.11382057300011, 14.269454417000077], [121.11382430600008, 14.269461884000066], [121.11389781100002, 14.26950680400006], [121.11394477200008, 14.269529263000038], [121.11401827600002, 14.26954355600003], [121.11417345100006, 14.269553765000069], [121.11428779100004, 14.269555807000074], [121.1143633370001, 14.269568057000072], [121.11438579700007, 14.269627269000068], [121.11440417300003, 14.269774277000067], [121.11446746800004, 14.269935578000059], [121.11454914, 14.270027459000062], [121.11461651900004, 14.270098921000056], [121.11465735400009, 14.270172425000055], [121.11465531200008, 14.27022142800007], [121.11462602200004, 14.270261185000038], [121.11453484700007, 14.270329643000025], [121.11438171300006, 14.270315350000033], [121.11433066900008, 14.270231637000052], [121.11412036500008, 14.27014792400007], [121.11399173300003, 14.270109130000037], [121.11387535100005, 14.270127506000051], [121.11385493300008, 14.270184676000042], [121.11389168500011, 14.270272473000034], [121.11396723100006, 14.270305141000051], [121.1140693210001, 14.270354144000066], [121.11419182800012, 14.270458275000067], [121.11432454300007, 14.270476651000024], [121.11435108700005, 14.270552197000029], [121.1143653790001, 14.270652244000075], [121.11441642400007, 14.270705331000045], [121.11441642400007, 14.270758417000025], [121.11442867400001, 14.270825796000054], [121.11445663600011, 14.27085106100003], [121.11447971900009, 14.270868673000052], [121.1145430140001, 14.270868673000052], [121.1146001840001, 14.270813545000067], [121.11464510400003, 14.270766584000057], [121.11472473300012, 14.270758417000025], [121.11479823700006, 14.270778835000044], [121.11482682200005, 14.27085438100005], [121.1148390730001, 14.270942178000041], [121.11480640400009, 14.271025891000022], [121.11473290000004, 14.27106264300005], [121.11463897800002, 14.271076935000053], [121.11452463800003, 14.271076935000053], [121.11446746800004, 14.271060601000045], [121.11440008900001, 14.271068768000077], [121.11436946300012, 14.271134105000044], [121.11436946300012, 14.27120965100005], [121.11441029800005, 14.271256612000059], [121.11450830400008, 14.271289281000065], [121.11459814300008, 14.271328075000042], [121.11462060200006, 14.271375036000052], [121.11459405900007, 14.271515919000024], [121.11452259700002, 14.271579214000042], [121.11441642400007, 14.271599632000061], [121.11425512300002, 14.271703763000062], [121.11419101400008, 14.271740759000068], [121.11418049400004, 14.271764842000039], [121.11414690800007, 14.271814019000033], [121.11414282500004, 14.27184668800004], [121.11421020400007, 14.271893649000049], [121.11428779100004, 14.271907941000052], [121.11435517000007, 14.271958986000072], [121.11440008900001, 14.27202432300004], [121.11447563500008, 14.272083535000036], [121.11455322300003, 14.272103953000055], [121.11460631000011, 14.272208084000056], [121.11453280500007, 14.272414304000051], [121.11446542700003, 14.272475557000064], [121.11443888300005, 14.27250414200006], [121.11444092500005, 14.272563354000056], [121.11435766400007, 14.272726239000065], [121.1143208090001, 14.272782324000048], [121.1141396060001, 14.273033481000027], [121.11411249600008, 14.27308517800003], [121.11409326700004, 14.273142865000068], [121.11408365200009, 14.273200552000048], [121.11408846000006, 14.27325182900006], [121.11409382200009, 14.273310647000073], [121.114132616, 14.27337190000003], [121.11422584500008, 14.273423256000058], [121.11432250200005, 14.273478073000035], [121.1144531760001, 14.273492366000028], [121.11454709800012, 14.273514825000063], [121.11456751600008, 14.273582204000036], [121.11456139000006, 14.273739421000073], [121.11457976600002, 14.273833343000035], [121.11467368900003, 14.273925224000038], [121.11479211200003, 14.274000770000043], [121.11482478100004, 14.274090608000051], [121.1148390730001, 14.274215157000071], [121.114873783, 14.274270285000057], [121.11489792100008, 14.274318368000024], [121.11526409100009, 14.274511768000025], [121.11555934800003, 14.274609757000064], [121.11564573300006, 14.27461749300005], [121.11569108800006, 14.27460955600003], [121.11569730600002, 14.274608468000054], [121.1157527470001, 14.274569788000065], [121.1158546050001, 14.274528529000065], [121.11602092800001, 14.274415068000053], [121.11607508000009, 14.274411200000031], [121.11611034400005, 14.274442776000058], [121.11613642400005, 14.274468856000055], [121.11620631800008, 14.274515800000074], [121.11622286600004, 14.274532152000063], [121.11624049200009, 14.274567405000028], [121.11625331100004, 14.27461227200007], [121.11625811800002, 14.274719633000075], [121.11625117500012, 14.274852752000072], [121.11625093600003, 14.274871732000065], [121.11625491400002, 14.274903910000035], [121.11626203300011, 14.274963034000052], [121.11629555600007, 14.275012028000049], [121.11636646900001, 14.27508165200004], [121.11648766600001, 14.27508423100005], [121.11659081300002, 14.27505715500007], [121.11674037500006, 14.274968191000028], [121.11686673000008, 14.274906303000023], [121.11698148000005, 14.274901146000047], [121.11709880900003, 14.274870202000045], [121.11716972300007, 14.274881806000053], [121.11742501000003, 14.275139672000023], [121.11760293800012, 14.275198981000074], [121.11793171700003, 14.275268605000065], [121.11800005200007, 14.275266027000043], [121.118058216, 14.275302796000062], [121.11815016000003, 14.275474367000072], [121.11816610200003, 14.27551432000007], [121.1181813930001, 14.275548300000025], [121.1182129230001, 14.275584734000063], [121.11827070900006, 14.275528318000056], [121.11836627900004, 14.275439495000057], [121.11908904900008, 14.274767737000047], [121.11959826700001, 14.274293987000021], [121.1204084090001, 14.274521208000067], [121.12051909700006, 14.274123227000075], [121.12060833900011, 14.27364396300004], [121.12093133500002, 14.27373274000007], [121.12117354000009, 14.273799310000072], [121.12130290800008, 14.273858719000032], [121.12240779600006, 14.27428469800003], [121.1224227670001, 14.27429372100005], [121.12243437200004, 14.274304864000044], [121.12244072400006, 14.274319156000047], [121.12244178200001, 14.274337153000033], [121.12243831700005, 14.274361278000072], [121.1223642970001, 14.27456509600006], [121.12286893200007, 14.274711603000071], [121.12319992900007, 14.274310066000055], [121.12342004700008, 14.27352323200006], [121.1235642480001, 14.27332356900007], [121.1238860850001, 14.273483972000065], [121.12429343200006, 14.27364598500003], [121.12485096500006, 14.27382827300005], [121.1266590240001, 14.274399531000029], [121.12654810000004, 14.274721210000052], [121.12726748500006, 14.27504447800004], [121.12735528900009, 14.27562763900005], [121.12750954500007, 14.275615773000027], [121.12765193400003, 14.275636538000072], [121.1280016180001, 14.275707995000062], [121.12816216400006, 14.275755196000034], [121.1286226520001, 14.275839117000032], [121.13145044400005, 14.27639636500004], [121.13219240600006, 14.276538306000077], [121.13739388700003, 14.277529205000064], [121.1397850620001, 14.278004980000048], [121.139837843, 14.278015778000054], [121.1395720270001, 14.277310414000056]]]]}}, {"type": "Feature", "properties": {"psgc_code": 403404015, "name": "San Isidro", "corr_code": 43404015.0, "geo_level": "Bgy", "city_class": null, "inc_class": null, "urb_rur": null, "pop_2015": "U", "pop_2020": null, "status": null, "adm4_pcode": "PH0403404015", "adm4_en": "San Isidro", "adm3_pcode": "PH0403404", "adm2_pcode": "PH04034", "adm1_pcode": "PH04", "adm0_pcode": "PH", "shape_len": 0.141133572753, "shape_area": 0.000256347373957, "shape_sqkm": 3.06088079499}, "geometry": {"type": "MultiPolygon", "coordinates": [[[[121.15424882400009, 14.255375141000059], [121.15428309700008, 14.255100957000025], [121.15404386800003, 14.255016523000052], [121.15431124200006, 14.254101823000042], [121.15207374600004, 14.253440425000065], [121.15232704700009, 14.252061339000022], [121.15308695200008, 14.250457096000048], [121.15377472600005, 14.25075402400006], [121.15414329200007, 14.249989590000041], [121.15611515300009, 14.250673853000023], [121.1562050770001, 14.250715769000067], [121.15627200800009, 14.250752516000034], [121.15632712800004, 14.250793199000043], [121.156387332, 14.250885268000047], [121.15643736700008, 14.250841757000046], [121.15646623900011, 14.250797137000063], [121.15649248700004, 14.250738080000076], [121.1570028320001, 14.249531021000053], [121.15652513300006, 14.249371788000076], [121.15621661900002, 14.249028442000053], [121.15620169100009, 14.248938873000043], [121.15610217100004, 14.248829401000023], [121.15711728100007, 14.248023284000055], [121.15728646600007, 14.24748089700006], [121.15693316800002, 14.24732664000004], [121.15704761600011, 14.246928558000036], [121.15734793900003, 14.246627353000065], [121.15726426100002, 14.246386780000023], [121.15665759800004, 14.24612528700004], [121.1563751860001, 14.245717358000036], [121.15615553200007, 14.245623221000073], [121.15583128100002, 14.246595974000059], [121.15539788400008, 14.24644569700007], [121.15520162200005, 14.246388041000046], [121.1550240790001, 14.246328322000068], [121.1546447830001, 14.24621211300007], [121.15428485600012, 14.246092675000057], [121.15366612200012, 14.245926552000071], [121.15379895900003, 14.24556320000005], [121.15393449500004, 14.245215038000026], [121.15396721800005, 14.245140520000064], [121.15402175200006, 14.245016558000032], [121.15370796000002, 14.244922420000023], [121.15363232600009, 14.244892167000046], [121.15339416900008, 14.244796904000054], [121.15331049200006, 14.244870122000066], [121.15317410400007, 14.244834543000024], [121.15306991800003, 14.244807364000053], [121.15295939500004, 14.244858352000051], [121.151969602, 14.244383251000045], [121.15203294900004, 14.243884395000066], [121.1511047780001, 14.243547109000076], [121.1507616240001, 14.24342471400007], [121.14932154300004, 14.242911011000047], [121.14953398400007, 14.24244060600006], [121.14935005500001, 14.242385617000025], [121.14806207200002, 14.242000550000057], [121.14768271300011, 14.242865488000064], [121.14546725700006, 14.24221299100003], [121.1461197540001, 14.240376894000065], [121.14582621500006, 14.240282234000063], [121.1446716150001, 14.239909900000043], [121.14444079300006, 14.239835465000056], [121.14452194900002, 14.239537894000023], [121.1441996210001, 14.239447287000075], [121.14389524600006, 14.239366565000068], [121.14381859900004, 14.239614541000037], [121.14302247400008, 14.239370724000025], [121.14279791400008, 14.23926436000005], [121.14167497100004, 14.23874207700004], [121.13917066300007, 14.23787741800004], [121.13910954700009, 14.237852682000039], [121.13895446700008, 14.237810445000036], [121.13817170800007, 14.237597255000026], [121.13736348900011, 14.237326577000033], [121.13616259700007, 14.236937717000046], [121.1361549720001, 14.237010152000039], [121.13592785700007, 14.23697356300005], [121.13432712000008, 14.236420604000045], [121.13422168700004, 14.236801785000068], [121.13461503300005, 14.236996430000033], [121.13595727600011, 14.237474934000033], [121.13580723600012, 14.237929106000024], [121.13532467800007, 14.237783122000053], [121.13352411800008, 14.237196568000059], [121.13299966800002, 14.236944164000022], [121.13309703300001, 14.236663521000025], [121.13102089200004, 14.236032131000059], [121.13121549300001, 14.235430636000046], [121.13139240300006, 14.234678768000038], [121.13317919600001, 14.235112198000024], [121.13329418800004, 14.234882215000027], [121.13378953600011, 14.235059125000078], [121.13394875600011, 14.234740686000066], [121.13406374700003, 14.234740686000066], [121.13417873900005, 14.234439939000026], [121.13442923600007, 14.234489981000024], [121.13454668000008, 14.234147171000075], [121.13365660900001, 14.23396712300007], [121.13314552800011, 14.23386897000006], [121.13202094300004, 14.233659561000024], [121.1313638800001, 14.23353374100003], [121.130711388, 14.233448130000056], [121.13049508100005, 14.233404068000027], [121.13029479700003, 14.233384039000043], [121.13021468400007, 14.233311937000053], [121.13008086200011, 14.233254403000046], [121.13008465500002, 14.233387156000049], [121.1301453420001, 14.233398535000049], [121.13016809900012, 14.233470600000032], [121.13025533600012, 14.233508529000062], [121.13025533600012, 14.233599559000027], [121.13021361400001, 14.233690590000037], [121.1301643060001, 14.233792999000059], [121.13015672000006, 14.233876443000042], [121.13011120500005, 14.233997816000056], [121.13006948300006, 14.234111604000077], [121.13006948300006, 14.234244356000033], [121.13006948300006, 14.234377109000036], [121.13000121100004, 14.234449174000076], [121.12976984200009, 14.23455537600006], [121.12967501900005, 14.234581926000033], [121.1294664080001, 14.234669164000024], [121.12935262100007, 14.23455158300004], [121.12921607600003, 14.23455537600006], [121.12909849500011, 14.234616063000033], [121.1289657430001, 14.23461227000007], [121.12877230400011, 14.23460089100007], [121.12860920800006, 14.234562962000041], [121.12840059700011, 14.23453261800006], [121.12818819300003, 14.23452882600003], [121.12804406200007, 14.234536411000022], [121.12793027500004, 14.234536411000022], [121.1278089010001, 14.234559169000022], [121.12771028500003, 14.234562962000041], [121.12766477000002, 14.234502275000068], [121.12766097700012, 14.234430210000028], [121.12760408300005, 14.234411245000047], [121.12752063900007, 14.234415038000066], [121.12742960900005, 14.234449174000076], [121.12733857900002, 14.234490896000068], [121.12717169000007, 14.23454020400004], [121.12711479600011, 14.23452882600003], [121.12701997300007, 14.234479518000057], [121.12681136200001, 14.234411245000047], [121.12659137300011, 14.234384694000028], [121.12625001000004, 14.234335386000055], [121.12587830300004, 14.234293664000063], [121.12568486400005, 14.234301250000044], [121.12548004700011, 14.234308836000025], [121.12522212800002, 14.234263321000071], [121.1250400670001, 14.234202634000042], [121.12482007800008, 14.23411539700004], [121.1245621590001, 14.234009195000056], [121.12432699800002, 14.233956094000064], [121.12423976100001, 14.233921958000053], [121.1241676950001, 14.233933337000053], [121.12389460500003, 14.233975059000045], [121.12372771600008, 14.233997816000056], [121.12343566100003, 14.233925751000072], [121.1233408380001, 14.233952301000045], [121.12316616400005, 14.233999940000047], [121.12309050500005, 14.234020574000056], [121.12283258600007, 14.234050917000047], [121.12260121800011, 14.234088847000066], [121.12223709800003, 14.234092639000039], [121.12206641600005, 14.234107811000058], [121.12194883500001, 14.234062296000047], [121.12180849700007, 14.234088847000066], [121.12168712400012, 14.234088847000066], [121.12137231100007, 14.23416091200005], [121.12101956900005, 14.234240563000071], [121.12068579200002, 14.234308836000025], [121.12047338800005, 14.234377109000036], [121.12018891900004, 14.234468139000057], [121.11998410100011, 14.234490896000068], [121.11965032400008, 14.234619856000052], [121.11948722800003, 14.234699507000073], [121.1193051680001, 14.234748815000046], [121.11903587100005, 14.234790537000038], [121.11881967400006, 14.234873982000067], [121.11872864400004, 14.234999148000043], [121.11859589200003, 14.235109143000045], [121.11853141200004, 14.235211552000067], [121.11846693200005, 14.235401198000034], [121.11840245300004, 14.235776697000063], [121.11836073000006, 14.23596634300003], [121.11841762400002, 14.236129439000024], [121.1184555530001, 14.236345636000067], [121.11846313900003, 14.236482181000042], [121.11846313900003, 14.236626312000055], [121.11838728100008, 14.236815958000022], [121.1182583210001, 14.237013190000027], [121.11813315500001, 14.23711180600003], [121.11800798900003, 14.23714594200004], [121.11835840900005, 14.237381382000024], [121.11894290100008, 14.23757951500005], [121.1195472060001, 14.237589421000052], [121.12022085700005, 14.237638954000033], [121.12133040000003, 14.237827180000068], [121.12142946600011, 14.23814419300004], [121.12142123300009, 14.23818409300003], [121.12126236900008, 14.238953967000043], [121.12155197000004, 14.239028093000059], [121.12336040900004, 14.239478373000054], [121.12348487600002, 14.239112292000073], [121.12363496900002, 14.238581475000046], [121.12453865000009, 14.238840390000064], [121.12449131100004, 14.239020999000047], [121.124413376, 14.239122314000042], [121.1242302280001, 14.239776970000037], [121.12415619, 14.239967911000065], [121.124015, 14.240306471000054], [121.12575295500005, 14.240718678000064], [121.12776918100008, 14.24146773900003], [121.12820215600004, 14.240277862000028], [121.128483533, 14.239504597000064], [121.12852632700003, 14.239403537000044], [121.12904735200004, 14.23817312600005], [121.13003033600012, 14.238473404000047], [121.13240825700007, 14.239199800000051], [121.13268913900004, 14.239330556000027], [121.13276662400006, 14.239151372000038], [121.13289254500012, 14.238828512000055], [121.13336713900003, 14.238961318000065], [121.13313164600004, 14.239592440000024], [121.13364031100002, 14.240101105000065], [121.13389464400007, 14.239554761000022], [121.1344096360001, 14.239756855000053], [121.13522632800004, 14.24009135800003], [121.13480477000007, 14.24114525300007], [121.13490387200011, 14.241215178000061], [121.13595947100009, 14.241942547000065], [121.13599130900002, 14.241962281000042], [121.13613109300002, 14.242046763000076], [121.13706835200003, 14.24262986900004], [121.13796199900003, 14.243007187000046], [121.13830553200012, 14.243152234000036], [121.13874696900007, 14.243329494000022], [121.13946023300002, 14.243628778000073], [121.14011089900009, 14.243793735000054], [121.14081713600001, 14.243892084000038], [121.1399586340001, 14.246019948000026], [121.13966856900004, 14.246738896000068], [121.13976380200006, 14.246741961000055], [121.139982787, 14.246764980000023], [121.13990228900002, 14.246962396000072], [121.14011112300011, 14.247123846000022], [121.14049850700007, 14.247470829000065], [121.14063104000002, 14.247616755000024], [121.1406767520001, 14.247653826000032], [121.14074448200006, 14.247673476000045], [121.14143386300009, 14.247758558000044], [121.14240030500002, 14.247915632000058], [121.14246138900012, 14.24793526600007], [121.14298170000006, 14.248207364000052], [121.14346946300009, 14.24845220800006], [121.1439472300001, 14.248717947000046], [121.14403033300005, 14.248500601000046], [121.14444584700004, 14.248660414000028], [121.14432438900008, 14.248935293000045], [121.1441837530001, 14.248903330000076], [121.14412622100008, 14.249139854000077], [121.14392165900006, 14.249088714000038], [121.14359564000006, 14.250226585000064], [121.14434356700008, 14.250411968000037], [121.14431160400011, 14.250635707000072], [121.14427661700006, 14.250810643000023], [121.14426685600006, 14.25085944600005], [121.14427964100003, 14.251032044000056], [121.14437552900006, 14.251236605000031], [121.14444820900007, 14.251572973000066], [121.14534849100005, 14.251869407000072], [121.14537633000009, 14.252240753000024], [121.1454889580001, 14.252280718000065], [121.14550712400012, 14.252429677000066], [121.14560158600011, 14.252480541000068], [121.14565971700006, 14.252789360000065], [121.1464953420001, 14.253152675000024], [121.14747266100005, 14.25344332800006], [121.14739831300005, 14.253665949000037], [121.14754532400002, 14.253712181000026], [121.14849357800006, 14.25403189900004], [121.14855897500001, 14.253853874000072], [121.14985032200002, 14.254298835000043], [121.15003326200008, 14.25442548600006], [121.15013176800005, 14.254889872000035], [121.15049764800006, 14.254777294000064], [121.1507228050001, 14.254678787000046], [121.15121533500007, 14.254678787000046], [121.15424088100008, 14.255438692000041], [121.15424882400009, 14.255375141000059]]]]}}, {"type": "Feature", "properties": {"psgc_code": 403403004, "name": "Canlalay", "corr_code": 43403004.0, "geo_level": "Bgy", "city_class": null, "inc_class": null, "urb_rur": null, "pop_2015": "U", "pop_2020": null, "status": null, "adm4_pcode": "PH0403403004", "adm4_en": "Canlalay", "adm3_pcode": "PH0403403", "adm2_pcode": "PH04034", "adm1_pcode": "PH04", "adm0_pcode": "PH", "shape_len": 0.0845201378192, "shape_area": 0.000189280514388, "shape_sqkm": 2.25911350068}, "geometry": {"type": "MultiPolygon", "coordinates": [[[[121.07258102600008, 14.318895480000037], [121.07255397400002, 14.31888910500004], [121.07253007600002, 14.318891050000047], [121.072507846, 14.318897719000063], [121.07248922800011, 14.318909946000076], [121.07247013800009, 14.318926864000048], [121.07184665500006, 14.319931131000033], [121.07160421200001, 14.320342437000022], [121.07159337100006, 14.320390445000044], [121.07139538700005, 14.32077582200003], [121.07215779700005, 14.321399378000024], [121.0725738860001, 14.321992094000052], [121.07276074800006, 14.320363132000068], [121.07329909900011, 14.319782361000023], [121.07296723400009, 14.319162966000022], [121.07293651600003, 14.319116888000053], [121.072896581, 14.319073882000055], [121.07258102600008, 14.318895480000037]]], [[[121.075446843, 14.351148372000068], [121.07559390400002, 14.350858520000031], [121.07601452500012, 14.350965049000024], [121.07596291800007, 14.350598403000049], [121.07663381500004, 14.350760894000075], [121.07695206100004, 14.350615069000071], [121.07701657100006, 14.350892137000073], [121.07744991000004, 14.350664106000067], [121.07761435700002, 14.35057757100003], [121.0775337980001, 14.350415386000066], [121.0774659330001, 14.350278756000023], [121.07740934200001, 14.350164824000046], [121.07730394500004, 14.349978470000053], [121.0773115820001, 14.34991278800004], [121.07736504400009, 14.349868491000052], [121.0774267170001, 14.34984290500006], [121.078911575, 14.349305168000058], [121.07931527000005, 14.349158971000065], [121.07930610500011, 14.349053574000038], [121.07939088100011, 14.349019205000047], [121.07929694000006, 14.347933158000046], [121.07924877000005, 14.347452217000068], [121.07920185400008, 14.346983440000031], [121.07971513600012, 14.346609691000026], [121.07990054900006, 14.346498212000029], [121.07946002900007, 14.34637417700003], [121.07901666200007, 14.346311584000034], [121.07902054200008, 14.345699721000074], [121.07991184700006, 14.345803706000027], [121.08003574700001, 14.345107305000056], [121.08005544600007, 14.344996581000032], [121.08015365400001, 14.344308295000076], [121.08021562400006, 14.34333211300003], [121.08026419900011, 14.342547978000027], [121.08030325300001, 14.342304975000047], [121.08036095500006, 14.341945943000042], [121.08148701700009, 14.341998999000054], [121.0815158800001, 14.341590198000063], [121.0815459050001, 14.341084744000057], [121.0815706630001, 14.33926252200007], [121.08162943000002, 14.338915979000035], [121.08166969700005, 14.338485106000064], [121.08172416600007, 14.338049357000045], [121.07996136400004, 14.337811676000058], [121.08006039800011, 14.33664802800007], [121.08008515600011, 14.33589537100005], [121.08004801800007, 14.335084944000073], [121.07987564200005, 14.335148206000042], [121.07960080400005, 14.334745844000054], [121.07870070900003, 14.33527342800005], [121.0783809190001, 14.335458414000072], [121.07791218400007, 14.335749478000025], [121.07698028000004, 14.33538593700007], [121.076842811, 14.335192190000043], [121.07677199800003, 14.335090871000034], [121.07737948700003, 14.334535452000068], [121.07738363100009, 14.33425519800005], [121.07517157000007, 14.334093881000058], [121.07264388500005, 14.333786106000048], [121.07105917100012, 14.333661686000028], [121.07067281600007, 14.33625485400006], [121.06965126400007, 14.335586917000057], [121.06940242500002, 14.335541078000062], [121.06873366900004, 14.335314749000077], [121.06854895900005, 14.33605529700003], [121.06829492600002, 14.337063173000047], [121.06880840800011, 14.337107938000031], [121.06927063800003, 14.337213786000063], [121.07034457700001, 14.337357851000036], [121.07005434100006, 14.338373427000022], [121.06972983100002, 14.338241423000056], [121.06948018700007, 14.33932892100006], [121.06904144400005, 14.339813503000073], [121.06845863600006, 14.339872439000033], [121.06782425600011, 14.339352918000031], [121.06784619700011, 14.339390218000062], [121.0678876400001, 14.339760235000028], [121.06797959100004, 14.340271074000043], [121.06806131500002, 14.340828315000067], [121.06810235300009, 14.341005659000075], [121.0679914640001, 14.341036492000057], [121.06736787400007, 14.34091982700005], [121.06709263400012, 14.340857328000027], [121.06692060900002, 14.340761496000027], [121.0665507550001, 14.340544832000035], [121.06615939900007, 14.340344834000064], [121.06566912800008, 14.340124003000028], [121.06539979000001, 14.340070897000032], [121.06539922600007, 14.340089266000064], [121.06539841500012, 14.340115662000073], [121.06539649700005, 14.34017813500003], [121.06544680500008, 14.340270713000052], [121.066444423, 14.341250313000046], [121.0662674140001, 14.341473345000054], [121.06574877800006, 14.34205924400004], [121.06570629500004, 14.342089336000072], [121.0656202460001, 14.342104521000067], [121.06553572300004, 14.342132682000056], [121.06543648700006, 14.342234124000072], [121.06528049300005, 14.342381945000056], [121.06423689500002, 14.343586009000035], [121.06506288800006, 14.343725279000068], [121.06581361200006, 14.343784547000041], [121.06596178100006, 14.343666011000039], [121.06610995000005, 14.34376479100007], [121.0660605600001, 14.343942594000055], [121.06580133600005, 14.344542253000043], [121.06588197000008, 14.344880916000022], [121.06588313500004, 14.344881564000048], [121.06690721200005, 14.345451123000032], [121.06704892500011, 14.345629346000067], [121.06735697600004, 14.345794641000055], [121.06758989200011, 14.345869776000029], [121.06781529500006, 14.345997504000024], [121.06816842600006, 14.346192853000048], [121.06843139600005, 14.346403229000032], [121.06866431200001, 14.346545984000045], [121.068934796, 14.346651172000065], [121.06913014500003, 14.34680895400004], [121.06925787300008, 14.34698176300003], [121.06929544000002, 14.347147059000065], [121.06923533300005, 14.347304841000039], [121.06916019900007, 14.347402515000056], [121.0691827390001, 14.347507703000076], [121.06949005600006, 14.347540930000036], [121.0695660230001, 14.347630326000058], [121.06970187800005, 14.347664493000025], [121.06986074400004, 14.347783642000024], [121.07001078400003, 14.347946921000073], [121.07026673400003, 14.348315402000026], [121.07034768100004, 14.348430148000034], [121.07054000800008, 14.348580704000028], [121.07203186800007, 14.349748547000047], [121.0720656310001, 14.349789344000044], [121.07251587200005, 14.350333385000056], [121.07458671800009, 14.34908181700007], [121.07479881100005, 14.350481917000025], [121.07495657200002, 14.351523349000047], [121.07523181200008, 14.351465020000035], [121.075446843, 14.351148372000068]]]]}}, {"type": "Feature", "properties": {"psgc_code": 403403008, "name": "San Francisco", "corr_code": 43403008.0, "geo_level": "Bgy", "city_class": "Halang", "inc_class": null, "urb_rur": null, "pop_2015": "U", "pop_2020": null, "status": null, "adm4_pcode": "PH0403403008", "adm4_en": "San Francisco (Halang)", "adm3_pcode": "PH0403403", "adm2_pcode": "PH04034", "adm1_pcode": "PH04", "adm0_pcode": "PH", "shape_len": 0.105521398851, "shape_area": 0.000263948982662, "shape_sqkm": 3.15041773469}, "geometry": {"type": "MultiPolygon", "coordinates": [[[[121.06528049300005, 14.342381945000056], [121.06543648700006, 14.342234124000072], [121.06553572300004, 14.342132682000056], [121.0656202460001, 14.342104521000067], [121.06570629500004, 14.342089336000072], [121.06574877800006, 14.34205924400004], [121.0662674140001, 14.341473345000054], [121.066444423, 14.341250313000046], [121.06544680500008, 14.340270713000052], [121.06539649700005, 14.34017813500003], [121.06539841500012, 14.340115662000073], [121.06539922600007, 14.340089266000064], [121.06539979000001, 14.340070897000032], [121.06566912800008, 14.340124003000028], [121.06615939900007, 14.340344834000064], [121.0665507550001, 14.340544832000035], [121.06692060900002, 14.340761496000027], [121.06709263400012, 14.340857328000027], [121.06736787400007, 14.34091982700005], [121.0679914640001, 14.341036492000057], [121.06810235300009, 14.341005659000075], [121.06806131500002, 14.340828315000067], [121.06797959100004, 14.340271074000043], [121.0678876400001, 14.339760235000028], [121.06784619700011, 14.339390218000062], [121.06782425600011, 14.339352918000031], [121.06845863600006, 14.339872439000033], [121.06904144400005, 14.339813503000073], [121.06948018700007, 14.33932892100006], [121.06972983100002, 14.338241423000056], [121.07005434100006, 14.338373427000022], [121.07034457700001, 14.337357851000036], [121.06927063800003, 14.337213786000063], [121.06880840800011, 14.337107938000031], [121.06829492600002, 14.337063173000047], [121.06854895900005, 14.33605529700003], [121.06873366900004, 14.335314749000077], [121.06940242500002, 14.335541078000062], [121.0686559070001, 14.334905883000033], [121.06747719400005, 14.333714074000056], [121.06791318100011, 14.332057331000044], [121.06768131700005, 14.33202343000005], [121.06689804400003, 14.33195697900004], [121.06680755800005, 14.331942840000067], [121.06664834900005, 14.331915405000075], [121.066493723, 14.332424762000073], [121.06637345800004, 14.332887629000027], [121.06635324600006, 14.332919969000045], [121.06619185500006, 14.333315742000025], [121.06442042800006, 14.33270906100006], [121.06385069100008, 14.332556026000077], [121.06379174800009, 14.332311187000073], [121.06274438000003, 14.33194846200007], [121.0620325320001, 14.331436113000052], [121.06198719200006, 14.330923764000033], [121.06132068500006, 14.330910162000066], [121.06120733300008, 14.330873889000031], [121.06120279900006, 14.33078320800007], [121.06110305000004, 14.330765072000077], [121.06105770900001, 14.330706129000077], [121.06112118600004, 14.32953634100005], [121.05919874400001, 14.32899678800004], [121.05869447700002, 14.329034267000054], [121.05785666100007, 14.329096537000055], [121.05645563600001, 14.328339349000032], [121.0549364420001, 14.331093791000058], [121.05516796200004, 14.33001695200005], [121.054927657, 14.329980679000073], [121.05500927000003, 14.328747414000077], [121.05532665500004, 14.328720210000029], [121.05429631000004, 14.325453757000048], [121.05414689500003, 14.325556134000067], [121.05400301300006, 14.325647444000026], [121.05391447000011, 14.325700016000042], [121.05382039400001, 14.325766423000061], [121.05367927900011, 14.325830063000069], [121.05357690200003, 14.325854965000076], [121.05348559200002, 14.325868800000023], [121.05332234200011, 14.325899237000044], [121.05325040100001, 14.325929673000076], [121.05315355800008, 14.325946275000035], [121.05308991800007, 14.325946275000035], [121.05297647300006, 14.32595180900006], [121.05279270300002, 14.325926602000038], [121.05261215000007, 14.325899519000075], [121.05248576200006, 14.326143266000031], [121.05239548600002, 14.326441179000028], [121.05207951700004, 14.326567566000051], [121.05148369100004, 14.326766175000046], [121.05079758800002, 14.326919646000022], [121.05016565100004, 14.327046033000045], [121.04973232300006, 14.327181448000033], [121.04941635400007, 14.327334919000066], [121.04910038600008, 14.327334919000066], [121.04870316800009, 14.327280753000025], [121.04851358700012, 14.327452278000067], [121.04839622700001, 14.327614776000075], [121.04815248000011, 14.327641859000039], [121.047917761, 14.327659915000027], [121.0476288750001, 14.327804357000048], [121.04750248800008, 14.327957828000024], [121.04739415600011, 14.328084215000047], [121.0471504090001, 14.328120326000032], [121.04678027400007, 14.327975883000022], [121.04645527800005, 14.327858524000021], [121.04623861400012, 14.32778630200005], [121.04612125400001, 14.327894634000074], [121.04597681100006, 14.327912690000062], [121.04590459000008, 14.327705053000045], [121.04584139600001, 14.327551583000059], [121.04576014700001, 14.327407140000048], [121.04553445500005, 14.327343946000042], [121.04537195700004, 14.327226587000041], [121.04523654200011, 14.327073116000065], [121.04511015500009, 14.326928673000054], [121.0449927950001, 14.326829369000052], [121.04475807600011, 14.32682034100003], [121.04456849500002, 14.326946729000042], [121.04438794100008, 14.326955756000075], [121.04429766400006, 14.326712009000062], [121.04420738800002, 14.326558539000075], [121.04399975100011, 14.326567566000051], [121.04386433600007, 14.326576594000073], [121.04380114300011, 14.326396041000066], [121.04372892100002, 14.326170349000051], [121.04356642300002, 14.325989796000044], [121.04322337200006, 14.325890491000052], [121.04279004300008, 14.325809242000048], [121.04245602000003, 14.325854380000067], [121.04220324500011, 14.326062017000027], [121.04195047000007, 14.326269653000054], [121.04169769500004, 14.32630576400004], [121.04154422500005, 14.32616132100003], [121.04153519700003, 14.325917574000073], [121.04158936300007, 14.325691882000058], [121.04147200300008, 14.325592578000055], [121.04128242200011, 14.325700910000023], [121.04116506300011, 14.325845353000034], [121.04101159200002, 14.325737021000066], [121.04088520500011, 14.325601606000077], [121.0408039560001, 14.325412025000048], [121.04067756800009, 14.32522244300003], [121.04051507000008, 14.325105084000029], [121.04040673800012, 14.324897447000069], [121.04029840600003, 14.324798143000066], [121.0400817420001, 14.324771060000046], [121.03977480100002, 14.32473494900006], [121.03949494300002, 14.324581479000074], [121.03942272200004, 14.324247455000034], [121.03951299900007, 14.323976625000057], [121.03951299900007, 14.323723850000022], [121.03935952800009, 14.323633573000052], [121.03917911700012, 14.32357595700006], [121.0391334840001, 14.323771524000051], [121.03892395200012, 14.324455486000033], [121.0387721620001, 14.324763627000038], [121.03891483900009, 14.324941973000023], [121.03901142100005, 14.325130745000024], [121.03904654100006, 14.325367809000056], [121.039064101, 14.325999978000027], [121.03908605200002, 14.326886770000044], [121.03910800200003, 14.327804293000042], [121.03901154100004, 14.32869727700006], [121.03904563300011, 14.329685942000026], [121.0392331380001, 14.330810976000066], [121.03959110300002, 14.331612136000047], [121.03989793100004, 14.331816687000071], [121.0409211860001, 14.332316250000076], [121.0427689390001, 14.332940606000022], [121.04336559100011, 14.333202581000023], [121.045265459, 14.33388242500007], [121.0460972300001, 14.334193060000075], [121.04647459500006, 14.334319294000068], [121.04818147700007, 14.334924028000046], [121.0483544330001, 14.334959885000046], [121.04976238200004, 14.335236329000054], [121.04978170400011, 14.335240123000062], [121.05000889700011, 14.335289512000031], [121.04991011700008, 14.335961213000076], [121.05207338800005, 14.33688974000006], [121.05231602000003, 14.336981681000054], [121.0524413600001, 14.337044351000031], [121.05453299600003, 14.33797631400006], [121.0550520590001, 14.338114731000076], [121.05527384200002, 14.338173873000073], [121.05612334600005, 14.338351676000059], [121.0569174420001, 14.338809966000042], [121.05728253000007, 14.338971213000036], [121.05762936300005, 14.33913246000003], [121.05794577300003, 14.339272410000035], [121.057974897, 14.339345140000034], [121.05836565700008, 14.339592621000065], [121.05874990500001, 14.339801027000021], [121.05918555500011, 14.340003859000035], [121.05961701800004, 14.340224852000063], [121.05991693800001, 14.340372181000077], [121.06104821500003, 14.341324558000053], [121.06136918200002, 14.341566599000032], [121.06165331600005, 14.341824425000027], [121.06180064500006, 14.341877042000021], [121.06190194500005, 14.341720056000042], [121.06193157900009, 14.341571887000043], [121.06224767300012, 14.341571887000043], [121.06235390400002, 14.341888106000056], [121.06352244700008, 14.341911475000074], [121.06404579500008, 14.341958607000038], [121.06420350600001, 14.341947249000043], [121.06427265200011, 14.342618949000041], [121.06405533700001, 14.34301406700007], [121.06405533700001, 14.34355735400004], [121.06423689500002, 14.343586009000035], [121.06528049300005, 14.342381945000056]]]]}}, {"type": "Feature", "properties": {"psgc_code": 403403009, "name": "Langkiwa", "corr_code": 43403009.00000001, "geo_level": "Bgy", "city_class": null, "inc_class": null, "urb_rur": null, "pop_2015": "U", "pop_2020": null, "status": null, "adm4_pcode": "PH0403403009", "adm4_en": "Langkiwa", "adm3_pcode": "PH0403403", "adm2_pcode": "PH04034", "adm1_pcode": "PH04", "adm0_pcode": "PH", "shape_len": 0.080057656682, "shape_area": 0.000146330448576, "shape_sqkm": 1.74684026029}, "geometry": {"type": "MultiPolygon", "coordinates": [[[[121.06216733400004, 14.306275565000021], [121.06216804400003, 14.305984022000075], [121.06224946100008, 14.305915460000051], [121.06295367900009, 14.30542037400005], [121.06393757, 14.304645049000044], [121.06326652900009, 14.303724635000037], [121.06274964600004, 14.302976514000022], [121.06426402300008, 14.301956350000069], [121.06445445300005, 14.301770454000064], [121.06455420300006, 14.301874737000048], [121.06484438300004, 14.301684307000073], [121.06475370200008, 14.301543751000054], [121.06445445300005, 14.301017800000068], [121.06372446900002, 14.300115521000066], [121.0644635220001, 14.299308458000041], [121.06471289500007, 14.299059085000067], [121.06556319900005, 14.299937073000024], [121.06568771800005, 14.300065647000054], [121.0659325580001, 14.300296884000034], [121.06628621400012, 14.300514519000046], [121.06729277600004, 14.299780001000045], [121.06798648800009, 14.299267652000026], [121.06803182800002, 14.299131630000034], [121.06825853100008, 14.298873188000073], [121.06808442700003, 14.298930321000057], [121.06800785100006, 14.298861806000048], [121.06793127600008, 14.298769110000023], [121.0678547010001, 14.29875097300004], [121.06769953500009, 14.298638126000071], [121.0675411740001, 14.298824825000054], [121.06750809700009, 14.298863821000054], [121.0673871890001, 14.298807397000076], [121.06728643200006, 14.298759034000057], [121.06719978100011, 14.298672383000053], [121.06712522100008, 14.298555505000024], [121.06701438800008, 14.298482960000058], [121.06691992800006, 14.298328802000071], [121.06688541900007, 14.29820084000005], [121.06692899600012, 14.298097565000035], [121.06698013100004, 14.298003357000027], [121.06700683100007, 14.297799828000052], [121.06699776300002, 14.297600329000034], [121.06687383200006, 14.297452216000067], [121.06672571900003, 14.297325263000062], [121.06660481100005, 14.297225513000058], [121.06646576600008, 14.29696253800006], [121.06634183500012, 14.296889993000036], [121.06623604100002, 14.296756994000077], [121.06612722300008, 14.29665422200003], [121.06606072400007, 14.29643960900006], [121.065951906, 14.296330792000049], [121.06576449800002, 14.296252201000073], [121.06583402100011, 14.296113157000036], [121.06575845300006, 14.296031544000073], [121.0656677720001, 14.296007362000068], [121.06559522700002, 14.296070839000038], [121.06554081800004, 14.296107111000026], [121.06545013700008, 14.296107111000026], [121.06538363700008, 14.296043635000046], [121.06540781900003, 14.295949931000052], [121.06543105300011, 14.295890302000032], [121.06545315900007, 14.29583506800003], [121.06555895400004, 14.295756477000054], [121.06567986200002, 14.295762523000064], [121.06565568100007, 14.29566881900007], [121.0656163860001, 14.295578137000064], [121.06558918100006, 14.295496524000043], [121.06560634800007, 14.295371454000076], [121.06561034000003, 14.295342366000057], [121.06554081800004, 14.295312139000032], [121.06548640900007, 14.295197276000067], [121.06545618200005, 14.295034050000027], [121.065513613, 14.294988709000052], [121.06568590800009, 14.294991732000028], [121.06575543000008, 14.294922210000038], [121.06571613500012, 14.294771074000039], [121.06583099800002, 14.294695507000029], [121.0658884290001, 14.294743870000048], [121.06596702000002, 14.294843619000062], [121.06602747400007, 14.294855710000036], [121.06614233700009, 14.294789211000023], [121.0662420860001, 14.294647143000077], [121.0662420860001, 14.294517167000038], [121.06619976800005, 14.294369054000072], [121.06617256400011, 14.294233032000022], [121.06614838200005, 14.29408189700007], [121.06611211000006, 14.293936807000023], [121.0661242000001, 14.293858217000036], [121.06569052000009, 14.293856094000034], [121.06483172500009, 14.293849155000032], [121.06413081000005, 14.29384221500004], [121.06338131600012, 14.293824865000033], [121.06329482300009, 14.292819896000026], [121.06258352200007, 14.292880549000074], [121.0626199730001, 14.291570444000058], [121.06262512700005, 14.290713745000062], [121.06261678900012, 14.290191736000054], [121.06260518900001, 14.289986254000041], [121.0625862500001, 14.289937014000031], [121.06254837300003, 14.289883986000063], [121.06225009200011, 14.289625160000071], [121.06210807600007, 14.289745432000075], [121.06208102200003, 14.289760440000066], [121.0620268020001, 14.289774343000033], [121.06195311700003, 14.289779904000056], [121.06186952700011, 14.289769824000075], [121.06040713000004, 14.289453189000028], [121.05963552700007, 14.28930303900006], [121.05951051500006, 14.289405768000051], [121.05936111900007, 14.289332525000077], [121.05928985800006, 14.289339268000049], [121.05915383600006, 14.289623403000064], [121.05889992800007, 14.289562949000072], [121.05805961600004, 14.289396700000054], [121.05795079800009, 14.289381586000047], [121.0579326620001, 14.289493426000035], [121.05785407100007, 14.289466222000044], [121.05714675800004, 14.289185110000062], [121.05692403400008, 14.290211652000039], [121.05666206, 14.290162485000053], [121.0553439570001, 14.289922472000057], [121.05529022200005, 14.289908903000025], [121.0551699020001, 14.289864421000061], [121.05509214000006, 14.289847714000075], [121.0548908070001, 14.28982439300006], [121.05475597500003, 14.292247006000025], [121.05418952800005, 14.291835045000028], [121.05368487500004, 14.291412784000045], [121.05348919300002, 14.290990523000062], [121.05190314100003, 14.290980224000066], [121.05171775800011, 14.291299495000032], [121.0504310560001, 14.290929213000027], [121.05031317100008, 14.290738782000062], [121.05024969400006, 14.29060276000007], [121.04956051600004, 14.290321648000031], [121.04930207500001, 14.290090411000051], [121.04858698400005, 14.289845783000032], [121.0484659980001, 14.289973491000069], [121.04835173300012, 14.290161692000027], [121.04829796100012, 14.290289399000073], [121.04830468300008, 14.290443993000054], [121.04839878300004, 14.290544814000043], [121.04856682000002, 14.290632193000022], [121.04871469200009, 14.290780065000035], [121.0487953490001, 14.290988431000073], [121.0488760070001, 14.291230403000043], [121.04890289200011, 14.291405161000057], [121.0488760070001, 14.291613526000049], [121.04886256400005, 14.291855498000075], [121.0488222350001, 14.292010092000055], [121.04872141300007, 14.292218457000047], [121.04863403400009, 14.292446986000073], [121.04853321200005, 14.292668794000065], [121.04853321200005, 14.292897324000023], [121.0487415770001, 14.293031753000037], [121.04891633500006, 14.293219954000051], [121.04909109300002, 14.293340940000064], [121.04923224400011, 14.293522419000055], [121.04935323000007, 14.293730784000047], [121.04949438000006, 14.293918985000062], [121.04961536700011, 14.294087021000053], [121.0497565170001, 14.294275222000067], [121.04991111100003, 14.294503752000026], [121.05007242600004, 14.294685231000074], [121.05020013300009, 14.294960811000067], [121.0503614480001, 14.295135568000035], [121.05060342100012, 14.295263276000071], [121.05083195000009, 14.29535065500005], [121.05100670800005, 14.29539098400005], [121.05131589500002, 14.295330491000072], [121.05161163900004, 14.295243112000037], [121.05193537100001, 14.295122388000038], [121.05219246700005, 14.295061175000058], [121.0523026510001, 14.295030568000072], [121.05251077600008, 14.295006083000033], [121.05282908400011, 14.294926506000024], [121.05306781600007, 14.294914263000067], [121.05325145600011, 14.29488365700007], [121.05347182300011, 14.294865293000043], [121.05360649300007, 14.294853050000029], [121.05385746700006, 14.294828565000046], [121.05402274200003, 14.294816322000031], [121.05418189700003, 14.294810201000075], [121.05437165800004, 14.294810201000075], [121.05449408400011, 14.294840807000071], [121.05462875300009, 14.294871414000056], [121.05481239300002, 14.294926506000024], [121.05489809200003, 14.294975476000047], [121.05492257700007, 14.29512851000004], [121.05491033400006, 14.295257057000072], [121.054843, 14.295428454000046], [121.05482463600003, 14.295557002000066], [121.05480015100011, 14.295661065000047], [121.05476342300005, 14.295807976000049], [121.05476342300005, 14.29595488800004], [121.05476954400001, 14.296058951000077], [121.05481851400009, 14.296169134000024], [121.05486136400009, 14.296279318000074], [121.05494706200011, 14.296420109000053], [121.055032761, 14.296499686000061], [121.05512458100009, 14.296560899000042], [121.05527149200009, 14.296615991000067], [121.0553571910001, 14.296664962000023], [121.05546125300009, 14.29676902400007], [121.05551022400005, 14.296836359000054], [121.05558980100011, 14.297007756000028], [121.0556204080001, 14.297148546000074], [121.05568162100008, 14.297289337000052], [121.05575507700007, 14.297417884000026], [121.05574283400006, 14.297540311000034], [121.05570610600012, 14.297632131000057], [121.05558368000004, 14.29779740600003], [121.05561428600004, 14.29792595400005], [121.0556755, 14.298036138000043], [121.05580404800003, 14.298085109000056], [121.05592035300003, 14.298091230000068], [121.05602441500002, 14.298091230000068], [121.05617132700002, 14.298085109000056], [121.05629987500004, 14.298060623000026], [121.05639781600007, 14.298060623000026], [121.05653860600012, 14.298085109000056], [121.05671000300003, 14.298152443000049], [121.05682630800004, 14.298232020000057], [121.05691200700005, 14.298268748000055], [121.05700382700002, 14.298329962000025], [121.0571384960001, 14.298495237000054], [121.05712013200002, 14.298642149000045], [121.056960978, 14.298782939000034], [121.05682630800004, 14.29885639500003], [121.05671000300003, 14.298935973000027], [121.05664879000005, 14.299015550000036], [121.05659369800003, 14.299150219000069], [121.05656309200003, 14.299242039000035], [121.05662430500001, 14.29933998000007], [121.05671000300003, 14.299431800000036], [121.05678345900003, 14.299505256000032], [121.05686915800004, 14.29967053100006], [121.05693649200009, 14.299780715000054], [121.0570527970001, 14.299835807000022], [121.0572425580001, 14.29989702000006], [121.05737722800006, 14.29985417100005], [121.05749353300007, 14.299737866000044], [121.057603717, 14.299658289000035], [121.05776287100002, 14.29967053100006], [121.05793426800005, 14.299707259000058], [121.0580444520001, 14.299719502000073], [121.05814239300003, 14.299719502000073], [121.05829542600009, 14.299719502000073], [121.05847906600002, 14.299750109000058], [121.05865658400012, 14.299756230000071], [121.058846345, 14.299848050000037], [121.05888307300006, 14.299964355000043], [121.05891368000005, 14.300221450000038], [121.05892592200007, 14.300331634000031], [121.05896877200007, 14.300417333000041], [121.05901774200004, 14.30049691000005], [121.05909119800003, 14.300637700000038], [121.05916465400003, 14.300754006000034], [121.05929932300012, 14.300876432000052], [121.05939726400004, 14.30099885800007], [121.05947072000004, 14.301066193000054], [121.05956866100007, 14.301188619000072], [121.05963599600011, 14.301335531000063], [121.05952581200006, 14.30145183600007], [121.05937890000007, 14.301482443000054], [121.05928095900003, 14.30149468600007], [121.05918301800011, 14.301531414000067], [121.0590667130001, 14.301635476000058], [121.05905447000009, 14.301739539000039], [121.05905447000009, 14.301898693000055], [121.05905447000009, 14.302063969000073], [121.05902998500005, 14.302229244000046], [121.059036106, 14.302345550000041], [121.05907283400006, 14.30246797600006], [121.05916465400003, 14.302523068000028], [121.05926871600002, 14.302492461000043], [121.05931768700009, 14.302370035000024], [121.05940950700005, 14.302314943000056], [121.05953193300002, 14.302333307000026], [121.05969720900009, 14.302370035000024], [121.05977066500009, 14.302431248000062], [121.05983187800007, 14.302504704000057], [121.059868606, 14.302633252000021], [121.05985636300011, 14.30275567800004], [121.05982575700011, 14.302890347000073], [121.05978902900006, 14.302976046000026], [121.05974618000005, 14.303165807000028], [121.05976454400002, 14.303263748000063], [121.05978902900006, 14.303410660000054], [121.0598869700001, 14.30352696500006], [121.05993594100005, 14.303606542000068], [121.06002163900007, 14.303710605000049], [121.06005836700001, 14.303845274000025], [121.06005224600005, 14.303961579000031], [121.05999103300007, 14.30416970400006], [121.05993594100005, 14.304347222000047], [121.05995430500002, 14.304481891000023], [121.06002163900007, 14.304610439000044], [121.06013794400008, 14.304763472000047], [121.06029097700002, 14.304824685000028], [121.06041952500004, 14.30485529200007], [121.06048073800002, 14.304959355000051], [121.06056643700003, 14.305038932000059], [121.06063377100008, 14.305106266000053], [121.06073783400007, 14.305234814000073], [121.06082353200009, 14.305406211000047], [121.06088474600006, 14.305571487000066], [121.06091535200005, 14.305706156000042], [121.0609912540001, 14.306031830000052], [121.06103791700002, 14.306111431000033], [121.0610488960001, 14.306169073000035], [121.06105987600006, 14.30623769400006], [121.0611230070001, 14.306339253000033], [121.06121907700003, 14.306416109000054], [121.061312401, 14.306462772000032], [121.06140023700004, 14.306481985000062], [121.06150728600005, 14.306517668000026], [121.0615786520001, 14.306531393000057], [121.06166648700002, 14.306539627000063], [121.06176804600011, 14.306558841000026], [121.06183392200012, 14.30656982100004], [121.06192724700009, 14.30659177900003], [121.06199861300001, 14.306602759000043], [121.06208644800006, 14.306627462000051], [121.06216055900006, 14.306638442000065], [121.06216733400004, 14.306275565000021]]]]}}, {"type": "Feature", "properties": {"psgc_code": 403403011, "name": "Loma", "corr_code": 43403011.0, "geo_level": "Bgy", "city_class": null, "inc_class": null, "urb_rur": null, "pop_2015": "U", "pop_2020": null, "status": null, "adm4_pcode": "PH0403403011", "adm4_en": "Loma", "adm3_pcode": "PH0403403", "adm2_pcode": "PH04034", "adm1_pcode": "PH04", "adm0_pcode": "PH", "shape_len": 0.11335230044, "shape_area": 0.000266450734665, "shape_sqkm": 3.18095008372}, "geometry": {"type": "MultiPolygon", "coordinates": [[[[121.07201405700005, 14.297047551000048], [121.07274664800002, 14.296159963000036], [121.07354468100004, 14.295193089000065], [121.07346004500005, 14.295116513000039], [121.0733955610001, 14.295050014000026], [121.07339757600005, 14.294941196000025], [121.073488257, 14.29489484800007], [121.07360110500008, 14.29490895400005], [121.07372201300007, 14.294870666000065], [121.07372201300007, 14.29475177300003], [121.07362931700004, 14.294667137000033], [121.07352856000011, 14.294628850000038], [121.073421757, 14.29466915300003], [121.07335324300004, 14.294782], [121.07325853100008, 14.294816258000026], [121.07320009200009, 14.294695349000051], [121.07321218300001, 14.294616759000064], [121.07311747200004, 14.294628850000038], [121.07304895700008, 14.294723561000069], [121.07293610900001, 14.294673183000043], [121.072954245, 14.294544214000041], [121.0730126840001, 14.294475699000031], [121.07293610900001, 14.294459578000044], [121.07287162500006, 14.29442733600007], [121.07275071600009, 14.294445472000064], [121.07270033800012, 14.294513987000073], [121.07262577800009, 14.294491820000076], [121.07263182300005, 14.29442129000006], [121.07256532400004, 14.29434673000003], [121.07268421700007, 14.294219777000023], [121.07262577800009, 14.294117005000032], [121.07260361100009, 14.293867127000055], [121.0725189750001, 14.29383690000003], [121.07261167200011, 14.293709947000025], [121.07259353500001, 14.293556796000075], [121.07265399000005, 14.29343790300004], [121.07264592900003, 14.293337146000056], [121.07257136900012, 14.293339161000063], [121.07256532400004, 14.293270646000053], [121.07261771700007, 14.293242434000035], [121.07268824700009, 14.293224298000041], [121.07270436800002, 14.293173920000072], [121.07266003500001, 14.29313563200003], [121.07269832300005, 14.293016739000052], [121.07277288300008, 14.292994572000055], [121.07283132200007, 14.292984497000077], [121.07287968500009, 14.292992557000048], [121.07291797300002, 14.292948224000043], [121.07296029100007, 14.292891800000064], [121.07291394300012, 14.292789028000072], [121.07285953400003, 14.292728574000023], [121.07281117000002, 14.292754771000034], [121.07277489800003, 14.292847467000058], [121.0727366100001, 14.292879709000033], [121.07268824700009, 14.292829331000064], [121.07264391400008, 14.29287366400007], [121.07261368700006, 14.292801119000046], [121.07268220200001, 14.292764846000068], [121.07269429200005, 14.29266812000003], [121.07268220200001, 14.292601620000028], [121.07266003500001, 14.292521015000034], [121.07260361100009, 14.292470636000076], [121.07254920200012, 14.292579454000077], [121.07249882400004, 14.292627817000039], [121.07244643000001, 14.292700362000062], [121.0723537340001, 14.292670135000037], [121.07243232400003, 14.292607666000038], [121.07242829400002, 14.292555272000072], [121.07233761300006, 14.29257139300006], [121.0722469320001, 14.292339652000067], [121.07216834100007, 14.29234368300007], [121.07215020500007, 14.292240910000032], [121.07219856800009, 14.292172396000069], [121.07217640200008, 14.292025291000073], [121.07212199300011, 14.29195879100007], [121.07203131200004, 14.291987003000031], [121.0719668270001, 14.291926549000038], [121.07184144300004, 14.291553663000059], [121.07176871400009, 14.291337373000033], [121.07179931900009, 14.290801787000078], [121.07223970700011, 14.289372317000073], [121.07285970400005, 14.287567969000065], [121.07301818000008, 14.287067534000073], [121.0730807760001, 14.286870805000035], [121.07327750600007, 14.28555629400006], [121.07333541700007, 14.285127744000022], [121.073685898, 14.282534140000053], [121.07375302000003, 14.282119631000057], [121.07385922500009, 14.281463771000062], [121.07393318600009, 14.281227288000025], [121.07654784800002, 14.282771232000073], [121.0776100920001, 14.283397644000047], [121.07761034200007, 14.283398628000043], [121.07976841800007, 14.28467296100007], [121.08105463900006, 14.28234965300004], [121.08162365400005, 14.28265370500003], [121.08225137400007, 14.282973393000077], [121.08242303100008, 14.282794188000025], [121.08247129100005, 14.282743005000043], [121.08267864000004, 14.282500050000067], [121.08278964500005, 14.282294795000041], [121.08280640100008, 14.282173318000048], [121.08271634000005, 14.282007857000053], [121.0825257460001, 14.281785846000048], [121.08232258500004, 14.28161829100003], [121.08200632500007, 14.281465397000034], [121.08182201500006, 14.281369053000049], [121.0816670260001, 14.281276898000044], [121.08151203800003, 14.281096776000027], [121.08133191600007, 14.280887332000077], [121.08120625000004, 14.280759572000022], [121.08106382800008, 14.280665322000061], [121.08092559500005, 14.280631811000035], [121.08081459000005, 14.280688361000045], [121.08063237400006, 14.280799366000053], [121.08043759100008, 14.280862199000069], [121.08035800200003, 14.280876860000035], [121.0802302410001, 14.280874766000068], [121.07998100300006, 14.280726061000053], [121.07980507000002, 14.280592016000071], [121.07967731000008, 14.280489389000024], [121.07957468200004, 14.280332306000048], [121.07954954900003, 14.280112390000056], [121.0795202270001, 14.279888285000027], [121.07945529900007, 14.279752147000067], [121.07933172700007, 14.279569930000036], [121.07920187200011, 14.279490342000031], [121.07901127800005, 14.279329070000074], [121.07859448500005, 14.27900862100006], [121.07839551300003, 14.278889238000033], [121.07810019700003, 14.278843160000065], [121.07795987000009, 14.27883687700006], [121.07780278700011, 14.278912277000074], [121.07773157600002, 14.279019093000045], [121.07763313800001, 14.279232726000032], [121.0775556430001, 14.279266237000058], [121.07746348800003, 14.279268331000026], [121.07729383900005, 14.279174082000054], [121.07708858400008, 14.279052604000071], [121.07692521700005, 14.278949977000025], [121.07639951300007, 14.278644189000033], [121.07567483800005, 14.27836772300003], [121.07545911000011, 14.278235773000063], [121.07526851600005, 14.278103823000038], [121.07508420600004, 14.277932080000028], [121.07485172300005, 14.27778756300006], [121.07460876800008, 14.277674464000029], [121.0744286470001, 14.277603253000052], [121.074307169, 14.277592780000077], [121.07408725300002, 14.277567647000069], [121.07384429800004, 14.277546703000041], [121.07364323200011, 14.27746920900006], [121.07345473300006, 14.277293276000023], [121.07332487800011, 14.277186459000063], [121.0731510390001, 14.27706498200007], [121.07276985100009, 14.276903710000056], [121.0726860740001, 14.276811555000052], [121.07263790200011, 14.276606300000026], [121.07254365200004, 14.27645340600003], [121.07233420800003, 14.276340306000066], [121.07211638600006, 14.276239773000043], [121.07186714800002, 14.27622092300004], [121.07165561000011, 14.276218829000072], [121.07142941100005, 14.276139240000077], [121.07136657700005, 14.276120390000074], [121.07129955500011, 14.276076407000062], [121.07114875600007, 14.275940269000046], [121.0709791060001, 14.275812508000058], [121.07080945700011, 14.275760147000028], [121.07070682900007, 14.275766430000033], [121.07042653600001, 14.275785165000059], [121.07032824400005, 14.275574541000026], [121.0705248270001, 14.275209460000042], [121.07080565800004, 14.274760130000061], [121.0707635340001, 14.274437173000024], [121.07048270200005, 14.27419846600003], [121.07015974500007, 14.274029967000047], [121.06979466400003, 14.273763177000035], [121.06959808200008, 14.273959759000036], [121.06959420800001, 14.273958837000066], [121.06930320900005, 14.273889552000071], [121.06930320900005, 14.273482346000037], [121.0692751260001, 14.273187472000075], [121.06899429400005, 14.272752183000023], [121.0686432550001, 14.272513476000029], [121.0684762520001, 14.27249701200003], [121.068159992, 14.272396479000065], [121.06797987000004, 14.272270812000045], [121.06783535400007, 14.272055085000034], [121.06775786000003, 14.271908474000043], [121.06763428800002, 14.271828886000037], [121.06751909400009, 14.27186449100003], [121.06744369400008, 14.27194617400005], [121.06743531600011, 14.272073935000037], [121.06745416600006, 14.272268718000078], [121.0673850500001, 14.27249282300005], [121.06729080000002, 14.27256193900007], [121.0671148670001, 14.272612206000076], [121.06700595600012, 14.27257869500005], [121.06690751800011, 14.27248863400007], [121.06686562900006, 14.272329456000023], [121.06684887400002, 14.27219541200003], [121.0667965130001, 14.272023668000031], [121.06668760200012, 14.271885436000048], [121.06654936900009, 14.27175767500006], [121.06650329100012, 14.271581742000023], [121.06650538600002, 14.271416281000029], [121.06652423600008, 14.271261293000066], [121.06655565200003, 14.271112588000051], [121.06649281900002, 14.27099948800003], [121.0664153250001, 14.270861255000057], [121.06626662000008, 14.27073349400007], [121.06618074800008, 14.270605734000071], [121.06615142600003, 14.270521956000039], [121.06605508100006, 14.270457028000067], [121.06587077100005, 14.270385818000022], [121.06573253800002, 14.270364873000062], [121.06562572200005, 14.270304134000071], [121.06462976400007, 14.272102301000075], [121.06282850700006, 14.275289830000077], [121.06244144900006, 14.276133385000037], [121.06239654900003, 14.276248561000045], [121.06236336300003, 14.276336408000077], [121.06233798500011, 14.27641449400005], [121.06232627200006, 14.27648282000007], [121.06225162800001, 14.276865913000051], [121.06203646900008, 14.278615578000029], [121.06225922600004, 14.27864595400007], [121.06210015300007, 14.279726160000052], [121.06278209600009, 14.279821105000053], [121.063023315, 14.27984144900006], [121.06488621800008, 14.279928636000022], [121.06504908000011, 14.280066904000023], [121.06524215000002, 14.280354154000065], [121.06526569500011, 14.280679077000059], [121.06499257200005, 14.281865750000065], [121.06470532100002, 14.28242612400004], [121.06475712100007, 14.282816972000035], [121.06504908000011, 14.283010042000058], [121.0652704040001, 14.283570416000032], [121.06533633000004, 14.283772904000045], [121.0652751130001, 14.28387179300006], [121.0652798220001, 14.284013064000021], [121.06537871100011, 14.284102535000045], [121.0654870190001, 14.284182589000068], [121.06534574800003, 14.284253224000054], [121.06543051100005, 14.284465130000058], [121.06526569500011, 14.284521638000058], [121.06527065600005, 14.284539995000046], [121.06531278500006, 14.284695872000043], [121.06514326000001, 14.284644073000038], [121.064931354, 14.284634655000048], [121.06478537500004, 14.284681745000057], [121.06466764900006, 14.284733544000062], [121.06463468600009, 14.284870106000028], [121.06463939500009, 14.284992540000076], [121.06476653900006, 14.285091430000023], [121.06489368200005, 14.285204446000023], [121.0648418830001, 14.28533629900005], [121.06478066600005, 14.285416352000027], [121.06416849300001, 14.285303336000027], [121.0633255780001, 14.285190319000037], [121.06297240100002, 14.285185610000042], [121.06294885600005, 14.285308045000022], [121.06264277000002, 14.285896672000035], [121.06271811400006, 14.286282812000024], [121.0626804420001, 14.286777259000075], [121.06262393400004, 14.286852604000046], [121.06255691700005, 14.28694734100003], [121.06266939700004, 14.287228542000037], [121.06272563700009, 14.287341023000067], [121.06292247800002, 14.287565983000036], [121.06248976800009, 14.288188194000043], [121.06175033400007, 14.288013012000022], [121.06084182900008, 14.287799126000039], [121.05992110200009, 14.287562833000038], [121.05985591800004, 14.287562833000038], [121.05980091800006, 14.287583203000054], [121.05976017800003, 14.287619869000025], [121.05973369700007, 14.287670795000054], [121.05945452900005, 14.287604215000044], [121.0594221990001, 14.287599796000052], [121.05938305500001, 14.287599796000052], [121.05933851200007, 14.287605196000072], [121.0592993680001, 14.287622743000043], [121.05927845800011, 14.287638908000076], [121.05899026700001, 14.287921046000065], [121.05896732000008, 14.287956141000052], [121.05895787200006, 14.28799258500004], [121.05895652200002, 14.288030379000077], [121.05896732000008, 14.288068173000056], [121.059002415, 14.28809381900004], [121.05904425800009, 14.288110017000065], [121.05909150100001, 14.288114066000048], [121.05963276600005, 14.288172107000037], [121.05961662000004, 14.28835016100004], [121.05959296900005, 14.288656308000043], [121.05959454900005, 14.288679525000077], [121.05960102100005, 14.28871106400004], [121.05961071000002, 14.288740228000052], [121.05961722000006, 14.288753239000073], [121.05962750200001, 14.288766052000028], [121.05963936500007, 14.288777125000024], [121.05963552700007, 14.28930303900006], [121.06040713000004, 14.289453189000028], [121.06186952700011, 14.289769824000075], [121.06195311700003, 14.289779904000056], [121.0620268020001, 14.289774343000033], [121.06208102200003, 14.289760440000066], [121.06210807600007, 14.289745432000075], [121.06225009200011, 14.289625160000071], [121.06254837300003, 14.289883986000063], [121.0625862500001, 14.289937014000031], [121.06260518900001, 14.289986254000041], [121.06261678900012, 14.290191736000054], [121.06262512700005, 14.290713745000062], [121.0626199730001, 14.291570444000058], [121.06258352200007, 14.292880549000074], [121.06329482300009, 14.292819896000026], [121.06338131600012, 14.293824865000033], [121.06413081000005, 14.29384221500004], [121.06483172500009, 14.293849155000032], [121.06569052000009, 14.293856094000034], [121.0661242000001, 14.293858217000036], [121.06611211000006, 14.293936807000023], [121.06614838200005, 14.29408189700007], [121.06617256400011, 14.294233032000022], [121.06619976800005, 14.294369054000072], [121.0662420860001, 14.294517167000038], [121.0662420860001, 14.294647143000077], [121.06614233700009, 14.294789211000023], [121.06602747400007, 14.294855710000036], [121.06596702000002, 14.294843619000062], [121.0658884290001, 14.294743870000048], [121.06583099800002, 14.294695507000029], [121.06571613500012, 14.294771074000039], [121.06575543000008, 14.294922210000038], [121.06568590800009, 14.294991732000028], [121.065513613, 14.294988709000052], [121.06545618200005, 14.295034050000027], [121.06548640900007, 14.295197276000067], [121.06554081800004, 14.295312139000032], [121.06561034000003, 14.295342366000057], [121.06560634800007, 14.295371454000076], [121.06558918100006, 14.295496524000043], [121.0656163860001, 14.295578137000064], [121.06565568100007, 14.29566881900007], [121.06567986200002, 14.295762523000064], [121.06555895400004, 14.295756477000054], [121.06545315900007, 14.29583506800003], [121.06543105300011, 14.295890302000032], [121.06540781900003, 14.295949931000052], [121.06538363700008, 14.296043635000046], [121.06545013700008, 14.296107111000026], [121.06554081800004, 14.296107111000026], [121.06559522700002, 14.296070839000038], [121.0656677720001, 14.296007362000068], [121.06575845300006, 14.296031544000073], [121.06583402100011, 14.296113157000036], [121.06576449800002, 14.296252201000073], [121.065951906, 14.296330792000049], [121.06606072400007, 14.29643960900006], [121.06612722300008, 14.29665422200003], [121.06623604100002, 14.296756994000077], [121.06634183500012, 14.296889993000036], [121.06646576600008, 14.29696253800006], [121.06660481100005, 14.297225513000058], [121.06672571900003, 14.297325263000062], [121.06687383200006, 14.297452216000067], [121.06699776300002, 14.297600329000034], [121.06700683100007, 14.297799828000052], [121.06698013100004, 14.298003357000027], [121.06692899600012, 14.298097565000035], [121.06688541900007, 14.29820084000005], [121.06691992800006, 14.298328802000071], [121.06701438800008, 14.298482960000058], [121.06712522100008, 14.298555505000024], [121.06719978100011, 14.298672383000053], [121.06728643200006, 14.298759034000057], [121.0673871890001, 14.298807397000076], [121.06750809700009, 14.298863821000054], [121.0675411740001, 14.298824825000054], [121.06769953500009, 14.298638126000071], [121.0678547010001, 14.29875097300004], [121.06793127600008, 14.298769110000023], [121.06800785100006, 14.298861806000048], [121.06808442700003, 14.298930321000057], [121.06825853100008, 14.298873188000073], [121.06849430300008, 14.299090823000029], [121.06859846200007, 14.299245618000043], [121.0688298230001, 14.299385537000035], [121.06898851500011, 14.299458082000058], [121.07201405700005, 14.297047551000048]]]]}}, {"type": "Feature", "properties": {"psgc_code": 403403015, "name": "Platero", "corr_code": 43403015.0, "geo_level": "Bgy", "city_class": null, "inc_class": null, "urb_rur": null, "pop_2015": "U", "pop_2020": null, "status": null, "adm4_pcode": "PH0403403015", "adm4_en": "Platero", "adm3_pcode": "PH0403403", "adm2_pcode": "PH04034", "adm1_pcode": "PH04", "adm0_pcode": "PH", "shape_len": 0.039044691598, "shape_area": 6.8234247955e-05, "shape_sqkm": 0.814462452343}, "geometry": {"type": "MultiPolygon", "coordinates": [[[[121.09615974200005, 14.327900344000057], [121.0961616620001, 14.32788490200005], [121.09625479500005, 14.32731446300005], [121.0964119570001, 14.326898276000065], [121.09646725400012, 14.326356941000029], [121.09660404300007, 14.325629340000035], [121.09661568500007, 14.325294644000053], [121.09677866700008, 14.32479405500004], [121.09690538300003, 14.324243351000064], [121.09699112700002, 14.32386563700004], [121.09697539000001, 14.32375925100007], [121.09723560000009, 14.322972143000072], [121.09713082600001, 14.322759684000061], [121.0970085890001, 14.322669462000022], [121.09690672500005, 14.322582149000027], [121.09689217300001, 14.322500658000024], [121.09697366400007, 14.322244543000068], [121.09683105400006, 14.32183999700004], [121.0968083790001, 14.32172115800006], [121.09672021000006, 14.321575121000024], [121.09665665000011, 14.321484725000062], [121.09660580200011, 14.321448002000068], [121.09621173200003, 14.321243198000047], [121.09589534700001, 14.321021446000032], [121.0956524070001, 14.320877377000045], [121.09544195400008, 14.320716359000073], [121.09540664300005, 14.320696585000064], [121.09535862000007, 14.320690935000073], [121.09521737700004, 14.320712122000032], [121.09517076600002, 14.320710709000025], [121.0951170940001, 14.32069376000004], [121.09508037000012, 14.320665511000072], [121.09502528500002, 14.320585003000076], [121.09493887000008, 14.320525621000058], [121.0948699170001, 14.320466358000033], [121.09482895600001, 14.320445171000074], [121.09467641300012, 14.320398561000047], [121.09463969, 14.320377374000032], [121.09455070600006, 14.32032511400007], [121.09449420900012, 14.320305340000061], [121.0943346030001, 14.320296865000046], [121.0942653940001, 14.32028697800007], [121.09415664700009, 14.320293468000045], [121.09398210000006, 14.320304609000061], [121.09379501300009, 14.320260100000041], [121.09370356900001, 14.320174628000075], [121.09348074400009, 14.320063215000062], [121.093309911, 14.320022364000067], [121.09319478500004, 14.319966658000055], [121.09254512400003, 14.319585891000031], [121.0922046070001, 14.319762697000044], [121.0919819610001, 14.319572794000067], [121.09098988100004, 14.319138098000053], [121.0903383110001, 14.318865566000056], [121.08874868600003, 14.317428191000033], [121.0885620570001, 14.317624643000045], [121.08764855400011, 14.317074577000028], [121.08701990700001, 14.31697635100005], [121.08684310000001, 14.318115774000034], [121.0861358730001, 14.318115774000034], [121.08547775800002, 14.318066661000046], [121.08527792000007, 14.318279597000071], [121.08520886200006, 14.318431525000051], [121.08518426, 14.318719439000063], [121.08543361300008, 14.319182221000062], [121.08549912100011, 14.319294219000028], [121.08629366900004, 14.320352912000033], [121.0870248220001, 14.321367229000032], [121.08738617300003, 14.321901859000036], [121.08773325900006, 14.322473468000055], [121.08791393400008, 14.322850668000058], [121.08804389400007, 14.32316447200003], [121.088186532, 14.32362091400006], [121.08815336600003, 14.323780978000059], [121.0882216550001, 14.324242740000045], [121.0882411660001, 14.324405333000072], [121.08826869200004, 14.324804143000051], [121.08827043300005, 14.325091474000033], [121.08877447000009, 14.32465897700007], [121.08893882100006, 14.324823732000027], [121.08901474700008, 14.324873249000063], [121.08902795100005, 14.324942573000044], [121.089126985, 14.325008596000032], [121.0891765020001, 14.325048209000045], [121.08933165500002, 14.32507461800003], [121.08951981900009, 14.325081220000072], [121.089632058, 14.325114232000033], [121.08973109200008, 14.325213266000048], [121.08984333, 14.325312299000075], [121.08999188100006, 14.325325504000034], [121.09005790300012, 14.325335407000068], [121.0901074200001, 14.325401430000056], [121.09012722700004, 14.325450947000036], [121.0903186920001, 14.325533475000043], [121.09049365200008, 14.325536776000035], [121.09054977100004, 14.32556648600007], [121.09059598700003, 14.32566552000003], [121.09080065700005, 14.325682026000038], [121.09083696900007, 14.325748048000037], [121.09093600300002, 14.325833878000026], [121.09100862800005, 14.325969224000062], [121.09091949800006, 14.326114473000075], [121.0909492080001, 14.326187098000048], [121.09107795200009, 14.326223411000058], [121.0912033950001, 14.326193701000022], [121.09131563300002, 14.326127678000034], [121.0914146670001, 14.326111172000026], [121.09143777500003, 14.326200303000064], [121.09156651900003, 14.32633234800005], [121.09164904700003, 14.326286132000064], [121.09170516600011, 14.326210206000042], [121.09169856400001, 14.32608476300004], [121.09183060900011, 14.32608476300004], [121.09193624500006, 14.32615738800007], [121.09218052800009, 14.32617719500007], [121.0925502550001, 14.326137581000069], [121.092715311, 14.326230013000043], [121.09279849600011, 14.326304152000034], [121.09291998100002, 14.326408274000073], [121.09349107600008, 14.326863829000047], [121.09368584300012, 14.327137823000044], [121.09385420000001, 14.327223652000043], [121.09410178500002, 14.327226954000025], [121.0943262610001, 14.327263266000045], [121.09477521500003, 14.327415118000033], [121.09497421800006, 14.327500729000064], [121.09505323500002, 14.327528219000044], [121.09531660000005, 14.327557066000054], [121.09546845200009, 14.327603282000041], [121.0955113660001, 14.327679208000063], [121.09568962700007, 14.327788145000056], [121.09577875800005, 14.327906986000073], [121.0959768250001, 14.328121559000067], [121.09610556900009, 14.32833613200006], [121.09615974200005, 14.327900344000057]]]]}}, {"type": "Feature", "properties": {"psgc_code": 403403024, "name": "Timbao", "corr_code": 43403024.0, "geo_level": "Bgy", "city_class": null, "inc_class": null, "urb_rur": null, "pop_2015": "U", "pop_2020": null, "status": null, "adm4_pcode": "PH0403403024", "adm4_en": "Timbao", "adm3_pcode": "PH0403403", "adm2_pcode": "PH04034", "adm1_pcode": "PH04", "adm0_pcode": "PH", "shape_len": 0.0856013596149, "shape_area": 0.000193201788431, "shape_sqkm": 2.30649834898}, "geometry": {"type": "MultiPolygon", "coordinates": [[[[121.0548908070001, 14.28982439300006], [121.05509214000006, 14.289847714000075], [121.0551699020001, 14.289864421000061], [121.05529022200005, 14.289908903000025], [121.0553439570001, 14.289922472000057], [121.05666206, 14.290162485000053], [121.05692403400008, 14.290211652000039], [121.05714675800004, 14.289185110000062], [121.05785407100007, 14.289466222000044], [121.0579326620001, 14.289493426000035], [121.05795079800009, 14.289381586000047], [121.05805961600004, 14.289396700000054], [121.05889992800007, 14.289562949000072], [121.05915383600006, 14.289623403000064], [121.05928985800006, 14.289339268000049], [121.05936111900007, 14.289332525000077], [121.05951051500006, 14.289405768000051], [121.05963552700007, 14.28930303900006], [121.05963936500007, 14.288777125000024], [121.05962750200001, 14.288766052000028], [121.05961722000006, 14.288753239000073], [121.05961071000002, 14.288740228000052], [121.05960102100005, 14.28871106400004], [121.05959454900005, 14.288679525000077], [121.05959296900005, 14.288656308000043], [121.05961662000004, 14.28835016100004], [121.05963276600005, 14.288172107000037], [121.05909150100001, 14.288114066000048], [121.05904425800009, 14.288110017000065], [121.059002415, 14.28809381900004], [121.05896732000008, 14.288068173000056], [121.05895652200002, 14.288030379000077], [121.05895787200006, 14.28799258500004], [121.05896732000008, 14.287956141000052], [121.05899026700001, 14.287921046000065], [121.05927845800011, 14.287638908000076], [121.0592993680001, 14.287622743000043], [121.05933851200007, 14.287605196000072], [121.05938305500001, 14.287599796000052], [121.0594221990001, 14.287599796000052], [121.05945452900005, 14.287604215000044], [121.05973369700007, 14.287670795000054], [121.05976017800003, 14.287619869000025], [121.05980091800006, 14.287583203000054], [121.05985591800004, 14.287562833000038], [121.05992110200009, 14.287562833000038], [121.06084182900008, 14.287799126000039], [121.06175033400007, 14.288013012000022], [121.06248976800009, 14.288188194000043], [121.06292247800002, 14.287565983000036], [121.06272563700009, 14.287341023000067], [121.06266939700004, 14.287228542000037], [121.06255691700005, 14.28694734100003], [121.06262393400004, 14.286852604000046], [121.0626804420001, 14.286777259000075], [121.06271811400006, 14.286282812000024], [121.06264277000002, 14.285896672000035], [121.06294885600005, 14.285308045000022], [121.06297240100002, 14.285185610000042], [121.0633255780001, 14.285190319000037], [121.06416849300001, 14.285303336000027], [121.06478066600005, 14.285416352000027], [121.0648418830001, 14.28533629900005], [121.06489368200005, 14.285204446000023], [121.06476653900006, 14.285091430000023], [121.06463939500009, 14.284992540000076], [121.06463468600009, 14.284870106000028], [121.06466764900006, 14.284733544000062], [121.06478537500004, 14.284681745000057], [121.064931354, 14.284634655000048], [121.06514326000001, 14.284644073000038], [121.06531278500006, 14.284695872000043], [121.06527065600005, 14.284539995000046], [121.06526569500011, 14.284521638000058], [121.06543051100005, 14.284465130000058], [121.06534574800003, 14.284253224000054], [121.0654870190001, 14.284182589000068], [121.06537871100011, 14.284102535000045], [121.0652798220001, 14.284013064000021], [121.0652751130001, 14.28387179300006], [121.06533633000004, 14.283772904000045], [121.0652704040001, 14.283570416000032], [121.06504908000011, 14.283010042000058], [121.06475712100007, 14.282816972000035], [121.06470532100002, 14.28242612400004], [121.06499257200005, 14.281865750000065], [121.06526569500011, 14.280679077000059], [121.06524215000002, 14.280354154000065], [121.06504908000011, 14.280066904000023], [121.06488621800008, 14.279928636000022], [121.063023315, 14.27984144900006], [121.06278209600009, 14.279821105000053], [121.06210015300007, 14.279726160000052], [121.06093067600011, 14.279557379000039], [121.05979302300011, 14.279421012000057], [121.05957602400008, 14.279409387000044], [121.0594152110001, 14.27940551200004], [121.05920596200008, 14.279415200000074], [121.05901414900006, 14.279438449000054], [121.0584135250001, 14.279558574000077], [121.05827402600005, 14.279577949000043], [121.05778025200004, 14.279634896000061], [121.05761120600005, 14.279651501000046], [121.05740487000003, 14.279339597000046], [121.05720813100004, 14.27909967200003], [121.05699699700006, 14.278859746000023], [121.05672348200005, 14.278586231000077], [121.05635879500005, 14.27834150700005], [121.05566205500008, 14.277949916000068], [121.05559646600011, 14.278258798000024], [121.05546115300001, 14.278835495000067], [121.05544883200002, 14.278912197000068], [121.0553057510001, 14.279802936000067], [121.05305360400007, 14.27983217700006], [121.05264295500001, 14.27983750900006], [121.0526702730001, 14.279679979000036], [121.05195526400007, 14.279685372000074], [121.0510052410001, 14.279692537000074], [121.05096992400001, 14.279925633000062], [121.0506997440001, 14.279964483000072], [121.05056069600005, 14.279925048000052], [121.04974086900006, 14.279692537000074], [121.05060262000006, 14.279120391000049], [121.0502423800001, 14.278548245000025], [121.04992628700006, 14.278004353000028], [121.04870916800007, 14.276015906000055], [121.04809458800003, 14.275015017000044], [121.0471463770001, 14.273680498000033], [121.04582941800004, 14.274400436000064], [121.04493388600008, 14.27404924700005], [121.04378805500005, 14.276625552000041], [121.04395112100008, 14.276661001000036], [121.04407873700006, 14.276575924000042], [121.04422053300004, 14.276363230000072], [121.04429852100009, 14.276256882000041], [121.0445041260001, 14.276271062000035], [121.04475935900007, 14.276405768000075], [121.04490824400011, 14.276505026000052], [121.04490824400011, 14.276668091000033], [121.04488697500005, 14.276816977000067], [121.04485152600012, 14.277065120000032], [121.044794808, 14.277284904000055], [121.044837346, 14.277419611000028], [121.0449933220001, 14.277490509000074], [121.04527691400006, 14.27752595800007], [121.04556050700012, 14.277540137000074], [121.04576611100003, 14.277660664000052], [121.04580156000009, 14.277852089000078], [121.04583700900002, 14.278121501000044], [121.0457590210001, 14.27831292600007], [121.04554632700001, 14.278419273000054], [121.04543289000003, 14.278419273000054], [121.0452981840001, 14.278376734000062], [121.04517765700007, 14.278171130000032], [121.04500750200009, 14.277922987000068], [121.04481607700006, 14.278029334000053], [121.04468137100002, 14.277930077000065], [121.04455375400005, 14.277951346000066], [121.04447576600012, 14.278064783000048], [121.04447576600012, 14.278234938000026], [121.04452539500005, 14.278433453000048], [121.0445608440001, 14.278617788000076], [121.04456793400004, 14.278787943000054], [121.0446175620001, 14.278979368000023], [121.04466010100009, 14.27912116400006], [121.04477353800007, 14.27926296000004], [121.04498623200004, 14.27946856400007], [121.04512093900007, 14.279638720000037], [121.04527691400006, 14.279801785000075], [121.04543289000003, 14.279943581000055], [121.04554632700001, 14.280099557000028], [121.04563849400006, 14.28027680200006], [121.04565267400005, 14.280432778000034], [121.0456597640001, 14.280624203000059], [121.04566685400005, 14.280815627000038], [121.04575193100004, 14.280985783000062], [121.04590081700007, 14.281070860000057], [121.04604261300005, 14.281170118000034], [121.0461206010001, 14.281347363000066], [121.0460780620001, 14.281552967000039], [121.04600716400012, 14.281744392000064], [121.04604261300005, 14.281907457000045], [121.04619149900009, 14.281978356000025], [121.04643255300005, 14.282020894000027], [121.04664524700001, 14.282091792000074], [121.04673550600012, 14.28229049500004], [121.046855574, 14.282650698000054], [121.04704777100005, 14.282721041000059], [121.0472561360001, 14.282842027000072], [121.04745778000006, 14.282842027000072], [121.04768630900003, 14.28286219100005], [121.04794172400011, 14.282976456000029], [121.04808287500009, 14.283117607000065], [121.0482441900001, 14.283299086000056], [121.04845255500004, 14.283514172000025], [121.04859370500003, 14.28374270200004], [121.04866764100007, 14.284018282000034], [121.04874829900007, 14.284226647000025], [121.04873485600001, 14.284455176000051], [121.04870124900003, 14.284690427000044], [121.04872813500003, 14.284851742000058], [121.0488222350001, 14.28506010700005], [121.0488491210001, 14.285281915000041], [121.0488222350001, 14.285503723000033], [121.04881551300002, 14.28577258100006], [121.04875502000004, 14.286021275000053], [121.04864747700003, 14.286317019000023], [121.04860714800009, 14.286592599000073], [121.04858026300008, 14.286854736000066], [121.0484928840001, 14.287049658000058], [121.04831812600003, 14.287291630000027], [121.04814336800007, 14.287405895000063], [121.04792828100005, 14.287459667000064], [121.0476392590001, 14.287580653000077], [121.04744433700012, 14.287721803000068], [121.04737712200006, 14.287869675000024], [121.04743089400006, 14.28807131900004], [121.04754515800005, 14.288172141000075], [121.0478341810001, 14.288320013000032], [121.04796188900002, 14.288467885000045], [121.04802238200011, 14.288622478000036], [121.04808287500009, 14.288864451000052], [121.04810976100009, 14.289052651000077], [121.04806943200003, 14.289173638000022], [121.04796188900002, 14.28930134500007], [121.0478879530001, 14.289435774000026], [121.04789467400008, 14.28957020300004], [121.04802238200011, 14.28963741800004], [121.04825091100008, 14.289691190000042], [121.0483853400001, 14.289697911000076], [121.04852649100008, 14.289738240000077], [121.04858698400005, 14.289845783000032], [121.04930207500001, 14.290090411000051], [121.04956051600004, 14.290321648000031], [121.05024969400006, 14.29060276000007], [121.05031317100008, 14.290738782000062], [121.0504310560001, 14.290929213000027], [121.05171775800011, 14.291299495000032], [121.05190314100003, 14.290980224000066], [121.05348919300002, 14.290990523000062], [121.05368487500004, 14.291412784000045], [121.05418952800005, 14.291835045000028], [121.05475597500003, 14.292247006000025], [121.0548908070001, 14.28982439300006]]]]}}, {"type": "Feature", "properties": {"psgc_code": 403403026, "name": "Zapote", "corr_code": 43403026.0, "geo_level": "Bgy", "city_class": null, "inc_class": null, "urb_rur": null, "pop_2015": "U", "pop_2020": null, "status": null, "adm4_pcode": "PH0403403026", "adm4_en": "Zapote", "adm3_pcode": "PH0403403", "adm2_pcode": "PH04034", "adm1_pcode": "PH04", "adm0_pcode": "PH", "shape_len": 0.066914250793, "shape_area": 0.000141418739193, "shape_sqkm": 1.6880727564}, "geometry": {"type": "MultiPolygon", "coordinates": [[[[121.08826869200004, 14.324804143000051], [121.0882411660001, 14.324405333000072], [121.0882216550001, 14.324242740000045], [121.08815336600003, 14.323780978000059], [121.088186532, 14.32362091400006], [121.08804389400007, 14.32316447200003], [121.08791393400008, 14.322850668000058], [121.08773325900006, 14.322473468000055], [121.08738617300003, 14.321901859000036], [121.0870248220001, 14.321367229000032], [121.08629366900004, 14.320352912000033], [121.08549912100011, 14.319294219000028], [121.08543361300008, 14.319182221000062], [121.08518426, 14.318719439000063], [121.08520886200006, 14.318431525000051], [121.08527792000007, 14.318279597000071], [121.08547775800002, 14.318066661000046], [121.0861358730001, 14.318115774000034], [121.08684310000001, 14.318115774000034], [121.08701990700001, 14.31697635100005], [121.08764855400011, 14.317074577000028], [121.0885620570001, 14.317624643000045], [121.08874868600003, 14.317428191000033], [121.08900609700004, 14.315738703000022], [121.08863427100005, 14.312732985000025], [121.088784884, 14.311953725000023], [121.0892825630001, 14.310820851000074], [121.08965582200005, 14.309963010000047], [121.09023441600004, 14.309888244000035], [121.09018314000002, 14.309255835000044], [121.09045661400012, 14.308555057000035], [121.08964368700003, 14.305692780000072], [121.0873325870001, 14.306555595000077], [121.08709786100007, 14.306588697000052], [121.08512673700011, 14.306866676000027], [121.08436317300004, 14.308987686000023], [121.08277948600005, 14.308535204000066], [121.08120785500012, 14.308402062000027], [121.079256955, 14.30892181400003], [121.07892953500004, 14.308607490000043], [121.0782302560001, 14.308840647000068], [121.07780975800006, 14.308941459000039], [121.07777701600003, 14.309072427000046], [121.07778356400001, 14.309308170000065], [121.0774323710001, 14.309434726000063], [121.07739048300004, 14.309483596000064], [121.077324857, 14.309493370000041], [121.07729553500008, 14.30952129600007], [121.07729413800007, 14.309563185000059], [121.07730949800009, 14.309600884000076], [121.07729693100009, 14.309638584000027], [121.07724945700011, 14.309641377000048], [121.0772005870001, 14.309639981000032], [121.07716568, 14.309666510000056], [121.077153113, 14.309719569000038], [121.07712518700009, 14.309753080000064], [121.07707352400007, 14.309779610000078], [121.07703303200003, 14.30980334700007], [121.07701069100005, 14.309856406000051], [121.07701348400008, 14.309903880000036], [121.07705397600012, 14.309929013000044], [121.07709726100006, 14.309956939000074], [121.07708469500005, 14.309987657000022], [121.07706654300011, 14.310060265000061], [121.07708190200003, 14.31013426800007], [121.07713496100007, 14.310233405000076], [121.07712379100008, 14.31029344500007], [121.07714473500005, 14.310324164000065], [121.07716149100008, 14.310405149000076], [121.0771740570001, 14.310516852000035], [121.07711680900002, 14.310558741000023], [121.07706933500003, 14.310631348000072], [121.07702884300011, 14.310615989000041], [121.07697299100005, 14.31058387400003], [121.07690178000007, 14.310548967000045], [121.07685151400005, 14.310548967000045], [121.07680404000007, 14.310599234000051], [121.07678030300008, 14.310695578000036], [121.07678309500011, 14.310737466000035], [121.07679985100003, 14.31078354400006], [121.07683615500002, 14.310846377000075], [121.07689898800004, 14.310939929000028], [121.07691853600011, 14.310980421000068], [121.07690178000007, 14.311048840000069], [121.0768920060001, 14.31111446500006], [121.07687245800003, 14.311196847000076], [121.07683615500002, 14.311304361000055], [121.07680822900011, 14.31142863100007], [121.07679287000008, 14.311522183000022], [121.07680264400005, 14.311562675000062], [121.07683475800002, 14.31163667900006], [121.076883629, 14.311679964000064], [121.07692272500003, 14.311700908000034], [121.07699952100006, 14.311699512000075], [121.07707073200004, 14.31169811600006], [121.07714333900003, 14.311677171000042], [121.07723968300002, 14.311652038000034], [121.07733323500008, 14.311654831000055], [121.07737093500009, 14.311681360000023], [121.0773723310001, 14.311745590000044], [121.07736534900005, 14.311858689000076], [121.07740025700002, 14.31192291900004], [121.07746029700002, 14.311994130000073], [121.07748961900006, 14.312044396000033], [121.07752173400002, 14.31212677700006], [121.07754826400003, 14.312209159000076], [121.07755943400002, 14.312299918000065], [121.07761070900006, 14.312433651000049], [121.0776504260001, 14.312491365000028], [121.07767711000008, 14.312540390000038], [121.0777366860001, 14.312611136000044], [121.07779998400008, 14.312675675000037], [121.07791727300003, 14.31275945300007], [121.07797002200004, 14.312791723000032], [121.0780165650001, 14.312802893000026], [121.07806062500003, 14.312851918000035], [121.07808172500006, 14.312902806000068], [121.07810841000003, 14.312948108000057], [121.07810903000006, 14.313001477000057], [121.07814068000005, 14.313076566000063], [121.07817135900007, 14.313120472000037], [121.07817135900007, 14.313177022000048], [121.07813365900006, 14.313231477000045], [121.0780771090001, 14.313250327000048], [121.07796191500006, 14.313271272000065], [121.07788651600004, 14.31332782100003], [121.07785509900009, 14.313440921000051], [121.07781739900008, 14.31353936000005], [121.07776503800005, 14.313662932000057], [121.0777461880001, 14.313696443000026], [121.07772524400002, 14.313786504000063], [121.07775049300005, 14.31389076000005], [121.07779424400007, 14.313940096000067], [121.07788546800009, 14.313950335000072], [121.07794876700007, 14.313934510000024], [121.0780223050001, 14.313907516000029], [121.07807536400003, 14.313924271000076], [121.07809118900002, 14.314001533000067], [121.07808094900008, 14.31408717200003], [121.07808746500007, 14.314160710000067], [121.07817310500002, 14.314183051000043], [121.07826153600001, 14.314172811000049], [121.07832762800001, 14.314143023000042], [121.07840116600005, 14.314083448000076], [121.07846911900003, 14.314047145000075], [121.07853427900011, 14.314039698000045], [121.07858733800003, 14.314062039000078], [121.07863388100009, 14.314190497000027], [121.07859943900007, 14.314251934000026], [121.07857616800004, 14.314319887000067], [121.07860316300003, 14.314360845000067], [121.07864039700007, 14.314358053000035], [121.07870741900001, 14.314337574000035], [121.07876699400003, 14.314341297000055], [121.0788116760001, 14.31436829200004], [121.07882656900006, 14.314426936000075], [121.07882005300007, 14.314473479000071], [121.07879212700004, 14.314525608000054], [121.07875954700012, 14.314595422000025], [121.07876234000003, 14.314649412000051], [121.07879305800009, 14.314703402000077], [121.07875768600002, 14.314761116000057], [121.07868228600012, 14.314794627000026], [121.0786022320001, 14.314849547000051], [121.07855382700006, 14.314922155000033], [121.07856313600007, 14.315026411000076], [121.07862364200003, 14.31507388500006], [121.07874372300012, 14.315141838000045], [121.07886008000003, 14.315204206000033], [121.07897923100006, 14.315269366000052], [121.07908348700005, 14.315310324000052], [121.0790937270001, 14.315344766000067], [121.0790481140001, 14.31539689400006], [121.0789820230001, 14.315431336000074], [121.07888055900003, 14.31549835800007], [121.07881633000011, 14.315579343000024], [121.07877351000002, 14.315730142000064], [121.07882936200008, 14.315839053000047], [121.07891965600004, 14.315847431000066], [121.07902018900006, 14.315842777000057], [121.07911141300008, 14.31580088800007], [121.07921380800008, 14.315806473000066], [121.07929106900008, 14.315852085000074], [121.07934785200007, 14.315920969000047], [121.07937857000002, 14.316068976000054], [121.07942883700002, 14.31615275400003], [121.07963455700008, 14.316186265000056], [121.07968668500007, 14.316262595000069], [121.0796531740001, 14.316466454000022], [121.07965689800005, 14.31651579000004], [121.07970902600005, 14.316550231000065], [121.07976022300011, 14.316537199000038], [121.07980635900003, 14.316521608000073], [121.07994459200006, 14.31655302400003], [121.079963442, 14.316681832000029], [121.07993516700003, 14.316832632000057], [121.08004512500008, 14.317065114000059], [121.0800042840001, 14.317209631000026], [121.0800168500001, 14.317288172000076], [121.08012680800005, 14.31735728800004], [121.08020220800006, 14.317322730000058], [121.08033415800003, 14.317222197000035], [121.08044725800005, 14.317159364000076], [121.08056035700008, 14.31716878900005], [121.08055407400002, 14.317244189000064], [121.08046924900009, 14.317416980000075], [121.08056978200011, 14.317523796000046], [121.0807519980001, 14.317517513000041], [121.08079912300002, 14.317564638000022], [121.08076770700006, 14.317680879000022], [121.0806357570001, 14.31778455400007], [121.08058549000009, 14.317881945000067], [121.08065460700004, 14.317947920000051], [121.08075514000006, 14.317982478000033], [121.08085567300009, 14.318067303000078], [121.08086195600004, 14.318133278000062], [121.08069544800003, 14.318466294000075], [121.08101275600006, 14.318774176000034], [121.08101589800003, 14.318865284000026], [121.08088709000003, 14.318987809000078], [121.08089023100001, 14.319066350000071], [121.08124209700009, 14.319352241000047], [121.08101589800003, 14.319565874000034], [121.08114784700001, 14.319754373000023], [121.08110700600002, 14.320002564000049], [121.08119183000008, 14.320200489000058], [121.08126408900011, 14.32024447200007], [121.08125152200012, 14.320439255000053], [121.08115413100006, 14.320737712000039], [121.08144944600008, 14.320998470000063], [121.08147772100006, 14.321315777000052], [121.08145721900007, 14.32217578500007], [121.08171424400007, 14.322355866000066], [121.08234434600001, 14.322211801000037], [121.0842395090001, 14.323066037000046], [121.08509329200001, 14.32421067000007], [121.08664136100003, 14.324351403000037], [121.08767340600002, 14.324745457000063], [121.08827043300005, 14.325091474000033], [121.08826869200004, 14.324804143000051]]]]}}]}