{
"type": "FeatureCollection",
"name": "Laguna_Province",
"features": [
{ "type": "Feature", "properties": { "psgc_code": 403400000, "name": "Laguna", "corr_code": 43400000.0, "geo_level": "Prov", "city_class": null, "inc_class": null, "urb_rur": "1st", "pop_2015": null, "pop_2020": null, "status": null, "adm2_pcode": "PH04034", "adm2_en": "Laguna", "adm2_alt": null, "adm1_pcode": "PH04", "adm0_pcode": "PH", "shape_len": 3.8239399868300001, "shape_area": 0.150938310154, "shape_sqkm": 1802.2676568700001 }, "geometry": { "type": "MultiPolygon", "coordinates": [ [ [ [ 121.2065812, 14.2170449 ], [ 121.2066656, 14.2171751 ], [ 121.2065795, 14.217267 ], [ 121.2064463, 14.2173123 ], [ 121.2060662, 14.2173927 ], [ 121.2055807, 14.2176111 ], [ 121.2051133, 14.2179408 ], [ 121.2047322, 14.2181508 ], [ 121.204531, 14.2183991 ], [ 121.2043965, 14.2186202 ], [ 121.2040725, 14.2188028 ], [ 121.2038911, 14.2189495 ], [ 121.2037276, 14.2192351 ], [ 121.2036219, 14.2194009 ], [ 121.2034869, 14.2196868 ], [ 121.2034856, 14.2198533 ], [ 121.2034182, 14.2199731 ], [ 121.2033139, 14.2199723 ], [ 121.2032761, 14.2199535 ], [ 121.2032577, 14.2198794 ], [ 121.2032594, 14.2196573 ], [ 121.2032997, 14.2193615 ], [ 121.203368, 14.2191214 ], [ 121.2034075, 14.2189274 ], [ 121.2033232, 14.2187879 ], [ 121.2032292, 14.2186854 ], [ 121.2032017, 14.2185649 ], [ 121.2032692, 14.2184266 ], [ 121.2038228, 14.2179959 ], [ 121.2046533, 14.2173358 ], [ 121.2053671, 14.2170358 ], [ 121.2056619, 14.2169455 ], [ 121.206345, 14.2169229 ], [ 121.2065812, 14.2170449 ] ] ], [ [ [ 121.3111419, 14.2227144 ], [ 121.3114872, 14.2230075 ], [ 121.3119218, 14.2235514 ], [ 121.3121581, 14.2240373 ], [ 121.3125354, 14.224492 ], [ 121.3127903, 14.2247037 ], [ 121.3128638, 14.2248414 ], [ 121.3128627, 14.2249867 ], [ 121.3127873, 14.2251153 ], [ 121.3126457, 14.2252354 ], [ 121.3124711, 14.2253553 ], [ 121.3123543, 14.2254755 ], [ 121.3122131, 14.2255552 ], [ 121.311998, 14.2255376 ], [ 121.3118002, 14.2254312 ], [ 121.3116279, 14.2252444 ], [ 121.3115053, 14.2250336 ], [ 121.3115066, 14.2248561 ], [ 121.3114999, 14.2246461 ], [ 121.3114269, 14.2244519 ], [ 121.3113203, 14.2243139 ], [ 121.3111808, 14.2241596 ], [ 121.3110742, 14.2240297 ], [ 121.3110259, 14.2238518 ], [ 121.3110106, 14.2236821 ], [ 121.3110034, 14.2235368 ], [ 121.3110046, 14.2233754 ], [ 121.3109482, 14.2231651 ], [ 121.3108496, 14.2230756 ], [ 121.3107435, 14.2228731 ], [ 121.310761, 14.2227521 ], [ 121.310861, 14.222656 ], [ 121.3111419, 14.2227144 ] ] ], [ [ [ 121.4124158, 14.3043291 ], [ 121.4126135, 14.3047214 ], [ 121.4127767, 14.30526 ], [ 121.4129895, 14.3058804 ], [ 121.412837, 14.3061889 ], [ 121.4126697, 14.3062366 ], [ 121.4124199, 14.3061209 ], [ 121.4120564, 14.3055484 ], [ 121.4118265, 14.304993 ], [ 121.411866, 14.3041137 ], [ 121.4119174, 14.3039348 ], [ 121.4121514, 14.3039201 ], [ 121.4124158, 14.3043291 ] ] ], [ [ [ 121.436204, 14.3204479 ], [ 121.4364369, 14.3207166 ], [ 121.4365371, 14.3209385 ], [ 121.4365037, 14.3212512 ], [ 121.4364244, 14.3213957 ], [ 121.4361967, 14.3215011 ], [ 121.4360557, 14.3215078 ], [ 121.4359463, 14.3214842 ], [ 121.4357748, 14.3213762 ], [ 121.435605, 14.3210393 ], [ 121.4355984, 14.3208637 ], [ 121.4355994, 14.3207187 ], [ 121.4356548, 14.3206198 ], [ 121.4357496, 14.320506 ], [ 121.435891, 14.3204229 ], [ 121.4360398, 14.3204163 ], [ 121.436204, 14.3204479 ] ] ], [ [ [ 121.4378089, 14.3215346 ], [ 121.4379023, 14.3216115 ], [ 121.4379796, 14.3217494 ], [ 121.4379783, 14.3219326 ], [ 121.4379222, 14.3221306 ], [ 121.4378663, 14.3222906 ], [ 121.4378173, 14.3225726 ], [ 121.4378009, 14.322687 ], [ 121.4377532, 14.3227859 ], [ 121.4376118, 14.3228613 ], [ 121.4374709, 14.3228604 ], [ 121.4373145, 14.3228517 ], [ 121.4372131, 14.32279 ], [ 121.4371277, 14.3226902 ], [ 121.4370191, 14.3225521 ], [ 121.4369887, 14.3224145 ], [ 121.436982, 14.3222618 ], [ 121.4369986, 14.3221169 ], [ 121.4370548, 14.3219112 ], [ 121.4371893, 14.3217061 ], [ 121.4374172, 14.3215778 ], [ 121.4375978, 14.321495 ], [ 121.4378089, 14.3215346 ] ] ], [ [ [ 121.4185908, 14.3360806 ], [ 121.4183856, 14.3361505 ], [ 121.4180937, 14.3360773 ], [ 121.4177869, 14.3360467 ], [ 121.417538, 14.3360878 ], [ 121.4172458, 14.3360574 ], [ 121.417042, 14.335942 ], [ 121.4170431, 14.3357852 ], [ 121.4170737, 14.3355858 ], [ 121.4173526, 14.3354308 ], [ 121.4177908, 14.3354908 ], [ 121.4180543, 14.3354355 ], [ 121.4182895, 14.335266 ], [ 121.4184956, 14.3350536 ], [ 121.4189213, 14.3348141 ], [ 121.4192862, 14.334902 ], [ 121.4193131, 14.3352443 ], [ 121.4190471, 14.3356417 ], [ 121.4185908, 14.3360806 ] ] ], [ [ [ 121.4321212, 14.3962866 ], [ 121.4321696, 14.3966507 ], [ 121.4318765, 14.3973267 ], [ 121.4316355, 14.3978212 ], [ 121.4314644, 14.398035 ], [ 121.43126, 14.3981494 ], [ 121.4310205, 14.3984454 ], [ 121.4308505, 14.3984939 ], [ 121.4308173, 14.3983944 ], [ 121.4308184, 14.3982291 ], [ 121.4308366, 14.3980639 ], [ 121.4308902, 14.3976674 ], [ 121.4310144, 14.3968911 ], [ 121.4310525, 14.3962961 ], [ 121.4312408, 14.3960493 ], [ 121.4317331, 14.396003 ], [ 121.4321212, 14.3962866 ] ] ], [ [ [ 121.4520052, 14.5957714 ], [ 121.4510505, 14.5952155 ], [ 121.4411136, 14.5872914 ], [ 121.4412099, 14.5865606 ], [ 121.4412506, 14.5865086 ], [ 121.4413202, 14.586057 ], [ 121.4413202, 14.5860091 ], [ 121.4413027, 14.5854885 ], [ 121.4411927, 14.585186 ], [ 121.4412184, 14.5851608 ], [ 121.4415023, 14.5851376 ], [ 121.4419804, 14.5853186 ], [ 121.4423799, 14.5854472 ], [ 121.4425659, 14.5852279 ], [ 121.4425732, 14.5843323 ], [ 121.442573, 14.5843197 ], [ 121.4428222, 14.5837982 ], [ 121.4432866, 14.5828874 ], [ 121.4431698, 14.5821286 ], [ 121.4429339, 14.5813901 ], [ 121.4424229, 14.580588 ], [ 121.441984, 14.5797451 ], [ 121.4415812, 14.5788921 ], [ 121.4415623, 14.5784899 ], [ 121.4420584, 14.5781141 ], [ 121.4428551, 14.5778741 ], [ 121.4440266, 14.577329 ], [ 121.4444736, 14.5771157 ], [ 121.4446276, 14.5767668 ], [ 121.444617, 14.5761756 ], [ 121.4448285, 14.5753699 ], [ 121.4451577, 14.5748639 ], [ 121.4456972, 14.5744902 ], [ 121.4462501, 14.5744001 ], [ 121.4466636, 14.5742927 ], [ 121.4468737, 14.5735854 ], [ 121.4469889, 14.5726913 ], [ 121.44785, 14.572024 ], [ 121.4480887, 14.5714589 ], [ 121.4481996, 14.5709783 ], [ 121.4490418, 14.5705931 ], [ 121.4493676, 14.5705201 ], [ 121.4495872, 14.5704184 ], [ 121.4497264, 14.5701883 ], [ 121.4495663, 14.5699262 ], [ 121.4493863, 14.5696199 ], [ 121.4460381, 14.5624969 ], [ 121.4456221, 14.5625543 ], [ 121.4449623, 14.5625399 ], [ 121.4448479, 14.5628889 ], [ 121.4448246, 14.5630833 ], [ 121.4448246, 14.5633398 ], [ 121.4438296, 14.5630133 ], [ 121.4433477, 14.5628112 ], [ 121.4424926, 14.5624925 ], [ 121.4412255, 14.5619328 ], [ 121.4410078, 14.5618395 ], [ 121.4405492, 14.5616063 ], [ 121.4412474, 14.5610769 ], [ 121.4399565, 14.5605319 ], [ 121.4392537, 14.560202 ], [ 121.4390385, 14.5600012 ], [ 121.4389668, 14.5597573 ], [ 121.4389381, 14.5595135 ], [ 121.4391389, 14.5591406 ], [ 121.4393684, 14.5586099 ], [ 121.4394545, 14.5582656 ], [ 121.4394114, 14.5577206 ], [ 121.439346, 14.5572233 ], [ 121.4393397, 14.5571755 ], [ 121.4475564, 14.5476283 ], [ 121.4473964, 14.5474112 ], [ 121.4474878, 14.5472054 ], [ 121.4476135, 14.5470797 ], [ 121.4477849, 14.5468855 ], [ 121.4477278, 14.5465198 ], [ 121.4475564, 14.5461084 ], [ 121.4476592, 14.5458569 ], [ 121.4478084, 14.5456127 ], [ 121.4482316, 14.5454615 ], [ 121.4479898, 14.5449779 ], [ 121.425291, 14.5420622 ], [ 121.4242023, 14.5422873 ], [ 121.4223844, 14.5417523 ], [ 121.4204476, 14.5417619 ], [ 121.4188859, 14.542037 ], [ 121.4183136, 14.5422902 ], [ 121.4175406, 14.5423153 ], [ 121.4167793, 14.5425988 ], [ 121.415811, 14.5431687 ], [ 121.4154247, 14.5430286 ], [ 121.4144882, 14.5431928 ], [ 121.4115123, 14.5443051 ], [ 121.4070082, 14.5445585 ], [ 121.4042819, 14.545414 ], [ 121.4044297, 14.545084 ], [ 121.404532, 14.5446989 ], [ 121.4045775, 14.5443798 ], [ 121.4044069, 14.5441047 ], [ 121.4041455, 14.5440167 ], [ 121.4037931, 14.5441267 ], [ 121.4034635, 14.5447209 ], [ 121.4031111, 14.5448419 ], [ 121.4024518, 14.5449079 ], [ 121.4023495, 14.5448199 ], [ 121.4022926, 14.5444238 ], [ 121.4033271, 14.5432905 ], [ 121.4033953, 14.5430704 ], [ 121.4032702, 14.5427513 ], [ 121.4028724, 14.5426303 ], [ 121.4018493, 14.5426963 ], [ 121.4017243, 14.5427293 ], [ 121.4017584, 14.5429604 ], [ 121.4016447, 14.5431914 ], [ 121.4014515, 14.5432024 ], [ 121.4013378, 14.5430484 ], [ 121.4006671, 14.5427403 ], [ 121.4004852, 14.5424872 ], [ 121.4001669, 14.5423552 ], [ 121.4001101, 14.5421792 ], [ 121.4001897, 14.541662 ], [ 121.4002124, 14.5413209 ], [ 121.400417, 14.5408698 ], [ 121.4000874, 14.5409248 ], [ 121.3997236, 14.5410018 ], [ 121.3992121, 14.5410348 ], [ 121.3987574, 14.5413209 ], [ 121.3983141, 14.541662 ], [ 121.3981663, 14.5420141 ], [ 121.3980981, 14.5423442 ], [ 121.39828, 14.5433235 ], [ 121.398189, 14.5435765 ], [ 121.3976434, 14.5436206 ], [ 121.397382, 14.5432905 ], [ 121.3973138, 14.5430594 ], [ 121.3970751, 14.5425092 ], [ 121.3967227, 14.5424652 ], [ 121.3965181, 14.5423332 ], [ 121.3959042, 14.5422012 ], [ 121.3955859, 14.5421241 ], [ 121.3955064, 14.5419591 ], [ 121.3955405, 14.541453 ], [ 121.3953586, 14.5410018 ], [ 121.3946489, 14.5409809 ], [ 121.3940957, 14.540783 ], [ 121.3938431, 14.5404919 ], [ 121.3936507, 14.5404919 ], [ 121.3936748, 14.5402707 ], [ 121.3937589, 14.5400146 ], [ 121.3939754, 14.5398167 ], [ 121.3938311, 14.539514 ], [ 121.3934944, 14.53906 ], [ 121.3928569, 14.5383033 ], [ 121.392412, 14.5383964 ], [ 121.3921594, 14.5384081 ], [ 121.3918708, 14.5385711 ], [ 121.3913897, 14.5391531 ], [ 121.3906801, 14.539677 ], [ 121.3899465, 14.5400845 ], [ 121.3895015, 14.5397469 ], [ 121.389261, 14.5395373 ], [ 121.3889603, 14.5393511 ], [ 121.3889483, 14.5391299 ], [ 121.3889603, 14.5388272 ], [ 121.3889363, 14.538606 ], [ 121.3891407, 14.5383499 ], [ 121.3892008, 14.5380472 ], [ 121.3892008, 14.5377562 ], [ 121.3894053, 14.5375 ], [ 121.389718, 14.5372789 ], [ 121.3899585, 14.5371624 ], [ 121.3901509, 14.536918 ], [ 121.3901991, 14.5366735 ], [ 121.3902231, 14.5364174 ], [ 121.3900547, 14.5361031 ], [ 121.3898262, 14.5358702 ], [ 121.3897661, 14.5355559 ], [ 121.389706, 14.5352765 ], [ 121.3894053, 14.5349971 ], [ 121.3888881, 14.5349272 ], [ 121.3886356, 14.5349855 ], [ 121.3884792, 14.5352532 ], [ 121.3883229, 14.5353463 ], [ 121.3882507, 14.5353929 ], [ 121.3880824, 14.5353929 ], [ 121.387938, 14.5352649 ], [ 121.3878659, 14.5351834 ], [ 121.3878298, 14.5350087 ], [ 121.3877216, 14.5350204 ], [ 121.3876735, 14.5349389 ], [ 121.3872766, 14.5348225 ], [ 121.3869398, 14.5351252 ], [ 121.3868316, 14.5349971 ], [ 121.3867835, 14.5346129 ], [ 121.3866632, 14.5342404 ], [ 121.3863265, 14.5340075 ], [ 121.3858214, 14.5338446 ], [ 121.3856049, 14.5338213 ], [ 121.3853764, 14.5339726 ], [ 121.3852321, 14.5341822 ], [ 121.3851479, 14.5343452 ], [ 121.3850156, 14.5342869 ], [ 121.3850156, 14.5340075 ], [ 121.3850517, 14.5336932 ], [ 121.3851118, 14.5333789 ], [ 121.3851479, 14.5330529 ], [ 121.384739, 14.5317607 ], [ 121.3839452, 14.5316675 ], [ 121.382478, 14.5315511 ], [ 121.3817082, 14.5315977 ], [ 121.3811069, 14.5315278 ], [ 121.3807461, 14.5307827 ], [ 121.3803853, 14.5296651 ], [ 121.3800967, 14.52892 ], [ 121.3794713, 14.5280352 ], [ 121.379784, 14.5267197 ], [ 121.3788459, 14.5259513 ], [ 121.3776913, 14.5253459 ], [ 121.3762482, 14.5246008 ], [ 121.3764946, 14.5234096 ], [ 121.3777018, 14.5227747 ], [ 121.3782825, 14.5217314 ], [ 121.3783619, 14.5205658 ], [ 121.3782323, 14.5204363 ], [ 121.377445, 14.5198293 ], [ 121.3767965, 14.5193101 ], [ 121.3768678, 14.5180475 ], [ 121.3773345, 14.5163726 ], [ 121.377665, 14.5144685 ], [ 121.3772164, 14.513041 ], [ 121.3768299, 14.5122707 ], [ 121.3764435, 14.5121607 ], [ 121.3761934, 14.5120286 ], [ 121.3762388, 14.5116324 ], [ 121.3766935, 14.5112803 ], [ 121.3767845, 14.5109502 ], [ 121.3762388, 14.5109061 ], [ 121.3756705, 14.5107081 ], [ 121.3758978, 14.5104219 ], [ 121.3760797, 14.5100698 ], [ 121.3759206, 14.5098277 ], [ 121.3761024, 14.5095636 ], [ 121.3764662, 14.5097176 ], [ 121.3768299, 14.5097176 ], [ 121.3768981, 14.5093875 ], [ 121.3767163, 14.5089693 ], [ 121.3763525, 14.5085731 ], [ 121.3759206, 14.5083971 ], [ 121.3754431, 14.5078248 ], [ 121.3754431, 14.5074286 ], [ 121.3705103, 14.5044297 ], [ 121.3667156, 14.4982074 ], [ 121.3622581, 14.4864328 ], [ 121.3617535, 14.4771814 ], [ 121.3761444, 14.4642461 ], [ 121.376156, 14.4642625 ], [ 121.3761981, 14.4642247 ], [ 121.3762627, 14.4571447 ], [ 121.3758923, 14.4545957 ], [ 121.375433, 14.451435 ], [ 121.3715959, 14.4516919 ], [ 121.3677463, 14.4533988 ], [ 121.3624319, 14.4541939 ], [ 121.3626596, 14.4484891 ], [ 121.3629333, 14.4424302 ], [ 121.3631678, 14.435824 ], [ 121.3633421, 14.4313702 ], [ 121.3646587, 14.4241289 ], [ 121.3666336, 14.4073424 ], [ 121.3667982, 14.3989491 ], [ 121.3667982, 14.3913786 ], [ 121.3691983, 14.3751422 ], [ 121.3680414, 14.3730913 ], [ 121.3668318, 14.3702515 ], [ 121.3639325, 14.3633589 ], [ 121.3653499, 14.3559359 ], [ 121.3799251, 14.3443241 ], [ 121.3803015, 14.3392448 ], [ 121.3804272, 14.3379418 ], [ 121.380491, 14.3379814 ], [ 121.3804946, 14.3379437 ], [ 121.3805526, 14.3379658 ], [ 121.3806774, 14.3380399 ], [ 121.3808326, 14.3382426 ], [ 121.3810312, 14.3385066 ], [ 121.3812357, 14.3388195 ], [ 121.3814096, 14.3390223 ], [ 121.3816339, 14.339201 ], [ 121.3818465, 14.3392574 ], [ 121.3832812, 14.3392672 ], [ 121.3836005, 14.3392999 ], [ 121.3838256, 14.3393625 ], [ 121.3840254, 14.3394616 ], [ 121.3841997, 14.3396155 ], [ 121.3844108, 14.3398857 ], [ 121.3847578, 14.3404195 ], [ 121.3849999, 14.3407327 ], [ 121.3852737, 14.3410033 ], [ 121.3854919, 14.3411453 ], [ 121.3858351, 14.3413431 ], [ 121.3864161, 14.3415853 ], [ 121.3870781, 14.3418708 ], [ 121.3877394, 14.3422723 ], [ 121.3880071, 14.3425124 ], [ 121.3881381, 14.3425866 ], [ 121.3886504, 14.3427917 ], [ 121.389044, 14.3429273 ], [ 121.3890479, 14.342953 ], [ 121.3894153, 14.3432018 ], [ 121.3896435, 14.3435705 ], [ 121.3898613, 14.3436904 ], [ 121.3902483, 14.3439418 ], [ 121.3904167, 14.3441798 ], [ 121.390475, 14.3445119 ], [ 121.3905038, 14.3446335 ], [ 121.390534, 14.344761 ], [ 121.3908003, 14.344905 ], [ 121.3912973, 14.3450505 ], [ 121.3916126, 14.3451355 ], [ 121.3917321, 14.3454088 ], [ 121.3916683, 14.3458466 ], [ 121.3911298, 14.3467315 ], [ 121.3911066, 14.3469075 ], [ 121.3911198, 14.3473062 ], [ 121.3912607, 14.347776 ], [ 121.3915858, 14.3481739 ], [ 121.392078, 14.3484875 ], [ 121.392708, 14.348838 ], [ 121.3932305, 14.349063 ], [ 121.3934352, 14.3491228 ], [ 121.3934423, 14.3491329 ], [ 121.3944592, 14.349505 ], [ 121.3952213, 14.3497698 ], [ 121.395653, 14.3501759 ], [ 121.3960853, 14.3505 ], [ 121.3961973, 14.3505213 ], [ 121.3963939, 14.3504748 ], [ 121.3965979, 14.3503668 ], [ 121.3967731, 14.350368 ], [ 121.3970918, 14.350474 ], [ 121.3971507, 14.3504935 ], [ 121.397662, 14.3505448 ], [ 121.3978796, 14.3505053 ], [ 121.3980475, 14.3505543 ], [ 121.3981364, 14.3508624 ], [ 121.3979082, 14.3514212 ], [ 121.3976752, 14.3516588 ], [ 121.3974912, 14.3517712 ], [ 121.3974112, 14.3519415 ], [ 121.3974008, 14.3521635 ], [ 121.3974434, 14.3523346 ], [ 121.3976086, 14.3525151 ], [ 121.3978091, 14.3526531 ], [ 121.3979313, 14.3527308 ], [ 121.3980362, 14.3527657 ], [ 121.398123, 14.3528773 ], [ 121.3981389, 14.3531081 ], [ 121.398234, 14.3532796 ], [ 121.3983562, 14.3533487 ], [ 121.398522, 14.3534353 ], [ 121.398793, 14.3535225 ], [ 121.3989414, 14.3536004 ], [ 121.3990894, 14.3537381 ], [ 121.3991228, 14.3539775 ], [ 121.3990516, 14.3541222 ], [ 121.3989006, 14.3544202 ], [ 121.3988644, 14.3545737 ], [ 121.3989676, 14.3548477 ], [ 121.3989571, 14.3563254 ], [ 121.3989963, 14.3569749 ], [ 121.3991061, 14.3575564 ], [ 121.3990603, 14.3578295 ], [ 121.3990938, 14.3580518 ], [ 121.399267, 14.3583434 ], [ 121.3996591, 14.358645 ], [ 121.3998237, 14.3589109 ], [ 121.3998129, 14.3591927 ], [ 121.3996884, 14.3594567 ], [ 121.3996428, 14.3597126 ], [ 121.3996718, 14.3601409 ], [ 121.3996572, 14.3601239 ], [ 121.3997802, 14.3603687 ], [ 121.3997953, 14.3603848 ], [ 121.4001193, 14.3607291 ], [ 121.400138, 14.3607697 ], [ 121.4001283, 14.3610119 ], [ 121.400206, 14.3613563 ], [ 121.4003809, 14.3615685 ], [ 121.4004922, 14.3616864 ], [ 121.4007076, 14.3618442 ], [ 121.4008429, 14.3619779 ], [ 121.4009693, 14.3622445 ], [ 121.4011747, 14.3626601 ], [ 121.4013331, 14.3629347 ], [ 121.4014919, 14.3631467 ], [ 121.4017714, 14.3633049 ], [ 121.4020781, 14.3634335 ], [ 121.4022001, 14.3635481 ], [ 121.4022416, 14.3636832 ], [ 121.4022635, 14.3639959 ], [ 121.4023269, 14.3640902 ], [ 121.4024943, 14.364232 ], [ 121.4027571, 14.3644682 ], [ 121.402924, 14.3646725 ], [ 121.4029523, 14.3652119 ], [ 121.4031028, 14.365463 ], [ 121.4035012, 14.3658095 ], [ 121.4037872, 14.3661631 ], [ 121.404039, 14.3668291 ], [ 121.40438, 14.367355 ], [ 121.404593, 14.3678409 ], [ 121.4047419, 14.3683265 ], [ 121.4048102, 14.368874 ], [ 121.4048458, 14.3694994 ], [ 121.4048668, 14.3699372 ], [ 121.4048728, 14.3702107 ], [ 121.405039, 14.3705244 ], [ 121.4053153, 14.371128 ], [ 121.4055608, 14.3715439 ], [ 121.4059024, 14.3719916 ], [ 121.406221, 14.3722751 ], [ 121.4063083, 14.3724086 ], [ 121.4064265, 14.3726985 ], [ 121.4066174, 14.372903 ], [ 121.406833, 14.3730217 ], [ 121.4070249, 14.3730933 ], [ 121.4073854, 14.3731348 ], [ 121.4076147, 14.3731184 ], [ 121.4077775, 14.3731705 ], [ 121.4078559, 14.3732558 ], [ 121.4076785, 14.3732853 ], [ 121.4078211, 14.3735123 ], [ 121.4077629, 14.3736474 ], [ 121.4076788, 14.3737686 ], [ 121.4076018, 14.3738627 ], [ 121.4075177, 14.3739974 ], [ 121.4074819, 14.3741459 ], [ 121.4074879, 14.3742745 ], [ 121.4075553, 14.3744056 ], [ 121.4076659, 14.3746205 ], [ 121.4078925, 14.3749467 ], [ 121.4082113, 14.375472 ], [ 121.4086847, 14.3759739 ], [ 121.4091992, 14.3767804 ], [ 121.4092669, 14.3770176 ], [ 121.4092306, 14.377254 ], [ 121.4090469, 14.377481 ], [ 121.4088454, 14.3777755 ], [ 121.408757, 14.3780116 ], [ 121.4087559, 14.3781637 ], [ 121.4088241, 14.3783332 ], [ 121.4089275, 14.3784269 ], [ 121.4097665, 14.3784325 ], [ 121.4098206, 14.3784329 ], [ 121.4100444, 14.3786203 ], [ 121.4100164, 14.3789385 ], [ 121.4099376, 14.3791391 ], [ 121.4098241, 14.3792497 ], [ 121.409529, 14.3796408 ], [ 121.4093139, 14.380111 ], [ 121.4091065, 14.3809351 ], [ 121.40892, 14.3816413 ], [ 121.4087551, 14.382161 ], [ 121.4084288, 14.3826894 ], [ 121.4081334, 14.38311 ], [ 121.4079294, 14.3834525 ], [ 121.4078972, 14.3837275 ], [ 121.4078245, 14.3840316 ], [ 121.4075808, 14.3842756 ], [ 121.4074179, 14.3845005 ], [ 121.4073769, 14.3846083 ], [ 121.4073757, 14.3847754 ], [ 121.4073131, 14.3850698 ], [ 121.4071597, 14.3853733 ], [ 121.4069054, 14.3856959 ], [ 121.4067423, 14.3859601 ], [ 121.40669, 14.3862251 ], [ 121.4066776, 14.3865493 ], [ 121.4067962, 14.3868842 ], [ 121.4069655, 14.3871703 ], [ 121.4073168, 14.3873888 ], [ 121.4075551, 14.3874972 ], [ 121.4079127, 14.3875059 ], [ 121.4080187, 14.387484 ], [ 121.4082336, 14.3874883 ], [ 121.4082718, 14.3874949 ], [ 121.4089547, 14.3876654 ], [ 121.4090684, 14.3877347 ], [ 121.4090677, 14.387833 ], [ 121.4090568, 14.3879508 ], [ 121.4089654, 14.3880485 ], [ 121.4088338, 14.3881262 ], [ 121.4086616, 14.388243 ], [ 121.4084998, 14.3883106 ], [ 121.4083579, 14.3884178 ], [ 121.4082863, 14.3885647 ], [ 121.4082853, 14.3887121 ], [ 121.4082943, 14.3888595 ], [ 121.4083532, 14.3890859 ], [ 121.4085532, 14.3893231 ], [ 121.4087324, 14.3896388 ], [ 121.4087621, 14.3897772 ], [ 121.4088104, 14.3900029 ], [ 121.4088571, 14.3905338 ], [ 121.4089445, 14.3909963 ], [ 121.409063, 14.3913508 ], [ 121.4094838, 14.3917172 ], [ 121.4099754, 14.3920546 ], [ 121.4101958, 14.3922526 ], [ 121.4102848, 14.3924989 ], [ 121.4103539, 14.3927057 ], [ 121.4103905, 14.3927581 ], [ 121.4104437, 14.3928341 ], [ 121.410554, 14.3929134 ], [ 121.4111178, 14.3930253 ], [ 121.4114093, 14.3931452 ], [ 121.4116094, 14.3933627 ], [ 121.4118493, 14.3936493 ], [ 121.4121396, 14.3939362 ], [ 121.4125408, 14.3942239 ], [ 121.4129427, 14.3944133 ], [ 121.4138547, 14.395176 ], [ 121.4142238, 14.3957386 ], [ 121.414433, 14.3960839 ], [ 121.4147425, 14.3965184 ], [ 121.4150623, 14.3969136 ], [ 121.4153225, 14.3971806 ], [ 121.4155431, 14.3973492 ], [ 121.4156938, 14.397419 ], [ 121.4158047, 14.3974197 ], [ 121.415916, 14.3973713 ], [ 121.4160579, 14.3972543 ], [ 121.4162321, 14.3968526 ], [ 121.4164558, 14.3965888 ], [ 121.4168098, 14.3964241 ], [ 121.4170421, 14.3963667 ], [ 121.4173948, 14.3963789 ], [ 121.4175556, 14.3964488 ], [ 121.4176566, 14.3964298 ], [ 121.4177882, 14.3963521 ], [ 121.4178902, 14.3961857 ], [ 121.418002, 14.3960587 ], [ 121.4182145, 14.3959422 ], [ 121.4183657, 14.3959432 ], [ 121.418678, 14.3959748 ], [ 121.4188496, 14.3959465 ], [ 121.4190315, 14.3958789 ], [ 121.419356, 14.3956059 ], [ 121.4196298, 14.3953817 ], [ 121.4198724, 14.3952851 ], [ 121.4200135, 14.3952959 ], [ 121.4208682, 14.395616 ], [ 121.42122, 14.3957658 ], [ 121.4213306, 14.395796 ], [ 121.4214315, 14.3957868 ], [ 121.4215733, 14.3956895 ], [ 121.4215842, 14.3955717 ], [ 121.4215859, 14.3953359 ], [ 121.4216065, 14.395277 ], [ 121.4216777, 14.3951891 ], [ 121.4218392, 14.3951607 ], [ 121.4220207, 14.3951521 ], [ 121.4221622, 14.3951039 ], [ 121.4222336, 14.3949766 ], [ 121.4223054, 14.39481 ], [ 121.4224486, 14.3945162 ], [ 121.4228647, 14.3941161 ], [ 121.4234436, 14.3935107 ], [ 121.4242051, 14.3927395 ], [ 121.4246467, 14.3922517 ], [ 121.4247455, 14.3920912 ], [ 121.4251884, 14.3916379 ], [ 121.4257732, 14.3911717 ], [ 121.4264756, 14.3901118 ], [ 121.4273075, 14.3887901 ], [ 121.4277361, 14.3883505 ], [ 121.4284054, 14.3879679 ], [ 121.4295576, 14.3874917 ], [ 121.4299987, 14.3872872 ], [ 121.4302256, 14.3872887 ], [ 121.430424, 14.3873177 ], [ 121.4305082, 14.3874427 ], [ 121.4304646, 14.3875945 ], [ 121.4303499, 14.3877734 ], [ 121.4302637, 14.3879249 ], [ 121.4302346, 14.3880353 ], [ 121.4302477, 14.3881875 ], [ 121.4303469, 14.388202 ], [ 121.4304746, 14.388189 ], [ 121.430961, 14.3875977 ], [ 121.4313457, 14.3873514 ], [ 121.4316866, 14.3872707 ], [ 121.4318711, 14.3872581 ], [ 121.4321119, 14.3873012 ], [ 121.4323096, 14.387427 ], [ 121.4324789, 14.3875525 ], [ 121.4325487, 14.3877189 ], [ 121.4325617, 14.3878849 ], [ 121.432546, 14.388106 ], [ 121.4322173, 14.3884633 ], [ 121.431445, 14.3893706 ], [ 121.4310335, 14.3897968 ], [ 121.4308879, 14.3899476 ], [ 121.4304887, 14.3902353 ], [ 121.4302323, 14.3903995 ], [ 121.4301171, 14.3906476 ], [ 121.4301127, 14.3912697 ], [ 121.4301232, 14.3917951 ], [ 121.4299771, 14.3924025 ], [ 121.4298183, 14.3928023 ], [ 121.429604, 14.3930221 ], [ 121.4293478, 14.3931587 ], [ 121.4283528, 14.3934562 ], [ 121.4280684, 14.3935874 ], [ 121.4280702, 14.393599 ], [ 121.4280219, 14.3936142 ], [ 121.4279073, 14.3937948 ], [ 121.4278333, 14.3939678 ], [ 121.427743, 14.3941565 ], [ 121.4276201, 14.3943765 ], [ 121.4275381, 14.3945336 ], [ 121.4275125, 14.3947149 ], [ 121.4275118, 14.3949835 ], [ 121.4277194, 14.3952131 ], [ 121.4278554, 14.3954269 ], [ 121.427935, 14.3956246 ], [ 121.4279165, 14.3959478 ], [ 121.4278714, 14.39661 ], [ 121.4278947, 14.39676 ], [ 121.4279265, 14.3968391 ], [ 121.427991, 14.396871 ], [ 121.4280637, 14.3968794 ], [ 121.428218, 14.3968016 ], [ 121.4283732, 14.3965897 ], [ 121.428504, 14.3964013 ], [ 121.428673, 14.3962368 ], [ 121.4289115, 14.3962827 ], [ 121.4290695, 14.3964501 ], [ 121.4291338, 14.3965868 ], [ 121.4291817, 14.3966739 ], [ 121.42927, 14.3967691 ], [ 121.429367, 14.3967855 ], [ 121.429545, 14.3967867 ], [ 121.4297231, 14.3967721 ], [ 121.4298687, 14.3967731 ], [ 121.4299981, 14.3967897 ], [ 121.4301108, 14.3968694 ], [ 121.4302872, 14.3970992 ], [ 121.4303659, 14.3974152 ], [ 121.4303789, 14.3978727 ], [ 121.4303519, 14.398259 ], [ 121.4303501, 14.3985113 ], [ 121.4303248, 14.3986689 ], [ 121.4303403, 14.3987636 ], [ 121.4304118, 14.3989455 ], [ 121.4305872, 14.3993252 ], [ 121.4308434, 14.3997133 ], [ 121.4310114, 14.3999905 ], [ 121.4311476, 14.4001728 ], [ 121.4312994, 14.4004577 ], [ 121.4313862, 14.4007658 ], [ 121.4316099, 14.4011774 ], [ 121.4317528, 14.4015648 ], [ 121.4318636, 14.4019204 ], [ 121.4320317, 14.4021897 ], [ 121.4321517, 14.4023718 ], [ 121.4323844, 14.4026494 ], [ 121.4325114, 14.4030051 ], [ 121.4326379, 14.4034318 ], [ 121.4327183, 14.4037961 ], [ 121.4328464, 14.40428 ], [ 121.4328639, 14.4046646 ], [ 121.4328199, 14.4051769 ], [ 121.4328276, 14.405522 ], [ 121.4328666, 14.4057293 ], [ 121.4329674, 14.4057792 ], [ 121.4330483, 14.4057798 ], [ 121.4331506, 14.4056227 ], [ 121.4331735, 14.4052384 ], [ 121.4332566, 14.4049235 ], [ 121.4332991, 14.4046281 ], [ 121.4332807, 14.4043618 ], [ 121.4330614, 14.4039069 ], [ 121.4329625, 14.4035907 ], [ 121.4328952, 14.4030875 ], [ 121.4329977, 14.4028911 ], [ 121.4330926, 14.4023396 ], [ 121.4331256, 14.4019554 ], [ 121.4331275, 14.4016794 ], [ 121.4330378, 14.4014915 ], [ 121.4327462, 14.4012431 ], [ 121.4324742, 14.4010934 ], [ 121.4320312, 14.4008046 ], [ 121.4316799, 14.4004178 ], [ 121.4316109, 14.4001709 ], [ 121.4315924, 14.3999145 ], [ 121.4316368, 14.3993529 ], [ 121.4317209, 14.3988999 ], [ 121.4322537, 14.3979177 ], [ 121.4324287, 14.3974654 ], [ 121.4324935, 14.3971982 ], [ 121.4331936, 14.3975235 ], [ 121.4345831, 14.3979486 ], [ 121.4342935, 14.397082 ], [ 121.4342407, 14.3966273 ], [ 121.434078, 14.3958993 ], [ 121.4341367, 14.3954999 ], [ 121.4345134, 14.3949572 ], [ 121.4345349, 14.3945394 ], [ 121.4342037, 14.3939193 ], [ 121.4339628, 14.3936996 ], [ 121.4338707, 14.3935354 ], [ 121.4338726, 14.3932629 ], [ 121.4339859, 14.3930637 ], [ 121.4342657, 14.3930474 ], [ 121.4346393, 14.3929166 ], [ 121.4346103, 14.3928416 ], [ 121.4346124, 14.3925454 ], [ 121.4346471, 14.392403 ], [ 121.4347825, 14.3923601 ], [ 121.4349511, 14.3923831 ], [ 121.4351416, 14.392505 ], [ 121.4356653, 14.3932544 ], [ 121.4358656, 14.3935848 ], [ 121.436134, 14.3938279 ], [ 121.4364255, 14.3939834 ], [ 121.4368077, 14.3940408 ], [ 121.4369876, 14.394064 ], [ 121.4371779, 14.3942078 ], [ 121.4373454, 14.3943954 ], [ 121.4374904, 14.3945828 ], [ 121.43779, 14.3951991 ], [ 121.438146, 14.3957938 ], [ 121.4388388, 14.3965005 ], [ 121.4391859, 14.3967551 ], [ 121.4394105, 14.3968333 ], [ 121.4398156, 14.396836 ], [ 121.439956, 14.3967687 ], [ 121.4402579, 14.3966065 ], [ 121.4405546, 14.3966085 ], [ 121.4407661, 14.3966787 ], [ 121.440991, 14.3968455 ], [ 121.4410891, 14.3969563 ], [ 121.4412802, 14.3969809 ], [ 121.441315, 14.3969853 ], [ 121.4416542, 14.39696 ], [ 121.4419512, 14.3969207 ], [ 121.4421589, 14.3969958 ], [ 121.442692, 14.3977457 ], [ 121.4428021, 14.3977528 ], [ 121.4429754, 14.3977309 ], [ 121.4431568, 14.397663 ], [ 121.4434726, 14.3975194 ], [ 121.4438285, 14.3972762 ], [ 121.4442604, 14.3967451 ], [ 121.4446336, 14.3959758 ], [ 121.4449736, 14.3955921 ], [ 121.4452166, 14.3954436 ], [ 121.4453709, 14.3954017 ], [ 121.4454662, 14.3954023 ], [ 121.4457512, 14.3955543 ], [ 121.446444, 14.3961093 ], [ 121.4470307, 14.3965293 ], [ 121.4473501, 14.3967334 ], [ 121.447895, 14.3970815 ], [ 121.4479782, 14.3971324 ], [ 121.448314, 14.3973211 ], [ 121.4485576, 14.3973764 ], [ 121.4487307, 14.3973775 ], [ 121.4489119, 14.397348 ], [ 121.4490379, 14.3973335 ], [ 121.4491958, 14.3972655 ], [ 121.4493537, 14.3971898 ], [ 121.449496, 14.3970987 ], [ 121.4496537, 14.3970537 ], [ 121.4497959, 14.3969779 ], [ 121.4500086, 14.3969487 ], [ 121.4502212, 14.3969347 ], [ 121.4505142, 14.3969355 ], [ 121.4505141, 14.3969415 ], [ 121.4506332, 14.3969456 ], [ 121.4510038, 14.3969229 ], [ 121.4513923, 14.3968246 ], [ 121.4519202, 14.3964921 ], [ 121.4522931, 14.3961418 ], [ 121.4524769, 14.3957315 ], [ 121.4524893, 14.3956804 ], [ 121.4525833, 14.3952954 ], [ 121.4525252, 14.3949675 ], [ 121.4523886, 14.3947271 ], [ 121.4523326, 14.3946639 ], [ 121.452216, 14.394524 ], [ 121.4519904, 14.394367 ], [ 121.4517558, 14.3943 ], [ 121.4514537, 14.3942899 ], [ 121.4505804, 14.3943087 ], [ 121.449976, 14.3942965 ], [ 121.4495909, 14.3941303 ], [ 121.4492648, 14.39394 ], [ 121.4491651, 14.393792 ], [ 121.4490827, 14.3935624 ], [ 121.4491705, 14.3930146 ], [ 121.4493265, 14.3922955 ], [ 121.4494384, 14.3918953 ], [ 121.4493908, 14.391494 ], [ 121.4492255, 14.3911164 ], [ 121.4490105, 14.3906486 ], [ 121.4490045, 14.390549 ], [ 121.4489879, 14.390272 ], [ 121.4490407, 14.3899204 ], [ 121.4492192, 14.3896024 ], [ 121.4493208, 14.3894722 ], [ 121.4494389, 14.3893911 ], [ 121.4495149, 14.3893261 ], [ 121.449608, 14.3892204 ], [ 121.4497594, 14.3891886 ], [ 121.4498769, 14.3891894 ], [ 121.4499607, 14.3892145 ], [ 121.4502193, 14.3894453 ], [ 121.4507022, 14.3900377 ], [ 121.4509954, 14.3901296 ], [ 121.4515402, 14.390256 ], [ 121.451968, 14.3903079 ], [ 121.4524466, 14.390311 ], [ 121.4533287, 14.3902186 ], [ 121.4541434, 14.3901666 ], [ 121.4546468, 14.390219 ], [ 121.4547977, 14.3902527 ], [ 121.4549657, 14.3902456 ], [ 121.4551092, 14.390132 ], [ 121.4552442, 14.3900347 ], [ 121.4553205, 14.3899288 ], [ 121.4554722, 14.3898316 ], [ 121.4556826, 14.3897675 ], [ 121.4558763, 14.3896787 ], [ 121.4559773, 14.3896303 ], [ 121.4562472, 14.389452 ], [ 121.4563484, 14.3893954 ], [ 121.4565342, 14.3892248 ], [ 121.4566865, 14.3890539 ], [ 121.4567462, 14.3889234 ], [ 121.4568142, 14.3888011 ], [ 121.4568315, 14.3887193 ], [ 121.4569242, 14.3886708 ], [ 121.4570419, 14.3886552 ], [ 121.4575161, 14.3886583 ], [ 121.4575624, 14.3886586 ], [ 121.4577729, 14.38857 ], [ 121.4578908, 14.3885053 ], [ 121.4580258, 14.388408 ], [ 121.4581939, 14.3883845 ], [ 121.4583198, 14.3883853 ], [ 121.4584624, 14.3884108 ], [ 121.4586801, 14.3884859 ], [ 121.4587807, 14.3885111 ], [ 121.4590491, 14.3885538 ], [ 121.4592257, 14.3885058 ], [ 121.4593103, 14.3884163 ], [ 121.4593866, 14.3883023 ], [ 121.4594293, 14.3881962 ], [ 121.4594305, 14.3880243 ], [ 121.4594814, 14.387951 ], [ 121.459591, 14.3878781 ], [ 121.4597255, 14.3878626 ], [ 121.4598184, 14.3877732 ], [ 121.4598779, 14.3876672 ], [ 121.4598869, 14.3875772 ], [ 121.4599044, 14.3874709 ], [ 121.4599722, 14.3873895 ], [ 121.4601659, 14.3872926 ], [ 121.4603342, 14.3872446 ], [ 121.460519, 14.3872212 ], [ 121.4607124, 14.3871816 ], [ 121.4609226, 14.3871338 ], [ 121.4610825, 14.3870694 ], [ 121.4612342, 14.3869886 ], [ 121.461421, 14.386687 ], [ 121.4615228, 14.3865322 ], [ 121.4615827, 14.3863607 ], [ 121.461676, 14.3862222 ], [ 121.4617521, 14.386149 ], [ 121.4618785, 14.3860844 ], [ 121.4620465, 14.3860609 ], [ 121.462206, 14.386062 ], [ 121.4624331, 14.385998 ], [ 121.4624996, 14.3859632 ], [ 121.4626439, 14.3858605 ], [ 121.4629495, 14.3855594 ], [ 121.4633455, 14.385192 ], [ 121.4635753, 14.3849789 ], [ 121.4638742, 14.3845839 ], [ 121.4639946, 14.3843032 ], [ 121.4640329, 14.3841086 ], [ 121.464034, 14.3839498 ], [ 121.464109, 14.383806 ], [ 121.4642578, 14.3837059 ], [ 121.4644432, 14.3836494 ], [ 121.4646216, 14.3835567 ], [ 121.4647335, 14.3834275 ], [ 121.4648011, 14.3832909 ], [ 121.4648249, 14.3830601 ], [ 121.4648493, 14.3827283 ], [ 121.464822, 14.3823961 ], [ 121.4648674, 14.3822448 ], [ 121.4649791, 14.3821518 ], [ 121.4650192, 14.382139 ], [ 121.4652685, 14.3820598 ], [ 121.4658238, 14.382049 ], [ 121.4659647, 14.382021 ], [ 121.466129, 14.3818128 ], [ 121.4662414, 14.3816115 ], [ 121.4662425, 14.3814599 ], [ 121.4661697, 14.3812646 ], [ 121.4661486, 14.3811057 ], [ 121.4661494, 14.3809974 ], [ 121.4662393, 14.380832 ], [ 121.4663961, 14.3806382 ], [ 121.4666789, 14.3804235 ], [ 121.4667314, 14.38033 ], [ 121.4667173, 14.3802217 ], [ 121.4666902, 14.3801021 ], [ 121.4666343, 14.3800025 ], [ 121.4666577, 14.3798925 ], [ 121.4667834, 14.3796949 ], [ 121.4671131, 14.3794324 ], [ 121.4671933, 14.3792786 ], [ 121.4671948, 14.3790692 ], [ 121.4672297, 14.3789261 ], [ 121.4673213, 14.3787503 ], [ 121.4675035, 14.3785641 ], [ 121.4676622, 14.37851 ], [ 121.4678899, 14.3782911 ], [ 121.4680271, 14.3780605 ], [ 121.4681303, 14.3778517 ], [ 121.4681319, 14.3776202 ], [ 121.4681139, 14.3775169 ], [ 121.4680993, 14.3774326 ], [ 121.4679425, 14.3772001 ], [ 121.4677171, 14.3770884 ], [ 121.4675373, 14.3769329 ], [ 121.4675045, 14.3767674 ], [ 121.4675054, 14.3766241 ], [ 121.4676541, 14.3763825 ], [ 121.4682662, 14.376166 ], [ 121.4689129, 14.3758505 ], [ 121.4693442, 14.3756108 ], [ 121.4699924, 14.3750749 ], [ 121.4705725, 14.3745826 ], [ 121.4712091, 14.3740796 ], [ 121.4723155, 14.3731796 ], [ 121.4729894, 14.3725225 ], [ 121.473428, 14.3718728 ], [ 121.473649, 14.3713098 ], [ 121.473906, 14.3706414 ], [ 121.4739657, 14.3704862 ], [ 121.4739712, 14.3703632 ], [ 121.4740151, 14.3702549 ], [ 121.4742239, 14.3698213 ], [ 121.4744373, 14.3695434 ], [ 121.4744667, 14.3693086 ], [ 121.4744522, 14.3689648 ], [ 121.4742514, 14.3676515 ], [ 121.4742538, 14.3672872 ], [ 121.4745374, 14.3667995 ], [ 121.4748371, 14.3665706 ], [ 121.4750058, 14.366383 ], [ 121.4750846, 14.3661724 ], [ 121.4751947, 14.3658779 ], [ 121.47517, 14.3654257 ], [ 121.4751635, 14.3650098 ], [ 121.4751253, 14.3649085 ], [ 121.474742, 14.3642673 ], [ 121.4738928, 14.3633106 ], [ 121.4731161, 14.3627348 ], [ 121.4726832, 14.3623662 ], [ 121.4725504, 14.3620287 ], [ 121.472478, 14.3616331 ], [ 121.4725704, 14.3612971 ], [ 121.472737, 14.3610787 ], [ 121.4731587, 14.3608765 ], [ 121.4734687, 14.3608785 ], [ 121.4734889, 14.3608787 ], [ 121.4745218, 14.3613097 ], [ 121.4750314, 14.3614301 ], [ 121.475272, 14.3613731 ], [ 121.4756635, 14.3612 ], [ 121.4759728, 14.3609925 ], [ 121.4767284, 14.3602228 ], [ 121.4768938, 14.360094 ], [ 121.4771551, 14.3598516 ], [ 121.4774563, 14.3595367 ], [ 121.4775012, 14.3594702 ], [ 121.4777537, 14.359096 ], [ 121.4780654, 14.3582573 ], [ 121.4783319, 14.3572375 ], [ 121.4786653, 14.3559287 ], [ 121.4788462, 14.3552338 ], [ 121.4788399, 14.3547908 ], [ 121.4788252, 14.3542638 ], [ 121.4786995, 14.3536146 ], [ 121.4786285, 14.3531441 ], [ 121.4786579, 14.3529092 ], [ 121.4788649, 14.3524585 ], [ 121.4790065, 14.3520978 ], [ 121.479215, 14.3514302 ], [ 121.4792325, 14.3512579 ], [ 121.4792746, 14.3508429 ], [ 121.4791595, 14.3500286 ], [ 121.478768, 14.3489593 ], [ 121.4784051, 14.3477817 ], [ 121.4783898, 14.3472934 ], [ 121.4783868, 14.3471395 ], [ 121.478404, 14.3471412 ], [ 121.4783926, 14.3468776 ], [ 121.4784341, 14.346227 ], [ 121.4784009, 14.3456572 ], [ 121.4782828, 14.3452858 ], [ 121.4779156, 14.344741 ], [ 121.4774769, 14.343789 ], [ 121.4772092, 14.3432337 ], [ 121.4770584, 14.3427565 ], [ 121.4766428, 14.3421629 ], [ 121.4761851, 14.3416117 ], [ 121.4759881, 14.3408934 ], [ 121.4756895, 14.340273 ], [ 121.4753187, 14.3396802 ], [ 121.4747318, 14.3390438 ], [ 121.474364, 14.3380011 ], [ 121.4742859, 14.3367495 ], [ 121.4742963, 14.3367123 ], [ 121.4742905, 14.3367058 ], [ 121.474306, 14.3364259 ], [ 121.4743425, 14.3356144 ], [ 121.4744313, 14.3348285 ], [ 121.4744262, 14.3342047 ], [ 121.4743382, 14.333508 ], [ 121.4740198, 14.3326019 ], [ 121.4735816, 14.3315866 ], [ 121.4734776, 14.3314184 ], [ 121.4732056, 14.3309785 ], [ 121.472994, 14.330724 ], [ 121.4728951, 14.3306721 ], [ 121.4726003, 14.3306425 ], [ 121.4724846, 14.3306484 ], [ 121.4724148, 14.3306239 ], [ 121.4722987, 14.3306122 ], [ 121.4720038, 14.3303936 ], [ 121.4718569, 14.3302088 ], [ 121.4718047, 14.3299589 ], [ 121.471881, 14.3296376 ], [ 121.4720068, 14.3294292 ], [ 121.4721238, 14.3291634 ], [ 121.4720895, 14.3287474 ], [ 121.4719894, 14.3284665 ], [ 121.4715659, 14.3280208 ], [ 121.4712533, 14.3277979 ], [ 121.4712528, 14.3277899 ], [ 121.4708247, 14.3275141 ], [ 121.4701712, 14.3269545 ], [ 121.4700996, 14.3267546 ], [ 121.4701616, 14.3262138 ], [ 121.4702853, 14.3252035 ], [ 121.4704332, 14.3245972 ], [ 121.4704267, 14.3245704 ], [ 121.4704781, 14.3243615 ], [ 121.4705241, 14.3240275 ], [ 121.470594, 14.3236751 ], [ 121.4706238, 14.323377 ], [ 121.4707649, 14.3230796 ], [ 121.4709247, 14.3227551 ], [ 121.470945, 14.3224931 ], [ 121.4711251, 14.3219247 ], [ 121.4712121, 14.3214009 ], [ 121.4713062, 14.3211936 ], [ 121.4714848, 14.3208241 ], [ 121.4715048, 14.3206073 ], [ 121.4715075, 14.3202186 ], [ 121.4714718, 14.3200104 ], [ 121.4714741, 14.3196669 ], [ 121.471512, 14.3195496 ], [ 121.4718574, 14.3191993 ], [ 121.4722034, 14.3187675 ], [ 121.4724286, 14.3183712 ], [ 121.4727646, 14.3180389 ], [ 121.4733396, 14.3176071 ], [ 121.4734693, 14.3174699 ], [ 121.4734958, 14.3173446 ], [ 121.4734966, 14.3172317 ], [ 121.4734621, 14.3171286 ], [ 121.4731276, 14.3170832 ], [ 121.4729957, 14.3170904 ], [ 121.4724787, 14.3174134 ], [ 121.4722109, 14.3175136 ], [ 121.4719819, 14.3174162 ], [ 121.4719768, 14.3174101 ], [ 121.4718487, 14.317334 ], [ 121.4717078, 14.3172327 ], [ 121.471528, 14.3171814 ], [ 121.4713734, 14.3172055 ], [ 121.4711538, 14.3173296 ], [ 121.4711384, 14.3173412 ], [ 121.4710458, 14.3173599 ], [ 121.4708611, 14.3175699 ], [ 121.4708593, 14.3175846 ], [ 121.4708172, 14.3176285 ], [ 121.4708162, 14.3177666 ], [ 121.470775, 14.3181553 ], [ 121.4707095, 14.3183306 ], [ 121.4706249, 14.3184815 ], [ 121.470437, 14.318688 ], [ 121.4701878, 14.3189129 ], [ 121.4701649, 14.3189294 ], [ 121.4700612, 14.3190416 ], [ 121.469996, 14.3191667 ], [ 121.4699436, 14.3193044 ], [ 121.4698804, 14.3194496 ], [ 121.4696977, 14.3196254 ], [ 121.4696036, 14.3196762 ], [ 121.4695286, 14.319694 ], [ 121.4695204, 14.319702 ], [ 121.4694301, 14.3197699 ], [ 121.4690629, 14.3198812 ], [ 121.4690497, 14.3198856 ], [ 121.4686287, 14.3200246 ], [ 121.4683446, 14.3201527 ], [ 121.4681931, 14.3203954 ], [ 121.4681246, 14.3206711 ], [ 121.4679734, 14.3208488 ], [ 121.4675564, 14.3209274 ], [ 121.4670733, 14.3209243 ], [ 121.4667248, 14.3207271 ], [ 121.4664098, 14.3204976 ], [ 121.4661447, 14.3202847 ], [ 121.465912, 14.320202 ], [ 121.4655137, 14.319972 ], [ 121.4650504, 14.3195142 ], [ 121.4647693, 14.3192037 ], [ 121.4644862, 14.3191857 ], [ 121.4642026, 14.3192326 ], [ 121.463951, 14.3194908 ], [ 121.4638327, 14.3197337 ], [ 121.4637643, 14.3199932 ], [ 121.4637292, 14.3202529 ], [ 121.4635946, 14.3204469 ], [ 121.4632943, 14.32051 ], [ 121.4629614, 14.3204753 ], [ 121.4624629, 14.3202772 ], [ 121.4621714, 14.3199333 ], [ 121.4619264, 14.3196965 ], [ 121.4616118, 14.3191614 ], [ 121.4614439, 14.3186511 ], [ 121.4611368, 14.3182274 ], [ 121.4610148, 14.3181629 ], [ 121.4608762, 14.3181461 ], [ 121.4607699, 14.3181773 ], [ 121.4607204, 14.3182565 ], [ 121.4607196, 14.3183759 ], [ 121.4608408, 14.3185517 ], [ 121.4608807, 14.3186792 ], [ 121.4608962, 14.3187987 ], [ 121.4608954, 14.318926 ], [ 121.4608298, 14.3189733 ], [ 121.4607645, 14.3189729 ], [ 121.4606343, 14.3189243 ], [ 121.4604722, 14.3187562 ], [ 121.4602862, 14.3185163 ], [ 121.459866, 14.3179088 ], [ 121.4596736, 14.3173984 ], [ 121.4594514, 14.3167035 ], [ 121.4592665, 14.3157823 ], [ 121.4589273, 14.3150342 ], [ 121.458687, 14.3147592 ], [ 121.4585215, 14.3147208 ], [ 121.4583685, 14.3147198 ], [ 121.4581762, 14.3148677 ], [ 121.458059, 14.3152275 ], [ 121.4581322, 14.3157128 ], [ 121.4585479, 14.316449 ], [ 121.4590385, 14.3174219 ], [ 121.4595556, 14.3182582 ], [ 121.4602128, 14.3191078 ], [ 121.4605284, 14.3195698 ], [ 121.4606159, 14.319819 ], [ 121.4607267, 14.320404 ], [ 121.4609031, 14.3207035 ], [ 121.4611946, 14.3209665 ], [ 121.4616011, 14.3211805 ], [ 121.4622113, 14.3214455 ], [ 121.4625409, 14.3217211 ], [ 121.4626938, 14.321747 ], [ 121.4627455, 14.3217512 ], [ 121.4633423, 14.3215519 ], [ 121.4637721, 14.3216363 ], [ 121.4646111, 14.3221442 ], [ 121.4650104, 14.3223214 ], [ 121.4651235, 14.3225584 ], [ 121.4651085, 14.3228939 ], [ 121.4649782, 14.3233033 ], [ 121.4647207, 14.3236622 ], [ 121.4644764, 14.3239714 ], [ 121.4642966, 14.3241567 ], [ 121.464156, 14.324218 ], [ 121.463952, 14.3242042 ], [ 121.4638246, 14.324191 ], [ 121.4637231, 14.3241157 ], [ 121.4635191, 14.3241268 ], [ 121.4633011, 14.3243119 ], [ 121.4627879, 14.324781 ], [ 121.4627066, 14.3248401 ], [ 121.462361, 14.3251827 ], [ 121.4620492, 14.3253323 ], [ 121.4616787, 14.3253065 ], [ 121.4614042, 14.3252348 ], [ 121.4610942, 14.3251046 ], [ 121.4608436, 14.325033 ], [ 121.460389, 14.3250767 ], [ 121.4601968, 14.3252153 ], [ 121.4599444, 14.3254002 ], [ 121.4596922, 14.3255734 ], [ 121.4594879, 14.3257237 ], [ 121.4592487, 14.3257338 ], [ 121.4589862, 14.3256505 ], [ 121.4588497, 14.3254118 ], [ 121.4587734, 14.3253285 ], [ 121.4586077, 14.3250602 ], [ 121.4582279, 14.3247538 ], [ 121.4581189, 14.3247455 ], [ 121.4579397, 14.3247367 ], [ 121.4577136, 14.324758 ], [ 121.4573933, 14.3248623 ], [ 121.4571041, 14.3249896 ], [ 121.4569241, 14.32511 ], [ 121.4566892, 14.3252605 ], [ 121.4563059, 14.3254707 ], [ 121.4559306, 14.3256507 ], [ 121.455759, 14.3256799 ], [ 121.4555565, 14.3256634 ], [ 121.4552461, 14.3254638 ], [ 121.4549823, 14.3253026 ], [ 121.454866, 14.3252106 ], [ 121.4547571, 14.3251871 ], [ 121.4546324, 14.3251863 ], [ 121.4544836, 14.3252841 ], [ 121.4543426, 14.3253972 ], [ 121.4542248, 14.3255332 ], [ 121.4540831, 14.3257298 ], [ 121.4539957, 14.3259876 ], [ 121.4539855, 14.3263371 ], [ 121.4539274, 14.3268534 ], [ 121.4539372, 14.3271222 ], [ 121.4539266, 14.3272457 ], [ 121.453926, 14.3273406 ], [ 121.4538765, 14.3274543 ], [ 121.453759, 14.3275485 ], [ 121.4536127, 14.3275665 ], [ 121.4534569, 14.3275655 ], [ 121.4533111, 14.3275076 ], [ 121.4531847, 14.3274783 ], [ 121.4530385, 14.3274868 ], [ 121.4529403, 14.3276002 ], [ 121.4528616, 14.3277136 ], [ 121.4528514, 14.32778 ], [ 121.4528508, 14.3278655 ], [ 121.452821, 14.3279603 ], [ 121.4527424, 14.3280548 ], [ 121.4526246, 14.328187 ], [ 121.4525461, 14.328272 ], [ 121.4525259, 14.3283668 ], [ 121.4525641, 14.328481 ], [ 121.4526611, 14.3285481 ], [ 121.4527971, 14.328606 ], [ 121.4528746, 14.3286635 ], [ 121.4529422, 14.3287494 ], [ 121.4529803, 14.3288732 ], [ 121.4529784, 14.3291486 ], [ 121.4529191, 14.3292812 ], [ 121.4528109, 14.329423 ], [ 121.4527127, 14.3295458 ], [ 121.4526047, 14.3296591 ], [ 121.4525847, 14.3297349 ], [ 121.4525844, 14.3297919 ], [ 121.4526523, 14.3298208 ], [ 121.4527644, 14.3298216 ], [ 121.4530618, 14.3295593 ], [ 121.4532611, 14.3295755 ], [ 121.4532756, 14.3296953 ], [ 121.4535515, 14.329712 ], [ 121.4535526, 14.3295475 ], [ 121.4534931, 14.329278 ], [ 121.4534792, 14.3290686 ], [ 121.4536954, 14.3288606 ], [ 121.4538796, 14.3288319 ], [ 121.4541693, 14.3290731 ], [ 121.4544418, 14.3295982 ], [ 121.4545478, 14.3297933 ], [ 121.4547619, 14.3298844 ], [ 121.4550376, 14.329931 ], [ 121.4552522, 14.3299474 ], [ 121.4554513, 14.3299935 ], [ 121.4555728, 14.3301588 ], [ 121.4555871, 14.3303084 ], [ 121.4556619, 14.330593 ], [ 121.4558752, 14.3307888 ], [ 121.4561193, 14.3309848 ], [ 121.456348, 14.3311807 ], [ 121.4563459, 14.3314797 ], [ 121.4562679, 14.3316736 ], [ 121.4559905, 14.3318811 ], [ 121.4548675, 14.3323822 ], [ 121.4534521, 14.3330309 ], [ 121.4526198, 14.3336236 ], [ 121.4522949, 14.3340402 ], [ 121.4520273, 14.3350403 ], [ 121.4517789, 14.3354873 ], [ 121.4516397, 14.3356509 ], [ 121.4512554, 14.3357829 ], [ 121.4508883, 14.335646 ], [ 121.4506309, 14.3352976 ], [ 121.4506169, 14.3353056 ], [ 121.4504536, 14.3350559 ], [ 121.4501783, 14.3348442 ], [ 121.4500252, 14.3347433 ], [ 121.449892, 14.3347324 ], [ 121.4497276, 14.3347813 ], [ 121.4492743, 14.3351182 ], [ 121.4491707, 14.3352674 ], [ 121.4490775, 14.3354067 ], [ 121.4490049, 14.3355362 ], [ 121.4489014, 14.3356754 ], [ 121.4487983, 14.3357547 ], [ 121.4486438, 14.3358637 ], [ 121.4484996, 14.3359627 ], [ 121.4484105, 14.3360732 ], [ 121.4483996, 14.3360758 ], [ 121.4481372, 14.3363161 ], [ 121.4478632, 14.3367173 ], [ 121.4477201, 14.3368675 ], [ 121.4475711, 14.3369358 ], [ 121.4474032, 14.3369284 ], [ 121.4473001, 14.3369026 ], [ 121.4471587, 14.3368009 ], [ 121.4470431, 14.3366994 ], [ 121.4470183, 14.3365481 ], [ 121.4470192, 14.3364222 ], [ 121.447048, 14.336108 ], [ 121.4470022, 14.3360628 ], [ 121.446869, 14.3360619 ], [ 121.4467247, 14.3361709 ], [ 121.4466317, 14.3362703 ], [ 121.446498, 14.3363394 ], [ 121.4463129, 14.3364181 ], [ 121.446077, 14.3364366 ], [ 121.4459643, 14.3364358 ], [ 121.4457797, 14.3364446 ], [ 121.4454614, 14.3365125 ], [ 121.4452759, 14.3366612 ], [ 121.4449049, 14.3369386 ], [ 121.4447914, 14.3370378 ], [ 121.444524, 14.337166 ], [ 121.4443492, 14.3372448 ], [ 121.4442467, 14.3372442 ], [ 121.4440312, 14.3372727 ], [ 121.4438568, 14.3373016 ], [ 121.4436613, 14.3374002 ], [ 121.4434553, 14.3375388 ], [ 121.4432903, 14.3376877 ], [ 121.4431452, 14.3379066 ], [ 121.4429157, 14.3384848 ], [ 121.4426354, 14.3389927 ], [ 121.4423871, 14.3393209 ], [ 121.4421485, 14.3397291 ], [ 121.4419003, 14.3400373 ], [ 121.4418278, 14.3401468 ], [ 121.4418271, 14.3402567 ], [ 121.4418557, 14.3403333 ], [ 121.4418803, 14.3403051 ], [ 121.4419636, 14.3405754 ], [ 121.4424611, 14.3413886 ], [ 121.4426863, 14.342151 ], [ 121.4427839, 14.3429273 ], [ 121.4426847, 14.3437389 ], [ 121.4423898, 14.3444123 ], [ 121.4420869, 14.3449031 ], [ 121.4418141, 14.3451021 ], [ 121.4415888, 14.3451919 ], [ 121.4414109, 14.3451998 ], [ 121.4412622, 14.3450528 ], [ 121.4411975, 14.3449246 ], [ 121.44118, 14.3447511 ], [ 121.4412289, 14.3444412 ], [ 121.44139, 14.3441593 ], [ 121.4415791, 14.3438868 ], [ 121.4417686, 14.3435595 ], [ 121.4419019, 14.3432318 ], [ 121.4418658, 14.3430399 ], [ 121.4417445, 14.3429753 ], [ 121.4415946, 14.3430017 ], [ 121.4412649, 14.3433007 ], [ 121.4407713, 14.3443013 ], [ 121.4406568, 14.3446108 ], [ 121.4406457, 14.3448663 ], [ 121.4408174, 14.3457526 ], [ 121.4407502, 14.3459894 ], [ 121.4405337, 14.3461614 ], [ 121.4403555, 14.346215 ], [ 121.4402621, 14.346187 ], [ 121.4402534, 14.3460957 ], [ 121.4402733, 14.3459224 ], [ 121.4402559, 14.3457307 ], [ 121.4401536, 14.3456387 ], [ 121.4400223, 14.3456744 ], [ 121.4399273, 14.3458745 ], [ 121.4399258, 14.3460844 ], [ 121.439887, 14.3462849 ], [ 121.4397833, 14.3463846 ], [ 121.4396147, 14.3464018 ], [ 121.4395497, 14.3463375 ], [ 121.4394665, 14.3461818 ], [ 121.4392479, 14.3453042 ], [ 121.4391489, 14.3447286 ], [ 121.4392349, 14.3444737 ], [ 121.4394051, 14.3442375 ], [ 121.4396221, 14.3439926 ], [ 121.439775, 14.3435281 ], [ 121.4396739, 14.3431305 ], [ 121.4394902, 14.3426182 ], [ 121.4394487, 14.3421215 ], [ 121.4394226, 14.3415738 ], [ 121.4391707, 14.3411852 ], [ 121.4389535, 14.3410031 ], [ 121.4389458, 14.3410112 ], [ 121.438653, 14.3408237 ], [ 121.4384999, 14.3407345 ], [ 121.4383924, 14.3405751 ], [ 121.4384397, 14.3402757 ], [ 121.4385144, 14.3399411 ], [ 121.4385344, 14.3396591 ], [ 121.4384912, 14.3393679 ], [ 121.4384293, 14.3391735 ], [ 121.4383403, 14.3389613 ], [ 121.4383069, 14.3385643 ], [ 121.4383078, 14.3384321 ], [ 121.4383357, 14.3383176 ], [ 121.4383573, 14.3381969 ], [ 121.4384166, 14.3381402 ], [ 121.4386328, 14.3378761 ], [ 121.4389648, 14.3375811 ], [ 121.4390293, 14.337414 ], [ 121.4390311, 14.3371495 ], [ 121.4389503, 14.3370696 ], [ 121.4388148, 14.3370423 ], [ 121.438679, 14.337059 ], [ 121.4385518, 14.3371464 ], [ 121.4384156, 14.3372248 ], [ 121.4382707, 14.3372592 ], [ 121.438117, 14.3372581 ], [ 121.4379592, 14.3372621 ], [ 121.4378278, 14.3372298 ], [ 121.4377195, 14.3371938 ], [ 121.4376031, 14.3370343 ], [ 121.437596, 14.3367521 ], [ 121.4377338, 14.3364356 ], [ 121.4377801, 14.3362772 ], [ 121.437781, 14.336145 ], [ 121.4377545, 14.3360655 ], [ 121.4376373, 14.336003 ], [ 121.4374927, 14.3359932 ], [ 121.4373026, 14.3360184 ], [ 121.4371844, 14.3361234 ], [ 121.4370656, 14.336299 ], [ 121.4367102, 14.3366934 ], [ 121.4366095, 14.3368603 ], [ 121.4365181, 14.3370007 ], [ 121.4364359, 14.3371236 ], [ 121.4363448, 14.3372112 ], [ 121.4359741, 14.3372088 ], [ 121.435829, 14.3372607 ], [ 121.4356744, 14.3373919 ], [ 121.4355379, 14.3375145 ], [ 121.435492, 14.3376112 ], [ 121.4354512, 14.3377383 ], [ 121.4355023, 14.3378696 ], [ 121.4353554, 14.3387274 ], [ 121.4349676, 14.3392597 ], [ 121.4334379, 14.3402928 ], [ 121.4318244, 14.3415259 ], [ 121.4307077, 14.3423342 ], [ 121.4296574, 14.343464 ], [ 121.429298, 14.3438629 ], [ 121.4290502, 14.3439816 ], [ 121.4286936, 14.3439792 ], [ 121.4285033, 14.3437239 ], [ 121.428209, 14.342652 ], [ 121.4275671, 14.3404107 ], [ 121.4275303, 14.3403574 ], [ 121.4274308, 14.3399653 ], [ 121.4274397, 14.3396348 ], [ 121.4275949, 14.3390982 ], [ 121.4279179, 14.3384708 ], [ 121.4281659, 14.3378424 ], [ 121.4281784, 14.337574 ], [ 121.4281813, 14.3371608 ], [ 121.4280466, 14.3367261 ], [ 121.4279205, 14.3365807 ], [ 121.427773, 14.3364661 ], [ 121.4275933, 14.3364029 ], [ 121.4274134, 14.3363811 ], [ 121.4272336, 14.3363386 ], [ 121.4270758, 14.3361722 ], [ 121.4269302, 14.3357891 ], [ 121.426775, 14.3352613 ], [ 121.4264384, 14.3349079 ], [ 121.4261015, 14.3346061 ], [ 121.4258693, 14.334491 ], [ 121.4255834, 14.3344684 ], [ 121.4254555, 14.3345812 ], [ 121.42537, 14.3346839 ], [ 121.4252626, 14.3348898 ], [ 121.425177, 14.3350131 ], [ 121.4250596, 14.3351466 ], [ 121.424953, 14.3352389 ], [ 121.4248319, 14.3352933 ], [ 121.4247482, 14.3353532 ], [ 121.4247313, 14.3354587 ], [ 121.4247852, 14.3356384 ], [ 121.4246927, 14.3357096 ], [ 121.4244902, 14.3357262 ], [ 121.4243235, 14.3358865 ], [ 121.4243226, 14.3360121 ], [ 121.424303, 14.3361913 ], [ 121.4241731, 14.3363519 ], [ 121.4236947, 14.3363487 ], [ 121.4232168, 14.3362917 ], [ 121.4228493, 14.3362175 ], [ 121.4225362, 14.3362693 ], [ 121.4221842, 14.3366078 ], [ 121.4218896, 14.3366417 ], [ 121.4215955, 14.3366038 ], [ 121.4215413, 14.33646 ], [ 121.4214878, 14.3362264 ], [ 121.4214718, 14.3358855 ], [ 121.4214362, 14.3357059 ], [ 121.4212711, 14.335633 ], [ 121.421068, 14.3357393 ], [ 121.4209193, 14.3359536 ], [ 121.4208437, 14.3362401 ], [ 121.4203622, 14.3366853 ], [ 121.4198447, 14.3370227 ], [ 121.4195315, 14.3370924 ], [ 121.4189789, 14.3371784 ], [ 121.4187957, 14.3370695 ], [ 121.41876, 14.3369078 ], [ 121.4187808, 14.3365672 ], [ 121.4192259, 14.3360679 ], [ 121.4200231, 14.3351942 ], [ 121.4205042, 14.3348027 ], [ 121.4209474, 14.3345725 ], [ 121.4216843, 14.3344339 ], [ 121.42198, 14.3342385 ], [ 121.4221292, 14.3339525 ], [ 121.4220769, 14.3336697 ], [ 121.4218001, 14.3336633 ], [ 121.4211932, 14.3336234 ], [ 121.4204373, 14.3338516 ], [ 121.4197186, 14.3340082 ], [ 121.4189988, 14.3343443 ], [ 121.4182782, 14.33477 ], [ 121.417984, 14.3347501 ], [ 121.417856, 14.3346416 ], [ 121.4178586, 14.3342649 ], [ 121.4180292, 14.3335485 ], [ 121.4184003, 14.3331025 ], [ 121.4191198, 14.3328203 ], [ 121.4198192, 14.3327891 ], [ 121.4210689, 14.3329768 ], [ 121.4217125, 14.3330349 ], [ 121.4223564, 14.3330392 ], [ 121.4228262, 14.3330554 ], [ 121.4228264, 14.3330485 ], [ 121.422902, 14.333049 ], [ 121.4232519, 14.3329879 ], [ 121.4235286, 14.3329422 ], [ 121.4236835, 14.3328719 ], [ 121.4238222, 14.3327857 ], [ 121.4239204, 14.3326912 ], [ 121.4239697, 14.3326123 ], [ 121.4239785, 14.3325252 ], [ 121.4239793, 14.3324143 ], [ 121.4239555, 14.332327 ], [ 121.4236003, 14.3319759 ], [ 121.4235676, 14.3317692 ], [ 121.4235783, 14.3316684 ], [ 121.4237589, 14.3313039 ], [ 121.4241239, 14.3311126 ], [ 121.4241997, 14.3311003 ], [ 121.4247359, 14.3311356 ], [ 121.4253538, 14.331108 ], [ 121.4256381, 14.3311178 ], [ 121.4258332, 14.3311191 ], [ 121.4259795, 14.3311121 ], [ 121.4260931, 14.3311446 ], [ 121.4262465, 14.3312962 ], [ 121.4263754, 14.3314476 ], [ 121.4265534, 14.3315597 ], [ 121.4267239, 14.3315846 ], [ 121.4269596, 14.3315941 ], [ 121.4271222, 14.3315872 ], [ 121.4273827, 14.3315176 ], [ 121.4278551, 14.3313781 ], [ 121.4284425, 14.3310571 ], [ 121.4288096, 14.3308535 ], [ 121.428989, 14.3307755 ], [ 121.4292983, 14.3306983 ], [ 121.4295266, 14.3306047 ], [ 121.429755, 14.3304794 ], [ 121.4299187, 14.3303062 ], [ 121.430214, 14.3299278 ], [ 121.4303218, 14.3296195 ], [ 121.4303805, 14.3293504 ], [ 121.4304063, 14.3291525 ], [ 121.4302791, 14.3287475 ], [ 121.4302801, 14.3286049 ], [ 121.4302973, 14.3284624 ], [ 121.4305205, 14.3282112 ], [ 121.4306835, 14.328143 ], [ 121.430826, 14.3281142 ], [ 121.430958, 14.3281151 ], [ 121.4310389, 14.3281651 ], [ 121.4310375, 14.3283731 ], [ 121.4310161, 14.3285315 ], [ 121.4309948, 14.32867 ], [ 121.4310136, 14.3288881 ], [ 121.4310842, 14.3289579 ], [ 121.4313281, 14.3289496 ], [ 121.4314202, 14.3288511 ], [ 121.431472, 14.3287128 ], [ 121.4314728, 14.3285939 ], [ 121.4314431, 14.3284749 ], [ 121.431434, 14.3283361 ], [ 121.4314358, 14.3280687 ], [ 121.4315078, 14.3279404 ], [ 121.4316303, 14.327862 ], [ 121.4317734, 14.3277342 ], [ 121.4318349, 14.3276553 ], [ 121.4318558, 14.3275663 ], [ 121.4318565, 14.3274673 ], [ 121.4318976, 14.3274081 ], [ 121.4319991, 14.3274088 ], [ 121.4321411, 14.3274493 ], [ 121.4322322, 14.3274896 ], [ 121.4323537, 14.3275597 ], [ 121.4324552, 14.3275703 ], [ 121.4326076, 14.3275614 ], [ 121.4327909, 14.3275032 ], [ 121.4333422, 14.3271106 ], [ 121.4336075, 14.326944 ], [ 121.4338722, 14.3268665 ], [ 121.4340858, 14.3268282 ], [ 121.4342891, 14.3268098 ], [ 121.4344415, 14.3268009 ], [ 121.4346247, 14.3267526 ], [ 121.434757, 14.3267138 ], [ 121.4348389, 14.3266351 ], [ 121.434931, 14.3265367 ], [ 121.4350349, 14.3262006 ], [ 121.4351183, 14.3258941 ], [ 121.4351394, 14.3257852 ], [ 121.4351909, 14.3256766 ], [ 121.4352525, 14.325578 ], [ 121.435365, 14.3254797 ], [ 121.4354869, 14.3254805 ], [ 121.4356597, 14.3254618 ], [ 121.4358528, 14.3254532 ], [ 121.4359852, 14.3254045 ], [ 121.4361481, 14.3253561 ], [ 121.4364751, 14.325071 ], [ 121.4367099, 14.324914 ], [ 121.4369749, 14.3247771 ], [ 121.4370865, 14.3248075 ], [ 121.4371775, 14.3248676 ], [ 121.437197, 14.3249866 ], [ 121.4372573, 14.3250761 ], [ 121.437369, 14.3250867 ], [ 121.437491, 14.3250677 ], [ 121.4376645, 14.32495 ], [ 121.4378274, 14.3249016 ], [ 121.4379698, 14.3248827 ], [ 121.4380716, 14.3248536 ], [ 121.4381128, 14.3247747 ], [ 121.4382149, 14.3246961 ], [ 121.4383267, 14.3246869 ], [ 121.4384389, 14.3246183 ], [ 121.4384801, 14.3245394 ], [ 121.4385923, 14.3244807 ], [ 121.4387653, 14.3244323 ], [ 121.4388564, 14.3244725 ], [ 121.4388658, 14.3245914 ], [ 121.4387529, 14.3247591 ], [ 121.4385888, 14.3249759 ], [ 121.4385065, 14.3251338 ], [ 121.4385056, 14.3252626 ], [ 121.4385251, 14.3253816 ], [ 121.438616, 14.3254515 ], [ 121.4387379, 14.3254523 ], [ 121.4389418, 14.3253546 ], [ 121.439401, 14.3250605 ], [ 121.4397169, 14.324914 ], [ 121.4398592, 14.3248951 ], [ 121.4399309, 14.3248163 ], [ 121.4399517, 14.3247471 ], [ 121.4399526, 14.3246184 ], [ 121.4399135, 14.3244002 ], [ 121.4399344, 14.3243112 ], [ 121.4399655, 14.3242222 ], [ 121.4401197, 14.3239558 ], [ 121.4401206, 14.3238271 ], [ 121.4400398, 14.3237572 ], [ 121.4399382, 14.3237664 ], [ 121.4398155, 14.3238746 ], [ 121.4397645, 14.323904 ], [ 121.439673, 14.3239133 ], [ 121.4395618, 14.3238333 ], [ 121.4394917, 14.3236842 ], [ 121.4394829, 14.323496 ], [ 121.4394137, 14.3232182 ], [ 121.4392518, 14.323128 ], [ 121.4391096, 14.3231171 ], [ 121.4389679, 14.3230469 ], [ 121.4389074, 14.3229771 ], [ 121.4388473, 14.3228579 ], [ 121.438848, 14.3227489 ], [ 121.4388692, 14.3226302 ], [ 121.4388902, 14.3225313 ], [ 121.4389514, 14.3224921 ], [ 121.4390535, 14.3224234 ], [ 121.4392161, 14.3224146 ], [ 121.4394702, 14.3223964 ], [ 121.4396124, 14.3223974 ], [ 121.4397755, 14.3223192 ], [ 121.4400722, 14.3220141 ], [ 121.4401959, 14.3217573 ], [ 121.4402477, 14.3216091 ], [ 121.4403497, 14.3215503 ], [ 121.4404716, 14.3215412 ], [ 121.4406038, 14.3215223 ], [ 121.4407974, 14.3214344 ], [ 121.4409716, 14.3212176 ], [ 121.4410644, 14.3210301 ], [ 121.4410869, 14.3207132 ], [ 121.4410704, 14.3201584 ], [ 121.4409317, 14.3196424 ], [ 121.4406824, 14.3189672 ], [ 121.4404415, 14.3185496 ], [ 121.440322, 14.3182022 ], [ 121.4401105, 14.3179432 ], [ 121.4399588, 14.3178432 ], [ 121.4398066, 14.3178125 ], [ 121.4396647, 14.3177719 ], [ 121.439492, 14.3177609 ], [ 121.4392483, 14.3177494 ], [ 121.4390248, 14.3177479 ], [ 121.4388524, 14.3177072 ], [ 121.4385999, 14.3174975 ], [ 121.4384707, 14.3170806 ], [ 121.4382732, 14.3162671 ], [ 121.438025, 14.3154334 ], [ 121.4378457, 14.3149171 ], [ 121.4377258, 14.3146291 ], [ 121.437727, 14.3144607 ], [ 121.4376369, 14.314262 ], [ 121.4375057, 14.3141423 ], [ 121.4374659, 14.3140232 ], [ 121.4374872, 14.3138747 ], [ 121.4375702, 14.3136276 ], [ 121.4376015, 14.313509 ], [ 121.4375926, 14.3133207 ], [ 121.4375228, 14.3131321 ], [ 121.4374425, 14.3130028 ], [ 121.4373282, 14.3127807 ], [ 121.4373221, 14.3127638 ], [ 121.4372032, 14.3125771 ], [ 121.4372359, 14.3122786 ], [ 121.4372792, 14.3119204 ], [ 121.4375682, 14.3114742 ], [ 121.4380209, 14.3109893 ], [ 121.4384722, 14.3106935 ], [ 121.4386267, 14.3105053 ], [ 121.4386486, 14.3102864 ], [ 121.4386399, 14.3100673 ], [ 121.4384629, 14.3098923 ], [ 121.4384579, 14.3098949 ], [ 121.4383126, 14.3097666 ], [ 121.4379467, 14.3094628 ], [ 121.4378094, 14.309103 ], [ 121.4378115, 14.3087945 ], [ 121.4378206, 14.3085434 ], [ 121.4379483, 14.308171 ], [ 121.4379957, 14.3076977 ], [ 121.4379017, 14.3074602 ], [ 121.4377776, 14.3073159 ], [ 121.4374043, 14.307012 ], [ 121.4372441, 14.3067742 ], [ 121.4371357, 14.3064864 ], [ 121.4371216, 14.3063858 ], [ 121.4370954, 14.3059264 ], [ 121.4370889, 14.3058999 ], [ 121.4370023, 14.3055454 ], [ 121.437018, 14.3054163 ], [ 121.4370557, 14.3052802 ], [ 121.4371753, 14.3050083 ], [ 121.4374283, 14.3046081 ], [ 121.4375404, 14.3043577 ], [ 121.4375488, 14.304207 ], [ 121.4375134, 14.3040059 ], [ 121.4372139, 14.3036881 ], [ 121.4370082, 14.3036294 ], [ 121.4368247, 14.3035707 ], [ 121.4366186, 14.3035622 ], [ 121.4363248, 14.3034885 ], [ 121.4361122, 14.3033723 ], [ 121.4359221, 14.3031845 ], [ 121.4358058, 14.3029828 ], [ 121.435741, 14.3027742 ], [ 121.4357347, 14.3026163 ], [ 121.4357358, 14.3024512 ], [ 121.4357521, 14.3022361 ], [ 121.4358637, 14.3020574 ], [ 121.436138, 14.3017578 ], [ 121.4363683, 14.3014579 ], [ 121.4363478, 14.3012209 ], [ 121.4362385, 14.3010695 ], [ 121.4359178, 14.3006153 ], [ 121.4355833, 14.3004301 ], [ 121.4354415, 14.3003179 ], [ 121.4350999, 14.3002563 ], [ 121.4346317, 14.3003628 ], [ 121.4342328, 14.3005755 ], [ 121.4335152, 14.3011233 ], [ 121.4330122, 14.301486 ], [ 121.4329087, 14.3015499 ], [ 121.4327907, 14.301585 ], [ 121.4326059, 14.3017058 ], [ 121.4324949, 14.3017984 ], [ 121.4322953, 14.3019334 ], [ 121.4320068, 14.3021468 ], [ 121.431822, 14.3022532 ], [ 121.431578, 14.302431 ], [ 121.4314963, 14.3025381 ], [ 121.4314584, 14.3026958 ], [ 121.4314573, 14.3028465 ], [ 121.4314412, 14.3030545 ], [ 121.4313889, 14.3031618 ], [ 121.4311937, 14.3037131 ], [ 121.4310291, 14.3041067 ], [ 121.4309547, 14.304221 ], [ 121.4308807, 14.3042851 ], [ 121.4307997, 14.3042917 ], [ 121.4306894, 14.3042695 ], [ 121.4306164, 14.3041901 ], [ 121.4305725, 14.3041539 ], [ 121.4304398, 14.3041817 ], [ 121.4303288, 14.3042743 ], [ 121.4303056, 14.3044392 ], [ 121.4303396, 14.3048413 ], [ 121.430446, 14.3054161 ], [ 121.4305239, 14.3058472 ], [ 121.4306527, 14.3063791 ], [ 121.4306604, 14.3066746 ], [ 121.4305807, 14.3068408 ], [ 121.4305313, 14.3069022 ], [ 121.4304276, 14.307002 ], [ 121.4303314, 14.3070731 ], [ 121.4302063, 14.3070794 ], [ 121.4300591, 14.3070713 ], [ 121.4298536, 14.306991 ], [ 121.4293404, 14.3067149 ], [ 121.4291061, 14.3065411 ], [ 121.4289887, 14.3064901 ], [ 121.4288343, 14.3064676 ], [ 121.4287091, 14.3064739 ], [ 121.4285245, 14.306566 ], [ 121.4283099, 14.306744 ], [ 121.4281837, 14.3068938 ], [ 121.4276871, 14.3073929 ], [ 121.4274501, 14.3076138 ], [ 121.4273403, 14.3077286 ], [ 121.4273203, 14.3077297 ], [ 121.4262896, 14.3084193 ], [ 121.4254283, 14.3087358 ], [ 121.4249921, 14.308733 ], [ 121.4246093, 14.308666 ], [ 121.4243862, 14.3084325 ], [ 121.4241897, 14.3081863 ], [ 121.4241134, 14.3077605 ], [ 121.4238317, 14.3064569 ], [ 121.4236682, 14.3052573 ], [ 121.4238325, 14.3044464 ], [ 121.424749, 14.3029267 ], [ 121.4247478, 14.3029252 ], [ 121.4247595, 14.3029031 ], [ 121.4248589, 14.3026889 ], [ 121.4249382, 14.3023521 ], [ 121.4249899, 14.3022788 ], [ 121.4251418, 14.3014711 ], [ 121.4253108, 14.3003262 ], [ 121.4255386, 14.2999824 ], [ 121.4259546, 14.299734 ], [ 121.4260808, 14.2995918 ], [ 121.4265189, 14.2994526 ], [ 121.4267502, 14.2992658 ], [ 121.4268346, 14.2990241 ], [ 121.4267716, 14.2988263 ], [ 121.4266659, 14.2987392 ], [ 121.4259301, 14.2983786 ], [ 121.425592, 14.2980845 ], [ 121.4253509, 14.2975256 ], [ 121.4253603, 14.2973431 ], [ 121.4253251, 14.2973264 ], [ 121.4253808, 14.297141 ], [ 121.425627, 14.2969569 ], [ 121.4259003, 14.2967862 ], [ 121.4263373, 14.2965635 ], [ 121.4265973, 14.296353 ], [ 121.4269936, 14.2961035 ], [ 121.4275658, 14.2959879 ], [ 121.4283412, 14.2960195 ], [ 121.4289392, 14.2961031 ], [ 121.4290785, 14.2962802 ], [ 121.4292077, 14.2964114 ], [ 121.4298843, 14.2970169 ], [ 121.4301409, 14.2971532 ], [ 121.4304344, 14.2972717 ], [ 121.4307094, 14.2974171 ], [ 121.4309295, 14.2975172 ], [ 121.4311223, 14.2975633 ], [ 121.4313247, 14.2975647 ], [ 121.4315919, 14.2975036 ], [ 121.4317763, 14.2974421 ], [ 121.4320439, 14.2973272 ], [ 121.4326819, 14.296847 ], [ 121.4332911, 14.296555 ], [ 121.4335398, 14.2965028 ], [ 121.4337882, 14.2964955 ], [ 121.4340183, 14.2964791 ], [ 121.4348924, 14.2964579 ], [ 121.4350581, 14.296441 ], [ 121.4352147, 14.2963972 ], [ 121.4354085, 14.2963088 ], [ 121.4355014, 14.2961838 ], [ 121.435521, 14.2960135 ], [ 121.4354206, 14.2958962 ], [ 121.4352464, 14.2958054 ], [ 121.4348976, 14.2956954 ], [ 121.4347507, 14.2956676 ], [ 121.4345765, 14.2955767 ], [ 121.4344386, 14.2955579 ], [ 121.4343381, 14.2954675 ], [ 121.4343577, 14.2952882 ], [ 121.4343956, 14.295136 ], [ 121.4344152, 14.2949657 ], [ 121.4344157, 14.2948849 ], [ 121.4343703, 14.2947949 ], [ 121.4342325, 14.2947761 ], [ 121.4336343, 14.294817 ], [ 121.4335049, 14.294836 ], [ 121.4329851, 14.2948229 ], [ 121.4327025, 14.2947573 ], [ 121.4324305, 14.2947343 ], [ 121.4320932, 14.2947214 ], [ 121.4316796, 14.2947187 ], [ 121.4313745, 14.2947592 ], [ 121.4309496, 14.2948201 ], [ 121.4306123, 14.2948072 ], [ 121.4305259, 14.2947111 ], [ 121.4304831, 14.2946047 ], [ 121.4305169, 14.2944351 ], [ 121.4309762, 14.2941197 ], [ 121.4318267, 14.293913 ], [ 121.4332091, 14.2939115 ], [ 121.4346675, 14.2939317 ], [ 121.434862, 14.2940091 ], [ 121.4352541, 14.294112 ], [ 121.4360296, 14.2942152 ], [ 121.4365278, 14.2943507 ], [ 121.4369533, 14.2945401 ], [ 121.4372463, 14.2947358 ], [ 121.4374365, 14.2949093 ], [ 121.4376121, 14.295054 ], [ 121.437678, 14.2950974 ], [ 121.4378399, 14.2950985 ], [ 121.437914, 14.2950201 ], [ 121.4379222, 14.2948981 ], [ 121.4379228, 14.2948192 ], [ 121.4379676, 14.2947262 ], [ 121.4381006, 14.2946481 ], [ 121.4382478, 14.2946419 ], [ 121.4383654, 14.294657 ], [ 121.4384905, 14.2946578 ], [ 121.4385425, 14.2946008 ], [ 121.4385872, 14.2945221 ], [ 121.4385733, 14.2944 ], [ 121.438471, 14.2942917 ], [ 121.4383689, 14.2941547 ], [ 121.4382597, 14.2939817 ], [ 121.4382533, 14.2938525 ], [ 121.4382908, 14.293738 ], [ 121.4384022, 14.2935952 ], [ 121.4385871, 14.2934672 ], [ 121.4388087, 14.2933466 ], [ 121.4393326, 14.293142 ], [ 121.4396278, 14.2930147 ], [ 121.4397386, 14.292958 ], [ 121.4398417, 14.2929444 ], [ 121.4399598, 14.2929021 ], [ 121.4400488, 14.292795 ], [ 121.4400275, 14.2926801 ], [ 121.4399398, 14.2926005 ], [ 121.4394173, 14.2925971 ], [ 121.4392115, 14.2925527 ], [ 121.4390573, 14.2925158 ], [ 121.4389471, 14.2924864 ], [ 121.4388667, 14.2923997 ], [ 121.43886, 14.2923064 ], [ 121.43889, 14.2922277 ], [ 121.4389643, 14.2921277 ], [ 121.4390165, 14.2920204 ], [ 121.4390842, 14.2918055 ], [ 121.4390848, 14.2917266 ], [ 121.4390119, 14.2916185 ], [ 121.4389236, 14.2916179 ], [ 121.4387982, 14.2916601 ], [ 121.4387021, 14.2917241 ], [ 121.4385839, 14.2917879 ], [ 121.4384608, 14.2918071 ], [ 121.438319, 14.2917862 ], [ 121.4382852, 14.2917694 ], [ 121.4382624, 14.2917851 ], [ 121.4381259, 14.29176 ], [ 121.4380281, 14.2916079 ], [ 121.4380856, 14.2914568 ], [ 121.4383551, 14.2912796 ], [ 121.4387095, 14.2910617 ], [ 121.4392056, 14.2907758 ], [ 121.4395462, 14.2905302 ], [ 121.4394906, 14.2903922 ], [ 121.4392506, 14.2903906 ], [ 121.4380603, 14.2910437 ], [ 121.4370227, 14.2920556 ], [ 121.4363273, 14.2925742 ], [ 121.4359452, 14.2927094 ], [ 121.4357905, 14.2926258 ], [ 121.4360471, 14.2922695 ], [ 121.4371687, 14.2913545 ], [ 121.4380637, 14.2905481 ], [ 121.438942, 14.2901133 ], [ 121.4395085, 14.2898416 ], [ 121.4398866, 14.2898106 ], [ 121.4400119, 14.2896557 ], [ 121.4400125, 14.289569 ], [ 121.439911, 14.2894686 ], [ 121.4396885, 14.2894502 ], [ 121.4393377, 14.2893387 ], [ 121.4390521, 14.289076 ], [ 121.4389535, 14.2890077 ], [ 121.4388252, 14.2889392 ], [ 121.4386667, 14.2889285 ], [ 121.4384586, 14.2889271 ], [ 121.4380117, 14.2890692 ], [ 121.437558, 14.2892056 ], [ 121.437477, 14.2892462 ], [ 121.4374631, 14.2892423 ], [ 121.4366538, 14.2896847 ], [ 121.4362599, 14.2900478 ], [ 121.4358803, 14.2907133 ], [ 121.4351924, 14.2911381 ], [ 121.4339949, 14.2916154 ], [ 121.4337619, 14.2917662 ], [ 121.4335529, 14.2919098 ], [ 121.4333144, 14.2919952 ], [ 121.4330469, 14.2919935 ], [ 121.4326796, 14.2920973 ], [ 121.432312, 14.2922302 ], [ 121.432034, 14.2923057 ], [ 121.4316274, 14.292361 ], [ 121.4306463, 14.2923642 ], [ 121.4302304, 14.2923228 ], [ 121.4297159, 14.2922131 ], [ 121.4296654, 14.2921958 ], [ 121.4293244, 14.2920793 ], [ 121.4290361, 14.2918397 ], [ 121.4287448, 14.2916806 ], [ 121.4285756, 14.2916562 ], [ 121.4283771, 14.2916483 ], [ 121.4282195, 14.2916539 ], [ 121.4279246, 14.2917254 ], [ 121.4274576, 14.2919226 ], [ 121.42699, 14.2921933 ], [ 121.4268662, 14.2922793 ], [ 121.4267015, 14.2923317 ], [ 121.4266056, 14.292331 ], [ 121.4264963, 14.2922969 ], [ 121.4263865, 14.2921952 ], [ 121.4261697, 14.2919943 ], [ 121.4260399, 14.2919533 ], [ 121.42554, 14.29195 ], [ 121.4252315, 14.2920081 ], [ 121.4249569, 14.2920998 ], [ 121.4247921, 14.2921721 ], [ 121.4242289, 14.2924099 ], [ 121.4237311, 14.2927448 ], [ 121.4235436, 14.2929972 ], [ 121.4234806, 14.2931538 ], [ 121.4234427, 14.2932622 ], [ 121.4232935, 14.2933337 ], [ 121.4231325, 14.2933447 ], [ 121.4227609, 14.2933422 ], [ 121.4225877, 14.2933169 ], [ 121.4223784, 14.2931344 ], [ 121.4223297, 14.2930133 ], [ 121.4222686, 14.2928921 ], [ 121.4221579, 14.2927947 ], [ 121.4218608, 14.2927686 ], [ 121.4216131, 14.292767 ], [ 121.4214275, 14.2927416 ], [ 121.4212673, 14.2926197 ], [ 121.4211691, 14.2924983 ], [ 121.4210215, 14.2923524 ], [ 121.4208608, 14.292303 ], [ 121.4206756, 14.2922293 ], [ 121.4203424, 14.292058 ], [ 121.4199958, 14.2920315 ], [ 121.4194385, 14.2920278 ], [ 121.4192775, 14.2920147 ], [ 121.4190842, 14.2918466 ], [ 121.418926, 14.2916679 ], [ 121.4188813, 14.2915417 ], [ 121.4188367, 14.2914007 ], [ 121.4188385, 14.2911416 ], [ 121.4188089, 14.2910452 ], [ 121.4187487, 14.2909633 ], [ 121.4186424, 14.2909552 ], [ 121.418536, 14.2909767 ], [ 121.4184138, 14.2910796 ], [ 121.4182543, 14.2910933 ], [ 121.417776, 14.2910901 ], [ 121.4176698, 14.2910672 ], [ 121.4175416, 14.2909479 ], [ 121.4174449, 14.2906585 ], [ 121.4174153, 14.2905546 ], [ 121.4173859, 14.2904138 ], [ 121.4174018, 14.2903102 ], [ 121.4174482, 14.2901847 ], [ 121.4176034, 14.289983 ], [ 121.4178422, 14.2897625 ], [ 121.418004, 14.2896895 ], [ 121.4180615, 14.2896159 ], [ 121.4180811, 14.2895327 ], [ 121.4180722, 14.2894493 ], [ 121.4179778, 14.2893747 ], [ 121.4178643, 14.2893184 ], [ 121.4177321, 14.289225 ], [ 121.4176378, 14.289141 ], [ 121.4175913, 14.2889926 ], [ 121.4175846, 14.2885946 ], [ 121.4175187, 14.2885294 ], [ 121.4174152, 14.2883992 ], [ 121.4173593, 14.2882507 ], [ 121.417303, 14.2881578 ], [ 121.4171511, 14.2881568 ], [ 121.4170181, 14.2881837 ], [ 121.4167219, 14.2884686 ], [ 121.4166261, 14.2885975 ], [ 121.4165014, 14.2887818 ], [ 121.4163486, 14.2889289 ], [ 121.4161956, 14.2890852 ], [ 121.4160807, 14.2892325 ], [ 121.4160034, 14.2894356 ], [ 121.415993, 14.2895558 ], [ 121.4160397, 14.2896672 ], [ 121.4161629, 14.2896958 ], [ 121.4163147, 14.2896968 ], [ 121.416504, 14.2897721 ], [ 121.4166459, 14.2898378 ], [ 121.4167108, 14.2900604 ], [ 121.4166618, 14.2902822 ], [ 121.4165369, 14.2904942 ], [ 121.4164027, 14.2906877 ], [ 121.4162391, 14.2910012 ], [ 121.4161328, 14.2912874 ], [ 121.4160259, 14.2916384 ], [ 121.4159396, 14.2917581 ], [ 121.4158443, 14.2918223 ], [ 121.4157491, 14.2918587 ], [ 121.4156827, 14.2918582 ], [ 121.4156068, 14.2918485 ], [ 121.4155501, 14.2918203 ], [ 121.4154464, 14.2917178 ], [ 121.4154485, 14.2914217 ], [ 121.4153925, 14.2912918 ], [ 121.4153555, 14.2911434 ], [ 121.4152612, 14.2910688 ], [ 121.4151381, 14.2910309 ], [ 121.4150526, 14.2910304 ], [ 121.414929, 14.2910665 ], [ 121.4147659, 14.2913246 ], [ 121.4147647, 14.2914912 ], [ 121.4147236, 14.2919351 ], [ 121.4147789, 14.2922339 ], [ 121.4148243, 14.2924633 ], [ 121.4148899, 14.2925841 ], [ 121.415058, 14.2927119 ], [ 121.4154009, 14.2928004 ], [ 121.4157424, 14.2928211 ], [ 121.4160266, 14.2928971 ], [ 121.4162346, 14.2930095 ], [ 121.416329, 14.2930842 ], [ 121.4164984, 14.2932797 ], [ 121.4164976, 14.2934 ], [ 121.4164109, 14.2935752 ], [ 121.4163054, 14.2937319 ], [ 121.416181, 14.2938791 ], [ 121.4160473, 14.2940078 ], [ 121.4158468, 14.2941731 ], [ 121.4156844, 14.2943293 ], [ 121.4155316, 14.2944579 ], [ 121.4154676, 14.2945063 ], [ 121.4153981, 14.2945588 ], [ 121.4152454, 14.2946781 ], [ 121.4152215, 14.294707 ], [ 121.4149783, 14.2952196 ], [ 121.4146443, 14.2958599 ], [ 121.4141803, 14.2962585 ], [ 121.4141285, 14.2965955 ], [ 121.4141271, 14.2967882 ], [ 121.4142411, 14.2969817 ], [ 121.4144714, 14.2970315 ], [ 121.4146521, 14.2970969 ], [ 121.4148325, 14.2972106 ], [ 121.4149782, 14.297581 ], [ 121.4150062, 14.298288 ], [ 121.4151469, 14.2993653 ], [ 121.4154863, 14.3002992 ], [ 121.415649, 14.3005895 ], [ 121.4156473, 14.3008304 ], [ 121.4155479, 14.3009101 ], [ 121.4153516, 14.300716 ], [ 121.4153196, 14.3005712 ], [ 121.4152374, 14.3005546 ], [ 121.4151049, 14.3006501 ], [ 121.4151201, 14.300843 ], [ 121.415267, 14.3010367 ], [ 121.4154135, 14.3012786 ], [ 121.4155109, 14.3014881 ], [ 121.4154767, 14.3016646 ], [ 121.415246, 14.3016791 ], [ 121.4147717, 14.3011941 ], [ 121.4141508, 14.300467 ], [ 121.4135958, 14.3000056 ], [ 121.4133961, 14.2998948 ], [ 121.4132266, 14.2996993 ], [ 121.4131513, 14.2996063 ], [ 121.4130566, 14.2995779 ], [ 121.4129331, 14.2995955 ], [ 121.4128471, 14.2996875 ], [ 121.4127984, 14.299863 ], [ 121.4127682, 14.3001035 ], [ 121.4127168, 14.3006677 ], [ 121.4127044, 14.3007502 ], [ 121.4127007, 14.3007528 ], [ 121.4126898, 14.3009917 ], [ 121.4127047, 14.3012524 ], [ 121.4127875, 14.3013507 ], [ 121.4129027, 14.3015958 ], [ 121.4129009, 14.3018564 ], [ 121.4128826, 14.3020843 ], [ 121.4128815, 14.3022309 ], [ 121.4131471, 14.302477 ], [ 121.4132468, 14.3025429 ], [ 121.4134139, 14.302544 ], [ 121.4136475, 14.3025781 ], [ 121.4137123, 14.3028718 ], [ 121.4140587, 14.303493 ], [ 121.414057, 14.3037374 ], [ 121.4140224, 14.3039 ], [ 121.4139531, 14.3042579 ], [ 121.4139687, 14.3044209 ], [ 121.4142168, 14.3047647 ], [ 121.414232, 14.3049765 ], [ 121.4142137, 14.3052044 ], [ 121.4142624, 14.3054165 ], [ 121.4142443, 14.3056119 ], [ 121.414043, 14.3057246 ], [ 121.4138594, 14.305707 ], [ 121.4136434, 14.3055427 ], [ 121.4131975, 14.3048067 ], [ 121.4124724, 14.303401 ], [ 121.4123395, 14.3033024 ], [ 121.4120221, 14.3033003 ], [ 121.411938, 14.3033812 ], [ 121.4119369, 14.303544 ], [ 121.4118191, 14.3036573 ], [ 121.4116179, 14.30377 ], [ 121.4111497, 14.303832 ], [ 121.4108489, 14.3038463 ], [ 121.4105985, 14.3038283 ], [ 121.4103994, 14.3036315 ], [ 121.4102005, 14.3034184 ], [ 121.4101854, 14.3031903 ], [ 121.410137, 14.3029456 ], [ 121.4102392, 14.3026694 ], [ 121.4103244, 14.3024256 ], [ 121.4103258, 14.3022301 ], [ 121.41011, 14.3020332 ], [ 121.4097939, 14.3018519 ], [ 121.4095114, 14.3016383 ], [ 121.4094802, 14.3013286 ], [ 121.4094124, 14.3010213 ], [ 121.4093952, 14.3009862 ], [ 121.4091517, 14.3006341 ], [ 121.4089826, 14.3004669 ], [ 121.4088506, 14.3004014 ], [ 121.4087087, 14.3004005 ], [ 121.4085759, 14.3004549 ], [ 121.4084713, 14.300528 ], [ 121.4083005, 14.3005915 ], [ 121.4081491, 14.3005997 ], [ 121.4074112, 14.3005947 ], [ 121.4070895, 14.300611 ], [ 121.4069568, 14.300647 ], [ 121.4067858, 14.3007255 ], [ 121.4065012, 14.3008562 ], [ 121.4063114, 14.3009471 ], [ 121.4061124, 14.3009827 ], [ 121.4058664, 14.3009903 ], [ 121.4056203, 14.3010071 ], [ 121.4054405, 14.3010151 ], [ 121.4052794, 14.3010602 ], [ 121.4050799, 14.3011695 ], [ 121.4048231, 14.3013615 ], [ 121.404509, 14.3016454 ], [ 121.4043566, 14.301792 ], [ 121.4041854, 14.30192 ], [ 121.4040427, 14.3020205 ], [ 121.4037772, 14.302111 ], [ 121.4029344, 14.3022252 ], [ 121.4025939, 14.302223 ], [ 121.4022721, 14.3022392 ], [ 121.4020545, 14.3022378 ], [ 121.4017996, 14.3021623 ], [ 121.4014502, 14.3020769 ], [ 121.4011672, 14.3019643 ], [ 121.4009856, 14.3018519 ], [ 121.4007856, 14.3016676 ], [ 121.4006154, 14.3014816 ], [ 121.400594, 14.3013186 ], [ 121.4008357, 14.3009185 ], [ 121.4009101, 14.3008555 ], [ 121.4011115, 14.3004694 ], [ 121.4011131, 14.300248 ], [ 121.4010675, 14.3000079 ], [ 121.4009459, 14.2998041 ], [ 121.4006669, 14.2991288 ], [ 121.4004348, 14.2985091 ], [ 121.4003587, 14.2983794 ], [ 121.4002801, 14.2980175 ], [ 121.4000515, 14.2974279 ], [ 121.3996074, 14.2962 ], [ 121.3993202, 14.2955001 ], [ 121.3991515, 14.2945731 ], [ 121.3990262, 14.2937034 ], [ 121.3992221, 14.2928501 ], [ 121.399507, 14.291798 ], [ 121.399573, 14.2907301 ], [ 121.3995098, 14.2893481 ], [ 121.3995548, 14.2890435 ], [ 121.3995588, 14.2888992 ], [ 121.3995677, 14.2885767 ], [ 121.399569, 14.2883963 ], [ 121.3993322, 14.288253 ], [ 121.3988129, 14.2879314 ], [ 121.3984577, 14.2876913 ], [ 121.3984363, 14.2876511 ], [ 121.3982352, 14.287514 ], [ 121.3978598, 14.2869926 ], [ 121.3977639, 14.2868024 ], [ 121.3977336, 14.2867837 ], [ 121.3976717, 14.2866067 ], [ 121.3973528, 14.2860623 ], [ 121.3970649, 14.2856738 ], [ 121.3966701, 14.2854521 ], [ 121.3962882, 14.2852821 ], [ 121.395683, 14.2849172 ], [ 121.3951338, 14.2844665 ], [ 121.3950657, 14.2844106 ], [ 121.3945795, 14.2840337 ], [ 121.3939611, 14.2836817 ], [ 121.3932762, 14.2833018 ], [ 121.3931258, 14.2832438 ], [ 121.392368, 14.2830896 ], [ 121.3916598, 14.2827337 ], [ 121.3910187, 14.2820272 ], [ 121.389838, 14.2806149 ], [ 121.3891592, 14.2800297 ], [ 121.3891338, 14.2800274 ], [ 121.3891081, 14.2800056 ], [ 121.3886486, 14.2797729 ], [ 121.387582, 14.2794878 ], [ 121.3865389, 14.2792492 ], [ 121.3857913, 14.2791862 ], [ 121.3855613, 14.2791945 ], [ 121.3849837, 14.2792155 ], [ 121.3844969, 14.2792122 ], [ 121.3841651, 14.2791289 ], [ 121.3834317, 14.2787418 ], [ 121.3828286, 14.2784019 ], [ 121.3827557, 14.2783559 ], [ 121.3827236, 14.2783198 ], [ 121.3820562, 14.2779379 ], [ 121.3813945, 14.2777384 ], [ 121.3809133, 14.2773142 ], [ 121.3806124, 14.2767066 ], [ 121.3802271, 14.2761291 ], [ 121.3796825, 14.2757456 ], [ 121.3793162, 14.2754556 ], [ 121.3788237, 14.2751443 ], [ 121.3784263, 14.2747926 ], [ 121.3779047, 14.2741321 ], [ 121.3774376, 14.2735737 ], [ 121.3774006, 14.273559 ], [ 121.3770952, 14.2732449 ], [ 121.3765404, 14.2728011 ], [ 121.3761044, 14.2723466 ], [ 121.3756321, 14.2719844 ], [ 121.3752064, 14.2717383 ], [ 121.3745426, 14.2715948 ], [ 121.3734381, 14.2716336 ], [ 121.3728442, 14.2716759 ], [ 121.3720925, 14.2716835 ], [ 121.3720664, 14.271685 ], [ 121.3717262, 14.2717235 ], [ 121.3710956, 14.2717592 ], [ 121.3710453, 14.2717448 ], [ 121.370638, 14.2716283 ], [ 121.3703043, 14.2713625 ], [ 121.3700387, 14.2707219 ], [ 121.3695616, 14.2698962 ], [ 121.3690586, 14.269262 ], [ 121.368221, 14.2684657 ], [ 121.3676934, 14.2680525 ], [ 121.367654, 14.2680427 ], [ 121.367304, 14.2677706 ], [ 121.3671846, 14.2676627 ], [ 121.3671877, 14.2676499 ], [ 121.3670193, 14.2674935 ], [ 121.3668485, 14.2674 ], [ 121.3667484, 14.2673532 ], [ 121.366577, 14.2673347 ], [ 121.3662814, 14.2673327 ], [ 121.3661574, 14.2673146 ], [ 121.3660456, 14.2672331 ], [ 121.3655349, 14.2667279 ], [ 121.3650642, 14.2664075 ], [ 121.3647455, 14.2663246 ], [ 121.3645448, 14.2662828 ], [ 121.3644088, 14.2662819 ], [ 121.3641783, 14.2662746 ], [ 121.3639594, 14.2662846 ], [ 121.3638292, 14.2663125 ], [ 121.363705, 14.2663174 ], [ 121.3635808, 14.2663166 ], [ 121.3634572, 14.2662465 ], [ 121.3633457, 14.2661189 ], [ 121.3631341, 14.2659502 ], [ 121.3629515, 14.2658509 ], [ 121.3627624, 14.2658381 ], [ 121.3624079, 14.2658068 ], [ 121.3621013, 14.2656836 ], [ 121.3619305, 14.265596 ], [ 121.3617774, 14.2655142 ], [ 121.36163, 14.2654497 ], [ 121.361477, 14.2653507 ], [ 121.3612004, 14.2651815 ], [ 121.3610827, 14.2650942 ], [ 121.3609947, 14.2650014 ], [ 121.3609065, 14.2649373 ], [ 121.3608005, 14.2648789 ], [ 121.3606484, 14.2648679 ], [ 121.3604409, 14.2648854 ], [ 121.3603245, 14.2648657 ], [ 121.360163, 14.2647951 ], [ 121.3600537, 14.2646869 ], [ 121.3599509, 14.2645725 ], [ 121.359841, 14.2645401 ], [ 121.3595431, 14.2645254 ], [ 121.3594653, 14.2645312 ], [ 121.3593875, 14.2645307 ], [ 121.3592255, 14.2645359 ], [ 121.3591301, 14.2645093 ], [ 121.3591092, 14.2645035 ], [ 121.3589932, 14.2644079 ], [ 121.3587681, 14.2641915 ], [ 121.3585357, 14.2640762 ], [ 121.3583739, 14.2640498 ], [ 121.3582249, 14.2640488 ], [ 121.3580693, 14.2640667 ], [ 121.3579071, 14.2640971 ], [ 121.357803, 14.2641659 ], [ 121.3577248, 14.2642223 ], [ 121.3576275, 14.2642469 ], [ 121.3575173, 14.2642461 ], [ 121.3573879, 14.2642263 ], [ 121.3572523, 14.2641685 ], [ 121.3570847, 14.2640536 ], [ 121.356996, 14.2640129 ], [ 121.3568941, 14.2639193 ], [ 121.3566797, 14.2636148 ], [ 121.3565006, 14.263304 ], [ 121.3563919, 14.2631073 ], [ 121.3562441, 14.2629421 ], [ 121.3559151, 14.2627439 ], [ 121.3557941, 14.2627018 ], [ 121.3556306, 14.2626788 ], [ 121.3555316, 14.2626684 ], [ 121.3552138, 14.2623767 ], [ 121.3551485, 14.2623379 ], [ 121.354935, 14.2621179 ], [ 121.3544841, 14.261761 ], [ 121.3539564, 14.2612772 ], [ 121.3535048, 14.2610087 ], [ 121.3533819, 14.2609889 ], [ 121.3532199, 14.2609878 ], [ 121.353128, 14.2609981 ], [ 121.3529928, 14.2610367 ], [ 121.3529618, 14.2610365 ], [ 121.3527817, 14.2610584 ], [ 121.3526225, 14.261037 ], [ 121.3523671, 14.2608933 ], [ 121.3523415, 14.2606345 ], [ 121.3523419, 14.2605773 ], [ 121.3523717, 14.2600341 ], [ 121.3522629, 14.2598502 ], [ 121.3521403, 14.2597924 ], [ 121.3519913, 14.2597914 ], [ 121.351784, 14.2597837 ], [ 121.3516477, 14.2598269 ], [ 121.3515244, 14.2598577 ], [ 121.3513681, 14.2598577 ], [ 121.3512457, 14.2598684 ], [ 121.3511582, 14.2598678 ], [ 121.3509948, 14.2597619 ], [ 121.3508784, 14.2596013 ], [ 121.3507337, 14.2596003 ], [ 121.3504575, 14.2596925 ], [ 121.3502647, 14.2596643 ], [ 121.3501142, 14.2595154 ], [ 121.3499511, 14.2592051 ], [ 121.3496244, 14.2586518 ], [ 121.3493237, 14.2583137 ], [ 121.3489269, 14.2579212 ], [ 121.3485188, 14.2571926 ], [ 121.3480988, 14.2562085 ], [ 121.3476916, 14.2553454 ], [ 121.3476267, 14.2547939 ], [ 121.3476205, 14.2547643 ], [ 121.3475173, 14.2542742 ], [ 121.3473557, 14.2540303 ], [ 121.3472865, 14.2539491 ], [ 121.3468274, 14.2537376 ], [ 121.3465553, 14.2533207 ], [ 121.346308, 14.2527971 ], [ 121.3460588, 14.2523998 ], [ 121.3459195, 14.2519605 ], [ 121.3458588, 14.2512759 ], [ 121.3458309, 14.2505915 ], [ 121.3458233, 14.2501317 ], [ 121.3457837, 14.2495434 ], [ 121.3456324, 14.2492537 ], [ 121.3455235, 14.249146 ], [ 121.3452617, 14.2489732 ], [ 121.3451892, 14.2489051 ], [ 121.3451886, 14.248869 ], [ 121.3450816, 14.2487933 ], [ 121.3448263, 14.2484423 ], [ 121.344756, 14.2482602 ], [ 121.3448011, 14.2479671 ], [ 121.3448769, 14.2473949 ], [ 121.3446523, 14.2467647 ], [ 121.3442126, 14.2461889 ], [ 121.3435815, 14.2457249 ], [ 121.3433988, 14.2456342 ], [ 121.343227, 14.2456219 ], [ 121.3431244, 14.2455541 ], [ 121.3430683, 14.2453973 ], [ 121.3430919, 14.2452968 ], [ 121.3432414, 14.2452196 ], [ 121.3440549, 14.2452253 ], [ 121.3441811, 14.2452038 ], [ 121.3441875, 14.2451675 ], [ 121.344193, 14.2451368 ], [ 121.344091, 14.2449797 ], [ 121.3439539, 14.244934 ], [ 121.3438163, 14.2449442 ], [ 121.3436215, 14.2449429 ], [ 121.3434961, 14.2448638 ], [ 121.3434854, 14.244752 ], [ 121.3435781, 14.2446185 ], [ 121.3437395, 14.2444855 ], [ 121.3438435, 14.2443633 ], [ 121.3438459, 14.244028 ], [ 121.3435077, 14.2432769 ], [ 121.3422184, 14.2420115 ], [ 121.3408791, 14.2414471 ], [ 121.3401661, 14.2410874 ], [ 121.3394816, 14.2408309 ], [ 121.3387558, 14.2406141 ], [ 121.3378591, 14.2403818 ], [ 121.3377486, 14.2403668 ], [ 121.3376327, 14.2403452 ], [ 121.3375126, 14.2402879 ], [ 121.3368813, 14.2399872 ], [ 121.3361422, 14.2395281 ], [ 121.3360411, 14.2394897 ], [ 121.335459, 14.2393455 ], [ 121.3342881, 14.2388015 ], [ 121.3336741, 14.2383932 ], [ 121.3332699, 14.2381926 ], [ 121.3330254, 14.2381084 ], [ 121.3327976, 14.2380574 ], [ 121.3324341, 14.2380631 ], [ 121.3322477, 14.2381277 ], [ 121.3320955, 14.2381349 ], [ 121.3319188, 14.2380265 ], [ 121.3318268, 14.2379022 ], [ 121.3317774, 14.2377205 ], [ 121.33177, 14.237572 ], [ 121.3316949, 14.2374478 ], [ 121.3315604, 14.237348 ], [ 121.331417, 14.2373057 ], [ 121.3312905, 14.2372719 ], [ 121.3311418, 14.2371866 ], [ 121.3311306, 14.2371801 ], [ 121.331047, 14.2370558 ], [ 121.3310733, 14.2369241 ], [ 121.3311416, 14.2368257 ], [ 121.3311601, 14.2368059 ], [ 121.3312183, 14.2367438 ], [ 121.3312022, 14.2366282 ], [ 121.3311705, 14.2365874 ], [ 121.3311185, 14.2365205 ], [ 121.3309159, 14.2364861 ], [ 121.3306877, 14.2364927 ], [ 121.3304201, 14.2366681 ], [ 121.3301759, 14.2367785 ], [ 121.3299183, 14.236869 ], [ 121.3297289, 14.2368743 ], [ 121.329486, 14.2368133 ], [ 121.3288664, 14.2364792 ], [ 121.3284971, 14.2361204 ], [ 121.3284723, 14.2358235 ], [ 121.3284397, 14.2356583 ], [ 121.3282982, 14.2355848 ], [ 121.3281762, 14.2356301 ], [ 121.327985, 14.2358794 ], [ 121.3278763, 14.2359512 ], [ 121.3277681, 14.2359636 ], [ 121.3273837, 14.2358224 ], [ 121.3264404, 14.2353739 ], [ 121.3259491, 14.2350605 ], [ 121.325869, 14.234928 ], [ 121.3257427, 14.2346304 ], [ 121.3256834, 14.2344123 ], [ 121.3255987, 14.2342916 ], [ 121.3255841, 14.2342872 ], [ 121.3254328, 14.2342944 ], [ 121.3253059, 14.2344082 ], [ 121.3252606, 14.2344383 ], [ 121.3252292, 14.2344654 ], [ 121.3251415, 14.2345215 ], [ 121.3249924, 14.2345798 ], [ 121.324715, 14.234624 ], [ 121.3244384, 14.2345495 ], [ 121.323887, 14.2341699 ], [ 121.3234383, 14.2336063 ], [ 121.3233457, 14.2333791 ], [ 121.3232525, 14.2331501 ], [ 121.3232364, 14.2328122 ], [ 121.3232337, 14.2328078 ], [ 121.3232339, 14.2327908 ], [ 121.3233018, 14.2325294 ], [ 121.3231979, 14.2323806 ], [ 121.3230664, 14.2324264 ], [ 121.3230215, 14.2324587 ], [ 121.323012, 14.2324431 ], [ 121.3228378, 14.2325626 ], [ 121.3226475, 14.232663 ], [ 121.3224292, 14.2326984 ], [ 121.3222776, 14.2326974 ], [ 121.3220882, 14.2326775 ], [ 121.3219373, 14.2325748 ], [ 121.3218439, 14.2323892 ], [ 121.3218069, 14.2322595 ], [ 121.321808, 14.2321116 ], [ 121.3218382, 14.2318807 ], [ 121.3218774, 14.231696 ], [ 121.3219357, 14.2315023 ], [ 121.3218892, 14.2313818 ], [ 121.3217184, 14.2314083 ], [ 121.3215278, 14.2315549 ], [ 121.3213657, 14.2316832 ], [ 121.3212035, 14.2318207 ], [ 121.3209659, 14.2319115 ], [ 121.3208434, 14.2318182 ], [ 121.3208068, 14.231633 ], [ 121.3208936, 14.2314302 ], [ 121.3212861, 14.230906 ], [ 121.3214582, 14.2307038 ], [ 121.3213932, 14.2305277 ], [ 121.3211564, 14.2304983 ], [ 121.3207957, 14.230579 ], [ 121.3206337, 14.2306888 ], [ 121.3204628, 14.2307338 ], [ 121.3200933, 14.2307127 ], [ 121.3195363, 14.2304129 ], [ 121.3191003, 14.2304099 ], [ 121.3188824, 14.2303991 ], [ 121.3185517, 14.2302581 ], [ 121.3183729, 14.2300811 ], [ 121.3183176, 14.2298774 ], [ 121.3183096, 14.2296739 ], [ 121.3181883, 14.2294142 ], [ 121.3180663, 14.2292469 ], [ 121.3174519, 14.2290207 ], [ 121.3169519, 14.228712 ], [ 121.3166801, 14.2282848 ], [ 121.3165304, 14.2280249 ], [ 121.3164001, 14.2278633 ], [ 121.3162462, 14.2278507 ], [ 121.3160919, 14.2278843 ], [ 121.3159495, 14.2279179 ], [ 121.3157363, 14.2279049 ], [ 121.3156189, 14.2277654 ], [ 121.3156083, 14.2275919 ], [ 121.3156097, 14.227407 ], [ 121.3155541, 14.2269097 ], [ 121.3157335, 14.2266914 ], [ 121.3158883, 14.2265885 ], [ 121.3161488, 14.2266019 ], [ 121.3164206, 14.2266962 ], [ 121.3170344, 14.227001 ], [ 121.317589, 14.2273054 ], [ 121.318203, 14.2275871 ], [ 121.3186615, 14.2280642 ], [ 121.3188481, 14.22847 ], [ 121.3193193, 14.2288316 ], [ 121.319461, 14.2289019 ], [ 121.3196268, 14.2289031 ], [ 121.3197579, 14.2288 ], [ 121.3197605, 14.2284533 ], [ 121.3196676, 14.2281984 ], [ 121.3194791, 14.2280584 ], [ 121.3192787, 14.2279183 ], [ 121.3191377, 14.2277555 ], [ 121.3190684, 14.2275123 ], [ 121.3187297, 14.2268627 ], [ 121.3184839, 14.2264449 ], [ 121.3183075, 14.2262703 ], [ 121.3180952, 14.2261417 ], [ 121.3178354, 14.2260243 ], [ 121.3175394, 14.2259991 ], [ 121.3173036, 14.2258472 ], [ 121.3170567, 14.2255912 ], [ 121.3167048, 14.2251149 ], [ 121.3165289, 14.224871 ], [ 121.3162333, 14.2246514 ], [ 121.3161519, 14.224591 ], [ 121.3159984, 14.2245205 ], [ 121.3157517, 14.2242299 ], [ 121.3156231, 14.2239978 ], [ 121.3155791, 14.2235352 ], [ 121.3155809, 14.2233041 ], [ 121.3153453, 14.2231175 ], [ 121.3144352, 14.2228222 ], [ 121.3139499, 14.2227725 ], [ 121.3134989, 14.2228734 ], [ 121.313166, 14.2230328 ], [ 121.312976, 14.2230893 ], [ 121.3127512, 14.223053 ], [ 121.3125162, 14.2227855 ], [ 121.3120468, 14.2221813 ], [ 121.311695, 14.2216934 ], [ 121.3115315, 14.2213802 ], [ 121.3115092, 14.2211951 ], [ 121.3115105, 14.2210102 ], [ 121.3116422, 14.2208262 ], [ 121.3118896, 14.2203597 ], [ 121.3119026, 14.220327 ], [ 121.3118854, 14.2202683 ], [ 121.3118248, 14.220022 ], [ 121.3116791, 14.219906 ], [ 121.3116328, 14.2198142 ], [ 121.3116183, 14.2196692 ], [ 121.3116271, 14.2195396 ], [ 121.3116684, 14.2193871 ], [ 121.3116427, 14.2192828 ], [ 121.3116768, 14.219151 ], [ 121.3116776, 14.2190443 ], [ 121.3116237, 14.2189371 ], [ 121.3114873, 14.2186516 ], [ 121.3113844, 14.2185236 ], [ 121.3113852, 14.2184169 ], [ 121.311397, 14.2182847 ], [ 121.3113011, 14.2181646 ], [ 121.3112236, 14.2180726 ], [ 121.3111622, 14.2179272 ], [ 121.311085, 14.2177971 ], [ 121.3110488, 14.2177519 ], [ 121.3109491, 14.2173706 ], [ 121.3109352, 14.2173576 ], [ 121.310734, 14.2165963 ], [ 121.3103483, 14.2159246 ], [ 121.3101182, 14.2154096 ], [ 121.309728, 14.2148079 ], [ 121.3091492, 14.2140196 ], [ 121.3086999, 14.2135031 ], [ 121.3085381, 14.2130811 ], [ 121.3085135, 14.2130169 ], [ 121.3083977, 14.2128593 ], [ 121.3082377, 14.2127583 ], [ 121.3080769, 14.2127572 ], [ 121.3078428, 14.212784 ], [ 121.3076823, 14.2127544 ], [ 121.3076542, 14.2125973 ], [ 121.3076557, 14.2123977 ], [ 121.3078481, 14.2120711 ], [ 121.3081729, 14.2116456 ], [ 121.3082069, 14.2110042 ], [ 121.3080646, 14.2104756 ], [ 121.3079238, 14.2097616 ], [ 121.3076934, 14.2092894 ], [ 121.3073908, 14.2087027 ], [ 121.3069566, 14.2081292 ], [ 121.3066692, 14.2074712 ], [ 121.3065107, 14.2071564 ], [ 121.3061772, 14.2067976 ], [ 121.3059614, 14.2063397 ], [ 121.3056149, 14.2057526 ], [ 121.3052516, 14.2052695 ], [ 121.3048462, 14.2047533 ], [ 121.3044539, 14.2040433 ], [ 121.3040382, 14.2033445 ], [ 121.3037474, 14.2031371 ], [ 121.3032472, 14.2027913 ], [ 121.3028737, 14.2026974 ], [ 121.3025939, 14.2025813 ], [ 121.3020706, 14.2022012 ], [ 121.3013602, 14.2018083 ], [ 121.3007445, 14.2014911 ], [ 121.3002975, 14.2012178 ], [ 121.2998684, 14.2011078 ], [ 121.2995655, 14.2010301 ], [ 121.298886, 14.2008354 ], [ 121.2983176, 14.2007876 ], [ 121.2975848, 14.2007094 ], [ 121.2973679, 14.2006932 ], [ 121.297234, 14.2005901 ], [ 121.2972048, 14.2004876 ], [ 121.2972056, 14.2003781 ], [ 121.2971837, 14.2003123 ], [ 121.296989, 14.2003182 ], [ 121.2968319, 14.2003171 ], [ 121.2966667, 14.2003889 ], [ 121.2965224, 14.2006799 ], [ 121.2964523, 14.2010445 ], [ 121.2962636, 14.2012548 ], [ 121.2961737, 14.2012761 ], [ 121.2960164, 14.2012969 ], [ 121.2959268, 14.2012597 ], [ 121.2958378, 14.2011569 ], [ 121.2957937, 14.2010471 ], [ 121.2957574, 14.2008935 ], [ 121.2957132, 14.2008056 ], [ 121.2956313, 14.2007466 ], [ 121.2955268, 14.2007093 ], [ 121.2955172, 14.2006998 ], [ 121.2955149, 14.200704 ], [ 121.2954973, 14.200697 ], [ 121.2953726, 14.2006962 ], [ 121.2951905, 14.2006855 ], [ 121.2950284, 14.2005627 ], [ 121.2949142, 14.2004403 ], [ 121.2948769, 14.2002996 ], [ 121.29483, 14.200159 ], [ 121.2948119, 14.2000091 ], [ 121.2947647, 14.1999152 ], [ 121.2947366, 14.1998215 ], [ 121.2947376, 14.1996905 ], [ 121.2947678, 14.1994942 ], [ 121.2948941, 14.1992799 ], [ 121.2949525, 14.199168 ], [ 121.2949916, 14.1990654 ], [ 121.2949164, 14.198859 ], [ 121.2948595, 14.1987744 ], [ 121.2947162, 14.1987079 ], [ 121.2945918, 14.1986602 ], [ 121.2944386, 14.198631 ], [ 121.2943141, 14.1986114 ], [ 121.2942282, 14.1985453 ], [ 121.2941428, 14.1984324 ], [ 121.2940117, 14.1980105 ], [ 121.2939192, 14.1975513 ], [ 121.2937098, 14.1973346 ], [ 121.293576, 14.1972775 ], [ 121.2933655, 14.1972105 ], [ 121.2930784, 14.1971243 ], [ 121.2928485, 14.1970946 ], [ 121.2926471, 14.1970931 ], [ 121.2925135, 14.1970972 ], [ 121.2923977, 14.1971007 ], [ 121.2921187, 14.197211 ], [ 121.2917911, 14.1974145 ], [ 121.291134, 14.1980741 ], [ 121.2909516, 14.1980916 ], [ 121.2908945, 14.198035 ], [ 121.2908475, 14.197913 ], [ 121.2908412, 14.1978323 ], [ 121.2908771, 14.1978084 ], [ 121.2908967, 14.1973122 ], [ 121.2909152, 14.1972729 ], [ 121.2907255, 14.1973408 ], [ 121.2905374, 14.1974369 ], [ 121.2904118, 14.1975335 ], [ 121.2903362, 14.1976304 ], [ 121.2902978, 14.197752 ], [ 121.2901726, 14.1977877 ], [ 121.2899852, 14.1977985 ], [ 121.2898231, 14.1977608 ], [ 121.2897234, 14.1977357 ], [ 121.2895743, 14.197625 ], [ 121.2895253, 14.1974906 ], [ 121.2894516, 14.1973317 ], [ 121.2894553, 14.1968443 ], [ 121.2894945, 14.196613 ], [ 121.2896329, 14.19648 ], [ 121.2898837, 14.1963477 ], [ 121.2903842, 14.1962173 ], [ 121.2904975, 14.1960962 ], [ 121.2905239, 14.1959136 ], [ 121.2904402, 14.1954135 ], [ 121.2903183, 14.1950227 ], [ 121.2898103, 14.1944707 ], [ 121.2894871, 14.1942734 ], [ 121.2890637, 14.1940998 ], [ 121.2886154, 14.193926 ], [ 121.2882407, 14.1939233 ], [ 121.2877031, 14.1939926 ], [ 121.2867022, 14.1942169 ], [ 121.2862078, 14.1943161 ], [ 121.2859392, 14.1943699 ], [ 121.2849886, 14.1945459 ], [ 121.2843876, 14.1947487 ], [ 121.2839493, 14.194904 ], [ 121.2835486, 14.1950351 ], [ 121.2831488, 14.1950566 ], [ 121.2825249, 14.1949791 ], [ 121.2820752, 14.194988 ], [ 121.2817129, 14.1949976 ], [ 121.2812121, 14.1951524 ], [ 121.2808999, 14.1951502 ], [ 121.2806628, 14.1951241 ], [ 121.2798894, 14.1949967 ], [ 121.279639, 14.1950802 ], [ 121.2793128, 14.1952728 ], [ 121.2791742, 14.1954302 ], [ 121.2790739, 14.1954782 ], [ 121.2789614, 14.1954896 ], [ 121.2787991, 14.1954763 ], [ 121.2787252, 14.1953417 ], [ 121.2787765, 14.1951715 ], [ 121.2789149, 14.1950384 ], [ 121.2790285, 14.1948808 ], [ 121.279042, 14.1947469 ], [ 121.2789813, 14.1945149 ], [ 121.2786964, 14.1941961 ], [ 121.2784977, 14.1940484 ], [ 121.2782481, 14.1940223 ], [ 121.2781685, 14.1940247 ], [ 121.2779233, 14.1940321 ], [ 121.2776109, 14.1940542 ], [ 121.2772359, 14.1940881 ], [ 121.2769603, 14.1941958 ], [ 121.2767355, 14.1941942 ], [ 121.2757131, 14.1939675 ], [ 121.2750897, 14.1938167 ], [ 121.27479, 14.1938146 ], [ 121.2746026, 14.1938254 ], [ 121.2744773, 14.1938733 ], [ 121.2743263, 14.1940184 ], [ 121.2741136, 14.1940656 ], [ 121.2740014, 14.1940404 ], [ 121.2739649, 14.1939183 ], [ 121.2739658, 14.1937965 ], [ 121.2739549, 14.1935892 ], [ 121.2738686, 14.1934424 ], [ 121.2737816, 14.1933808 ], [ 121.2735446, 14.1933426 ], [ 121.2732323, 14.1933525 ], [ 121.272932, 14.1934234 ], [ 121.2725308, 14.1936155 ], [ 121.2720673, 14.1938071 ], [ 121.2717028, 14.1941091 ], [ 121.2716261, 14.1943401 ], [ 121.2716119, 14.1945593 ], [ 121.2716977, 14.1947793 ], [ 121.2718838, 14.194939 ], [ 121.2723064, 14.1952102 ], [ 121.2730049, 14.195337 ], [ 121.2733173, 14.1953149 ], [ 121.2736047, 14.1952926 ], [ 121.2738158, 14.1954647 ], [ 121.2737393, 14.1956713 ], [ 121.2735381, 14.1958527 ], [ 121.2732877, 14.195924 ], [ 121.272988, 14.1959218 ], [ 121.2725511, 14.1958821 ], [ 121.271853, 14.1957065 ], [ 121.2710183, 14.1954324 ], [ 121.2703439, 14.1954275 ], [ 121.269969, 14.1954492 ], [ 121.2697566, 14.1954598 ], [ 121.2696818, 14.1954471 ], [ 121.2697326, 14.1953256 ], [ 121.2699836, 14.195169 ], [ 121.2702842, 14.1950615 ], [ 121.2704852, 14.1949046 ], [ 121.2705738, 14.194759 ], [ 121.2705502, 14.194576 ], [ 121.2705255, 14.1945393 ], [ 121.2702504, 14.1945739 ], [ 121.2698747, 14.1947052 ], [ 121.2695863, 14.1948615 ], [ 121.2692853, 14.1950299 ], [ 121.2690475, 14.1950891 ], [ 121.268885, 14.1951001 ], [ 121.2687855, 14.1950507 ], [ 121.2687366, 14.1949163 ], [ 121.268526, 14.1946833 ], [ 121.2684291, 14.1946497 ], [ 121.2681779, 14.1947635 ], [ 121.2679539, 14.1947748 ], [ 121.2676912, 14.1946829 ], [ 121.2675488, 14.1943478 ], [ 121.2673837, 14.1935369 ], [ 121.26727, 14.1929064 ], [ 121.2669442, 14.1924414 ], [ 121.2665102, 14.1921378 ], [ 121.2664987, 14.1921298 ], [ 121.26608, 14.1917669 ], [ 121.2657008, 14.1913915 ], [ 121.2652828, 14.1909387 ], [ 121.2649967, 14.1904482 ], [ 121.2645785, 14.1900083 ], [ 121.2640932, 14.1897477 ], [ 121.2636465, 14.1895903 ], [ 121.262923, 14.1894694 ], [ 121.2621064, 14.1894506 ], [ 121.2616181, 14.1895756 ], [ 121.261167, 14.1900092 ], [ 121.2606108, 14.1903907 ], [ 121.2602956, 14.190534 ], [ 121.260229, 14.1905895 ], [ 121.2601364, 14.1906487 ], [ 121.2600516, 14.1906856 ], [ 121.259967, 14.1906925 ], [ 121.2599439, 14.1906998 ], [ 121.2598928, 14.1906932 ], [ 121.2598825, 14.1906919 ], [ 121.2597985, 14.1906313 ], [ 121.2597761, 14.1905412 ], [ 121.2597922, 14.1904514 ], [ 121.2597926, 14.1903989 ], [ 121.2598008, 14.1903315 ], [ 121.2597782, 14.1902639 ], [ 121.2597168, 14.1902634 ], [ 121.2596474, 14.1902929 ], [ 121.259516, 14.1903894 ], [ 121.2594306, 14.1905162 ], [ 121.2593448, 14.190673 ], [ 121.2592776, 14.1907734 ], [ 121.2592673, 14.1907731 ], [ 121.2589643, 14.1912496 ], [ 121.2586859, 14.1918267 ], [ 121.2585477, 14.1919817 ], [ 121.2584107, 14.1919807 ], [ 121.2582746, 14.1918683 ], [ 121.2582067, 14.1917898 ], [ 121.2579472, 14.191387 ], [ 121.2576422, 14.1909615 ], [ 121.2575172, 14.1908827 ], [ 121.2573574, 14.1908815 ], [ 121.2572657, 14.1909365 ], [ 121.2570692, 14.1912469 ], [ 121.2568512, 14.1913901 ], [ 121.2565762, 14.1915218 ], [ 121.2563707, 14.1915314 ], [ 121.2559722, 14.1913837 ], [ 121.2556199, 14.1911807 ], [ 121.2554085, 14.1909084 ], [ 121.2554071, 14.1909085 ], [ 121.2553711, 14.1908689 ], [ 121.2552413, 14.190763 ], [ 121.2551341, 14.1907173 ], [ 121.2549652, 14.1907011 ], [ 121.2548419, 14.1907526 ], [ 121.2547565, 14.190872 ], [ 121.2547057, 14.1909648 ], [ 121.2546842, 14.1909665 ], [ 121.2544665, 14.191228 ], [ 121.2541555, 14.1915933 ], [ 121.2540969, 14.1917822 ], [ 121.2539366, 14.1918478 ], [ 121.2538452, 14.1918583 ], [ 121.2537653, 14.1918577 ], [ 121.2535611, 14.1916892 ], [ 121.2533904, 14.1916211 ], [ 121.2532076, 14.1916309 ], [ 121.2531386, 14.1916972 ], [ 121.2530463, 14.1918191 ], [ 121.2529191, 14.1920409 ], [ 121.2528276, 14.1920625 ], [ 121.2527248, 14.1920618 ], [ 121.2526337, 14.1920388 ], [ 121.2523047, 14.1917691 ], [ 121.2521454, 14.1917011 ], [ 121.2519627, 14.1916998 ], [ 121.2517913, 14.1917208 ], [ 121.2516769, 14.1917534 ], [ 121.2515398, 14.1917635 ], [ 121.2513573, 14.1917511 ], [ 121.2512552, 14.1916612 ], [ 121.2510292, 14.1913588 ], [ 121.2507047, 14.191235 ], [ 121.250569, 14.1912612 ], [ 121.2504329, 14.1912026 ], [ 121.2501136, 14.1911557 ], [ 121.2489745, 14.1910825 ], [ 121.2484806, 14.1911792 ], [ 121.2480888, 14.1913467 ], [ 121.2475827, 14.1916839 ], [ 121.2468594, 14.1922099 ], [ 121.2459205, 14.1927143 ], [ 121.2451669, 14.1931599 ], [ 121.2441646, 14.1938944 ], [ 121.2430788, 14.1947786 ], [ 121.2420346, 14.195603 ], [ 121.2410319, 14.1963876 ], [ 121.2407193, 14.196647 ], [ 121.2401734, 14.1971489 ], [ 121.2394515, 14.1975 ], [ 121.2387427, 14.1976173 ], [ 121.2383026, 14.197767 ], [ 121.2382989, 14.197771 ], [ 121.2382363, 14.1978006 ], [ 121.2381056, 14.1978684 ], [ 121.2377411, 14.1980576 ], [ 121.2375357, 14.1981506 ], [ 121.237087, 14.1981572 ], [ 121.2367238, 14.1980501 ], [ 121.2366472, 14.1980172 ], [ 121.2364035, 14.1979464 ], [ 121.2361113, 14.1977532 ], [ 121.2358026, 14.1973862 ], [ 121.2354853, 14.1969757 ], [ 121.2352402, 14.1964442 ], [ 121.2351916, 14.1958273 ], [ 121.2351779, 14.1952975 ], [ 121.2351194, 14.1948022 ], [ 121.2350248, 14.1943846 ], [ 121.2348809, 14.1940293 ], [ 121.234843, 14.1939879 ], [ 121.2345613, 14.1933526 ], [ 121.2341337, 14.1928382 ], [ 121.2337247, 14.1925745 ], [ 121.2334299, 14.1921613 ], [ 121.2331674, 14.1915679 ], [ 121.2329191, 14.19106 ], [ 121.2326818, 14.1905819 ], [ 121.232409, 14.1899884 ], [ 121.2323789, 14.1898493 ], [ 121.2323323, 14.189718 ], [ 121.2322806, 14.1893209 ], [ 121.2323707, 14.1888028 ], [ 121.2324656, 14.1886585 ], [ 121.2325911, 14.1886137 ], [ 121.2327315, 14.1886605 ], [ 121.232785, 14.1888211 ], [ 121.233027, 14.1898757 ], [ 121.2333441, 14.1903358 ], [ 121.2337319, 14.1907354 ], [ 121.233895, 14.1908892 ], [ 121.2340276, 14.1909283 ], [ 121.2342285, 14.1909086 ], [ 121.2343039, 14.1907643 ], [ 121.2343325, 14.1905887 ], [ 121.2342167, 14.190082 ], [ 121.2339766, 14.1892381 ], [ 121.2336521, 14.1886844 ], [ 121.2333876, 14.1883416 ], [ 121.2332662, 14.1881001 ], [ 121.2332604, 14.1880259 ], [ 121.2332568, 14.1879797 ], [ 121.2332576, 14.1878795 ], [ 121.2332069, 14.1877989 ], [ 121.2330636, 14.1877176 ], [ 121.23292, 14.1876865 ], [ 121.2327865, 14.1876855 ], [ 121.232714, 14.1877551 ], [ 121.2325898, 14.1878645 ], [ 121.2324757, 14.188004 ], [ 121.2324238, 14.1880738 ], [ 121.2323621, 14.1880834 ], [ 121.2322493, 14.1880525 ], [ 121.2321169, 14.1879011 ], [ 121.2318927, 14.1876589 ], [ 121.2314424, 14.187425 ], [ 121.2309299, 14.1872708 ], [ 121.230439, 14.1869664 ], [ 121.2301117, 14.1867836 ], [ 121.2297739, 14.1866107 ], [ 121.2294562, 14.1865081 ], [ 121.2291485, 14.1864356 ], [ 121.2287805, 14.1861923 ], [ 121.2284655, 14.1857389 ], [ 121.2280908, 14.1850343 ], [ 121.2279807, 14.1846626 ], [ 121.2275039, 14.1838671 ], [ 121.2269942, 14.1833521 ], [ 121.2265441, 14.1830881 ], [ 121.2264876, 14.1830716 ], [ 121.2262263, 14.1829955 ], [ 121.2259901, 14.1829838 ], [ 121.225805, 14.1830025 ], [ 121.2256402, 14.1830614 ], [ 121.2254754, 14.1831103 ], [ 121.2253828, 14.1831196 ], [ 121.22527, 14.1830887 ], [ 121.2252297, 14.1829882 ], [ 121.2252309, 14.1828378 ], [ 121.2251409, 14.1825163 ], [ 121.2250284, 14.1824554 ], [ 121.2248436, 14.1824339 ], [ 121.224145, 14.1824288 ], [ 121.2237228, 14.1825359 ], [ 121.2235687, 14.1825448 ], [ 121.2233223, 14.1825129 ], [ 121.2229534, 14.1823899 ], [ 121.2228113, 14.1823606 ], [ 121.2226122, 14.1822196 ], [ 121.2225344, 14.182096 ], [ 121.2223242, 14.1820156 ], [ 121.2221654, 14.181983 ], [ 121.2220941, 14.1819023 ], [ 121.2219204, 14.1816935 ], [ 121.2216688, 14.1814889 ], [ 121.2215026, 14.1813365 ], [ 121.2213811, 14.181105 ], [ 121.2212822, 14.1806031 ], [ 121.2211704, 14.1804519 ], [ 121.2209361, 14.1801895 ], [ 121.2208004, 14.180131 ], [ 121.2205572, 14.1800263 ], [ 121.2203215, 14.1799544 ], [ 121.2201366, 14.179943 ], [ 121.2199517, 14.1799416 ], [ 121.2198074, 14.1800007 ], [ 121.2196839, 14.1800298 ], [ 121.2195399, 14.1800388 ], [ 121.2194377, 14.1799779 ], [ 121.2192545, 14.1797459 ], [ 121.2190706, 14.1796143 ], [ 121.2189069, 14.1795228 ], [ 121.218774, 14.1794416 ], [ 121.2186312, 14.1793102 ], [ 121.218519, 14.1791991 ], [ 121.2183556, 14.1790776 ], [ 121.2181403, 14.1790159 ], [ 121.2178447, 14.1789766 ], [ 121.2174694, 14.1790056 ], [ 121.2173553, 14.1790048 ], [ 121.2171598, 14.1789874 ], [ 121.2169724, 14.1789621 ], [ 121.2168018, 14.1788893 ], [ 121.2164766, 14.1787755 ], [ 121.2162891, 14.1787741 ], [ 121.2155305, 14.1788241 ], [ 121.2147957, 14.1789539 ], [ 121.2145103, 14.1789597 ], [ 121.214331, 14.1789504 ], [ 121.214103, 14.1789089 ], [ 121.213641, 14.1785714 ], [ 121.2134868, 14.1784828 ], [ 121.2133471, 14.1784533 ], [ 121.2132914, 14.1784415 ], [ 121.2130713, 14.1784399 ], [ 121.2128346, 14.1784779 ], [ 121.2125894, 14.1785556 ], [ 121.2124013, 14.1786258 ], [ 121.2119832, 14.178917 ], [ 121.2115386, 14.1794785 ], [ 121.2108186, 14.1808413 ], [ 121.2105215, 14.1812925 ], [ 121.2103225, 14.1817726 ], [ 121.2103049, 14.181782 ], [ 121.2099761, 14.1825841 ], [ 121.2093095, 14.1840874 ], [ 121.2088834, 14.1850268 ], [ 121.2085359, 14.1855375 ], [ 121.2082231, 14.1858925 ], [ 121.2076292, 14.1863332 ], [ 121.2067541, 14.1867063 ], [ 121.2059872, 14.1869624 ], [ 121.2057219, 14.1869605 ], [ 121.2056383, 14.1869598 ], [ 121.2051177, 14.1866155 ], [ 121.2039572, 14.1857297 ], [ 121.2035491, 14.1854455 ], [ 121.2035348, 14.1854423 ], [ 121.2027839, 14.1849206 ], [ 121.2025033, 14.1847309 ], [ 121.2024982, 14.1847125 ], [ 121.2021719, 14.1844731 ], [ 121.2015091, 14.1838477 ], [ 121.2008869, 14.1831961 ], [ 121.1999868, 14.1824898 ], [ 121.1999592, 14.1824677 ], [ 121.1997659, 14.1823133 ], [ 121.1996715, 14.1822378 ], [ 121.1994668, 14.1820743 ], [ 121.1990864, 14.1819267 ], [ 121.1988641, 14.181894 ], [ 121.1986915, 14.1819488 ], [ 121.1984733, 14.1820708 ], [ 121.1980786, 14.1822162 ], [ 121.1978191, 14.1822317 ], [ 121.1976583, 14.1822043 ], [ 121.1973911, 14.1820714 ], [ 121.1971862, 14.1819651 ], [ 121.1969359, 14.1819458 ], [ 121.1966317, 14.1819522 ], [ 121.1961022, 14.1821839 ], [ 121.1950702, 14.1826124 ], [ 121.1946808, 14.1828535 ], [ 121.1943601, 14.1830521 ], [ 121.1936584, 14.1835597 ], [ 121.1936469, 14.1835648 ], [ 121.193565, 14.1836189 ], [ 121.1934028, 14.1837853 ], [ 121.1927756, 14.1844568 ], [ 121.1921354, 14.1851064 ], [ 121.1916791, 14.1855563 ], [ 121.1911273, 14.1860287 ], [ 121.1905503, 14.1866752 ], [ 121.1903091, 14.1870454 ], [ 121.1900916, 14.1874273 ], [ 121.1897308, 14.1878547 ], [ 121.1897118, 14.187856 ], [ 121.1894421, 14.1882012 ], [ 121.1892253, 14.1885018 ], [ 121.1890108, 14.1885002 ], [ 121.1888569, 14.1883828 ], [ 121.1887164, 14.1880679 ], [ 121.1887815, 14.1874539 ], [ 121.188775, 14.1870713 ], [ 121.188626, 14.1867797 ], [ 121.1883902, 14.1865915 ], [ 121.18839, 14.1865873 ], [ 121.1881413, 14.1864468 ], [ 121.1875108, 14.1861668 ], [ 121.1869654, 14.1859374 ], [ 121.1866503, 14.1857765 ], [ 121.186275, 14.1856569 ], [ 121.1860473, 14.1857342 ], [ 121.1859924, 14.1857952 ], [ 121.1859028, 14.1858475 ], [ 121.1859756, 14.1860786 ], [ 121.1860238, 14.1863899 ], [ 121.1860066, 14.186483 ], [ 121.1860182, 14.186593 ], [ 121.1858866, 14.1867194 ], [ 121.1856374, 14.1868449 ], [ 121.1853239, 14.1868553 ], [ 121.1850104, 14.1868529 ], [ 121.1846053, 14.1868754 ], [ 121.1842913, 14.1869367 ], [ 121.1840824, 14.1869351 ], [ 121.1838349, 14.186844 ], [ 121.183536, 14.1866506 ], [ 121.1833534, 14.1866237 ], [ 121.1830026, 14.1863917 ], [ 121.1827415, 14.186377 ], [ 121.1825317, 14.1863754 ], [ 121.1824803, 14.186375 ], [ 121.1822967, 14.1864628 ], [ 121.1821645, 14.1866657 ], [ 121.181992, 14.1869957 ], [ 121.1818566, 14.1876064 ], [ 121.1817208, 14.1882552 ], [ 121.1815598, 14.1887892 ], [ 121.1812418, 14.1893475 ], [ 121.1808075, 14.1897648 ], [ 121.180188, 14.190461 ], [ 121.1795161, 14.1911822 ], [ 121.1794101, 14.1913726 ], [ 121.1793969, 14.1913677 ], [ 121.1792658, 14.1918873 ], [ 121.1790416, 14.1924428 ], [ 121.1787877, 14.1930553 ], [ 121.1786843, 14.1932295 ], [ 121.1782978, 14.1938804 ], [ 121.1778678, 14.1945487 ], [ 121.17779, 14.1951196 ], [ 121.1778963, 14.1964779 ], [ 121.1780237, 14.1970218 ], [ 121.178241, 14.1973235 ], [ 121.1788536, 14.1976426 ], [ 121.1797811, 14.1978547 ], [ 121.1804046, 14.1978258 ], [ 121.1807668, 14.1978018 ], [ 121.1809723, 14.1978807 ], [ 121.1813, 14.197997 ], [ 121.18148, 14.198019 ], [ 121.1816074, 14.1979993 ], [ 121.1817464, 14.1978452 ], [ 121.1819807, 14.1977126 ], [ 121.182288, 14.1977149 ], [ 121.1828383, 14.1978328 ], [ 121.1833567, 14.1979505 ], [ 121.1836746, 14.1979736 ], [ 121.1838973, 14.1979546 ], [ 121.1839603, 14.1979268 ], [ 121.1841987, 14.1977799 ], [ 121.1844904, 14.197481 ], [ 121.1845118, 14.1972177 ], [ 121.1844369, 14.1969254 ], [ 121.1843805, 14.1967462 ], [ 121.1843622, 14.1966237 ], [ 121.1844396, 14.1965867 ], [ 121.1845648, 14.1966159 ], [ 121.1847169, 14.1968899 ], [ 121.1848007, 14.1972669 ], [ 121.1847014, 14.1976238 ], [ 121.1844086, 14.1980638 ], [ 121.1843286, 14.1984208 ], [ 121.1844109, 14.198986 ], [ 121.1844651, 14.1994475 ], [ 121.1843158, 14.2000203 ], [ 121.18418, 14.2011779 ], [ 121.1841134, 14.2019654 ], [ 121.1839519, 14.2025641 ], [ 121.1838994, 14.2031048 ], [ 121.1839303, 14.2037637 ], [ 121.1839037, 14.204081 ], [ 121.1838947, 14.2040808 ], [ 121.1838935, 14.2041616 ], [ 121.1838777, 14.2052331 ], [ 121.1839178, 14.2061048 ], [ 121.1840058, 14.2068546 ], [ 121.1841288, 14.2076736 ], [ 121.1842573, 14.2084509 ], [ 121.1843721, 14.2094073 ], [ 121.1847733, 14.2112974 ], [ 121.1849752, 14.2120753 ], [ 121.1853148, 14.2124839 ], [ 121.1858985, 14.212978 ], [ 121.1864783, 14.2133972 ], [ 121.1864828, 14.2134005 ], [ 121.1867251, 14.2135262 ], [ 121.1876346, 14.2133908 ], [ 121.1881663, 14.2134232 ], [ 121.1886527, 14.2136472 ], [ 121.1892551, 14.2139432 ], [ 121.1897193, 14.2142098 ], [ 121.190125, 14.2145043 ], [ 121.1904372, 14.2146417 ], [ 121.1906479, 14.2147143 ], [ 121.1909278, 14.2149164 ], [ 121.1912165, 14.2152651 ], [ 121.191588, 14.2154989 ], [ 121.1919686, 14.2157417 ], [ 121.1920674, 14.2159201 ], [ 121.192047, 14.2161954 ], [ 121.1918899, 14.2164785 ], [ 121.1915508, 14.2167425 ], [ 121.191258, 14.216918 ], [ 121.1910662, 14.2169788 ], [ 121.1908658, 14.2169861 ], [ 121.1906559, 14.2170378 ], [ 121.1905641, 14.217126 ], [ 121.1904906, 14.2172526 ], [ 121.1904717, 14.2172852 ], [ 121.1904337, 14.2174893 ], [ 121.1903965, 14.2175868 ], [ 121.1902954, 14.2176926 ], [ 121.1900391, 14.2178595 ], [ 121.1899018, 14.2179384 ], [ 121.189747, 14.2179372 ], [ 121.1896197, 14.2179096 ], [ 121.1894925, 14.2178731 ], [ 121.1893104, 14.2178628 ], [ 121.1892483, 14.2178624 ], [ 121.1892202, 14.2179082 ], [ 121.1892174, 14.2179091 ], [ 121.1891076, 14.2180317 ], [ 121.1890674, 14.2180613 ], [ 121.1886955, 14.2186282 ], [ 121.1883851, 14.2191591 ], [ 121.1879849, 14.2199985 ], [ 121.1877701, 14.2208927 ], [ 121.1877484, 14.220891 ], [ 121.1875022, 14.2215732 ], [ 121.1872233, 14.222275 ], [ 121.1871406, 14.2230529 ], [ 121.1871253, 14.2235966 ], [ 121.1869154, 14.2238723 ], [ 121.1867836, 14.2239566 ], [ 121.1865975, 14.2239765 ], [ 121.1862368, 14.2239738 ], [ 121.1861052, 14.2240261 ], [ 121.1860822, 14.2241646 ], [ 121.1861032, 14.2242714 ], [ 121.186245, 14.2243151 ], [ 121.1866275, 14.2243394 ], [ 121.186665, 14.2243501 ], [ 121.1867802, 14.2243832 ], [ 121.1868886, 14.2244907 ], [ 121.1870078, 14.2246302 ], [ 121.1869967, 14.224642 ], [ 121.187072, 14.2248013 ], [ 121.1870567, 14.2253558 ], [ 121.1869338, 14.2256854 ], [ 121.1867786, 14.2259924 ], [ 121.1867615, 14.2260373 ], [ 121.1867685, 14.2261911 ], [ 121.1869408, 14.2264269 ], [ 121.1871619, 14.2267683 ], [ 121.1872746, 14.2271978 ], [ 121.1872631, 14.2276021 ], [ 121.1872671, 14.2281359 ], [ 121.1874113, 14.2287679 ], [ 121.1874411, 14.2291886 ], [ 121.1873476, 14.2294791 ], [ 121.1870877, 14.2298411 ], [ 121.1868112, 14.2302029 ], [ 121.1865347, 14.2305567 ], [ 121.1859248, 14.2311425 ], [ 121.1853397, 14.2317284 ], [ 121.1849958, 14.2322273 ], [ 121.1847935, 14.2326382 ], [ 121.1844972, 14.2333962 ], [ 121.1843259, 14.2340824 ], [ 121.1843015, 14.2350689 ], [ 121.184299, 14.2353762 ], [ 121.1842487, 14.2354405 ], [ 121.1842072, 14.2354483 ], [ 121.1840996, 14.2354232 ], [ 121.1840669, 14.2353744 ], [ 121.1839926, 14.2353334 ], [ 121.1839093, 14.2353813 ], [ 121.1839336, 14.2354543 ], [ 121.1840073, 14.23556 ], [ 121.1840563, 14.2356574 ], [ 121.1841051, 14.2357791 ], [ 121.1841127, 14.2358601 ], [ 121.184087, 14.235965 ], [ 121.1840115, 14.2360777 ], [ 121.1838946, 14.2361819 ], [ 121.1838358, 14.2362785 ], [ 121.1836365, 14.2363174 ], [ 121.1833877, 14.2363236 ], [ 121.1831725, 14.2362735 ], [ 121.1829907, 14.2361993 ], [ 121.1827343, 14.2361084 ], [ 121.1825521, 14.2360908 ], [ 121.1822708, 14.2360159 ], [ 121.182047, 14.2360061 ], [ 121.1818726, 14.2360371 ], [ 121.1817482, 14.2360443 ], [ 121.181566, 14.2360105 ], [ 121.1814424, 14.2359125 ], [ 121.1813185, 14.235855 ], [ 121.180904, 14.2358518 ], [ 121.1807538, 14.2359639 ], [ 121.1804441, 14.2363336 ], [ 121.1803183, 14.2365105 ], [ 121.180218, 14.2366068 ], [ 121.1801181, 14.2366627 ], [ 121.1800268, 14.2366701 ], [ 121.1798532, 14.236604 ], [ 121.1796141, 14.2364324 ], [ 121.1795316, 14.2363913 ], [ 121.1794151, 14.2364389 ], [ 121.1794227, 14.2365199 ], [ 121.1794881, 14.2366417 ], [ 121.1794872, 14.2367549 ], [ 121.1794926, 14.2368817 ], [ 121.1794357, 14.2369729 ], [ 121.1793519, 14.2370855 ], [ 121.1792434, 14.2371736 ], [ 121.1789916, 14.2371288 ], [ 121.1787218, 14.2370807 ], [ 121.1785228, 14.2370792 ], [ 121.1783485, 14.237094 ], [ 121.1782561, 14.2371606 ], [ 121.1781156, 14.2371893 ], [ 121.1780246, 14.2371643 ], [ 121.1779258, 14.2370746 ], [ 121.1778434, 14.2370093 ], [ 121.1777612, 14.2369278 ], [ 121.1776122, 14.2368943 ], [ 121.1774955, 14.2369662 ], [ 121.1774121, 14.2370302 ], [ 121.177304, 14.2370699 ], [ 121.1771963, 14.2370529 ], [ 121.1771302, 14.2370281 ], [ 121.1770641, 14.2369952 ], [ 121.1769729, 14.2369945 ], [ 121.1768479, 14.2370745 ], [ 121.1767725, 14.2371709 ], [ 121.1767136, 14.2372837 ], [ 121.1766219, 14.2373396 ], [ 121.1764728, 14.2373223 ], [ 121.1762171, 14.2371586 ], [ 121.1758697, 14.2370508 ], [ 121.1757206, 14.2370335 ], [ 121.1755796, 14.2370324 ], [ 121.1752889, 14.237103 ], [ 121.1751885, 14.2372155 ], [ 121.1750877, 14.2373764 ], [ 121.1749939, 14.2376992 ], [ 121.1748676, 14.2379409 ], [ 121.1748371, 14.2380164 ], [ 121.1748253, 14.2380457 ], [ 121.1747433, 14.2381537 ], [ 121.174634, 14.238117 ], [ 121.1744769, 14.2380673 ], [ 121.1743615, 14.2379775 ], [ 121.1742464, 14.2378553 ], [ 121.1741061, 14.2377733 ], [ 121.1740066, 14.2377726 ], [ 121.1738989, 14.2377636 ], [ 121.1737333, 14.23773 ], [ 121.1735758, 14.2377288 ], [ 121.1734514, 14.237736 ], [ 121.173318, 14.2378239 ], [ 121.1732007, 14.2379686 ], [ 121.1731335, 14.2380813 ], [ 121.1730827, 14.2382103 ], [ 121.1730635, 14.2382932 ], [ 121.1730807, 14.2383058 ], [ 121.1730575, 14.2384629 ], [ 121.1730359, 14.2385857 ], [ 121.1730158, 14.2385925 ], [ 121.1729597, 14.2389059 ], [ 121.1725433, 14.2399048 ], [ 121.1722084, 14.2406089 ], [ 121.1720323, 14.2412113 ], [ 121.1717645, 14.2417617 ], [ 121.1716187, 14.2421403 ], [ 121.1716165, 14.242146 ], [ 121.1715885, 14.2423513 ], [ 121.1715185, 14.2430964 ], [ 121.1713814, 14.2436518 ], [ 121.1710853, 14.24418 ], [ 121.1708696, 14.2446054 ], [ 121.1707872, 14.2449542 ], [ 121.1707291, 14.2455748 ], [ 121.1706863, 14.2459498 ], [ 121.1705107, 14.2463366 ], [ 121.1700007, 14.2470703 ], [ 121.1698525, 14.2473409 ], [ 121.1698496, 14.2477032 ], [ 121.1699125, 14.2481307 ], [ 121.1700841, 14.2482356 ], [ 121.1703066, 14.2486125 ], [ 121.1703102, 14.2486296 ], [ 121.1703961, 14.2490402 ], [ 121.1702727, 14.249531 ], [ 121.1699618, 14.2502403 ], [ 121.169625, 14.2508848 ], [ 121.1694724, 14.2517118 ], [ 121.1693743, 14.252358 ], [ 121.1692645, 14.2528101 ], [ 121.1692084, 14.2531849 ], [ 121.168911, 14.2538685 ], [ 121.168908, 14.2542437 ], [ 121.1690079, 14.2550079 ], [ 121.1689367, 14.2556156 ], [ 121.1688919, 14.2562364 ], [ 121.1688603, 14.2568572 ], [ 121.1688318, 14.2571029 ], [ 121.168751, 14.2572575 ], [ 121.1683213, 14.2578883 ], [ 121.168252, 14.258263 ], [ 121.1681703, 14.2585212 ], [ 121.1680355, 14.258779 ], [ 121.1678482, 14.2589716 ], [ 121.1675802, 14.259306 ], [ 121.1675234, 14.2597585 ], [ 121.1675686, 14.2607423 ], [ 121.1675389, 14.2611303 ], [ 121.1674304, 14.2614141 ], [ 121.1672697, 14.261607 ], [ 121.1668963, 14.261837 ], [ 121.1665892, 14.2620805 ], [ 121.1663605, 14.262467 ], [ 121.1662781, 14.2628157 ], [ 121.1661947, 14.2632809 ], [ 121.1660069, 14.2635383 ], [ 121.1656855, 14.2639111 ], [ 121.1655906, 14.2641562 ], [ 121.1654556, 14.2644398 ], [ 121.1653217, 14.2645941 ], [ 121.1651483, 14.2647092 ], [ 121.1650285, 14.2647601 ], [ 121.1648419, 14.2648621 ], [ 121.1646685, 14.2649773 ], [ 121.1645347, 14.2651186 ], [ 121.1644674, 14.2652345 ], [ 121.1644665, 14.265338 ], [ 121.1645041, 14.2656101 ], [ 121.164503, 14.2657524 ], [ 121.1645125, 14.2658867 ], [ 121.1645149, 14.2659207 ], [ 121.1644348, 14.2659848 ], [ 121.164302, 14.2659967 ], [ 121.164103, 14.2659952 ], [ 121.1639437, 14.2660069 ], [ 121.1637177, 14.2660569 ], [ 121.1635175, 14.2662106 ], [ 121.1633306, 14.2663515 ], [ 121.1631175, 14.2664534 ], [ 121.1629168, 14.2666589 ], [ 121.1628622, 14.2668397 ], [ 121.1628592, 14.2672149 ], [ 121.1630014, 14.2676818 ], [ 121.1630513, 14.2680704 ], [ 121.1630097, 14.2682901 ], [ 121.1628485, 14.2685347 ], [ 121.1626077, 14.2687787 ], [ 121.162381, 14.2689193 ], [ 121.1621944, 14.2690214 ], [ 121.1619808, 14.269188 ], [ 121.1618202, 14.2693549 ], [ 121.1616855, 14.2695998 ], [ 121.1615365, 14.2699868 ], [ 121.161095, 14.2704363 ], [ 121.1609349, 14.2705386 ], [ 121.1606683, 14.2706918 ], [ 121.1604018, 14.2708321 ], [ 121.1602808, 14.2710253 ], [ 121.1601723, 14.271322 ], [ 121.1600914, 14.2714767 ], [ 121.1599042, 14.2716564 ], [ 121.1596911, 14.2717583 ], [ 121.1594913, 14.2718473 ], [ 121.1593988, 14.2718078 ], [ 121.1592931, 14.2717552 ], [ 121.1591077, 14.271702 ], [ 121.1586566, 14.2716985 ], [ 121.1584837, 14.271749 ], [ 121.1583367, 14.2718902 ], [ 121.1582694, 14.2720061 ], [ 121.1581096, 14.2720696 ], [ 121.1575259, 14.272065 ], [ 121.1572472, 14.2720758 ], [ 121.1569678, 14.2721643 ], [ 121.1566339, 14.2724334 ], [ 121.1564201, 14.2726259 ], [ 121.1561941, 14.2726759 ], [ 121.1559287, 14.2726738 ], [ 121.155729, 14.2727628 ], [ 121.1555416, 14.2729684 ], [ 121.1551796, 14.2734315 ], [ 121.1547379, 14.2738939 ], [ 121.1543237, 14.274253 ], [ 121.1537505, 14.274585 ], [ 121.1535503, 14.2747258 ], [ 121.1533366, 14.2748923 ], [ 121.1531758, 14.2750852 ], [ 121.1530544, 14.2753301 ], [ 121.1529721, 14.2756659 ], [ 121.1528246, 14.2758589 ], [ 121.1522772, 14.2762687 ], [ 121.152077, 14.2764095 ], [ 121.1518897, 14.2766021 ], [ 121.1517819, 14.2768083 ], [ 121.1516874, 14.2770017 ], [ 121.151686, 14.2771699 ], [ 121.1516446, 14.2773766 ], [ 121.1514971, 14.2775567 ], [ 121.1513371, 14.2776589 ], [ 121.1508447, 14.2778363 ], [ 121.1503926, 14.2779492 ], [ 121.1500993, 14.2781281 ], [ 121.1498317, 14.2783978 ], [ 121.1496163, 14.2787843 ], [ 121.1494933, 14.2792233 ], [ 121.1491574, 14.2797253 ], [ 121.1489961, 14.2799829 ], [ 121.1489548, 14.2801637 ], [ 121.1489266, 14.2803705 ], [ 121.1489371, 14.2807071 ], [ 121.1488954, 14.2809397 ], [ 121.1487344, 14.2811584 ], [ 121.1486401, 14.2813259 ], [ 121.1485729, 14.2814418 ], [ 121.148572, 14.2815453 ], [ 121.148624, 14.2816751 ], [ 121.1489001, 14.2819878 ], [ 121.1489493, 14.282467 ], [ 121.1489533, 14.2828192 ], [ 121.1489347, 14.2830179 ], [ 121.1489339, 14.2831172 ], [ 121.1489583, 14.2832416 ], [ 121.1490255, 14.2833333 ], [ 121.1490248, 14.2834161 ], [ 121.1489476, 14.2835149 ], [ 121.1487776, 14.2835301 ], [ 121.1485659, 14.2834622 ], [ 121.1483203, 14.2833775 ], [ 121.1477363, 14.283141 ], [ 121.1473136, 14.2829059 ], [ 121.147068, 14.2828294 ], [ 121.1468218, 14.2828192 ], [ 121.1466172, 14.282917 ], [ 121.1464967, 14.2831066 ], [ 121.1464362, 14.2832469 ], [ 121.14635, 14.2833953 ], [ 121.1461793, 14.2835016 ], [ 121.1459494, 14.2835743 ], [ 121.1457111, 14.2836387 ], [ 121.1451063, 14.2838659 ], [ 121.144952, 14.2840469 ], [ 121.1447464, 14.2842606 ], [ 121.1446089, 14.2844583 ], [ 121.1444462, 14.2846309 ], [ 121.1442771, 14.284771 ], [ 121.1442581, 14.2847868 ], [ 121.1440781, 14.2849842 ], [ 121.1440259, 14.2851411 ], [ 121.1439819, 14.285323 ], [ 121.1439455, 14.2856208 ], [ 121.1438323, 14.2859678 ], [ 121.143704, 14.2860827 ], [ 121.1435076, 14.2862054 ], [ 121.1433366, 14.2863449 ], [ 121.1431572, 14.2864842 ], [ 121.1430792, 14.2866658 ], [ 121.143086, 14.2868729 ], [ 121.1430747, 14.2872207 ], [ 121.1430295, 14.2875516 ], [ 121.1429346, 14.2877413 ], [ 121.1428658, 14.2878401 ], [ 121.1427716, 14.2879305 ], [ 121.1426179, 14.288037 ], [ 121.1420985, 14.2882068 ], [ 121.1416055, 14.2882609 ], [ 121.1413244, 14.2883664 ], [ 121.1411622, 14.2884728 ], [ 121.1409396, 14.2886947 ], [ 121.1408441, 14.2889424 ], [ 121.1407411, 14.2890823 ], [ 121.1406206, 14.2892719 ], [ 121.1403044, 14.2895096 ], [ 121.1402016, 14.2896247 ], [ 121.1401242, 14.28974 ], [ 121.1401231, 14.2898725 ], [ 121.1401133, 14.2900381 ], [ 121.1401627, 14.2902207 ], [ 121.1401948, 14.2904445 ], [ 121.1401425, 14.290618 ], [ 121.140048, 14.2907498 ], [ 121.1398691, 14.2908147 ], [ 121.1396228, 14.2908127 ], [ 121.1394023, 14.2907779 ], [ 121.1389616, 14.2906751 ], [ 121.1386387, 14.2906974 ], [ 121.1384598, 14.2907705 ], [ 121.1382464, 14.2908931 ], [ 121.1380328, 14.291057 ], [ 121.1378012, 14.2913368 ], [ 121.1376666, 14.2914918 ], [ 121.1374665, 14.2918238 ], [ 121.1370107, 14.2924 ], [ 121.1364628, 14.2929655 ], [ 121.1360511, 14.2931721 ], [ 121.1353519, 14.2934365 ], [ 121.1348384, 14.2935624 ], [ 121.1344475, 14.2937393 ], [ 121.1341996, 14.2939672 ], [ 121.1339925, 14.2942155 ], [ 121.1339497, 14.294242 ], [ 121.1338174, 14.2943241 ], [ 121.1336012, 14.2944423 ], [ 121.1331896, 14.294629 ], [ 121.1329627, 14.2948072 ], [ 121.1327757, 14.2951055 ], [ 121.1325462, 14.2955935 ], [ 121.1323185, 14.2958616 ], [ 121.131999, 14.296069 ], [ 121.1317209, 14.2962268 ], [ 121.1315351, 14.2963852 ], [ 121.1312886, 14.2964532 ], [ 121.1309401, 14.2964505 ], [ 121.1302839, 14.2964753 ], [ 121.1299656, 14.2965428 ], [ 121.1294306, 14.2966663 ], [ 121.1297063, 14.296834 ], [ 121.1301273, 14.2968268 ], [ 121.1309481, 14.2967596 ], [ 121.1311313, 14.2967926 ], [ 121.1311085, 14.2969398 ], [ 121.1309665, 14.2971492 ], [ 121.1309215, 14.2973698 ], [ 121.1309189, 14.2976855 ], [ 121.1308513, 14.2980218 ], [ 121.1306543, 14.2983571 ], [ 121.1305675, 14.2984005 ], [ 121.1304267, 14.298471 ], [ 121.129994, 14.2985834 ], [ 121.1295713, 14.2988011 ], [ 121.1292448, 14.2991353 ], [ 121.1290681, 14.2996181 ], [ 121.1289451, 14.3001328 ], [ 121.1288874, 14.3005849 ], [ 121.1288294, 14.3010686 ], [ 121.1287408, 14.3013416 ], [ 121.1286747, 14.3015094 ], [ 121.1286739, 14.3016042 ], [ 121.1287379, 14.3016994 ], [ 121.1288772, 14.3018163 ], [ 121.128876, 14.3019636 ], [ 121.1288643, 14.3020688 ], [ 121.1286694, 14.3021409 ], [ 121.1284644, 14.3021393 ], [ 121.1282807, 14.3021589 ], [ 121.1280643, 14.3022309 ], [ 121.1276316, 14.3023432 ], [ 121.1273609, 14.3024569 ], [ 121.1270784, 14.3026757 ], [ 121.1268715, 14.3029056 ], [ 121.1267405, 14.3030729 ], [ 121.1266309, 14.3032826 ], [ 121.1266278, 14.3036509 ], [ 121.1266159, 14.3037876 ], [ 121.1264847, 14.3039866 ], [ 121.126375, 14.3042067 ], [ 121.1262764, 14.3043849 ], [ 121.1261994, 14.3045527 ], [ 121.1261765, 14.3047104 ], [ 121.1261286, 14.3052783 ], [ 121.1259749, 14.3055928 ], [ 121.1258873, 14.30575 ], [ 121.1258816, 14.3064341 ], [ 121.1257572, 14.3071172 ], [ 121.1255911, 14.3076211 ], [ 121.1254913, 14.3079466 ], [ 121.1254458, 14.3082304 ], [ 121.1254324, 14.3085355 ], [ 121.1254303, 14.3087881 ], [ 121.1253641, 14.3089665 ], [ 121.1252439, 14.3091445 ], [ 121.1252093, 14.3094073 ], [ 121.1252188, 14.3095652 ], [ 121.1252714, 14.3097341 ], [ 121.1253347, 14.3099135 ], [ 121.1254615, 14.3102407 ], [ 121.1254768, 14.310449 ], [ 121.1255003, 14.3107673 ], [ 121.1254535, 14.3111984 ], [ 121.1251918, 14.3115226 ], [ 121.1249422, 14.3116891 ], [ 121.1249042, 14.3117255 ], [ 121.1247185, 14.3120803 ], [ 121.1245433, 14.3127142 ], [ 121.1245211, 14.3131099 ], [ 121.1244712, 14.3134409 ], [ 121.1244603, 14.3136158 ], [ 121.1243835, 14.3137717 ], [ 121.1243541, 14.3139003 ], [ 121.1243337, 14.3140751 ], [ 121.1243509, 14.314287 ], [ 121.1244325, 14.3146835 ], [ 121.1244584, 14.3149783 ], [ 121.1244479, 14.3151071 ], [ 121.1243619, 14.3152353 ], [ 121.1241911, 14.3153352 ], [ 121.1240006, 14.3155363 ], [ 121.1239524, 14.3156556 ], [ 121.1239889, 14.3158032 ], [ 121.1240919, 14.3159052 ], [ 121.1242895, 14.3159897 ], [ 121.1244405, 14.3160001 ], [ 121.1245912, 14.3160381 ], [ 121.1247036, 14.3161494 ], [ 121.1247307, 14.3162969 ], [ 121.1247298, 14.3164074 ], [ 121.1245669, 14.3167007 ], [ 121.1243553, 14.3171686 ], [ 121.1242971, 14.3173523 ], [ 121.1241923, 14.3174619 ], [ 121.1236128, 14.31789 ], [ 121.1229185, 14.3185014 ], [ 121.122766, 14.3186751 ], [ 121.122592, 14.3191616 ], [ 121.1223808, 14.3195743 ], [ 121.1222856, 14.3196748 ], [ 121.122115, 14.3197471 ], [ 121.1219165, 14.3197731 ], [ 121.1216511, 14.3198999 ], [ 121.1216132, 14.3199088 ], [ 121.1214219, 14.3202111 ], [ 121.1211933, 14.3204487 ], [ 121.1208517, 14.3206577 ], [ 121.1204159, 14.3208292 ], [ 121.1202063, 14.3210577 ], [ 121.119957, 14.321516 ], [ 121.1196392, 14.3222592 ], [ 121.1194565, 14.3226629 ], [ 121.1193327, 14.3227816 ], [ 121.1190391, 14.3228897 ], [ 121.1187637, 14.3230809 ], [ 121.1186968, 14.3231816 ], [ 121.1185912, 14.3233833 ], [ 121.118645, 14.3237244 ], [ 121.1186718, 14.3239087 ], [ 121.1185281, 14.3241653 ], [ 121.1183285, 14.3243203 ], [ 121.1179875, 14.3244464 ], [ 121.117845, 14.3245558 ], [ 121.1177213, 14.3246745 ], [ 121.1176571, 14.3247789 ], [ 121.1176255, 14.3248302 ], [ 121.1175956, 14.3250233 ], [ 121.1175846, 14.3252074 ], [ 121.1175077, 14.3253725 ], [ 121.1173648, 14.3255279 ], [ 121.1171185, 14.3256272 ], [ 121.1168909, 14.3257358 ], [ 121.1167667, 14.3259098 ], [ 121.116737, 14.3260845 ], [ 121.1167358, 14.3262225 ], [ 121.1166684, 14.3263785 ], [ 121.1164785, 14.3265059 ], [ 121.1162976, 14.3266886 ], [ 121.1159258, 14.3271091 ], [ 121.115763, 14.327384 ], [ 121.1157334, 14.3275403 ], [ 121.1156657, 14.3277331 ], [ 121.1156357, 14.3279354 ], [ 121.1155023, 14.3280816 ], [ 121.115331, 14.3282368 ], [ 121.1152162, 14.3284108 ], [ 121.1151865, 14.3285855 ], [ 121.1152231, 14.3287239 ], [ 121.1152409, 14.3288529 ], [ 121.1151359, 14.3289809 ], [ 121.1150506, 14.3290263 ], [ 121.1148806, 14.3290342 ], [ 121.1147569, 14.3291436 ], [ 121.1146989, 14.3292997 ], [ 121.1147164, 14.3294748 ], [ 121.1147153, 14.3296036 ], [ 121.1146296, 14.3296858 ], [ 121.1143554, 14.3297389 ], [ 121.1140235, 14.3299019 ], [ 121.1136915, 14.3300834 ], [ 121.1134635, 14.3302473 ], [ 121.1132732, 14.3304299 ], [ 121.1130931, 14.3305114 ], [ 121.1125346, 14.3306818 ], [ 121.1121441, 14.3310746 ], [ 121.111962, 14.3314046 ], [ 121.1117604, 14.3317989 ], [ 121.1113413, 14.3322282 ], [ 121.1109036, 14.332639 ], [ 121.1107981, 14.3328315 ], [ 121.110721, 14.333015 ], [ 121.1106164, 14.333097 ], [ 121.110456, 14.3330866 ], [ 121.1103246, 14.3329934 ], [ 121.110174, 14.332937 ], [ 121.1099191, 14.332935 ], [ 121.1097398, 14.3329151 ], [ 121.1095407, 14.3330148 ], [ 121.1094636, 14.3331983 ], [ 121.109376, 14.3335106 ], [ 121.1092807, 14.3336204 ], [ 121.1081729, 14.3339798 ], [ 121.1077554, 14.334225 ], [ 121.1072431, 14.3345155 ], [ 121.1072443, 14.3344959 ], [ 121.1070057, 14.3346098 ], [ 121.1067743, 14.3347543 ], [ 121.1066121, 14.3350067 ], [ 121.1064907, 14.3351619 ], [ 121.1063598, 14.3352584 ], [ 121.1060998, 14.3352368 ], [ 121.1059308, 14.3351086 ], [ 121.1057705, 14.3351366 ], [ 121.1055394, 14.3352421 ], [ 121.105328, 14.3353965 ], [ 121.1050564, 14.3355602 ], [ 121.1047055, 14.3356354 ], [ 121.1044354, 14.3356333 ], [ 121.1042261, 14.335534 ], [ 121.1040375, 14.3353471 ], [ 121.1038388, 14.3351797 ], [ 121.1035489, 14.3351384 ], [ 121.1026285, 14.3351212 ], [ 121.1018568, 14.3352614 ], [ 121.1013452, 14.3354134 ], [ 121.1007711, 14.3358479 ], [ 121.1005695, 14.3360219 ], [ 121.1001664, 14.3363601 ], [ 121.0998303, 14.3365657 ], [ 121.0998043, 14.3365816 ], [ 121.0997953, 14.3365642 ], [ 121.0994467, 14.3368 ], [ 121.0986132, 14.3373828 ], [ 121.0982055, 14.3379363 ], [ 121.0980328, 14.3385026 ], [ 121.0979064, 14.3388836 ], [ 121.0977704, 14.339079 ], [ 121.0975676, 14.3392302 ], [ 121.0971633, 14.3393689 ], [ 121.0968706, 14.3395521 ], [ 121.0967334, 14.3398895 ], [ 121.0965733, 14.3402921 ], [ 121.0964381, 14.3403892 ], [ 121.0961459, 14.3405179 ], [ 121.0957637, 14.3407004 ], [ 121.0956277, 14.3408849 ], [ 121.0955807, 14.3411574 ], [ 121.095768, 14.3415083 ], [ 121.0957223, 14.3416171 ], [ 121.0955648, 14.3417141 ], [ 121.095296, 14.3417228 ], [ 121.094916, 14.3416324 ], [ 121.0945141, 14.3414982 ], [ 121.0942568, 14.3414634 ], [ 121.0938753, 14.3415586 ], [ 121.093582, 14.3418182 ], [ 121.0932064, 14.3425466 ], [ 121.0926738, 14.3432955 ], [ 121.0923768, 14.3439918 ], [ 121.0922148, 14.3446018 ], [ 121.0920972, 14.3452668 ], [ 121.0920714, 14.3456705 ], [ 121.0922482, 14.3459558 ], [ 121.0923138, 14.3461419 ], [ 121.0923571, 14.3463169 ], [ 121.092333, 14.3465132 ], [ 121.0922085, 14.3466759 ], [ 121.0921174, 14.3468499 ], [ 121.0921159, 14.3470354 ], [ 121.0920025, 14.3471983 ], [ 121.0918669, 14.3473391 ], [ 121.091742, 14.3475455 ], [ 121.0917292, 14.3477419 ], [ 121.0917941, 14.3480044 ], [ 121.0920495, 14.3482576 ], [ 121.0921377, 14.348422 ], [ 121.0921365, 14.3485639 ], [ 121.0920795, 14.3486835 ], [ 121.0919783, 14.3487373 ], [ 121.0918097, 14.3488124 ], [ 121.0917076, 14.3489644 ], [ 121.0917175, 14.3491173 ], [ 121.0917388, 14.3492485 ], [ 121.0918942, 14.3494135 ], [ 121.09215, 14.349612 ], [ 121.092261, 14.349733 ], [ 121.0924054, 14.3498652 ], [ 121.0924938, 14.3500078 ], [ 121.0923913, 14.3502144 ], [ 121.0923451, 14.3503777 ], [ 121.0923318, 14.3506287 ], [ 121.0921936, 14.3510752 ], [ 121.0919435, 14.3515207 ], [ 121.0916276, 14.351802 ], [ 121.0911175, 14.3523697 ], [ 121.0906652, 14.3528846 ], [ 121.0903668, 14.3534143 ], [ 121.090349, 14.3538645 ], [ 121.0905787, 14.3548352 ], [ 121.0909067, 14.3557658 ], [ 121.0909324, 14.3560389 ], [ 121.0907772, 14.3561877 ], [ 121.0906086, 14.3562682 ], [ 121.0903706, 14.3562663 ], [ 121.0900779, 14.3561275 ], [ 121.0898698, 14.3559075 ], [ 121.0897116, 14.3557439 ], [ 121.0895814, 14.3557127 ], [ 121.0893235, 14.3557803 ], [ 121.0893088, 14.3558359 ], [ 121.0893362, 14.3559755 ], [ 121.0894209, 14.3561016 ], [ 121.0896057, 14.3562146 ], [ 121.0898195, 14.356286 ], [ 121.0899608, 14.3564822 ], [ 121.0899021, 14.3566629 ], [ 121.0897135, 14.3569958 ], [ 121.0893254, 14.3572435 ], [ 121.0891671, 14.3573677 ], [ 121.0888379, 14.3574207 ], [ 121.0882513, 14.3574857 ], [ 121.0877337, 14.3578438 ], [ 121.0870143, 14.3583954 ], [ 121.0863496, 14.3588071 ], [ 121.0862814, 14.3588494 ], [ 121.0851792, 14.3590356 ], [ 121.0831485, 14.3591445 ], [ 121.0815181, 14.3592428 ], [ 121.0800583, 14.359454 ], [ 121.0787967, 14.3598897 ], [ 121.0782118, 14.3602345 ], [ 121.0782127, 14.3602199 ], [ 121.0778466, 14.3604429 ], [ 121.0776893, 14.3605288 ], [ 121.0775433, 14.3605931 ], [ 121.0773306, 14.360624 ], [ 121.0771852, 14.3606229 ], [ 121.0769841, 14.3605994 ], [ 121.0768386, 14.3606091 ], [ 121.0767149, 14.3606845 ], [ 121.0765461, 14.360803 ], [ 121.0764975, 14.3608356 ], [ 121.0763212, 14.3609538 ], [ 121.0757499, 14.3610582 ], [ 121.0754805, 14.3611651 ], [ 121.0752335, 14.361283 ], [ 121.0747743, 14.3613556 ], [ 121.0744277, 14.3613419 ], [ 121.0742265, 14.3613293 ], [ 121.074014, 14.3613276 ], [ 121.0737342, 14.3613471 ], [ 121.0734754, 14.3615304 ], [ 121.0731495, 14.3617131 ], [ 121.0729139, 14.3617984 ], [ 121.0727132, 14.3617314 ], [ 121.0721563, 14.3614651 ], [ 121.0718882, 14.3614193 ], [ 121.0715981, 14.3613407 ], [ 121.071285, 14.3613381 ], [ 121.0710498, 14.3613798 ], [ 121.0708814, 14.3614439 ], [ 121.0707472, 14.3614537 ], [ 121.0705012, 14.3614408 ], [ 121.0699771, 14.361262 ], [ 121.0695416, 14.3611822 ], [ 121.0692844, 14.3611801 ], [ 121.0690267, 14.3612325 ], [ 121.068813, 14.3613725 ], [ 121.0686217, 14.3615127 ], [ 121.0684976, 14.3617662 ], [ 121.0684623, 14.3618385 ], [ 121.0681014, 14.3621844 ], [ 121.0678321, 14.3624562 ], [ 121.067564, 14.3627402 ], [ 121.0673938, 14.363025 ], [ 121.0673063, 14.3634468 ], [ 121.0672057, 14.3637594 ], [ 121.0671204, 14.3639223 ], [ 121.0669653, 14.3640846 ], [ 121.0667972, 14.3641241 ], [ 121.0660964, 14.3643228 ], [ 121.0656332, 14.3645371 ], [ 121.0654501, 14.3646991 ], [ 121.0652807, 14.3648886 ], [ 121.0652775, 14.3652565 ], [ 121.0652968, 14.3662652 ], [ 121.0653858, 14.3673017 ], [ 121.065547, 14.3680663 ], [ 121.0656963, 14.3685854 ], [ 121.0659185, 14.3687644 ], [ 121.0662388, 14.3689033 ], [ 121.0664327, 14.369123 ], [ 121.0664318, 14.3692183 ], [ 121.0662911, 14.3693262 ], [ 121.0659836, 14.3693237 ], [ 121.0656065, 14.3692797 ], [ 121.0651458, 14.3691942 ], [ 121.0647686, 14.3691639 ], [ 121.0645869, 14.3691624 ], [ 121.0645164, 14.36923 ], [ 121.0645434, 14.3693392 ], [ 121.0651714, 14.369467 ], [ 121.065177, 14.3694686 ], [ 121.0657154, 14.3696214 ], [ 121.0664972, 14.3697504 ], [ 121.0665205, 14.3697517 ], [ 121.0667906, 14.3697664 ], [ 121.0671536, 14.3698239 ], [ 121.0672979, 14.3699194 ], [ 121.0674456, 14.3700171 ], [ 121.0676811, 14.3702644 ], [ 121.0677074, 14.3704554 ], [ 121.0677057, 14.3706598 ], [ 121.0675786, 14.3708087 ], [ 121.0672422, 14.3709013 ], [ 121.0665572, 14.3708957 ], [ 121.066319, 14.3709619 ], [ 121.0660945, 14.3710555 ], [ 121.0656309, 14.3713107 ], [ 121.0653927, 14.3713769 ], [ 121.0652109, 14.3713754 ], [ 121.0650015, 14.3713464 ], [ 121.0648058, 14.3713448 ], [ 121.0646238, 14.3713706 ], [ 121.0644828, 14.3715057 ], [ 121.064398, 14.3716141 ], [ 121.064216, 14.3716398 ], [ 121.0640477, 14.3717066 ], [ 121.0639344, 14.3718692 ], [ 121.0637932, 14.3720316 ], [ 121.0635828, 14.3721117 ], [ 121.0630784, 14.3722438 ], [ 121.0623355, 14.3724694 ], [ 121.061899, 14.3728202 ], [ 121.0615723, 14.3734172 ], [ 121.0613868, 14.3738518 ], [ 121.0611458, 14.3742451 ], [ 121.0609485, 14.3744206 ], [ 121.0605975, 14.3745949 ], [ 121.0602884, 14.3747696 ], [ 121.0599498, 14.3751212 ], [ 121.0596103, 14.3755818 ], [ 121.0593401, 14.3761111 ], [ 121.0591137, 14.3764227 ], [ 121.0589019, 14.3766663 ], [ 121.0587323, 14.3768693 ], [ 121.0584919, 14.3771944 ], [ 121.0583072, 14.3775336 ], [ 121.0580686, 14.3776407 ], [ 121.0577885, 14.3776929 ], [ 121.0575792, 14.3778926 ], [ 121.0574307, 14.3781361 ], [ 121.0573868, 14.3783703 ], [ 121.0573845, 14.3786396 ], [ 121.0570266, 14.3785259 ], [ 121.0565583, 14.3780957 ], [ 121.0565699, 14.3780664 ], [ 121.0564891, 14.3779624 ], [ 121.0559912, 14.377709 ], [ 121.0559517, 14.3776785 ], [ 121.0559301, 14.3776354 ], [ 121.055914, 14.3775653 ], [ 121.0558834, 14.377427 ], [ 121.0558691, 14.3773785 ], [ 121.0556913, 14.3771019 ], [ 121.0555997, 14.3769942 ], [ 121.0554237, 14.3768254 ], [ 121.0553033, 14.3766871 ], [ 121.0550245, 14.3763519 ], [ 121.0548533, 14.3761024 ], [ 121.054738, 14.3759709 ], [ 121.0546608, 14.3759412 ], [ 121.0543656, 14.3755965 ], [ 121.0542948, 14.3755075 ], [ 121.0542341, 14.3754266 ], [ 121.0541552, 14.3752627 ], [ 121.054137, 14.375206 ], [ 121.0541228, 14.374947 ], [ 121.054117, 14.3749177 ], [ 121.0540985, 14.3748883 ], [ 121.0540054, 14.3747952 ], [ 121.0539759, 14.3747661 ], [ 121.0539609, 14.3747345 ], [ 121.0539549, 14.3746758 ], [ 121.0539589, 14.3746131 ], [ 121.0539751, 14.3745443 ], [ 121.0540176, 14.3743116 ], [ 121.0540156, 14.3742489 ], [ 121.0539933, 14.3741881 ], [ 121.0539711, 14.3741316 ], [ 121.0539347, 14.3740942 ], [ 121.0538895, 14.3740673 ], [ 121.0538294, 14.3740404 ], [ 121.0537444, 14.3740283 ], [ 121.0536995, 14.3740414 ], [ 121.0536611, 14.3740663 ], [ 121.0536291, 14.3741113 ], [ 121.0536068, 14.3741881 ], [ 121.0535987, 14.3742772 ], [ 121.0536149, 14.3743844 ], [ 121.0536533, 14.3745241 ], [ 121.0536857, 14.3746151 ], [ 121.0536979, 14.3746698 ], [ 121.0536966, 14.3749062 ], [ 121.0536837, 14.3749692 ], [ 121.0536392, 14.3750583 ], [ 121.0535623, 14.3751311 ], [ 121.0534834, 14.3751655 ], [ 121.0534202, 14.3751846 ], [ 121.0533549, 14.3751923 ], [ 121.053281, 14.3751878 ], [ 121.0532061, 14.3751635 ], [ 121.0527043, 14.3749369 ], [ 121.0526193, 14.374864 ], [ 121.0525546, 14.374777 ], [ 121.0525242, 14.3746779 ], [ 121.0525121, 14.3745848 ], [ 121.0525222, 14.3744674 ], [ 121.0525343, 14.3744067 ], [ 121.0525748, 14.3743136 ], [ 121.0526335, 14.3742327 ], [ 121.0528358, 14.3740627 ], [ 121.0528642, 14.3740121 ], [ 121.0528824, 14.3739433 ], [ 121.0528826, 14.373884 ], [ 121.052873, 14.3738331 ], [ 121.05285, 14.3737855 ], [ 121.0526112, 14.3735406 ], [ 121.0525768, 14.373486 ], [ 121.0525563, 14.3734453 ], [ 121.0525486, 14.3734136 ], [ 121.0525505, 14.3733625 ], [ 121.0525788, 14.3732897 ], [ 121.052706, 14.3731266 ], [ 121.0527166, 14.373093 ], [ 121.0527214, 14.3730585 ], [ 121.052707, 14.373023 ], [ 121.052676, 14.3729922 ], [ 121.0525829, 14.3729416 ], [ 121.0525424, 14.3729093 ], [ 121.0525181, 14.3728668 ], [ 121.0524401, 14.3725401 ], [ 121.0523541, 14.3721797 ], [ 121.0523482, 14.372107 ], [ 121.0523561, 14.3720362 ], [ 121.0523836, 14.3719634 ], [ 121.0523934, 14.3719162 ], [ 121.0523921, 14.3718826 ], [ 121.052371, 14.3718116 ], [ 121.0523541, 14.3717786 ], [ 121.0523167, 14.3717471 ], [ 121.0521516, 14.3716213 ], [ 121.0518431, 14.3714641 ], [ 121.0518057, 14.3714325 ], [ 121.0517874, 14.3714046 ], [ 121.0517826, 14.3713758 ], [ 121.0517865, 14.3713422 ], [ 121.0518258, 14.3712549 ], [ 121.0518822, 14.3711788 ], [ 121.0519313, 14.3711493 ], [ 121.0519923, 14.3711415 ], [ 121.0520434, 14.3711493 ], [ 121.0521339, 14.3711944 ], [ 121.0521656, 14.371205 ], [ 121.0521992, 14.371205 ], [ 121.052228, 14.3711915 ], [ 121.052251, 14.3711541 ], [ 121.0522833, 14.3710766 ], [ 121.0522971, 14.3710312 ], [ 121.0522962, 14.3709909 ], [ 121.0522813, 14.3709429 ], [ 121.0520811, 14.3705897 ], [ 121.0520434, 14.3705515 ], [ 121.0519957, 14.3705311 ], [ 121.0519195, 14.3705162 ], [ 121.0515479, 14.3704827 ], [ 121.0514736, 14.370462 ], [ 121.0514371, 14.3704448 ], [ 121.0514064, 14.370416 ], [ 121.0513353, 14.3702912 ], [ 121.0513238, 14.3702451 ], [ 121.0513267, 14.3702125 ], [ 121.0513372, 14.3701846 ], [ 121.0513756, 14.3701558 ], [ 121.0514486, 14.3701405 ], [ 121.0515244, 14.3701395 ], [ 121.0516692, 14.3702006 ], [ 121.0517134, 14.3702134 ], [ 121.0517434, 14.3702153 ], [ 121.0517646, 14.3702019 ], [ 121.0517754, 14.3701769 ], [ 121.0517754, 14.3701443 ], [ 121.051715, 14.3700167 ], [ 121.0516629, 14.3699293 ], [ 121.0515015, 14.3696586 ], [ 121.0514712, 14.3696293 ], [ 121.0514063, 14.3695841 ], [ 121.0513355, 14.3695487 ], [ 121.0512673, 14.3695306 ], [ 121.0512085, 14.3695249 ], [ 121.0511526, 14.3695231 ], [ 121.0510386, 14.3695251 ], [ 121.050958, 14.3695113 ], [ 121.0509192, 14.369498 ], [ 121.0508911, 14.3694782 ], [ 121.0508719, 14.3694474 ], [ 121.050868, 14.3694155 ], [ 121.0508706, 14.3693726 ], [ 121.0508832, 14.3692419 ], [ 121.0508725, 14.369203 ], [ 121.0508546, 14.3691768 ], [ 121.0508335, 14.3691582 ], [ 121.0507731, 14.3691338 ], [ 121.0505181, 14.3690913 ], [ 121.0504536, 14.3690905 ], [ 121.0503661, 14.3691003 ], [ 121.0499158, 14.3691692 ], [ 121.0498448, 14.3691691 ], [ 121.0497623, 14.3691556 ], [ 121.0497059, 14.36913 ], [ 121.0496688, 14.3691096 ], [ 121.04964, 14.3690859 ], [ 121.0496215, 14.3690513 ], [ 121.0496138, 14.3690187 ], [ 121.0496208, 14.3686166 ], [ 121.049611, 14.3685635 ], [ 121.0493789, 14.3680837 ], [ 121.0493437, 14.3680418 ], [ 121.0492924, 14.3679952 ], [ 121.0492434, 14.367971 ], [ 121.0490241, 14.3678788 ], [ 121.0489862, 14.3678558 ], [ 121.0489584, 14.3678297 ], [ 121.0489388, 14.3678063 ], [ 121.0489256, 14.367779 ], [ 121.0489149, 14.3677487 ], [ 121.048907, 14.367657 ], [ 121.0488957, 14.367616 ], [ 121.0488808, 14.3675836 ], [ 121.0488539, 14.3675469 ], [ 121.0487005, 14.3674073 ], [ 121.0485207, 14.3673059 ], [ 121.048484, 14.3672888 ], [ 121.0484465, 14.3672798 ], [ 121.0484141, 14.3672798 ], [ 121.048388, 14.3672845 ], [ 121.04826, 14.3673325 ], [ 121.048234, 14.3673519 ], [ 121.0482161, 14.367369 ], [ 121.0482025, 14.367392 ], [ 121.0481645, 14.3675136 ], [ 121.0481479, 14.3675478 ], [ 121.0481283, 14.3675744 ], [ 121.048019, 14.3676732 ], [ 121.0479985, 14.3676983 ], [ 121.047941, 14.3678413 ], [ 121.0479218, 14.3678694 ], [ 121.0478445, 14.3679582 ], [ 121.0478194, 14.3679808 ], [ 121.0477887, 14.3679991 ], [ 121.0477439, 14.3680157 ], [ 121.047705, 14.3680268 ], [ 121.0476701, 14.3680306 ], [ 121.0469427, 14.367953 ], [ 121.0468796, 14.3679351 ], [ 121.0468365, 14.3679112 ], [ 121.0468023, 14.3678716 ], [ 121.0467857, 14.3678357 ], [ 121.0467597, 14.367716 ], [ 121.0467494, 14.3676783 ], [ 121.0467319, 14.3676553 ], [ 121.0467089, 14.3676356 ], [ 121.0466317, 14.3675947 ], [ 121.0466035, 14.3675883 ], [ 121.0465762, 14.3675896 ], [ 121.0465455, 14.3675972 ], [ 121.0464077, 14.3676681 ], [ 121.0463809, 14.367671 ], [ 121.046354, 14.3676676 ], [ 121.0463251, 14.3676511 ], [ 121.0461697, 14.3674525 ], [ 121.0461458, 14.3674095 ], [ 121.0461411, 14.3673831 ], [ 121.0461445, 14.3673554 ], [ 121.0461675, 14.3673234 ], [ 121.0463245, 14.3672534 ], [ 121.0463526, 14.3672303 ], [ 121.0463672, 14.3672065 ], [ 121.0463745, 14.3671864 ], [ 121.0463757, 14.3671617 ], [ 121.0463715, 14.3671348 ], [ 121.0463605, 14.3671123 ], [ 121.0463399, 14.3670857 ], [ 121.0463147, 14.3670674 ], [ 121.0461166, 14.3669786 ], [ 121.0460417, 14.3669688 ], [ 121.0460054, 14.3669701 ], [ 121.0459632, 14.3669778 ], [ 121.0459222, 14.3669893 ], [ 121.045877, 14.3670128 ], [ 121.0458472, 14.3670401 ], [ 121.0457503, 14.3671851 ], [ 121.045729, 14.3672103 ], [ 121.0457094, 14.3672244 ], [ 121.045688, 14.3672316 ], [ 121.045668, 14.3672333 ], [ 121.0455627, 14.3672067 ], [ 121.0455288, 14.3672112 ], [ 121.0455064, 14.3672214 ], [ 121.0454859, 14.3672387 ], [ 121.0454661, 14.3672662 ], [ 121.0453842, 14.367485 ], [ 121.0453784, 14.3675138 ], [ 121.0453752, 14.3676233 ], [ 121.045381, 14.3676917 ], [ 121.0453868, 14.36776 ], [ 121.0454579, 14.3681132 ], [ 121.0455714, 14.3686182 ], [ 121.0455772, 14.3686458 ], [ 121.0455746, 14.3686779 ], [ 121.0455624, 14.368699 ], [ 121.0455368, 14.3687215 ], [ 121.0455079, 14.368733 ], [ 121.0454713, 14.3687343 ], [ 121.0454245, 14.3687287 ], [ 121.0453412, 14.3686869 ], [ 121.0453091, 14.3686657 ], [ 121.0452732, 14.3686285 ], [ 121.0452578, 14.3686035 ], [ 121.0452225, 14.3684297 ], [ 121.0452199, 14.3684047 ], [ 121.0452238, 14.3683777 ], [ 121.04527, 14.3682918 ], [ 121.0452751, 14.3682687 ], [ 121.0452706, 14.3682456 ], [ 121.0452591, 14.3682315 ], [ 121.0452405, 14.3682181 ], [ 121.0450587, 14.3681584 ], [ 121.0450199, 14.368152 ], [ 121.0449878, 14.3681578 ], [ 121.044948, 14.3681783 ], [ 121.0449172, 14.3682046 ], [ 121.0449014, 14.3682351 ], [ 121.044891, 14.3682732 ], [ 121.044868, 14.368536 ], [ 121.0448648, 14.3685685 ], [ 121.0448758, 14.3686717 ], [ 121.0448637, 14.3691304 ], [ 121.0448637, 14.3694269 ], [ 121.0447697, 14.3696293 ], [ 121.0446179, 14.3697522 ], [ 121.0443721, 14.3697522 ], [ 121.044307, 14.3699113 ], [ 121.0442274, 14.3704753 ], [ 121.0441624, 14.3708802 ], [ 121.0439599, 14.3711044 ], [ 121.0437575, 14.3713068 ], [ 121.0436063, 14.3714387 ], [ 121.0435772, 14.3715868 ], [ 121.0435105, 14.371729 ], [ 121.0434204, 14.3718191 ], [ 121.0432869, 14.3718481 ], [ 121.043194, 14.3718307 ], [ 121.0431202, 14.371778 ], [ 121.04296, 14.3716324 ], [ 121.0429142, 14.3715658 ], [ 121.0428851, 14.3714951 ], [ 121.0428663, 14.3713349 ], [ 121.0428414, 14.3712724 ], [ 121.0426437, 14.3710935 ], [ 121.0425106, 14.3709853 ], [ 121.0422401, 14.3706524 ], [ 121.0421777, 14.3705505 ], [ 121.0421381, 14.3704693 ], [ 121.0421107, 14.3703635 ], [ 121.0420397, 14.3700604 ], [ 121.0420069, 14.3700085 ], [ 121.0419632, 14.3699703 ], [ 121.0416929, 14.3697764 ], [ 121.0416, 14.3697573 ], [ 121.0415154, 14.3697573 ], [ 121.0410976, 14.3698147 ], [ 121.0409966, 14.3698038 ], [ 121.0409092, 14.3697737 ], [ 121.04083, 14.3697218 ], [ 121.0407508, 14.3696072 ], [ 121.0405351, 14.3692576 ], [ 121.0404696, 14.3692003 ], [ 121.0403276, 14.3691402 ], [ 121.04006, 14.3690856 ], [ 121.0398497, 14.3691047 ], [ 121.0397378, 14.3691566 ], [ 121.0395985, 14.3692385 ], [ 121.0395166, 14.3692576 ], [ 121.0394347, 14.3692467 ], [ 121.0393473, 14.369203 ], [ 121.0392763, 14.3691457 ], [ 121.0391452, 14.3689518 ], [ 121.0389705, 14.3687743 ], [ 121.0387571, 14.3687034 ], [ 121.0384294, 14.368694 ], [ 121.0381017, 14.368591 ], [ 121.037671, 14.3683195 ], [ 121.0372403, 14.3679918 ], [ 121.0369326, 14.3675386 ], [ 121.036457, 14.366511 ], [ 121.0363167, 14.3663128 ], [ 121.0362527, 14.3662823 ], [ 121.0361947, 14.3662793 ], [ 121.0361033, 14.3663098 ], [ 121.0359711, 14.3663953 ], [ 121.0354979, 14.3667758 ], [ 121.0354345, 14.3668051 ], [ 121.0353613, 14.36681 ], [ 121.0351979, 14.3667563 ], [ 121.0351539, 14.3667246 ], [ 121.0350637, 14.366627 ], [ 121.0350149, 14.3665782 ], [ 121.0349442, 14.3665368 ], [ 121.0348442, 14.3664929 ], [ 121.0344173, 14.3663514 ], [ 121.0342368, 14.3663319 ], [ 121.0340929, 14.3663465 ], [ 121.0338977, 14.3664124 ], [ 121.0338099, 14.3664197 ], [ 121.0336977, 14.3664026 ], [ 121.0336465, 14.3663855 ], [ 121.0336026, 14.3663514 ], [ 121.033444, 14.366166 ], [ 121.0331927, 14.3659269 ], [ 121.0331269, 14.3658464 ], [ 121.0330196, 14.3656611 ], [ 121.032983, 14.3656269 ], [ 121.0329293, 14.3656074 ], [ 121.0326049, 14.3656562 ], [ 121.0325, 14.3656562 ], [ 121.0322463, 14.3656074 ], [ 121.0321243, 14.3655879 ], [ 121.0320931, 14.3655883 ], [ 121.0320682, 14.3655976 ], [ 121.0320485, 14.3656136 ], [ 121.0316762, 14.3660645 ], [ 121.0316096, 14.3661123 ], [ 121.0313831, 14.3661761 ], [ 121.0313077, 14.3661761 ], [ 121.0312407, 14.3661594 ], [ 121.0308974, 14.3659333 ], [ 121.0308025, 14.3659026 ], [ 121.0307104, 14.3658914 ], [ 121.0298758, 14.3659807 ], [ 121.0297837, 14.3659724 ], [ 121.0296162, 14.3659026 ], [ 121.0293427, 14.3658775 ], [ 121.0292785, 14.3658551 ], [ 121.029231, 14.3658049 ], [ 121.0292199, 14.3657351 ], [ 121.0292282, 14.3656542 ], [ 121.029365, 14.3653666 ], [ 121.0294404, 14.3651238 ], [ 121.0294571, 14.3650345 ], [ 121.0294599, 14.3648698 ], [ 121.0294515, 14.3647861 ], [ 121.0294236, 14.3647247 ], [ 121.0292896, 14.3645404 ], [ 121.0290524, 14.3642808 ], [ 121.028991, 14.3642278 ], [ 121.0289407, 14.364172 ], [ 121.0289072, 14.3641106 ], [ 121.02879, 14.3637393 ], [ 121.0287537, 14.3636696 ], [ 121.0287091, 14.363583 ], [ 121.0286588, 14.3635132 ], [ 121.0284299, 14.3633123 ], [ 121.0278745, 14.3629159 ], [ 121.0276875, 14.3627401 ], [ 121.0276037, 14.3626954 ], [ 121.0275004, 14.3626814 ], [ 121.0272855, 14.3627149 ], [ 121.0271739, 14.3626982 ], [ 121.0267747, 14.3625977 ], [ 121.0267105, 14.3625558 ], [ 121.0266742, 14.3625112 ], [ 121.0266435, 14.3624414 ], [ 121.0266323, 14.3623381 ], [ 121.0266686, 14.361858 ], [ 121.0266548, 14.3615212 ], [ 121.0266463, 14.3613137 ], [ 121.0266212, 14.3612523 ], [ 121.0265877, 14.3611993 ], [ 121.0263532, 14.3610039 ], [ 121.0263114, 14.3609453 ], [ 121.0262946, 14.3608699 ], [ 121.0262946, 14.3607945 ], [ 121.0263169, 14.3604512 ], [ 121.0263141, 14.360387 ], [ 121.026289, 14.3603228 ], [ 121.026183, 14.3602363 ], [ 121.0261495, 14.3601832 ], [ 121.0260071, 14.3598511 ], [ 121.025915, 14.3594519 ], [ 121.0258871, 14.3594045 ], [ 121.0258564, 14.3593626 ], [ 121.0254293, 14.3588937 ], [ 121.0245041, 14.3580476 ], [ 121.0244473, 14.3580221 ], [ 121.0243845, 14.3580202 ], [ 121.0241806, 14.3581123 ], [ 121.0241159, 14.3581143 ], [ 121.0240649, 14.3580966 ], [ 121.024006, 14.3580594 ], [ 121.0231689, 14.3573828 ], [ 121.0229254, 14.3571357 ], [ 121.0228701, 14.3570656 ], [ 121.0228369, 14.3569586 ], [ 121.0228295, 14.3568295 ], [ 121.0228295, 14.3562836 ], [ 121.0228, 14.3561656 ], [ 121.0227447, 14.3560586 ], [ 121.0225713, 14.3558705 ], [ 121.0224127, 14.3557967 ], [ 121.0218852, 14.3556565 ], [ 121.0218404, 14.3556629 ], [ 121.0217742, 14.355696 ], [ 121.0217253, 14.3556944 ], [ 121.0216465, 14.3556723 ], [ 121.0215708, 14.3556345 ], [ 121.0214257, 14.3555036 ], [ 121.0212034, 14.3552466 ], [ 121.021153, 14.3552198 ], [ 121.0210946, 14.3552104 ], [ 121.0209921, 14.3552545 ], [ 121.0209354, 14.3552592 ], [ 121.0208676, 14.3552435 ], [ 121.020825, 14.3552167 ], [ 121.020795, 14.3551725 ], [ 121.0207714, 14.3550969 ], [ 121.0207651, 14.3547642 ], [ 121.020743, 14.3546664 ], [ 121.0207142, 14.3545638 ], [ 121.0206852, 14.3545304 ], [ 121.0206139, 14.3544925 ], [ 121.0203218, 14.3543743 ], [ 121.0202839, 14.3543319 ], [ 121.0198469, 14.3540577 ], [ 121.0197577, 14.3539908 ], [ 121.0197176, 14.3539417 ], [ 121.0196618, 14.3538637 ], [ 121.0196284, 14.3537901 ], [ 121.0196105, 14.3537009 ], [ 121.019586, 14.3533353 ], [ 121.019557, 14.3531725 ], [ 121.0195414, 14.3531346 ], [ 121.0195035, 14.35309 ], [ 121.0194522, 14.3530543 ], [ 121.0190665, 14.3529384 ], [ 121.018955, 14.3528871 ], [ 121.018654, 14.3527422 ], [ 121.0185804, 14.3527288 ], [ 121.0185046, 14.3527288 ], [ 121.0182906, 14.3528046 ], [ 121.0182081, 14.3528113 ], [ 121.0181144, 14.3528091 ], [ 121.0180208, 14.3527823 ], [ 121.0179673, 14.3527244 ], [ 121.0178759, 14.3525348 ], [ 121.0178179, 14.3524791 ], [ 121.0177309, 14.3523966 ], [ 121.017664, 14.3523698 ], [ 121.0175793, 14.3523676 ], [ 121.017421, 14.3524122 ], [ 121.0172895, 14.3524256 ], [ 121.0171668, 14.3524278 ], [ 121.0170977, 14.3524211 ], [ 121.0170174, 14.3523877 ], [ 121.0169372, 14.3523386 ], [ 121.016741, 14.3521625 ], [ 121.0166941, 14.3521313 ], [ 121.0166094, 14.3521157 ], [ 121.0165202, 14.3521223 ], [ 121.0164779, 14.3521424 ], [ 121.0163642, 14.3522606 ], [ 121.016275, 14.3522873 ], [ 121.0162059, 14.3522606 ], [ 121.0161746, 14.3522115 ], [ 121.0161679, 14.3521446 ], [ 121.0162389, 14.3518211 ], [ 121.0162727, 14.3516363 ], [ 121.0162683, 14.3515895 ], [ 121.016217, 14.3515449 ], [ 121.0154232, 14.3510967 ], [ 121.0152092, 14.3509295 ], [ 121.0149082, 14.3507377 ], [ 121.0145626, 14.3505281 ], [ 121.0144935, 14.3505103 ], [ 121.014411, 14.3505148 ], [ 121.0143419, 14.3505215 ], [ 121.0142995, 14.3505014 ], [ 121.0142594, 14.3504724 ], [ 121.0142237, 14.3504211 ], [ 121.0140654, 14.3499328 ], [ 121.0140409, 14.3498749 ], [ 121.0140163, 14.3498414 ], [ 121.0137889, 14.3496296 ], [ 121.0115575, 14.3470367 ], [ 121.0103833, 14.3447388 ], [ 121.0097766, 14.3435515 ], [ 121.0089809, 14.3419943 ], [ 121.0085365, 14.3401874 ], [ 121.0071692, 14.3346283 ], [ 121.0070271, 14.3340505 ], [ 121.0067533, 14.3329375 ], [ 121.0069224, 14.3319905 ], [ 121.007033, 14.3313436 ], [ 121.0070464, 14.3312668 ], [ 121.0074568, 14.328922 ], [ 121.0074559, 14.3289092 ], [ 121.0073244, 14.3270665 ], [ 121.0073068, 14.3264352 ], [ 121.0072199, 14.3250972 ], [ 121.0073909, 14.3223875 ], [ 121.0072774, 14.3209669 ], [ 121.0062028, 14.3198359 ], [ 121.0052961, 14.3187903 ], [ 121.0079429, 14.3174472 ], [ 121.0079919, 14.317417 ], [ 121.0081386, 14.3174073 ], [ 121.0085276, 14.3175711 ], [ 121.0085935, 14.3177094 ], [ 121.0086011, 14.3177551 ], [ 121.0086132, 14.3180027 ], [ 121.0086132, 14.3182261 ], [ 121.0086253, 14.3184556 ], [ 121.0086814, 14.3185443 ], [ 121.0086709, 14.3186562 ], [ 121.0087985, 14.3187882 ], [ 121.0088426, 14.3189024 ], [ 121.0090781, 14.3191319 ], [ 121.0092774, 14.319313 ], [ 121.0094284, 14.3194277 ], [ 121.0096216, 14.3195425 ], [ 121.0098027, 14.3196753 ], [ 121.0099356, 14.3198504 ], [ 121.0099839, 14.3200557 ], [ 121.0100322, 14.3202731 ], [ 121.0100865, 14.3204724 ], [ 121.0101409, 14.3206294 ], [ 121.0102496, 14.3208045 ], [ 121.0103643, 14.3209917 ], [ 121.0105713, 14.3210804 ], [ 121.010616, 14.3211337 ], [ 121.0109498, 14.3213188 ], [ 121.0109521, 14.3213152 ], [ 121.0111641, 14.3214376 ], [ 121.0112157, 14.3214264 ], [ 121.0114105, 14.3215279 ], [ 121.0115056, 14.3215774 ], [ 121.0117894, 14.3217284 ], [ 121.0120611, 14.3218189 ], [ 121.012363, 14.3219337 ], [ 121.0126347, 14.3219216 ], [ 121.0128581, 14.3219699 ], [ 121.0130997, 14.3220544 ], [ 121.0133895, 14.3222054 ], [ 121.0136069, 14.3222899 ], [ 121.0138122, 14.3223805 ], [ 121.0140658, 14.3225133 ], [ 121.0142832, 14.322616 ], [ 121.0144945, 14.3227911 ], [ 121.0145912, 14.3229904 ], [ 121.0146213, 14.3231776 ], [ 121.0146515, 14.323407 ], [ 121.0146817, 14.3236304 ], [ 121.0148146, 14.3237995 ], [ 121.014881, 14.3239203 ], [ 121.015032, 14.324029 ], [ 121.0151588, 14.3241195 ], [ 121.0154003, 14.324186 ], [ 121.0156962, 14.324186 ], [ 121.0158653, 14.3241497 ], [ 121.0159679, 14.3240652 ], [ 121.0160887, 14.3239384 ], [ 121.0162577, 14.3238357 ], [ 121.0163785, 14.3237331 ], [ 121.0165657, 14.3237693 ], [ 121.0166865, 14.3239384 ], [ 121.0168254, 14.3240471 ], [ 121.0169703, 14.3241195 ], [ 121.0171393, 14.324198 ], [ 121.0172722, 14.3242403 ], [ 121.017393, 14.3242645 ], [ 121.01755, 14.324343 ], [ 121.017713, 14.3244215 ], [ 121.0178821, 14.3244335 ], [ 121.0180149, 14.3244939 ], [ 121.018184, 14.3246268 ], [ 121.0184678, 14.3247234 ], [ 121.0187093, 14.3247838 ], [ 121.0189388, 14.3248623 ], [ 121.0191079, 14.3249347 ], [ 121.0192347, 14.3249226 ], [ 121.0193373, 14.3248502 ], [ 121.0194702, 14.3248079 ], [ 121.0196151, 14.3247777 ], [ 121.0198264, 14.324814 ], [ 121.0199713, 14.3249106 ], [ 121.0201706, 14.3249347 ], [ 121.0203155, 14.3249891 ], [ 121.0205148, 14.3250796 ], [ 121.0206416, 14.32514 ], [ 121.0207684, 14.3251642 ], [ 121.0209073, 14.3251823 ], [ 121.021022, 14.3252185 ], [ 121.0212575, 14.3252246 ], [ 121.0215474, 14.3252608 ], [ 121.0218795, 14.3252789 ], [ 121.0220787, 14.3253816 ], [ 121.0221633, 14.3255204 ], [ 121.0222961, 14.3256231 ], [ 121.022435, 14.3257197 ], [ 121.022592, 14.3258767 ], [ 121.0226644, 14.3260518 ], [ 121.0226041, 14.326245 ], [ 121.0225256, 14.3264805 ], [ 121.0224773, 14.3267221 ], [ 121.0225437, 14.3269093 ], [ 121.0226826, 14.3270542 ], [ 121.0228275, 14.3272716 ], [ 121.0230388, 14.3274527 ], [ 121.0232139, 14.3276459 ], [ 121.0233891, 14.3277969 ], [ 121.0234977, 14.327966 ], [ 121.0236245, 14.3280626 ], [ 121.0238359, 14.3282075 ], [ 121.0239929, 14.3282739 ], [ 121.0241801, 14.3283041 ], [ 121.0243371, 14.328286 ], [ 121.0245454, 14.3282739 ], [ 121.0247628, 14.3283736 ], [ 121.0248534, 14.3285185 ], [ 121.0249439, 14.3286362 ], [ 121.0251341, 14.3286906 ], [ 121.0253243, 14.3287721 ], [ 121.0255327, 14.328908 ], [ 121.0257501, 14.3290619 ], [ 121.0259946, 14.3291887 ], [ 121.0261667, 14.3293246 ], [ 121.0263569, 14.3296145 ], [ 121.026529, 14.3299134 ], [ 121.026683, 14.330176 ], [ 121.0267736, 14.3304659 ], [ 121.0269094, 14.3307466 ], [ 121.0270634, 14.330955 ], [ 121.0272445, 14.3311542 ], [ 121.0274438, 14.3312629 ], [ 121.0276703, 14.3313897 ], [ 121.0280084, 14.3315347 ], [ 121.0282681, 14.3316132 ], [ 121.0284734, 14.3316494 ], [ 121.0287873, 14.3317218 ], [ 121.0289383, 14.3318305 ], [ 121.0291678, 14.331909 ], [ 121.0293308, 14.3320056 ], [ 121.0294818, 14.3320781 ], [ 121.0296388, 14.3321143 ], [ 121.0298441, 14.3321385 ], [ 121.0300856, 14.3321566 ], [ 121.0302486, 14.3322291 ], [ 121.0303589, 14.3322759 ], [ 121.0304177, 14.3323015 ], [ 121.0305868, 14.3323679 ], [ 121.0308162, 14.3324766 ], [ 121.0310457, 14.3326155 ], [ 121.0312752, 14.3327484 ], [ 121.0314201, 14.3329356 ], [ 121.0315831, 14.3331107 ], [ 121.031722, 14.333322 ], [ 121.0317884, 14.333485 ], [ 121.0318307, 14.3336722 ], [ 121.031879, 14.3338957 ], [ 121.0319152, 14.3340889 ], [ 121.0319696, 14.3342821 ], [ 121.0320239, 14.3344451 ], [ 121.0321568, 14.3345176 ], [ 121.0322836, 14.3346203 ], [ 121.0325318, 14.3344136 ], [ 121.0326419, 14.3343323 ], [ 121.0328142, 14.3342509 ], [ 121.0329194, 14.3342366 ], [ 121.033039, 14.3342126 ], [ 121.0333101, 14.3341805 ], [ 121.0337366, 14.3341063 ], [ 121.0343053, 14.3339827 ], [ 121.0347008, 14.3338715 ], [ 121.0352819, 14.3337231 ], [ 121.0354117, 14.3336366 ], [ 121.0357072, 14.3336033 ], [ 121.0360104, 14.3335167 ], [ 121.0364559, 14.3334362 ], [ 121.0369633, 14.3333249 ], [ 121.0373345, 14.3332382 ], [ 121.0377367, 14.333133 ], [ 121.0382812, 14.3330402 ], [ 121.0389247, 14.3329165 ], [ 121.0392527, 14.3328484 ], [ 121.0393455, 14.3328051 ], [ 121.0396195, 14.3327675 ], [ 121.0400362, 14.332669 ], [ 121.0400173, 14.3323963 ], [ 121.0398979, 14.3318167 ], [ 121.0395911, 14.3316121 ], [ 121.0392331, 14.330811 ], [ 121.0390456, 14.3296859 ], [ 121.0390115, 14.3286973 ], [ 121.039108, 14.3278043 ], [ 121.0390861, 14.3268868 ], [ 121.0390641, 14.326 ], [ 121.0390465, 14.3253678 ], [ 121.0390114, 14.3251307 ], [ 121.0389148, 14.324942 ], [ 121.0387722, 14.3247636 ], [ 121.038924, 14.3244555 ], [ 121.0391335, 14.3237715 ], [ 121.0391791, 14.323576 ], [ 121.0393595, 14.3236336 ], [ 121.039513, 14.3237239 ], [ 121.039513, 14.3239766 ], [ 121.0394227, 14.3242475 ], [ 121.0394949, 14.3245815 ], [ 121.0397748, 14.3247349 ], [ 121.0400817, 14.3247711 ], [ 121.0402984, 14.3247981 ], [ 121.0404067, 14.3248974 ], [ 121.0405151, 14.3251051 ], [ 121.0406776, 14.3252224 ], [ 121.040804, 14.325412 ], [ 121.0408852, 14.3256016 ], [ 121.0410116, 14.325737 ], [ 121.0411651, 14.3258454 ], [ 121.0412824, 14.3257009 ], [ 121.041472, 14.3255926 ], [ 121.0415894, 14.3256919 ], [ 121.0415352, 14.3259176 ], [ 121.0415442, 14.3261613 ], [ 121.0416977, 14.3263058 ], [ 121.0419505, 14.3262697 ], [ 121.0422032, 14.326062 ], [ 121.042456, 14.3258544 ], [ 121.04279, 14.3258092 ], [ 121.0432234, 14.3258905 ], [ 121.0435664, 14.3259898 ], [ 121.0437289, 14.3261703 ], [ 121.0438011, 14.326396 ], [ 121.0438643, 14.3265766 ], [ 121.0439998, 14.3265676 ], [ 121.0442074, 14.3265585 ], [ 121.0442977, 14.326712 ], [ 121.0443879, 14.3269558 ], [ 121.0445685, 14.3269467 ], [ 121.0447581, 14.3268203 ], [ 121.0449928, 14.3268294 ], [ 121.0451102, 14.3269287 ], [ 121.0452365, 14.3270731 ], [ 121.045372, 14.3272266 ], [ 121.0455345, 14.3273439 ], [ 121.0457601, 14.3274071 ], [ 121.0458414, 14.3275516 ], [ 121.0459046, 14.3277051 ], [ 121.0459768, 14.3279127 ], [ 121.0461213, 14.3278946 ], [ 121.0462386, 14.3277863 ], [ 121.0464553, 14.3278585 ], [ 121.0467803, 14.3279759 ], [ 121.0471504, 14.3281203 ], [ 121.0473942, 14.3280842 ], [ 121.0475025, 14.3279578 ], [ 121.0476289, 14.3278044 ], [ 121.0479178, 14.3276599 ], [ 121.0481525, 14.3276419 ], [ 121.0483962, 14.3276148 ], [ 121.0485136, 14.3274523 ], [ 121.0487032, 14.3272808 ], [ 121.0491004, 14.3273349 ], [ 121.0494164, 14.3273349 ], [ 121.0497323, 14.3271814 ], [ 121.0501657, 14.327046 ], [ 121.0507976, 14.3269196 ], [ 121.0514837, 14.3267662 ], [ 121.0520795, 14.3265676 ], [ 121.0523955, 14.3264412 ], [ 121.0524858, 14.3261433 ], [ 121.0526122, 14.3258995 ], [ 121.0527927, 14.3259266 ], [ 121.0529765, 14.3259518 ], [ 121.0530899, 14.3259463 ], [ 121.0531536, 14.3259463 ], [ 121.0532504, 14.3259297 ], [ 121.0533223, 14.3258992 ], [ 121.0534856, 14.3258688 ], [ 121.0535769, 14.325855 ], [ 121.0536793, 14.3258301 ], [ 121.0538204, 14.3257664 ], [ 121.0539145, 14.3257 ], [ 121.054003, 14.3256474 ], [ 121.0541469, 14.3255561 ], [ 121.0542963, 14.3254538 ], [ 121.0544153, 14.3254593 ], [ 121.0546366, 14.3254704 ], [ 121.0549382, 14.3254648 ], [ 121.0550987, 14.3254648 ], [ 121.0552592, 14.3254565 ], [ 121.0554059, 14.3254289 ], [ 121.0555968, 14.3253929 ], [ 121.0557407, 14.3253707 ], [ 121.055879, 14.3253541 ], [ 121.0560091, 14.3253431 ], [ 121.0561502, 14.3253237 ], [ 121.0562608, 14.3252711 ], [ 121.0566814, 14.3242557 ], [ 121.0568999, 14.3239708 ], [ 121.0570466, 14.3238049 ], [ 121.0572061, 14.3237156 ], [ 121.057372, 14.3236326 ], [ 121.057557, 14.3235433 ], [ 121.0577102, 14.3234604 ], [ 121.0577548, 14.3233391 ], [ 121.0577931, 14.3231477 ], [ 121.0578697, 14.3229882 ], [ 121.0579654, 14.3228989 ], [ 121.0581887, 14.3228223 ], [ 121.0584439, 14.3227011 ], [ 121.0586417, 14.322599 ], [ 121.0588076, 14.3225161 ], [ 121.0590245, 14.3224395 ], [ 121.0591968, 14.3223693 ], [ 121.059369, 14.3222736 ], [ 121.0595349, 14.3222354 ], [ 121.0596306, 14.3223119 ], [ 121.0596498, 14.3224523 ], [ 121.0596179, 14.3226246 ], [ 121.0596115, 14.3227203 ], [ 121.0596625, 14.3228032 ], [ 121.0597965, 14.3228032 ], [ 121.059905, 14.322682 ], [ 121.0600262, 14.3225607 ], [ 121.0601666, 14.3225097 ], [ 121.0602814, 14.3225927 ], [ 121.0603069, 14.3227266 ], [ 121.060358, 14.3228542 ], [ 121.0604728, 14.3228798 ], [ 121.060626, 14.3228287 ], [ 121.0607727, 14.3227649 ], [ 121.0609258, 14.3227139 ], [ 121.0610215, 14.3226692 ], [ 121.0611364, 14.3227203 ], [ 121.0612959, 14.3228989 ], [ 121.061532, 14.3231286 ], [ 121.0616277, 14.3232052 ], [ 121.0617553, 14.3233328 ], [ 121.0618829, 14.3233966 ], [ 121.0619977, 14.3234667 ], [ 121.0620934, 14.3235625 ], [ 121.062221, 14.3236837 ], [ 121.0623742, 14.3237985 ], [ 121.062489, 14.3238432 ], [ 121.0626294, 14.3239325 ], [ 121.0626868, 14.3240474 ], [ 121.0626166, 14.3241558 ], [ 121.0625592, 14.3243153 ], [ 121.0624208, 14.3243913 ], [ 121.0623638, 14.3244925 ], [ 121.0623006, 14.3246696 ], [ 121.0623512, 14.324872 ], [ 121.0624461, 14.3250174 ], [ 121.0625346, 14.3250807 ], [ 121.0626611, 14.3251629 ], [ 121.0628381, 14.3252957 ], [ 121.062914, 14.3253716 ], [ 121.0630026, 14.3255044 ], [ 121.0630595, 14.3256625 ], [ 121.0630974, 14.3257573 ], [ 121.0631164, 14.3258964 ], [ 121.0632492, 14.3260103 ], [ 121.0633504, 14.3259976 ], [ 121.0635527, 14.3260103 ], [ 121.0636729, 14.3260798 ], [ 121.0636856, 14.3262063 ], [ 121.0637931, 14.3263897 ], [ 121.0639069, 14.3264909 ], [ 121.0639954, 14.3265415 ], [ 121.0641282, 14.3265731 ], [ 121.064299, 14.3265288 ], [ 121.0643938, 14.3265035 ], [ 121.0646658, 14.3264782 ], [ 121.0648049, 14.3264909 ], [ 121.064944, 14.3265921 ], [ 121.0649756, 14.3267565 ], [ 121.0649124, 14.326883 ], [ 121.0648239, 14.3269968 ], [ 121.0647276, 14.3271665 ], [ 121.0648799, 14.3272327 ], [ 121.0650919, 14.3273188 ], [ 121.0652641, 14.3273917 ], [ 121.0653966, 14.3274447 ], [ 121.0656285, 14.3275507 ], [ 121.0657411, 14.3275706 ], [ 121.0658736, 14.3275772 ], [ 121.0660657, 14.3275904 ], [ 121.0662181, 14.3276832 ], [ 121.0662843, 14.3278157 ], [ 121.0664035, 14.3279084 ], [ 121.066536, 14.328021 ], [ 121.0666221, 14.328074 ], [ 121.0667281, 14.3282131 ], [ 121.066801, 14.3283257 ], [ 121.06696, 14.328286 ], [ 121.0671057, 14.3282794 ], [ 121.0672183, 14.3282794 ], [ 121.0673376, 14.3283191 ], [ 121.0673574, 14.3284648 ], [ 121.0673906, 14.3285973 ], [ 121.0674171, 14.3287431 ], [ 121.0676224, 14.3288292 ], [ 121.0677814, 14.3289153 ], [ 121.0679271, 14.3290412 ], [ 121.068053, 14.3291869 ], [ 121.0682583, 14.3291737 ], [ 121.0683975, 14.3291604 ], [ 121.0684659, 14.3291314 ], [ 121.0685697, 14.3290875 ], [ 121.0687419, 14.3290345 ], [ 121.0688479, 14.3290014 ], [ 121.0690003, 14.3289749 ], [ 121.0691129, 14.3289418 ], [ 121.0692255, 14.3289286 ], [ 121.0693249, 14.3289219 ], [ 121.0694971, 14.3288159 ], [ 121.0695898, 14.3286967 ], [ 121.0698217, 14.3286503 ], [ 121.0699211, 14.3286371 ], [ 121.07008, 14.3285576 ], [ 121.0701662, 14.3284781 ], [ 121.0703185, 14.3284715 ], [ 121.070484, 14.3284925 ], [ 121.0705797, 14.3285563 ], [ 121.0707209, 14.3286429 ], [ 121.0708166, 14.3286793 ], [ 121.0708941, 14.3286884 ], [ 121.0710035, 14.328693 ], [ 121.0711265, 14.328693 ], [ 121.071245, 14.3286975 ], [ 121.0713224, 14.3287203 ], [ 121.0713953, 14.3287385 ], [ 121.0714637, 14.3287568 ], [ 121.0715457, 14.3287704 ], [ 121.0716369, 14.3287887 ], [ 121.0717736, 14.3287932 ], [ 121.0719194, 14.3287887 ], [ 121.072006, 14.328775 ], [ 121.0721108, 14.3287522 ], [ 121.0721928, 14.3287431 ], [ 121.0723751, 14.3286839 ], [ 121.0724525, 14.3286337 ], [ 121.0725664, 14.3285517 ], [ 121.0726485, 14.3284651 ], [ 121.0727031, 14.328415 ], [ 121.0727578, 14.3283375 ], [ 121.0728535, 14.3283102 ], [ 121.0730039, 14.3283148 ], [ 121.0731087, 14.3283148 ], [ 121.0732454, 14.3283148 ], [ 121.0733843, 14.3283117 ], [ 121.0734624, 14.3282636 ], [ 121.0735527, 14.3281674 ], [ 121.0735406, 14.3280471 ], [ 121.0736489, 14.3279569 ], [ 121.0737511, 14.3279148 ], [ 121.0738774, 14.3278968 ], [ 121.0739736, 14.3279088 ], [ 121.0740578, 14.3279509 ], [ 121.07416, 14.328005 ], [ 121.0742863, 14.3280351 ], [ 121.0744066, 14.3280652 ], [ 121.0745629, 14.3281193 ], [ 121.0746832, 14.3281494 ], [ 121.0748275, 14.3281614 ], [ 121.0749177, 14.3281794 ], [ 121.075038, 14.3281915 ], [ 121.0751582, 14.3281494 ], [ 121.0751763, 14.3280592 ], [ 121.0752304, 14.3279088 ], [ 121.0753086, 14.3277585 ], [ 121.0754288, 14.3276984 ], [ 121.0755491, 14.3276924 ], [ 121.0756694, 14.3276863 ], [ 121.0757836, 14.3276803 ], [ 121.075934, 14.3277224 ], [ 121.0760422, 14.3278307 ], [ 121.0761444, 14.3278667 ], [ 121.0762467, 14.3278728 ], [ 121.076385, 14.3279269 ], [ 121.0765173, 14.327969 ], [ 121.0766375, 14.3280592 ], [ 121.0767157, 14.3281133 ], [ 121.0770084, 14.3280738 ], [ 121.077311, 14.3279799 ], [ 121.0774988, 14.3278651 ], [ 121.0774258, 14.3276669 ], [ 121.077238, 14.3273747 ], [ 121.0771023, 14.327093 ], [ 121.0770815, 14.3268739 ], [ 121.0770606, 14.3266548 ], [ 121.0769458, 14.3264878 ], [ 121.0767277, 14.3263995 ], [ 121.0765293, 14.3263153 ], [ 121.076391, 14.326213 ], [ 121.0762707, 14.3261409 ], [ 121.0761504, 14.3260146 ], [ 121.0760061, 14.325744 ], [ 121.0758979, 14.3256538 ], [ 121.0758137, 14.3255335 ], [ 121.0757115, 14.3254253 ], [ 121.0756634, 14.325287 ], [ 121.0755431, 14.3252028 ], [ 121.0753326, 14.3251848 ], [ 121.075074, 14.3251487 ], [ 121.0748636, 14.3251186 ], [ 121.0747253, 14.3251066 ], [ 121.0746351, 14.3250946 ], [ 121.0745366, 14.3250803 ], [ 121.0744487, 14.3250645 ], [ 121.0742322, 14.3249382 ], [ 121.0740939, 14.324866 ], [ 121.0739796, 14.32483 ], [ 121.0738894, 14.3247939 ], [ 121.0737872, 14.3247578 ], [ 121.0736008, 14.3247458 ], [ 121.0734444, 14.3247578 ], [ 121.0733241, 14.3247638 ], [ 121.0732339, 14.3247999 ], [ 121.0731437, 14.32483 ], [ 121.0730355, 14.3248119 ], [ 121.0729032, 14.3247879 ], [ 121.0727829, 14.3247337 ], [ 121.0726747, 14.3246616 ], [ 121.0725905, 14.3245714 ], [ 121.0724943, 14.3244692 ], [ 121.07238, 14.3243489 ], [ 121.0721876, 14.3241685 ], [ 121.0720553, 14.3240963 ], [ 121.071911, 14.3240061 ], [ 121.0717727, 14.323958 ], [ 121.0716103, 14.3238859 ], [ 121.0715261, 14.3238197 ], [ 121.0713998, 14.3237415 ], [ 121.0712796, 14.3236754 ], [ 121.0711172, 14.3236092 ], [ 121.0709007, 14.323501 ], [ 121.0707865, 14.3235371 ], [ 121.070552, 14.3235311 ], [ 121.0704136, 14.3235311 ], [ 121.0703114, 14.323507 ], [ 121.0702453, 14.3234409 ], [ 121.0701911, 14.3233507 ], [ 121.070143, 14.3231943 ], [ 121.070107, 14.3230981 ], [ 121.0700408, 14.3229838 ], [ 121.0699085, 14.3228576 ], [ 121.0698235, 14.3227607 ], [ 121.0697526, 14.322477 ], [ 121.0697526, 14.3222217 ], [ 121.06971, 14.3219806 ], [ 121.069554, 14.3217537 ], [ 121.0694802, 14.3216025 ], [ 121.0694304, 14.3214449 ], [ 121.0693765, 14.3213537 ], [ 121.0693226, 14.3212625 ], [ 121.0691899, 14.32108 ], [ 121.0690572, 14.3209556 ], [ 121.0689328, 14.320939 ], [ 121.0688996, 14.3208146 ], [ 121.0689659, 14.3206238 ], [ 121.0689659, 14.3204164 ], [ 121.0688, 14.3202339 ], [ 121.0686507, 14.320151 ], [ 121.068601, 14.3199187 ], [ 121.0685678, 14.3196118 ], [ 121.0685595, 14.3194625 ], [ 121.0685263, 14.3192966 ], [ 121.0685014, 14.319139 ], [ 121.0685014, 14.3189317 ], [ 121.0685263, 14.3186994 ], [ 121.0685263, 14.3185667 ], [ 121.0685429, 14.3184091 ], [ 121.068518, 14.3182598 ], [ 121.0683604, 14.3182515 ], [ 121.0682111, 14.3182598 ], [ 121.068095, 14.3183262 ], [ 121.0679457, 14.3183676 ], [ 121.0677798, 14.3183427 ], [ 121.0677549, 14.31821 ], [ 121.067871, 14.3180524 ], [ 121.068012, 14.3178617 ], [ 121.0681613, 14.3176709 ], [ 121.0682277, 14.3175382 ], [ 121.0682277, 14.3174054 ], [ 121.0681862, 14.3172727 ], [ 121.0680784, 14.3170902 ], [ 121.0679208, 14.3169326 ], [ 121.0678213, 14.3168082 ], [ 121.0676968, 14.3166506 ], [ 121.0675724, 14.3165179 ], [ 121.0674646, 14.3164018 ], [ 121.0672987, 14.3162276 ], [ 121.0671992, 14.3161115 ], [ 121.0671162, 14.3159456 ], [ 121.067025, 14.3158295 ], [ 121.0669503, 14.3157133 ], [ 121.0668425, 14.3155391 ], [ 121.0667678, 14.3153733 ], [ 121.0666683, 14.3152074 ], [ 121.0665356, 14.3150912 ], [ 121.0663946, 14.3149668 ], [ 121.0663365, 14.3148507 ], [ 121.0663697, 14.3146599 ], [ 121.0664858, 14.3144442 ], [ 121.0666185, 14.3142784 ], [ 121.0667513, 14.3141373 ], [ 121.0668259, 14.3140212 ], [ 121.0667347, 14.3138221 ], [ 121.06666, 14.3136811 ], [ 121.0665605, 14.3135318 ], [ 121.0665937, 14.3133659 ], [ 121.0667927, 14.3132747 ], [ 121.0667595, 14.3130424 ], [ 121.0666102, 14.3129844 ], [ 121.0664526, 14.312918 ], [ 121.0663199, 14.3128766 ], [ 121.0663697, 14.3126526 ], [ 121.0663448, 14.3124784 ], [ 121.0661623, 14.3124286 ], [ 121.065955, 14.3124203 ], [ 121.065814, 14.3124286 ], [ 121.0656564, 14.3125282 ], [ 121.0656564, 14.3126609 ], [ 121.0657061, 14.3128848 ], [ 121.065731, 14.3130176 ], [ 121.0656438, 14.3130504 ], [ 121.0655587, 14.3130367 ], [ 121.0654928, 14.3129708 ], [ 121.065405, 14.3128555 ], [ 121.0653501, 14.3127128 ], [ 121.0653171, 14.3126195 ], [ 121.0652815, 14.3125289 ], [ 121.0652458, 14.3124383 ], [ 121.0651826, 14.3123779 ], [ 121.0651991, 14.3122901 ], [ 121.0652128, 14.3121995 ], [ 121.0652128, 14.3120705 ], [ 121.0652046, 14.3119662 ], [ 121.065136, 14.3118866 ], [ 121.0650262, 14.3118262 ], [ 121.0649603, 14.311785 ], [ 121.0648258, 14.3117713 ], [ 121.064749, 14.3117741 ], [ 121.0646611, 14.3118454 ], [ 121.064565, 14.3119113 ], [ 121.0644992, 14.3119689 ], [ 121.0643894, 14.3121117 ], [ 121.0643235, 14.3121391 ], [ 121.0642384, 14.3121528 ], [ 121.0641451, 14.3121172 ], [ 121.0640792, 14.3120623 ], [ 121.0639831, 14.3119909 ], [ 121.063942, 14.3119195 ], [ 121.0638706, 14.3118729 ], [ 121.0637581, 14.3118811 ], [ 121.063684, 14.3119607 ], [ 121.0636565, 14.3120348 ], [ 121.0636565, 14.3121281 ], [ 121.0636565, 14.3122462 ], [ 121.0636098, 14.3123642 ], [ 121.0635357, 14.3123971 ], [ 121.0634616, 14.312356 ], [ 121.0633985, 14.3122681 ], [ 121.0633326, 14.3121446 ], [ 121.0632969, 14.3120705 ], [ 121.063264, 14.3119881 ], [ 121.063253, 14.3119113 ], [ 121.0632375, 14.3118457 ], [ 121.0632283, 14.311807 ], [ 121.0631762, 14.3116725 ], [ 121.0631597, 14.3115792 ], [ 121.0631405, 14.3114721 ], [ 121.0631405, 14.3113376 ], [ 121.063135, 14.3112635 ], [ 121.063124, 14.3111125 ], [ 121.0630911, 14.3109588 ], [ 121.0630691, 14.3108655 ], [ 121.0630362, 14.3107612 ], [ 121.062973, 14.3107392 ], [ 121.0628934, 14.3107392 ], [ 121.0627974, 14.3107969 ], [ 121.0627342, 14.3108463 ], [ 121.0626958, 14.3109122 ], [ 121.0626711, 14.3109973 ], [ 121.0626052, 14.3111208 ], [ 121.0625641, 14.3112059 ], [ 121.0624872, 14.31128 ], [ 121.0623966, 14.3113129 ], [ 121.0623005, 14.3112937 ], [ 121.0621962, 14.311247 ], [ 121.0621139, 14.3112031 ], [ 121.0620453, 14.3111235 ], [ 121.0620151, 14.311011 ], [ 121.0620178, 14.3109149 ], [ 121.0620233, 14.3108353 ], [ 121.0621304, 14.3107008 ], [ 121.0621935, 14.3106514 ], [ 121.0623253, 14.3105663 ], [ 121.0624076, 14.3105334 ], [ 121.0624817, 14.3104922 ], [ 121.0626244, 14.3104126 ], [ 121.0626876, 14.3103632 ], [ 121.0627617, 14.3102809 ], [ 121.0628083, 14.3102095 ], [ 121.0628687, 14.3101436 ], [ 121.0629126, 14.310086 ], [ 121.0629621, 14.3100283 ], [ 121.0630334, 14.3100256 ], [ 121.0630938, 14.3100311 ], [ 121.0631926, 14.3100091 ], [ 121.0632201, 14.3099762 ], [ 121.0632338, 14.3098993 ], [ 121.0632365, 14.3098554 ], [ 121.0632118, 14.3097621 ], [ 121.0631652, 14.3096907 ], [ 121.0630718, 14.3096578 ], [ 121.0630087, 14.3096578 ], [ 121.062866, 14.3096386 ], [ 121.0627397, 14.3095946 ], [ 121.0626684, 14.309559 ], [ 121.0626162, 14.3095123 ], [ 121.0625229, 14.3094327 ], [ 121.062479, 14.3093723 ], [ 121.0624158, 14.3092982 ], [ 121.0623472, 14.3092653 ], [ 121.0622649, 14.3092076 ], [ 121.062177, 14.3091527 ], [ 121.0621304, 14.309128 ], [ 121.062081, 14.3091061 ], [ 121.0620123, 14.3090731 ], [ 121.0619382, 14.3090237 ], [ 121.0618971, 14.3089825 ], [ 121.0618586, 14.3089222 ], [ 121.0618065, 14.3088508 ], [ 121.0617928, 14.3087383 ], [ 121.0617818, 14.3086834 ], [ 121.0618422, 14.3085736 ], [ 121.0618916, 14.3085159 ], [ 121.061941, 14.3084555 ], [ 121.0619574, 14.3084171 ], [ 121.0619904, 14.3083375 ], [ 121.0620068, 14.3082854 ], [ 121.0620123, 14.3082277 ], [ 121.0620068, 14.3081261 ], [ 121.0619821, 14.3080548 ], [ 121.0619602, 14.3079834 ], [ 121.061941, 14.3079203 ], [ 121.0619355, 14.3078379 ], [ 121.0619465, 14.3077391 ], [ 121.0619574, 14.3076842 ], [ 121.0620151, 14.3075854 ], [ 121.062048, 14.3074976 ], [ 121.062081, 14.3074152 ], [ 121.0621112, 14.3073329 ], [ 121.0621798, 14.3072258 ], [ 121.0622347, 14.3071572 ], [ 121.0622731, 14.3070941 ], [ 121.0623335, 14.3070172 ], [ 121.0623829, 14.30688 ], [ 121.0623719, 14.3068388 ], [ 121.06235, 14.3067867 ], [ 121.0623335, 14.30674 ], [ 121.0622813, 14.3066933 ], [ 121.0622237, 14.3066686 ], [ 121.0621606, 14.3066384 ], [ 121.0620864, 14.3066275 ], [ 121.0619986, 14.3066028 ], [ 121.0619272, 14.3065918 ], [ 121.0618339, 14.3065698 ], [ 121.061768, 14.3065588 ], [ 121.0616665, 14.3065396 ], [ 121.0615787, 14.3065314 ], [ 121.0615073, 14.3065177 ], [ 121.0614002, 14.306482 ], [ 121.0613124, 14.3064628 ], [ 121.0612191, 14.3064161 ], [ 121.061123, 14.3063393 ], [ 121.0610599, 14.3062377 ], [ 121.0610489, 14.3061691 ], [ 121.0610379, 14.3061114 ], [ 121.0609913, 14.3060318 ], [ 121.0609154, 14.3057062 ], [ 121.0608847, 14.3055715 ], [ 121.0608235, 14.3054062 ], [ 121.0607378, 14.3052348 ], [ 121.0606338, 14.3051063 ], [ 121.0605664, 14.3050389 ], [ 121.0604807, 14.3049594 ], [ 121.0604195, 14.3048553 ], [ 121.060291, 14.3048247 ], [ 121.0601379, 14.3047635 ], [ 121.0600216, 14.3046104 ], [ 121.0599543, 14.3044819 ], [ 121.0599359, 14.3043472 ], [ 121.059991, 14.3041697 ], [ 121.0600522, 14.3039616 ], [ 121.0600584, 14.3038453 ], [ 121.0600216, 14.3037106 ], [ 121.0599359, 14.3036065 ], [ 121.059887, 14.303527 ], [ 121.059789, 14.3034107 ], [ 121.0597645, 14.3032637 ], [ 121.0597462, 14.3031658 ], [ 121.059789, 14.302976 ], [ 121.0598258, 14.3028903 ], [ 121.0598564, 14.3027557 ], [ 121.0598686, 14.3026333 ], [ 121.0598319, 14.3025047 ], [ 121.0597707, 14.3024312 ], [ 121.0596972, 14.30237 ], [ 121.0595319, 14.3023333 ], [ 121.0594095, 14.3023149 ], [ 121.0593177, 14.30237 ], [ 121.0592687, 14.3024925 ], [ 121.0591647, 14.3025231 ], [ 121.0590728, 14.302468 ], [ 121.0590361, 14.3023456 ], [ 121.05903, 14.3022292 ], [ 121.0590545, 14.302064 ], [ 121.0590545, 14.3018987 ], [ 121.0590545, 14.3017395 ], [ 121.0590667, 14.3016355 ], [ 121.059183, 14.3015314 ], [ 121.059281, 14.3014947 ], [ 121.0593789, 14.3014824 ], [ 121.0595258, 14.3014518 ], [ 121.059636, 14.3013355 ], [ 121.0595687, 14.3011886 ], [ 121.0594707, 14.3010662 ], [ 121.0593973, 14.3009989 ], [ 121.0592993, 14.3008764 ], [ 121.0591647, 14.300754 ], [ 121.0590912, 14.3006377 ], [ 121.0590177, 14.3004969 ], [ 121.0589688, 14.3004173 ], [ 121.0589259, 14.3003316 ], [ 121.0589137, 14.3002215 ], [ 121.0588831, 14.2999644 ], [ 121.0588463, 14.2998481 ], [ 121.0586566, 14.2997562 ], [ 121.0584791, 14.2997501 ], [ 121.0582954, 14.2997195 ], [ 121.0581424, 14.2997195 ], [ 121.0580445, 14.2997195 ], [ 121.0579343, 14.2997073 ], [ 121.0577629, 14.2996705 ], [ 121.0576037, 14.2996583 ], [ 121.0574935, 14.2997379 ], [ 121.0573772, 14.2998542 ], [ 121.0572426, 14.299897 ], [ 121.0570528, 14.2998358 ], [ 121.0569365, 14.2997807 ], [ 121.0568692, 14.2996705 ], [ 121.0567835, 14.2995053 ], [ 121.05671, 14.2994318 ], [ 121.0566243, 14.29934 ], [ 121.0565631, 14.299242 ], [ 121.0565937, 14.2991502 ], [ 121.0566488, 14.2990156 ], [ 121.05671, 14.298936 ], [ 121.0568263, 14.2988564 ], [ 121.056961, 14.2987829 ], [ 121.0571201, 14.2986421 ], [ 121.0571385, 14.2984952 ], [ 121.0570038, 14.29833 ], [ 121.056912, 14.2982687 ], [ 121.0568263, 14.298232 ], [ 121.05671, 14.2981524 ], [ 121.0565386, 14.2980851 ], [ 121.0563978, 14.2980606 ], [ 121.0562999, 14.2980606 ], [ 121.0561713, 14.2980851 ], [ 121.0560244, 14.2980912 ], [ 121.0559204, 14.2980912 ], [ 121.055804, 14.2980851 ], [ 121.0556755, 14.2980361 ], [ 121.0556143, 14.297926 ], [ 121.0555837, 14.2977974 ], [ 121.0557061, 14.2976321 ], [ 121.0557428, 14.2975403 ], [ 121.0557551, 14.2974179 ], [ 121.0556816, 14.2972893 ], [ 121.0556204, 14.2971485 ], [ 121.0555898, 14.2970078 ], [ 121.0555102, 14.2968364 ], [ 121.0554613, 14.296769 ], [ 121.0553572, 14.296665 ], [ 121.0552715, 14.296616 ], [ 121.0551246, 14.2965609 ], [ 121.0550328, 14.2964997 ], [ 121.0549471, 14.2964201 ], [ 121.0548614, 14.2962793 ], [ 121.0548185, 14.2961691 ], [ 121.0547695, 14.296059 ], [ 121.0547634, 14.2959549 ], [ 121.0547634, 14.295808 ], [ 121.0548002, 14.2956611 ], [ 121.0548246, 14.295557 ], [ 121.054843, 14.2954285 ], [ 121.0549103, 14.2952571 ], [ 121.0549226, 14.2951285 ], [ 121.0548981, 14.2949755 ], [ 121.0548124, 14.2949265 ], [ 121.0546288, 14.2948714 ], [ 121.0544941, 14.2948408 ], [ 121.0543717, 14.2948102 ], [ 121.0541819, 14.2948102 ], [ 121.0540227, 14.2948163 ], [ 121.0538575, 14.2948286 ], [ 121.0536065, 14.2948531 ], [ 121.0534718, 14.2948653 ], [ 121.0532515, 14.2948837 ], [ 121.0530678, 14.2949143 ], [ 121.0528291, 14.2949265 ], [ 121.0525108, 14.2950061 ], [ 121.0523027, 14.2950306 ], [ 121.0521925, 14.2950612 ], [ 121.0519354, 14.2951224 ], [ 121.0516116, 14.2952431 ], [ 121.0513159, 14.2953305 ], [ 121.0510067, 14.295391 ], [ 121.050832, 14.2953507 ], [ 121.0506034, 14.2952633 ], [ 121.0503614, 14.2951356 ], [ 121.0502001, 14.2949608 ], [ 121.0500724, 14.2946852 ], [ 121.0499111, 14.2945038 ], [ 121.0497565, 14.2942752 ], [ 121.0496154, 14.294087 ], [ 121.0494944, 14.293919 ], [ 121.0493532, 14.2937308 ], [ 121.0492322, 14.2935224 ], [ 121.0490911, 14.2933409 ], [ 121.0489163, 14.29322 ], [ 121.0487416, 14.2930318 ], [ 121.0485332, 14.2928973 ], [ 121.0485332, 14.2926688 ], [ 121.048634, 14.292447 ], [ 121.0487214, 14.2922185 ], [ 121.0488222, 14.2920101 ], [ 121.0488626, 14.2918555 ], [ 121.048876, 14.2916135 ], [ 121.0489029, 14.2914052 ], [ 121.048876, 14.2912304 ], [ 121.0487953, 14.2909884 ], [ 121.0487147, 14.2907801 ], [ 121.0485668, 14.2906322 ], [ 121.0483988, 14.2905448 ], [ 121.0483047, 14.290444 ], [ 121.048298, 14.2902894 ], [ 121.0483517, 14.2901617 ], [ 121.048466, 14.2899735 ], [ 121.048587, 14.2898458 ], [ 121.0485265, 14.2897382 ], [ 121.0483853, 14.2896979 ], [ 121.0482509, 14.2896912 ], [ 121.0480224, 14.2896374 ], [ 121.0478947, 14.2895702 ], [ 121.047888, 14.2894358 ], [ 121.0479619, 14.2893013 ], [ 121.0480694, 14.2891736 ], [ 121.0481098, 14.2890527 ], [ 121.0480829, 14.2888645 ], [ 121.0480224, 14.2886225 ], [ 121.0479619, 14.2884679 ], [ 121.0478342, 14.28832 ], [ 121.0475452, 14.2881721 ], [ 121.0474309, 14.2880713 ], [ 121.0473771, 14.2878697 ], [ 121.0474443, 14.2877218 ], [ 121.0476393, 14.2875807 ], [ 121.0479283, 14.2874597 ], [ 121.0481434, 14.2874059 ], [ 121.0483181, 14.2872916 ], [ 121.0484929, 14.2870497 ], [ 121.0485803, 14.2868547 ], [ 121.0486071, 14.2865926 ], [ 121.0486475, 14.286317 ], [ 121.048755, 14.2860213 ], [ 121.0488155, 14.2857726 ], [ 121.0488222, 14.2855037 ], [ 121.0488491, 14.2852819 ], [ 121.0488222, 14.2850601 ], [ 121.0487281, 14.2848517 ], [ 121.0487012, 14.2846904 ], [ 121.0487349, 14.2844552 ], [ 121.0487483, 14.2842266 ], [ 121.0486676, 14.2840183 ], [ 121.0485937, 14.2837427 ], [ 121.0484526, 14.2835142 ], [ 121.0482442, 14.2832991 ], [ 121.0480829, 14.2831176 ], [ 121.0479417, 14.2829765 ], [ 121.0476863, 14.2828622 ], [ 121.0474578, 14.282842 ], [ 121.0472561, 14.282842 ], [ 121.0470478, 14.282721 ], [ 121.0468556, 14.2826507 ], [ 121.0467355, 14.2822905 ], [ 121.0466452, 14.2820918 ], [ 121.0464326, 14.2820209 ], [ 121.0461915, 14.2819784 ], [ 121.0460426, 14.2819075 ], [ 121.0460072, 14.2817444 ], [ 121.0460781, 14.281553 ], [ 121.0461206, 14.2813474 ], [ 121.0460426, 14.2811701 ], [ 121.0459008, 14.2810709 ], [ 121.0457519, 14.2809858 ], [ 121.0456669, 14.2808156 ], [ 121.0456598, 14.2806242 ], [ 121.0456527, 14.2804328 ], [ 121.0456385, 14.2802768 ], [ 121.0455463, 14.2800996 ], [ 121.0454329, 14.2799436 ], [ 121.0452769, 14.2798018 ], [ 121.0451209, 14.2796387 ], [ 121.0449862, 14.2794686 ], [ 121.0447735, 14.279263 ], [ 121.0446601, 14.2791212 ], [ 121.0446176, 14.2789794 ], [ 121.0445679, 14.2787879 ], [ 121.0445608, 14.2786178 ], [ 121.0445254, 14.2784335 ], [ 121.0444758, 14.2782349 ], [ 121.0444758, 14.2780648 ], [ 121.0445538, 14.2779513 ], [ 121.0446814, 14.2779301 ], [ 121.0448161, 14.2780293 ], [ 121.0450075, 14.277923 ], [ 121.0451777, 14.2781711 ], [ 121.0452982, 14.2783767 ], [ 121.0454329, 14.2784193 ], [ 121.0455463, 14.2784193 ], [ 121.045759, 14.2783129 ], [ 121.045837, 14.2781215 ], [ 121.0458016, 14.2778521 ], [ 121.0457661, 14.2776607 ], [ 121.0455605, 14.2775401 ], [ 121.0452769, 14.277526 ], [ 121.0449933, 14.2774905 ], [ 121.0448373, 14.2774196 ], [ 121.0447948, 14.2772849 ], [ 121.0448515, 14.2770651 ], [ 121.044887, 14.276817 ], [ 121.0449082, 14.2766681 ], [ 121.0449082, 14.276505 ], [ 121.0447594, 14.2764058 ], [ 121.0445041, 14.2762711 ], [ 121.0442985, 14.2762569 ], [ 121.0442205, 14.2763632 ], [ 121.0440787, 14.2765759 ], [ 121.0439511, 14.276661 ], [ 121.0437881, 14.2766256 ], [ 121.0437172, 14.2764767 ], [ 121.0437101, 14.2763065 ], [ 121.0438519, 14.2761222 ], [ 121.0439228, 14.2759449 ], [ 121.0438802, 14.275789 ], [ 121.0437242, 14.275711 ], [ 121.0435754, 14.2757464 ], [ 121.0434974, 14.2759024 ], [ 121.0433981, 14.276108 ], [ 121.0432209, 14.2762356 ], [ 121.043072, 14.2762214 ], [ 121.0428593, 14.2760584 ], [ 121.042682, 14.2758953 ], [ 121.0426041, 14.2756826 ], [ 121.0426182, 14.275477 ], [ 121.042838, 14.2754274 ], [ 121.0430649, 14.2753565 ], [ 121.0432351, 14.275321 ], [ 121.0432776, 14.2751792 ], [ 121.0432067, 14.2750233 ], [ 121.0430862, 14.2749169 ], [ 121.0428664, 14.2748602 ], [ 121.0425757, 14.2748602 ], [ 121.0423985, 14.2749736 ], [ 121.042207, 14.2750374 ], [ 121.0419163, 14.2750374 ], [ 121.0417249, 14.2749736 ], [ 121.0415973, 14.2748177 ], [ 121.041413, 14.2746759 ], [ 121.0413066, 14.2745624 ], [ 121.0410868, 14.2745128 ], [ 121.0408812, 14.2744419 ], [ 121.040782, 14.2743568 ], [ 121.0405724, 14.2740981 ], [ 121.0404808, 14.2739709 ], [ 121.0403078, 14.2737877 ], [ 121.0402773, 14.2736707 ], [ 121.0403587, 14.2735638 ], [ 121.0405521, 14.2736503 ], [ 121.04072, 14.273803 ], [ 121.0409032, 14.27392 ], [ 121.0410711, 14.2739658 ], [ 121.0411729, 14.2739048 ], [ 121.0411576, 14.2737572 ], [ 121.0410049, 14.2735588 ], [ 121.0408472, 14.2734315 ], [ 121.0406589, 14.2733196 ], [ 121.0405063, 14.2731466 ], [ 121.0403256, 14.2730092 ], [ 121.0400101, 14.272826 ], [ 121.0398524, 14.2726174 ], [ 121.0397913, 14.2723324 ], [ 121.0397913, 14.2720373 ], [ 121.0397761, 14.2717778 ], [ 121.039659, 14.2716404 ], [ 121.039453, 14.2714877 ], [ 121.0392494, 14.2713147 ], [ 121.0391375, 14.271101 ], [ 121.0391629, 14.2708415 ], [ 121.0392443, 14.2706278 ], [ 121.0394631, 14.2704039 ], [ 121.0396412, 14.2703174 ], [ 121.0398015, 14.2702411 ], [ 121.0399084, 14.2700935 ], [ 121.039827, 14.2699307 ], [ 121.0396947, 14.2698238 ], [ 121.0396947, 14.2695541 ], [ 121.0397354, 14.2693353 ], [ 121.0397354, 14.2690809 ], [ 121.0397201, 14.2689435 ], [ 121.0396692, 14.2686942 ], [ 121.0395903, 14.268455 ], [ 121.0395344, 14.2682515 ], [ 121.0394937, 14.2680428 ], [ 121.039453, 14.2678749 ], [ 121.0394021, 14.267651 ], [ 121.0393028, 14.2674628 ], [ 121.0392571, 14.2672185 ], [ 121.0392571, 14.2670709 ], [ 121.0392927, 14.2668165 ], [ 121.0393079, 14.2665112 ], [ 121.0393181, 14.2662415 ], [ 121.0393308, 14.2659871 ], [ 121.0393308, 14.2658243 ], [ 121.0392952, 14.2656156 ], [ 121.0393054, 14.2654121 ], [ 121.0393715, 14.265234 ], [ 121.0395089, 14.2650864 ], [ 121.0396107, 14.2649185 ], [ 121.0396819, 14.2646488 ], [ 121.0396692, 14.26443 ], [ 121.0396285, 14.2641451 ], [ 121.039654, 14.2638957 ], [ 121.0397557, 14.2636159 ], [ 121.0397608, 14.2634327 ], [ 121.0398575, 14.2633105 ], [ 121.0399567, 14.2631681 ], [ 121.0401348, 14.263163 ], [ 121.0403791, 14.2632393 ], [ 121.0405826, 14.263336 ], [ 121.0407353, 14.2633105 ], [ 121.0408574, 14.263163 ], [ 121.040893, 14.2630103 ], [ 121.0409235, 14.2627966 ], [ 121.0409693, 14.262588 ], [ 121.0409948, 14.2624709 ], [ 121.0410558, 14.2623081 ], [ 121.0409922, 14.2621656 ], [ 121.0408854, 14.2620537 ], [ 121.0407632, 14.2619061 ], [ 121.0406208, 14.2618044 ], [ 121.0403816, 14.2616364 ], [ 121.0402697, 14.2615652 ], [ 121.0400985, 14.2613122 ], [ 121.0400136, 14.2608981 ], [ 121.0399817, 14.2604946 ], [ 121.0396844, 14.2602823 ], [ 121.0395995, 14.2598682 ], [ 121.0396101, 14.2594753 ], [ 121.0392597, 14.2592523 ], [ 121.0388244, 14.259178 ], [ 121.0384209, 14.2590506 ], [ 121.0381448, 14.258732 ], [ 121.0380174, 14.2584878 ], [ 121.0379802, 14.2583108 ], [ 121.0381501, 14.258207 ], [ 121.0380746, 14.2580702 ], [ 121.0378717, 14.2580466 ], [ 121.0376357, 14.2580418 ], [ 121.03748, 14.2579286 ], [ 121.0374092, 14.2577398 ], [ 121.0373597, 14.2575935 ], [ 121.037388, 14.2574331 ], [ 121.0375437, 14.2573009 ], [ 121.0375767, 14.2571499 ], [ 121.0374163, 14.2569895 ], [ 121.0373125, 14.2569045 ], [ 121.0372511, 14.2567535 ], [ 121.0372228, 14.2565883 ], [ 121.0372676, 14.2564232 ], [ 121.0373054, 14.2562202 ], [ 121.0372818, 14.2560645 ], [ 121.0372582, 14.2559513 ], [ 121.0371685, 14.2558427 ], [ 121.0370317, 14.2557342 ], [ 121.0368854, 14.2556728 ], [ 121.0368122, 14.2555077 ], [ 121.0367603, 14.255333 ], [ 121.0367509, 14.255149 ], [ 121.0366376, 14.2550971 ], [ 121.036581, 14.2549414 ], [ 121.0365716, 14.2547903 ], [ 121.0364206, 14.254696 ], [ 121.0362601, 14.254696 ], [ 121.0360997, 14.2546346 ], [ 121.0361539, 14.2544411 ], [ 121.0362719, 14.2542382 ], [ 121.0363852, 14.2540825 ], [ 121.0365031, 14.2539267 ], [ 121.0366565, 14.2537474 ], [ 121.0369302, 14.2535681 ], [ 121.037152, 14.2534359 ], [ 121.0372181, 14.2533132 ], [ 121.0371096, 14.2531198 ], [ 121.0370293, 14.2529876 ], [ 121.0368736, 14.2528791 ], [ 121.0367633, 14.2526549 ], [ 121.0366521, 14.2526331 ], [ 121.0364129, 14.2525594 ], [ 121.0360094, 14.2525275 ], [ 121.0354148, 14.2525806 ], [ 121.0348414, 14.252485 ], [ 121.0343211, 14.252347 ], [ 121.0340663, 14.2521346 ], [ 121.0336203, 14.2517312 ], [ 121.0333973, 14.25154 ], [ 121.0331467, 14.2514707 ], [ 121.0353184, 14.2488776 ], [ 121.0360553, 14.2491605 ], [ 121.0364828, 14.2491966 ], [ 121.0368113, 14.2493235 ], [ 121.0371392, 14.2495762 ], [ 121.0374548, 14.24968 ], [ 121.0377444, 14.2495533 ], [ 121.0380641, 14.2494355 ], [ 121.0384197, 14.2493072 ], [ 121.0388679, 14.2493466 ], [ 121.0392918, 14.2496356 ], [ 121.0397122, 14.2499101 ], [ 121.0399469, 14.2500575 ], [ 121.0403377, 14.2500826 ], [ 121.0405559, 14.2497595 ], [ 121.0407956, 14.2497083 ], [ 121.040755, 14.2500875 ], [ 121.0409835, 14.2503206 ], [ 121.0413238, 14.2502206 ], [ 121.0414244, 14.2501452 ], [ 121.0415563, 14.2499567 ], [ 121.0417008, 14.2500027 ], [ 121.0418663, 14.2501368 ], [ 121.0420003, 14.2502185 ], [ 121.0421407, 14.2503756 ], [ 121.0422425, 14.2505478 ], [ 121.0424121, 14.2506044 ], [ 121.0426006, 14.2507552 ], [ 121.0425912, 14.250906 ], [ 121.0425582, 14.2510473 ], [ 121.04253, 14.2512217 ], [ 121.0425347, 14.2514338 ], [ 121.0426195, 14.2516411 ], [ 121.0427043, 14.2518249 ], [ 121.0427562, 14.251905 ], [ 121.0429211, 14.2519616 ], [ 121.0431284, 14.2520275 ], [ 121.0432934, 14.2520982 ], [ 121.0434112, 14.2521642 ], [ 121.0434866, 14.2522726 ], [ 121.043628, 14.2524847 ], [ 121.0436987, 14.2526072 ], [ 121.043807, 14.2528475 ], [ 121.0438589, 14.253036 ], [ 121.0440238, 14.2533423 ], [ 121.0442547, 14.2533706 ], [ 121.0443678, 14.2533046 ], [ 121.0445186, 14.2531633 ], [ 121.0446506, 14.2530831 ], [ 121.0448155, 14.2530784 ], [ 121.0449899, 14.2531161 ], [ 121.0451407, 14.2532575 ], [ 121.0452726, 14.2532905 ], [ 121.0454467, 14.2534236 ], [ 121.0458602, 14.2535668 ], [ 121.0463861, 14.2540361 ], [ 121.0476735, 14.254346 ], [ 121.0496521, 14.2540838 ], [ 121.0503435, 14.2538215 ], [ 121.0525436, 14.2539687 ], [ 121.0527226, 14.2541147 ], [ 121.0527885, 14.2543972 ], [ 121.0530004, 14.2545714 ], [ 121.053217, 14.2545526 ], [ 121.0534054, 14.2547174 ], [ 121.0534336, 14.2548916 ], [ 121.0534807, 14.2551883 ], [ 121.0534713, 14.2554473 ], [ 121.0536267, 14.2557298 ], [ 121.0536832, 14.2559512 ], [ 121.0538009, 14.2561819 ], [ 121.0540646, 14.2563797 ], [ 121.0542506, 14.2564359 ], [ 121.0541933, 14.2562547 ], [ 121.0541946, 14.2562158 ], [ 121.0541895, 14.2561756 ], [ 121.0541713, 14.2561368 ], [ 121.0540651, 14.2559476 ], [ 121.0540405, 14.2558983 ], [ 121.0539925, 14.2557364 ], [ 121.0539795, 14.2556703 ], [ 121.0539676, 14.2555537 ], [ 121.0539731, 14.2554831 ], [ 121.0539974, 14.2553956 ], [ 121.0540472, 14.2552714 ], [ 121.0540563, 14.2552298 ], [ 121.0540829, 14.2550924 ], [ 121.0541102, 14.2550036 ], [ 121.0541346, 14.2549546 ], [ 121.054252, 14.2547503 ], [ 121.0542665, 14.2547174 ], [ 121.0542714, 14.2546784 ], [ 121.0542753, 14.2546473 ], [ 121.0542704, 14.2546183 ], [ 121.0542298, 14.2544645 ], [ 121.0542243, 14.2544349 ], [ 121.0542206, 14.2544029 ], [ 121.0542228, 14.2542683 ], [ 121.0542326, 14.2541343 ], [ 121.0542306, 14.2541181 ], [ 121.0542252, 14.2541025 ], [ 121.0541971, 14.2540644 ], [ 121.0541893, 14.2540395 ], [ 121.0541884, 14.2540103 ], [ 121.0541962, 14.2539849 ], [ 121.0542627, 14.2538923 ], [ 121.0542693, 14.2538745 ], [ 121.0542705, 14.2538397 ], [ 121.0542267, 14.2534481 ], [ 121.0540219, 14.2534467 ], [ 121.053967, 14.2532468 ], [ 121.0538807, 14.252988 ], [ 121.0538405, 14.2528041 ], [ 121.0538232, 14.2525971 ], [ 121.0537657, 14.2524533 ], [ 121.0536346, 14.2523089 ], [ 121.0536152, 14.2519014 ], [ 121.0536734, 14.2514357 ], [ 121.0537898, 14.25097 ], [ 121.053848, 14.2505625 ], [ 121.0538867, 14.2503304 ], [ 121.0539256, 14.2500968 ], [ 121.0540421, 14.2495922 ], [ 121.0540032, 14.2491653 ], [ 121.0538005, 14.2488378 ], [ 121.053751, 14.2487578 ], [ 121.0535375, 14.2483892 ], [ 121.0534017, 14.2481175 ], [ 121.0530718, 14.2477876 ], [ 121.0528196, 14.2475548 ], [ 121.0524897, 14.2473025 ], [ 121.0522277, 14.2470718 ], [ 121.0520294, 14.2468303 ], [ 121.0518741, 14.246632 ], [ 121.0516594, 14.2463208 ], [ 121.0512156, 14.2458054 ], [ 121.0510724, 14.2456193 ], [ 121.0509722, 14.2454189 ], [ 121.0509436, 14.2451755 ], [ 121.0509436, 14.2449464 ], [ 121.0508434, 14.2446314 ], [ 121.0509006, 14.2442735 ], [ 121.0512013, 14.2439156 ], [ 121.0516165, 14.2437438 ], [ 121.0519314, 14.2436293 ], [ 121.0520889, 14.2433 ], [ 121.0521176, 14.2429277 ], [ 121.0520746, 14.242713 ], [ 121.0520198, 14.2425814 ], [ 121.0519314, 14.2423694 ], [ 121.0517167, 14.241811 ], [ 121.051416, 14.2410522 ], [ 121.0523359, 14.239811 ], [ 121.0522, 14.2395754 ], [ 121.052209, 14.2393035 ], [ 121.0522725, 14.2390225 ], [ 121.0522725, 14.238805 ], [ 121.0522725, 14.2385693 ], [ 121.0522272, 14.2383427 ], [ 121.0521819, 14.2381796 ], [ 121.0520912, 14.2380164 ], [ 121.0519099, 14.2378352 ], [ 121.0518102, 14.2376901 ], [ 121.0517105, 14.2375089 ], [ 121.0516108, 14.2372823 ], [ 121.0515655, 14.2371373 ], [ 121.0514386, 14.236811 ], [ 121.0513933, 14.2365753 ], [ 121.0513843, 14.236385 ], [ 121.0514205, 14.23624 ], [ 121.0516834, 14.2359227 ], [ 121.0517649, 14.2357052 ], [ 121.0517649, 14.2355058 ], [ 121.0516924, 14.235252 ], [ 121.0516551, 14.235108 ], [ 121.051629, 14.2350073 ], [ 121.0516108, 14.2348623 ], [ 121.0515293, 14.2347173 ], [ 121.0514535, 14.2345439 ], [ 121.0514114, 14.2344997 ], [ 121.0512755, 14.2343094 ], [ 121.0511123, 14.2341281 ], [ 121.0510398, 14.233965 ], [ 121.0510126, 14.2337565 ], [ 121.0508404, 14.2336024 ], [ 121.0506773, 14.2335299 ], [ 121.0504598, 14.2334393 ], [ 121.0502876, 14.2333487 ], [ 121.0501244, 14.233258 ], [ 121.0498525, 14.2330677 ], [ 121.049644, 14.2328955 ], [ 121.0495353, 14.232687 ], [ 121.0495353, 14.2325057 ], [ 121.0494628, 14.2322792 ], [ 121.0492181, 14.2321613 ], [ 121.0489643, 14.2319891 ], [ 121.0487558, 14.231826 ], [ 121.0486108, 14.2317172 ], [ 121.0484839, 14.2315178 ], [ 121.048357, 14.2312822 ], [ 121.0483208, 14.2310103 ], [ 121.0483208, 14.2308471 ], [ 121.0483026, 14.2306477 ], [ 121.0481939, 14.2304936 ], [ 121.048076, 14.2303577 ], [ 121.0479945, 14.2301764 ], [ 121.0479038, 14.2299136 ], [ 121.0478132, 14.2297142 ], [ 121.0476863, 14.2296054 ], [ 121.0475141, 14.2295329 ], [ 121.0472512, 14.2294332 ], [ 121.0471244, 14.2293425 ], [ 121.0469068, 14.2290525 ], [ 121.0467799, 14.2288803 ], [ 121.0467074, 14.228699 ], [ 121.0466259, 14.2285631 ], [ 121.0465533, 14.2284181 ], [ 121.0464627, 14.2282005 ], [ 121.0463811, 14.2280011 ], [ 121.0463721, 14.2277564 ], [ 121.0471211, 14.2274893 ], [ 121.0472226, 14.2274531 ], [ 121.0495382, 14.2240852 ], [ 121.0506498, 14.221443 ], [ 121.0528287, 14.2162638 ], [ 121.0524499, 14.2164743 ], [ 121.0521553, 14.2164883 ], [ 121.0516923, 14.2165163 ], [ 121.0513275, 14.2165865 ], [ 121.0510048, 14.2168951 ], [ 121.0507803, 14.2171336 ], [ 121.0505418, 14.2170635 ], [ 121.0503875, 14.2167268 ], [ 121.0502332, 14.2165304 ], [ 121.0499666, 14.2164181 ], [ 121.0496299, 14.2164743 ], [ 121.0492932, 14.2166286 ], [ 121.0490266, 14.2166426 ], [ 121.0488302, 14.2165163 ], [ 121.0486198, 14.216348 ], [ 121.0483251, 14.2165304 ], [ 121.0481007, 14.2166707 ], [ 121.0478201, 14.2169372 ], [ 121.0475395, 14.2171757 ], [ 121.0473431, 14.2170074 ], [ 121.0471747, 14.2166286 ], [ 121.0470765, 14.2164181 ], [ 121.046824, 14.2160393 ], [ 121.0465714, 14.215871 ], [ 121.046389, 14.2157026 ], [ 121.0457998, 14.2157868 ], [ 121.0452947, 14.2157447 ], [ 121.0448317, 14.2156886 ], [ 121.0446634, 14.2155483 ], [ 121.0447476, 14.2152537 ], [ 121.0449159, 14.2150292 ], [ 121.0450843, 14.2147346 ], [ 121.0450562, 14.2144961 ], [ 121.0447616, 14.2142576 ], [ 121.0443828, 14.213977 ], [ 121.043527, 14.2135841 ], [ 121.0431061, 14.2137665 ], [ 121.0428255, 14.2141313 ], [ 121.0426291, 14.2144119 ], [ 121.0422362, 14.2143417 ], [ 121.0420959, 14.2138787 ], [ 121.0419697, 14.2132755 ], [ 121.0412962, 14.2128686 ], [ 121.0410673, 14.2128167 ], [ 121.0405948, 14.2127143 ], [ 121.0399354, 14.2124056 ], [ 121.0396407, 14.2121531 ], [ 121.0395706, 14.2117603 ], [ 121.0393979, 14.211468 ], [ 121.0393882, 14.2114516 ], [ 121.0388831, 14.2112131 ], [ 121.0383219, 14.2111289 ], [ 121.037901, 14.2109044 ], [ 121.0376345, 14.2105537 ], [ 121.037887, 14.2101609 ], [ 121.0382097, 14.210231 ], [ 121.0384482, 14.2101889 ], [ 121.0386867, 14.2100627 ], [ 121.0388831, 14.2097259 ], [ 121.0389813, 14.2093191 ], [ 121.0387569, 14.2089543 ], [ 121.0386867, 14.2085194 ], [ 121.0387288, 14.2078179 ], [ 121.0384482, 14.2069481 ], [ 121.0380554, 14.2065552 ], [ 121.0370172, 14.2062887 ], [ 121.0353336, 14.2062185 ], [ 121.0335518, 14.2055451 ], [ 121.0326399, 14.2042684 ], [ 121.0322479, 14.2034949 ], [ 121.0317649, 14.2029375 ], [ 121.0324756, 14.2020937 ], [ 121.0317201, 14.2014675 ], [ 121.0313834, 14.2007766 ], [ 121.0315774, 14.1996338 ], [ 121.0311862, 14.1988598 ], [ 121.0308901, 14.1979824 ], [ 121.0298301, 14.1971728 ], [ 121.0300978, 14.1961196 ], [ 121.0304199, 14.1950118 ], [ 121.0302102, 14.1933903 ], [ 121.0294634, 14.1919626 ], [ 121.0280506, 14.1902653 ], [ 121.0273205, 14.1889717 ], [ 121.0262379, 14.1870535 ], [ 121.0240962, 14.1855561 ], [ 121.0193434, 14.1759106 ], [ 121.0163814, 14.1707938 ], [ 121.0136998, 14.1630046 ], [ 121.0152808, 14.1556803 ], [ 121.0224235, 14.1559772 ], [ 121.026365, 14.1574027 ], [ 121.0314593, 14.1536546 ], [ 121.0343586, 14.1532092 ], [ 121.0358664, 14.1517804 ], [ 121.0405958, 14.1525493 ], [ 121.0433502, 14.1539265 ], [ 121.0453839, 14.1549433 ], [ 121.0459874, 14.1549232 ], [ 121.0492707, 14.1545847 ], [ 121.0594692, 14.1535334 ], [ 121.0597595, 14.1534674 ], [ 121.0642316, 14.1537694 ], [ 121.0726788, 14.1545724 ], [ 121.0814514, 14.1554064 ], [ 121.0868607, 14.1558008 ], [ 121.0913265, 14.1559517 ], [ 121.095052, 14.1563002 ], [ 121.1021753, 14.155837 ], [ 121.1023243, 14.1550449 ], [ 121.1023454, 14.1543898 ], [ 121.1055217, 14.1531855 ], [ 121.1093611, 14.1517454 ], [ 121.1104405, 14.1518803 ], [ 121.1127797, 14.150819 ], [ 121.1275433, 14.145392 ], [ 121.127635, 14.1455347 ], [ 121.1276808, 14.1456493 ], [ 121.1276961, 14.1456875 ], [ 121.1277471, 14.1458505 ], [ 121.1278795, 14.1459626 ], [ 121.1279916, 14.146095 ], [ 121.1280731, 14.146258 ], [ 121.1280731, 14.1463905 ], [ 121.1281546, 14.1465637 ], [ 121.1281954, 14.1466656 ], [ 121.1282463, 14.1468082 ], [ 121.1283991, 14.1469712 ], [ 121.1284043, 14.1469876 ], [ 121.1284603, 14.1471648 ], [ 121.1285316, 14.1472361 ], [ 121.1285621, 14.147338 ], [ 121.1287487, 14.1472302 ], [ 121.1289207, 14.1470401 ], [ 121.1290655, 14.1469134 ], [ 121.1290836, 14.1466871 ], [ 121.1291345, 14.1465076 ], [ 121.1292235, 14.1464328 ], [ 121.1293054, 14.1463296 ], [ 121.1294514, 14.1462156 ], [ 121.1296046, 14.1461372 ], [ 121.1296437, 14.1459307 ], [ 121.129658, 14.1456458 ], [ 121.1297292, 14.1453324 ], [ 121.1298539, 14.1451507 ], [ 121.1300141, 14.1450973 ], [ 121.130178, 14.1449157 ], [ 121.130356, 14.144937 ], [ 121.1304771, 14.1448587 ], [ 121.130381, 14.1446949 ], [ 121.1302243, 14.1444373 ], [ 121.1302366, 14.1441914 ], [ 121.1303278, 14.1439697 ], [ 121.1305104, 14.1439176 ], [ 121.1307712, 14.143911 ], [ 121.1308559, 14.1438328 ], [ 121.1307907, 14.1436242 ], [ 121.1307125, 14.143383 ], [ 121.1307306, 14.1428324 ], [ 121.1307669, 14.1427961 ], [ 121.130808, 14.1427719 ], [ 121.1308613, 14.1427864 ], [ 121.1309194, 14.1427961 ], [ 121.1309824, 14.1427985 ], [ 121.1310308, 14.142767 ], [ 121.1310768, 14.1427767 ], [ 121.1311494, 14.142813 ], [ 121.1312076, 14.1428251 ], [ 121.1312681, 14.1427767 ], [ 121.1313141, 14.1427622 ], [ 121.131348, 14.1427791 ], [ 121.1314206, 14.1427549 ], [ 121.1314957, 14.1427234 ], [ 121.1315514, 14.1426992 ], [ 121.1315683, 14.1426556 ], [ 121.1316119, 14.1426629 ], [ 121.1316482, 14.1426629 ], [ 121.1316845, 14.142629 ], [ 121.1317257, 14.1425757 ], [ 121.131733, 14.1425249 ], [ 121.1317354, 14.1424716 ], [ 121.1317378, 14.1424135 ], [ 121.1317983, 14.1423699 ], [ 121.1318419, 14.1423602 ], [ 121.1318758, 14.1423288 ], [ 121.1319218, 14.1423481 ], [ 121.131946, 14.1423142 ], [ 121.1319824, 14.1423045 ], [ 121.1320138, 14.1423263 ], [ 121.132055, 14.142382 ], [ 121.1321373, 14.1424232 ], [ 121.1322342, 14.1424256 ], [ 121.1322778, 14.1423869 ], [ 121.1323577, 14.1423844 ], [ 121.1324545, 14.1423723 ], [ 121.1324666, 14.1423699 ], [ 121.132486, 14.1423409 ], [ 121.1325974, 14.1423409 ], [ 121.1326506, 14.1423167 ], [ 121.1326845, 14.1422997 ], [ 121.1327596, 14.1422585 ], [ 121.132808, 14.1422246 ], [ 121.132854, 14.1422343 ], [ 121.1329097, 14.1422246 ], [ 121.1329872, 14.1422125 ], [ 121.1330429, 14.1421593 ], [ 121.133101, 14.1420939 ], [ 121.1331833, 14.1420382 ], [ 121.1332414, 14.1419995 ], [ 121.1332584, 14.1419486 ], [ 121.1333552, 14.1418493 ], [ 121.1334351, 14.1417259 ], [ 121.1334763, 14.1416726 ], [ 121.1335828, 14.1416823 ], [ 121.1336385, 14.141738 ], [ 121.1336966, 14.1417477 ], [ 121.1337886, 14.1417767 ], [ 121.1338298, 14.1417985 ], [ 121.1338322, 14.1418397 ], [ 121.133854, 14.1418469 ], [ 121.1338927, 14.1418179 ], [ 121.1339339, 14.1418276 ], [ 121.1339508, 14.1418663 ], [ 121.1339436, 14.1419123 ], [ 121.1339678, 14.141922 ], [ 121.134038, 14.141922 ], [ 121.134055, 14.1419559 ], [ 121.1340404, 14.1419922 ], [ 121.1340622, 14.1420043 ], [ 121.13413, 14.1420092 ], [ 121.1341639, 14.1420092 ], [ 121.1342002, 14.1420261 ], [ 121.1342511, 14.1420406 ], [ 121.1342608, 14.1420673 ], [ 121.1343165, 14.1421012 ], [ 121.1343826, 14.1421063 ], [ 121.1344478, 14.142112 ], [ 121.1344881, 14.142112 ], [ 121.1345072, 14.1421485 ], [ 121.1345207, 14.1421811 ], [ 121.1345744, 14.1421811 ], [ 121.1346492, 14.1421811 ], [ 121.1347374, 14.1421696 ], [ 121.1348275, 14.142137 ], [ 121.1349023, 14.142114 ], [ 121.1349916, 14.1420956 ], [ 121.1350603, 14.1420864 ], [ 121.1351611, 14.1420864 ], [ 121.1352665, 14.1421002 ], [ 121.1353459, 14.1421347 ], [ 121.1353819, 14.1421504 ], [ 121.1354528, 14.142183 ], [ 121.1354624, 14.1422156 ], [ 121.1354931, 14.1422252 ], [ 121.1355123, 14.1422386 ], [ 121.135518, 14.1422866 ], [ 121.1355526, 14.1423058 ], [ 121.1355909, 14.1423403 ], [ 121.1355986, 14.1423767 ], [ 121.1356465, 14.1424132 ], [ 121.1356696, 14.1424439 ], [ 121.1356715, 14.1424803 ], [ 121.1357118, 14.1424995 ], [ 121.1357482, 14.1425033 ], [ 121.1358019, 14.1425033 ], [ 121.1358307, 14.1425263 ], [ 121.1358518, 14.1425532 ], [ 121.1359074, 14.1425858 ], [ 121.13594, 14.1425992 ], [ 121.1359323, 14.1426318 ], [ 121.135963, 14.1426721 ], [ 121.1360014, 14.1426932 ], [ 121.136057, 14.1427316 ], [ 121.136103, 14.1427661 ], [ 121.1361049, 14.1428083 ], [ 121.1361203, 14.1428255 ], [ 121.1361529, 14.1428486 ], [ 121.1361798, 14.1428524 ], [ 121.1362124, 14.1428754 ], [ 121.1362258, 14.142908 ], [ 121.1362718, 14.1429579 ], [ 121.1362987, 14.1430193 ], [ 121.1362814, 14.1430826 ], [ 121.1362565, 14.1431631 ], [ 121.1362315, 14.1432609 ], [ 121.1362315, 14.1433434 ], [ 121.1362507, 14.1433952 ], [ 121.1362526, 14.1434508 ], [ 121.1362718, 14.1434815 ], [ 121.1363159, 14.1435064 ], [ 121.1363044, 14.1435371 ], [ 121.1363044, 14.1435697 ], [ 121.136337, 14.1435908 ], [ 121.13636, 14.1436426 ], [ 121.1363716, 14.1436829 ], [ 121.1363754, 14.1437673 ], [ 121.1363524, 14.1438459 ], [ 121.136337, 14.143915 ], [ 121.1363466, 14.1439725 ], [ 121.136385, 14.1440301 ], [ 121.1363869, 14.1440723 ], [ 121.1364272, 14.144124 ], [ 121.1364598, 14.1441528 ], [ 121.1364962, 14.1441662 ], [ 121.1365461, 14.1441854 ], [ 121.1365806, 14.1442219 ], [ 121.1366113, 14.1442679 ], [ 121.1366343, 14.1443197 ], [ 121.1366497, 14.1443542 ], [ 121.1366746, 14.1444271 ], [ 121.1367187, 14.1444501 ], [ 121.1367667, 14.144477 ], [ 121.1367954, 14.1445115 ], [ 121.1368319, 14.1445403 ], [ 121.1368511, 14.1445575 ], [ 121.1369028, 14.1445767 ], [ 121.136945, 14.1445786 ], [ 121.1369968, 14.1445403 ], [ 121.1370429, 14.1445057 ], [ 121.1370755, 14.1444789 ], [ 121.1370985, 14.1444386 ], [ 121.1371292, 14.1443715 ], [ 121.1371714, 14.1443446 ], [ 121.1371982, 14.1442967 ], [ 121.137227, 14.1442928 ], [ 121.1372577, 14.1442947 ], [ 121.1373056, 14.1442909 ], [ 121.1373785, 14.1442794 ], [ 121.1374034, 14.1442468 ], [ 121.1374284, 14.144218 ], [ 121.137461, 14.1442219 ], [ 121.1374687, 14.1442526 ], [ 121.1374725, 14.144289 ], [ 121.137507, 14.1442928 ], [ 121.1375473, 14.1442928 ], [ 121.1375626, 14.1442641 ], [ 121.1376068, 14.1442775 ], [ 121.1376298, 14.1442813 ], [ 121.1376758, 14.1442621 ], [ 121.1377295, 14.1442756 ], [ 121.1377525, 14.1442852 ], [ 121.1377986, 14.1442871 ], [ 121.1378408, 14.1442871 ], [ 121.1378906, 14.1443005 ], [ 121.1379136, 14.1443178 ], [ 121.1379386, 14.1443254 ], [ 121.1379789, 14.1443254 ], [ 121.1379961, 14.1443274 ], [ 121.1380019, 14.1443504 ], [ 121.1380172, 14.1443696 ], [ 121.1380441, 14.1443676 ], [ 121.1380575, 14.1443427 ], [ 121.1380863, 14.1443427 ], [ 121.1381189, 14.1443676 ], [ 121.138163, 14.1443849 ], [ 121.1382186, 14.1444156 ], [ 121.138257, 14.1444367 ], [ 121.1382838, 14.1444559 ], [ 121.1382819, 14.1444789 ], [ 121.1382992, 14.1445057 ], [ 121.1383394, 14.144523 ], [ 121.1383644, 14.1445268 ], [ 121.1383874, 14.1445575 ], [ 121.1384353, 14.1445633 ], [ 121.1384756, 14.1445518 ], [ 121.1385312, 14.1445326 ], [ 121.1385715, 14.1445115 ], [ 121.138608, 14.1444463 ], [ 121.1386214, 14.1443868 ], [ 121.1386329, 14.1443197 ], [ 121.1386406, 14.1442813 ], [ 121.1386329, 14.144241 ], [ 121.1386406, 14.1442046 ], [ 121.1386655, 14.1441662 ], [ 121.1386789, 14.1441471 ], [ 121.1387346, 14.1441375 ], [ 121.1387959, 14.1441605 ], [ 121.1388477, 14.1441797 ], [ 121.1389225, 14.144218 ], [ 121.138959, 14.1442353 ], [ 121.1389992, 14.1442506 ], [ 121.1390343, 14.1442768 ], [ 121.1390556, 14.1442867 ], [ 121.1390868, 14.1442924 ], [ 121.1391238, 14.1443094 ], [ 121.1391777, 14.1443279 ], [ 121.1392274, 14.1443449 ], [ 121.1392544, 14.1443676 ], [ 121.1392544, 14.1443975 ], [ 121.1392672, 14.1444031 ], [ 121.1392856, 14.1444031 ], [ 121.1393084, 14.1443975 ], [ 121.1393353, 14.1443975 ], [ 121.1393637, 14.1444088 ], [ 121.1393865, 14.1444216 ], [ 121.1394276, 14.1444273 ], [ 121.1394546, 14.1444273 ], [ 121.1394802, 14.144423 ], [ 121.1394958, 14.1444344 ], [ 121.1395128, 14.1444486 ], [ 121.1395583, 14.1444585 ], [ 121.1395895, 14.1444457 ], [ 121.1396151, 14.1444443 ], [ 121.1396421, 14.1444429 ], [ 121.1396577, 14.1444571 ], [ 121.1396605, 14.1444756 ], [ 121.1396918, 14.1444713 ], [ 121.1397131, 14.1444486 ], [ 121.1397528, 14.1444401 ], [ 121.1397812, 14.1444429 ], [ 121.1398153, 14.1444457 ], [ 121.1398465, 14.1444415 ], [ 121.1398721, 14.1444386 ], [ 121.1398948, 14.144467 ], [ 121.1399261, 14.1444699 ], [ 121.1399445, 14.1444685 ], [ 121.1399885, 14.1444443 ], [ 121.1400226, 14.1444188 ], [ 121.1400553, 14.1443818 ], [ 121.1400666, 14.1443534 ], [ 121.1400808, 14.1443194 ], [ 121.1401078, 14.144291 ], [ 121.1401291, 14.144281 ], [ 121.1401405, 14.1442469 ], [ 121.1401575, 14.1442001 ], [ 121.1401717, 14.1441546 ], [ 121.1401845, 14.1441206 ], [ 121.1401902, 14.1440339 ], [ 121.1401973, 14.1439885 ], [ 121.1402086, 14.1439431 ], [ 121.1402115, 14.1438962 ], [ 121.1402143, 14.1438408 ], [ 121.1402328, 14.1437812 ], [ 121.1402555, 14.1437258 ], [ 121.1402754, 14.143669 ], [ 121.1402904, 14.1436409 ], [ 121.1403407, 14.1436063 ], [ 121.14038, 14.1435842 ], [ 121.1403989, 14.1435874 ], [ 121.1404288, 14.1435874 ], [ 121.1404398, 14.1436031 ], [ 121.1404571, 14.1436125 ], [ 121.1404712, 14.1436125 ], [ 121.1404901, 14.1435921 ], [ 121.1405106, 14.1436047 ], [ 121.1405231, 14.1436346 ], [ 121.1405625, 14.1436707 ], [ 121.1405719, 14.1437179 ], [ 121.140564, 14.1437604 ], [ 121.1405845, 14.1437919 ], [ 121.1405813, 14.1438548 ], [ 121.1405876, 14.1439098 ], [ 121.1405939, 14.1439712 ], [ 121.1405876, 14.1440105 ], [ 121.1405876, 14.1440372 ], [ 121.1405719, 14.144053 ], [ 121.140553, 14.144053 ], [ 121.140542, 14.1440671 ], [ 121.140542, 14.1440828 ], [ 121.1405515, 14.1441112 ], [ 121.1405688, 14.1441159 ], [ 121.1406065, 14.1441112 ], [ 121.140616, 14.1441174 ], [ 121.1406207, 14.1441678 ], [ 121.1406207, 14.1441772 ], [ 121.1406065, 14.1442071 ], [ 121.1406065, 14.1442213 ], [ 121.140616, 14.1442338 ], [ 121.1406333, 14.1442732 ], [ 121.1406631, 14.1442999 ], [ 121.1406647, 14.1443156 ], [ 121.1406946, 14.1443329 ], [ 121.1407245, 14.1443329 ], [ 121.1407528, 14.1443329 ], [ 121.1407953, 14.1443172 ], [ 121.1408377, 14.1442795 ], [ 121.1408865, 14.1442024 ], [ 121.1409446, 14.1441154 ], [ 121.1409782, 14.1440119 ], [ 121.1409949, 14.1439643 ], [ 121.1410565, 14.1438413 ], [ 121.141146, 14.1437629 ], [ 121.141188, 14.1437378 ], [ 121.1412383, 14.1437517 ], [ 121.1413446, 14.1438161 ], [ 121.1413838, 14.1438692 ], [ 121.1414369, 14.1439056 ], [ 121.1414901, 14.1439084 ], [ 121.1415012, 14.1439923 ], [ 121.1415068, 14.1440678 ], [ 121.1415488, 14.1440818 ], [ 121.141588, 14.1441518 ], [ 121.1415991, 14.1442077 ], [ 121.1416635, 14.1442776 ], [ 121.1417082, 14.1443112 ], [ 121.141795, 14.1443392 ], [ 121.1418901, 14.144314 ], [ 121.1420215, 14.1442469 ], [ 121.1420943, 14.144135 ], [ 121.142139, 14.1440594 ], [ 121.1422313, 14.1439979 ], [ 121.1423236, 14.1439895 ], [ 121.1424691, 14.1439196 ], [ 121.1425838, 14.1438133 ], [ 121.1426565, 14.1437322 ], [ 121.1427152, 14.1436594 ], [ 121.1428131, 14.1436482 ], [ 121.1428831, 14.1436762 ], [ 121.1429614, 14.1437378 ], [ 121.1430145, 14.1437573 ], [ 121.143146, 14.1437573 ], [ 121.143202, 14.1437378 ], [ 121.1433866, 14.1436958 ], [ 121.1434761, 14.1436594 ], [ 121.1435488, 14.1436231 ], [ 121.1436691, 14.1435979 ], [ 121.1437978, 14.1435615 ], [ 121.1438621, 14.1435448 ], [ 121.1439348, 14.1435643 ], [ 121.143988, 14.143542 ], [ 121.1440551, 14.1434972 ], [ 121.1441334, 14.1435112 ], [ 121.1441614, 14.1434608 ], [ 121.1442565, 14.1434496 ], [ 121.1444076, 14.1434413 ], [ 121.1445111, 14.143472 ], [ 121.1446481, 14.1434832 ], [ 121.1447237, 14.1434804 ], [ 121.1447684, 14.1434664 ], [ 121.144788, 14.143514 ], [ 121.1448327, 14.1435252 ], [ 121.1449111, 14.1435224 ], [ 121.1450481, 14.1435252 ], [ 121.1451376, 14.1435308 ], [ 121.1452663, 14.1434916 ], [ 121.1453251, 14.1434468 ], [ 121.1454258, 14.1434217 ], [ 121.1455041, 14.1434133 ], [ 121.1455908, 14.1435 ], [ 121.1456635, 14.1435364 ], [ 121.1457139, 14.1435615 ], [ 121.1457754, 14.1435587 ], [ 121.1458286, 14.1435671 ], [ 121.1458873, 14.1436007 ], [ 121.1459516, 14.1435895 ], [ 121.1459908, 14.1435559 ], [ 121.1460719, 14.1435084 ], [ 121.1461223, 14.1434524 ], [ 121.1461698, 14.1433965 ], [ 121.146237, 14.1433545 ], [ 121.1463041, 14.1433545 ], [ 121.1463544, 14.1433406 ], [ 121.1463768, 14.1433154 ], [ 121.1464384, 14.1432287 ], [ 121.1465698, 14.1431196 ], [ 121.1466537, 14.1430916 ], [ 121.1467125, 14.1430301 ], [ 121.146788, 14.1429965 ], [ 121.1468691, 14.1429601 ], [ 121.1469195, 14.1429266 ], [ 121.1470398, 14.1428762 ], [ 121.1471349, 14.1428119 ], [ 121.1472356, 14.1427867 ], [ 121.1473083, 14.1428007 ], [ 121.1473558, 14.1428203 ], [ 121.147409, 14.1428203 ], [ 121.1475684, 14.1427923 ], [ 121.1475908, 14.1427727 ], [ 121.147644, 14.1427252 ], [ 121.1477251, 14.1427056 ], [ 121.1478398, 14.1426692 ], [ 121.1478677, 14.1426804 ], [ 121.1478817, 14.1427419 ], [ 121.1479209, 14.1427587 ], [ 121.1480132, 14.1427615 ], [ 121.1480775, 14.1427028 ], [ 121.1482202, 14.1426161 ], [ 121.1483237, 14.1425825 ], [ 121.148402, 14.1425825 ], [ 121.1484384, 14.1425545 ], [ 121.1485083, 14.1425322 ], [ 121.148567, 14.1425322 ], [ 121.148637, 14.1425322 ], [ 121.1486705, 14.1425573 ], [ 121.1487684, 14.1425545 ], [ 121.1487908, 14.1425545 ], [ 121.1488328, 14.1425573 ], [ 121.1488418, 14.1425518 ], [ 121.1489055, 14.1425126 ], [ 121.1489587, 14.1425266 ], [ 121.149023, 14.1425741 ], [ 121.1490551, 14.1426154 ], [ 121.1490622, 14.1426245 ], [ 121.1491125, 14.1426664 ], [ 121.1491657, 14.1427252 ], [ 121.1491908, 14.1427643 ], [ 121.149244, 14.1427783 ], [ 121.1493195, 14.1427783 ], [ 121.1493699, 14.1427699 ], [ 121.149465, 14.1427587 ], [ 121.1495405, 14.1427603 ], [ 121.1495992, 14.1427615 ], [ 121.149851, 14.1427615 ], [ 121.1498901, 14.1427391 ], [ 121.1499629, 14.1427391 ], [ 121.1500104, 14.1427503 ], [ 121.1500943, 14.1427643 ], [ 121.1502034, 14.1427308 ], [ 121.150279, 14.1426636 ], [ 121.1503936, 14.1426105 ], [ 121.1505279, 14.1425433 ], [ 121.1506706, 14.1425405 ], [ 121.1507573, 14.1425433 ], [ 121.1508132, 14.1425433 ], [ 121.1508971, 14.1425741 ], [ 121.1509755, 14.1425993 ], [ 121.1509978, 14.1426357 ], [ 121.1510957, 14.1426329 ], [ 121.1511741, 14.1426217 ], [ 121.1512356, 14.1426021 ], [ 121.1512971, 14.1425657 ], [ 121.1513727, 14.1424986 ], [ 121.1514258, 14.1424538 ], [ 121.151479, 14.1424119 ], [ 121.1515573, 14.1423979 ], [ 121.1516496, 14.1423559 ], [ 121.1517447, 14.1423112 ], [ 121.151851, 14.1422608 ], [ 121.1519237, 14.1422552 ], [ 121.1519881, 14.1422301 ], [ 121.1520524, 14.1422133 ], [ 121.1521615, 14.1421377 ], [ 121.1522062, 14.1421377 ], [ 121.1522678, 14.1421377 ], [ 121.1523209, 14.1421881 ], [ 121.1523657, 14.1421909 ], [ 121.152458, 14.1421993 ], [ 121.1525, 14.1421769 ], [ 121.1525895, 14.1421657 ], [ 121.152623, 14.1421545 ], [ 121.1526818, 14.1422189 ], [ 121.1526849, 14.1422888 ], [ 121.1527221, 14.1423341 ], [ 121.152802, 14.1423793 ], [ 121.1528872, 14.1424166 ], [ 121.1529777, 14.1424273 ], [ 121.152991, 14.1424858 ], [ 121.1529963, 14.1425178 ], [ 121.1530709, 14.1425151 ], [ 121.1531561, 14.1424911 ], [ 121.1531827, 14.1424911 ], [ 121.1532759, 14.1425098 ], [ 121.1533451, 14.1425284 ], [ 121.1534276, 14.1425524 ], [ 121.1534915, 14.1425045 ], [ 121.1535687, 14.1424938 ], [ 121.1536139, 14.1424725 ], [ 121.1537683, 14.1424086 ], [ 121.1538695, 14.142406 ], [ 121.1539414, 14.1424246 ], [ 121.1539653, 14.1424645 ], [ 121.1541091, 14.1424672 ], [ 121.154157, 14.1424698 ], [ 121.1541863, 14.1424991 ], [ 121.1543221, 14.1424645 ], [ 121.154378, 14.1424645 ], [ 121.1544499, 14.1425098 ], [ 121.1545084, 14.1425657 ], [ 121.1545404, 14.1426136 ], [ 121.1545776, 14.1426615 ], [ 121.1546389, 14.1426828 ], [ 121.1547054, 14.1426455 ], [ 121.1547533, 14.1426402 ], [ 121.1548438, 14.1426242 ], [ 121.154929, 14.1426163 ], [ 121.1549716, 14.1425737 ], [ 121.1549903, 14.142571 ], [ 121.1550994, 14.1425204 ], [ 121.1551553, 14.1424565 ], [ 121.1552352, 14.1423634 ], [ 121.1553017, 14.1422941 ], [ 121.1554375, 14.1422622 ], [ 121.1555387, 14.1422569 ], [ 121.1555786, 14.1422569 ], [ 121.1555999, 14.1422516 ], [ 121.1556132, 14.142209 ], [ 121.1556052, 14.1421743 ], [ 121.1555999, 14.1421184 ], [ 121.1556026, 14.1420412 ], [ 121.1556531, 14.1420146 ], [ 121.1556824, 14.1420013 ], [ 121.1557942, 14.1419214 ], [ 121.1558342, 14.1418416 ], [ 121.1558714, 14.1417244 ], [ 121.155938, 14.1415381 ], [ 121.1560205, 14.1414103 ], [ 121.1560897, 14.1413198 ], [ 121.1561989, 14.1412666 ], [ 121.1563586, 14.1412586 ], [ 121.1565636, 14.141216 ], [ 121.1566594, 14.141208 ], [ 121.1567659, 14.1412027 ], [ 121.1568218, 14.1411734 ], [ 121.1568112, 14.1411175 ], [ 121.1568351, 14.1410429 ], [ 121.156875, 14.1410083 ], [ 121.1569043, 14.1410004 ], [ 121.156923, 14.1409604 ], [ 121.1569416, 14.1409418 ], [ 121.1570321, 14.1409524 ], [ 121.1570614, 14.1409844 ], [ 121.1571945, 14.1409791 ], [ 121.157285, 14.1410004 ], [ 121.1573462, 14.1410004 ], [ 121.1573968, 14.140987 ], [ 121.1574687, 14.1409711 ], [ 121.1575379, 14.1409711 ], [ 121.1575619, 14.1409711 ], [ 121.1576258, 14.1409684 ], [ 121.1577189, 14.1409844 ], [ 121.1577402, 14.141011 ], [ 121.1577802, 14.1410296 ], [ 121.1578228, 14.1410696 ], [ 121.1578707, 14.1411201 ], [ 121.157876, 14.1411521 ], [ 121.1579026, 14.141184 ], [ 121.1579878, 14.1412053 ], [ 121.1580065, 14.1411867 ], [ 121.1580411, 14.1412213 ], [ 121.1581236, 14.1411867 ], [ 121.1581662, 14.1411574 ], [ 121.1581822, 14.1410669 ], [ 121.1581901, 14.140995 ], [ 121.1582301, 14.1409551 ], [ 121.1582168, 14.1409072 ], [ 121.1581582, 14.1408726 ], [ 121.1581529, 14.1408273 ], [ 121.1582194, 14.1408193 ], [ 121.1582807, 14.140814 ], [ 121.1583206, 14.1407687 ], [ 121.1584004, 14.1407741 ], [ 121.1584599, 14.1407796 ], [ 121.1585005, 14.1407963 ], [ 121.1585597, 14.1408092 ], [ 121.1586096, 14.1408092 ], [ 121.1586595, 14.1407963 ], [ 121.1587075, 14.1407279 ], [ 121.1587537, 14.140715 ], [ 121.1588018, 14.140715 ], [ 121.1588831, 14.1407242 ], [ 121.1589367, 14.1407187 ], [ 121.1589589, 14.1406651 ], [ 121.1589607, 14.1406041 ], [ 121.1589977, 14.1405856 ], [ 121.1591566, 14.1406244 ], [ 121.1592176, 14.1406651 ], [ 121.1592657, 14.1407094 ], [ 121.1593119, 14.1407168 ], [ 121.1593322, 14.1407482 ], [ 121.1593673, 14.140776 ], [ 121.1594671, 14.1407686 ], [ 121.1595706, 14.140763 ], [ 121.159578, 14.1407852 ], [ 121.1596593, 14.140763 ], [ 121.1597055, 14.1407371 ], [ 121.1597184, 14.1407131 ], [ 121.1597554, 14.1406799 ], [ 121.1597942, 14.140654 ], [ 121.1598293, 14.1406281 ], [ 121.159894, 14.1406614 ], [ 121.1599679, 14.1407057 ], [ 121.1601139, 14.1407686 ], [ 121.1601213, 14.140776 ], [ 121.1601564, 14.1407852 ], [ 121.1601879, 14.1407815 ], [ 121.1602193, 14.1408018 ], [ 121.1602341, 14.1408185 ], [ 121.1602821, 14.1408074 ], [ 121.1602766, 14.1407575 ], [ 121.1602821, 14.1407187 ], [ 121.1603394, 14.1407224 ], [ 121.1604429, 14.1406725 ], [ 121.1604928, 14.1406983 ], [ 121.160502, 14.1407242 ], [ 121.1605815, 14.1407575 ], [ 121.1606573, 14.1407686 ], [ 121.1606961, 14.1408092 ], [ 121.160709, 14.1408702 ], [ 121.1607312, 14.1409478 ], [ 121.1607534, 14.1410144 ], [ 121.1607645, 14.141068 ], [ 121.1607996, 14.1411234 ], [ 121.1608439, 14.1411474 ], [ 121.160879, 14.1411788 ], [ 121.1609493, 14.141177 ], [ 121.1609714, 14.1411419 ], [ 121.1610103, 14.1410772 ], [ 121.1610398, 14.1410365 ], [ 121.1611027, 14.1410402 ], [ 121.1611599, 14.1410402 ], [ 121.1614039, 14.1410994 ], [ 121.1614575, 14.1411289 ], [ 121.1614981, 14.1411604 ], [ 121.1615166, 14.141201 ], [ 121.1615259, 14.1412232 ], [ 121.1615998, 14.1412602 ], [ 121.1617144, 14.1412675 ], [ 121.1617901, 14.1412712 ], [ 121.1618604, 14.141286 ], [ 121.1618604, 14.141286 ], [ 121.1619306, 14.1412916 ], [ 121.1620674, 14.1413027 ], [ 121.1620914, 14.1413248 ], [ 121.1621431, 14.1413248 ], [ 121.1621727, 14.1413101 ], [ 121.1623225, 14.1412828 ], [ 121.1648078, 14.1393125 ], [ 121.1651871, 14.1390117 ], [ 121.1713094, 14.1395343 ], [ 121.1744251, 14.1365878 ], [ 121.1761361, 14.1365868 ], [ 121.1805321, 14.1371888 ], [ 121.1867451, 14.1357108 ], [ 121.1944085, 14.1310709 ], [ 121.1974503, 14.1258574 ], [ 121.198428, 14.1241817 ], [ 121.200371, 14.1207157 ], [ 121.2012163, 14.1188843 ], [ 121.202008, 14.1171689 ], [ 121.2033419, 14.1147021 ], [ 121.2041559, 14.1126652 ], [ 121.2055639, 14.1096124 ], [ 121.2063999, 14.1046767 ], [ 121.2069099, 14.1017645 ], [ 121.2073969, 14.0989841 ], [ 121.2078276, 14.0964417 ], [ 121.2080848, 14.0949233 ], [ 121.2088398, 14.0913526 ], [ 121.2091802, 14.0900179 ], [ 121.2099538, 14.0869848 ], [ 121.2099407, 14.0790893 ], [ 121.2102847, 14.0773104 ], [ 121.2105207, 14.0757555 ], [ 121.2108107, 14.0735367 ], [ 121.2107387, 14.0715044 ], [ 121.2106343, 14.0685624 ], [ 121.2104895, 14.0644819 ], [ 121.2104864, 14.064377 ], [ 121.2113011, 14.0619669 ], [ 121.2126139, 14.0580824 ], [ 121.2135806, 14.0549999 ], [ 121.2137256, 14.052289 ], [ 121.2136415, 14.0500742 ], [ 121.2135955, 14.0469634 ], [ 121.2134122, 14.0409609 ], [ 121.2133745, 14.0397249 ], [ 121.2143735, 14.0350911 ], [ 121.2156704, 14.0313374 ], [ 121.2161924, 14.0266147 ], [ 121.2173284, 14.0244118 ], [ 121.2188614, 14.021175 ], [ 121.2206403, 14.0181292 ], [ 121.2226173, 14.0148584 ], [ 121.2229471, 14.0142803 ], [ 121.2240943, 14.0122696 ], [ 121.2258583, 14.0077068 ], [ 121.2289682, 14.0029031 ], [ 121.2318902, 13.9997223 ], [ 121.2348082, 13.9960625 ], [ 121.2368532, 13.9928237 ], [ 121.2383272, 13.9913598 ], [ 121.2392671, 13.9905093 ], [ 121.2425031, 13.987581 ], [ 121.2458068, 13.9858192 ], [ 121.2480966, 13.9843881 ], [ 121.248669, 13.9815975 ], [ 121.2479535, 13.9770895 ], [ 121.2475241, 13.9725815 ], [ 121.2476672, 13.9710789 ], [ 121.2464737, 13.9634909 ], [ 121.2491741, 13.9644266 ], [ 121.2499961, 13.9645099 ], [ 121.2516547, 13.9646731 ], [ 121.253473, 13.96502 ], [ 121.2550611, 13.9650334 ], [ 121.2555744, 13.9651312 ], [ 121.2561692, 13.9652127 ], [ 121.2565277, 13.9652697 ], [ 121.2570664, 13.9654166 ], [ 121.257155, 13.9654408 ], [ 121.2576618, 13.965576 ], [ 121.257662, 13.965576 ], [ 121.2578883, 13.9656364 ], [ 121.2584912, 13.9659949 ], [ 121.2592897, 13.9665978 ], [ 121.2595993, 13.9668911 ], [ 121.25986, 13.967217 ], [ 121.2601207, 13.9674044 ], [ 121.2605037, 13.9677058 ], [ 121.260854, 13.9678443 ], [ 121.261628, 13.9682354 ], [ 121.2621006, 13.9682843 ], [ 121.2630376, 13.9681051 ], [ 121.2635509, 13.9680399 ], [ 121.2640071, 13.967934 ], [ 121.2643738, 13.9677792 ], [ 121.265213, 13.9672822 ], [ 121.265987, 13.9669644 ], [ 121.2663292, 13.9668259 ], [ 121.2667854, 13.9666467 ], [ 121.2673232, 13.966557 ], [ 121.2680565, 13.9665326 ], [ 121.2683824, 13.9665163 ], [ 121.2687327, 13.9665244 ], [ 121.2691319, 13.9667852 ], [ 121.2694823, 13.9671844 ], [ 121.2696452, 13.9674859 ], [ 121.269906, 13.9679503 ], [ 121.2700608, 13.968154 ], [ 121.2701097, 13.9683902 ], [ 121.2702237, 13.9686673 ], [ 121.2703704, 13.968928 ], [ 121.2706392, 13.969205 ], [ 121.2708674, 13.9692865 ], [ 121.2711525, 13.9695879 ], [ 121.2712177, 13.9697916 ], [ 121.2713236, 13.9699464 ], [ 121.2715681, 13.970142 ], [ 121.271894, 13.9703864 ], [ 121.2722606, 13.9703864 ], [ 121.2724236, 13.9703049 ], [ 121.2725947, 13.9702397 ], [ 121.2727332, 13.9703538 ], [ 121.2728472, 13.9704434 ], [ 121.2730509, 13.9705005 ], [ 121.2734257, 13.970476 ], [ 121.2737679, 13.9704679 ], [ 121.2739309, 13.9705901 ], [ 121.2741101, 13.9708182 ], [ 121.2741997, 13.9711197 ], [ 121.2743301, 13.9713559 ], [ 121.2744604, 13.9716004 ], [ 121.2746071, 13.97169 ], [ 121.2749493, 13.9718448 ], [ 121.2751285, 13.9720322 ], [ 121.2752762, 13.9722206 ], [ 121.2754229, 13.9725506 ], [ 121.2757529, 13.9728439 ], [ 121.2761562, 13.9730822 ], [ 121.2765411, 13.9733205 ], [ 121.2768344, 13.9734672 ], [ 121.2771828, 13.9735222 ], [ 121.2775127, 13.9736688 ], [ 121.2779894, 13.9739072 ], [ 121.2784293, 13.9741271 ], [ 121.2788876, 13.9740538 ], [ 121.2798409, 13.9741638 ], [ 121.2801159, 13.9742188 ], [ 121.2807392, 13.9740538 ], [ 121.2811425, 13.9739072 ], [ 121.2816558, 13.9737605 ], [ 121.2821331, 13.9737653 ], [ 121.2826562, 13.9740549 ], [ 121.2829645, 13.9740829 ], [ 121.2832167, 13.9740175 ], [ 121.2834222, 13.9738774 ], [ 121.2835997, 13.9737186 ], [ 121.2839733, 13.9735878 ], [ 121.2844217, 13.9735878 ], [ 121.2846459, 13.9736252 ], [ 121.2850008, 13.9738307 ], [ 121.2851596, 13.9740455 ], [ 121.2853651, 13.9742791 ], [ 121.2855613, 13.9745406 ], [ 121.2857014, 13.9746807 ], [ 121.2860003, 13.9748956 ], [ 121.2862992, 13.9749983 ], [ 121.2864674, 13.975017 ], [ 121.2865514, 13.9749703 ], [ 121.2865981, 13.9748769 ], [ 121.2866262, 13.9747835 ], [ 121.2865234, 13.974606 ], [ 121.2864674, 13.9745686 ], [ 121.286402, 13.9744285 ], [ 121.2864207, 13.9742604 ], [ 121.2865234, 13.9741296 ], [ 121.2867102, 13.9740362 ], [ 121.2869438, 13.9739895 ], [ 121.2871399, 13.9740082 ], [ 121.2873735, 13.9740829 ], [ 121.287579, 13.9742043 ], [ 121.2877097, 13.9742324 ], [ 121.2879713, 13.9742043 ], [ 121.2882515, 13.9740549 ], [ 121.288373, 13.9739241 ], [ 121.2885037, 13.9738494 ], [ 121.2887092, 13.9737653 ], [ 121.2889521, 13.9736999 ], [ 121.289195, 13.9736345 ], [ 121.2893351, 13.9735411 ], [ 121.2894752, 13.973373 ], [ 121.2897554, 13.9730927 ], [ 121.2901104, 13.9729339 ], [ 121.2903439, 13.9729059 ], [ 121.2906055, 13.9729153 ], [ 121.2908577, 13.9729246 ], [ 121.2909698, 13.9729153 ], [ 121.2911473, 13.9728779 ], [ 121.2913995, 13.9727191 ], [ 121.2916143, 13.9725603 ], [ 121.2917731, 13.9724202 ], [ 121.2920066, 13.9723548 ], [ 121.2925204, 13.9722801 ], [ 121.2928193, 13.9722801 ], [ 121.2932116, 13.9722987 ], [ 121.2936133, 13.9722614 ], [ 121.2938749, 13.9722053 ], [ 121.2941831, 13.9721773 ], [ 121.294398, 13.9721867 ], [ 121.2946128, 13.972196 ], [ 121.294809, 13.972224 ], [ 121.2950985, 13.972168 ], [ 121.2954348, 13.9720185 ], [ 121.2957524, 13.971841 ], [ 121.2959579, 13.9718037 ], [ 121.2962849, 13.9719064 ], [ 121.296509, 13.9718877 ], [ 121.2966678, 13.9718037 ], [ 121.2968173, 13.9716449 ], [ 121.2970041, 13.9714954 ], [ 121.2971349, 13.9712992 ], [ 121.298823, 13.9699329 ], [ 121.299265, 13.9705198 ], [ 121.2997, 13.9715297 ], [ 121.299716, 13.9723657 ], [ 121.300807, 13.9730116 ], [ 121.301356, 13.9727277 ], [ 121.305094, 13.9751595 ], [ 121.306399, 13.9769634 ], [ 121.307162, 13.9770124 ], [ 121.3095972, 13.9788935 ], [ 121.3100991, 13.9792812 ], [ 121.3118551, 13.9815 ], [ 121.3139677, 13.9822475 ], [ 121.3180061, 13.9836659 ], [ 121.320129, 13.9833498 ], [ 121.320794, 13.9826372 ], [ 121.322308, 13.9829623 ], [ 121.3228366, 13.9831598 ], [ 121.3230503, 13.9836585 ], [ 121.3231762, 13.9839212 ], [ 121.3234215, 13.9840278 ], [ 121.3235068, 13.9842091 ], [ 121.3238054, 13.9842518 ], [ 121.3239867, 13.9843478 ], [ 121.3242747, 13.9843904 ], [ 121.3245733, 13.9844224 ], [ 121.3247226, 13.9845717 ], [ 121.3249573, 13.9847637 ], [ 121.3250639, 13.9849983 ], [ 121.3253625, 13.9852436 ], [ 121.3256078, 13.9854249 ], [ 121.3258638, 13.9854356 ], [ 121.3261731, 13.9855316 ], [ 121.3263757, 13.9854889 ], [ 121.326653, 13.9853503 ], [ 121.3268343, 13.9851796 ], [ 121.327005, 13.985169 ], [ 121.3271863, 13.9851796 ], [ 121.3271882, 13.9851806 ], [ 121.3275702, 13.985361 ], [ 121.3280928, 13.9855636 ], [ 121.3285408, 13.9855743 ], [ 121.3290527, 13.9856489 ], [ 121.3293513, 13.9858089 ], [ 121.3304496, 13.9890676 ], [ 121.3315924, 13.9911898 ], [ 121.331639, 13.9916562 ], [ 121.3323041, 13.991964 ], [ 121.3327603, 13.9925348 ], [ 121.3331035, 13.9926492 ], [ 121.3334695, 13.9928093 ], [ 121.3337669, 13.9929695 ], [ 121.3338813, 13.9933126 ], [ 121.3340414, 13.9937702 ], [ 121.3342473, 13.9941133 ], [ 121.3343159, 13.9944336 ], [ 121.3347964, 13.9945022 ], [ 121.335231, 13.9948911 ], [ 121.3356886, 13.995463 ], [ 121.3362605, 13.9956689 ], [ 121.3363291, 13.9959892 ], [ 121.3363977, 13.9963324 ], [ 121.3366723, 13.9967213 ], [ 121.336718, 13.997133 ], [ 121.3368095, 13.9974762 ], [ 121.3371755, 13.9976592 ], [ 121.3373814, 13.9979795 ], [ 121.3379076, 13.9979795 ], [ 121.3383423, 13.9980939 ], [ 121.338571, 13.9984141 ], [ 121.3387769, 13.9988946 ], [ 121.3390514, 13.9991462 ], [ 121.3394861, 13.9993521 ], [ 121.3397377, 13.9998783 ], [ 121.3398979, 14.0004502 ], [ 121.3397377, 14.0009306 ], [ 121.3396462, 14.0011822 ], [ 121.3395776, 14.0016169 ], [ 121.3396005, 14.0022574 ], [ 121.3393717, 14.0026006 ], [ 121.3392802, 14.0028065 ], [ 121.3390963, 14.0030201 ], [ 121.3392167, 14.0031555 ], [ 121.3395102, 14.0031781 ], [ 121.339909, 14.0032609 ], [ 121.3401648, 14.0035468 ], [ 121.340383, 14.0037123 ], [ 121.340669, 14.0039381 ], [ 121.3409399, 14.0040058 ], [ 121.3412559, 14.0040961 ], [ 121.3414817, 14.0044046 ], [ 121.3418127, 14.0046906 ], [ 121.3421965, 14.0047959 ], [ 121.3425351, 14.004811 ], [ 121.3427533, 14.0048712 ], [ 121.3430995, 14.0049615 ], [ 121.3434381, 14.0052022 ], [ 121.3435434, 14.0053226 ], [ 121.3438369, 14.005428 ], [ 121.3440777, 14.0055183 ], [ 121.3443034, 14.0056236 ], [ 121.344469, 14.0057591 ], [ 121.3447775, 14.0057741 ], [ 121.3450634, 14.0057892 ], [ 121.3453719, 14.0058569 ], [ 121.3456579, 14.0058644 ], [ 121.3460793, 14.005887 ], [ 121.34629, 14.0060525 ], [ 121.3465533, 14.0062933 ], [ 121.346749, 14.0065567 ], [ 121.3468769, 14.0067824 ], [ 121.3470951, 14.0070007 ], [ 121.3474262, 14.0071888 ], [ 121.3475632, 14.0080701 ], [ 121.3477899, 14.0086513 ], [ 121.3478662, 14.0088471 ], [ 121.3496212, 14.010038 ], [ 121.3503732, 14.0110759 ], [ 121.3508092, 14.0120488 ], [ 121.3520762, 14.0124978 ], [ 121.3525502, 14.0129098 ], [ 121.3530972, 14.0130478 ], [ 121.3542212, 14.0132197 ], [ 121.3593707, 14.017211 ], [ 121.3648753, 14.0187273 ], [ 121.3661439, 14.0194025 ], [ 121.3693223, 14.0210941 ], [ 121.3707523, 14.0220631 ], [ 121.3713353, 14.022642 ], [ 121.3746413, 14.0237139 ], [ 121.3761105, 14.0231186 ], [ 121.3778261, 14.0234777 ], [ 121.38026, 14.024156 ], [ 121.3807233, 14.0245716 ], [ 121.3845293, 14.0279863 ], [ 121.3868833, 14.0287045 ], [ 121.3899157, 14.0304202 ], [ 121.3903403, 14.0317863 ], [ 121.3915613, 14.0324683 ], [ 121.3927486, 14.0336919 ], [ 121.3939455, 14.0339313 ], [ 121.396938, 14.0340909 ], [ 121.3987734, 14.0343303 ], [ 121.3990615, 14.0344094 ], [ 121.4008082, 14.0348889 ], [ 121.4021249, 14.0354475 ], [ 121.4029628, 14.0364051 ], [ 121.4038774, 14.0363869 ], [ 121.4047004, 14.0367559 ], [ 121.4051074, 14.0366517 ], [ 121.4051071, 14.036645 ], [ 121.4050724, 14.035882 ], [ 121.4059304, 14.035904 ], [ 121.4063784, 14.035974 ], [ 121.4069514, 14.0365759 ], [ 121.4072304, 14.0367579 ], [ 121.4075854, 14.0371379 ], [ 121.4078484, 14.0369959 ], [ 121.4090534, 14.0380558 ], [ 121.4093704, 14.0380458 ], [ 121.4100474, 14.0388528 ], [ 121.4112414, 14.0393547 ], [ 121.4122814, 14.0392677 ], [ 121.4126284, 14.0396377 ], [ 121.4137584, 14.0410806 ], [ 121.4144374, 14.0414626 ], [ 121.4149624, 14.0419575 ], [ 121.4154644, 14.0420415 ], [ 121.4158714, 14.0424155 ], [ 121.4167544, 14.0431794 ], [ 121.4170694, 14.0432484 ], [ 121.4177774, 14.0434184 ], [ 121.4203744, 14.0448503 ], [ 121.4207934, 14.0457832 ], [ 121.4213784, 14.0457182 ], [ 121.4232354, 14.0469712 ], [ 121.4235994, 14.0477721 ], [ 121.4244354, 14.0479091 ], [ 121.4247164, 14.0476221 ], [ 121.4249554, 14.048907 ], [ 121.4245544, 14.049507 ], [ 121.4251374, 14.0501709 ], [ 121.4267494, 14.0520488 ], [ 121.4262685, 14.0543227 ], [ 121.4309035, 14.063428 ], [ 121.4351135, 14.06393 ], [ 121.4392425, 14.062935 ], [ 121.4404195, 14.062633 ], [ 121.4419455, 14.0620471 ], [ 121.4485995, 14.0647069 ], [ 121.4586085, 14.0649978 ], [ 121.4647535, 14.0647108 ], [ 121.4718015, 14.0642747 ], [ 121.4785945, 14.0647927 ], [ 121.4795279, 14.0655683 ], [ 121.4805008, 14.0662221 ], [ 121.4813151, 14.0670532 ], [ 121.4821095, 14.0675898 ], [ 121.4831753, 14.0686617 ], [ 121.4842688, 14.0685861 ], [ 121.4855124, 14.0687509 ], [ 121.4873778, 14.0685622 ], [ 121.486525, 14.069685 ], [ 121.4862275, 14.0703823 ], [ 121.4920885, 14.073258 ], [ 121.4954656, 14.0780187 ], [ 121.4987536, 14.0822284 ], [ 121.5001746, 14.0837583 ], [ 121.5049936, 14.0906668 ], [ 121.5078017, 14.0954985 ], [ 121.5089017, 14.0997222 ], [ 121.5115965, 14.1014033 ], [ 121.5130672, 14.1038544 ], [ 121.5151517, 14.1094986 ], [ 121.5161319, 14.1147918 ], [ 121.5161915, 14.1150959 ], [ 121.5161187, 14.1151363 ], [ 121.5158759, 14.1152577 ], [ 121.515795, 14.1154276 ], [ 121.5159326, 14.1154519 ], [ 121.5159326, 14.1156056 ], [ 121.5159245, 14.1157512 ], [ 121.5159649, 14.116002 ], [ 121.5160701, 14.1161962 ], [ 121.5161267, 14.1163904 ], [ 121.5161348, 14.1164875 ], [ 121.5161429, 14.1167545 ], [ 121.5161672, 14.1169567 ], [ 121.5162157, 14.117159 ], [ 121.516151, 14.1173046 ], [ 121.5160407, 14.1174232 ], [ 121.5161393, 14.1178177 ], [ 121.5163858, 14.1181135 ], [ 121.5164105, 14.1183601 ], [ 121.5164105, 14.1187053 ], [ 121.5163735, 14.1192231 ], [ 121.5163735, 14.1196546 ], [ 121.5164475, 14.1199628 ], [ 121.5165954, 14.1203326 ], [ 121.516768, 14.1206655 ], [ 121.5168543, 14.1210107 ], [ 121.5168543, 14.1213189 ], [ 121.5169899, 14.1214668 ], [ 121.5171502, 14.1215901 ], [ 121.5171872, 14.121886 ], [ 121.5172858, 14.1224901 ], [ 121.5174214, 14.1231065 ], [ 121.517594, 14.1236366 ], [ 121.5171749, 14.1237845 ], [ 121.5169776, 14.1238215 ], [ 121.5168667, 14.1239325 ], [ 121.5170023, 14.1240558 ], [ 121.5172612, 14.1241297 ], [ 121.5173968, 14.1242284 ], [ 121.5174214, 14.1244133 ], [ 121.5172242, 14.1247338 ], [ 121.5172118, 14.1249434 ], [ 121.5174338, 14.1252516 ], [ 121.5177173, 14.1253872 ], [ 121.5177666, 14.1257447 ], [ 121.517631, 14.125979 ], [ 121.5174954, 14.1260406 ], [ 121.5172365, 14.1264228 ], [ 121.5172365, 14.1267187 ], [ 121.5173228, 14.1268543 ], [ 121.5176063, 14.1271255 ], [ 121.5173721, 14.1274707 ], [ 121.5168913, 14.1279022 ], [ 121.5165831, 14.1280008 ], [ 121.5162256, 14.1280501 ], [ 121.5158681, 14.128346 ], [ 121.5158311, 14.1288268 ], [ 121.5159174, 14.1293323 ], [ 121.5159667, 14.1296528 ], [ 121.5159545, 14.1300666 ], [ 121.5159271, 14.1302381 ], [ 121.5157693, 14.1303547 ], [ 121.5157693, 14.1305605 ], [ 121.515783, 14.130684 ], [ 121.5159202, 14.1307046 ], [ 121.5159339, 14.1308418 ], [ 121.5159957, 14.1310133 ], [ 121.5159476, 14.1311299 ], [ 121.5158173, 14.1311711 ], [ 121.5158173, 14.1313563 ], [ 121.5159957, 14.1314592 ], [ 121.5161672, 14.1315484 ], [ 121.5163455, 14.1316444 ], [ 121.5163936, 14.1317336 ], [ 121.5162907, 14.1318571 ], [ 121.5162769, 14.1319806 ], [ 121.5163387, 14.1321521 ], [ 121.5165033, 14.132207 ], [ 121.5166268, 14.1322482 ], [ 121.5166337, 14.1324814 ], [ 121.5166886, 14.1327147 ], [ 121.5167346, 14.1329506 ], [ 121.5167624, 14.1330758 ], [ 121.5168132, 14.1331775 ], [ 121.5168259, 14.1332981 ], [ 121.5168132, 14.1335014 ], [ 121.516737, 14.1337618 ], [ 121.516648, 14.1338951 ], [ 121.5164766, 14.1340857 ], [ 121.5163876, 14.1342572 ], [ 121.5164003, 14.134435 ], [ 121.5164512, 14.1346128 ], [ 121.5165655, 14.1347398 ], [ 121.5167243, 14.1348288 ], [ 121.5168576, 14.1348923 ], [ 121.5169338, 14.1348986 ], [ 121.5169529, 14.1347653 ], [ 121.516972, 14.1346827 ], [ 121.5170355, 14.134689 ], [ 121.5170926, 14.1346954 ], [ 121.5172006, 14.134797 ], [ 121.5172705, 14.1349558 ], [ 121.5172832, 14.1351146 ], [ 121.5172578, 14.135394 ], [ 121.5172133, 14.1357243 ], [ 121.5171625, 14.1358831 ], [ 121.517118, 14.1360799 ], [ 121.5170736, 14.1362895 ], [ 121.5170355, 14.1364737 ], [ 121.5169402, 14.136588 ], [ 121.5167941, 14.1366261 ], [ 121.5165845, 14.1366198 ], [ 121.516521, 14.1366007 ], [ 121.5165591, 14.1367595 ], [ 121.516629, 14.1368738 ], [ 121.5166544, 14.137039 ], [ 121.5166163, 14.1371342 ], [ 121.5165083, 14.1372295 ], [ 121.5164067, 14.1373565 ], [ 121.5162797, 14.1374899 ], [ 121.5161336, 14.137636 ], [ 121.5160447, 14.1377058 ], [ 121.5159177, 14.1377376 ], [ 121.5158541, 14.1378011 ], [ 121.5157271, 14.1378138 ], [ 121.5155683, 14.1378773 ], [ 121.5154794, 14.1379535 ], [ 121.5155112, 14.1381123 ], [ 121.515562, 14.1382266 ], [ 121.5156636, 14.1382647 ], [ 121.5158224, 14.138341 ], [ 121.5160002, 14.1383918 ], [ 121.5161527, 14.1384426 ], [ 121.5162606, 14.1385124 ], [ 121.5163051, 14.1386458 ], [ 121.5163368, 14.1387919 ], [ 121.5163178, 14.1390332 ], [ 121.5163241, 14.1393 ], [ 121.5162797, 14.1396048 ], [ 121.5161908, 14.1397446 ], [ 121.516032, 14.1397319 ], [ 121.515816, 14.1398398 ], [ 121.5154794, 14.1400494 ], [ 121.5153016, 14.1402019 ], [ 121.5151746, 14.1402654 ], [ 121.5145268, 14.1406401 ], [ 121.514495, 14.1407163 ], [ 121.514514, 14.1408306 ], [ 121.5145839, 14.1409576 ], [ 121.5146538, 14.1410593 ], [ 121.5147173, 14.1412307 ], [ 121.5147427, 14.1413641 ], [ 121.5147427, 14.1418913 ], [ 121.5146474, 14.1419548 ], [ 121.5145522, 14.1419992 ], [ 121.5144188, 14.1419738 ], [ 121.5143108, 14.1418849 ], [ 121.5142346, 14.1418151 ], [ 121.514152, 14.1417706 ], [ 121.5139805, 14.1417071 ], [ 121.5137837, 14.1416436 ], [ 121.5136503, 14.1416626 ], [ 121.5135995, 14.1417198 ], [ 121.5136185, 14.1418341 ], [ 121.5136058, 14.1419802 ], [ 121.5135487, 14.1421136 ], [ 121.5134979, 14.1421898 ], [ 121.5134471, 14.1423231 ], [ 121.5133645, 14.142501 ], [ 121.5132692, 14.1426153 ], [ 121.5131397, 14.1431282 ], [ 121.5132845, 14.143273 ], [ 121.5134293, 14.143431 ], [ 121.5136004, 14.1436679 ], [ 121.5136004, 14.1439575 ], [ 121.5137452, 14.1441682 ], [ 121.5137847, 14.1442866 ], [ 121.5136662, 14.1444446 ], [ 121.5133503, 14.1446552 ], [ 121.5130212, 14.1448263 ], [ 121.5129554, 14.1450106 ], [ 121.5130739, 14.1452344 ], [ 121.5133371, 14.1454582 ], [ 121.5136267, 14.1455766 ], [ 121.5137979, 14.1456951 ], [ 121.5137584, 14.1458926 ], [ 121.5139032, 14.146011 ], [ 121.5139821, 14.1461953 ], [ 121.513969, 14.1464059 ], [ 121.5137847, 14.1466297 ], [ 121.5136004, 14.1468798 ], [ 121.5136531, 14.1471168 ], [ 121.513811, 14.1471958 ], [ 121.51389, 14.1473932 ], [ 121.5137715, 14.1475643 ], [ 121.5135741, 14.1478144 ], [ 121.5134029, 14.1480119 ], [ 121.513324, 14.148183 ], [ 121.5131923, 14.1486174 ], [ 121.5131923, 14.148907 ], [ 121.5132845, 14.1490913 ], [ 121.5133898, 14.1493151 ], [ 121.5136794, 14.1492361 ], [ 121.513969, 14.1492624 ], [ 121.5142322, 14.1492624 ], [ 121.5144034, 14.1493282 ], [ 121.5146535, 14.1493414 ], [ 121.5150615, 14.1492361 ], [ 121.5154696, 14.1490781 ], [ 121.5159567, 14.1489202 ], [ 121.5162594, 14.1487754 ], [ 121.516707, 14.1486306 ], [ 121.5172072, 14.1483673 ], [ 121.5173125, 14.148262 ], [ 121.5174441, 14.1478144 ], [ 121.5175495, 14.1476302 ], [ 121.5176548, 14.1474459 ], [ 121.517918, 14.1472352 ], [ 121.5182603, 14.1472352 ], [ 121.5184841, 14.1473011 ], [ 121.5185894, 14.1474854 ], [ 121.5187473, 14.147696 ], [ 121.5189843, 14.1478803 ], [ 121.5191422, 14.1480645 ], [ 121.5191686, 14.148262 ], [ 121.5193923, 14.1484463 ], [ 121.5197214, 14.1484595 ], [ 121.5200738, 14.1483375 ], [ 121.5202348, 14.1481567 ], [ 121.5204981, 14.1477223 ], [ 121.5207877, 14.147459 ], [ 121.5210509, 14.1471958 ], [ 121.5212221, 14.1469193 ], [ 121.5212879, 14.1466692 ], [ 121.5215775, 14.1462611 ], [ 121.521792, 14.1460586 ], [ 121.5219639, 14.1460463 ], [ 121.5221358, 14.1460525 ], [ 121.5225104, 14.1461016 ], [ 121.5228297, 14.1461998 ], [ 121.5232349, 14.1463288 ], [ 121.5235972, 14.1463717 ], [ 121.5239042, 14.1462796 ], [ 121.5243525, 14.1461077 ], [ 121.5247209, 14.1459542 ], [ 121.524942, 14.1459419 ], [ 121.5252428, 14.1457577 ], [ 121.5257034, 14.1454384 ], [ 121.5268147, 14.1479748 ], [ 121.5286203, 14.1496758 ], [ 121.5291175, 14.1512983 ], [ 121.5296697, 14.1521842 ], [ 121.5290043, 14.15341 ], [ 121.5289693, 14.1550911 ], [ 121.5297979, 14.1560871 ], [ 121.5299549, 14.1566629 ], [ 121.5305045, 14.1571601 ], [ 121.530638, 14.157596 ], [ 121.5307661, 14.1580236 ], [ 121.5314727, 14.1589134 ], [ 121.532755, 14.1593059 ], [ 121.5331213, 14.1591751 ], [ 121.533383, 14.1586255 ], [ 121.5338017, 14.1583638 ], [ 121.5341157, 14.1579975 ], [ 121.5336185, 14.1575788 ], [ 121.5343513, 14.1572386 ], [ 121.5353373, 14.1570776 ], [ 121.5353519, 14.1572822 ], [ 121.5353943, 14.1581318 ], [ 121.5353264, 14.1587771 ], [ 121.535066, 14.159094 ], [ 121.5348848, 14.1595016 ], [ 121.5348622, 14.1598638 ], [ 121.5352471, 14.1608714 ], [ 121.5351339, 14.1614261 ], [ 121.5343641, 14.1632827 ], [ 121.534183, 14.1634638 ], [ 121.5338999, 14.163645 ], [ 121.5334018, 14.1638034 ], [ 121.5330622, 14.1638487 ], [ 121.5326433, 14.1638261 ], [ 121.5322358, 14.1636789 ], [ 121.5319641, 14.1635091 ], [ 121.5317264, 14.1633619 ], [ 121.5313868, 14.1632261 ], [ 121.531149, 14.1632035 ], [ 121.5308773, 14.1632714 ], [ 121.5306509, 14.163328 ], [ 121.5304019, 14.1633167 ], [ 121.5291905, 14.1636563 ], [ 121.5283188, 14.1643129 ], [ 121.5276396, 14.1650374 ], [ 121.5274585, 14.1655355 ], [ 121.527266, 14.1663393 ], [ 121.5271415, 14.1664638 ], [ 121.5265981, 14.1670525 ], [ 121.5264937, 14.167231 ], [ 121.5264547, 14.1673374 ], [ 121.5264122, 14.1674649 ], [ 121.5263271, 14.1676634 ], [ 121.5257388, 14.1686275 ], [ 121.5256644, 14.1688508 ], [ 121.5255722, 14.1691945 ], [ 121.5254942, 14.1696659 ], [ 121.5254234, 14.1703039 ], [ 121.525422, 14.1703653 ], [ 121.5254732, 14.1703623 ], [ 121.5258043, 14.1705585 ], [ 121.5262125, 14.1707185 ], [ 121.526378, 14.1707902 ], [ 121.5265711, 14.1707571 ], [ 121.5266594, 14.1708785 ], [ 121.5267366, 14.1711543 ], [ 121.5268801, 14.1712205 ], [ 121.5269959, 14.1711543 ], [ 121.5271394, 14.1709502 ], [ 121.5274483, 14.1709668 ], [ 121.5277875, 14.1709573 ], [ 121.5280372, 14.1710655 ], [ 121.5285781, 14.1712652 ], [ 121.5288944, 14.1714816 ], [ 121.5291894, 14.1716982 ], [ 121.5293702, 14.1716982 ], [ 121.5295756, 14.1717885 ], [ 121.5297399, 14.1718296 ], [ 121.5300029, 14.1715831 ], [ 121.5303808, 14.1714763 ], [ 121.5305862, 14.1714845 ], [ 121.5306602, 14.1720925 ], [ 121.530767, 14.1726841 ], [ 121.5308902, 14.1727827 ], [ 121.5310381, 14.1730539 ], [ 121.5315886, 14.1732757 ], [ 121.5318187, 14.1732593 ], [ 121.5319666, 14.173325 ], [ 121.5320734, 14.1733825 ], [ 121.5320734, 14.1734893 ], [ 121.5320816, 14.173703 ], [ 121.5324924, 14.1739166 ], [ 121.5327718, 14.1740316 ], [ 121.5328951, 14.1739741 ], [ 121.533084, 14.1737605 ], [ 121.5333552, 14.1736865 ], [ 121.5335441, 14.1738016 ], [ 121.5336756, 14.1738837 ], [ 121.5338317, 14.1738837 ], [ 121.5339303, 14.1739741 ], [ 121.5341193, 14.1739741 ], [ 121.5343329, 14.1740891 ], [ 121.5344233, 14.1742781 ], [ 121.5344562, 14.1744835 ], [ 121.5346534, 14.1747547 ], [ 121.5347438, 14.1749437 ], [ 121.5348916, 14.1749272 ], [ 121.5348916, 14.1749263 ], [ 121.5348916, 14.1749263 ], [ 121.5348752, 14.17473 ], [ 121.5350642, 14.1746396 ], [ 121.5355407, 14.1746725 ], [ 121.5360912, 14.1749437 ], [ 121.5363049, 14.1750423 ], [ 121.5365678, 14.1751326 ], [ 121.5367486, 14.1750833 ], [ 121.5370115, 14.1749519 ], [ 121.5373237, 14.1748368 ], [ 121.5376852, 14.1747465 ], [ 121.5380303, 14.1747382 ], [ 121.5382111, 14.1747547 ], [ 121.5384904, 14.1747793 ], [ 121.538589, 14.1746889 ], [ 121.5385644, 14.1744342 ], [ 121.5387616, 14.1742617 ], [ 121.5390656, 14.1741795 ], [ 121.5392546, 14.174615 ], [ 121.5395093, 14.1748944 ], [ 121.5397311, 14.1749026 ], [ 121.5398955, 14.1748533 ], [ 121.540142, 14.1747382 ], [ 121.5402077, 14.1748286 ], [ 121.5405281, 14.1747218 ], [ 121.5407993, 14.174615 ], [ 121.5411608, 14.1746889 ], [ 121.5416456, 14.1746725 ], [ 121.5420564, 14.1745986 ], [ 121.5424261, 14.1747793 ], [ 121.5427137, 14.174993 ], [ 121.5429109, 14.1750012 ], [ 121.5433628, 14.174919 ], [ 121.5437161, 14.1749026 ], [ 121.5439051, 14.1747958 ], [ 121.5441269, 14.1744753 ], [ 121.5441762, 14.1741056 ], [ 121.5441762, 14.1739084 ], [ 121.5440941, 14.1735962 ], [ 121.5439462, 14.1732757 ], [ 121.543675, 14.1730785 ], [ 121.5433874, 14.1729224 ], [ 121.5432971, 14.1728074 ], [ 121.5433081, 14.172656 ], [ 121.5442635, 14.1724382 ], [ 121.5451594, 14.171968 ], [ 121.5455603, 14.1717997 ], [ 121.5457831, 14.1717502 ], [ 121.545991, 14.17177 ], [ 121.5461989, 14.1719036 ], [ 121.5463969, 14.1719828 ], [ 121.5465602, 14.1719234 ], [ 121.5467038, 14.1717749 ], [ 121.5470602, 14.1716858 ], [ 121.5473819, 14.1717254 ], [ 121.5477581, 14.1717848 ], [ 121.5480106, 14.1717403 ], [ 121.5483917, 14.1714037 ], [ 121.5486194, 14.1711314 ], [ 121.5487679, 14.1708295 ], [ 121.5487431, 14.1705374 ], [ 121.5484956, 14.1702899 ], [ 121.5482432, 14.1700524 ], [ 121.5480502, 14.1697702 ], [ 121.5480304, 14.1695722 ], [ 121.5481393, 14.1693049 ], [ 121.5483867, 14.1691416 ], [ 121.5487085, 14.1691119 ], [ 121.5491936, 14.1691614 ], [ 121.5495005, 14.1691069 ], [ 121.5495896, 14.1690525 ], [ 121.5498569, 14.1688594 ], [ 121.549847, 14.1686911 ], [ 121.5500945, 14.1683496 ], [ 121.550342, 14.1681714 ], [ 121.5504608, 14.1679734 ], [ 121.5506538, 14.1678447 ], [ 121.5507992, 14.1676873 ], [ 121.5511335, 14.1675984 ], [ 121.5513323, 14.1672206 ], [ 121.551213, 14.166803 ], [ 121.5510539, 14.166445 ], [ 121.5512528, 14.1657291 ], [ 121.551392, 14.1653115 ], [ 121.5517301, 14.1651325 ], [ 121.5521278, 14.1650529 ], [ 121.552267, 14.1651524 ], [ 121.5524261, 14.165391 ], [ 121.5527045, 14.1653313 ], [ 121.5529034, 14.1651722 ], [ 121.5530824, 14.1648342 ], [ 121.5547727, 14.1646353 ], [ 121.5548921, 14.1643768 ], [ 121.5548921, 14.1638199 ], [ 121.5548523, 14.1633029 ], [ 121.5552103, 14.1627461 ], [ 121.5563239, 14.1623086 ], [ 121.5568807, 14.1621693 ], [ 121.5572387, 14.1625472 ], [ 121.5574376, 14.1629648 ], [ 121.5579149, 14.1631438 ], [ 121.5584717, 14.1631637 ], [ 121.558949, 14.1630841 ], [ 121.5592075, 14.1629449 ], [ 121.5591478, 14.1625472 ], [ 121.5591478, 14.1622091 ], [ 121.5596251, 14.1618909 ], [ 121.5599632, 14.1620102 ], [ 121.5605797, 14.1619904 ], [ 121.561057, 14.1617915 ], [ 121.5611365, 14.1615131 ], [ 121.5613354, 14.1611153 ], [ 121.5620911, 14.1609165 ], [ 121.5627275, 14.1608767 ], [ 121.5632445, 14.1609364 ], [ 121.5635627, 14.1613142 ], [ 121.5640599, 14.1612347 ], [ 121.5642786, 14.1607972 ], [ 121.5643582, 14.1603199 ], [ 121.564557, 14.1599023 ], [ 121.564915, 14.1596039 ], [ 121.5655514, 14.1595841 ], [ 121.5661281, 14.1598625 ], [ 121.5664264, 14.1602006 ], [ 121.5665457, 14.1606977 ], [ 121.5668241, 14.1613142 ], [ 121.5669633, 14.1616125 ], [ 121.5675401, 14.1620898 ], [ 121.5678185, 14.1621296 ], [ 121.5681963, 14.1616921 ], [ 121.5692105, 14.1613938 ], [ 121.5701651, 14.1607574 ], [ 121.5704833, 14.1603596 ], [ 121.5704435, 14.1596039 ], [ 121.5704236, 14.158888 ], [ 121.5706225, 14.1585301 ], [ 121.570881, 14.1583909 ], [ 121.5729691, 14.1592659 ], [ 121.5735061, 14.1596636 ], [ 121.5739635, 14.1598625 ], [ 121.5745004, 14.1597233 ], [ 121.5753754, 14.1593056 ], [ 121.575813, 14.1593255 ], [ 121.5761709, 14.1597432 ], [ 121.5763101, 14.1601409 ], [ 121.5769465, 14.1604591 ], [ 121.5776823, 14.1605784 ], [ 121.5782391, 14.160479 ], [ 121.5789948, 14.1604989 ], [ 121.5797108, 14.1606778 ], [ 121.5800687, 14.1609562 ], [ 121.5800886, 14.1614932 ], [ 121.5797903, 14.1619506 ], [ 121.579671, 14.1623881 ], [ 121.5798301, 14.1627659 ], [ 121.5800886, 14.1630046 ], [ 121.5802278, 14.1632035 ], [ 121.580725, 14.1632035 ], [ 121.5812222, 14.1630046 ], [ 121.5814608, 14.1627063 ], [ 121.5815894, 14.1624213 ], [ 121.5817469, 14.1615941 ], [ 121.5819675, 14.1613183 ], [ 121.5823063, 14.1611056 ], [ 121.5825505, 14.1610426 ], [ 121.5828104, 14.1611529 ], [ 121.5830704, 14.1612002 ], [ 121.5836297, 14.1610978 ], [ 121.5839685, 14.1608772 ], [ 121.58426, 14.1609087 ], [ 121.5845515, 14.1611372 ], [ 121.5848036, 14.1611765 ], [ 121.5850872, 14.1611293 ], [ 121.5852605, 14.1610426 ], [ 121.5854574, 14.1610505 ], [ 121.5863555, 14.1616413 ], [ 121.5868282, 14.1619013 ], [ 121.5873481, 14.1620116 ], [ 121.5876869, 14.1619249 ], [ 121.5881595, 14.1616571 ], [ 121.5883171, 14.1613735 ], [ 121.5883092, 14.1609245 ], [ 121.5883171, 14.1606172 ], [ 121.5882935, 14.1602863 ], [ 121.5884195, 14.16005 ], [ 121.5886164, 14.1599555 ], [ 121.5888764, 14.159987 ], [ 121.5903417, 14.1606645 ], [ 121.5906647, 14.1607827 ], [ 121.5906534, 14.1671479 ], [ 121.5939371, 14.1712525 ], [ 121.5964354, 14.1724756 ], [ 121.5992046, 14.177683 ], [ 121.5994312, 14.1792237 ], [ 121.5995466, 14.1800089 ], [ 121.6012569, 14.1812403 ], [ 121.6037997, 14.1832125 ], [ 121.6087717, 14.1899932 ], [ 121.6031921, 14.1903591 ], [ 121.5899513, 14.1991594 ], [ 121.5991143, 14.2149277 ], [ 121.6030136, 14.2151583 ], [ 121.6063514, 14.2193457 ], [ 121.6111457, 14.2227442 ], [ 121.6127236, 14.2267496 ], [ 121.6152725, 14.2299054 ], [ 121.6179427, 14.2349424 ], [ 121.6178985, 14.249102 ], [ 121.6309646, 14.2609481 ], [ 121.6341207, 14.2677103 ], [ 121.6333667, 14.272982 ], [ 121.6339237, 14.2764978 ], [ 121.6341067, 14.2799925 ], [ 121.6346258, 14.2839643 ], [ 121.6345188, 14.2897909 ], [ 121.6240101, 14.2926171 ], [ 121.6082596, 14.296853 ], [ 121.5962545, 14.3275302 ], [ 121.5936934, 14.3344546 ], [ 121.5853458, 14.3570217 ], [ 121.5700265, 14.398443 ], [ 121.5606085, 14.4128604 ], [ 121.5526545, 14.4250369 ], [ 121.5337785, 14.4539332 ], [ 121.5279779, 14.4617449 ], [ 121.524978, 14.4676075 ], [ 121.5240988, 14.4691673 ], [ 121.5242871, 14.469369 ], [ 121.5244449, 14.4696002 ], [ 121.5246232, 14.4699593 ], [ 121.5248422, 14.4702791 ], [ 121.5250863, 14.470397 ], [ 121.5254677, 14.4705246 ], [ 121.5255493, 14.4707608 ], [ 121.5256368, 14.4710915 ], [ 121.5259167, 14.4712882 ], [ 121.5262371, 14.4714503 ], [ 121.5263085, 14.4716767 ], [ 121.5262732, 14.4719671 ], [ 121.5261668, 14.4722552 ], [ 121.5262635, 14.4724471 ], [ 121.5265433, 14.4725797 ], [ 121.5268281, 14.4727173 ], [ 121.5269553, 14.4728255 ], [ 121.5269149, 14.473049 ], [ 121.526849, 14.4732361 ], [ 121.5269864, 14.4734034 ], [ 121.5272508, 14.473408 ], [ 121.5274693, 14.4733291 ], [ 121.5277641, 14.4732697 ], [ 121.5279472, 14.4732646 ], [ 121.5280236, 14.4734221 ], [ 121.5279221, 14.4736486 ], [ 121.5277089, 14.4738851 ], [ 121.5275667, 14.4741067 ], [ 121.5277399, 14.4744069 ], [ 121.5281635, 14.4746187 ], [ 121.5287055, 14.4748526 ], [ 121.5293971, 14.4749412 ], [ 121.5299734, 14.4748513 ], [ 121.5305494, 14.4745606 ], [ 121.5315174, 14.4743588 ], [ 121.5320474, 14.4743511 ], [ 121.5324931, 14.4745663 ], [ 121.5325042, 14.47509 ], [ 121.532388, 14.4755397 ], [ 121.5326004, 14.4757654 ], [ 121.5330353, 14.4758677 ], [ 121.533396, 14.4759905 ], [ 121.533481, 14.4761855 ], [ 121.5333755, 14.4766272 ], [ 121.5331006, 14.4774592 ], [ 121.5328257, 14.4782707 ], [ 121.5328164, 14.4787984 ], [ 121.5329865, 14.4791063 ], [ 121.5332203, 14.47964 ], [ 121.5332635, 14.4803382 ], [ 121.5335926, 14.4806665 ], [ 121.5341865, 14.4806659 ], [ 121.5345893, 14.4804807 ], [ 121.5352361, 14.4803054 ], [ 121.5357873, 14.4800584 ], [ 121.5363915, 14.4797806 ], [ 121.5371127, 14.4797593 ], [ 121.537728, 14.4799641 ], [ 121.5384143, 14.4804196 ], [ 121.538595, 14.4807686 ], [ 121.5384683, 14.4813027 ], [ 121.5384902, 14.4818982 ], [ 121.5386042, 14.4823959 ], [ 121.5388909, 14.4826626 ], [ 121.5393257, 14.4826724 ], [ 121.5397288, 14.4827028 ], [ 121.5399412, 14.4830209 ], [ 121.5399524, 14.4835241 ], [ 121.5401207, 14.4839214 ], [ 121.5405664, 14.4841263 ], [ 121.541224, 14.4841667 ], [ 121.5417829, 14.4841456 ], [ 121.5422178, 14.484217 ], [ 121.5423242, 14.4845455 ], [ 121.5421655, 14.4849153 ], [ 121.5421236, 14.4853569 ], [ 121.5420712, 14.4859218 ], [ 121.5422374, 14.486601 ], [ 121.5425454, 14.4869909 ], [ 121.5428956, 14.4872062 ], [ 121.5435215, 14.4873288 ], [ 121.5441899, 14.4875232 ], [ 121.5446463, 14.4878308 ], [ 121.5447526, 14.4880771 ], [ 121.5447318, 14.488416 ], [ 121.5444443, 14.488711 ], [ 121.544222, 14.4890706 ], [ 121.5443708, 14.4893682 ], [ 121.5447847, 14.4895937 ], [ 121.5454023, 14.489706 ], [ 121.5456678, 14.4899419 ], [ 121.5461984, 14.4902494 ], [ 121.5468456, 14.4904541 ], [ 121.5479491, 14.4909253 ], [ 121.5489039, 14.4910989 ], [ 121.5499222, 14.4917821 ], [ 121.5504744, 14.4923873 ], [ 121.5346303, 14.5094218 ], [ 121.5316559, 14.5184261 ], [ 121.529564, 14.532864 ], [ 121.5191019, 14.53378 ], [ 121.5093418, 14.5331837 ], [ 121.5037935, 14.5336854 ], [ 121.4811586, 14.5356652 ], [ 121.4816369, 14.5373658 ], [ 121.4836033, 14.5388007 ], [ 121.4850382, 14.5394916 ], [ 121.4862675, 14.5408745 ], [ 121.4851445, 14.5423615 ], [ 121.4844229, 14.5433682 ], [ 121.4823826, 14.5445189 ], [ 121.4815999, 14.5457997 ], [ 121.4808172, 14.5472227 ], [ 121.4806742, 14.5567795 ], [ 121.4764326, 14.5631087 ], [ 121.4684437, 14.574553 ], [ 121.461618, 14.5839553 ], [ 121.4520052, 14.5957714 ] ] ] ] } }
]
}
