barangay,year,month,ndvi_mean,ndvi_std,evi_mean,evi_std,ndwi_mean,ndwi_std,s2_valid_px,vv_mean,vv_std,vh_mean,vh_std,s1_valid_px
Aplaya,2020,1,0.3943459924447089,0.35208120511769575,0.2820604943045702,0.24354850222036797,-0.39209034836400497,0.31070054780595036,1387,-4.165159482229976,3.7709429307360356,-12.158662970845361,3.4519835635325307,1384
Aplaya,2020,2,0.40258290389014784,0.2773457149129985,0.3051952066881211,0.24737702393641403,-0.4114092980063619,0.21796045546528567,1387,-4.391354124994435,3.999544797516869,-12.536982734554012,3.42292783188873,1387
Aplaya,2020,3,0.38384246040213166,0.2892046773858079,0.29619401959286445,0.2490452002134578,-0.39698085143105327,0.23195911041805398,1387,-4.220006222220945,4.054726672154336,-12.29138265033377,3.2606110750893733,1387
Aplaya,2020,4,0.36185622021255287,0.2634918124397793,0.29110418232383795,0.24408012101202103,-0.3710240594036433,0.2096798759512765,1387,-4.264172780146711,4.01018505495842,-12.378773057576812,3.156023568763857,1387
Aplaya,2020,5,0.4111779192690651,0.3168502542990566,0.3248645776730581,0.2642952884435273,-0.40705764270454736,0.24916997796110443,1387,-3.790078689079,3.7246031051934936,-11.802888002474903,2.921609147729963,1387
Aplaya,2020,6,-0.08968418091535568,0.11670026928186417,-0.22935226187109947,0.2928601838648319,0.057985986582934856,0.06783575285226107,2,-3.9318004149914074,3.7713859175954094,-12.02627040193333,2.940498280080319,1387
Aplaya,2020,7,0.4226237242856663,0.30944302002148677,0.3519855167943524,0.2767337948645792,-0.4077977713703757,0.23937893370650437,1387,-5.324145747890277,2.5841259223380177,-10.670657088194472,3.0148659307459296,1387
Aplaya,2020,8,0.4027890085852245,0.2836532746244925,0.3422585092650835,0.25479772448422716,-0.3819084701340153,0.22674508491945178,1165,-3.650676969492089,3.818991009961779,-11.784881122619788,3.04032532961956,1387
Aplaya,2020,9,0.43051961678973,0.3315634693771842,0.35882341526273337,0.2851021669625256,-0.4188503589342288,0.26163124628713724,1387,-6.108410409788768,3.079240581466832,-11.130405466089757,3.3437148470997577,1386
Aplaya,2020,10,0.27977560196025847,0.28801132770075344,0.23493992356804438,0.21311548068513061,-0.2717203948293852,0.2566407644072402,979,-2.7621583696303658,4.160492371138758,-11.282116524912773,3.3096533839855122,1387
Aplaya,2020,11,,,,,,,0,-3.913829882388162,4.656315748617635,-12.722463751464222,4.194747786295285,1387
Aplaya,2020,12,0.2808038061541766,0.33870957669265445,0.1851832319964577,0.1977019353070506,-0.28589176458953575,0.3148163002814098,1387,-4.281238227216138,4.866664789896695,-12.820467048011077,4.326273159697097,1387
Aplaya,2021,1,0.2731373454795832,0.27217419066695014,0.18652919665753814,0.18087484206720722,-0.2805599202530041,0.25682029502312304,1036,-4.389038300441501,4.576061007385703,-13.18025124786392,4.6044293631502615,1387
Aplaya,2021,2,0.34862685209066624,0.2575336041504886,0.2358755807766389,0.19892170579603236,-0.34631285834736913,0.22164057588967828,1387,-4.472361017283969,5.82668562305237,-12.949188779007452,4.769122494774747,1386
Aplaya,2021,3,,,,,,,0,-4.474076205905533,4.526023595941913,-13.21691606902286,4.408617911133313,1386
Aplaya,2021,4,0.16987883006222546,0.13464303465321842,-0.1597799509763718,0.5464701907786822,-0.08783700987696648,0.08162389846960498,5,-4.313260952597361,4.379340182053037,-12.654078201470082,3.8256508565384224,1386
Aplaya,2021,5,0.34043872370011946,0.2760115158172573,0.27169016293463555,0.23270293208875029,-0.35878186815469726,0.22655060861693774,1387,-4.455653106937129,4.374446300672901,-12.718003098278846,3.512853260151649,1387
Aplaya,2021,6,0.34695183297736154,0.26509551340886633,0.34426868815341355,0.28619180119248255,-0.3187008305427916,0.22103202167748146,1387,-4.240993017671435,4.346270311465293,-12.516227286486405,3.665810493027098,1386
Aplaya,2021,7,0.2407035380601883,0.05364154279232025,0.15422280132770538,0.04900752007961273,-0.14830410107970238,0.023687142878770828,2,-3.311406295826387,4.41701128450667,-11.943357198259433,3.8772853751687815,1387
Aplaya,2021,8,0.28549177619543936,0.4125212964804087,0.21472401824695145,0.2401892620668289,-0.1610111547464674,0.39449750868778505,55,-6.190448580110998,3.4769063416724335,-11.243549717502935,3.578288402008531,1387
Aplaya,2021,9,0.4234051286871478,0.3075776032606777,0.3119538383235341,0.2528275668630911,-0.4166153903761692,0.24355704139778223,1387,-3.4690055485879,4.150953178163372,-11.824381780502883,3.2491340383961,1386
Aplaya,2021,10,0.3656790127051394,0.302579550124446,0.25279272523157176,0.21980495119371593,-0.3832516251644547,0.24998073366094656,654,-6.171518880910874,3.3480162452423414,-11.329886443257156,4.148352137639874,1386
Aplaya,2021,11,-0.1478605717420578,0.0,-0.2884119749069214,0.0,0.16537216305732727,0.0,1,-4.228754794705371,4.673544069352327,-12.729254233059297,4.162677417510149,1387
Aplaya,2021,12,0.3749827486362586,0.34980506784188053,0.26376643935065724,0.23337467438805523,-0.38509561892238936,0.32505319568939633,1387,-6.310498665811431,3.38370683207123,-11.334267905485564,3.9925222472377055,1387
Aplaya,2022,1,0.27318749093823647,0.22860253699380736,0.2275844709446776,0.19867162744345696,-0.26934312496658636,0.20518719302212965,1162,-6.3989391545247685,3.638006339914441,-11.65773090600837,4.295887636250538,1386
Aplaya,2022,2,0.33546161939863034,0.28609759554460124,0.24495368417491445,0.22041014901848033,-0.3568407012556849,0.24574002989361518,1387,-6.107977017150589,3.1743866172573827,-11.056343791892212,3.8357689184312025,1387
Aplaya,2022,3,0.3643818170187434,0.294734596108406,0.28371989897530486,0.23954314761072723,-0.38813818265021593,0.25159044773008044,1387,-6.145132325610466,3.170927527643107,-11.280687211918044,3.7200406464213267,1387
Aplaya,2022,4,,,,,,,0,-5.974132386039582,3.0676519632981365,-10.953471546201001,3.57737999254562,1387
Aplaya,2022,5,0.40616815143886636,0.31407635591910316,0.3237229997949193,0.2546057733798671,-0.40472024572555226,0.26048393917488055,1387,-5.561325028855642,2.949412238970017,-10.66445082449169,3.3157483410380837,1387
Aplaya,2022,6,,,,,,,0,-5.41116510780841,2.975720365720459,-10.662813245242939,3.31646024157177,1387
Aplaya,2022,7,0.42217159617193906,0.3948726273820294,0.3456870264986706,0.2831491621555885,-0.4182470716682425,0.3303395892786327,1387,-5.360187487577373,2.8683726671484644,-10.528047747936887,3.362499383305806,1387
Aplaya,2022,8,0.38575910645160305,0.32102264588733304,0.2998442887319868,0.24332225170901417,-0.3697619814411944,0.2776172439812805,1387,-5.859261179662058,3.0901370914282227,-10.99833742985213,3.773165018879104,1387
Aplaya,2022,9,0.3969408448753392,0.2807327468369969,0.3404484456578842,0.25619088208488056,-0.38325725585493353,0.22166759552670853,1338,-5.462457842500398,3.42613833250839,-10.412988377217998,3.638753215483483,1387
Aplaya,2022,10,0.00702428900533251,0.34723189144712174,0.06843156505514074,0.1591263490338351,0.1375192442425975,0.3629204636667459,27,-5.076922012614549,2.947415923710814,-9.995651935826832,3.50932821166537,1387
Aplaya,2022,11,0.32791421104835944,0.2606153844467473,0.241410891906823,0.20740687399638874,-0.31686323673699984,0.21976060091461744,1265,-5.042809325195428,3.3775233470846286,-10.133567125013704,3.8337428495005113,1386
Aplaya,2022,12,0.3236773375431379,0.3412658208898519,0.23275946089171365,0.2427453273762877,-0.3390647250897585,0.2983952738129473,1387,-6.272178725321345,3.2273243083502385,-11.20650589893147,3.9998103250491246,1387
Aplaya,2023,1,0.32905121399830534,0.2958213268845239,0.22834402175239174,0.2240448937825564,-0.35292299415915046,0.23547518944757648,990,-6.395131903636071,3.5303528973874965,-11.383219465019806,4.383725257632306,1387
Aplaya,2023,2,0.13114531817505273,0.10502633368144297,0.09766488181563412,0.07861949802147754,-0.0983715849792267,0.10459944598920295,41,-6.438303738233521,3.991593785358378,-11.386275224188902,4.433487167062371,1387
Aplaya,2023,3,0.31997195345523516,0.27733158979431605,0.2526997314183051,0.22993530684111305,-0.34779707947292715,0.23900084560297258,1387,-6.555046797974121,3.5391550109560646,-11.428547425562718,4.194675121757935,1385
Aplaya,2023,4,0.33796865619932626,0.2635926450878578,0.2794249361512205,0.23761364169891253,-0.34605338919649975,0.2107982216656528,1387,-6.2557273860371225,3.4050754874110005,-11.363361611715213,3.799171604410439,1387
Aplaya,2023,5,0.3886703162303582,0.29489276451320057,0.33006307966775666,0.2688662908834839,-0.38461776485998317,0.24875034817794206,1387,-5.9371098740430615,3.206855667480326,-11.105408225060792,3.7289334368621896,1387
Aplaya,2023,6,0.4284153345847408,0.3947756079072205,0.3350577682782268,0.28678030651889463,-0.44728857019445106,0.341037758046337,1387,-5.477870935151152,3.0046718397066043,-10.528140817860868,3.438019269930161,1387
Aplaya,2023,7,0.40490122425385683,0.33843900700932045,0.3237055144684324,0.26416468349963823,-0.3992983019385909,0.28149362672293055,1369,-5.303974199682883,3.136783119519828,-10.74560454268633,3.779017263027919,1387
Aplaya,2023,8,0.27817645181915834,0.25383154757520293,0.2560772641077498,0.24156415450837784,-0.25638969088857644,0.23337960881245856,794,-5.667816950458156,3.488549819895339,-10.948478872935464,3.9199558099650966,1387
Aplaya,2023,9,0.3906002734321425,0.3796890249424707,0.29326139656373096,0.26033266599537735,-0.39217132109666564,0.3375616672043677,1387,-5.695158296929936,3.4429028272770448,-10.654967355763622,3.6517976573744364,1386
Aplaya,2023,10,0.4494028107593552,0.2826334901433643,0.4261522373325615,0.29433644902812217,-0.4245006403777337,0.22028567013574163,964,-5.254833005725259,3.3581784544424917,-10.57614954016572,3.9465233863561746,1387
Aplaya,2023,11,0.2432474477443684,0.21083851731328745,0.17479528276721185,0.1521215844863339,-0.19438075399052146,0.18434148016316862,405,-5.7347428572405175,3.5018257328717435,-10.719713651132638,3.93589693811302,1387
Aplaya,2023,12,0.38001014042497017,0.3679025841598594,0.2860066938877408,0.2643706243911374,-0.391089462619171,0.32486910384785656,1387,-5.84402625672055,3.4840878753312423,-10.90516214758631,3.9625764841786633,1386
Aplaya,2024,1,-0.13031549751758575,0.0,-0.2300381362438202,0.0,0.13417547941207886,0.0,1,-6.044924338586924,3.1600228528457888,-10.951962842083875,3.855775533231107,1385
Aplaya,2024,2,0.35969898147272183,0.25864085379162294,0.25924962082329756,0.20551230299944762,-0.40209625250050196,0.2124672665948632,1387,-5.928556593673911,2.992939373539126,-11.104766643757973,3.7117627132609554,1386
Aplaya,2024,3,0.31609706360016415,0.24111271447066063,0.2407270723742304,0.1977552788248347,-0.33339743864012356,0.18398571733646846,678,-6.066576517442217,2.906184562041967,-10.819069166770515,3.319162057445531,1387
Aplaya,2024,4,0.3971435913153903,0.28108836769596446,0.30853420201305964,0.24342358893438873,-0.4329990839886817,0.21824759724912657,1387,-6.048126744931145,2.8906081704393243,-11.053089583519556,3.520191601012032,1387
Aplaya,2024,5,,,,,,,0,-5.669309530737549,2.620780893948045,-10.790386685168219,3.195131249269073,1387
Aplaya,2024,6,0.5914749991386494,0.1365310695650478,0.5819778651633162,0.1863361380269812,-0.49175789381595364,0.0907349711971613,47,-5.6002165730921725,2.7064907359450943,-10.383819954712884,3.1009294423588627,1387
Aplaya,2024,7,,,,,,,0,-3.2817611361423356,4.122634233506772,-11.815553425539276,3.603211448570793,1387
Aplaya,2024,8,0.3337375302244253,0.22767567637100997,0.2728052828010629,0.19366103856015796,-0.3130801572298555,0.19474976842367372,1387,-5.373397636727565,3.1489712961573235,-10.311130407568703,3.4788173599150194,1386
Aplaya,2024,9,0.38992967833146625,0.3472495105592985,0.28910329434735615,0.24137773303674684,-0.38069998589895443,0.3000873852912419,1352,-5.547254089400447,3.2159407705891487,-10.759587488251418,3.629131340852097,1386
Aplaya,2024,10,0.3984738831242472,0.36358819249288366,0.31884497912708376,0.27084686047335904,-0.39135871339849915,0.3173656696837311,1387,-5.615334984807805,3.5798153043799723,-10.885803997162075,3.7729245970891228,1387
Aplaya,2024,11,0.33287136935222433,0.32477875231468856,0.24072571806513332,0.2274072200144471,-0.34736522728150143,0.2981845890731189,1354,-6.003995471516878,3.3255801739958435,-11.16220454306266,3.917902722409417,1384
Aplaya,2024,12,0.29038195559149643,0.23284364324595175,0.24993119051699356,0.20688526242607067,-0.2635355402049518,0.20108263692661849,1182,-5.7149124044123205,3.971111603482965,-10.393103460495894,4.058614439308985,1387
Aplaya,2025,1,,,,,,,0,-5.955745192956915,3.799641123206482,-11.342560766579272,4.487393293298494,1386
Aplaya,2025,2,0.3332225447746185,0.30082296703007927,0.2546177129000263,0.24351005038399037,-0.34802358233712766,0.2510951738589546,1387,-6.246782344080403,3.57995190017383,-11.197706426831568,4.182001292716481,1387
Aplaya,2025,3,0.3312383934515434,0.2631669605338517,0.26674707497584665,0.22187557421430112,-0.34937419588692004,0.22446219477730583,1288,-6.036683890428703,3.5494772411796323,-11.093230154179976,3.947545265284487,1387
Aplaya,2025,4,0.36085534671410424,0.2447510878630646,0.30481717007738973,0.23291037127370023,-0.3731100682604158,0.18610354447703875,1289,-4.454573876636727,4.625363485797279,-13.270013386170142,3.8867535685764505,1387
Aplaya,2025,5,0.3738854439930092,0.29738148364109035,0.3085566854780108,0.26027189939460244,-0.38816172469668514,0.240451623775496,1387,-5.53743750883687,3.149645791396425,-10.5844575113764,3.52938956525381,1387
Aplaya,2025,6,,,,,,,0,-2.840694265600247,4.229965542781068,-11.277897621316292,3.4470251557338476,1387
Aplaya,2025,7,,,,,,,,-3.448285085205849,4.504176343052311,-12.174789137456097,4.011663205299924,1387
Aplaya,2025,8,0.32708693099380703,0.3439428703109403,0.25404631579168846,0.22856461975554304,-0.3175182281372228,0.3156111798508652,1387,-5.826906885562316,3.8757720227556147,-11.095853860655856,3.883735725377181,1387
Aplaya,2025,9,,,,,,,,-3.223496065997162,4.686161484411473,-11.939998000666835,3.806118254331042,1387
Aplaya,2025,10,,,,,,,0,-6.005968218164344,3.9732858544911984,-11.400009438502929,4.72658848742108,1387
Aplaya,2025,11,0.2567925116439397,0.38620559032190316,0.1778380095079258,0.22522481518749837,-0.26605450837129546,0.36799110930759044,1387,-3.6961834846006054,5.351689484223335,-12.746375192832376,4.87362173525513,1387
Baclaran,2020,1,0.5014681470477081,0.259368938450642,0.3322964678605165,0.21111394682301485,-0.4824924166949627,0.1717438945586654,3236,-5.48938776211072,3.997593145502944,-13.726211944896567,2.611159850499984,3236
Baclaran,2020,2,0.3401832500653371,0.23100204168430924,0.2787966007623451,0.2289240530146522,-0.3487292834739122,0.15914778579406083,1416,-6.109813687070409,4.293392559791661,-15.069702890574312,3.5822137346161687,3234
Baclaran,2020,3,0.48566099988021655,0.26525256222785576,0.33995745505412583,0.2102809980860501,-0.46998277652068426,0.1741742096275694,3236,-6.1781299629744035,4.139717113168472,-14.587531397185916,3.1724738863344544,3236
Baclaran,2020,4,0.4725431476796168,0.2732191155376077,0.3612536987852368,0.22841738267180894,-0.45641595424331033,0.18252021717065386,3236,-6.559544333129864,4.481598674389724,-14.75871985608293,2.814118891016699,3236
Baclaran,2020,5,0.5070679405270486,0.27766301194890036,0.38097841031820756,0.22864677373108488,-0.47560085258645834,0.18271984217919637,3236,-5.964659265848973,4.371973143697932,-13.812733402726673,2.593677049315428,3236
Baclaran,2020,6,0.46864177337947005,0.2864464444796011,0.37050134040964705,0.2569759722374418,-0.4666131307215252,0.19036266888008344,3236,-5.951264373449855,4.181658298906979,-14.142006037630178,2.5760060716498048,3236
Baclaran,2020,7,0.4310494165194693,0.26905989428517046,0.33253281612378216,0.25528519556834106,-0.40889157254173497,0.19008816149750418,3236,-6.564564897108959,2.806658625315841,-12.610706986009859,3.760712153153521,3236
Baclaran,2020,8,0.5151805749566057,0.2281180964486042,0.4439499861597525,0.23128373016529355,-0.4579725197167821,0.168412785757175,855,-5.549846794177514,4.031575458281033,-14.43631017937502,3.429005315999885,3236
Baclaran,2020,9,0.47197015662912095,0.24453687743800007,0.424371276298062,0.24749083160185958,-0.41890547265063,0.17172842659528637,3236,-7.009940882889161,2.830675524046936,-12.52416294049681,3.371306814018291,3236
Baclaran,2020,10,0.539512816039417,0.27519549966171664,0.3876413851289725,0.22471605024645547,-0.5044236135064151,0.17952135808035818,3236,-3.768660070256885,4.434611432246367,-12.214054636961157,2.282579002408331,3236
Baclaran,2020,11,-0.03351382166147232,0.009032815732656933,0.2795494332909584,0.12059302794460017,0.07666411995887756,0.0044949870980016265,5,-4.960679809653089,3.882305122326453,-13.206178982892938,2.2826822465955354,3236
Baclaran,2020,12,0.45202196244131626,0.2581879289812996,0.2808881295584334,0.21007709148629253,-0.4488206214307786,0.17728116506948507,3236,-5.392943596194545,4.111620607903921,-14.176604324346247,3.171986779643059,3236
Baclaran,2021,1,0.5147512294948631,0.16964183059772683,0.4382949484548669,0.1725758819975039,-0.4553348143217136,0.131736518928239,281,-5.518135007561886,4.023306172852746,-14.463401229002212,3.257687716513255,3236
Baclaran,2021,2,0.5284346933847086,0.2820455229642807,0.36167659459786466,0.22979054119931014,-0.5059539483849452,0.1886385232263054,3236,-4.94152302849591,4.260551637051952,-13.584012076884916,2.7971202336031644,3236
Baclaran,2021,3,0.010592116974294186,0.0,0.014771406538784504,0.0,-0.0286320261657238,0.0,1,-6.129109893098422,4.36424809320993,-14.387920008270047,2.5942406032033887,3236
Baclaran,2021,4,0.5781049281358719,0.0628955382261744,0.5134047617514927,0.07246495055253013,-0.48403988778591156,0.04829618756180319,6,-5.790105858472471,4.149217929410935,-14.05631740537689,2.5316200340025388,3236
Baclaran,2021,5,0.3922812436090235,0.21972124338358007,0.3135991909309367,0.19219622151266574,-0.4182231014126703,0.1465363614524626,3236,-6.251461610154044,4.351901169209473,-14.451055665135533,2.919091563328723,3236
Baclaran,2021,6,0.40732340274136497,0.22648386483593744,0.38418194000175687,0.26120843218136947,-0.3528639272632445,0.17598303803536552,2444,-5.148775601144812,4.0241939959392665,-13.722776373408552,2.775110651842646,3236
Baclaran,2021,7,0.33156048975608965,0.08917058443580772,0.35330417614292214,0.16280221515368185,-0.2761236462328168,0.09514912072662084,27,-4.928357725578078,4.5229621765416494,-14.649811728195036,3.9557458788971838,3235
Baclaran,2021,8,,,,,,,0,-7.098967636362794,2.866395887154328,-13.054853538164645,3.7559434805693095,3235
Baclaran,2021,9,0.5673351994499352,0.2924181073921613,0.4006576388447866,0.2234051608016294,-0.5315353926770536,0.1924715476604112,3236,-6.010340054841038,4.368734414147743,-14.226426800374494,2.729168572557043,3236
Baclaran,2021,10,0.4825507046259711,0.1682419251551907,0.45188166720397555,0.2119415885807355,-0.44120182431857974,0.12235128567210529,396,-6.756938753555189,2.6458144943271336,-12.205153988331194,3.158543043505572,3236
Baclaran,2021,11,-0.008360579077686586,0.06294480465160729,-0.03840068035892078,0.14463537092141437,0.020882162132433484,0.055087914112575284,7,-4.80498951477743,4.167298005862292,-13.516599026687095,2.750250970705818,3236
Baclaran,2021,12,0.48640333651129714,0.26854046262215914,0.32096807405812505,0.22460479924272472,-0.47807033485974626,0.18284607694470398,3236,-7.042135837653465,2.8477408374235367,-13.018851525782056,4.04887899483482,3234
Baclaran,2022,1,,,,,,,0,-6.879112903763665,2.8356151073631723,-13.00159433201255,3.8037242899366466,3235
Baclaran,2022,2,0.5223050378143392,0.27088286066461026,0.38125146014372624,0.23528839557777328,-0.49384521828926625,0.17629608423826518,3236,-7.092519568401131,2.932542803076275,-12.483739370137117,3.496728975354062,3236
Baclaran,2022,3,0.4833700609985775,0.27403583092468603,0.35731648429418167,0.22149846888593983,-0.48365379041590395,0.1783759064390843,3236,-7.162744113787494,2.79437256903411,-12.61025628729347,3.241221816692377,3236
Baclaran,2022,4,0.4204922972716085,0.23566108681444153,0.35470313386080304,0.2169172553636277,-0.4151420398413672,0.15647967258436704,2977,-6.848624091454389,2.728571331927104,-12.118863345060518,3.0815552119599636,3236
Baclaran,2022,5,0.4634535244432434,0.2720050282433214,0.35085097688806305,0.23634385105947514,-0.4588121214316157,0.17921007873970307,3236,-6.38151869555642,2.5532715813026066,-11.820271562324475,2.9409282493508266,3236
Baclaran,2022,6,,,,,,,0,-6.188693844845411,2.845319254149698,-12.060163133177983,3.5617703537117307,3235
Baclaran,2022,7,,,,,,,0,-6.327577565382667,2.6368604474440738,-12.505821087129425,3.798527089779762,3236
Baclaran,2022,8,0.6057969780056564,0.1493074025691492,0.475489843135373,0.15836001267152944,-0.5168334833371919,0.11869149880158439,1382,-6.714230136173672,2.7273040043252728,-12.170188914150987,3.17536289538803,3236
Baclaran,2022,9,,,,,,,0,-6.376943888154903,2.7643923476313743,-11.643899564441321,2.9008633985868717,3236
Baclaran,2022,10,0.3755324695747896,0.23134084857751347,0.34352017853592254,0.2528012732410313,-0.34838860785293446,0.18016376852701066,183,-6.061382892908832,2.8148109804273203,-11.293286683680241,3.192622715289911,3236
Baclaran,2022,11,,,,,,,0,-5.681877666187402,2.673055980156022,-11.116326339349454,3.047889212126864,3236
Baclaran,2022,12,0.5515658054953545,0.2341855512864348,0.4241344864748062,0.22367154540768522,-0.49665527203924936,0.1713956674906079,1728,-6.654780932670758,2.627221810577581,-11.99386939629963,3.1608571078873546,3236
Baclaran,2023,1,0.49093121447999694,0.265242474118585,0.3289907457153654,0.2272025620627716,-0.4681604625770469,0.17821517888634084,3196,-6.7763160618024205,2.7443862187438497,-12.594661556628655,3.7680448977353374,3236
Baclaran,2023,2,,,,,,,0,-6.615789031041193,2.6814883741019733,-12.415463522572784,3.680156826877021,3236
Baclaran,2023,3,0.45942649513380246,0.2527197803252485,0.35833153615029845,0.21347276128339657,-0.450198667221047,0.1647678614078073,3236,-7.112550072118106,2.7320644578788578,-12.380579817427707,3.349595370598837,3236
Baclaran,2023,4,0.47509983718456783,0.24261815349633514,0.3932615346369167,0.21902023455729794,-0.4549954041312829,0.1590741762602757,3236,-7.220828701809617,3.062412509026462,-12.451725028317112,3.3788041411103924,3236
Baclaran,2023,5,0.4299455514157034,0.2142139218469178,0.3817478418199766,0.20561568538422506,-0.3995062980604975,0.1499413545225851,3215,-6.854794541047758,2.8915822076634163,-12.194835174980733,3.2264404143650314,3236
Baclaran,2023,6,0.489230011881791,0.29337830872756493,0.3602926236181989,0.266401829944662,-0.4755372284671696,0.19415218109842342,3236,-6.2671850661986666,2.452140282734344,-11.75605134871569,3.0026957446698637,3236
Baclaran,2023,7,,,,,,,0,-6.382564272363153,2.896886500547758,-12.420132920268085,3.8780008329946374,3234
Baclaran,2023,8,0.4085738163963453,0.19872620299328647,0.43457554242527235,0.24773182010197786,-0.3381302746554803,0.13939077434784225,3236,-6.733267183991762,2.83491912594713,-12.311713083233876,3.331484126979199,3236
Baclaran,2023,9,0.5676875237670006,0.30334704510814176,0.39201673596354303,0.2308142224860583,-0.5339896093812917,0.19661719347941428,3236,-6.340719475853801,2.615666625050444,-11.498373621656842,2.9116113475368466,3236
Baclaran,2023,10,0.47121717491298,0.24669299774721526,0.3770502315329748,0.22668047922761403,-0.4540962053140961,0.1636281504246633,3231,-5.801298055622266,2.661718353805584,-10.77554812834901,2.8852304919675884,3236
Baclaran,2023,11,,,,,,,0,-6.190807075594289,2.6640356963337863,-11.429176300589091,3.1378112835213123,3236
Baclaran,2023,12,,,,,,,0,-6.504477998077042,3.0353374453209794,-11.97814065310757,3.958380475261427,3228
Baclaran,2024,1,0.314955324179181,0.214570847337725,0.2408039498510607,0.19239857895328327,-0.36630805169892744,0.15684740317123738,454,-6.891681347527272,2.9012972425273764,-12.478338689390217,3.992841985034928,3236
Baclaran,2024,2,0.5434473124621949,0.2696719385980804,0.38710674551103713,0.22174172670354808,-0.5231360453617696,0.1742533794260145,3236,-6.813501437537702,2.495174694045482,-11.994865129928575,3.075574620791786,3236
Baclaran,2024,3,0.4618827377157428,0.2604339887703547,0.3374860191270075,0.20962662504528917,-0.44896584296457537,0.1700580352556829,3236,-6.924870111591514,2.6086161827823933,-11.943990196408695,3.063955100138947,3236
Baclaran,2024,4,0.4223032418465208,0.2720091634390224,0.32437156962307473,0.2321004029378657,-0.45326401303264424,0.18298117995870197,3236,-7.445562424493709,2.9891277633565916,-12.656677297059758,3.6240046092760196,3236
Baclaran,2024,5,,,,,,,0,-7.254547098375538,2.7851096014078194,-12.482260295686086,3.507895403697229,3236
Baclaran,2024,6,0.5004861431707317,0.2689576501326874,0.4628824482040769,0.2805270824739965,-0.4608776602658155,0.18978924540922362,3236,-6.747069027646678,2.583418074350968,-11.893755002492938,3.1552692219832963,3236
Baclaran,2024,7,0.3025107773929602,0.15058787137898857,0.2939134471879231,0.17568038506001898,-0.28127743706674047,0.11336861168969938,2392,-4.90265547432181,4.3510208673372555,-13.593378684583344,3.260018534514221,3235
Baclaran,2024,8,0.38841577205127786,0.1609201910738048,0.38730205597262257,0.1820118689221443,-0.3321525300538976,0.13055976697674265,2106,-6.6106175938621154,2.8426143619952398,-12.168051598117005,3.8557832657103552,3236
Baclaran,2024,9,0.5141593535068506,0.2864476526877465,0.3661801321962619,0.2368373910414907,-0.48228655497007705,0.194057660566728,2828,-6.5596974001596084,2.657138332113796,-12.079440816398835,3.641210388124952,3236
Baclaran,2024,10,0.5347706340650507,0.2990572832686806,0.38643047391220914,0.2403757729659092,-0.5078855114378672,0.20444164739114482,3236,-6.495188832898346,2.7689697964686677,-11.453974485521673,3.200986771902536,3236
Baclaran,2024,11,0.418375752225677,0.24646648784874492,0.3000367616131072,0.2046730451806833,-0.4301784501744477,0.16998958479439202,3214,-6.680316249152118,2.7078979608985208,-12.047941833048405,3.5285680013431895,3236
Baclaran,2024,12,0.46706687544733627,0.27027276503087794,0.34110953775631403,0.22782160915233823,-0.4578594421277597,0.18391102664202594,2405,-5.602647249592059,2.8372907772924956,-10.973600687845932,3.3086567429315794,3236
Baclaran,2025,1,0.45074682475041594,0.24899457705556272,0.36483989707175807,0.23694474678171018,-0.44615154659224565,0.17446812862849284,3236,-6.127413588469209,2.818448206285783,-11.660164677032721,3.554964772563875,3235
Baclaran,2025,2,0.4646626348942806,0.2511128437941873,0.3362136362834877,0.22785915639303414,-0.4404448259057665,0.17015688203556212,2629,-6.505249765976728,2.76322325351336,-12.005771134518382,3.5963099279336026,3236
Baclaran,2025,3,0.4813732118386107,0.2620597155919074,0.35181797617807176,0.2208709833017426,-0.46759834009294887,0.1742101854702139,3236,-6.6368453276674,2.782301103969826,-11.99817936884973,3.5456003590442506,3236
Baclaran,2025,4,0.46399598938051956,0.2453559417150076,0.3918946069560275,0.22667892604971634,-0.45361375387793135,0.1677471857651981,3236,-6.273433096791592,4.595426007629624,-14.715382904182727,2.800377011840866,3236
Baclaran,2025,5,0.4656958849974192,0.28887248842481805,0.4020859314072016,0.2743559869589227,-0.4550873748482329,0.19689026098523285,3236,-6.808902670430032,2.8593262410314275,-11.819120191249493,3.30312330722744,3236
Baclaran,2025,6,,,,,,,0,-3.6439502362702902,5.0405966958085315,-12.844282907050443,2.853948996593043,3236
Baclaran,2025,7,,,,,,,,-4.624606207207098,4.245608887988967,-13.442214546837997,3.287081671449991,3236
Baclaran,2025,8,0.2730018850482549,0.1962201872228886,0.2571961240725275,0.1856223529155676,-0.3078486060188624,0.1463428058648949,839,-6.114560025106371,3.2310565751768774,-11.94710746824243,3.981175309276693,3236
Baclaran,2025,9,0.46110770382622124,0.2530995268276177,0.3413808232686005,0.23342904798622247,-0.4284022680079758,0.17762439860732515,3236,-4.17566744022361,4.462730156177119,-13.085116480984848,2.5300351265784857,3236
Baclaran,2025,10,,,,,,,0,-6.2776935464148345,2.9441515597763317,-11.592311683945512,3.3976821644107917,3236
Baclaran,2025,11,0.4582711900085816,0.2740676316867532,0.30108170764717124,0.23181472892368996,-0.4531257093173415,0.19388875719772883,3228,-4.221144129642729,4.183521663599639,-13.017294398662063,2.4122079540630113,3236
Balibago,2020,1,0.36255850858855493,0.2910040624271429,0.2378945905473375,0.2063424747701306,-0.3602067727124101,0.23849870963082614,6810,-4.204189513187732,4.147007043325079,-12.25661371026991,3.633210402436689,6810
Balibago,2020,2,0.33832652895248005,0.25959093263859917,0.23687690698120123,0.19192852121283835,-0.3488893584723789,0.21677402852164812,6810,-4.625280296274888,4.333576977268137,-12.736741299407816,3.8066233601701422,6809
Balibago,2020,3,0.2641153411387752,0.2519945297436862,0.19031662302490696,0.1906195489534995,-0.29211498666927554,0.21707490277295266,3404,-4.729769319859295,4.461749232632985,-12.848413627102817,3.9237265473452845,6809
Balibago,2020,4,0.2639780739074345,0.24400718806125749,0.19182919345331495,0.1974905723252163,-0.28485547836990677,0.21224456367842934,6810,-4.8272235823028415,4.620560436694707,-13.035837241081122,4.047137191506129,6810
Balibago,2020,5,0.3401196428943486,0.2789014071860047,0.2820410750474042,0.24744024090719702,-0.3219999161574738,0.2280961918807522,5394,-4.1291294666029215,4.329343578778579,-12.308792935527302,3.760589979568917,6810
Balibago,2020,6,0.44869503383829,0.32931417827545084,0.36629440924542744,0.3967581198764575,-0.41606493356447666,0.26315870238828964,4952,-4.322611711716255,4.259157798188633,-12.552167362144175,3.6872159232281416,6810
Balibago,2020,7,0.34053563794916397,0.2959612885406418,0.2736294003025767,0.25387012904249157,-0.3284269133834912,0.24345708472866331,6577,-4.680447820186698,3.37143703586455,-10.574406650395735,3.7481896645124952,6810
Balibago,2020,8,0.36144617760268233,0.29039896075405325,0.28583458809935136,0.24312293064829296,-0.35123576552655655,0.2366760918251533,6091,-4.092876424139788,4.1044887975655024,-12.057451606340297,3.499912951866116,6810
Balibago,2020,9,0.3564965773260579,0.19075471126939128,0.316078627305353,0.18714833879090637,-0.3338248684447813,0.15744077406718718,6751,-5.033258792492464,3.405772519114184,-10.818258480957983,3.797076917013269,6810
Balibago,2020,10,0.3041068193269894,0.09110032382029652,0.28905507078161474,0.08937170959203623,-0.2667077642108779,0.08495238866733164,128,-2.217510805647128,4.2628398553724764,-11.095999851125837,3.199732688037122,6810
Balibago,2020,11,,,,,,,0,-3.6692789325308697,4.0989186014206505,-11.963471699163971,3.4793617487842647,6810
Balibago,2020,12,0.391153456617338,0.30860320605763064,0.26231325026127816,0.2345760219416109,-0.380679967746106,0.25812905551144366,6810,-3.9989848166776087,4.092245710529844,-12.192496893601128,3.608550134070751,6810
Balibago,2021,1,0.37058846490057656,0.25748692523708655,0.2887903659813294,0.21992621564534495,-0.3465625074632164,0.2153106679968308,4886,-3.9835483548834585,4.1807034318542176,-12.230897845612857,3.6239950681562454,6809
Balibago,2021,2,0.38516742483169353,0.3073366874439491,0.2716697391829184,0.23601043643804742,-0.3794772826801731,0.25305140027211137,6806,-3.2258611461494735,4.271658884824886,-11.800127258508743,3.498646712005485,6810
Balibago,2021,3,0.12011607736349106,0.0,0.3123483955860138,0.0,-0.12747757136821747,0.0,1,-4.402149005866016,4.34752866647097,-12.595943913642778,3.75056857099853,6810
Balibago,2021,4,0.26662334263119297,0.22231490498881593,0.24477936759933952,0.21694644225128523,-0.280223788481629,0.19411838994778557,4780,-4.410170687460129,4.32886637406968,-12.583433018639562,3.7995279213484894,6810
Balibago,2021,5,0.2752623721497888,0.24531531559019334,0.20191600209479954,0.19318513466131065,-0.30121135996942444,0.21345974932685075,6810,-4.6048234727583965,4.513570032681668,-12.853442222303224,4.066241653130131,6810
Balibago,2021,6,0.22388944721815068,0.13982822200153724,0.30613420341998265,0.20466651316456427,-0.1783085337944717,0.12469316889288111,596,-4.161017059487214,4.291531689544863,-12.535423422323511,3.885589264204711,6809
Balibago,2021,7,0.4083147590756416,0.13735121787758356,0.45811106897890586,0.20459799870523995,-0.33821215644478825,0.11066329222864697,125,-3.2181499093055916,4.1696297226717745,-11.708253521031324,3.5315729205774535,6810
Balibago,2021,8,0.412282156087193,0.28245653698489753,0.4442555523953406,0.9195402721473531,-0.35601974647399875,0.23523790469757153,4376,-5.3019114936485785,3.585706479438628,-11.165505916725985,3.9643256450754483,6809
Balibago,2021,9,0.3979728710036752,0.32264328459190944,0.2917058653716703,0.2664095048452259,-0.3854529841246005,0.2653761584161808,6810,-3.686849672625607,4.164185927675288,-12.028237950182548,3.5308370183864004,6810
Balibago,2021,10,0.4078924199458232,0.32087090363826076,0.27771594093444185,0.2452221633102897,-0.3984130656111671,0.2670329307512538,6732,-5.460058612906273,3.630434128110271,-11.21572690269068,4.079714427535099,6809
Balibago,2021,11,0.02249684315174818,0.06617249242410898,0.04675297569483519,0.1516887020275045,-0.02144805724092293,0.0824310016548371,20,-3.792163980638706,4.099653316748044,-12.214871196400122,3.430192565513071,6810
Balibago,2021,12,0.3527286220613136,0.30678523704119187,0.23950427059785673,0.7418422926336703,-0.3528051765945571,0.2606893863782851,5526,-5.426865362848335,3.466883177654337,-11.095435942276211,3.9716179984982998,6810
Balibago,2022,1,0.15903330852205932,0.05751773874305851,0.09280010133695145,0.03704922662049679,-0.15837200028965107,0.04944310606391654,26,-5.590599194292005,3.652515622695506,-11.192714100771207,4.053632447729281,6810
Balibago,2022,2,0.3328334726474422,0.27478066129834033,0.22764954305532423,0.20793792618823398,-0.33687353500817296,0.2334415060253834,6810,-5.599170605583316,3.656760907308993,-11.233230152693903,4.299706460712901,6810
Balibago,2022,3,0.32106815174138476,0.28385235918514734,0.22241929069115443,0.223290907450438,-0.34015137544421964,0.24245004494412253,6810,-5.701110742206805,3.569815858151272,-11.367730369479045,4.205691870115749,6810
Balibago,2022,4,0.3247984922750186,0.259974341541473,0.29219618727816027,0.25962839160744916,-0.31649937978075443,0.21770994923865372,6654,-5.457498628487845,3.7417814006697316,-11.271307580470163,4.356021424040971,6807
Balibago,2022,5,0.36253908271635726,0.3054309067656445,0.27380096555094857,0.24697548178778908,-0.35586729364710806,0.24994106694669102,6810,-4.783409634959587,3.552599112809389,-10.744618789854522,3.9774580886517064,6810
Balibago,2022,6,,,,,,,0,-4.7084356126706846,3.597244287269397,-10.775548116542677,3.961487220857495,6808
Balibago,2022,7,0.38963255423777005,0.3414910218934599,0.27331321262022207,0.5345071466338261,-0.38114787129951655,0.2820029612499472,6810,-4.38590099777907,3.479600967273364,-10.478838298729421,3.7591624421167946,6810
Balibago,2022,8,0.35890135951435603,0.27535047379493877,0.29490192270862425,0.2502890698382407,-0.3355875206572535,0.22563552767531322,6808,-5.207008770201404,3.5374759624854244,-11.009067011168298,3.9728396357827704,6810
Balibago,2022,9,0.4382545096771234,0.30835594232598373,0.367278970089143,0.37907012780062077,-0.41138221863523267,0.24433672333487588,2919,-4.397344448596024,3.4614042230784206,-10.305006694526595,3.709133778490972,6810
Balibago,2022,10,,,,,,,0,-4.196215542832832,3.5535227940556564,-10.163601443750352,3.7652895566447726,6809
Balibago,2022,11,0.32905285008381463,0.2856888327219473,0.23443908540983968,0.22898173333846072,-0.3142343680830646,0.24056394426268962,4439,-3.763506667738751,3.4644520540116233,-10.011361286920975,3.4758990404463033,6810
Balibago,2022,12,0.3769562451484991,0.3144418670254149,0.2606282495069991,0.24848581540404116,-0.37190413225657826,0.2646167008942996,6810,-5.2367030524759555,3.4818836405365157,-10.993339258798532,3.8927913426369525,6810
Balibago,2023,1,0.4251733031753805,0.2809966965721926,0.29953845622901565,0.22288489640926812,-0.4069746796339567,0.23145525783640292,5255,-5.396900776686785,3.6784453137204234,-11.037129358205117,4.1329093533446,6809
Balibago,2023,2,0.33102428482239504,0.07473847508007479,0.30674702754939903,0.07445278075250793,-0.2809245606143791,0.05956817165022018,83,-5.221311126787851,3.5732318733778623,-10.9167165093047,4.015037692315368,6810
Balibago,2023,3,0.28862292452868943,0.24646883412666093,0.20981482858967285,0.19146747227285027,-0.316174704739729,0.21306516867844968,6810,-5.493198164438217,3.707158461377212,-11.14367588213212,4.113457305907624,6810
Balibago,2023,4,0.3225334202757675,0.2545285085471229,0.24709534335823932,0.2054986950795789,-0.33479564026873654,0.21243368300879903,6800,-5.383071920591533,3.654042627887016,-11.114750788016483,4.0912725896356905,6810
Balibago,2023,5,0.3482631376937717,0.260257948300626,0.31384065428645935,0.2500981789992774,-0.3323162235232524,0.21365253383431657,6810,-5.199310512050502,3.812827177777055,-11.058363320427691,4.188892578036216,6809
Balibago,2023,6,0.37764566303720515,0.3552665063541507,0.299845791888472,0.4206311782771228,-0.3693947286891537,0.29370000547235187,6810,-4.39332733110408,3.4125181178578257,-10.490048536138607,3.6979384368094252,6809
Balibago,2023,7,0.3546176782043794,0.32380615841776017,0.2667994024443802,0.8159672095257413,-0.3417830561865097,0.2685211653336379,5985,-4.131666396625164,3.498071759980156,-10.383507711662704,3.696968549790483,6810
Balibago,2023,8,0.3618323614520877,0.16676494351617538,0.389817403075812,0.2149958133016285,-0.3156672999162754,0.13323747474054967,548,-4.444560662981674,3.5642587982772556,-10.594508145921129,3.81446143676397,6810
Balibago,2023,9,0.3755000504537023,0.31545758370603505,0.26768963749399083,0.3921691392607021,-0.3671090144611677,0.26305896573702275,6810,-4.235207014861518,3.4269146129080084,-10.325791099795543,3.6442696999311686,6810
Balibago,2023,10,0.4647119192358775,0.20395944939957525,0.3603876870221052,0.19538131089748625,-0.4042831506962195,0.1723154297070512,39,-3.8426347063022925,3.494503994924873,-10.060867839810898,3.6409081152314346,6809
Balibago,2023,11,0.20465608136284924,0.07889727799093574,0.1630792916708049,0.0632856130577946,-0.16715060076898053,0.06828236151185049,42,-4.367970375161843,3.5911195214085794,-10.23839069879948,3.7630609547489735,6810
Balibago,2023,12,,,,,,,0,-4.357901823163797,3.5284762626231143,-10.350139448840432,3.7875787964593024,6810
Balibago,2024,1,0.0032669794997976444,0.07147389335898731,0.0072328683898030275,0.1474827303172213,-0.01172913250380329,0.07743172427233495,105,-5.172149027938266,3.7314925353141333,-10.77246752104987,3.8803236443789575,6810
Balibago,2024,2,0.2960065003964965,0.19850066743640182,0.22717784082435363,0.15814084672894865,-0.32061687864169913,0.17026115251489002,3977,-5.276134786128122,3.6924134314570876,-11.074718753023792,4.0622106428886235,6810
Balibago,2024,3,0.07722054021510151,0.20660762167446503,0.0369383138389329,0.22165054459960198,-0.09923110936210754,0.20608178935726526,347,-5.40261551957707,3.76982611784442,-10.875840764526291,4.008422098432113,6810
Balibago,2024,4,0.25179900308162717,0.25852625026719617,0.17483705594696483,0.2334303119416968,-0.307552661332415,0.23561903417692473,6810,-5.5540416247684385,3.8781597535734478,-11.393952231868072,4.385974401839285,6810
Balibago,2024,5,,,,,,,0,-5.458941868759591,3.8269939488980524,-11.104280382675217,4.156389941594849,6810
Balibago,2024,6,,,,,,,0,-4.90797058652472,3.5170173234762303,-10.614727333357564,3.921676592067765,6810
Balibago,2024,7,,,,,,,0,-3.3449194279999777,4.360556772116192,-12.038159730872938,3.736181703347657,6810
Balibago,2024,8,0.3313465477236399,0.23624895609038646,0.3148972407224588,0.2423156376691934,-0.3121297598383752,0.19405054858442958,5681,-3.9360245845293744,3.5667824258931713,-10.12964492211539,3.525747709773969,6810
Balibago,2024,9,0.3193975518768634,0.2830215381008581,0.2373186268873128,0.23858409027546357,-0.32514842134462607,0.23859137623885757,5413,-4.747948052049933,3.616480049267851,-10.683472611786176,3.950899962389152,6810
Balibago,2024,10,0.3626165207728979,0.31798669640580807,0.26318776596277904,0.38911812034637194,-0.3613122979142471,0.26795674443265693,6810,-4.159650549101185,3.398607133441175,-10.096336545130812,3.5161763062479077,6810
Balibago,2024,11,0.33815159225507735,0.2785423384164744,0.2482053503958875,0.27008112888050656,-0.34742242726636297,0.23937532216138016,6265,-5.208421499108468,3.6771107640826743,-10.936730325444092,3.9888313300324154,6810
Balibago,2024,12,0.2629576710009321,0.22652730220488548,0.23754591993781743,0.8542648624148289,-0.2464988634463982,0.19545925209501697,1449,-3.80919455209386,3.470365417957871,-9.818887070363443,3.591629083198081,6810
Balibago,2025,1,0.38075953297539433,0.2818418086035133,0.2995352204191526,0.24279609834556135,-0.3822287545127555,0.2372513105706173,1157,-4.533712116091227,3.4164602895964706,-10.57238667662943,3.699668434421739,6810
Balibago,2025,2,0.34847322242651546,0.2974097579605531,0.2675334981832521,0.38700340243149717,-0.34597643339629847,0.2523083674198329,6810,-5.033147697045657,3.717336721012657,-10.646620992291185,3.83116098339731,6810
Balibago,2025,3,0.33439893481076755,0.2639520345778877,0.24805707953249065,0.23210898405160843,-0.34400912811298345,0.22863463716465673,5672,-5.064721246079842,3.4984655983700277,-10.894921333038683,3.900268783927359,6810
Balibago,2025,4,0.20258840648930962,0.16793998108529515,0.16300313399662655,0.14116210351403732,-0.2353144936066248,0.1602551278480687,295,-4.476952653647819,4.437335022370017,-13.15553976576107,3.6930412161382398,6810
Balibago,2025,5,0.2647029680772467,0.2691692541298721,0.2058779909911379,0.7786903542593709,-0.2848113220146399,0.23671782646075928,6810,-4.835668195654032,3.583663926000824,-10.684061416106257,3.843292527463067,6810
Balibago,2025,6,,,,,,,0,-1.9005771079386289,4.525040681153995,-11.375193966657218,3.3379721617742106,6810
Balibago,2025,7,,,,,,,,-3.555477642457821,4.335645826449415,-12.047243341267896,3.5956288548190574,6810
Balibago,2025,8,0.3565720526617843,0.3125334448043504,0.24923491718694454,0.9300943859962887,-0.34546471463890926,0.25986564308908366,6572,-4.351236340416312,3.5802801220453784,-10.472745544357126,3.704496331501855,6810
Balibago,2025,9,,,,,,,,-2.580865668250452,4.328379956968422,-11.537765572941245,3.2774645762847086,6810
Balibago,2025,10,,,,,,,0,-4.410139167397413,3.5203406466824627,-10.537678336885724,3.7280889985715744,6810
Balibago,2025,11,0.36765612384926394,0.30623858079539323,0.24398774397267395,0.30757627818962846,-0.36246099433353207,0.25715664860032833,6566,-3.18306640300361,4.210797055399773,-11.844299629610731,3.2917617905289673,6810
Banaybanay,2020,1,0.4497204234477828,0.2912896199045678,0.29286143541555193,0.21216262049554285,-0.43780968359718436,0.21838901778919692,10345,-5.376931001359935,4.619768552404573,-14.046162725489518,3.3752712514875074,10342
Banaybanay,2020,2,0.4183735792776035,0.2638951137084374,0.30020765326364496,0.20612044824442674,-0.4215357328795611,0.20073578126769623,9606,-5.835929543388432,4.803899414199898,-14.572453049824224,3.4417250301349616,10342
Banaybanay,2020,3,0.355392019534197,0.2568763440780472,0.2415221971006547,0.18889683850624106,-0.3830347489607206,0.20267178313101064,10345,-5.8672551473799786,4.9611996173526425,-14.535124716477853,3.430249371002843,10344
Banaybanay,2020,4,0.3183810284430919,0.22926765266378785,0.23475059716249638,0.18038611119993903,-0.34139325198612097,0.1859278273804184,10345,-6.0040844600551,4.987585985846613,-14.811302062194896,3.5922119270546333,10345
Banaybanay,2020,5,0.43264220539891607,0.308809182730553,0.3256079209171031,0.26015285639243196,-0.4083723883869855,0.2326513580067099,10189,-5.1458274039699665,4.897251496961319,-14.013051897710897,3.3524746863076196,10345
Banaybanay,2020,6,0.44899353089952077,0.31069179471750746,0.3450441434451456,0.2713398687308267,-0.4334472316362465,0.23592781570723714,10235,-5.5439656054327635,4.744792481758446,-14.3737799238804,3.1857796103005587,10345
Banaybanay,2020,7,0.442726151467711,0.29347972280869744,0.3478835103409469,0.2521953489480155,-0.4133556460028472,0.21971128617517452,10304,-6.04443044653178,3.1486432876192127,-11.786525170703097,3.586406194571576,10345
Banaybanay,2020,8,0.46904544964933387,0.28922990664897846,0.3725479541458209,0.24890424894257898,-0.4424803949085842,0.21914643621012364,9881,-5.2330770489034935,4.600518951640326,-13.904699697368864,3.035470239748505,10345
Banaybanay,2020,9,0.4435567078409688,0.25308319913151395,0.36962235521205694,0.22810244959773923,-0.41726367244734514,0.19358148892996452,10345,-6.738724942295181,3.2412562323473804,-12.250586087990344,3.703381753019705,10345
Banaybanay,2020,10,0.4639296292567364,0.2695688540282274,0.3625225824652102,0.37139892095998667,-0.43051458085109107,0.2057376724110323,7579,-3.0483213944942396,4.845645436626821,-12.329565933503714,2.8144586384048353,10345
Banaybanay,2020,11,0.2537381067235446,0.08831480266229384,0.21692441212885744,0.0859017541890636,-0.2056361411497752,0.07864799355606283,158,-4.682869754439729,4.565132348216042,-13.52997316465196,2.8827068969737653,10345
Banaybanay,2020,12,0.48359180720776485,0.30143481576004383,0.3221699285179997,0.22914150266760866,-0.46421705013496556,0.22967804715547074,10341,-4.967210544649087,4.557353714655619,-13.722450813545924,2.9544069351436133,10345
Banaybanay,2021,1,0.44543774249113877,0.1348535832064924,0.41297476099836744,0.1550043501849377,-0.3872918093478994,0.10820658033155059,912,-5.022330784909774,4.622989902669466,-13.905433055126124,2.9656952491074264,10345
Banaybanay,2021,2,0.4390358703112335,0.29346452879053686,0.30761918680695927,0.2280159972190883,-0.4383931776949174,0.22394792320991297,10286,-4.210932363254597,4.7985839529985475,-13.092363640220189,2.9210093331835982,10345
Banaybanay,2021,3,-0.0016775805612697322,0.06228132611166519,0.005976762119269767,0.15992253632868078,0.011076562661294117,0.06360456871415773,17,-5.516080558064305,4.801689194241819,-14.543317830964854,3.3901799266863755,10342
Banaybanay,2021,4,0.39507903262487426,0.20222895026716486,0.3257097468006117,0.18301871743922316,-0.38426463090423313,0.1613096798895764,1322,-5.6249764002118,5.0679553997524565,-14.663779895591327,3.537205194639367,10344
Banaybanay,2021,5,0.3260417892831037,0.2400249623640075,0.23437114781871515,0.1875261563148335,-0.35988177183593506,0.19598408665413794,10150,-5.975086359708133,5.135780446672318,-14.960068608980112,3.7445454360754926,10341
Banaybanay,2021,6,0.3978799627370337,0.1980403190968873,0.5166814155194653,0.29610519127231494,-0.3236445938295582,0.14391062421282566,4054,-4.790769175735128,4.850006816585064,-13.845137745412488,3.2880257465142413,10343
Banaybanay,2021,7,0.48031716444600847,0.3318157853105248,0.4285095756332986,0.41028585900481673,-0.4432082828566695,0.24795611329302927,7857,-3.9269912591375156,4.68716579318865,-13.238155731833862,3.0485767350171167,10345
Banaybanay,2021,8,0.5168745997774726,0.2853052768626017,0.46077096129896356,0.2924948134668455,-0.4580494443427272,0.23234915000825385,3310,-6.87264471599528,3.304911848811761,-12.469920055992212,3.802844570010213,10345
Banaybanay,2021,9,0.48311206132294615,0.31803087529682333,0.3517301849400623,0.2734010106899208,-0.4607061641098921,0.24098210827349903,10345,-5.1152713086325985,4.620210609833111,-13.868602745342486,3.0475606589303257,10344
Banaybanay,2021,10,0.44880559708980544,0.29111391254565355,0.3026097629977687,0.4900008434782587,-0.43413227200557963,0.23162526986522805,6517,-6.7402363418154225,3.2642190066545362,-12.191138475581486,3.8494080353297804,10345
Banaybanay,2021,11,-0.02451454378698566,0.06064155177189197,-0.08015219315818353,0.20502683140884237,0.04378010965841143,0.06261336914657124,82,-4.131522007939913,4.7922938475203845,-13.223277801282455,2.9373188332532765,10345
Banaybanay,2021,12,0.4824580460293772,0.3011852311802397,0.3463421359984283,0.24884055111554224,-0.46019715506047826,0.2335757917601777,6978,-6.742767808485457,3.1722706569858548,-12.226912841714523,3.76815550408221,10345
Banaybanay,2022,1,,,,,,,0,-6.898956276778087,3.3312929264034237,-12.438207480904637,3.989404802709662,10343
Banaybanay,2022,2,0.4126412325955298,0.28476957178320494,0.28023960859625574,0.21953563470391976,-0.41146151769423805,0.2209989876289811,10345,-7.005405087691048,3.3875241323951357,-12.414730572142023,3.9904368032298483,10344
Banaybanay,2022,3,0.39342242636244906,0.2838040788039861,0.2772636701325227,0.3722719328913783,-0.41279114455628313,0.22700085576304954,10345,-7.16714383542496,3.3171072485340383,-12.5196607355124,3.9465208839369037,10344
Banaybanay,2022,4,0.3873264636341672,0.2604209829308384,0.30834593434958885,0.22840190748367104,-0.38057921511989534,0.20574028170903186,10345,-6.521163170166206,3.2476433256835717,-12.10258874609102,3.8190981275344806,10345
Banaybanay,2022,5,0.45338301743981907,0.3105043234110197,0.33469745968973136,0.25893593388363173,-0.4331880241370472,0.23600982675808693,10345,-6.249924953586062,3.1382682355563483,-11.999241640456058,3.636369689490794,10345
Banaybanay,2022,6,,,,,,,0,-5.844022975689474,3.27776960000827,-11.636193561453515,3.6513147911970467,10345
Banaybanay,2022,7,0.47863164963007776,0.3390187273009757,0.34186338275564027,1.2718766684961054,-0.4608520765436358,0.2583533801509188,9635,-5.868337710848476,3.0950177734705515,-11.517047504800486,3.5138154470505873,10345
Banaybanay,2022,8,0.43564719001559327,0.2798583139101025,0.34211454962308624,0.24276041371467338,-0.4035258281188406,0.2143965608959648,9574,-6.280677218273629,3.1546094693549356,-11.824892588014341,3.6264396163502806,10345
Banaybanay,2022,9,0.41385474465719807,0.14662694517502464,0.40380594819216253,0.14871860988636215,-0.3621427745519449,0.11358477936564643,551,-5.920698868323284,3.1817204723400563,-11.38887776078492,3.512219037867518,10345
Banaybanay,2022,10,0.5870442923158411,0.18802786108487018,0.5944282214390115,0.20281364791936007,-0.5054092632140967,0.14501640965062462,320,-5.479507592148195,3.3420907052589546,-11.031441283082629,3.5779868610693204,10345
Banaybanay,2022,11,0.3052634747143379,0.10783220015609102,0.2398085266090276,0.08633734630358868,-0.25151408454379964,0.08801844926824917,399,-5.2338855749281645,3.246292861206774,-10.951539520915913,3.531365130220675,10345
Banaybanay,2022,12,0.4554244600393731,0.29655111855008165,0.32239608483911075,0.2491342648171384,-0.4426856815981628,0.23472096561206462,10219,-6.458888501440419,3.1687997868031346,-11.986634142011942,3.6867116764219214,10345
Banaybanay,2023,1,0.4821422194285633,0.29634146033200554,0.31532274808380556,0.22667187702678057,-0.46249176874794234,0.2302915618245057,10345,-6.7723462922384,3.371624906137495,-12.098149109602199,3.844123792519591,10345
Banaybanay,2023,2,,,,,,,0,-6.764761879357417,3.358288524263755,-12.129695775091346,3.8818062612727213,10345
Banaybanay,2023,3,0.3509579268155116,0.23891546416953183,0.2564567653968067,0.19169267381028104,-0.3705988245009249,0.1947816810333572,9887,-7.052658218321587,3.4724305993776996,-12.461076980117603,4.082089331125322,10344
Banaybanay,2023,4,0.3855246409987375,0.25413969797324865,0.2894586806029112,0.20079184010637316,-0.3926877080477617,0.2001465047372162,10345,-6.8946935722399045,3.5307295244973846,-12.479293071083655,4.156402842099407,10343
Banaybanay,2023,5,0.3375290962466629,0.21405471624712566,0.3250545513924418,0.20868504497326493,-0.3222017490685287,0.16551065791783304,6985,-6.777756743365005,3.576724270812855,-12.350836325060799,4.116809674395322,10343
Banaybanay,2023,6,0.4646904694742117,0.35046095057284604,0.36514173271630507,0.3890345654488332,-0.4467485857601723,0.26513842141869337,9598,-6.5366371456360834,3.27727743631238,-12.184067636494769,3.809168488320685,10345
Banaybanay,2023,7,0.42101132226452875,0.32133079305267936,0.3470964729504684,0.38827837101502,-0.404250625670032,0.24692776176365622,8559,-5.73396446982189,3.2640796324659456,-11.485143129348906,3.638165019337419,10345
Banaybanay,2023,8,0.30069780772504334,0.15570516622049296,0.4110156161181393,0.24380575313123198,-0.24162998344777087,0.11563455254258424,3311,-6.310650761603278,3.4047019718920506,-11.929892977210512,3.776482610792804,10344
Banaybanay,2023,9,0.474327647418903,0.3297328342011792,0.3103029262600797,0.35299465858422957,-0.46214865203620414,0.2539325947569177,10345,-5.753227987809259,3.197450978733721,-11.363716203650794,3.490787763099872,10345
Banaybanay,2023,10,0.43511888880248833,0.250667750688803,0.3902183452019654,0.2294070149558014,-0.40294564300737606,0.18890684524778767,1226,-5.320871094246847,3.2533245896295204,-10.968720531008799,3.5127694072397526,10345
Banaybanay,2023,11,,,,,,,0,-5.714817149072157,3.232766989629467,-11.151200564184013,3.5987407746500755,10345
Banaybanay,2023,12,0.38201265249933525,0.03021896154376683,0.4398451862590654,0.05323444330395343,-0.3376152281250272,0.02578556463485559,28,-5.751867895021056,3.2973742939970814,-11.455503107210586,3.626390466298846,10345
Banaybanay,2024,1,0.4768905400080953,0.21677416213387626,0.3246655725201389,0.17029348565027766,-0.45863617082561153,0.1835304304726377,1863,-6.601320874093435,3.4358537332631305,-12.004246039933108,3.8946664225209466,10345
Banaybanay,2024,2,0.3987757763675518,0.25608671468340194,0.26365990369441566,0.21372103687355912,-0.4247444464213922,0.20496721317233654,9609,-6.802862333075557,3.345232631354218,-12.219492552441322,3.8891450296191077,10345
Banaybanay,2024,3,0.289953614175707,0.2483965830889243,0.19543429621671654,0.21181010337698247,-0.31873158081427605,0.20690299670230675,7098,-7.097995925513944,3.505820683268274,-12.193898630241108,3.9834433452498854,10345
Banaybanay,2024,4,0.28765146929362395,0.2466663904046386,0.25272735350087444,6.249074920110066,-0.3607371886802877,0.21799178000710703,10345,-7.127387186139252,3.7119306990808747,-12.700287053701997,4.413933527538073,10340
Banaybanay,2024,5,,,,,,,0,-7.173174981688124,3.815724990961231,-12.659108096411316,4.365015306967967,10345
Banaybanay,2024,6,0.4190853099655846,0.3078321229988049,0.37824784881989565,0.3274963398399878,-0.39826871907263717,0.23287814853965957,7291,-6.392064539563301,3.2563156785602865,-11.766114921779371,3.6890865793976446,10345
Banaybanay,2024,7,0.03932601337631544,0.02179474717950529,0.15813597540060678,0.09560558769327386,0.0009527706230680151,0.021142709275470684,3,-4.013714928522528,4.688362016388446,-13.436568866487503,3.287742880168157,10344
Banaybanay,2024,8,0.3952942946543345,0.2435760644864561,0.36830121311506414,0.2469647848627736,-0.3638113878813723,0.18597314248522215,6125,-5.67330901139756,3.4875137411999515,-11.182391978488747,3.540828345278854,10345
Banaybanay,2024,9,0.4706869505829113,0.33507175647976395,0.33285849657288136,0.29041893401877855,-0.45061034173705744,0.25674255449058114,10345,-6.199405777469461,3.473395480878254,-11.682817512353477,3.7086324806183892,10345
Banaybanay,2024,10,0.44768620746865473,0.3315828253143924,0.33275694766485714,0.31254566852474536,-0.44032824883561394,0.256226484660718,10208,-5.69636226982181,3.274085799001727,-10.998211411281817,3.41726986375635,10345
Banaybanay,2024,11,0.43364540360615683,0.279003178816315,0.30203319421861463,1.0739215461817155,-0.43037174685134727,0.22131722247842314,5201,-6.594984974273115,3.3495016173246546,-11.998287046653521,3.8991970313289146,10345
Banaybanay,2024,12,0.41455031567440953,0.29853848736061556,0.2949300113750967,0.875620436302095,-0.3995427545574123,0.23359810178196444,9745,-5.281977159201534,3.2426395719616754,-10.841521535284434,3.6315353865683715,10345
Banaybanay,2025,1,0.451555340823668,0.2746011941223396,0.3600709831403279,0.3899329048900702,-0.4445507571266499,0.21874296869467846,7534,-5.895419572931207,3.2794945714761146,-11.451417471960157,3.712734227154414,10345
Banaybanay,2025,2,0.4148624871453999,0.2952641071022591,0.31943115486921886,0.39525221252937537,-0.40864951748984796,0.2320646858650167,10269,-6.604347247077044,3.4801515551031748,-11.83533140582429,3.915491360967609,10345
Banaybanay,2025,3,0.39765658492897843,0.28048730826598584,0.27852346934465483,0.49548018898665125,-0.40934999138872774,0.22138607457229087,10345,-6.5130568944156435,3.300621347617553,-11.95588114153965,3.9172207106109,10345
Banaybanay,2025,4,0.3314971058594823,0.22631843660212744,0.25203678377093514,0.9001522018502797,-0.3623201766168842,0.18646718098996717,10345,-5.656806713703923,5.181100220832768,-14.951583639258999,3.459244262152012,10345
Banaybanay,2025,5,0.34966412794488755,0.28657577175537546,0.2519609788480258,0.49407417155387584,-0.3690728210977791,0.23141563324001016,10345,-6.602723258315832,3.442322211395349,-12.094707006268374,4.057935645923361,10345
Banaybanay,2025,6,0.04081396758556366,0.0,0.21635204553604126,0.0,0.010116560384631157,0.0,1,-2.635214362895959,5.393766195099261,-12.747639020205723,3.218336394242627,10345
Banaybanay,2025,7,,,,,,,,-4.138406241775909,4.684897995100658,-13.343435268304303,3.21281349538466,10345
Banaybanay,2025,8,0.473611414902427,0.31892737645734576,0.3794663848912192,0.2911619346472472,-0.44532033001881194,0.24361117828776724,3879,-5.790302938001018,3.380619042001155,-11.362774566665422,3.618204071850376,10345
Banaybanay,2025,9,0.4903361163336258,0.2939259242917119,0.404207162929487,0.24470648518020277,-0.42273946056356443,0.24132164770859635,741,-3.224702766717322,4.851318422826504,-12.719997741410864,2.8726591340409837,10345
Banaybanay,2025,10,,,,,,,0,-5.862518407667926,3.2826810849364594,-11.349506678243628,3.596990380557318,10345
Banaybanay,2025,11,0.44560337776222453,0.310544199879686,0.29270056548803225,0.31174695364630123,-0.43226467059507223,0.23608815965614008,9185,-3.752627297862479,4.642438997201643,-13.103626055192244,2.8934268444997078,10345
Banlic,2020,1,0.4304149873228426,0.30495792208172495,0.28318276200333325,0.2213719881468489,-0.4332621371109634,0.23120177405139794,4093,-4.783260719445279,3.7003532704558326,-12.154219624189759,3.1812623362093904,4093
Banlic,2020,2,0.4082295716409695,0.28088095287047526,0.29341853099876225,0.219735896506268,-0.4202408786253392,0.214974094716426,4093,-5.155956770658793,3.7907628732493266,-12.668766025490203,3.347582712061142,4093
Banlic,2020,3,0.3629071307793893,0.2832948360162538,0.2490424958319252,0.20454331948576732,-0.3888606638600758,0.21973073975082333,4093,-5.227361606889073,3.85409970772496,-12.65384064758031,3.37401285182223,4093
Banlic,2020,4,0.33846324033607095,0.22412768406132236,0.26698219170792514,0.1855416501756474,-0.35634065273431087,0.16903972089792296,2099,-5.4182384425096615,4.05293045562344,-12.868115113037389,3.551405519721332,4093
Banlic,2020,5,0.40282679616718364,0.31605024445644736,0.29482381534260077,0.243064041518795,-0.39214018238479936,0.23892635876277074,4093,-4.631840168731624,3.7985321482014713,-12.148715021876491,3.241891540059723,4093
Banlic,2020,6,0.42740467656753717,0.3443227091554945,0.32368095823225385,0.28420915542157127,-0.4237647559113711,0.26266261252318984,4093,-4.881026078168962,3.9028749198220742,-12.40784899026861,3.299130715252598,4093
Banlic,2020,7,0.40898651068739555,0.3068082418360996,0.3325434674109175,0.2635172283365068,-0.39529229571440005,0.2300867478174688,4046,-5.44757340236339,3.031138766240227,-10.694301133033807,3.4721981493111973,4093
Banlic,2020,8,0.4424788076740842,0.29538353324716476,0.3817333907230372,0.2838950189509164,-0.43081274646216533,0.2219807287879233,2935,-4.594932076459097,3.6603482023476968,-12.037357882756503,3.1548010269881597,4093
Banlic,2020,9,0.43891897847841105,0.3029905722578013,0.3584518727997535,0.2646371990579261,-0.4278638770215125,0.2368788165446178,4093,-5.8525974708298385,3.018099930688378,-10.958905855812201,3.463316920598039,4093
Banlic,2020,10,0.4463439199412183,0.3091242060245737,0.33442179465700866,0.25569233246896333,-0.44426496542430094,0.22923621999873497,3301,-3.0720073352741912,3.6696454568056756,-10.953041374665219,2.8734336437248134,4093
Banlic,2020,11,,,,,,,0,-4.21266554865038,3.664696167165275,-11.798067301016632,3.1057531239110476,4093
Banlic,2020,12,0.44289486921616317,0.3200200158892915,0.2970484839634847,0.24598898087279242,-0.44876310325073215,0.24797040079370747,4093,-4.346967459110771,3.7230931185767693,-11.938408893942382,3.160339049336615,4093
Banlic,2021,1,0.4075990434560221,0.2542886214979734,0.32691510058224643,0.23131778894902197,-0.39358472781301407,0.2003849507926787,3061,-4.4425900886931995,3.7714109888992255,-12.131095806549522,3.1328685194264283,4093
Banlic,2021,2,0.4297083929653746,0.31293657278098325,0.31330479960163155,0.25209825209417536,-0.43517314591726763,0.2377272335117893,4068,-3.747035766407221,3.810389929743415,-11.73972792557383,3.0853920903717116,4093
Banlic,2021,3,-0.005289738888249678,0.05562278522209463,-0.013568302616477016,0.12856534233257128,0.014679303892668989,0.059854201319647304,34,-4.76580870070857,3.94621915090224,-12.459235739199544,3.3891994086986004,4093
Banlic,2021,4,0.38531812733467874,0.27955038898016826,0.38834704451635543,0.318453214285635,-0.3708215635398277,0.22625345866012328,544,-4.3744420298822275,4.023126070995566,-12.183655140497779,3.283755775582089,4093
Banlic,2021,5,0.33864363343593923,0.26879710372090054,0.2589301141419435,0.2142556657167442,-0.36135197985706813,0.2106634100888367,4093,-4.964375255442895,3.9855079886869995,-12.575965850529581,3.4041664672120073,4093
Banlic,2021,6,0.5277176797389984,0.04530462622642517,0.7706743478775024,0.0846518874168396,-0.43427786231040955,0.04827749729156494,2,-4.252159499579264,3.9586048860624374,-12.012085626484327,3.3541308110418853,4093
Banlic,2021,7,0.4300770834622686,0.2552390885350221,0.4461080370950839,0.2970677372561313,-0.398797453881122,0.19252897460319424,3135,-3.679465855596015,3.8177757338176983,-11.597858848138499,3.18033832512035,4093
Banlic,2021,8,0.35862057404318076,0.24810282542164694,0.3231209224687869,0.24712893578359788,-0.3208404547220341,0.20610021999587674,1325,-5.860540687079473,3.1371894111682077,-11.225417046148094,3.781990878368611,4093
Banlic,2021,9,0.4419049800776195,0.34606663563942724,0.33781050559712517,0.29023446555443655,-0.43854147920434194,0.26410397662010826,4093,-4.517819183817686,3.815271879460225,-12.232872332755967,3.402731082854448,4093
Banlic,2021,10,0.35109841567142996,0.20461279559910814,0.31368049160224143,0.19354583689517996,-0.3560904567964889,0.16692122212443136,725,-5.9294039698364465,3.0880706397653572,-10.951903251764051,3.6396436597197144,4093
Banlic,2021,11,0.2960773597683256,0.23513152653581262,0.22207288660751223,0.19561288240418126,-0.3063218517755691,0.20542111456899825,610,-3.5549561355744017,3.9354957639036123,-11.569817127536004,3.083054415525263,4093
Banlic,2021,12,0.4583259905493785,0.32241749486117843,0.31841175614750317,1.1469697935483187,-0.46115771153977053,0.24476997299242134,3087,-5.864645998058502,3.0546346806644418,-10.784476053826719,3.5518619951909707,4093
Banlic,2022,1,,,,,,,0,-6.077352543442148,3.1495473021597147,-11.098966283827947,3.737842984368107,4093
Banlic,2022,2,0.3640504003143234,0.23239864285639084,0.273239229834228,0.1774817793523283,-0.36918199150836795,0.1818552114432843,4072,-5.935962517431152,3.0722147837067237,-10.93154505100102,3.5868643618777916,4093
Banlic,2022,3,0.3768609952449367,0.3052205307924404,0.26030568347139277,0.22429106252701533,-0.3978660511758166,0.2364295375226511,4093,-6.12891119623621,3.0490000872775687,-11.033941227037085,3.6172792821270066,4093
Banlic,2022,4,0.35519876891846436,0.21674191105174212,0.30578517641830816,0.1842548564184872,-0.3478116003829947,0.17286485294158904,3681,-5.411749041983762,3.0924563092115487,-10.409180771889167,3.44566988235664,4093
Banlic,2022,5,0.42562944386654716,0.3247069194325471,0.31815384804453983,0.2564664136269443,-0.41932421022248384,0.24334549509695436,4093,-5.422778572748566,3.0448815298594187,-10.856625292705951,3.4945610346851836,4093
Banlic,2022,6,,,,,,,0,-5.125183758052333,3.191093541061946,-10.585377564102005,3.4458247907145982,4093
Banlic,2022,7,0.44600991130595696,0.37365739328674563,0.3291440235135006,0.3229433915332559,-0.4434150529888928,0.2863141629418235,4093,-4.91659688738218,2.8969227224906535,-10.314491004582264,3.255150274663878,4093
Banlic,2022,8,0.41236923268098674,0.286684926284569,0.3390937322668631,0.2573150039737401,-0.39709698720121506,0.22071300304283104,4093,-5.413365260487283,3.0284034943500067,-10.682209914332626,3.426653566779951,4093
Banlic,2022,9,,,,,,,0,-5.098276061992278,3.0363221808628493,-10.42906726068245,3.3810147407671765,4093
Banlic,2022,10,0.5737640439386826,0.24985675078225283,0.5450781047882802,0.2598123619547217,-0.5130544291382814,0.1846950040211939,166,-4.784095251108364,3.0171685907724237,-10.096338511448975,3.3488362990835605,4093
Banlic,2022,11,,,,,,,0,-4.500538846090478,2.9728087656079936,-10.026469839537041,3.2252716633433645,4093
Banlic,2022,12,0.4367672966739091,0.32281367313770015,0.32128666579354276,0.3156485901314746,-0.4380698238428406,0.24968376654837346,4093,-5.768556625347433,2.9706327130876993,-10.772574066267493,3.4731420353884137,4093
Banlic,2023,1,0.49396041574113514,0.3065026417858639,0.363029469817218,0.2690385028738225,-0.48772962761394867,0.22531762975625882,2884,-5.90459583754677,3.1021021152609682,-10.74834048390596,3.5202552165093706,4093
Banlic,2023,2,,,,,,,0,-5.6778655811490735,2.9217204152749323,-10.6275751578824,3.478423012101635,4093
Banlic,2023,3,0.4342774790992234,0.26726346534408874,0.34756475406982257,0.23053255963513158,-0.4216703466717891,0.19688904846726563,1635,-5.898802187421972,3.0856158529186852,-10.916123622119615,3.605842364137031,4093
Banlic,2023,4,0.38515639751553693,0.27628924071205724,0.3012983769828962,0.2285535282748648,-0.3934071294182867,0.2075176129327513,4093,-5.7778789680955285,3.1690029250475167,-10.844750729212086,3.582748561201569,4093
Banlic,2023,5,0.4264470471658855,0.27558224467037895,0.3958800340135019,0.2743472618340552,-0.41008076649455577,0.19772410168277113,3539,-5.801022506905126,3.329638152778599,-10.915456400779844,3.8085405986226872,4093
Banlic,2023,6,0.44343139513047053,0.35144269014955165,0.36747971534646967,0.31958306561988287,-0.4348629711663474,0.2623871245288769,4093,-5.500928285069089,3.0066602991958433,-10.831577768075613,3.5912472588632323,4093
Banlic,2023,7,0.4425982601730531,0.3508903083205661,0.3656576278023823,0.3341212967921425,-0.429932962546455,0.2631925139205961,4082,-5.041226226232562,3.0942938714216384,-10.497456417437919,3.4879056214914037,4093
Banlic,2023,8,0.36197778818193815,0.2136722557975932,0.49627608065656353,0.3420147350995538,-0.31994489224738665,0.16177840948265496,872,-5.372803126937762,3.1219368148862356,-10.692574708765532,3.5575197348416068,4093
Banlic,2023,9,0.46461076199920825,0.36839636082701244,0.3320175300905851,0.34388257827487045,-0.46518485890637046,0.2801577088492912,4093,-5.071553468536874,3.022730021000598,-10.350691640931606,3.3102999843037915,4093
Banlic,2023,10,0.5359244543522957,0.24861671378791292,0.531680734621761,0.2849581859695902,-0.48221347611402854,0.19186174280337423,853,-4.5634163863388695,3.132458757179874,-10.090553472018604,3.4419431443280333,4093
Banlic,2023,11,,,,,,,0,-4.9921316743067035,3.049471987389101,-10.15467286100594,3.3000535507832227,4093
Banlic,2023,12,0.3550328584726032,0.18648407639920306,0.37966656111707014,0.1979732221772986,-0.35124253834632646,0.1455533166768736,3915,-5.0076379690407045,3.0415810534544723,-10.355157969137235,3.5117567642455394,4093
Banlic,2024,1,-0.0058156120657388635,0.05711002907684861,-0.0181974979649697,0.13477857064271426,0.021204106509685513,0.05637557148316673,35,-5.7810527967014185,3.1621946784466983,-10.676837301340951,3.5117695420971717,4093
Banlic,2024,2,0.38793568368725195,0.29434263924479204,0.257311777418374,0.2176440803798699,-0.4175212513417067,0.22470586964860073,4093,-5.840294384760028,3.0533493325206473,-10.756524666489003,3.587366714433029,4093
Banlic,2024,3,0.3398478702816477,0.2837568047950563,0.23069570744789353,0.21181593152895165,-0.35738517782778945,0.22005059534114116,4093,-5.9737111699766166,3.1621358455498814,-10.71671938009354,3.60702811332891,4093
Banlic,2024,4,0.30045356880744334,0.2698623555228672,0.19594569320403435,0.20548326826313615,-0.358471445069106,0.22194905864362055,4093,-6.321528166832536,3.501541556786505,-11.4764150910884,4.174449534500827,4093
Banlic,2024,5,,,,,,,0,-6.412918267282399,3.5937909333254443,-11.51091503512023,4.390901548640883,4093
Banlic,2024,6,0.4614512163424227,0.2855672336341396,0.4353594538494918,1.166231500485352,-0.43338902103625687,0.19841429915363817,1099,-5.672653766309253,3.131250382276614,-10.744402342888034,3.697534716401156,4093
Banlic,2024,7,0.34567268460989015,0.12642449986638127,0.43233269551221043,0.1877617029961553,-0.2901632985472678,0.093734289773672,425,-3.9240868170062475,4.034008512002716,-11.789235617182717,3.6273880577848914,4093
Banlic,2024,8,0.29537882796597303,0.18881938638946671,0.29852816859888787,0.21815099747084113,-0.3075583407669225,0.1358906825371755,403,-5.0888207755347885,3.147950920708563,-10.390299663928847,3.359158948096434,4093
Banlic,2024,9,0.4062458889793768,0.32847151121232954,0.3032373302691842,0.28409760821268487,-0.40984638337214463,0.2516612275328559,3720,-5.352752282316064,3.118318412008886,-10.703930819724322,3.61053931230877,4093
Banlic,2024,10,0.3952439787635346,0.33615404514782676,0.29720104224327737,0.29436784413331635,-0.41202586479308917,0.25835272811384896,4093,-4.914921799143548,3.044032500462452,-10.128730028561908,3.3471207982897355,4093
Banlic,2024,11,0.35800200201788257,0.2807480872566302,0.2638679631207086,0.2390978794787536,-0.3823026723732658,0.21839873529826231,3695,-5.668070566200398,3.206258654497126,-10.742997665159471,3.816181568876651,4093
Banlic,2024,12,0.37367435258674003,0.3112807367077231,0.2773613311021428,0.272042627055467,-0.38382274969407026,0.23834978951882954,3780,-4.6431842703447765,3.0327173212155754,-9.822837577261273,3.3453432796974143,4093
Banlic,2025,1,0.3451528112222695,0.2892816942845555,0.2628023027666365,0.2559919244774555,-0.3787818594326504,0.22464400079903413,4091,-4.975584646126666,3.071021009533772,-10.290220973227726,3.53126368356644,4093
Banlic,2025,2,0.2992282638483306,0.16364817730807354,0.29511143347035185,0.160542378904553,-0.2997700271737311,0.12843099459946639,3633,-5.633734542270118,3.1249660917530666,-10.709333833528197,3.7591267135093176,4093
Banlic,2025,3,0.3453922604957238,0.2968614251713801,0.25838471894775156,0.25632924907732213,-0.37429773869514016,0.22810937818903154,4093,-5.571223148469572,3.0579306839861276,-10.708430887477318,3.7737467294447766,4093
Banlic,2025,4,0.30722020224515856,0.2561576450949963,0.24616919537983512,0.22416652940951895,-0.3368787560631876,0.20081158038510827,4093,-4.914995707914065,4.204111632857099,-13.051613654585418,3.765972152265338,4093
Banlic,2025,5,0.32401905083462057,0.3304874254913828,0.20994379689683762,1.8011036213299279,-0.3388859470274161,0.2610318499754222,4093,-5.860934657365886,3.253409044030975,-10.920679192246455,3.8229787311402426,4093
Banlic,2025,6,,,,,,,0,-3.0380074690688774,4.1016571336106615,-11.536354774280387,3.4300884423073765,4093
Banlic,2025,7,,,,,,,,-3.9846419929178336,3.9333653372507977,-11.827713886686817,3.5695852545964666,4093
Banlic,2025,8,0.43888269778216943,0.322266640633275,0.3727565950443112,0.31808300558475,-0.42756608334967344,0.2503768069910781,1124,-4.788860269852898,3.238755021803197,-10.231846630974651,3.442332704900048,4093
Banlic,2025,9,,,,,,,0,-3.475309988726692,3.912243017433107,-11.436264418176595,3.488567821971917,4093
Banlic,2025,10,,,,,,,0,-5.051209260337786,3.210757376123971,-10.249109797378113,3.4382603175726163,4093
Banlic,2025,11,0.35851159202576494,0.3272165443099291,0.23188115157143527,0.34318167739942373,-0.36826764071111534,0.26759378886361945,4093,-3.7961897365314248,3.988338138653967,-11.678095527727903,3.6179464384832944,4093
Barangay Dos,2020,1,0.23158793038458925,0.2096332376158503,0.13026878241524406,0.12256569836107117,-0.2738284143390204,0.17265644702717572,368,-3.1409349634474037,3.973120191730403,-10.996905053358374,2.9529624687130323,368
Barangay Dos,2020,2,0.22411143111378856,0.16707252499964473,0.15344851634480333,0.11849217013360408,-0.2657983562227026,0.14103441332363054,368,-3.2301158808682993,4.026857110694159,-11.194680284603082,3.133539381346094,368
Barangay Dos,2020,3,0.20712740881042352,0.18992614658760976,0.1304628291293382,0.12498363707549566,-0.2604054369604335,0.16149514150031938,368,-3.402624407881849,4.106115908531966,-11.153780427315954,3.1391659376082988,368
Barangay Dos,2020,4,0.18293729242348336,0.1831144719212667,0.12779330088940938,0.1346704182354761,-0.22547437416506008,0.15700827699249723,368,-3.3577985113496784,3.9388921201856077,-11.362770812990876,3.292076205299361,368
Barangay Dos,2020,5,0.212416459182271,0.23176601138336517,0.1449067298526643,0.16942885420584486,-0.25101440561411437,0.19103713455033317,368,-2.940913871955632,3.9142895799996467,-10.924864540119533,3.194027242676736,368
Barangay Dos,2020,6,-0.04538383856415749,0.09523778031138407,-0.09680122956633568,0.19633526578028782,0.03687979429960251,0.09462063702187122,5,-2.9563145885578077,4.021618610761137,-11.070614590593001,3.034471494693299,368
Barangay Dos,2020,7,0.22048911738159435,0.21464504421748462,0.1571383138383206,0.15980106873846786,-0.2585464949960349,0.18116466012806232,368,-4.636668666610088,2.385948180273008,-8.558195477270564,2.88269592830748,368
Barangay Dos,2020,8,0.18796942941844463,0.13987726805490347,0.13475832296535373,0.10638118653283632,-0.27528330869972706,0.11325539263246491,8,-3.0968724570006803,4.125240816822544,-10.980937541017063,3.20408461795509,368
Barangay Dos,2020,9,0.2707076356467875,0.13462171935470602,0.21859493894937804,0.11378025553875769,-0.2952974760713834,0.11217920436048184,368,-5.1637476630503825,2.5963881268158935,-9.270780984858932,3.0119894190097773,368
Barangay Dos,2020,10,0.2833219031238481,0.1785607535916838,0.2020382666486074,0.12377879827905885,-0.291837068679915,0.15195398513028058,54,-1.7176220015377193,3.9470749301712877,-10.169907267812794,3.0403183385683534,368
Barangay Dos,2020,11,,,,,,,0,-2.869970500671668,3.733311285436876,-10.701082841209743,3.086338517143879,368
Barangay Dos,2020,12,0.26300751259575766,0.21810122261122433,0.15354283870597685,0.1399035094520401,-0.310550202524452,0.18636942319871008,368,-2.82915100128815,3.691407560979603,-10.9532649151009,3.153314669911739,368
Barangay Dos,2021,1,0.24787882767351618,0.15813668577298176,0.1566927642016837,0.1029065597623808,-0.28156915263805,0.12851583782820983,140,-3.174159799014095,3.8800975155160993,-10.83875149025824,3.0386457170574683,368
Barangay Dos,2021,2,0.24019936764765887,0.2027398403051136,0.14875453016979318,0.13346570974654662,-0.2945384026912188,0.17514214854239551,368,-2.4746005829833644,3.891834118368026,-10.744930905816354,3.183183833506037,368
Barangay Dos,2021,3,,,,,,,0,-3.0016041517323484,3.6968258799886535,-11.109424389250893,2.865710173117459,368
Barangay Dos,2021,4,,,,,,,0,-3.0892449496010257,3.860200587336876,-11.125628036973277,3.0640371695694952,368
Barangay Dos,2021,5,0.1959424068975393,0.18063522463085202,0.13926819996018114,0.13236739752064022,-0.2469940710946938,0.15697672318373207,368,-3.391353912676846,3.7741132951976883,-11.225798161781361,3.169903133449326,368
Barangay Dos,2021,6,0.19333029337323515,0.1282165769912222,0.25422299710550317,0.18819533052068438,-0.16571674197684444,0.10334448536104673,368,-2.721314293150183,3.699880281808434,-10.998426885060638,3.422692752644641,368
Barangay Dos,2021,7,0.2353755063005614,0.2156104674876194,0.21597083979482376,0.20912185564884686,-0.26021761517321207,0.18180457572888487,368,-2.3621150849528783,3.7598697394101417,-10.07668101892847,2.890959990774635,368
Barangay Dos,2021,8,,,,,,,0,-5.0002680833896855,2.7405033832708887,-9.014735385127693,3.2045228162877306,368
Barangay Dos,2021,9,0.2508682062055057,0.22785382348268413,0.1669774212103854,0.15961154228224766,-0.2959063387010561,0.19044494051896527,368,-2.5469240140696234,4.003554700829726,-10.667100676628968,3.2206290474272885,368
Barangay Dos,2021,10,0.2673006215509697,0.22990904390887873,0.1723712590273467,0.16300387293101876,-0.3223228662777136,0.19277215285100627,368,-4.90625914574965,2.828360470954661,-9.028199236759018,3.121007902742148,368
Barangay Dos,2021,11,,,,,,,0,-2.9183521898066025,3.8989551332255257,-10.852071705658966,3.0507666455857736,368
Barangay Dos,2021,12,0.2695663360528944,0.2295898578051257,0.16009513315973734,0.1479841081445978,-0.3261329170294946,0.19569044226082336,368,-4.918919331758569,2.579529679595573,-9.234109820555082,3.153096205078711,368
Barangay Dos,2022,1,0.05243057373445481,0.07898176901072335,0.024486537149641663,0.03986216226583333,-0.09091869070349883,0.05359040322626147,12,-5.049757465882143,2.8695963268039386,-8.962059066266471,3.158188249316075,368
Barangay Dos,2022,2,0.23008182778974745,0.20028972225631328,0.1416003201522235,0.13042058890779476,-0.28155537414410087,0.17256352075326598,368,-5.083222951699538,2.642142030941964,-9.218652823211052,3.1750185582944024,368
Barangay Dos,2022,3,0.22013176980007026,0.21216092191646665,0.13896838297122208,0.13951895398516315,-0.28193326702223764,0.18217923528872135,368,-5.1017712154324455,2.538581898907528,-8.98775371666187,2.8995052725526227,368
Barangay Dos,2022,4,0.22195426067337398,0.18491495525382362,0.1639285523623024,0.14584414792093128,-0.2533051547849525,0.15516798074248098,365,-4.638708727150834,3.1018839482853924,-9.128371881321067,3.0620749123903495,368
Barangay Dos,2022,5,0.2384755527257411,0.22289028738598846,0.16396692002798882,0.1585488064857912,-0.28487301762778905,0.18436227265600755,368,-4.32324400512785,2.515107013791342,-8.849519552824937,2.970639487851267,368
Barangay Dos,2022,6,,,,,,,0,-4.516570850877785,2.918695373453648,-9.038895408501437,3.060034793903804,368
Barangay Dos,2022,7,0.26011560239535564,0.2680215351166374,0.16798633523886441,0.1784675115189078,-0.3098156562242052,0.22392933235779552,368,-4.194840551247697,2.6893691069881838,-8.71864544357295,2.702947118988474,368
Barangay Dos,2022,8,0.2598688701315124,0.20808788455665908,0.18476045245125014,0.15359506228522402,-0.2859676486025466,0.16960125619070449,368,-5.067464397430584,2.919201903636938,-9.117583781480787,2.8384565746159134,368
Barangay Dos,2022,9,0.2768881971686156,0.21144092995754976,0.22224131145850656,0.16546382441683768,-0.2990824359510164,0.1740118977430182,363,-4.023051377292217,2.837773306836491,-8.6578837804719,2.8033097672046847,368
Barangay Dos,2022,10,,,,,,,0,-3.8991079703985685,3.077434106822691,-8.516822613863043,3.0306252859929548,368
Barangay Dos,2022,11,0.2149610569079717,0.13294589267989626,0.121739836409688,0.07342702417080538,-0.22502961506446204,0.11346409999933423,3,-3.579365865985417,2.997883999819759,-8.634054437806098,2.74467277275157,368
Barangay Dos,2022,12,0.2718626609547874,0.23281443608054922,0.17066185952242677,0.16025350303782399,-0.3170584086955112,0.19782022545418468,368,-5.001431963907598,2.8703289415734465,-9.160232919389792,2.6733609531657523,368
Barangay Dos,2023,1,0.2836670586690637,0.2050667999844887,0.17767746707534599,0.13844998769823685,-0.33076556980655486,0.17302728789031502,368,-4.906263720841429,2.8792143653607907,-9.158152331800572,2.997207408314123,368
Barangay Dos,2023,2,,,,,,,0,-4.5924549166761,2.7834977329395576,-9.195759551680602,3.051501491905857,368
Barangay Dos,2023,3,0.2049162513453072,0.1616292462399091,0.14390627586347,0.11576774092547103,-0.2577620619727185,0.14022845128331288,368,-4.88959844457998,2.7399546392267777,-9.221881447602875,3.0555639717140557,368
Barangay Dos,2023,4,0.22847740502861014,0.17280277457809395,0.16459578322974275,0.1289838657589089,-0.27759928466105566,0.14406165877737004,368,-4.803047553408363,2.883784131748465,-9.375429874528999,3.0562086753751365,368
Barangay Dos,2023,5,0.4934113547205925,0.12477671668423779,0.39656564593315125,0.13219878064048338,-0.486736461520195,0.06338194773942347,4,-4.254400162259111,2.9007689973153177,-8.845492159795908,3.1516351959587667,368
Barangay Dos,2023,6,0.238670360758276,0.2667671254193134,0.1587189325973668,0.18849728845817387,-0.3007005525451743,0.22332500755107623,368,-4.480124951988133,2.6690267333754214,-8.659696308572014,2.94504918733784,368
Barangay Dos,2023,7,0.23800841708029818,0.2329980911243612,0.16601078816308054,0.17059568219051785,-0.28158053788660153,0.19457003402410686,368,-3.8859507328243486,2.6361165433419402,-8.550942455681602,2.761038594007794,368
Barangay Dos,2023,8,,,,,,,0,-4.4229004333351245,2.894520007656853,-8.909068951950124,2.9895275205301797,368
Barangay Dos,2023,9,0.2618811454734028,0.24618168039400626,0.16194205980465756,0.15985600023424165,-0.3148622337960301,0.20500073835408186,368,-3.8331964885734986,2.6175919310131555,-8.527843736679007,2.8516324335923917,368
Barangay Dos,2023,10,0.29180756888606324,0.0897538538891769,0.22626633106759103,0.09372240055126346,-0.2820159029780012,0.07494735839343818,33,-3.393778654321542,3.073580782590329,-8.51655161801887,2.9314355277963857,368
Barangay Dos,2023,11,,,,,,,0,-3.9983523519413593,2.9143344160530407,-8.714000718344165,3.0099852857391727,368
Barangay Dos,2023,12,,,,,,,0,-3.9784378555815914,2.817624272951243,-8.883674495003136,2.999737049374209,368
Barangay Dos,2024,1,,,,,,,0,-4.630541561895215,3.1265516683476324,-8.861210442107659,2.906054692702532,368
Barangay Dos,2024,2,0.2514592160569799,0.19044033609844338,0.15284803663930874,0.12866875899637092,-0.31837966875647716,0.17212192168645524,368,-4.552349231165388,2.7908751337970465,-8.864971112115715,2.6917284813015736,368
Barangay Dos,2024,3,0.1893105124663291,0.11462343425708303,0.14158972010650825,0.086346660462804,-0.22825835019002505,0.10811277063699327,345,-4.74886628025105,2.9005672719997517,-8.915285906754445,2.8295459933515374,368
Barangay Dos,2024,4,0.19222466098163635,0.2009190541905373,0.12377093751796488,0.1392228529910864,-0.26906894426033634,0.1824749590337057,368,-4.9350595982547905,3.065084343114285,-9.313382229423558,3.2236589114688283,368
Barangay Dos,2024,5,,,,,,,0,-4.79168796201196,2.8236969865798827,-9.016593609491133,3.004682539345403,368
Barangay Dos,2024,6,0.22028803080320358,0.04938096798033132,0.229965478181839,0.05008126410362466,-0.2276264801621437,0.04275179008248375,6,-4.4925146899793456,2.825084933556066,-8.688331338860424,2.614801642902167,368
Barangay Dos,2024,7,,,,,,,0,-2.7830256659173127,3.802844665837429,-10.775148108601577,3.215815159551617,368
Barangay Dos,2024,8,0.24060906346535102,0.1583346295945169,0.2099261994628412,0.14973125033287085,-0.26020850575819915,0.1316646520599111,349,-3.6525665955496556,2.7181469369108937,-8.713054463186346,2.6877283883875194,368
Barangay Dos,2024,9,0.25013197776428087,0.22812909462578537,0.1595920532897214,0.16110544280790165,-0.3072775985324961,0.1939188084752373,368,-4.367969593559596,2.7506229430498212,-9.039127554865955,2.9547012887319117,368
Barangay Dos,2024,10,0.23552612345662535,0.22879663488011345,0.15035517730654618,0.15272906803291753,-0.28769098457047704,0.19945549621337355,368,-3.630178962231855,2.813983860955773,-8.755804532592226,2.647382459635442,368
Barangay Dos,2024,11,0.2490888325961661,0.14604774707579282,0.1771578218585973,0.10305618029339297,-0.29032888532311785,0.13127075586615172,309,-4.483494837398884,3.0079800645499333,-8.899232066697035,2.941125169418737,368
Barangay Dos,2024,12,0.21863117018837297,0.11806536000137856,0.18500568306228318,0.08825796076285161,-0.22473305854999753,0.10904615413762253,349,-3.7785186364831707,2.694863960244658,-8.294816902960124,2.694112901283129,368
Barangay Dos,2025,1,,,,,,,0,-4.2554875268023915,2.7011199399016443,-9.032458167361177,2.880926956044751,368
Barangay Dos,2025,2,0.2407434050850419,0.18128267265309153,0.16793220802094794,0.1337503101151401,-0.2890472850675628,0.1615841804717771,368,-4.331319166792802,2.736127436911885,-8.866335632036563,2.948214592503859,368
Barangay Dos,2025,3,0.22959877495557748,0.18464024565536827,0.14717410367681974,0.1258989282643029,-0.29249883259794623,0.1637634912961001,368,-4.353098272432002,2.7495435859640396,-8.973362140033567,2.7501393848339792,368
Barangay Dos,2025,4,0.20682481452822685,0.12898665700808148,0.17882963083684444,0.11221051269820224,-0.24144298583269114,0.11485542959507888,10,-3.340961961159178,3.8600382519908933,-11.647098167758914,3.065734953557469,368
Barangay Dos,2025,5,0.19991446900246013,0.19926088374107148,0.14231553458802926,0.14845318609319655,-0.254185680619507,0.17812118952398426,368,-4.1970486247142675,2.7467776366629644,-8.86326783798311,2.6941500327959185,368
Barangay Dos,2025,6,,,,,,,0,-2.0239116168408846,3.472596393925333,-10.361015770867782,3.1992523212592783,368
Barangay Dos,2025,7,,,,,,,,-3.041574017266216,3.8454676834553614,-10.583564580944573,3.179553272501655,368
Barangay Dos,2025,8,0.24984937058197046,0.22223785499408794,0.19253320313415,0.18183980307750347,-0.29232312234584534,0.19314607970366193,368,-3.969675568225996,2.8209006987306813,-9.20646075094524,2.726500337603276,368
Barangay Dos,2025,9,,,,,,,,-2.288933759409701,3.616133876916902,-10.294424555385888,3.086434581189494,368
Barangay Dos,2025,10,,,,,,,0,-3.747074638685697,2.8127742657426924,-8.890837627746494,2.8360208804574563,368
Barangay Dos,2025,11,0.25706824185782245,0.21807753569611596,0.14695631570477571,0.1368592714752448,-0.3064483077737942,0.18825689993507314,368,-2.443668229758497,3.6728695231715265,-10.290141698134992,3.0751270402685535,368
Barangay Tres,2020,1,0.27049156448603723,0.21956014550288766,0.1584709387254555,0.14279801956002372,-0.29357135490778513,0.1819493594047579,684,-4.643243723167705,3.4113035134447935,-12.215316614822335,2.6556534987079945,684
Barangay Tres,2020,2,0.2549109103822569,0.16641471607814487,0.172550441141714,0.11937975247179135,-0.28599936689715805,0.14677558823428025,684,-4.894100993649762,3.376632939324546,-12.786768687311667,2.968563077256143,684
Barangay Tres,2020,3,0.23254568820453494,0.18436023753111888,0.15030725945961806,0.12366466667739626,-0.276653247722867,0.1615470340271292,684,-4.776765685598639,3.422401521199091,-12.678967249394558,2.9945715508401336,684
Barangay Tres,2020,4,0.21018777102332734,0.18113962587389554,0.15060348734210252,0.1327847273997127,-0.24330583702236222,0.16191037376163253,684,-4.805129746493221,3.5232299374870144,-12.579929696973329,2.967630772070529,684
Barangay Tres,2020,5,0.26826950331604554,0.23888733914016141,0.19337017587110344,0.18811334635808782,-0.2812828570154148,0.1973674093063736,684,-4.289809442100749,3.348274727661326,-12.068024302740188,2.806909642412513,684
Barangay Tres,2020,6,0.08436018973588943,0.0,0.1991051435470581,0.0,-0.06390327960252762,0.0,1,-4.658959988243229,3.312079716987526,-12.638009133743262,2.756054779617905,684
Barangay Tres,2020,7,0.24690886672003443,0.23322798584387994,0.15956048181141597,1.2042099929820702,-0.2630418025362933,0.20571032524049968,684,-4.787901798728858,2.740828696123112,-10.057201681037734,2.996182849089724,684
Barangay Tres,2020,8,,,,,,,0,-4.731818230305276,3.3386057590958886,-12.28586177588902,2.886303833347025,684
Barangay Tres,2020,9,0.2926344063612277,0.17383329107858508,-3.3930835992190467,93.90755686248269,-0.29977956824876056,0.16737400144409245,684,-6.043912923941114,2.9598518704158656,-11.046897568810769,3.3907411262039266,684
Barangay Tres,2020,10,0.2654521764407436,0.2585495168795568,0.14368064468013764,3.368071334193257,-0.2523683836539726,0.2352723816339851,343,-3.000807541909993,3.465866998358427,-11.33291853990471,2.681839291465962,684
Barangay Tres,2020,11,,,,,,,0,-4.300489593286344,3.6357469134155496,-12.293233791638533,3.0253390162625924,684
Barangay Tres,2020,12,0.2935007772114323,0.24181188687408292,0.1367175058044401,0.4135660448485633,-0.30817688177649516,0.21779928060856185,684,-4.660820269782903,3.4515344745875915,-12.61560644496951,3.111658485734653,684
Barangay Tres,2021,1,0.2542684913669243,0.20210097780282996,0.134426363373118,0.38919104797209797,-0.2559564186298703,0.1902312898495158,374,-4.778347512875945,3.5652068680070306,-12.49418497224997,3.125243179130996,684
Barangay Tres,2021,2,0.26970298878293014,0.22522077957885148,0.12604556789867463,0.3893563086971647,-0.29710972454529594,0.20699201280356916,684,-3.916384025471081,3.7134397217804445,-12.182779538875442,2.9216471341179404,684
Barangay Tres,2021,3,,,,,,,0,-5.134627895877855,3.7224800626729038,-12.859054618934444,3.206285437053985,684
Barangay Tres,2021,4,,,,,,,0,-4.7319041316054395,3.7817929189119885,-12.588429161766813,3.3731732462970307,684
Barangay Tres,2021,5,0.20654615831294335,0.200460289252764,0.10917260695901722,0.3212809087296204,-0.24314838943482434,0.18684421142458646,684,-4.93873157573654,3.759261188129949,-13.06244087053427,3.4563180058314384,683
Barangay Tres,2021,6,0.23290540053028383,0.13842052719698264,0.3399890781908098,0.23542277119760324,-0.1861394756729021,0.11293635946687326,554,-4.497814033138257,3.8289600574908693,-12.536363288324484,3.3603269702004335,684
Barangay Tres,2021,7,0.27584831469867765,0.23573635382902225,0.037203221627585874,3.083688914763846,-0.2720276336010836,0.20567604906616574,666,-3.814901651486441,3.633820431834206,-12.023956694623871,3.0275803801390335,684
Barangay Tres,2021,8,0.21914452508955723,0.26213476552565307,0.8845886988792788,6.413835711072271,-0.19614110194549003,0.24373699594181095,206,-5.997887277718332,3.098336586648217,-11.076432293792923,3.345306360809259,684
Barangay Tres,2021,9,0.2861938926484314,0.24448254571699582,0.16697554258497427,0.289045426381344,-0.3022511704735808,0.2162477751970569,684,-4.159426144879773,3.8104456845418473,-12.3871680618814,3.176797784372942,684
Barangay Tres,2021,10,0.2937300280236048,0.24084507441518077,0.17147736959241086,0.35334592891729366,-0.31568079804375304,0.21522264114684864,684,-5.774457603649438,3.167364830395984,-10.992156767618587,3.4872927720851603,684
Barangay Tres,2021,11,,,,,,,0,-4.569087369541763,3.711876225794683,-12.462003206823308,3.076998652457145,684
Barangay Tres,2021,12,0.3014760757942838,0.2502645954169416,0.1255058701170883,0.7210635539488034,-0.3157265243899657,0.2264464287073353,684,-5.978850236652714,2.947108891579025,-10.962947365136166,3.3838901125180625,684
Barangay Tres,2022,1,0.11334830025831859,0.027341017446873724,0.06078358367085457,0.015598724293642351,-0.09064625948667526,0.013111276451246948,3,-6.059592777607159,3.0464582991671394,-11.027196752833333,3.5145265739115517,684
Barangay Tres,2022,2,0.26344707946312496,0.22227097666896112,0.1447324039075321,0.6938035938443651,-0.28021642616969533,0.20583871416594846,684,-6.01348826497772,3.0442462558624563,-10.746061327643913,3.292481827154032,684
Barangay Tres,2022,3,0.2277206339046554,0.21646864134249313,0.11560631251976672,1.1148237861898223,-0.263506964450249,0.20580967059572766,684,-6.269893201895201,2.9532663643404327,-10.893891080473264,3.2844595039719295,684
Barangay Tres,2022,4,0.21962609916958145,0.18756457659103334,0.10788192945558066,1.3218466087056477,-0.23046413915103575,0.1762363254814439,601,-5.773571733886388,2.8910987612048022,-10.903292199237308,3.561775965312654,684
Barangay Tres,2022,5,0.24420394837088383,0.23609966155695547,0.14391971467442696,0.30380663085613124,-0.26533986067985577,0.2074009885388334,684,-5.258512723518337,2.9224079611731324,-10.428367552222221,3.176869795681572,684
Barangay Tres,2022,6,,,,,,,0,-4.898275670176098,3.0826791846259725,-10.493756130512008,3.2601456087793523,684
Barangay Tres,2022,7,0.26435354379280096,0.2630071978531033,0.20140527161401595,3.5990813861246753,-0.2870675407636676,0.23952271521734717,684,-4.842826183553115,2.7442752331970013,-10.270554365339676,3.2141964985958014,684
Barangay Tres,2022,8,0.2700734370882008,0.2147726836098469,0.17888046303014787,0.23122480213561855,-0.268885284149015,0.19033901625544264,684,-5.844204290143665,2.835911717556886,-10.878635293994735,3.1776642171108733,684
Barangay Tres,2022,9,0.284196536910324,0.23973495850097182,-0.011624500675129773,6.579229224217504,-0.28665730403975564,0.21763007785949984,681,-4.9012954776006445,2.987217807618347,-10.186236621566907,3.0667297930827324,684
Barangay Tres,2022,10,,,,,,,0,-4.481950385686644,3.101738182380858,-9.883418692875312,3.2505135071254734,684
Barangay Tres,2022,11,0.2223878853568216,0.10533984388987709,0.1547809252061132,0.07983815433841092,-0.21105445862361577,0.08581118377345708,82,-4.0724514478583425,3.047870768090675,-9.90771772072253,3.0910936086508847,684
Barangay Tres,2022,12,0.2889763179207252,0.23900868258296074,0.08492878424830885,2.859059412525561,-0.2975149847331696,0.2189211872928095,684,-5.834324853745295,2.88230826426159,-10.839065528752533,3.3216508168233925,684
Barangay Tres,2023,1,0.2902334564745784,0.20839633553381362,0.15398298916842187,0.42289991395618726,-0.29748271065143206,0.19276104228482388,674,-6.112005590101742,3.021003136632109,-10.912947647390643,3.4623868875906094,684
Barangay Tres,2023,2,,,,,,,0,-5.736324567173483,2.8890617927746165,-10.488391870758033,3.2753672962439313,684
Barangay Tres,2023,3,0.20307562545511057,0.17281185541773533,0.12729214178398252,0.9923964959686156,-0.23664304981796505,0.16705886583301321,684,-5.9273480690296845,3.0457099230874474,-10.847913404915756,3.509584998825187,684
Barangay Tres,2023,4,0.23531385905950802,0.179611936923202,0.15942060261708144,0.17685684594710677,-0.26137346954247287,0.16606597108854151,684,-5.778782500316285,2.921591391028706,-10.849034955278478,3.4870227413590795,684
Barangay Tres,2023,5,0.3681926935995843,0.19138928729317442,0.2782064932821826,0.16448641308592998,-0.3297967573373831,0.1710403517706793,44,-5.492702325413887,3.0730666343728554,-10.582393655090529,3.3850431547764788,684
Barangay Tres,2023,6,0.2676948664689669,0.26739794685265067,0.6951389544639128,12.941500317753517,-0.29062707838517254,0.24464063788125626,684,-5.214238113832621,2.888134380981421,-10.470865372590161,3.204176297021705,684
Barangay Tres,2023,7,0.2616837415633157,0.24804562001077302,0.05761047525992419,3.4782244212698865,-0.2723994278209424,0.2215742548384277,684,-4.616956801284429,2.954313316009475,-9.901904298460968,3.2387797728639502,684
Barangay Tres,2023,8,,,,,,,0,-5.3543824436584195,3.157011348040851,-10.607350288884856,3.45431261328066,684
Barangay Tres,2023,9,0.29577553962403774,0.25469248438999614,0.16675890856174871,1.169125497248052,-0.3097124789424574,0.22900780104812785,684,-4.714382614354923,2.864464722920267,-10.18316656599443,3.2096992495177337,684
Barangay Tres,2023,10,0.2094611787545003,0.1445164970815162,0.16223005465203855,0.11392176487309179,-0.19511717399122602,0.14225628178160712,233,-3.981340804510354,3.278302715482255,-9.90681676104751,3.2774130474884013,684
Barangay Tres,2023,11,,,,,,,0,-5.1175449729491405,3.1814248024275575,-10.25142832509955,3.237418552504556,684
Barangay Tres,2023,12,,,,,,,0,-5.133687848617373,2.917919589822492,-10.312550413645587,3.2002744180527825,684
Barangay Tres,2024,1,,,,,,,0,-5.962277177389033,3.0456914249791933,-10.779066576420915,3.373850427717069,684
Barangay Tres,2024,2,0.24231943572449793,0.19265328587408645,0.09243344922522126,0.787654067162705,-0.28148602962162217,0.18813630689322153,684,-5.753604523184003,2.858015811375737,-10.625413873804765,3.2403385222743473,684
Barangay Tres,2024,3,0.17642332114941678,0.1594703058845185,-0.02850839225231515,4.440399361329067,-0.20220236850361056,0.15903041727399006,684,-5.929690326144649,2.9362048122588638,-10.620172845559175,3.263249809191363,684
Barangay Tres,2024,4,0.18917633677032514,0.2033972415980786,0.16954131555147509,0.43056104315059407,-0.24169098720121643,0.2021558676521292,684,-6.080230347185843,3.195919959390214,-10.983173070813125,3.4969021681281234,684
Barangay Tres,2024,5,,,,,,,0,-5.9715014205951364,2.8747935616007405,-10.614707249508111,3.3104409350135664,684
Barangay Tres,2024,6,0.18863278545904905,0.05961702570152409,0.2068809496704489,0.06560225178844861,-0.17119713965803382,0.0602384511596437,16,-5.73425369823286,3.2138145974995505,-10.348957181499713,3.0732536657872487,684
Barangay Tres,2024,7,,,,,,,0,-4.36826727620111,3.7178959036406956,-12.023276416007537,3.218586825600943,684
Barangay Tres,2024,8,0.26042357367053076,0.14234454202082314,0.2549012438245017,0.1632853725643776,-0.2603192458024106,0.11734464721495146,324,-4.486243319628578,3.16119575108193,-9.947262064235197,3.100446694849509,684
Barangay Tres,2024,9,0.2767188536164581,0.2383642641135005,0.15299270481535146,0.3032049991073469,-0.29088284481896837,0.21869235980374757,684,-5.131019142813089,3.2659190438162082,-10.517076665720742,3.5894926966233993,684
Barangay Tres,2024,10,0.2590305201657955,0.228381622110136,0.16993655446140365,0.7523158933466074,-0.2744961194814883,0.2131188093114951,684,-5.184884270969017,2.872359913213675,-10.256997186625217,3.109187827614479,684
Barangay Tres,2024,11,0.24919022691525614,0.2177594750010872,0.07160109943655031,0.9217913758746659,-0.2627681383932368,0.2085776070482427,489,-5.758126270657741,3.104236978175579,-10.794302157752687,3.44256743984455,684
Barangay Tres,2024,12,0.22195795914488806,0.15616619834614423,0.171434627539754,0.4643800656210769,-0.20832430476532596,0.14789989975931853,648,-4.450959376048582,2.984276982657348,-9.890987958933348,3.1328978897585817,684
Barangay Tres,2025,1,,,,,,,0,-5.218518351000459,2.9563938040054225,-10.467524215796878,3.336507101601548,684
Barangay Tres,2025,2,0.25174833295129206,0.21254688775793912,0.1818175346044288,3.61564840647283,-0.2659515805487326,0.19956347253058107,684,-5.813622721532168,3.0482910242291448,-10.748560683812663,3.4515885796532864,684
Barangay Tres,2025,3,0.24175208112141877,0.20563051738830937,0.21941163437406958,4.486396099503069,-0.2708687946807636,0.1944484093118891,684,-5.482385401652141,3.2085631750072974,-10.80828964623094,3.3257519676885705,684
Barangay Tres,2025,4,0.2260032566035792,0.1498771331751288,0.1779895650198961,0.12433813201437388,-0.2618211234808751,0.1357212060561642,214,-5.298927680272015,3.888450698214825,-13.361633058528456,3.284058529837139,684
Barangay Tres,2025,5,0.20286541021846344,0.21324298419064583,0.1396515228181713,0.5539004679099995,-0.2288347097796734,0.2011219227997262,684,-5.4451102774068785,3.034191925000377,-10.447128981455345,3.2537891756289956,684
Barangay Tres,2025,6,,,,,,,0,-3.1333507801711087,3.565254850563684,-11.513124399714995,2.7903790498532395,684
Barangay Tres,2025,7,,,,,,,,-4.615683280231093,3.7347649266452687,-12.244809043163459,3.0704097025090107,684
Barangay Tres,2025,8,0.252838897621755,0.22790452993107113,0.22624791128049584,1.3340527741905084,-0.2636677915596262,0.21107131848720315,648,-4.793907592405312,3.0126763547899698,-10.246455851092664,3.083334020829545,684
Barangay Tres,2025,9,,,,,,,,-3.3021540672584506,3.6907893041302646,-11.658177024091195,2.9833830200914413,684
Barangay Tres,2025,10,,,,,,,0,-5.064863161883746,3.1448014908041486,-10.557888259032831,3.205725370240384,684
Barangay Tres,2025,11,0.2809885309523041,0.2434116817037941,0.11424559825277011,0.6074679077056763,-0.2919806280421509,0.22246330604323553,684,-4.177736436588716,3.4243011792141123,-12.145096207048464,3.1522691099834055,684
Barangay Uno,2020,1,0.3844009948043685,0.2517274469119528,0.21435593766017894,0.14693516019784794,-0.40258367689293245,0.19667610718283857,618,-4.364583664728949,2.561579877966057,-11.354269259570103,2.7180201424183204,618
Barangay Uno,2020,2,0.36556622378820525,0.2179412553455848,0.24004125867199455,0.14666945269308534,-0.389797917542705,0.16955921445918865,618,-4.63231594391125,2.7568856787301335,-11.574778217858482,2.7917905975435597,618
Barangay Uno,2020,3,0.34941395969788647,0.23310924094356353,0.21992573114756242,0.14864674070902442,-0.3828480000069678,0.18177473340431669,618,-4.793396854348192,2.589635480173225,-11.346892210368582,2.807453944228225,618
Barangay Uno,2020,4,0.32764657180828677,0.2273820888863135,0.23083879743230998,0.16222330784075173,-0.34938995099327375,0.17788585634474674,618,-4.793035681121363,2.7711729092256117,-11.772200018408604,2.7967886733908136,618
Barangay Uno,2020,5,0.3700647058952858,0.26438099772788054,0.253314736348665,0.18842218910890965,-0.38065619715756904,0.19988311523423846,618,-4.560556905512916,2.720743103097054,-11.357125754495268,2.7121273099610628,618
Barangay Uno,2020,6,0.511519323054113,0.331220651393215,0.38880866452267293,0.29525834153009034,-0.4611168304507277,0.284037019653656,19,-4.454052181909177,2.4243195245979665,-11.53034986512175,2.7276700585617433,618
Barangay Uno,2020,7,0.38182585891170484,0.26059479565315696,0.27186906173795916,0.19463980630414843,-0.39524701906567417,0.20014981391746983,618,-4.225894245059864,3.1186078317596584,-9.727191200244766,2.9605031761720473,618
Barangay Uno,2020,8,0.3555976325203177,0.2067838778093047,0.27597724195647916,0.16729532629644622,-0.37279552104068847,0.1610460294088577,286,-4.293755568502909,2.5150928613634576,-11.389378696583615,2.661892921349787,618
Barangay Uno,2020,9,0.3012387532752889,0.07839979762644923,0.29330536479606606,0.08035731480499982,-0.2967470557847838,0.06758687890683841,618,-5.072575003821948,3.0226363600344293,-10.185456684492154,3.1568288930763897,618
Barangay Uno,2020,10,0.3109796482228464,0.13560092592162284,0.277616705625288,0.1125750187381632,-0.31761069499677225,0.10483460493774942,31,-3.4355066796812963,2.753673712491616,-10.721522151941635,2.424468307702749,618
Barangay Uno,2020,11,,,,,,,0,-4.201402283374607,2.7873709357133,-11.330138421994194,2.7645169328415493,618
Barangay Uno,2020,12,0.4100645381601646,0.2548578825104684,0.24286130577940684,0.16730235620197773,-0.43233018918008115,0.19760576542824912,618,-4.252989385140648,2.6182100733693137,-11.248409583151936,2.802369438834994,618
Barangay Uno,2021,1,0.3349556176880602,0.17495974494337854,0.2615847652357007,0.15057203397611055,-0.34597289123245734,0.13580137276673415,459,-4.489581061568571,2.7503194309991295,-11.529181216477982,2.744182293502891,618
Barangay Uno,2021,2,0.4003404100941873,0.25977632316489513,0.24992638892188201,0.17178827126622045,-0.4302355644999913,0.20161449228486017,618,-3.586967786458326,2.8190240251477117,-11.109611303096441,2.7438820376582744,618
Barangay Uno,2021,3,,,,,,,0,-4.3935893380737205,2.5727048817907257,-11.450525826030072,2.7788903375426264,618
Barangay Uno,2021,4,0.4176839906618499,0.21052042461895937,0.348953951784902,0.18228739292006718,-0.4210171065750016,0.16507544630922638,157,-4.507833294773889,2.695618460388653,-11.418210770898659,2.7788237640817552,618
Barangay Uno,2021,5,0.3343808552581614,0.23288769450850746,0.23544787260390865,0.16736227027212425,-0.3684266244428996,0.18219772595152067,618,-4.636041007754786,2.8596023550387426,-11.486398903345592,2.9500211031313053,618
Barangay Uno,2021,6,0.2683907615993236,0.1450641621264569,0.3670756044378703,0.22811265944804,-0.22471413373296398,0.11009718736285093,585,-4.140607185939075,2.814732462658891,-11.263224490011018,2.939223381510958,618
Barangay Uno,2021,7,0.3448338985023635,0.24340707204505466,0.31553031834382456,0.2400690793919531,-0.3642944740971741,0.18472747493998132,363,-3.7466745221828917,2.645822201444005,-10.880657946130318,2.720189913619745,618
Barangay Uno,2021,8,0.44203596867856976,0.2742155859717867,0.3677960490857328,0.2383789055405496,-0.4173759569604383,0.21351221625116806,292,-5.124264547486813,3.2093942358916983,-10.225398209295609,3.3129961664536807,618
Barangay Uno,2021,9,0.41707036546322257,0.2742572228587356,0.2742297318805471,0.18880199070219778,-0.43437523457890775,0.20823306310057618,618,-3.9886719035014884,2.695352055058541,-11.289578392474793,2.824875566611339,618
Barangay Uno,2021,10,0.42707286827254165,0.29088025447442417,0.17382000479847187,0.14201614662865525,-0.4432614941118303,0.22559035528884974,618,-5.158256802831491,3.1131234006759505,-10.079687274425838,3.233417880612942,618
Barangay Uno,2021,11,,,,,,,0,-4.210889240482704,2.7754486406723906,-11.639655724312494,2.789963877494253,618
Barangay Uno,2021,12,0.44081047616302216,0.27584865639354805,0.2667424328948075,0.18362707368880896,-0.46213995152180215,0.21356156136339213,618,-4.982576532886153,3.081810533843521,-9.92916037909035,3.029170972931361,618
Barangay Uno,2022,1,0.09301557564517347,0.082376770140226,0.0794180875030778,0.08189742401459192,-0.06871220716928335,0.04435573393312889,82,-5.373450175819855,3.2580351658841935,-10.05297419477049,3.160769983516328,618
Barangay Uno,2022,2,0.3858001435065905,0.2491470546744387,0.24097078525874557,0.16824967122113185,-0.40746353368646343,0.19449281540056304,618,-5.119222278456574,3.087689693248278,-9.950797606078744,2.981877179363044,618
Barangay Uno,2022,3,0.3827446876207712,0.25887028910630083,0.24108393019143282,0.16573068859726325,-0.41769537369788073,0.19998817870279637,618,-5.258124985946135,3.0561701458130512,-9.92645288709683,2.9391142705222033,618
Barangay Uno,2022,4,0.3655841563418856,0.22919381145982676,0.28298915108087713,0.1864702090554681,-0.3725116731951988,0.1773692697604307,618,-4.958400440836347,3.0932725230095204,-9.861176368042006,3.184264451376331,618
Barangay Uno,2022,5,0.4010758416879395,0.26694452188700574,0.280258350856233,0.19466315689185335,-0.414040120852762,0.20152601003665274,618,-4.523518487346936,3.1376289412657363,-9.626712560364341,3.133672154911344,618
Barangay Uno,2022,6,,,,,,,0,-4.310529076274256,3.115926026989693,-9.840347969946736,3.2333968868317053,618
Barangay Uno,2022,7,0.4270287729812179,0.3076623669980303,0.2750654241986027,0.20365300806641531,-0.44956042930562173,0.2361520774405774,618,-4.240922849185312,3.2371016487206457,-9.607817329442211,3.1894407962418123,618
Barangay Uno,2022,8,0.3938082488164045,0.23948864569963343,0.28016463820302606,0.18091469453414358,-0.3963055278488788,0.18247906344492706,618,-5.077917541018582,3.052021352069581,-9.891779932630486,2.878725019277569,618
Barangay Uno,2022,9,0.3567906853833662,0.20100118268801823,0.3126263090985498,0.17638342476803026,-0.3599324461863916,0.16523600444497535,590,-4.330971703364309,3.114881746262147,-9.331538799125397,3.0743024962682735,618
Barangay Uno,2022,10,,,,,,,0,-4.101533233914468,3.1072564471632713,-9.507164436576337,3.1003195653789732,618
Barangay Uno,2022,11,0.20337088257074354,0.03317616454568092,0.19820524156093597,0.05080238217447259,-0.1608774274587631,0.017809067787623884,10,-3.914688399527225,3.159022155281657,-9.309363531063294,3.0781943300648313,618
Barangay Uno,2022,12,0.4338825083589016,0.2715246112553754,0.2764980783087011,0.19373270450448596,-0.4468101453360822,0.211390290189427,618,-5.120043519356902,3.203440558707607,-9.947198090236938,3.01756875671698,618
Barangay Uno,2023,1,0.4169160713226047,0.22560186430984366,0.28067128206274455,0.16885737365908865,-0.4343295160815581,0.17472482056021144,609,-5.09765770269443,3.3104731674402648,-10.056067939907985,3.1208828079164532,618
Barangay Uno,2023,2,,,,,,,0,-4.798816439957876,3.074731330605317,-9.891214172624071,3.1084948598712345,618
Barangay Uno,2023,3,0.3390186425960782,0.21504665510900778,0.2368141996797059,0.15282231478199348,-0.3703489921075603,0.169406458082644,618,-5.083609204799612,3.112079972763608,-9.897722211566942,3.1461994334481025,618
Barangay Uno,2023,4,0.359444185867446,0.21453500042488655,0.2556418958250023,0.15827312096418852,-0.3819791069879683,0.16517099449398018,618,-4.891442862493028,3.0827478203840037,-9.913699455149342,3.083081821493691,618
Barangay Uno,2023,5,0.3913133487769282,0.18133811362461083,0.2842400097242085,0.14864676595556311,-0.37050216357306687,0.13649319302052912,202,-4.821688496998977,3.1830448379118033,-9.781994133325695,3.15790169872162,618
Barangay Uno,2023,6,0.4181301476341856,0.3126867681670197,0.27666598956613836,0.21714110953298224,-0.4452064001334086,0.24103987600307947,618,-4.423699059662284,3.039523067296592,-9.796234143108217,3.047118670511328,618
Barangay Uno,2023,7,0.392033163432867,0.2726249907323549,0.27370179827149166,0.19532575887499706,-0.4074189210367845,0.2077230214095833,618,-3.88382779829156,3.043271902672923,-9.592332756345709,3.0081352777275847,618
Barangay Uno,2023,8,,,,,,,0,-4.5674494300941815,3.0462852544830343,-9.673831106630733,3.117796989031993,618
Barangay Uno,2023,9,0.4319368928533746,0.28633536987343894,0.27225671977459903,0.19490208524342267,-0.45396905389243697,0.2162586690320351,618,-4.150320148392363,2.963142566780199,-9.718563394819935,3.063799947473982,618
Barangay Uno,2023,10,0.3853971514996444,0.20134220721345755,0.30261343364689347,0.17311367086866258,-0.38241827577033605,0.16189153170116663,403,-3.801681291846962,3.1229346589150007,-9.35768202237761,3.0853576199420956,618
Barangay Uno,2023,11,,,,,,,0,-4.662418225231583,3.2644142725784775,-9.444563611618518,3.036124246133599,618
Barangay Uno,2023,12,,,,,,,0,-4.30501519015487,3.0400610780198214,-9.565190653199119,3.1346409285902257,618
Barangay Uno,2024,1,,,,,,,0,-4.852173504788841,3.2503224676931373,-9.789507816042324,2.9916333256953727,618
Barangay Uno,2024,2,0.37800497239686154,0.23388777180303186,0.23364248761340603,0.15116226195056623,-0.4246039627687663,0.18022570219900114,618,-4.760119496172581,3.0717299568878302,-9.828098438607826,2.9808758975118526,618
Barangay Uno,2024,3,0.27684798526454235,0.138032996792697,0.20865210868328446,0.11000696211482028,-0.3070883971515551,0.1139758492517958,166,-5.004933713022081,3.067643566043395,-9.864356070660467,3.107877675006509,618
Barangay Uno,2024,4,0.3325103462380235,0.2628815565692593,0.21563140889465843,0.19147054966774216,-0.385835199234308,0.20530530868051786,618,-5.114539124675901,3.205554468234769,-10.198278605889724,3.234447194854729,618
Barangay Uno,2024,5,,,,,,,0,-5.093409106530209,3.156923012888695,-9.747895064959625,3.0433915353257652,618
Barangay Uno,2024,6,0.27193662226200105,0.08111257557839548,0.28185324321190514,0.09226348632346916,-0.266000272333622,0.06644400707010804,15,-4.739271103868618,3.0067893560977397,-9.796874711814432,2.898899258827766,618
Barangay Uno,2024,7,,,,,,,0,-3.677768258365851,3.1273104194493473,-10.995190330211395,2.857371636716091,618
Barangay Uno,2024,8,0.33850963489969277,0.18304033321319105,0.29808687409958706,0.18096041222546863,-0.33842482722762196,0.13855357794989492,618,-3.95234464787393,2.9888208041230913,-9.30239281473037,2.7616223183699247,618
Barangay Uno,2024,9,0.3930841797653287,0.2779590235635974,0.2591076526107485,0.19635005854509807,-0.42107452871155504,0.21387989874081229,618,-4.428278785841285,2.9412187558445595,-9.651667573570627,3.020582530289493,618
Barangay Uno,2024,10,0.38863887504239747,0.27883910302755505,0.2569379459252402,0.2011802125625494,-0.4148859158192214,0.21573594942714783,618,-4.5146403143146285,3.07941104186039,-9.600054578536149,2.8952329400258616,618
Barangay Uno,2024,11,0.3580702672165091,0.23361931251781243,0.23929565641418707,0.16085579217428528,-0.38874697137807135,0.1840771814238713,618,-4.95701375574478,3.1015715689812002,-10.02952182958427,3.0600913720302603,618
Barangay Uno,2024,12,0.31270258175209137,0.1857679930797698,0.24036688167284245,0.13883307372521259,-0.3027689608990774,0.1519667692379168,478,-4.055739528430224,3.0557497343659197,-9.286549689796749,2.8701307560217892,618
Barangay Uno,2025,1,,,,,,,0,-4.722278886773059,3.0995562419734863,-9.735678080698438,2.9620192589742,618
Barangay Uno,2025,2,0.2983813859783767,0.11495818368374904,0.2771899253522094,0.10541172920848735,-0.3218176156413136,0.09241699881117062,570,-5.006759014538218,3.058671577723865,-9.73823813997016,3.0457304926097417,618
Barangay Uno,2025,3,0.3574940457957618,0.23966165376590068,0.2378663926578052,0.16859143641050944,-0.39837083011367574,0.18471141560980361,618,-4.849130631671635,3.0270295827361497,-9.882721701923227,2.8528051776735572,618
Barangay Uno,2025,4,0.31189417388053475,0.18448014918704245,0.24917478725386186,0.15264294114127658,-0.3379427515978807,0.14526351471244772,181,-4.716241750563273,3.138448363755403,-11.95363202517473,2.716496927540839,618
Barangay Uno,2025,5,0.34007994782921447,0.26848535380320454,0.24830322587560444,0.19986691713683902,-0.37154887955472676,0.202596240531638,618,-4.704926941206252,3.0526047528865297,-9.73638235972922,2.8449214257732853,618
Barangay Uno,2025,6,,,,,,,0,-2.8456554769878912,3.0882935274135437,-10.95191418275865,2.4689079257754143,618
Barangay Uno,2025,7,,,,,,,,-4.290457186319271,2.9845434405528697,-11.187104360956976,2.868732181748677,618
Barangay Uno,2025,8,0.3803774278289202,0.2670530392133045,0.28587216974317453,0.2117816549720402,-0.40607998758617797,0.20333095804296847,618,-4.303620596503697,3.0150254263585556,-9.590071412351907,2.762161119251229,618
Barangay Uno,2025,9,,,,,,,,-3.3866856087430177,2.9522658105161255,-10.826232598871467,2.542781078249497,618
Barangay Uno,2025,10,,,,,,,0,-4.730265569113627,2.99418956946806,-9.932457815964234,2.8437058528760426,618
Barangay Uno,2025,11,0.3961890501252369,0.26153473362785884,0.22997666831992172,0.16919187682966313,-0.4242993522794089,0.1969981864835615,618,-3.899156411885942,2.86697303326812,-10.938466162550414,2.599831284262358,618
Bigaa,2020,1,0.572540496893923,0.23405137758913175,0.3797927712896306,0.17875326924571858,-0.5284843348404491,0.17636504195638783,4663,-6.526477023612705,3.495180941752403,-13.397010544757647,2.7853098057860017,4662
Bigaa,2020,2,0.5199311540035426,0.21425473197716763,0.4277110711693506,0.20419622698187095,-0.4873397358528532,0.16374967944256275,1349,-6.770858959902209,3.5693333119487933,-13.745842046359828,2.786913031447517,4663
Bigaa,2020,3,0.49073190528675315,0.2110888157428909,0.35772304430799773,0.17486075984887278,-0.4862716546696195,0.14965008771519323,4663,-6.931009735088401,3.6213582690950537,-13.621394904046356,2.7124876224354084,4663
Bigaa,2020,4,0.44596941471872165,0.1997069036211459,0.346927871041547,0.17018920295846085,-0.4449397715525543,0.14332024190091566,4663,-6.994180957294858,3.7175102726476554,-13.809563630516367,2.7989762002599528,4663
Bigaa,2020,5,0.5617979408257079,0.24345092113390218,0.42258892124095865,0.21486366664867354,-0.5093019166085027,0.16745124133401934,4663,-6.561827278624121,3.6600004916780042,-13.329734989464539,2.794150363297361,4663
Bigaa,2020,6,0.3327214748909076,0.2738736469424852,0.27525238775544697,0.2384033658603803,-0.30966497709353763,0.2454378766829386,9,-6.650449480657304,3.600013319447503,-13.65637634506993,2.7318663225251494,4663
Bigaa,2020,7,0.5277178239704202,0.24394095804790156,0.40915041528735274,0.22192024697170626,-0.48967085225881474,0.17501992423955823,4663,-6.076419771683501,2.8729171657639423,-12.076322296085063,3.056156426641029,4663
Bigaa,2020,8,0.4824280193447193,0.24429516206952592,0.3731755187195703,0.22610395329941593,-0.45415317557301665,0.18229298190487192,2961,-6.235092568579867,3.561554796772014,-13.353072732092581,3.2290084870011566,4663
Bigaa,2020,9,0.40147794293847455,0.14112808801258875,0.3626629351707198,0.11883410153886978,-0.3573551748427645,0.11512527925471021,4391,-6.7644178005085465,3.057704610363239,-12.785160174653667,3.357386962855711,4661
Bigaa,2020,10,0.40378603069576513,0.260870840503879,0.3488645116658713,0.23627632951545427,-0.36335474861326766,0.22148100322100567,556,-4.859942912052376,3.615961206809544,-12.119648265062242,2.617558248898251,4662
Bigaa,2020,11,,,,,,,0,-6.050228659318991,3.8371606928164055,-13.208824724400218,3.480547248204346,4660
Bigaa,2020,12,0.51868594150523,0.26908576510961735,0.3276796391913473,0.1938339143495979,-0.4844000089482253,0.22327594795535147,4663,-5.9764909166044395,3.8350230520897273,-13.304133141207087,3.4138451917214385,4660
Bigaa,2021,1,0.41646414476642263,0.17395268432063551,0.3487077788449822,0.16092523778636128,-0.37634964047743363,0.14931751810450175,972,-6.3160372549059,3.7646164292513755,-13.700273324408496,3.583604663980468,4660
Bigaa,2021,2,0.5574269292841814,0.2332185267118371,0.3968239941263111,0.20333201257955844,-0.5168745571981307,0.17097569310296498,4663,-5.925819219963482,4.364037388593001,-13.08123397140825,3.513139708823706,4662
Bigaa,2021,3,,,,,,,0,-6.702811115596887,3.8240304497517688,-13.928364015771209,3.337444440752731,4651
Bigaa,2021,4,0.4223729976604898,0.1983782592991466,0.3872119887299575,0.19868971711318273,-0.42256896575560815,0.14210104544267868,2926,-6.6108403865642416,3.6709813028941105,-13.674188654693994,3.0813462546360513,4662
Bigaa,2021,5,0.4354757651214675,0.2091077423006533,0.33068470303329817,0.17522113168898337,-0.4423767935503702,0.15169218819731695,4663,-6.81923287247302,3.8060902301594393,-13.9213969473104,3.114574875185724,4662
Bigaa,2021,6,0.4804139464217306,0.18075623444654074,0.5455756220317488,0.2445496073835369,-0.3973104591614276,0.1394637856597384,3902,-6.0141611942844575,3.715577413292888,-13.313026948436546,2.9344942143796526,4661
Bigaa,2021,7,0.5768477498400966,0.23005583396945933,0.5363143884639126,0.256946987515768,-0.4957668812589765,0.17582737772722018,1241,-5.566967843023259,3.853215857567379,-13.244282204534594,3.44141761380167,4658
Bigaa,2021,8,0.42760194263731444,0.11708808751968065,0.36448720827077824,0.12595224495289728,-0.36525167152285576,0.09059986608871388,48,-7.095416263290986,3.675762598286519,-13.252697757377883,3.864242345661964,4659
Bigaa,2021,9,0.5792095477448692,0.2746892276129041,0.4146236356023069,0.21950626717418964,-0.5240030684230008,0.20967764751969892,4663,-6.015022464143259,4.091821397537901,-13.075127168495378,3.278616885674828,4660
Bigaa,2021,10,0.5614513465048809,0.25233854012328905,0.4069839959023405,0.21453188791748254,-0.5156160148346776,0.19604216638252428,3926,-6.4521668417597136,3.213669693527769,-12.58521345144484,3.4978392115639005,4657
Bigaa,2021,11,,,,,,,0,-6.235323385039525,3.950352953816551,-13.557183555380627,3.3223324317047105,4654
Bigaa,2021,12,0.5630835839372674,0.27714832419565383,0.39717218062835535,0.21554499842915134,-0.5215005881090675,0.23280215968564963,4405,-6.620325271332866,3.341881717389164,-12.680990748593812,3.608660451032014,4657
Bigaa,2022,1,0.1058965508034453,0.11134654216344331,0.12869073698529976,0.1482785068130731,-0.035671035118866705,0.08143035730131999,50,-6.658089838491857,3.496816585196816,-12.724622657203305,3.5985684602370145,4656
Bigaa,2022,2,0.5262236206325624,0.2392320055649677,0.39064313852534355,0.20013769650155946,-0.4920765117552456,0.1879596903992332,4663,-6.712043055888602,3.2876684322159986,-12.64289072894619,3.396822500961291,4662
Bigaa,2022,3,0.5177379146774572,0.23149845475282635,0.3819772923425021,0.19013568467679984,-0.5025003052117841,0.1738499975736348,4663,-6.8648101747346875,3.099154725148274,-12.643082343725855,3.2442025155333707,4663
Bigaa,2022,4,0.500044384589512,0.2020613084610363,0.4406912824601454,0.19603413129064948,-0.4581246918257879,0.1498755272992184,4663,-6.591234681333015,3.111694433429574,-12.536101196050776,3.2965072324506215,4660
Bigaa,2022,5,0.5646644401204711,0.24586615455367994,0.43362745154401794,0.21465585054985248,-0.512254274428797,0.1767531101396658,4663,-5.854854148885341,3.0930011716731802,-12.02341557664343,3.0333935825969474,4663
Bigaa,2022,6,,,,,,,0,-5.876483217290346,3.179392976654616,-12.008014232623864,3.242669411730465,4659
Bigaa,2022,7,0.5465012483595433,0.25564976161468644,0.39933700866598126,0.21914038740914285,-0.5066675747468229,0.18545064793301472,4663,-5.85605456258981,3.161903125198215,-11.819658946251554,3.2822867457695706,4663
Bigaa,2022,8,0.5380366311451877,0.2225305208027519,0.39873694276212823,0.1967391330617719,-0.4759844808036785,0.17350836342286752,4663,-6.383452459434411,3.0789392184007185,-12.42748351737427,3.489041026610641,4658
Bigaa,2022,9,0.5832256758301838,0.22787849006319022,0.4934718902846507,0.2200073687437355,-0.5131455871688452,0.1781891153901519,3356,-6.067573456111001,3.4880417357393467,-11.994462787996342,3.434599093986216,4662
Bigaa,2022,10,,,,,,,0,-5.557564215080096,3.083717046694012,-11.446142443058907,3.0851019512830082,4663
Bigaa,2022,11,0.2435698405058227,0.12930006059368437,0.20030147104782778,0.09243620889671197,-0.21017940663215198,0.12404818597482997,900,-5.381190740146382,3.075069580571924,-11.413130107191476,3.2486980810784423,4662
Bigaa,2022,12,0.5239363501762094,0.27639598038539515,0.37133513202535157,0.21599881645485133,-0.4869032159110925,0.2236560967086439,4663,-6.49744039006394,3.4231715356498933,-12.50214917841929,3.6663740771372546,4656
Bigaa,2023,1,0.5738662695509147,0.21610094215796474,0.39263093222808093,0.18797836898641063,-0.5261825263399168,0.1597484356673765,3872,-6.662103746131182,3.3719477176701957,-12.84073838311478,3.912971154757496,4653
Bigaa,2023,2,,,,,,,0,-6.578088002224482,3.689067631106812,-12.606683457111027,3.6924426862423605,4656
Bigaa,2023,3,0.4522066584066211,0.2244504866894221,0.35380873180008565,0.1936662658721948,-0.44386312588126525,0.1748659602530397,4663,-7.044801700412796,3.54144442171515,-12.856684995620123,3.616905442232416,4660
Bigaa,2023,4,0.4812573120765178,0.21722068064811673,0.375782409392769,0.19267950195433933,-0.46025338643019303,0.16036629077132772,4531,-6.7494734251783175,3.397555984439779,-12.808322965113138,3.4707358451358674,4662
Bigaa,2023,5,0.42262147422410046,0.21005704528523628,0.38001340727995997,0.20728775648217201,-0.3861083682432991,0.16428203372730535,1764,-6.722463936368915,3.541954926859583,-12.957728624976852,4.0142141762802765,4661
Bigaa,2023,6,0.5939427551328083,0.2912350540657132,0.43677784299060046,0.25424348905490346,-0.5459966154147234,0.2126902756573149,4663,-5.9136706372217995,3.056062652329562,-12.247457594687658,3.274215609265946,4663
Bigaa,2023,7,0.5460603337164072,0.2660067728051417,0.41326896526806806,0.23223170159665404,-0.4938553809118819,0.19533055435130314,4624,-5.991194912995076,3.5867902305993478,-12.322222129153342,3.8250700039637113,4659
Bigaa,2023,8,0.42135735716183825,0.17107211860433105,0.44862080067408444,0.22611521479718338,-0.3446058987250083,0.14679270028782965,3037,-6.195283287257822,3.55484760914962,-12.433484948809916,3.818374614635072,4656
Bigaa,2023,9,0.6157166982485814,0.28556688646279044,0.42812875840764664,0.21621397999890396,-0.5507725269535011,0.223986172129552,4663,-5.736907151123707,3.367023802478241,-11.90917742441295,3.443253370861307,4659
Bigaa,2023,10,0.41445001079500016,0.14875697492481027,0.37347704877064236,0.15297535894041198,-0.38063175286737866,0.10873130569832154,2226,-5.382524753265613,3.3255522713408396,-11.384674672393885,3.2410856543642024,4660
Bigaa,2023,11,,,,,,,0,-5.801429785296428,3.220046633992165,-11.600558002570494,3.2269437772503027,4662
Bigaa,2023,12,,,,,,,0,-6.045630285913968,3.4551848150945497,-11.89393360710503,3.500524146526254,4659
Bigaa,2024,1,-0.054445210844278336,0.0,-0.0355551540851593,0.0,0.04223385825753212,0.0,1,-6.379655129848274,3.151229137288709,-12.209854595917431,3.2124217127274615,4661
Bigaa,2024,2,0.5096169049715882,0.21916199478424564,0.3734461780577237,0.18646419323265168,-0.5041848254313417,0.1648535388107774,4149,-6.522267118171311,3.2018201501774874,-12.410456091925145,3.267059597787308,4659
Bigaa,2024,3,0.43336057196666,0.17935462808982164,0.32622763512990893,0.14482515817930872,-0.4249049411768001,0.13662480951690287,1463,-6.671236041035345,3.224734584294978,-12.303445461345747,3.208602848765653,4663
Bigaa,2024,4,0.4392767258006964,0.23017321712982683,0.32218149481761094,0.18430132645069996,-0.473049456494887,0.16753491426764833,4663,-6.840763127212353,3.3794273076437613,-12.790174884670094,3.451666420522633,4663
Bigaa,2024,5,,,,,,,0,-6.755712314189891,3.2633813368684987,-12.59962977761007,3.226654629418102,4663
Bigaa,2024,6,0.5249313141734375,0.1685155622048821,0.5576139795929824,0.19771244849628536,-0.4588212181736294,0.12542278109956578,1414,-6.073822035848403,3.102462491472398,-12.008314483533715,3.12554366245697,4662
Bigaa,2024,7,,,,,,,0,-5.74967684902045,4.072721205290272,-13.246499624072893,3.708115781869488,4658
Bigaa,2024,8,0.45900634986566113,0.18700756795738122,0.4036718167370682,0.19791804400289364,-0.4001770346314182,0.15472061098999462,4134,-5.75411069345588,3.218958749559067,-11.78761673844163,3.240033852530688,4663
Bigaa,2024,9,0.6062492260707494,0.2719499921738312,0.4240716845564776,0.21624318243702886,-0.5433180391967606,0.20943323130701402,4663,-5.9446190063853175,3.34446302861055,-12.168954063375478,3.43209877109746,4663
Bigaa,2024,10,0.5803071313639625,0.2814063020234124,0.4341903005622598,0.235492804921482,-0.533338204752352,0.20822619021073588,4663,-6.002562404805686,3.414148116135719,-11.722693839068468,3.235922223272523,4662
Bigaa,2024,11,0.49643611791855596,0.23688751760632745,0.3692515428730364,0.19871804544557112,-0.4826767004228013,0.172919321140773,4405,-6.400002954280636,3.337029110915604,-12.413499258545881,3.6454894518313994,4655
Bigaa,2024,12,0.5376266559541075,0.267722632202338,0.4210704469389057,0.24034966476468442,-0.4838794864096381,0.20632922234064435,1993,-5.428300825999819,3.6286440676190743,-11.402871249815252,3.470755781506764,4663
Bigaa,2025,1,,,,,,,0,-6.124020667974272,3.7629135960430804,-12.37930149040874,3.9248838962442956,4652
Bigaa,2025,2,0.562762317318761,0.20266841231726765,0.5065239885721696,0.20208464368988646,-0.5037842932111727,0.1550063289164599,2579,-6.410914504630865,3.35364164451014,-12.450310070855501,3.6200063130055495,4662
Bigaa,2025,3,0.5213484244697252,0.25273156244139144,0.41233071208089317,0.2250356998827173,-0.4911027038258205,0.19288059314077477,4509,-6.349802377113248,3.4510603275228524,-12.425015865733371,3.470730084766149,4661
Bigaa,2025,4,0.4694332722243122,0.1928916689189408,0.3986655946479378,0.18886888409074012,-0.4551265832433755,0.13678432258021495,1567,-7.0055521688253934,3.8455638263316057,-14.174443605910145,3.1631497302706792,4663
Bigaa,2025,5,0.4679067580641461,0.25428042716336874,0.36928536541436924,0.22667403068453232,-0.45858001620393085,0.1841833581531309,4662,-5.9767595977775105,3.282953964596732,-11.898453959024398,3.0752973412685436,4663
Bigaa,2025,6,,,,,,,0,-4.72006064947134,4.070004282382279,-12.164997974176167,2.783603293670451,4663
Bigaa,2025,7,,,,,,,,-5.786934842383712,3.981446797248141,-12.989666659984133,3.4357109300580326,4663
Bigaa,2025,8,0.5425975365687693,0.28024252248291587,0.4489917974105272,0.25382344814850993,-0.4965263237471625,0.20664254767875698,3252,-6.095937301238961,4.019918533641384,-12.525503867785371,4.004774170365964,4663
Bigaa,2025,9,,,,,,,,-5.42709797867195,4.378841704570096,-12.659684290458758,3.332661535780329,4663
Bigaa,2025,10,,,,,,,0,-6.149087843971313,3.742032287963661,-12.246726608978765,3.6314995194255446,4663
Bigaa,2025,11,0.5174198559780324,0.32091623328812635,0.344478932811337,0.22280850516099504,-0.4767549819607815,0.2702026522980475,4663,-5.58126208497989,4.091058072303279,-12.751237204250824,3.571404173756228,4661
Butong,2020,1,0.5109463817091472,0.28212255874238623,0.3475626365181349,0.20830911193583831,-0.49518370759972186,0.20600816821583773,3422,-6.5288286426286986,3.6249603520097597,-12.892046307268899,3.544084678937649,3420
Butong,2020,2,0.5234094572587698,0.24606663372484103,0.43763085061880264,0.24167789167398315,-0.5030187377023426,0.17754132833056926,2157,-6.584095013887826,3.6231451599100715,-13.06860104487579,3.432847909822717,3422
Butong,2020,3,0.46474406284475867,0.253648649159583,0.35807452445585214,0.2208093164750861,-0.4741181182678601,0.17045838185697565,3422,-6.853799744014907,3.629982171361176,-12.955808048911104,3.5080620305951746,3422
Butong,2020,4,0.4132423106749923,0.23987064027899943,0.33536747390108756,0.2189220261988222,-0.4303511945959897,0.16545682587821714,3422,-6.886565356120186,3.6633286430829837,-13.123176178738737,3.404144361023506,3422
Butong,2020,5,0.4625730340048809,0.277645865557424,0.35167369765906675,0.24734492751555892,-0.45329566872585453,0.1823949525036364,3422,-6.518168435327198,3.582786745087231,-12.65325826493568,3.400178400450567,3422
Butong,2020,6,0.6856092285017317,0.18827794496860586,0.6036789623080987,0.2036798380092987,-0.5828552760466195,0.12410312518546225,343,-6.455108253261407,3.525807409960363,-12.893026820782156,3.4522065090435357,3422
Butong,2020,7,0.4768545806461949,0.2795001596605358,0.3767032016306227,0.2612280636615671,-0.4571407925588487,0.18725940942517805,3422,-5.866133226563989,2.924813993352186,-11.217067290154075,3.488877060951723,3422
Butong,2020,8,0.4690209165552678,0.2688494702479267,0.37868897293725273,0.2830060003100847,-0.44993516844815773,0.18472262282753873,2555,-6.185012228746226,3.543357062717885,-12.785476695856142,3.7731771753721843,3422
Butong,2020,9,0.38177875773990266,0.18824501726844345,0.3266081070408081,0.1411634534457334,-0.3413871962251097,0.1459301169478038,3051,-6.530973638272445,3.2051473158141612,-11.79953762033077,3.7997686298953393,3421
Butong,2020,10,0.5399937619319666,0.3040009589494676,0.45491363903344867,0.2513112502422663,-0.45742480412287534,0.25973963322705,598,-4.975524600757801,3.7372739521663707,-11.982639984215195,3.4601915992730645,3422
Butong,2020,11,,,,,,,0,-6.185059372912765,4.082114337118653,-13.30302561386205,4.70236063019698,3418
Butong,2020,12,0.41387257829898416,0.33257118174275346,0.25873907072321595,0.2183926531092909,-0.40442383884589617,0.28313020670912553,3422,-6.240488676879714,4.202258779810339,-13.263187596720723,4.7911128425908664,3412
Butong,2021,1,0.37962408211312304,0.1638131473994342,0.31498271868184835,0.13792747448609488,-0.3165092534431209,0.1456160503124456,429,-6.308007130812162,3.6977804492105952,-13.296255673287009,4.530953378264622,3419
Butong,2021,2,0.5071060627889995,0.271226189279489,0.3633929328593447,0.23220931321831942,-0.48514360128324946,0.1837793925120303,3422,-6.176771232766474,4.719334491193835,-12.806782686665464,4.348646687722643,3418
Butong,2021,3,-0.01918976567685604,0.0,-0.02462669089436531,0.0,0.010296603664755821,0.0,1,-6.646672377150177,3.7418660135001596,-13.414792290459046,4.293030789117451,3405
Butong,2021,4,0.3711568961135894,0.2350326681095562,0.33986933361643734,0.2278708593536685,-0.37631443243188833,0.18235468376812067,2822,-6.6423210474416985,3.8185869006128703,-13.22777463867824,4.119435656428026,3412
Butong,2021,5,0.39512335446070934,0.24199882511679507,0.3089918602750016,0.21385960512742533,-0.420082554566861,0.1737034965422693,3422,-6.883596183104174,3.9461485379601364,-13.348743210218776,3.9883481646565544,3414
Butong,2021,6,0.44507357145129867,0.22788329247734485,0.4735021331897208,0.283113043987909,-0.3681757851281642,0.1791390359137571,1635,-6.204493569755885,3.8057629076517503,-12.97904042582417,4.184802133762458,3413
Butong,2021,7,0.5907448142924976,0.2618621789413403,0.5703462546969524,0.30121507799452596,-0.5050686752215189,0.18304934931915698,277,-5.979285523366742,4.276149892709108,-12.95821464613384,4.554219294971344,3414
Butong,2021,8,,,,,,,0,-6.91435973188255,3.914959521437326,-12.405750508168317,4.576089443281069,3413
Butong,2021,9,0.5251830888625532,0.31428647179394625,0.3718763296857928,0.24624264021413012,-0.4927819615801684,0.2326377228051589,3422,-6.170062330583068,3.9938242207074297,-12.776805057078827,4.062808639330032,3415
Butong,2021,10,0.5323202976202313,0.2351559687174528,0.40566417357429474,0.1968615457549796,-0.48072213230395217,0.17802893679100426,1343,-6.529345447030541,3.3773939180366486,-11.861547674458564,4.21058283132991,3412
Butong,2021,11,-0.07863777130842209,0.0,-0.10204901546239853,0.0,0.06898169964551926,0.0,1,-6.225706936855013,3.9880608530770636,-13.142652053850123,4.295995198269203,3411
Butong,2021,12,0.4811105266147836,0.314628709110069,0.33180008827408125,0.23510858534887658,-0.47300727035132334,0.2592376766614148,3388,-6.467932376719343,3.455744659326014,-11.968724437076505,4.301504940419441,3412
Butong,2022,1,0.09552154255382707,0.13330764565941672,0.10568935620082553,0.1528049772173517,-0.0681327239446563,0.08992128608928723,213,-6.577824185954687,3.82407375849788,-12.05993558382732,4.39132829958331,3416
Butong,2022,2,0.48685174857527236,0.28872072902475593,0.3712792509509857,0.24381594814342414,-0.4672799931577437,0.21674549820372932,3422,-6.539131520662153,3.4547211653092447,-11.728309775601554,4.1527502077422005,3417
Butong,2022,3,0.4670598558939483,0.2789570777932565,0.3532010771505778,0.2264347443433797,-0.4742510869444455,0.20197650736510153,3422,-6.784133209001937,3.509085082779263,-12.03546038931922,4.209003769039182,3419
Butong,2022,4,0.47483728261027136,0.25602859641042774,0.4106099802716791,0.24292037663576657,-0.44869579484271077,0.17887898601487537,3392,-6.65537081770313,3.5550801332022104,-11.761928354101292,4.061518399648705,3420
Butong,2022,5,0.5051868660443002,0.2809899299176552,0.38252914856041825,0.23894687769856687,-0.4826761462048984,0.19560532181011675,3422,-5.943532018686092,3.3566239470979213,-11.190828419324223,3.6792793518707736,3420
Butong,2022,6,,,,,,,0,-5.974800280708637,3.5300309831026775,-11.404206830828496,3.846083466839377,3421
Butong,2022,7,0.5142977259283839,0.2924245336079989,0.39019949778169466,0.2480420658719333,-0.4863560099538725,0.20584929522902093,3422,-5.5556784247863025,3.0014952989599117,-10.805110705950028,3.2820432704727622,3422
Butong,2022,8,0.4364636573878917,0.2819554646182924,0.32269092423249146,0.23143117806456923,-0.4043703659144071,0.22277803974010352,3422,-6.9007293620397405,4.02298062376684,-12.211407691936731,4.759010343412323,3420
Butong,2022,9,0.4678937589230863,0.3020029530295836,0.41283938876977316,0.28971105210310405,-0.4411934158902692,0.2225280363096979,3094,-6.3069003723580535,4.0910985431227855,-11.763101943170636,4.591374178652498,3419
Butong,2022,10,,,,,,,0,-5.585225052282196,3.2718490818362858,-11.069111028045352,3.734039824450833,3421
Butong,2022,11,0.27428093117972213,0.2946649686580005,0.1748416219368607,0.16713708499641175,-0.2153044474747269,0.28136851069189944,126,-5.551885115359855,3.9139247213050363,-11.198008001228137,4.566528325769737,3415
Butong,2022,12,0.4341778256911535,0.30962853961832504,0.3071972780067719,0.24424264466030268,-0.4375990461875186,0.23598585398696842,3084,-6.390392636011414,3.6336153396237276,-11.904121816241204,4.53277865608013,3415
Butong,2023,1,0.4265863837687394,0.2527447672717006,0.2989520694849124,0.20512700342415366,-0.43019592262978207,0.17168225472497875,2305,-6.70058038065106,3.7244982326953116,-12.081574305299343,4.737591695407863,3410
Butong,2023,2,,,,,,,0,-6.484764580001239,3.979465976257476,-12.008408705936484,4.585995113096276,3416
Butong,2023,3,0.4186388662371792,0.2566229478682182,0.3331977632290691,0.21737346492907678,-0.42400613116300645,0.19684173661436424,3422,-6.922097332765222,3.870036918029662,-12.14915523722067,4.433951577598503,3416
Butong,2023,4,0.44147763727546346,0.2546329786634742,0.3548847743195594,0.22699351079178443,-0.435217915636737,0.1846051468351349,3407,-6.735982016025748,3.6860863315419112,-12.069063697140166,4.482533302465278,3413
Butong,2023,5,0.41218172655788965,0.2525823285614922,0.3704671266654677,0.25100522990202184,-0.39294143338705906,0.19389655475599443,2962,-6.615005703963701,3.656892212844069,-12.236251011915764,4.66450316689001,3419
Butong,2023,6,0.47335998167988436,0.34389241583892194,0.3473602683201279,0.28016953046501514,-0.48003715216207304,0.25481839184742555,3422,-6.208899997581463,3.6527612071469884,-11.6932850581439,4.351565448292178,3421
Butong,2023,7,0.45818253515744467,0.3030746238710332,0.3463821227728356,0.2618101838465664,-0.4383376265503578,0.2129389165759338,3331,-6.298117626572559,3.9630819180159915,-12.137821983000888,4.964131109024595,3410
Butong,2023,8,0.3360451615257809,0.22613558899697517,0.34181174969987144,0.26399141913816715,-0.27484772420707376,0.19947202191923158,3214,-6.570482469917725,4.195003732713414,-12.099457104190801,4.827536799533841,3417
Butong,2023,9,0.5173069721938366,0.3695955761171843,0.3597647481097554,0.24487604849723119,-0.485491091470941,0.30603070070740224,3422,-6.12025392739533,3.9297460294108917,-11.679856800677083,4.447290039039761,3408
Butong,2023,10,0.4273962170464238,0.23556790492919819,0.3743271576294397,0.20154955004607938,-0.3854420585115232,0.1913862583219092,2946,-5.719654329747087,3.7153161671240706,-11.138660790717152,4.165069309942755,3416
Butong,2023,11,,,,,,,0,-6.0986166370328805,3.659286035591244,-11.134620544117732,4.011468762331429,3422
Butong,2023,12,,,,,,,0,-6.077764607335368,3.553956409146274,-11.323248235328958,3.9050716808863557,3418
Butong,2024,1,,,,,,,0,-6.264601237189452,3.4559617218005205,-11.542959967489857,4.070500162423151,3422
Butong,2024,2,0.5023935396524989,0.2617025660813325,0.3862759754834374,0.22157443796982199,-0.49341956273757637,0.20890342313779336,2006,-6.302333920269563,3.4461783841017732,-11.616876785362555,4.021743389692929,3419
Butong,2024,3,0.4336959381926992,0.25010886803529814,0.3318763311908311,0.22369912636341555,-0.43352676757565006,0.16522494007561403,1528,-6.353954111597918,3.273255758769778,-11.40891774411864,3.8750851533798922,3422
Butong,2024,4,0.42147096870121115,0.2621608324372376,0.32186095053352815,0.22883849933557873,-0.47001417325873607,0.17729847481401012,3422,-6.45912391414607,3.3006296903996177,-11.847270836825514,4.054108460403273,3421
Butong,2024,5,,,,,,,0,-6.617330487689076,3.353772886161559,-11.828576565610994,3.913246307227142,3422
Butong,2024,6,0.4628210131025812,0.21391292556372732,0.48020494600654146,0.2524111663313799,-0.3864646303700283,0.17928126340565784,460,-6.200074707847291,3.5443053528379806,-11.41454328603993,3.9278509197711324,3422
Butong,2024,7,,,,,,,0,-6.158776221333399,3.995160466948745,-12.853304928365663,4.455877839852793,3413
Butong,2024,8,0.38182117058070825,0.2288078202685486,0.31487978898654373,0.2152362638346405,-0.34220575385076984,0.19219369981910459,3333,-6.094527961159208,4.074799002938018,-11.501561492432696,4.363053976733177,3421
Butong,2024,9,0.47523480436986076,0.3048429800841898,0.32442919107785395,0.23996596051388555,-0.44424731642307785,0.23662193170737406,3422,-6.4762694395976546,4.345446510880973,-12.160773438924494,4.804068528184251,3412
Butong,2024,10,0.5106128560938137,0.3315250312687165,0.3825555467456402,0.2612788584990597,-0.4801743049531069,0.2583152512948105,3422,-6.331032052676585,4.171493196537479,-11.810517326838342,4.770033811621589,3414
Butong,2024,11,0.4291621975489099,0.24247071729144334,0.36021830251799636,0.22234277512041117,-0.41449118244530625,0.18458511149883713,2453,-6.759741337251128,3.9262036249379455,-12.123830061371864,4.824544051134003,3409
Butong,2024,12,0.6433519522794694,0.27595299309915083,0.5883678620295237,0.2652375949452535,-0.5258797557908108,0.24923787563513308,384,-5.943532939926043,4.309263069269244,-11.110958544496002,4.51659642082234,3418
Butong,2025,1,,,,,,,0,-6.310231136507443,4.1244793088055545,-11.881036310364589,4.657726427746306,3407
Butong,2025,2,0.4525079818550811,0.3168274670251005,0.4014030836666956,0.30146663282684083,-0.43864516093792766,0.24575970983287695,3243,-6.381453208971698,3.7033761684635857,-11.893546020631709,4.594567152241475,3420
Butong,2025,3,0.505421288250534,0.2724731003276697,0.41188759213560155,0.2606580420371052,-0.49383498281578575,0.17501874126416053,2976,-6.517083706550692,3.8294743536592493,-11.852745327726426,4.603961749443038,3414
Butong,2025,4,0.38064964411327756,0.2181379810287723,0.315852041801436,0.19928762608146328,-0.3939786128223227,0.16012092661749536,1507,-7.423481241637866,4.014994815925623,-13.906347842282477,4.227853897123802,3420
Butong,2025,5,0.41393385740575894,0.2655748049771963,0.33699769263597157,0.24128431155409147,-0.43070973114435285,0.18377861024448255,2716,-6.3167594173823565,3.825356226363682,-11.50762554893452,4.060635447125293,3421
Butong,2025,6,,,,,,,0,-5.5495512550259996,4.349403930846787,-12.13012113165239,3.8920116552416415,3422
Butong,2025,7,,,,,,,,-6.599139492114079,4.562779968201024,-13.303717890055529,4.880324527248163,3419
Butong,2025,8,0.4931108721245369,0.3089786398829394,0.3745818189507609,0.23235142390815866,-0.44473685384190714,0.2577946551250019,416,-7.1029981218380485,5.176796937181075,-12.494541927218457,5.102715911956864,3422
Butong,2025,9,,,,,,,,-6.350308788699309,5.183097715722627,-12.947312920396792,4.726834245320994,3420
Butong,2025,10,,,,,,,0,-6.921632034134609,4.631751916135864,-12.416779544892464,5.226207121138021,3422
Butong,2025,11,0.3597566194507835,0.4068869866771795,0.25682472787378113,0.2558913853702842,-0.34593255965416536,0.37389889609249927,3422,-6.72236335162803,4.762235307869405,-13.574992379023312,5.271045918215973,3420
Caingin,2020,1,0.35792732684149564,0.32630135441555086,0.2511292600949432,0.23817302267603702,-0.36335258739070797,0.27646663394848886,2134,-3.5993196605403304,4.490647022791791,-12.298334482718284,3.628183248856619,2132
Caingin,2020,2,0.36432312901528097,0.2848328134609062,0.2858391766947739,0.2557504717885732,-0.3736671108280771,0.2244527713061204,1712,-3.7685545634947712,4.521446253073338,-12.839590286904114,3.6727226861102413,2134
Caingin,2020,3,0.34138800956661947,0.3015621179354117,0.26312217276481487,0.2525472404887085,-0.3570885081443701,0.2444162582863443,2134,-3.7084353726294808,4.489517434136632,-12.701098244993373,3.536296267603063,2134
Caingin,2020,4,0.31721608627020165,0.29043863376088425,0.2587964263000256,0.2565761768732735,-0.3292135240245204,0.2343753674955999,2134,-3.734682194497047,4.553721294405337,-12.592512702294288,3.269092113333102,2133
Caingin,2020,5,0.35311433752186305,0.3272756813466232,0.2792582896441874,0.27801270677107587,-0.3502524400694481,0.2593634998499358,2134,-3.2714270083457455,4.342125279906233,-12.025093850045128,3.0190188607074067,2134
Caingin,2020,6,,,,,,,0,-3.3223064559384556,4.348902474783924,-12.264324078421907,3.1062884715021637,2134
Caingin,2020,7,0.3636100578880573,0.3181280746288403,0.30086303404578596,0.2842588839828503,-0.3541509758260803,0.25204113328675287,2134,-4.664852867969972,3.2755898627652633,-9.96858574979293,3.7542720977327777,2133
Caingin,2020,8,0.34395959919382946,0.2849924664447823,0.2799490492456335,0.24894758538050177,-0.3519635363875293,0.21532702886444377,1610,-3.207957436498723,4.345742157869242,-12.030457705685485,3.1723364406886945,2133
Caingin,2020,9,0.35205470011467915,0.27926506771965076,0.2711723215789258,0.24203402038924296,-0.34558345395599094,0.2193982594894111,1957,-5.299138632732314,3.6273498610547126,-10.446759940085668,4.076871089584627,2130
Caingin,2020,10,0.6365048629090642,0.22204387631032743,0.5510330291634257,0.241320086617202,-0.5523807187423561,0.17214897361159698,33,-1.8243674270009298,4.530834800422104,-11.211123619790715,3.0946572005289306,2134
Caingin,2020,11,,,,,,,0,-3.2916009085168936,5.001776750219898,-12.80558397589127,4.376427411165842,2133
Caingin,2020,12,0.2861138733558897,0.33007888671511726,0.19764870072391288,0.21872949052041274,-0.2953271931405953,0.29287509089804503,2134,-3.759944098002183,5.223391469076965,-12.950662871342653,4.451150080223082,2134
Caingin,2021,1,0.17058667058756777,0.20439231557155524,0.11822070267990624,0.13624407935330698,-0.2055197084113162,0.2093687319362932,1024,-3.433844209401741,4.822439536806893,-13.15150760793869,4.7424129004128295,2131
Caingin,2021,2,0.33967972860610846,0.27078596066905786,0.23409253260580767,0.20768154921254878,-0.3450889374286478,0.20339964128492752,2134,-3.570357741252477,6.1742251059904705,-12.819856367278405,4.731456941087956,2132
Caingin,2021,3,,,,,,,0,-3.7357763103692,4.875687893115235,-13.10088972316189,4.507463575350584,2123
Caingin,2021,4,0.06995317709341678,0.1807420440388866,0.07431343775322166,0.23093010662397365,-0.1738471385075623,0.17469386027828904,117,-3.639271536687644,4.9993367073579,-12.901139303216329,4.505445239469838,2130
Caingin,2021,5,0.31646300852126935,0.2872485917316677,0.2558060644539309,0.24701703739988215,-0.3290031460598416,0.22984613510247692,2134,-3.8060361562319063,5.054615142760288,-12.884696212011038,4.167490652524023,2129
Caingin,2021,6,0.309506299657558,0.24806546079912226,0.3262821237935594,0.2874931516350795,-0.28011212127820173,0.19912649560208698,2108,-3.5396910072549805,5.049536072224324,-12.510166134687005,3.8723168382421482,2129
Caingin,2021,7,,,,,,,0,-2.741339906163042,4.9783233779551574,-12.013316950253657,3.8987414355845007,2134
Caingin,2021,8,0.21579517162674428,0.18580697927553974,0.15739218614047618,0.1485202358389361,-0.19599433026576724,0.16680210912730037,197,-5.54245926516645,4.025304323792841,-10.783030469884398,4.45853464385255,2132
Caingin,2021,9,0.3661621282239362,0.3297711781507562,0.2780273564125789,0.2723668387470111,-0.3697982390567542,0.26309167756818014,2134,-2.9956668042606087,4.833765090301761,-12.17092172272436,3.7505521600739877,2130
Caingin,2021,10,0.28856501886742325,0.24725345232242804,0.23518302542328587,0.21600258412499854,-0.31378577111781486,0.18976386529471698,951,-5.431650226104422,3.8324654726742176,-10.726127701610197,4.6899146407964105,2128
Caingin,2021,11,,,,,,,0,-3.4647167626768125,5.110712581408033,-12.771097045038848,4.474586359130835,2132
Caingin,2021,12,0.36624634514251864,0.3399956793869125,0.2623126938688679,0.25392429857901205,-0.38031204148381553,0.28959179145384095,2134,-5.541396029307949,4.008111311285887,-10.898098808410374,4.885762279786361,2134
Caingin,2022,1,0.25477102115942335,0.22408655544463504,0.21271134442514059,0.19880600980527657,-0.2613934750825037,0.1958335353730228,549,-5.687802199628428,4.338374218738246,-10.834689653486018,4.713482584888916,2125
Caingin,2022,2,0.3220492368718263,0.28959262281243175,0.23443117310770972,0.23041647108452365,-0.33617963875012674,0.24104920016451456,2134,-5.383088678735247,3.9605802494584044,-10.810110576150867,4.873029843674451,2133
Caingin,2022,3,0.338546542630045,0.323173544622485,0.26166435005237404,0.25190266136944583,-0.3604193543056256,0.27180082405770406,2134,-5.609391544945088,3.9054639249067447,-10.867485613551246,4.744434033874316,2133
Caingin,2022,4,0.309887561542286,0.2815001917667408,0.29849815877048014,0.29021537949406884,-0.33880607565062276,0.2019600862435963,398,-5.4530439447020855,3.8729631040099304,-10.652416032193798,4.530873382582378,2132
Caingin,2022,5,0.3608980606965906,0.32056484499936494,0.29163030545743185,0.2708825494508308,-0.3620354733760161,0.26185134437487045,2134,-4.80353236719939,3.647896325907378,-10.161422950460933,4.017641629509998,2134
Caingin,2022,6,,,,,,,0,-4.743812801653186,3.7708295035511803,-10.187941872208686,4.061158297298528,2132
Caingin,2022,7,0.3783421188047186,0.33948639100905237,0.3024053984635158,0.27442181492902007,-0.3726726888231416,0.2742822882829934,2134,-4.569227161669304,3.476921952379095,-10.00193539356261,4.139064667649226,2134
Caingin,2022,8,0.35978371788493174,0.295079053740022,0.2803093603622352,0.2431254932482103,-0.34643994620433854,0.2373179689803417,2134,-5.2921636716086615,3.7368727929063845,-10.44496778350637,4.297158444929902,2133
Caingin,2022,9,0.3310873327794188,0.24073968757566902,0.2796030806807431,0.22979279279320255,-0.32284039069792425,0.1960305726336596,843,-4.9132582208273385,3.9493182195876275,-10.117464849564616,4.372439981512969,2132
Caingin,2022,10,,,,,,,0,-4.44738529492152,3.6204330827530926,-9.655099895233306,4.121894831774497,2134
Caingin,2022,11,0.2948872509201065,0.257113958474495,0.1958329494230802,0.18980041267471257,-0.29583391825958694,0.20840436513248406,1296,-4.380230588621885,3.889007655573519,-9.766902174529942,4.497929115316579,2133
Caingin,2022,12,0.30669175301676416,0.32476208165210346,0.22279295818547562,0.23323245096088535,-0.32193347487900387,0.27587637384335384,2134,-5.580363283485597,4.0598211379986235,-10.844450475543008,5.158647494121776,2128
Caingin,2023,1,-0.14261233020159936,0.05008085815272308,-0.023172958960963618,0.012348273177134167,0.12337612402107981,0.03728543971484669,18,-5.68932318520493,4.248371236975235,-11.104262837360393,5.461732753369561,2126
Caingin,2023,2,,,,,,,0,-5.690764137400553,4.856856196856044,-10.940263193895849,5.429805093747006,2127
Caingin,2023,3,0.2977472261510058,0.27839960526161334,0.2363215338382911,0.23227052039184687,-0.3219944713465942,0.23350133022772698,2134,-5.7266630233867,4.545095949245264,-10.892804590699077,5.207247460632757,2129
Caingin,2023,4,0.33157135178101504,0.2715485257519332,0.27595573269570883,0.24498021808941103,-0.33796449699458775,0.21575214839804668,1770,-5.387707810414722,4.179609788722818,-10.708396315714628,4.762978444062574,2129
Caingin,2023,5,0.337241929427656,0.28077365876610605,0.29433545864336924,0.26057985824593494,-0.33888730362224384,0.22802185305309133,2134,-5.111035002526518,4.134270428833277,-10.556149101890036,4.713879855509924,2129
Caingin,2023,6,0.3834112287773504,0.3734953371530913,0.2901277483200893,0.28427792242903827,-0.39261359489051223,0.3146098678992614,2134,-4.524876535737878,3.7337302333444775,-9.97643303567985,4.340379079775676,2132
Caingin,2023,7,0.3759896061013734,0.3311415634050544,0.2947717459814918,0.2727209374038323,-0.3696696955239195,0.25881282022442936,2110,-4.545076103314734,3.8255071105604754,-10.165066601345469,4.5135943382919,2129
Caingin,2023,8,0.32554925321057177,0.2509104521945305,0.32028895206982955,0.2760075844736417,-0.3012850710938201,0.18740842784841374,967,-4.914528369356754,4.0274841967824475,-10.32329717894578,4.454147145436348,2129
Caingin,2023,9,0.36690024524418097,0.34305489696500063,0.2709847020757905,0.25660226622926613,-0.3705293353441094,0.29118989540431356,2134,-4.707418470914301,3.878662864130629,-10.041585359075523,4.427426549441065,2125
Caingin,2023,10,0.37760992144626443,0.28585433880665934,0.3337715952444305,0.2839154642251104,-0.3667476120768136,0.22926968354658417,1061,-4.419501540818061,3.9188211801958905,-9.823252993970762,4.282669167085294,2130
Caingin,2023,11,,,,,,,0,-4.935198510234817,4.011041945824982,-10.116842132435812,4.58309794254514,2131
Caingin,2023,12,0.33605363937096167,0.3146867918321068,0.23792509408520254,0.22806363073585226,-0.35393547750249055,0.28257909910330764,829,-4.859309959148954,4.119406173095198,-10.26663732144893,4.703192205123779,2133
Caingin,2024,1,,,,,,,0,-5.244987225884357,4.103630029281475,-10.433659063424246,4.831355467635997,2133
Caingin,2024,2,0.364719999440094,0.27237281534638474,0.27299018865606367,0.231731337867053,-0.3931297873365281,0.21247075283366157,2025,-5.067323409701168,3.86077561518816,-10.325156954410097,4.669706764867618,2133
Caingin,2024,3,,,,,,,0,-5.023658372796137,3.7220222379795036,-10.06861299890137,4.308964776743629,2134
Caingin,2024,4,0.3705611349535012,0.3177103973620858,0.28455437522447735,0.2662335032269618,-0.3981143511111966,0.24955901726345497,2134,-4.979627792363873,3.6839101187067067,-10.257835298022275,4.3294837204073575,2134
Caingin,2024,5,,,,,,,0,-4.912005045244798,3.524939089890108,-10.14450546371687,4.119601041807813,2134
Caingin,2024,6,0.293091250390842,0.271099081526044,0.2695714116722731,0.2976642775787778,-0.2190946201223816,0.26097361407939285,58,-4.781750866269342,3.531452415445067,-9.86747194889797,3.908857864605636,2134
Caingin,2024,7,,,,,,,0,-2.284382665766885,4.528586268422966,-11.62030225123728,3.5882111861894948,2131
Caingin,2024,8,0.3182444891139356,0.22710657132079043,0.27480782165711076,0.21353466316095496,-0.3101040842200871,0.17620468094209055,2134,-4.415513954301661,3.655609259150153,-9.986709542523618,4.15099305757874,2134
Caingin,2024,9,0.37606860026292516,0.330056546505503,0.26939047297272417,0.2467533602138881,-0.370394525967311,0.2684275676611793,2134,-4.656678424515269,3.7822903823464333,-10.189699341972863,4.405725628858285,2132
Caingin,2024,10,0.3872778224020301,0.3448581398985725,0.296752632811722,0.27584419915562375,-0.3880408036739222,0.2791515283418017,2134,-4.910730805010069,4.337466223720114,-10.293089214707154,4.691870334390667,2132
Caingin,2024,11,0.3048707126103006,0.27173212701527805,0.21311314546281376,0.20099361315764147,-0.3374648874445542,0.22161488209872232,1777,-5.244188187300214,4.217725582389543,-10.698658523741798,5.004383080593979,2130
Caingin,2024,12,0.26874345240954434,0.24997095081488044,0.22887757730206396,0.21496867218905621,-0.2755850899373849,0.20511441240053624,1947,-4.837508024271201,4.7639101071184315,-9.963679694414383,4.961509111439974,2134
Caingin,2025,1,,,,,,,0,-5.180902796890455,4.518949324524884,-10.786105179348771,5.277128374981494,2118
Caingin,2025,2,0.2940420554523862,0.2840292258984595,0.20992524962920436,0.2085674214838067,-0.3063738246291691,0.24584824641204908,1336,-5.392775687484782,4.280089526513331,-10.93482403724356,5.299146288741985,2131
Caingin,2025,3,0.32945716222300675,0.2741795450584313,0.2682891237809372,0.24106679228188288,-0.34672913004998757,0.21758589306807521,1479,-5.397742479849408,4.430038386496492,-10.684806474431168,5.056429878640255,2130
Caingin,2025,4,0.3614957514012728,0.23390200734345123,0.3149474602764865,0.2209148654566537,-0.3582829229296938,0.184804500843722,1253,-3.694500910312323,4.979628405786295,-13.239705268443743,4.270754373758711,2134
Caingin,2025,5,0.3435661510657493,0.3070017049963404,0.28606428231767833,0.2772676806155493,-0.3574909872905305,0.23425501123818954,2028,-4.8678191513311475,4.066288994676801,-10.253373850889387,4.378693362616647,2134
Caingin,2025,6,,,,,,,0,-2.0351248782177387,4.860655990679064,-11.607697833636685,3.7103975289588593,2134
Caingin,2025,7,,,,,,,,-2.784506829191649,4.965806286584757,-12.124083617520396,4.102853688338203,2132
Caingin,2025,8,0.30854103106490044,0.34517932726507666,0.24282296305808182,0.24537254501438757,-0.31396116984559985,0.30604579333731285,2066,-5.087571946966687,4.829005352426663,-10.51948501545177,4.839959306540903,2134
Caingin,2025,9,,,,,,,,-2.2441541145957795,4.816307805503345,-11.52662669526519,3.5273521042147937,2134
Caingin,2025,10,,,,,,,0,-5.105392287296221,4.450037919344604,-10.695264183971135,4.974586170357058,2134
Caingin,2025,11,0.2734772897633243,0.3609443700283563,0.1834655293365399,0.22116840261995527,-0.28813647995328684,0.32628863691566584,2134,-2.9533095074581412,5.572611057771813,-12.574685093547902,4.809359335934822,2134
Casile,2020,1,0.3457931045473704,0.11189108121130806,0.19070939793135944,0.073996110365751,-0.35023623433221224,0.09899682097693946,4954,-7.046457303751848,2.840000640084033,-12.977970880164404,3.1147152018041586,23309
Casile,2020,2,0.5777187321858781,0.13782907030671815,0.3713080440011581,0.12284054151765128,-0.522851980710776,0.10524487280609052,20303,-7.78024313320623,2.971729754352236,-14.290765640385647,3.0021426264008952,23314
Casile,2020,3,0.6722959120721566,0.1559825130121545,0.4580056326762166,0.1327586031115611,-0.6012478804632101,0.11561590545309608,22660,-7.965861166618317,2.901094959530001,-14.463639907086483,2.8408413819980787,23316
Casile,2020,4,0.6150766089226667,0.16332306230586807,0.5227939968526578,0.16076099354778986,-0.5427287896272968,0.12114880893551615,16008,-8.25203256240619,2.9894478745371167,-14.848515643863422,2.975317088713526,23316
Casile,2020,5,0.753791633110957,0.13733983359413887,0.6666129448693172,0.2209208209735428,-0.6408973674806211,0.10048651291766,3905,-7.4310922418365895,2.926911667139828,-13.996902757018004,2.8257927526913886,23316
Casile,2020,6,0.7900712840405981,0.13564457185311077,0.7014930332388741,0.17885190638911178,-0.6679011939777313,0.10367562352586995,13276,-7.078743626156101,2.781035980395895,-13.772861144755549,2.5999044383786223,23316
Casile,2020,7,0.7290560816233015,0.1108303585894262,0.6904682238068635,0.14408810560476107,-0.610856545989164,0.08532826300382504,11841,-6.607031667426294,2.8038179721837806,-13.188175717145828,2.827828026218594,23310
Casile,2020,8,0.7717513584251148,0.12816169927590607,0.6398266039170522,0.13878466526463815,-0.6687279021906279,0.09851493228758586,17702,-7.052374721087184,2.7810534478777362,-13.647713755257502,2.665399907466212,23315
Casile,2020,9,0.6403917456825123,0.1616871814257955,0.7178210564063848,0.16934915428545846,-0.5456197400624676,0.13190959935067068,4983,-6.643473128933551,2.936696298736023,-13.376866473859266,2.9453683665929082,23314
Casile,2020,10,0.7834115624920716,0.1353818054460724,0.6169806185993905,0.14005696533372375,-0.674194483885274,0.11187415980724716,18119,-5.928743325383324,2.656627557890592,-12.330460081661387,2.6039597190054335,23316
Casile,2020,11,0.6531385144298556,0.14567317927710768,0.6720468237394686,0.15869379946540982,-0.5488051074953968,0.1262440777131066,3667,-6.825048572532268,2.7208878009790936,-13.266878330568503,2.708255489545799,23316
Casile,2020,12,0.7868598535771706,0.11052296757355592,0.6507740416180975,0.1373175463608939,-0.6849998377516291,0.09592220935660936,6102,-6.854140796572699,2.7382635142279828,-13.314963113265835,2.689505855538886,23315
Casile,2021,1,0.570826270467293,0.1366156730139397,0.6380952290643398,0.2213442558136427,-0.49371396053795147,0.1138480622452112,1593,-6.998317104450124,2.658120640038834,-13.616549305161598,2.6056252966830193,23316
Casile,2021,2,0.7765142647646062,0.13440111893164208,0.6521622938057166,0.164167519525881,-0.6746226999518592,0.11749871789196904,9839,-6.482121564834033,2.8716744999775847,-13.057160814835905,2.763553662006517,23316
Casile,2021,3,,,,,,,0,-7.324962745641342,2.7347637700161207,-14.02853006600636,2.749584698258481,23309
Casile,2021,4,0.7079072826161386,0.14167406425940585,0.6816936943676524,0.1610630378305226,-0.6211573896815664,0.09809924503048817,11593,-7.532917415824235,2.7642130282019277,-14.072119989326271,2.820929639505168,23311
Casile,2021,5,0.6827999470926012,0.15008234153404607,0.6362027325435797,0.37014085341512754,-0.59711289170656,0.10031837177703384,4784,-7.005717054227085,2.8638136714829754,-13.686622650937403,2.942841324694511,23314
Casile,2021,6,0.38645090248224223,0.11169141597558939,0.9878137073159085,2.6978812745859253,-0.21676510734686494,0.12005549647696795,863,-7.214917046383099,2.8679063353541525,-13.961559391495884,2.8338433840499566,23315
Casile,2021,7,0.5586080839068203,0.15172988339415755,1.0246384189290516,1.453834755221428,-0.45804857348991646,0.1051974388113704,59,-6.380064511841135,2.6312389979676483,-13.040578897595713,2.643267694310773,23316
Casile,2021,8,0.7073290790332118,0.09350498578682083,0.8122512603780297,0.16799948431615397,-0.5748572324757732,0.08280808655527205,1034,-6.917852154602888,2.9441360612690484,-13.831208526804076,3.037493127220522,23291
Casile,2021,9,0.8080077456855916,0.13662281980790328,0.7002144284015879,0.148922887260643,-0.6976091713939703,0.1100659968690669,16317,-7.125367257511934,2.840758810681875,-13.877681288811647,2.8386937520699407,23314
Casile,2021,10,0.8024821558139477,0.12805570315358267,0.721233643835026,0.16438443558488952,-0.7020857522570922,0.10256658114763793,7401,-7.015678153347043,2.9294493393328485,-13.863618836774254,3.0370694670281955,23288
Casile,2021,11,0.7338710529418574,0.11508276589919358,0.6399606802074708,0.13903888175763585,-0.6438804359633987,0.09206816694571146,6046,-6.316805974680234,2.7490890396986876,-13.17713470107444,2.7051434008442983,23312
Casile,2021,12,0.7958071131102259,0.13927744976720371,0.6687712774008718,0.16431850572946177,-0.7005544368333539,0.1140945589580315,8949,-7.255686518644815,2.798722788247579,-13.974077559081856,2.9503325889292893,23294
Casile,2022,1,0.2959862293756434,0.1572162100517525,-0.03571587575445423,5.624986265439815,-0.24729459004109403,0.09928185831087849,426,-7.198041494572676,2.9812646211159137,-14.016661533779613,3.0854157813102896,23294
Casile,2022,2,0.6547977478285965,0.13385751434977325,0.6258368081853201,0.15585645740475787,-0.5676243124675371,0.11146060743373226,4246,-7.164802417316797,2.8788333276308493,-13.78287437925315,2.9894310747587673,23305
Casile,2022,3,0.7748084644488373,0.15993873788514426,0.6333096674832454,0.15614729676346478,-0.6849847083345597,0.11928424139904084,14114,-7.284911115706143,2.7851464743786765,-14.025594510008606,2.914155614784392,23305
Casile,2022,4,0.6928742839188923,0.11951882664672728,0.7023253650468066,0.14419220691334125,-0.5906869012420822,0.09433314464347128,9017,-6.782918812755885,2.8472689180214124,-13.652641312770943,3.045171355005548,23303
Casile,2022,5,0.7945652540610129,0.12970231149149755,0.7299791358883813,0.18373417362273453,-0.6893075516085609,0.09469279266680405,11677,-6.551485704670976,2.7580749319523528,-13.522482833976486,2.7927675603828708,23310
Casile,2022,6,,,,,,,0,-6.557853788761264,3.001397282045804,-13.395223826503193,3.077654673710638,23296
Casile,2022,7,0.8107215426342858,0.111584997516467,0.8198868136838824,0.13406748328929924,-0.6851083114814066,0.09781772566821618,1578,-6.16795325350531,2.801450723556222,-12.790575579330381,2.7955980406970813,23312
Casile,2022,8,0.6945159856236424,0.11116929940170336,0.7130359135669924,0.14744654587393935,-0.598223389520308,0.09166877522992008,7539,-6.592196278186848,2.8734000237636534,-13.394975532125926,2.9408326013200337,23303
Casile,2022,9,0.7938177983375807,0.1366874380420633,0.753637342198592,0.16453832287366243,-0.6786763668453545,0.11336200923037533,11312,-6.677011161000393,2.8449879253040797,-13.258536133059742,2.912915304350882,23302
Casile,2022,10,0.18643535201142475,0.022778606034399847,0.22189979218855138,0.0434170303119842,-0.11146806453059359,0.01892702524791815,41,-6.488928129427149,3.0258460015140876,-13.055705962626321,3.0940399367262246,23301
Casile,2022,11,0.4668551776031988,0.15533807983722794,0.49645713256393725,0.18076502746118658,-0.39065750599152427,0.1413250969695795,1947,-6.221394084955193,2.7834757360214075,-12.806079875072257,2.856415068944894,23306
Casile,2022,12,0.448618603627319,0.13421391567887747,0.44049378994690347,0.17072942511854314,-0.3822869588823422,0.11366396230392885,92,-7.300981272265323,2.767938417419949,-13.869556168819669,2.9098833176492036,23309
Casile,2023,1,0.8143290926023143,0.11340811222570127,0.6541613285161422,0.15138380505242446,-0.7094237250539172,0.09463587987024563,10578,-7.3814845013898625,3.0129888326044867,-13.94380759508104,3.0833625340298605,23293
Casile,2023,2,0.5207227835317687,0.11070428910789845,0.5538228024857772,0.1448442403008702,-0.4517099105947546,0.09553746855915171,10767,-7.008420274234282,2.851353407609746,-13.76940505246354,2.9464314542926386,23308
Casile,2023,3,0.6470041510803978,0.15502196343316474,0.5610415021421952,0.16184340062505628,-0.5907480452966848,0.11231983810637883,10298,-7.640976803681427,2.9031816761247136,-14.255845627233812,3.100823151910715,23291
Casile,2023,4,0.69603663237037,0.1405151702189925,0.646203824842091,0.16270159036028783,-0.6084486529501217,0.1095666226240377,13251,-7.301138409371376,2.868591405242121,-14.06922933721947,3.003396123745816,23287
Casile,2023,5,0.6309068750996163,0.060447371382016106,0.8948257936968056,0.1363599055275863,-0.5090160102923337,0.05564260920577757,211,-7.320020138045238,2.968296663820613,-14.094405947101196,3.096759608650788,23285
Casile,2023,6,0.8033921848526018,0.12903670964310604,0.7408535919902918,0.15913543597606108,-0.6939837810917364,0.10047201361169862,14811,-6.372244886993774,2.8541498164310695,-13.413247182298154,2.840589396911197,23308
Casile,2023,7,0.7653850053367509,0.1512792988605421,0.7598364517578571,0.17290789320208882,-0.6534432065981615,0.11812797044860818,9266,-6.650558489856415,2.8634314892736983,-13.333387739110854,2.928484771776933,23305
Casile,2023,8,0.56461882220669,0.08725717881101477,0.7297238078208912,0.2179583668245799,-0.4619963470631869,0.07873445004780012,1146,-6.937198999068546,3.0286958571375537,-13.698962237437309,3.1231332616419065,23301
Casile,2023,9,0.78605959171008,0.1497734980163826,0.6628713621745378,0.1526435504033765,-0.6878151744568036,0.12088999818034701,14184,-6.409770661103745,2.8972024524363023,-13.085645563489226,2.9464640475842754,23302
Casile,2023,10,0.653986277673611,0.16429899538445805,0.6661940699686062,0.15691662688882485,-0.5722830782832656,0.1353426472634293,7670,-6.266225740489205,2.970758444774393,-13.00063478477568,3.0684947848144515,23306
Casile,2023,11,,,,,,,0,-6.479230786461362,3.0216423820796527,-13.120020167741025,3.015609361018871,23312
Casile,2023,12,0.6916769507960507,0.14081456865154196,0.6482632967211037,0.2148468674721066,-0.593764863412562,0.11909078333538575,4073,-6.50505014338012,2.9478902938222564,-13.140198270560443,3.030372070189463,23301
Casile,2024,1,0.7719076380285727,0.13674713918355327,0.6001501545118776,0.37872071036582905,-0.6922698617111814,0.10542064170107465,15259,-7.3046913880734445,2.979288980093241,-13.791484007916912,2.968845199278087,23310
Casile,2024,2,0.7388742710953767,0.1491310359259941,0.554450656448928,0.1449048200816569,-0.6705016528318477,0.11074895666280025,13521,-7.0673196121333435,2.801105555373031,-13.798062709097636,2.910420039043412,23308
Casile,2024,3,0.6013227727276248,0.14813933303856028,0.5788315094217155,0.18260472355129487,-0.5218821380661841,0.11723858520660815,2159,-7.622375899694242,2.9219039086739143,-13.919659785630424,2.9633619920875303,23314
Casile,2024,4,0.6678753400929428,0.2094358711504846,0.5009492191789695,0.19278478053973291,-0.6245823317151866,0.1479146563125395,18004,-7.818776472126421,3.0153221504078314,-14.540748389133439,3.315081047242857,23277
Casile,2024,5,,,,,,,0,-7.802391079212837,2.9312680720361124,-14.26676799998531,3.0147950328630886,23311
Casile,2024,6,0.7185170705972941,0.1493601600433194,0.5848907092983389,0.15863082419412528,-0.6228386459460011,0.1166770876495376,16737,-6.195715566913547,2.7590716633947574,-12.92941856515674,2.654056545782579,23316
Casile,2024,7,0.6760959074999153,0.10026695145976924,0.6994034012367851,0.14571192460719265,-0.5848708381150897,0.07917255870887627,475,-6.829713424568111,2.9043822279521505,-13.565299489081985,2.9777463357465632,23309
Casile,2024,8,0.7333488596522625,0.11575312489049219,0.7696545850689626,0.1585734823668239,-0.6267116794019644,0.09315516700288225,9585,-6.353591910883776,2.822782364626485,-12.788095795131005,2.7952046407446973,23315
Casile,2024,9,0.7649269906267308,0.15123571634292615,0.7189658717360607,0.15996175791112213,-0.663741319417134,0.12328503886735367,9847,-6.7733272408838054,2.9968968873152524,-13.598466153458531,3.0614864411501204,23304
Casile,2024,10,0.7891620399825302,0.15017521341926246,0.6817157975489078,0.1602920710969298,-0.683750841372632,0.1278603779295328,11749,-6.616481028529708,2.771909169114898,-12.917340237111418,2.7795194096090547,23314
Casile,2024,11,0.7534376904134067,0.13900520338153274,0.6194831899829112,0.15827409616941693,-0.6700631964265149,0.11071873693758379,16133,-6.938756700915661,2.9431814982977427,-13.695932024572485,3.1234088217587046,23306
Casile,2024,12,0.5685936940540655,0.13042657886052642,0.6052595385240723,0.16756753848625738,-0.4770929441789367,0.11528359269716308,4071,-6.280806437780214,2.809361922818356,-12.70707048544202,2.779965163834732,23313
Casile,2025,1,0.7397021619406661,0.13523722347361095,0.6981312394592987,0.17674116705720036,-0.6541566376086088,0.11041319762732155,4429,-6.530370023010794,2.803175254885903,-13.12342236013224,2.9486426811989146,23306
Casile,2025,2,0.3607914686203003,0.015256539066689232,0.5297030135989189,0.1490166423438743,-0.3160000279545784,0.01053450556109304,20,-7.094385162300633,2.977025999406393,-13.645545150600281,2.920946953570772,23313
Casile,2025,3,0.7323649166685612,0.12709405192153733,0.6953944072233934,0.16287253318080078,-0.6405427323175606,0.09784482135036594,4474,-6.796323016878674,2.803351088762835,-13.65844957370969,2.852270838171955,23305
Casile,2025,4,0.6738808608419703,0.1629101750882406,0.5881509924784789,0.17397243100414497,-0.6102332711996349,0.11593480161696748,18181,-8.2000362150414,3.08349144176159,-14.805882779008591,2.873671161144813,23316
Casile,2025,5,0.7442479178061836,0.15251853136385388,0.8370354543566654,0.22360996874067868,-0.6353128725533399,0.11054723738873234,1324,-6.830726140328797,2.907584296631477,-13.572200847173628,2.851235604781492,23314
Casile,2025,6,,,,,,,0,-6.481815420063367,2.7116952707024335,-13.041880210147488,2.543318636660766,23316
Casile,2025,7,,,,,,,,-7.0831107478351845,2.8351966265687043,-13.458657695623792,2.6906730306506335,23316
Casile,2025,8,0.7815879157077125,0.11543644721496424,0.8839597646310606,0.17112030965000266,-0.6466544208068923,0.08860387935124164,797,-6.784638941483197,2.961165754770733,-13.557447976846262,2.7778158393875403,23316
Casile,2025,9,,,,,,,,-6.41272218592751,2.757332057198146,-12.98915370831477,2.56045772822525,23316
Casile,2025,10,,,,,,,0,-6.5343922624827675,2.945792345778733,-13.356163737261689,2.7726321046743996,23316
Casile,2025,11,0.7007620122692522,0.14916667400903477,0.6287664604689563,0.17454260910018632,-0.6046969525191737,0.1283280229094744,3195,-6.786292373789014,2.7110795543912056,-13.314643230363966,2.578103161146043,23316
Diezmo,2020,1,0.2602555286529009,0.2687401711203437,0.14878216364869057,0.16413998129345725,-0.26663799783416076,0.23403249282809147,5506,-2.6784431089476284,5.6747238672061915,-14.660648590856916,3.8805020939486736,5505
Diezmo,2020,2,0.2720324997378871,0.26008353616772045,0.1849819317010015,0.1846229195348627,-0.27626409215359604,0.23044645995709406,5506,-3.05555249501098,5.8555825047999015,-15.20795015987755,3.9207398618094147,5505
Diezmo,2020,3,0.24024573920049797,0.26564363578616307,0.16377116062911687,0.21226612236389827,-0.2527655701084545,0.24210152509316155,4219,-3.081116701265777,5.839993787308107,-15.131771869517614,3.961292252340543,5505
Diezmo,2020,4,0.25254958258300625,0.22930472077078676,0.21623625501278176,0.2401854246356887,-0.24458752429940495,0.20769449932870668,1706,-3.1132649855416257,5.86924819678034,-15.453494506879471,3.9612553937254087,5505
Diezmo,2020,5,0.022461269937810457,0.23089229581573048,0.7867048340184349,0.18248219986954992,0.03848979480209804,0.20825510488178076,42,-2.4074759510663624,5.812587500033018,-14.70667777579895,3.8387146161771866,5506
Diezmo,2020,6,0.4505331432925085,0.23310209812860386,0.4284602128902683,0.23520492093845444,-0.4187029297381788,0.1746468920346795,555,-2.570986656926586,5.670659189328752,-14.787554241540981,3.655189023187713,5506
Diezmo,2020,7,0.27975525613555663,0.267026313032396,0.27130740354174165,0.2771114748848188,-0.26205140670691984,0.22961925487010817,2188,-5.477663551437731,3.960662878645857,-11.81086728327172,3.797371276128622,5506
Diezmo,2020,8,0.303813975817642,0.2999489011222253,0.2319323754558391,0.251947671817184,-0.29006607927263406,0.26161846409153505,5506,-2.250344069211483,5.655278152124883,-14.669546169224455,3.727922622724673,5506
Diezmo,2020,9,0.3162310346147495,0.3342233180945186,0.23434933577815079,0.7316973540952304,-0.29640536703328785,0.29487751671797685,5506,-6.234353621181832,3.9137625868749404,-12.276526486487551,3.8530451187934767,5506
Diezmo,2020,10,0.29715045184545813,0.3125770889080888,0.21433825035708734,0.3074499632823264,-0.2780251205167173,0.278243259111417,5219,-0.1962289262250992,6.162704441391368,-13.743354733027896,3.7669729996284,5506
Diezmo,2020,11,0.26153778401295874,0.2526077257700918,0.23105122548544654,0.22739270826909438,-0.2631696469265049,0.2085394340887333,252,-1.6811991263842478,5.8637799892165265,-14.38496669998611,3.75430638872802,5505
Diezmo,2020,12,0.3228171092835591,0.3232132666030491,0.21799786601879448,0.27028528806371727,-0.30852607423179396,0.2871138533901355,4192,-2.0877967573711342,5.77303283967777,-14.552813628492911,3.7998124107217093,5506
Diezmo,2021,1,0.1684711094563588,0.14507061490080175,0.12076702850082746,0.12221738332437787,-0.21317571439804173,0.12387428104664941,39,-2.0013370802141197,5.651054931209633,-14.525071153289304,3.6330695635326493,5506
Diezmo,2021,2,0.29287529307166216,0.31718306169699706,0.19611166987537434,0.30769517608596375,-0.28090450434068326,0.2829048562309092,5066,-0.8883666992086449,6.151494428993584,-14.007612409042427,3.7412087481739364,5506
Diezmo,2021,3,-0.019113727612420917,0.015136002795770764,-0.025427879532799125,0.01989364088512957,0.042044155299663544,0.015227209776639938,2,-2.1894275730777304,5.658008998143431,-14.887280327487721,3.8256883515507223,5505
Diezmo,2021,4,0.3101469982990968,0.22934561068020737,0.30713401276841945,0.24740010127679013,-0.28403981013364077,0.2018792484586952,1476,-2.1772120398190538,5.768790744639083,-14.965162830220953,3.970803868874115,5506
Diezmo,2021,5,0.24984715967680848,0.28202936089541847,0.17447346499489982,0.25403848993438,-0.251316580361883,0.2549316019778147,3629,-2.6261554472080393,5.834900088443387,-15.13038540497085,3.932931310348662,5503
Diezmo,2021,6,0.218372052900958,0.16980236647778324,0.318271434938283,0.27239101554670375,-0.1463091293007892,0.15199686360462536,1184,-2.037964969087092,5.909978306131067,-14.644181263616026,3.950276214890518,5505
Diezmo,2021,7,0.3125049807951387,0.3317481488260785,0.28151646210890274,2.072956282806278,-0.2749996592994806,0.2906267931007359,5363,-0.8084657349270414,6.022575161960086,-14.049350160654765,3.7669113425986245,5506
Diezmo,2021,8,0.29222029049225184,0.32771135743096896,0.1756030531209977,1.8973872252187876,-0.25799923298450933,0.2867450696041384,5195,-6.3921202112649205,4.09782155224762,-12.497111942017165,4.12337302608849,5505
Diezmo,2021,9,0.31934652316933926,0.34590357856550913,0.19529647016704244,0.38473161552748564,-0.29905808877755885,0.30680772251006655,5506,-2.29503087679277,5.853462955950512,-14.938720498631264,3.9984317610824975,5505
Diezmo,2021,10,0.32381635328320174,0.33319142894287906,0.2334966588373793,0.4221029549454638,-0.30551174823025024,0.2977205784505449,5488,-6.433146916952471,4.088574969751492,-12.450189827151751,4.125254376820877,5506
Diezmo,2021,11,-0.019646625220775604,0.0684749316167364,0.0029277995228767367,0.11622443056392813,0.03694455325603485,0.07655556760154392,5,-0.512380028786785,6.059806113838069,-13.960451292877954,3.912461796215505,5505
Diezmo,2021,12,0.2839922983540395,0.3143677403604603,0.22197755166116398,1.9391115955727145,-0.2678850445002207,0.28216163448342924,3229,-6.42652824891245,3.9308338927850635,-12.512722621585114,4.012298122162125,5506
Diezmo,2022,1,,,,,,,0,-6.526146606676833,4.163433950623215,-12.45977325138931,4.084521187622354,5506
Diezmo,2022,2,0.27817124651682384,0.3081365295773255,0.1380244210331553,2.820733664682027,-0.2667013172981695,0.27715133840588224,5506,-6.442372047351025,4.043943906262785,-12.362577401441246,4.020229301605133,5506
Diezmo,2022,3,0.32999823530630806,0.30010259697458,0.24687970613729782,0.24434816135225162,-0.3245101567553571,0.2666399506377235,1210,-6.38771980913008,4.006739205419637,-12.45487202534671,4.042781466280625,5506
Diezmo,2022,4,0.25732709764918116,0.28104770627514236,0.18562561451052542,0.6763164709407414,-0.24136214355629515,0.2507495854561974,4842,-5.844465452144963,4.0309019749160715,-12.044278469769562,4.005525982051816,5506
Diezmo,2022,5,0.29716960885339533,0.3156200179139054,0.23195134142696566,0.29771273001407833,-0.2757840194992102,0.273159199406122,5127,-5.788023303829857,3.868408796330137,-12.124942196539859,3.835458295298557,5506
Diezmo,2022,6,,,,,,,0,-5.5701921942355375,4.131842870990144,-12.047329592586358,4.033406708473099,5505
Diezmo,2022,7,0.31230993765573184,0.3741692460694921,0.08550817692774354,6.996887340738794,-0.2931813994301377,0.3397996796800099,5506,-5.555774952776901,3.8653756904746013,-11.913510229970324,3.7954228207941316,5506
Diezmo,2022,8,0.42829375381493406,0.28004226022620143,0.43238488258007385,0.29131366185194,-0.3584254310431741,0.2405996101243766,148,-5.828333793214905,4.018217565554612,-12.065877979646368,3.855892442696104,5506
Diezmo,2022,9,0.2935056910035016,0.27891407058412065,0.2428277451519502,0.7784702988035274,-0.25976438276181474,0.24638468900393828,3532,-5.4435401484726595,4.0134760660426165,-11.80564191776825,3.8278423697170494,5506
Diezmo,2022,10,0.38564641512536196,0.19878990419058176,0.31483231988986804,0.15418336052784773,-0.34154195805627197,0.1620866857744374,189,-5.369884851707141,4.138091067764946,-11.6907398135821,3.973112080164744,5506
Diezmo,2022,11,,,,,,,0,-4.835238299217875,4.132460409536166,-11.45998477535705,3.87566725094436,5506
Diezmo,2022,12,0.31081046440728693,0.3227953968519322,0.2267550393159291,0.3254516659583107,-0.28836886790901284,0.28861388450774406,3593,-6.496138595303512,3.970631278134745,-12.260284795994853,4.019688274695917,5506
Diezmo,2023,1,0.3287977217737741,0.3320131182040587,0.21177682336029768,0.27463859463318335,-0.3090476660339426,0.29794414479885306,5457,-6.456562298963952,4.123301154522697,-12.335186861831616,4.1583873195177,5506
Diezmo,2023,2,,,,,,,0,-6.2006646938968,4.011197371396301,-12.040287522971225,4.071985282345469,5506
Diezmo,2023,3,0.24418233712715423,0.26961347252759654,0.17109838869107252,1.0428810966784423,-0.24850926930456665,0.2493960901210287,5506,-6.375385860745901,4.114744596331095,-12.257585833409383,4.169782810196021,5506
Diezmo,2023,4,0.2686991615139263,0.27046951992452556,0.20084748988193557,0.2322042261558633,-0.2668136791222602,0.24173770416495793,5506,-6.340539224826483,4.067083738904908,-12.252182401691982,4.149930962790324,5505
Diezmo,2023,5,0.311666648065431,0.20125148963504738,0.3555625581001145,0.24098297207514577,-0.23742906899160682,0.1674120684881725,318,-6.105709760388591,4.163888173187127,-12.19839480014562,4.276583382486232,5506
Diezmo,2023,6,,,,,,,0,-5.701045259432309,3.9689131490754814,-11.966002836840625,4.017966550954111,5506
Diezmo,2023,7,0.4023144848451893,0.2816475063260294,0.38310265630113804,0.3274794642057954,-0.35542542223532725,0.243804343832391,1501,-5.248166819317507,4.177380951091496,-11.59772032183879,4.072647383852831,5506
Diezmo,2023,8,,,,,,,0,-5.663817001742491,4.248102742997155,-12.010056600412398,4.215349346493113,5506
Diezmo,2023,9,0.3167498333876776,0.35062637136420943,0.1806137485485723,0.7967602266354665,-0.29514769820160397,0.31470536436835483,5506,-5.462566151653265,4.066561280952469,-11.686605929316718,3.964404586717159,5506
Diezmo,2023,10,,,,,,,0,-5.00614703057784,4.197619884292592,-11.492997725095142,4.101869223043948,5503
Diezmo,2023,11,0.19769379355100172,0.22071290739412333,0.20268605240243473,0.2341932778729735,-0.173736088159563,0.19835424125462395,885,-5.478228454872062,4.15724656875758,-11.754049721350626,4.118866434995616,5506
Diezmo,2023,12,,,,,,,0,-5.455765094775682,4.178492839687073,-11.824009250905767,4.1438140630584845,5506
Diezmo,2024,1,0.29968768443887545,0.2806207036501485,0.19943154907710403,0.21463214742203432,-0.2877898172570051,0.2545192947000885,4674,-6.285891626300637,4.180377603885277,-12.060975707562706,4.172742412454285,5506
Diezmo,2024,2,0.27617165468999344,0.290316659713977,0.1688592244944624,0.22454433813131053,-0.28189590723231633,0.2690399279399169,5506,-6.2506871600268195,4.010596785893649,-12.155745010692252,4.114330298976541,5506
Diezmo,2024,3,0.22848916135540004,0.2799180090580242,0.13266049091889914,0.28745335691742374,-0.22628477914349585,0.25797519962928167,5500,-6.5013057504319,4.10034465242397,-11.985289269394382,4.110645178236701,5506
Diezmo,2024,4,0.24098780128785646,0.2998201102974417,0.11246412184876008,1.014969410601398,-0.2616752595753755,0.28754312414008715,5506,-6.477789926293336,4.280975364964128,-12.534154795234798,4.460246939864935,5504
Diezmo,2024,5,,,,,,,0,-6.208922598550515,4.140352333613836,-12.19052074361246,4.276648915900469,5506
Diezmo,2024,6,,,,,,,0,-5.6172329952156375,3.968435546164943,-11.643102387842696,3.9617268868618005,5506
Diezmo,2024,7,0.28266351382304716,0.27140891204500417,0.2522027917408375,0.3044384559928774,-0.25455336012485424,0.23943099555999683,4937,-1.8769126119534296,5.749854080588264,-14.431534527389223,3.995825895130904,5503
Diezmo,2024,8,0.28865096474030866,0.19446596898679394,0.36298765417879075,0.23054340304979468,-0.24580358463806953,0.1630029733795391,521,-4.981891338213142,4.191780360127277,-11.439333729823376,3.845127158719161,5506
Diezmo,2024,9,0.3173598580517371,0.3269347811951549,0.232407920273581,0.3008679697266366,-0.2891707683853297,0.2904075794430616,5399,-5.914776411579404,4.171250340198191,-12.064600315550434,4.2499310465371165,5506
Diezmo,2024,10,0.4341844380979942,0.31231078732585343,0.36851433493973396,0.2766206254100323,-0.3921951326450718,0.2724946014526751,2040,-5.260115634079169,4.054877970885275,-11.606693015638513,3.868298247300831,5506
Diezmo,2024,11,0.2944044455800668,0.3003394647845649,0.19215341688132534,0.3576106357701343,-0.2840874768565808,0.2780247723810483,5506,-6.1705380199407465,4.154520898384472,-12.150448799522305,4.159710432839342,5506
Diezmo,2024,12,0.3588857487281668,0.287491197441339,0.3009406913453576,0.27254035969058943,-0.3152501173287878,0.257622422896875,2108,-5.154071129622701,4.003924235776688,-11.374148269027284,3.8919448529758727,5506
Diezmo,2025,1,0.30678544823956766,0.3163406040886346,0.20851660418054543,0.2995174760543288,-0.2944129517054826,0.28939169241422136,5506,-5.45899918037426,4.0424348830771715,-11.647223372092546,4.075691775300689,5506
Diezmo,2025,2,0.3356123853137524,0.2885161528261822,0.21945612276941043,0.19610611034403985,-0.2877702525519462,0.26004832877816464,728,-6.222024520381111,4.130337862124301,-12.017344336271899,4.16582722445296,5506
Diezmo,2025,3,0.28855689350319125,0.30210956576430453,0.1973481231866375,0.5131196161314824,-0.274826447768977,0.2724358755534507,5506,-6.12067085533761,3.941280145692421,-12.061369918466106,4.081703823124463,5506
Diezmo,2025,4,0.25205645530781534,0.24529168498858403,0.20515059127780674,0.3174251410030696,-0.25350584979379476,0.2268233618535826,5492,-3.095843875297439,5.877791644922463,-15.545743048798633,3.791010279692326,5506
Diezmo,2025,5,0.26232868532738685,0.3125117370048559,0.05768714345663093,5.52058536784373,-0.24529129995261145,0.28499420911366635,4602,-6.11149839127098,4.089819172987428,-12.063133276262192,4.183346408464453,5506
Diezmo,2025,6,,,,,,,0,-0.37922543242064244,6.069545905703773,-13.985527818471143,3.6262390895242502,5506
Diezmo,2025,7,,,,,,,,-2.085390483005381,5.669507801371883,-14.365267960665209,3.763746070473925,5506
Diezmo,2025,8,0.4145312663584514,0.330632211573263,0.38635739529111446,1.4019754412136114,-0.3690414355678349,0.29052851971023125,3035,-5.592019625298082,4.054038645054932,-11.794655073556822,3.8974916746527963,5506
Diezmo,2025,9,,,,,,,,-1.068552648356336,5.754240653907329,-14.022530566076906,3.688804636052261,5506
Diezmo,2025,10,,,,,,,0,-5.699259381345159,4.06668341216246,-11.921891818945543,3.9804378254836004,5506
Diezmo,2025,11,0.35340443845942704,0.31122727569525915,0.2770151772634284,0.5775043599438018,-0.3028925809737871,0.2758565411501405,725,-1.5982507005590338,5.6873100885071315,-14.306578047836114,3.7221323164479223,5506
Dila,2020,1,0.48102718952675394,0.283236686433,0.3149094614398385,0.21178891382971338,-0.47576426516727155,0.202353280736914,7279,-4.567331983211841,4.178399466570714,-11.73488476385026,3.9229760558672355,7279
Dila,2020,2,0.37760909604658394,0.22277922393460375,0.2658787771429177,0.1782934222320852,-0.40900040420896694,0.16508164703479908,5277,-4.782837133903447,4.324334650573194,-12.16673266571995,4.014923659533067,7279
Dila,2020,3,0.38217634284857765,0.25069790726634056,0.2748006173063301,0.20022617439790322,-0.4088512011528579,0.17894060081711044,6411,-4.736867595323427,4.3291978999205645,-12.056265557608729,4.019833816288846,7279
Dila,2020,4,0.36688373808628655,0.24343303036553005,0.2827191987217138,0.20610310042458221,-0.38352452619369665,0.17835566792183033,7279,-4.857336340778689,4.40155431891493,-12.129237243384894,4.0250181401614995,7279
Dila,2020,5,0.4297161715620132,0.2847633243590797,0.3207961694137453,0.23111917634331705,-0.4222517610112032,0.20187591086490092,7236,-4.4149652315108865,4.229683889769742,-11.482279658274564,3.8317219463424275,7279
Dila,2020,6,0.45818726880029137,0.23178559125000142,0.370612559025465,0.20430905595882673,-0.4454310369791172,0.17875639319455203,1208,-4.408113497509099,4.144273065715586,-11.816579583317345,3.942289257549062,7279
Dila,2020,7,0.4482729840137943,0.2862088180120416,0.347173040480412,0.24229525489090775,-0.4377758721837484,0.20293759263646644,7279,-4.381842637756337,3.5898862540576024,-11.015690624770299,3.152195340792931,7279
Dila,2020,8,0.4820024897596229,0.26000117197070066,0.38116913812731595,0.22595773939821287,-0.46934414135715463,0.18308911847494544,6083,-4.337528747073186,4.1791151204749495,-11.464043910222493,3.7805860392241177,7279
Dila,2020,9,0.40455347118347,0.1830406990622303,0.2940868920234275,0.1401153077078939,-0.38508791467936165,0.14093064732814686,7276,-4.767457122405209,3.5397969959097875,-11.36952900331756,3.3266259177197615,7279
Dila,2020,10,0.513015212365038,0.22089009016401506,0.4199741098079055,0.19836296325491412,-0.4486437160812785,0.16096543488997225,96,-2.876094326958609,3.915678412006538,-10.471225759543833,3.5471453218685003,7279
Dila,2020,11,,,,,,,0,-4.082878354611688,4.135807928935012,-11.53699654170645,3.9281426009426235,7279
Dila,2020,12,0.4684992679837762,0.27133783296158925,0.30699624982007795,0.21369583058996017,-0.4675401920069005,0.1895081494939032,7279,-4.251599164573005,4.149954494985834,-11.531212028605792,3.866470808362051,7279
Dila,2021,1,0.4002601064901501,0.21457950679808865,0.3071316634060321,0.19028274653647725,-0.3993274830428786,0.15860257465085548,4552,-4.264073334297432,4.155389266746218,-11.597500644604793,3.858580142241903,7279
Dila,2021,2,0.468998280518511,0.27884812475887977,0.33377293440228634,0.22905578325769024,-0.47310280351250145,0.19395416385723369,7279,-3.610064736107555,4.022290148053312,-11.080931378130629,3.586167539663161,7279
Dila,2021,3,0.11835599690675735,0.0,0.324741393327713,0.0,-0.07086846977472305,0.0,1,-4.44831514685264,4.18917401893352,-11.83643836272682,3.932497893964169,7279
Dila,2021,4,0.3743734003009546,0.23499529811765774,0.34933228104626973,0.23986391092945453,-0.3832129078965414,0.1692152421095182,5676,-4.449163743014227,4.171751126809256,-11.703095239022884,3.8717692538832265,7279
Dila,2021,5,0.35889735889671964,0.23683231341387792,0.27669005029289334,0.2025901846885353,-0.390276509719723,0.17037699124401057,7279,-4.604166859650916,4.267023407912107,-11.988454872153719,3.9641412324387413,7279
Dila,2021,6,0.3416930782916336,0.21026433755594467,0.40508984846588164,0.28876330839006714,-0.28967143233702103,0.16331916978831593,3174,-4.186574712772201,4.212231189798297,-11.676198909985228,4.062086443336874,7279
Dila,2021,7,,,,,,,0,-3.5040921165503134,4.020092230129626,-11.081386862763962,3.8798882359147453,7279
Dila,2021,8,0.429132347780032,0.19656644766712822,0.3724475561839697,0.20077626112135513,-0.3875914908153093,0.15446726591320487,2153,-5.07403424242963,3.8120357150314272,-11.640656724804789,3.475438586078766,7279
Dila,2021,9,0.47256286147705867,0.2916369120159081,0.3435021307705727,0.2360139373840448,-0.47073463737133475,0.20141993039970715,7279,-3.842901553217568,4.046303440832649,-11.206576941354939,3.6453014195691615,7279
Dila,2021,10,0.44877478164939894,0.2621325363382157,0.32350429810090364,0.22645697669422876,-0.4616636659302644,0.18334758805675297,7036,-4.721874647432041,3.5579257848987695,-11.371118132990766,3.392224066916479,7279
Dila,2021,11,,,,,,,0,-4.21964273193406,4.058367433935494,-11.677626245276194,3.8793176222690358,7279
Dila,2021,12,0.48250391834562684,0.2871807199606904,0.32585595579345417,0.23288310850963426,-0.48780994731955163,0.19802561601426424,6955,-4.917318494189776,3.5686293140429513,-11.581623866402312,3.4570748039027417,7279
Dila,2022,1,0.15433354577817227,0.13345320035133024,0.12444167220814957,0.10779256352785284,-0.13287296940143276,0.08427529161047134,256,-5.131221015060197,3.7768713110062726,-11.643647884934667,3.515566931041259,7279
Dila,2022,2,0.4407336220907719,0.27293378428282283,0.3158505923600529,0.22983092212766168,-0.4475760867526058,0.1909004051908385,7279,-4.938494797037876,3.6838674813199894,-11.501433192871081,3.443783035593827,7279
Dila,2022,3,0.4276327750671125,0.27392700313194535,0.31439558312986887,0.22670298058418925,-0.44841265441178474,0.19258988273045083,7279,-5.0097118442414175,3.633711978683355,-11.674726752252376,3.4960503238084537,7279
Dila,2022,4,0.4168107794616094,0.24928288198424703,0.373248728866842,0.24792706965017774,-0.4107861694790419,0.17751136892255798,7090,-4.940823680321617,3.681103954336981,-11.529607485849223,3.513858993326764,7279
Dila,2022,5,0.4448357793668866,0.28033250072973126,0.3350049198631791,0.236801094748935,-0.44337534408297,0.19538512866966126,7279,-4.1734689954365605,3.424375858172543,-10.958576043383733,3.184068497342895,7279
Dila,2022,6,,,,,,,0,-4.186564958867225,3.6152302071537705,-11.00791512955522,3.3878935977297346,7279
Dila,2022,7,0.46466967730952463,0.28811452660069264,0.3295851752045245,0.22883331275692959,-0.4659448378973814,0.2014753125065854,7279,-4.084390731816086,3.626514926640884,-10.82627784858726,3.2439718761591076,7279
Dila,2022,8,0.44217168079279134,0.2576653116897904,0.3358258473296622,0.218706763516911,-0.4317136279122202,0.1794587646910031,7279,-4.7932160709454985,3.5907068808722666,-11.288801750633619,3.26358440926528,7279
Dila,2022,9,0.4253483501019406,0.25885634214020575,0.3897471923163026,0.2673367413439764,-0.41933974238094335,0.18310913915484126,2402,-4.065811331519003,3.482819192297403,-10.686389375620573,3.0748000446972674,7279
Dila,2022,10,,,,,,,0,-4.007990319884379,3.6892529284212223,-10.71706412160579,3.5061226970220716,7279
Dila,2022,11,0.36665764557347624,0.22419995170597942,0.24078406670544036,0.16671187878907887,-0.3743644058158525,0.16344285653159288,4918,-3.666468307852861,3.6150484151371374,-10.634655197790208,3.3062926931400947,7279
Dila,2022,12,0.4676940534668745,0.28108010491732494,0.32829389840441925,0.2336119816551796,-0.47075500345849247,0.19672344309371811,7279,-4.822262453600449,3.678566066078845,-11.37107176556611,3.4572764806285075,7279
Dila,2023,1,0.48406703246383614,0.25919783504934696,0.37294223971526774,0.23315784120634162,-0.4659279650763183,0.18972843257512595,4054,-4.9853529131796614,3.750952192355097,-11.449221556067362,3.5396440001371263,7279
Dila,2023,2,,,,,,,0,-4.71035652789955,3.7410017686562234,-11.424539613213481,3.572915950446613,7278
Dila,2023,3,0.37620415106650024,0.23639845934706644,0.28610878179272725,0.20509060391240133,-0.402506614193022,0.16733448249455918,7279,-4.89494948562944,3.7944329875568714,-11.655933765247857,3.7429988162212693,7279
Dila,2023,4,0.39692192136282256,0.24239868002546036,0.3073682008384734,0.20865469366107367,-0.4150096663006099,0.1709954703604282,7223,-4.803193476352102,3.8046056241817885,-11.46522417179378,3.622638895635926,7279
Dila,2023,5,0.38668960934732394,0.20782452935566972,0.3412157661895372,0.20435557142839977,-0.3760780003110839,0.1518137927029836,7194,-4.765181233667645,3.8937328226864243,-11.501788906835703,3.6963852848404932,7279
Dila,2023,6,0.46531306815453843,0.33319508414644855,0.34423662853781106,0.2768008122640674,-0.4739074737912465,0.2320182373972428,7279,-4.019381064608799,3.523070830829177,-10.854966219502172,3.2740335232367745,7279
Dila,2023,7,0.42613280745759013,0.29105144701637403,0.32000863002576513,0.24444955149652306,-0.42988563589313666,0.20269115919280095,7279,-3.8952831225151106,3.5914823464713526,-10.77606050330271,3.2412208222235397,7279
Dila,2023,8,0.3823114309511786,0.21557579265354287,0.40312420005630867,0.34279134491853264,-0.352242492416777,0.15282833661463405,4040,-4.145526917248969,3.751292789274731,-10.957382077395048,3.344632014383772,7279
Dila,2023,9,0.471481509729939,0.2988370771381066,0.3268771183761213,0.23706615697366,-0.4752121047231334,0.20583400668872123,7279,-3.9898761442754114,3.5374641695076274,-10.804667760143978,3.2218203886471817,7279
Dila,2023,10,0.37709413644238854,0.2131337831623236,0.34613391679456124,0.21796863081123596,-0.379088414793147,0.15365537664756274,1556,-3.624161254970601,3.584293461876757,-10.44205666916743,3.175218719327638,7279
Dila,2023,11,,,,,,,0,-4.064344763269843,3.6662537893811935,-10.861964078161115,3.500051088652837,7279
Dila,2023,12,,,,,,,0,-4.018744229946181,3.6847227625835677,-10.879285300231153,3.491392138442485,7279
Dila,2024,1,0.0510415347913901,0.02485458429412397,0.05345218007763227,0.02280896027200706,-0.0853988757977883,0.06735067272780666,3,-4.704830487620263,3.889571034760244,-11.250869161260754,3.539307002450438,7279
Dila,2024,2,0.4068523049766539,0.26449091453328155,0.31463262111608653,0.22709077705311448,-0.4302184931243691,0.188876660818764,4164,-4.636990264253316,3.7470700980615606,-11.400926756844457,3.533232624956827,7279
Dila,2024,3,-0.0006163995078002863,0.06388434050196434,-0.012448743144473568,0.12732559081501554,-0.008778441189364952,0.07162132143530539,11,-4.719331868311747,3.773072251582715,-11.204468808699716,3.4760257013244384,7279
Dila,2024,4,0.3525493765031838,0.2608631318483477,0.25706820388482815,0.20538300045760932,-0.4058992142411247,0.19327953610703888,7279,-4.867034561373582,3.9195301652950865,-11.640761204519622,3.807391719742543,7278
Dila,2024,5,,,,,,,0,-4.843357308300075,3.8417784720231,-11.419702806545471,3.6576703021575545,7279
Dila,2024,6,0.332471744998081,0.1860314282113826,0.33741964514593786,0.22141957206120233,-0.33113108257184143,0.1281628022631428,555,-4.349669395501363,3.7693782870136796,-11.036671263437691,3.4894251697017307,7279
Dila,2024,7,,,,,,,0,-3.6287707088896575,4.166305592052841,-11.128901379310667,3.8896769545361667,7279
Dila,2024,8,0.45793162083628747,0.20251927896644698,0.4103636874354711,0.20994561592745237,-0.4206311511655787,0.14443151141252034,3046,-3.920496883092673,3.750511437852069,-10.601235978263508,3.216535930985886,7279
Dila,2024,9,0.46103664067874245,0.2964362099673356,0.33573121358740465,0.24208563155972107,-0.46402414640296913,0.2074695102457091,7245,-4.26686867682243,3.7226194872817873,-10.993210945906112,3.405052331412699,7279
Dila,2024,10,0.43478747097603176,0.2944896438733483,0.3190423147909697,0.2462219487763561,-0.44910855949771616,0.20944652841472922,7279,-4.056495106881154,3.5700370422022742,-10.65510581680994,3.219668713053822,7279
Dila,2024,11,0.43111382093265804,0.25575415005985824,0.3177838592549744,0.2205323671743444,-0.437098351419822,0.18789324512752045,6179,-4.602493953153724,3.8267788525659343,-11.393262882466741,3.658235837585282,7277
Dila,2024,12,0.42186833114814926,0.2638778419816538,0.3494428823060488,0.24249706898949216,-0.4106565021164586,0.19349970796772534,4166,-3.5447323259615526,3.572733776753057,-10.270069277688318,3.3362844555319238,7279
Dila,2025,1,,,,,,,0,-4.2751512955122415,3.6161308995931085,-11.02027268476822,3.4126338591282104,7279
Dila,2025,2,0.3978196117627592,0.24195959814780635,0.2867767194810548,0.20146085598464353,-0.4128797579898411,0.1832248785826889,3477,-4.577292412859638,3.7990064307192197,-11.049248482320118,3.514396949602502,7279
Dila,2025,3,0.38260395856367174,0.2506700953111649,0.2923525089191422,0.221249410006312,-0.40988867526857325,0.1819160368969293,6137,-4.335034844585627,3.556131420368307,-11.184491283184961,3.3898428581434774,7279
Dila,2025,4,0.3559118782667352,0.24013337171320784,0.3118252914623989,0.23872988337468287,-0.3719596201188444,0.16774668338796903,2013,-4.750159893400429,4.373789680598223,-12.232462316543812,3.926465353212894,7279
Dila,2025,5,0.3646884609727141,0.2765733618767857,0.28381723614256293,0.23752621696809367,-0.3893093000570259,0.19867090132842705,7182,-4.187506015714672,3.5608958578884047,-10.832394578811046,3.3014140669831367,7279
Dila,2025,6,,,,,,,0,-2.8067356632439475,4.210863407975161,-10.578346575996292,3.7860250593558247,7279
Dila,2025,7,,,,,,,,-3.657913706218405,4.128418395552706,-10.963419786689325,3.8298074706208487,7279
Dila,2025,8,0.4340835430892774,0.2984669726600132,0.32902932353840225,0.24969194862128194,-0.43511419976670546,0.20904433420790458,7277,-3.9584949325146312,3.6480497194914037,-10.824496868295922,3.2300111691094604,7279
Dila,2025,9,,,,,,,,-3.0544408058576282,4.0035549265244805,-10.596429216471916,3.5229220762904006,7279
Dila,2025,10,,,,,,,0,-4.095232538756986,3.5941376418689974,-11.022110366154672,3.315506222361105,7279
Dila,2025,11,0.45024834888813886,0.28704881392152104,0.2920295621242137,0.22292045614178543,-0.452515398680144,0.20191049225385038,7279,-3.618223174729326,4.1388377205855615,-11.008888389588705,3.769371933004977,7279
Dita,2020,1,0.4650820008514549,0.291179932903517,0.29640994666791987,0.2065310123270968,-0.45594548081530717,0.21287892876215095,8998,-5.396208265030434,3.630429345409602,-12.109012642326755,3.474498381122158,8998
Dita,2020,2,0.4300776808497007,0.2653162704903795,0.30575534014808825,0.20690770216117083,-0.4363071405127799,0.1960821273473139,8781,-5.667556231632089,3.7981061723959306,-12.552713413024128,3.609645073215933,8998
Dita,2020,3,0.3966198431441625,0.2537382195819408,0.2853154059801981,0.19512789449583096,-0.41037514717555773,0.19259117041945037,8328,-5.82285034335266,3.845490423943088,-12.467142112687467,3.6254065183647777,8998
Dita,2020,4,0.34423717481820576,0.22671440225539385,0.2728358395664113,2.0635648416325627,-0.3614981809780581,0.1752211974031202,8845,-5.940660486665382,3.9641330396288588,-12.775036757364784,3.736582995591824,8998
Dita,2020,5,0.4423401334817903,0.28681212526819777,0.3371843188859791,0.2360148926570889,-0.42035594265458187,0.2062288185621994,8993,-5.249480512063938,3.7801258363202725,-12.0053921548462,3.471178187761347,8998
Dita,2020,6,0.5902105978719047,0.3095140557055921,0.47964430107495637,0.284957856103982,-0.5425400622711626,0.21003496128845006,3990,-5.342135658026198,3.685944175917693,-12.307253768498416,3.4775171080737675,8998
Dita,2020,7,0.4136169340383747,0.2909977857819567,0.3288025476805837,0.24289971559441587,-0.40632918570217214,0.21470735155907034,7121,-4.3423067762646195,3.7627142715712463,-11.37186309845863,3.332096283148734,8998
Dita,2020,8,0.4799747568857479,0.2729581424697705,0.41645868544640874,0.26092302280299173,-0.4587349056013155,0.1923066928629815,3727,-5.149609633700042,3.6486237451696875,-11.920062450502803,3.3494246863820067,8998
Dita,2020,9,0.3657505649742165,0.1512394382831982,0.3629343521812525,0.15922421801026804,-0.3438482093548708,0.12176045849830698,8982,-4.755272731571707,3.6497209491597533,-11.632336003974503,3.4105449057123454,8998
Dita,2020,10,0.3825971032860604,0.21736501890965815,0.33303455606283555,0.2080035050771942,-0.36529503141435,0.173520424407225,1551,-3.682113143872773,3.638061148675796,-10.866588764400637,3.1528792856110797,8998
Dita,2020,11,,,,,,,0,-4.945256499970528,3.651314851476209,-11.795465480786687,3.3001170785555067,8998
Dita,2020,12,0.4955488706719982,0.2987055341326972,0.33664865708533126,0.23056658749407644,-0.47933587516134013,0.22049132089839216,8998,-5.186811983116707,3.691179186010732,-11.95332016089361,3.4116981705015,8998
Dita,2021,1,0.4337358962059013,0.23603119477465348,0.3518987104752921,0.2104956527330034,-0.41356015391923706,0.17327822499416465,7891,-5.143200443701095,3.6697386975721593,-12.121544071923799,3.4920111536668186,8998
Dita,2021,2,0.4747201163120708,0.29737402991179235,0.3359512169505459,0.2331554036659405,-0.46837076469387495,0.21779037479605937,8835,-4.448982299694443,3.7294382772033257,-11.487629338680165,3.329356359946429,8998
Dita,2021,3,0.005415062704640957,0.05900078738618885,0.008713055402040489,0.15922494470101606,0.021511068153712485,0.07147867536923784,18,-5.515559209337892,3.841149067555418,-12.488074916745099,3.7106376779320476,8998
Dita,2021,4,0.34863285676285927,0.24759593876392127,0.308162119624658,0.22812655730361528,-0.3614845117740711,0.19024206881289998,6702,-5.581122689420231,3.878601725675865,-12.368461793152733,3.675754335303996,8998
Dita,2021,5,0.35058310574732277,0.24332312503262024,0.2590496172102115,0.20919732798472146,-0.37832294175825454,0.18671630509193568,8998,-5.845174555635505,4.087736551632317,-12.80282473650275,3.9492411800250338,8998
Dita,2021,6,0.3830842597789005,0.19488956717035477,0.5937556697548736,0.28074168652535464,-0.28955285037851625,0.17537475273289535,816,-5.138454686013707,3.797677067293673,-12.187419322129983,3.6308293254317023,8998
Dita,2021,7,0.4033866710960862,0.17946292480562492,0.3765493511750515,0.19693045321818814,-0.36746758321272366,0.1505644312344485,268,-4.448926583380646,3.623903829042162,-11.545003023574045,3.391978446315144,8998
Dita,2021,8,0.4367814551958334,0.24172738672291313,0.4409743515967281,0.3245624257281784,-0.39927438522339803,0.18078123102823745,8240,-5.002858825996987,3.758476815688256,-11.868815371396355,3.5778765299945503,8998
Dita,2021,9,0.5018369778854758,0.31540567056978364,0.3720647973874062,0.2601316702775585,-0.47952794156967726,0.22870258338115598,8998,-4.853738472010975,3.698128891238078,-11.782117528305518,3.3759034173531237,8998
Dita,2021,10,0.4891469638843938,0.295581512099151,0.3491316565602053,0.2421091041218953,-0.4763451370788907,0.22077979161453093,8571,-4.988717668520032,3.8211384591661504,-11.813470092932834,3.633393161333097,8998
Dita,2021,11,-0.01287660995413634,0.08190239261004069,-0.08797114168886433,0.3280315429508886,0.04354544641682878,0.0824370214673928,22,-5.085576961879384,3.6255574381832827,-12.073498174989675,3.40180244420415,8998
Dita,2021,12,0.48709907997264146,0.3031324978283957,0.3391506255211491,0.2368056024109945,-0.481182513971576,0.22421794902069583,8666,-5.050532834501572,3.780514216915474,-11.785593746375332,3.6064933290599974,8998
Dita,2022,1,0.11672237089666673,0.131271941875165,0.07140417814445482,0.07733962134071218,-0.1611886416026886,0.07240526755107309,188,-5.12164764663337,3.8313528834002235,-11.87330685467063,3.7022408558832995,8998
Dita,2022,2,0.42809412088955945,0.27723185472283135,0.29786660628470274,0.21273637043023172,-0.4294610235891581,0.20760815779618935,8998,-5.150316940519621,4.038288830371378,-11.812800824193198,3.7051736488110527,8998
Dita,2022,3,0.42976969760116196,0.2890450756053874,0.30303522080772155,0.21892818048082308,-0.4395414992658274,0.21681089607728685,8998,-5.23456069406165,3.969980989261867,-11.897461045614964,3.6218830484742894,8998
Dita,2022,4,0.42213677130642246,0.26501977815036276,0.36866032501938284,0.2459136685181227,-0.40739167258054343,0.19885421487396768,8972,-5.0520973524906125,3.9962848316411663,-11.834050383766543,3.6774489068118776,8998
Dita,2022,5,0.47768384101078515,0.3012304485113229,0.366086631809774,0.24902686695410278,-0.4554117837340921,0.2172827090494375,8998,-4.310550556203446,3.815039962032777,-11.321257953238147,3.3888430965267533,8998
Dita,2022,6,,,,,,,0,-4.242804075181831,3.7877393693165597,-11.343596822338215,3.471141406506465,8998
Dita,2022,7,0.5120530406327366,0.341243918532603,0.3721567468907895,0.30481866591025975,-0.48815774797541067,0.24902790287312032,8994,-4.067749439556238,3.6841505740449256,-11.01646530893433,3.303444269728878,8998
Dita,2022,8,0.46176397744493736,0.27064895782067017,0.37708177702815504,0.2518221956698413,-0.43107698527813637,0.19700102823377,8852,-4.704606761086543,3.7110280465311987,-11.554084950785343,3.384289520386955,8998
Dita,2022,9,0.4951946497760296,0.3129718403052421,0.4326230066929365,1.0222170101529044,-0.4652713783528702,0.2297661015170594,7255,-4.124446791908056,3.6989822571631463,-10.994204019289873,3.240650568515653,8998
Dita,2022,10,0.5258098443349203,0.08059012513349259,0.36926279465357464,0.04359062048426914,-0.4649700919787089,0.07237363666455078,3,-3.8729754395806237,3.8575523284533695,-10.802112231357256,3.410809672154029,8998
Dita,2022,11,0.433023117690034,0.2695992847508076,0.31872817936368103,0.2190684005596003,-0.40558603248857356,0.19511184121548422,5151,-3.701173640742346,3.872192360792187,-10.787288455610916,3.28121041610989,8998
Dita,2022,12,0.5038561770029927,0.30529498122889187,0.36097574328074056,0.24868478570506364,-0.48617661743958335,0.22470329465815073,8998,-4.890405179419831,3.839923225474772,-11.61757798229524,3.519375470015634,8998
Dita,2023,1,0.5307245458817118,0.2795765619715942,0.38356740587518345,0.22932365648158848,-0.5085918223767154,0.20022132089748218,5916,-5.048430852543002,3.949552377011655,-11.740981910649776,3.59969300493951,8998
Dita,2023,2,0.3613749898450319,0.05798084652371504,0.3461910049582638,0.055835097977461265,-0.29836606580850694,0.04913337330290234,86,-4.839921909289262,3.8737572231071007,-11.628119298956841,3.601510486750148,8998
Dita,2023,3,0.37900131872742215,0.24722846909107699,0.27890968379697595,0.19694050638890323,-0.40000346328206693,0.18647150576139992,8998,-5.212853817619012,4.056000255009622,-11.914813334608937,3.778943653159475,8998
Dita,2023,4,0.4071373965995911,0.2510324431098345,0.30782218883929907,0.20182686499743854,-0.41297115000421974,0.1839091608538755,8807,-5.058612863421292,4.037565085357706,-11.959230723997194,3.845375104148847,8997
Dita,2023,5,0.4173073754078238,0.22960118360551424,0.36591501760870493,0.2204759374718251,-0.390164912710391,0.17023092310425356,8654,-4.933425046189695,4.054857917107148,-11.767076779942299,3.742096924634841,8998
Dita,2023,6,0.512787223333361,0.3494252540593071,0.40591587561947834,0.34993113612607607,-0.48924168941180957,0.2528515733847996,8799,-4.328727808349213,3.786856770712212,-11.328146306698658,3.381771160914533,8998
Dita,2023,7,0.4574433865591087,0.3129153978489988,0.36893339460155733,0.32045892700493434,-0.43904575579246935,0.2263051341052737,8006,-4.068455954324591,3.841459706852176,-11.16130458285389,3.4052980732591975,8998
Dita,2023,8,0.46099531016590284,0.2111861125947331,0.5114706445877493,0.2438665557036502,-0.35780923643043216,0.18910697790587203,114,-4.374097391723637,3.89233619445816,-11.339609294390318,3.469428893704598,8998
Dita,2023,9,0.5056123826794084,0.3156246868051241,0.35896125122406874,0.2592392118350361,-0.4867694297886155,0.22722542661021153,8998,-4.14796229525193,3.7857198551127373,-11.075981658937842,3.3637874886054107,8998
Dita,2023,10,0.40284382605793034,0.22925170218702146,0.35999014861070067,0.2270705301741306,-0.3886932749791975,0.17402718185469707,4042,-3.7485782425915817,3.9659687050623695,-10.866170193203107,3.415257515120623,8998
Dita,2023,11,,,,,,,0,-4.226718140636034,3.8296782361911577,-11.077550855755025,3.42496055574429,8998
Dita,2023,12,,,,,,,0,-4.181575964073446,3.88426211561035,-11.132669618062621,3.446366510152855,8998
Dita,2024,1,0.011102098505944014,0.061438592449310464,0.02864453149959445,0.12730107615370972,-0.011099037326251466,0.06711650916641389,12,-4.9777863213411315,3.9736460338424684,-11.61204897451511,3.6020306581424277,8998
Dita,2024,2,0.3879636103642403,0.23887539811262304,0.2716477157047962,0.1754407459430461,-0.4182015691021724,0.18186953820138044,8363,-5.110274644624521,4.051378613446209,-11.849210503532037,3.7612956018562,8998
Dita,2024,3,0.2521017980166862,0.18978931210966785,0.17071687388689194,0.16934266189781028,-0.25785429945633964,0.1876273730202937,271,-5.239661519718715,4.168610599080912,-11.756088381481684,3.738714876947777,8998
Dita,2024,4,0.3570968185972806,0.2656701265685677,0.24737650663965757,0.1919192167154071,-0.40830229137876045,0.21174451988291132,8998,-5.352228077871654,4.320081955525339,-12.334353009863271,4.073727078997963,8996
Dita,2024,5,,,,,,,0,-5.227364700111529,4.2193899501165415,-12.015474167845575,3.849533508668835,8998
Dita,2024,6,0.39187151590983077,0.1624333248544239,0.37066173561745225,0.1690867306229907,-0.3726322956383228,0.11683179427332749,90,-4.565496557498384,3.878723731463442,-11.442093223244212,3.4577612578865384,8998
Dita,2024,7,,,,,,,0,-4.936687500442448,3.8214061739523992,-11.839395321024986,3.633093910123388,8998
Dita,2024,8,0.41813256642519087,0.21827317459004986,0.40363198104088294,0.2341632782785704,-0.3860993222268388,0.16327481827932305,4220,-3.94255635010025,3.963937357183114,-10.986848698310736,3.286817441825961,8998
Dita,2024,9,0.4935966188933923,0.2837504879282945,0.3754755667685822,0.23255840521231552,-0.4668859502739943,0.2155356548411352,5733,-4.507036387392563,3.922967972422668,-11.496947317501741,3.6247327160258345,8998
Dita,2024,10,0.4924475635007939,0.3198866142333874,0.3673982564695898,0.2697284828561076,-0.4768543498192885,0.23578436653047047,8998,-4.092591310999716,3.751916994141742,-10.913904045952599,3.3104457004894066,8998
Dita,2024,11,0.4505359779592366,0.28107728284734446,0.32942102523805045,0.2298965589854194,-0.4531151568228992,0.2106045429412267,6512,-4.840373209448861,3.9797602174907913,-11.699573430866351,3.6947524384595067,8998
Dita,2024,12,0.5097233081045314,0.2819022074469304,0.3950143449307461,0.2416908275889882,-0.4766840402835151,0.19342009903095636,1762,-3.709601799092609,3.815278481947055,-10.627972487338432,3.3333405636565647,8998
Dita,2025,1,0.5956449934572299,0.3116210719707448,0.42648910632239717,0.2252220196738073,-0.5187073237689909,0.2687216202100176,403,-4.2395531750387185,3.829156334459099,-11.300981162784774,3.5319937299277147,8998
Dita,2025,2,0.4722578473509203,0.287816102811008,0.36331150850287947,0.2569723519373827,-0.4511579599781201,0.2128343758400465,7746,-4.776318660328161,4.054010632488002,-11.523074455029853,3.639380857988383,8998
Dita,2025,3,0.4410717063806042,0.27434529030316734,0.3305707220706238,0.22889852089605092,-0.44414922375869526,0.20466326246373828,8935,-4.805246166101596,3.8911622145976508,-11.681831998009294,3.650268128865154,8998
Dita,2025,4,0.3098104768392186,0.23004592913557845,0.25906808907571033,0.19693844837291263,-0.30783749421167644,0.20833902486913833,115,-6.0692479500942795,4.049826716350015,-13.078232092559578,3.779997964776467,8998
Dita,2025,5,0.3792104582189825,0.282857193851823,0.28273004005627683,0.22652466688632397,-0.3937992282578736,0.21308601605106237,8998,-4.554771767804584,4.010647278467275,-11.45297078141595,3.646279787853344,8998
Dita,2025,6,,,,,,,0,-3.9647051167392737,3.8107134321797873,-11.25461680644175,3.319138225859987,8998
Dita,2025,7,,,,,,,,-5.037260051254411,3.7399013105527477,-11.70312726215731,3.5466238861872275,8998
Dita,2025,8,0.4809978005778479,0.3007574390405098,0.3705371471851534,0.2738495194521872,-0.45616963132216204,0.22121647821689547,8981,-4.167945731153274,3.8932450710049795,-11.290843957672369,3.36375865382573,8998
Dita,2025,9,,,,,,,,-4.295747914615059,3.6809533508962407,-11.279278703473597,3.2130484163583066,8998
Dita,2025,10,,,,,,,0,-4.319876122738359,3.845254875840086,-11.473785856811235,3.504816626229207,8998
Dita,2025,11,0.4922162795756721,0.30232452091524775,0.32916835188261345,0.2306105775349007,-0.4739384546859574,0.2198584890106205,8920,-4.897371127439188,3.7366643264661383,-11.750136095749781,3.4222485553747286,8998
Don Jose,2020,1,0.497011899114554,0.22099236881115564,0.3163035317133592,0.20248644411209699,-0.4625241922035735,0.18405057469000702,29084,-7.957142081541047,3.6527001366027254,-14.451785083425566,3.4441510815069436,43730
Don Jose,2020,2,0.4926246599842481,0.23559427432933533,0.34486611526369454,0.18436143261821505,-0.4710117841359657,0.19085265081736705,42571,-8.560234202391335,3.862515019310302,-15.230957351740544,3.5612474002728662,43743
Don Jose,2020,3,0.4763912367737432,0.22972015588780034,0.33496329844465694,0.18293373881601782,-0.46976993088865066,0.1811497741812695,34490,-8.702400585624067,3.8714400199572214,-15.291645745853666,3.6104163333409125,43747
Don Jose,2020,4,0.40898042870659157,0.17079643903103456,0.3310403049198629,0.43306212413759976,-0.402022712974647,0.13540433595017287,22721,-8.967229010280588,3.9947436082813184,-15.690238796094434,3.7300147355236715,43746
Don Jose,2020,5,0.48285498402520866,0.2510344542804372,0.46432688482327067,0.25242548830802913,-0.4080385783102376,0.2127065578628611,9491,-7.960168505278379,3.6694897541515754,-14.582667154059104,3.3272992195182325,43740
Don Jose,2020,6,0.5881401360671931,0.22651351925405355,0.5341897737821331,0.2712130614987033,-0.5149881534693002,0.1846448857476485,16494,-8.121197736919402,3.7017916723918765,-14.848502343602703,3.256411629505366,43747
Don Jose,2020,7,0.5253446162402614,0.24739134855183795,0.4770612668033687,0.3114822664521875,-0.46478085547107484,0.19387925630292663,25609,-7.153148112057974,3.135582673949047,-13.350296233255138,3.0502476111751493,43740
Don Jose,2020,8,0.6190970357918462,0.2307769177308487,0.497916477716047,0.20553515108605838,-0.5466581420423051,0.1850200087520432,33383,-7.668454544027502,3.5290266487744573,-14.235315548604195,3.1369592781637508,43744
Don Jose,2020,9,0.5822696594826031,0.25423352567307544,0.5212413277895578,0.6332440891087673,-0.518472663370276,0.2060858144059316,37947,-7.5951202338215795,3.1929300879185463,-13.7497466152007,3.1375369495991645,43738
Don Jose,2020,10,0.5707017321756076,0.21097642008862136,0.47834783471147396,0.1927380359648712,-0.5114524871739153,0.17427622131581444,31368,-5.951760385623981,3.391362120232752,-12.570197573193077,2.8133390636617697,43748
Don Jose,2020,11,0.5432835486572222,0.24052612964525094,0.4750777743662371,0.23913727440210975,-0.484713177006974,0.20301277405123536,24947,-7.215145718400899,3.4908848707778346,-13.815146616022359,3.081270900053858,43747
Don Jose,2020,12,0.6406611261987183,0.22540397198243792,0.47614225425689893,0.19617352556021656,-0.5713873619904515,0.18718094183104067,28468,-7.464958734563234,3.512843478557027,-14.112866630440491,3.152016997273355,43746
Don Jose,2021,1,0.5780000429165475,0.21449608522063343,0.480899051491848,0.2194955853152479,-0.5096589631248195,0.17528939664566134,26703,-7.523904325572997,3.4542098179562206,-14.250678584452409,3.063274033876465,43747
Don Jose,2021,2,0.5861104792086951,0.26970962899511336,0.45250982823715125,0.737425854229279,-0.5289692729233757,0.22816904615198683,33755,-6.663379153360888,3.5267445610371584,-13.316152630867006,2.9710124102110127,43748
Don Jose,2021,3,0.028972117622431955,0.05738571767017175,0.07081436520246298,0.18261060837979978,-0.015680797692192227,0.06676634428986998,19,-8.141281506207896,3.7938145961870307,-14.951011656479999,3.4477752736016387,43737
Don Jose,2021,4,0.4509812356213434,0.1694396676908617,0.4230303830118755,0.18095726012171398,-0.42957638900423056,0.12879758652392242,6319,-8.242692682685346,3.79781233417514,-15.08049097542589,3.606054919269714,43729
Don Jose,2021,5,0.45294703645816703,0.22881196325650205,0.34359054442606124,0.19260264138528066,-0.45261506727348466,0.18971921384746182,35464,-8.629301625260982,4.030872258699944,-15.44983501651259,3.836251416695092,43738
Don Jose,2021,6,0.4620866257899616,0.11599225155432066,1.022004640282238,0.50226280339561,-0.333142900230376,0.11855801032066433,9457,-7.758316929040863,3.6705234499523005,-14.64693394186682,3.414862633371173,43737
Don Jose,2021,7,0.6078233959363123,0.2731256677397591,0.6037800663410473,0.9436030187671949,-0.5227485486167179,0.22489434973132102,32758,-6.524888454731352,3.5351681072797647,-13.45644252134148,3.0690531023472944,43746
Don Jose,2021,8,0.64520774674002,0.1712477941737813,0.6771755244603341,0.24705316616821887,-0.545324642191336,0.14720577592380732,18599,-7.7585569807236725,3.312695044862876,-14.051638918120464,3.3392977840344926,43721
Don Jose,2021,9,0.6220631097775579,0.2910236813118255,0.46797809285481307,0.25737945539081564,-0.556749853304445,0.24020884399451767,43749,-7.666757175310916,3.6239825550897193,-14.368672097421694,3.2982676827266744,43740
Don Jose,2021,10,0.6066962638403443,0.28038025838752917,0.4629838308252734,0.2766926367541437,-0.5496817076950651,0.23305958592690368,37584,-7.754961337273748,3.2354372117596095,-14.00878288402233,3.433597572198785,43714
Don Jose,2021,11,0.01799724964589319,0.08171470892290031,0.03728232097209376,0.25620951829622163,-0.003344452737912751,0.08486765783914854,34,-6.422113918959581,3.4490315570345365,-13.241062649888601,2.952366813763855,43744
Don Jose,2021,12,0.6656870487911185,0.21956305641927562,0.5143117081985867,0.19849628829815505,-0.5942436800015534,0.17970457706976067,11448,-7.776584527822078,3.1799110255550764,-13.90990099796994,3.2791734750727732,43738
Don Jose,2022,1,0.3270813310794773,0.17123671069808566,0.20881324885687855,3.607837654595559,-0.2891518793972651,0.13785590477017032,5308,-7.826605216514753,3.338385884169382,-14.065594574758984,3.455008281646256,43726
Don Jose,2022,2,0.5277547530888371,0.2422591220697687,0.37545377087292825,0.19468087026841663,-0.4853215273104961,0.20655376275282877,38980,-7.832657278516341,3.2737187306170092,-13.983462434220858,3.3636783955275407,43730
Don Jose,2022,3,0.5198632470621358,0.23326569943864442,0.39135755030662,0.3816455896569305,-0.49418455229659675,0.19268066697108807,30819,-8.24356436582231,3.3104836970006333,-14.398995463968463,3.428583373604411,43728
Don Jose,2022,4,0.5391211845855347,0.22589237032637532,0.47696409992135197,0.7232423066000948,-0.4766601645902692,0.18522732296476666,29588,-7.047365336592283,3.170800250655654,-13.330337203403381,3.1753032083537613,43737
Don Jose,2022,5,0.5949901086979431,0.2534713633808465,0.4925824827836309,0.23133049015212576,-0.5198462541550604,0.213370345765291,32022,-7.127647999695501,3.1228723488423498,-13.51576310180913,3.0303820302320443,43735
Don Jose,2022,6,,,,,,,0,-6.865370935452172,3.269010039019828,-13.222544905657852,3.1975194218147296,43739
Don Jose,2022,7,0.6330052204038036,0.3143316337542323,0.4671351170757866,2.085671296880817,-0.5654829594086596,0.26139282977648487,43742,-6.817775341826986,3.09963579746117,-13.125181701729112,2.9898960437583324,43746
Don Jose,2022,8,0.5957619752270952,0.16913158344345008,0.574451161898728,0.20405513844640916,-0.4949955297098419,0.1537731304156381,4395,-7.19494287675479,3.164389955712511,-13.383519743492121,3.1233570178707133,43739
Don Jose,2022,9,0.5984318947832893,0.22555392179824704,0.5174499745815303,0.23224020726520547,-0.5258098148044297,0.1826906640622256,28994,-6.8784482221928975,3.2066144219313175,-13.010418071133058,3.044965294675854,43744
Don Jose,2022,10,0.6353666506546303,0.16516296371359687,0.6500523194065733,0.1964637158109098,-0.5438773271180709,0.13522391135876588,8127,-6.5940988931888755,3.2884568357453436,-12.720105918252216,3.1719235954036615,43737
Don Jose,2022,11,0.432262595907561,0.10365279881076252,0.4251243819874361,0.12127220719763772,-0.3551722202821956,0.0905399054269331,611,-6.137446294412958,3.1900470881429763,-12.419425854805699,3.019722025996827,43739
Don Jose,2022,12,0.6443223266286646,0.24719819197857207,0.5027757779818297,0.2279440747219335,-0.5743278381433563,0.20986528820872077,30211,-7.523849066884512,3.2074544483986394,-13.616039710382726,3.245877723976521,43741
Don Jose,2023,1,0.6487902066724285,0.2483244371141006,0.46560170227954173,0.2709312542089791,-0.5786841864684451,0.20877210376506633,41778,-7.743525540011321,3.3621661593494183,-13.904813561192196,3.446631227651943,43729
Don Jose,2023,2,0.41789066608267894,0.09256583854890199,0.4574516798726414,0.11782087538703426,-0.35039517158633776,0.07779597517918024,3821,-7.599958906080554,3.3326910347323024,-13.8009124951661,3.3492549163496923,43738
Don Jose,2023,3,0.4653927269133299,0.23564507413519814,0.3357710065223556,0.19171303344983132,-0.45951171092124266,0.19375720267494467,43749,-8.210679723436872,3.4931041010523973,-14.398862047165544,3.6668900409257024,43732
Don Jose,2023,4,0.5165253761035938,0.2189607759948563,0.40210781013506536,0.19668406623645468,-0.4810315519579448,0.18024999503516084,37619,-7.941285985336985,3.398398209903762,-14.288870777379316,3.5623908595816234,43725
Don Jose,2023,5,0.399427421997557,0.19536701457421332,0.4263678790570096,0.2301776151126751,-0.3532129292544121,0.16227429947589556,4824,-7.8416307967706045,3.4788262446425886,-14.114983267377603,3.522589664397506,43724
Don Jose,2023,6,0.6142823056901099,0.2798766081020488,0.5374067706068368,0.2742316319292739,-0.5425331892383304,0.22370804780333872,32275,-7.2540186763501735,3.197864785046945,-13.670336137603075,3.1501514783506117,43741
Don Jose,2023,7,0.6305854349728204,0.22443709200505632,0.6020448595961132,0.2558092332095017,-0.5447666572939848,0.1771007867599944,11931,-6.904473652586605,3.324646919271595,-13.231722934405012,3.177474714402643,43731
Don Jose,2023,8,0.5117075278307173,0.20388450677166922,0.6504669412818063,0.2940412781492318,-0.41794104044345415,0.16253393565575516,8232,-7.115544511125071,3.4115753214107065,-13.360314718072893,3.288027588232414,43733
Don Jose,2023,9,0.641365548137612,0.2677112832956879,0.4778469584180087,0.2632190526606163,-0.5684937154590297,0.22256405409134986,30868,-6.882876863164924,3.3059678092452134,-13.104274655569013,3.150481008616973,43737
Don Jose,2023,10,0.505975881110718,0.1956516824954336,0.4633997612553384,0.19399157693218735,-0.44551733776623054,0.16260423818228936,17220,-6.528472714915325,3.3710835257035265,-12.812330702761475,3.2194952258118703,43736
Don Jose,2023,11,0.36823511772672657,0.15318734062417222,0.427708969265223,0.19132150624311065,-0.32321690351818694,0.12340831530074636,320,-6.801543830449045,3.2816796407244033,-12.930350954962547,3.1705556488306605,43745
Don Jose,2023,12,0.47487181339641904,0.08976679136806602,0.4848868734352681,0.07443114650466878,-0.40124575298899484,0.07281893231342625,2668,-6.782810452931383,3.2577372709819787,-13.0457713918305,3.2210095393879437,43730
Don Jose,2024,1,0.5657503132088785,0.23719696212511576,0.39408437145514896,0.24339036433892144,-0.5298971051643064,0.19232358567850327,40760,-7.6497072470292595,3.396159714547233,-13.580970033026185,3.2989045525191205,43747
Don Jose,2024,2,0.5003871411440114,0.24247315333255892,0.32381750585757113,0.18145695318436597,-0.49388563644172706,0.2024286499643734,43749,-7.789093203258843,3.342414678676397,-14.018484002951517,3.4107545357221,43741
Don Jose,2024,3,0.5224514786512015,0.20706769078748902,0.36929605362174595,0.17647799656107024,-0.4986352121957228,0.16391834270781044,13025,-8.241689073356358,3.5308679643042966,-14.10255395275497,3.509903989251107,43749
Don Jose,2024,4,0.4149779671802843,0.26041986546763074,0.27139731655284854,0.3606207383109933,-0.45622480014987704,0.22444637075348717,43736,-8.549166366531525,3.712380528171137,-15.012522522053011,4.066850925839763,43716
Don Jose,2024,5,,,,,,,0,-8.47800091504243,3.5956834676749065,-14.681631610279368,3.71046921291319,43748
Don Jose,2024,6,0.4067996299953133,0.16149159870805463,0.3309484024336988,0.15672955690882895,-0.3762156386237546,0.12868845187859698,241,-6.755189840677564,3.2012254848214936,-12.875343787040583,2.9472896065655845,43749
Don Jose,2024,7,0.6656251652109473,0.12252121761429392,0.584415290202296,0.14796659519698266,-0.579178611320815,0.11231826121467023,6560,-7.045771018813078,3.6216006770734674,-13.890466971349772,3.31359262177799,43720
Don Jose,2024,8,0.548132062012152,0.17445581737371335,0.5694440883879133,0.2034522152611325,-0.4795213783496154,0.1366820181861233,6703,-6.571271132597434,3.3847159592731333,-12.677239372269243,3.0551875111267663,43749
Don Jose,2024,9,0.6202780188931549,0.2827265119308149,0.4905736447717968,0.2764507054973921,-0.5493539039531233,0.23418449722348014,37073,-7.212581001403204,3.4271231712733226,-13.563802167055053,3.308374327805459,43739
Don Jose,2024,10,0.6480888617086368,0.26635721396158774,0.5156771232295726,0.4798129331413358,-0.576608835948769,0.21559153044654403,35725,-6.6595457750851335,3.276629776275662,-12.691718963080195,3.0375621040890426,43743
Don Jose,2024,11,0.6212796674961957,0.2163263138565194,0.4733073376762428,0.2049291349953199,-0.5708577599448258,0.1779168428384828,32593,-7.411401617980082,3.3395899000163594,-13.583431330977932,3.3876861894330563,43713
Don Jose,2024,12,0.6274405034328795,0.21949425943941941,0.4911543526497554,7.548154302023902,-0.5476003974755707,0.1820076640768445,20702,-6.232631839132857,3.1894654904124944,-12.338809420485177,2.955210024607054,43747
Don Jose,2025,1,0.6462249777831938,0.22796936738904297,0.5113432074009153,0.22386978689537249,-0.5899380103390494,0.19220354038397797,28829,-6.687472890076511,3.2240961982126195,-13.001304271462358,3.202387856713155,43738
Don Jose,2025,2,0.5627413144649949,0.25743102120532757,0.4685113881603067,0.27233990977283073,-0.5007113752623484,0.2130228284939896,38851,-7.551677404667372,3.378231748695164,-13.641676065518789,3.3316312168780415,43749
Don Jose,2025,3,0.5474127118667187,0.24482581116501814,0.41558893875813585,0.215744088644207,-0.5038331025867762,0.2022148438626009,41164,-7.634203146143497,3.339971492084909,-13.911410250041541,3.3467235723863227,43743
Don Jose,2025,4,0.49675534586778763,0.20108508135776373,0.39401811488602917,0.1880595317950197,-0.4876378020827308,0.1581777665937063,20375,-8.829693774679097,4.153617618395549,-15.65387533708659,3.6213783424002433,43746
Don Jose,2025,5,0.45544791633532133,0.26431047920515277,0.3552961893327911,0.5294141976132007,-0.4394514431721737,0.2215201247787852,30534,-7.450513838180062,3.371375928344574,-13.590225146950376,3.274200998131202,43746
Don Jose,2025,6,0.6136494939990657,0.2057964535616484,0.5303618660147694,0.1899615269810568,-0.539116132283505,0.16761574040507,2520,-6.282380106232073,3.757666436871589,-13.198849457578913,2.8981058193586478,43749
Don Jose,2025,7,,,,,,,,-7.123452894993029,3.6361560581204238,-13.85636550456125,3.191688986193787,43749
Don Jose,2025,8,0.6306819702428063,0.28360776982462443,0.5226868636173465,0.6207978537754651,-0.5503026213484697,0.23464368276248568,34680,-7.05238462535405,3.3919704601430016,-13.32570987144698,3.087661982315734,43748
Don Jose,2025,9,,,,,,,,-6.450940788464917,3.646822326028298,-13.20140092205524,2.8915551669873296,43749
Don Jose,2025,10,,,,,,,0,-6.997597104933781,3.2941697360536195,-13.341670339046985,3.1235234914578736,43748
Don Jose,2025,11,0.5469480845679869,0.26059851471874873,0.4114682006813165,0.2382165951787501,-0.48880339524517147,0.21249004034964522,19337,-6.873550980709826,3.5992403793724055,-13.615420538854867,3.0211045243893477,43749
Gulod,2020,1,0.5782294639336844,0.2523443375438518,0.4300146009003866,0.2176047159277615,-0.5241249940206282,0.17675335425948724,7768,-7.130048715714936,3.416706719961339,-14.121409938370668,2.6967660186829883,7765
Gulod,2020,2,0.5611405962352026,0.19530311639987222,0.5115042942560325,0.23078994612455375,-0.4795781223387537,0.1654714295571332,59,-7.637751046846174,3.627419797053353,-14.412697247451753,2.6951605177743745,7765
Gulod,2020,3,0.47172213768780463,0.22995151265307565,0.3613391970140416,0.19268784176036516,-0.46479083598742243,0.16709658663576307,7768,-7.853594049693751,3.6770004601291943,-14.44651111669889,2.757207017884919,7768
Gulod,2020,4,0.38177593667028387,0.2023748891218479,0.2908030706610045,0.1693309779546601,-0.398663517821216,0.1555622366931997,7768,-8.27056546703427,3.8848105194805695,-15.149231408359723,3.0886852459541707,7767
Gulod,2020,5,0.4897544246640869,0.25583024952071104,0.3598703059872835,0.2156668464717625,-0.45112272647871815,0.18230575700117405,7768,-7.772216925692659,3.8121053350937077,-14.561386862492748,3.0134506745813705,7767
Gulod,2020,6,0.5296308487650285,0.28165617035901447,0.4243660291422441,0.26656201678794095,-0.48256506428952806,0.19971586557228535,7768,-7.971109579747225,3.9023213699817796,-15.207611530420671,3.1947914669246793,7768
Gulod,2020,7,0.46979120794447965,0.24958945269440053,0.36305129607689285,0.23775513547225938,-0.42342308319984095,0.18311902470118946,7768,-7.4850439909121524,2.8704916427324583,-13.510801271171122,3.85324562210749,7766
Gulod,2020,8,0.5159986804971198,0.21687435686530343,0.3881624084203785,0.21394633243509217,-0.4498726066602822,0.16850947047974027,5141,-7.439773781657005,3.7231924472278974,-15.10846385032893,3.7503390235216507,7768
Gulod,2020,9,0.5182606119368881,0.22279360119470115,0.4546908194081749,0.21008546845854253,-0.4376038119385276,0.1632323477916263,7768,-7.775315071247518,2.774193871496542,-13.094145597231103,3.2557688463267436,7768
Gulod,2020,10,0.552526840395277,0.2518181507215686,0.4127274429236241,0.21606035651941924,-0.49448908430379346,0.18589221245527,7655,-5.679922524283962,3.5614138509783064,-12.614198834776275,2.495414173730888,7768
Gulod,2020,11,-0.04202780296856707,0.00858157923346448,0.9429038329557938,1.1118431216696845,0.07821056856350465,0.006703362837820338,11,-6.462916955524676,3.546153531291193,-14.054356719641323,3.2623652565404924,7766
Gulod,2020,12,0.4825635713238781,0.2684703951204705,0.3064212299984544,0.20691501173163915,-0.443837361729953,0.21057349274260834,7768,-6.4991207277391805,3.633063427091134,-14.612157088342045,3.2933447021023334,7765
Gulod,2021,1,0.49120535441567614,0.13717984879925102,0.42076329453073,0.1522485643931363,-0.4102718749184866,0.09975170702677491,1039,-6.993077091989872,3.531191825528209,-14.510380616376628,3.079220139256814,7766
Gulod,2021,2,0.5732896637610628,0.2622284228502176,0.4450710888977098,0.23214696562182263,-0.5195448967325305,0.18913803612684923,7768,-6.389700187186595,3.652200591738969,-13.470444269192512,2.720374751171097,7768
Gulod,2021,3,0.06379085034132004,0.0,0.2031640261411667,0.0,-0.011434253305196762,0.0,1,-7.521961353223213,3.764978027611766,-14.789433484142203,2.7933059873018893,7768
Gulod,2021,4,0.4808540637772166,0.1686677681388741,0.5087392676335183,0.20236967804143888,-0.4408315095404773,0.11523949734853152,2074,-7.446476765522396,3.6393440784277975,-14.472291839641516,2.6566175378846006,7767
Gulod,2021,5,0.3687024160172902,0.1987626917207134,0.2906441136991792,0.17256247322873916,-0.4005603846267843,0.15097797560110623,7768,-8.06050826800027,3.972346005676697,-15.312579665860518,3.185246616395738,7768
Gulod,2021,6,0.3318891218633396,0.24923008557183934,0.30353889454972643,0.2662336188695265,-0.254965124529372,0.2241558273988451,4839,-7.570132423420439,4.537657422395405,-15.489517584018246,4.535665624413634,7760
Gulod,2021,7,0.2555200959051339,0.1518956656365721,0.31186898622157366,0.7887482539845811,-0.21212393733051918,0.12715956279140672,240,-6.433922718324835,4.101988936636583,-15.115563383608412,4.246410512418281,7761
Gulod,2021,8,,,,,,,0,-7.968137007454136,3.043493129474592,-13.661197065734545,3.598285117594325,7766
Gulod,2021,9,0.6206298227230304,0.27208172893591676,0.4525203474733217,0.21061950471696284,-0.5463677685181861,0.20242638985537495,7768,-7.4093248172787005,3.8544277777073512,-14.407284690053512,2.8925848209831275,7767
Gulod,2021,10,0.39704441882524677,0.21176400579874113,0.3323333011925862,0.17938123633206005,-0.384415648056287,0.17535186097444896,2122,-7.141322964946309,2.804742518969131,-12.797219602788156,3.358253343289235,7760
Gulod,2021,11,-0.11681278795003891,0.0,-0.3072853088378906,0.0,0.12044170498847961,0.0,1,-6.587548090786084,3.536582645915767,-14.117337405278654,2.8139018336790316,7766
Gulod,2021,12,0.5593495440552599,0.27432676675162343,0.41786524405269077,0.24158686838253535,-0.5142416812042203,0.20762200194378047,7768,-7.273577136155437,2.7365948846571433,-13.331808997060351,3.445054563811524,7760
Gulod,2022,1,,,,,,,0,-7.3476711086567805,2.9016385309099366,-13.215258918866622,3.43118776533121,7761
Gulod,2022,2,0.5045907898698672,0.24756705835598675,0.39653486634484075,0.21636777842948504,-0.47238930665754086,0.17921133883471466,7768,-7.671517541582731,2.7635602010899447,-13.11205178158398,3.3006873891531123,7767
Gulod,2022,3,0.45923651575220903,0.24268189593260459,0.3588533347028983,0.206878367762304,-0.4635882471842984,0.18008963309375392,7768,-7.987483110586728,2.8009351783251133,-13.421572849756815,3.3277856922063234,7768
Gulod,2022,4,0.4608224974714505,0.2295081096051835,0.39327663468272755,0.21199414320598142,-0.42961817157718374,0.1688674763734011,7706,-7.48807551194199,2.7571777415350534,-13.025622354111318,3.2407020240431614,7768
Gulod,2022,5,0.46190871162241104,0.25592312161147746,0.3335238356399535,0.22571090079684067,-0.4365946882489042,0.1915440455033965,7768,-6.9195909048028,2.7459737339003754,-12.760038916327531,3.2192118787760418,7768
Gulod,2022,6,,,,,,,0,-7.250318485716809,3.0127503764286074,-13.518626925661964,4.027118314931418,7765
Gulod,2022,7,,,,,,,0,-7.204992864794396,2.8250295890539454,-13.42695762498378,3.8450383221074858,7767
Gulod,2022,8,0.3590270472052647,0.22708598996141321,0.33110898816602946,0.17406984281672677,-0.31224766188257747,0.19094470473915923,472,-7.726940938691676,3.03429501566653,-13.246846643500293,3.515002560583564,7766
Gulod,2022,9,,,,,,,0,-7.135853085154707,2.96440106843562,-12.445519828761157,3.1574910837824834,7768
Gulod,2022,10,0.42643816021775965,0.19521855904729257,0.38364397268520783,0.2065155058190872,-0.3907711730010309,0.13753505780067876,1892,-6.579973473777058,3.116572854859196,-12.270391761249629,3.50502508050078,7759
Gulod,2022,11,0.3272792284854643,0.12200942371078943,0.2707652873518863,0.1057591088049913,-0.27228189372250083,0.09949547774750912,965,-6.302243706877826,2.793535959283732,-11.93919386031594,3.4109523932936554,7765
Gulod,2022,12,0.5156967351461241,0.2544446934319656,0.39757272076561556,0.22319588800438145,-0.4659284677080723,0.19352879006180815,7723,-7.043736325301345,2.6699615281922844,-12.833915356862194,3.4814797262638675,7767
Gulod,2023,1,0.5460794476367985,0.26547159504706275,0.3809676071866238,0.21268992213489993,-0.48402626055545084,0.19798387808228335,7218,-7.366438045780378,2.8681409555757638,-13.024511293139014,3.6220467011092268,7766
Gulod,2023,2,,,,,,,0,-7.471817948040467,2.926226281405369,-12.95364707367827,3.4258211046279077,7766
Gulod,2023,3,0.4603259205385226,0.2225081372885089,0.3812887077786336,0.195542996783714,-0.4472710039760611,0.16708487407887532,7768,-7.777031332523494,2.915363842407278,-13.182220560223318,3.433925606783766,7767
Gulod,2023,4,0.4584263212753358,0.22055411342278808,0.378567026019677,0.19877892635641484,-0.43661847843659607,0.16160237030246297,7721,-7.600433125019425,2.8757403023632913,-13.080748106591617,3.3850072386106866,7768
Gulod,2023,5,0.40996366483361696,0.19283641765933268,0.37260620705286807,0.1875090171480814,-0.3748344985190503,0.14614744902694332,6959,-7.615982562880539,2.985000545132064,-13.158270595407945,3.6504986158325834,7767
Gulod,2023,6,0.49772072258685035,0.2935027097855276,0.35330048939694436,0.2632496846598683,-0.4643660919156632,0.22657504408678208,7768,-7.553618047379225,2.867280383199446,-13.264591988903856,3.7153528007236334,7768
Gulod,2023,7,,,,,,,0,-7.364087075260097,3.1943142440006156,-13.613116146918296,4.147224749182299,7765
Gulod,2023,8,0.38787447188242213,0.1728417593260048,0.4213122397597936,0.21394748263941352,-0.286606437723896,0.13993165745322816,7768,-7.6366282124118445,3.0680777317844883,-13.524307088510376,3.842833981581212,7767
Gulod,2023,9,0.5928393552386898,0.2991942932877426,0.3971304538871518,0.21618780463797496,-0.5300540921850666,0.22745663780356803,7768,-7.0806205649369955,2.876997682222697,-12.619811548837625,3.3268124525799347,7765
Gulod,2023,10,0.4738142797922083,0.24340120764725004,0.37687847970426663,0.2157891841109117,-0.4392884411015593,0.17915445770539642,7766,-6.593246420315759,2.88606672676091,-12.042418299743396,3.256607922624536,7767
Gulod,2023,11,,,,,,,0,-6.734722777689404,2.9452497898624337,-12.063136082643364,3.3972116347490653,7766
Gulod,2023,12,,,,,,,0,-6.713030281574338,2.872433571246424,-12.405005584815974,3.4485670083946647,7765
Gulod,2024,1,0.4770514905318391,0.22493623856054176,0.39165440114661365,0.21973276717294185,-0.46978512929278843,0.15466902671892144,2045,-7.171931817389805,2.8490011549897902,-12.676462796172407,3.309560261726712,7768
Gulod,2024,2,0.49519532799729055,0.2302693063969006,0.36851403641917985,0.18807207396994138,-0.4855028691895483,0.16772718609003365,7724,-7.378498423946742,2.7327664634442774,-12.910236942824474,3.2606981990099966,7768
Gulod,2024,3,0.41366873160281575,0.22406167804223243,0.30968321222566136,0.18427359318382486,-0.4177717446597784,0.16741463511092092,7768,-7.627305005666188,2.881957861283908,-12.839035412236008,3.2538410744945194,7768
Gulod,2024,4,0.35248546005902026,0.22704620924819985,0.2704168134993417,0.1874153000304859,-0.4128466919526109,0.18207423484592009,7768,-7.990418209898485,3.14902945351837,-13.707659628444688,3.942859341340197,7766
Gulod,2024,5,,,,,,,0,-8.281608913923192,3.273775758488957,-13.829322595031725,3.970335324196769,7763
Gulod,2024,6,0.46136300429853266,0.27318565432173986,0.3749279704145883,0.29083135080912775,-0.41470644741630247,0.20879774205733184,7768,-7.216074134169465,3.023425547955544,-12.970668443087776,3.6304931670913794,7768
Gulod,2024,7,0.3354625579609422,0.16833882539732137,0.31350268012947485,0.1800982661462899,-0.2795561362422572,0.13824533210098913,3683,-6.775238432808701,4.435610260633501,-15.220305647602581,4.612902444372471,7759
Gulod,2024,8,0.41431668305615016,0.22950931361161359,0.37467317613849793,0.22894114768034485,-0.3622224855531822,0.1833732006696273,5361,-7.385364324537302,3.132217020673489,-13.037123062815196,3.725065707009279,7768
Gulod,2024,9,0.5990906258284494,0.30858128948440106,0.40158896935922006,0.21776323996044172,-0.531635898713561,0.23945054732470314,7427,-7.626323179478717,3.3061285268925156,-13.117456968158857,3.5423954301283227,7764
Gulod,2024,10,0.5476561947200596,0.2971680655022238,0.4228754826621196,0.2468539316840629,-0.5005738327229332,0.21923612949722263,7768,-7.167543130312186,2.977853863015825,-12.30153394963039,3.312278617216002,7765
Gulod,2024,11,0.42780191860395417,0.2124799925678747,0.33409295515131776,0.1978921065397321,-0.4169044037115578,0.15124133584157418,5227,-7.300411856449547,2.952642977300607,-13.214976848544778,3.8590276273008017,7760
Gulod,2024,12,0.44180844057268753,0.26227978001273206,0.3239615400361716,0.21915869945890207,-0.4177326496733649,0.20869578196896654,7344,-6.71425874035929,3.477133233342932,-12.6063915164283,4.017412032902571,7766
Gulod,2025,1,0.5281960319427347,0.2618439803572606,0.45368936159224854,0.25039040025945836,-0.4870700489280516,0.19558995914046176,7257,-6.830834243597119,2.864721356287476,-12.723034101377584,3.7232112229669876,7764
Gulod,2025,2,0.5242895519152121,0.273963235867472,0.45577523045314366,0.26633384924712766,-0.4760828493083142,0.1992259984792207,7591,-7.462507272964689,3.1243943052846164,-12.959715766835837,3.642206417779039,7767
Gulod,2025,3,0.48875331910220177,0.2608882647332574,0.3886622412708097,0.2249274408214722,-0.46836527706016357,0.19000499054238087,7768,-7.401795262657267,2.93957697769018,-12.871421990554527,3.609428336551668,7758
Gulod,2025,4,0.44002623634878163,0.2136856810234642,0.37965337527924553,0.19529033261743822,-0.44054520435203715,0.16118359694353665,7763,-7.923163845261175,4.408750629314811,-15.179117859008521,3.2958464318996916,7766
Gulod,2025,5,0.41180760482340995,0.27143322464245945,0.3416022705352267,0.2526073641009488,-0.41865413271844226,0.19823381627873857,7768,-7.788199485484321,3.1102642668707206,-13.434465735468688,3.857176280105472,7767
Gulod,2025,6,,,,,,,0,-6.7516344779420985,5.314041891318388,-14.510320884173613,4.202724754224551,7767
Gulod,2025,7,,,,,,,,-7.039341803248788,4.610966452821308,-15.503888274708663,4.6303901768716385,7768
Gulod,2025,8,0.40940339707515455,0.31292062149024835,0.4033781599930743,0.3289497462902726,-0.39714866930788206,0.2469946932372251,55,-7.495907548842563,3.5305387189181237,-13.598005267587123,4.123314003457499,7768
Gulod,2025,9,0.5361496246777876,0.2795903003657576,0.4104550759883368,0.2327617487999186,-0.4689731300783554,0.2160736218108509,7768,-6.235349256640516,4.385297202318641,-13.527067985738851,3.0958261414804213,7768
Gulod,2025,10,,,,,,,0,-6.934608786036664,3.080248737470269,-12.608291302208206,3.628302267097968,7767
Gulod,2025,11,0.4340016420601285,0.3015575511161901,0.2865476456923599,0.21420956468658267,-0.4062246655232138,0.25751218915532975,7586,-5.695362298596321,4.0533522427220205,-13.592923072594523,3.313108807598255,7768
Ibaba,2020,1,0.30443784743810043,0.20437249308312208,0.18477910919862137,0.1347218754850863,-0.34724770697087354,0.16488440136366223,727,-2.4870399488334725,3.522348116167777,-12.661389946773593,2.645923914265747,727
Ibaba,2020,2,0.2798909371386655,0.1761030365303038,0.18667692269798777,0.1259746453332867,-0.3268966298560615,0.14525636304488232,727,-2.634798909034043,3.602876178331066,-12.986322873888192,2.577301715487176,727
Ibaba,2020,3,0.25530134682748395,0.18350561955295985,0.17271974303959714,0.131839920448227,-0.3068762188019907,0.15229241161598514,727,-2.642952108107497,3.52027084161992,-12.793490181598903,2.6569647345733807,727
Ibaba,2020,4,0.23815606121286736,0.1850202177343339,0.17712197005335195,0.14522351896246563,-0.27775986726841595,0.15323160636138689,727,-2.674308387349977,3.670086054516139,-12.899518804340278,2.7198535525738023,727
Ibaba,2020,5,0.269859054728979,0.21354438396183636,0.19561374898499664,0.16667412736332754,-0.30653967053477005,0.1738717623546815,727,-2.086270076885019,3.520855269239954,-12.347278299817019,2.7345346462482207,727
Ibaba,2020,6,0.016986481845378876,0.07541579400357937,0.12079565227031708,0.18091989780657883,-0.0598004087805748,0.07550870536757955,3,-2.2494549358678704,3.5644461618562224,-12.522603994878493,2.622146663970583,727
Ibaba,2020,7,0.2693314415425453,0.2026097438526712,0.2014983794948971,0.15935689048747917,-0.30060560845269046,0.1664857713774365,727,-4.570656430970317,2.438254439271787,-9.77190966900063,2.969393651943433,727
Ibaba,2020,8,0.25223862681839915,0.13602094995453998,0.19853423158260627,0.10882098865605147,-0.2783270564836425,0.10939033842120303,74,-2.06503008615688,3.4843726646806883,-12.459687004596034,2.5812372535736605,727
Ibaba,2020,9,0.30157651375733247,0.2033471579131648,0.2317490802305665,0.1645931316870198,-0.329170428119418,0.16275908937559644,727,-5.216308702580228,2.5493827466225096,-10.253925065882761,3.197188006993645,727
Ibaba,2020,10,0.20065073432155348,0.1036426281813607,0.13274035005750798,0.07103946794358536,-0.20850898043519653,0.0953302028433208,258,-0.7189426980400269,3.6677673163693134,-11.628444640311784,2.5301086908744375,727
Ibaba,2020,11,,,,,,,0,-1.8543906729268673,3.562343352950128,-12.295759923520407,2.88775292199808,727
Ibaba,2020,12,0.2994493384089095,0.1996737600159389,0.18241519299379033,0.13208069690478422,-0.3477258621593312,0.16558823787109345,727,-2.0233822472027145,3.5965910613258636,-12.472732552307997,2.7265849655531706,727
Ibaba,2021,1,0.29681482370364004,0.18290511656708042,0.19310081940418744,0.13310242760881388,-0.32953855982271446,0.14961100030755153,716,-2.080116461091349,3.5764426012644046,-12.399884067014614,2.6934337643232102,727
Ibaba,2021,2,0.297118513704312,0.20001689376137632,0.19569579948990787,0.1429452141156289,-0.3506852022142881,0.1638642790091383,727,-1.635256647339227,3.569428067010712,-12.271092664260813,2.6094129000370168,727
Ibaba,2021,3,,,,,,,0,-2.1648060516973144,3.5310357352685475,-12.454666221158218,2.7105443551731128,727
Ibaba,2021,4,,,,,,,0,-2.169367893806503,3.606922846903878,-12.412524233473539,2.7860986430001713,727
Ibaba,2021,5,0.25391071658207426,0.18877244545194624,0.19122358777289986,0.15143626513971475,-0.3011031680832649,0.15540147004231872,727,-2.4055351606109654,3.6443140735624686,-12.519525349201636,2.844944290500418,727
Ibaba,2021,6,0.253063411620174,0.15520971399610925,0.23849596864860276,0.16291738036388298,-0.25467794505364344,0.12174273097303771,727,-2.2113027841299817,3.7624108420866373,-12.470444675078912,2.8513527894662305,727
Ibaba,2021,7,,,,,,,0,-1.3778462594240832,3.526005662555812,-12.034736090463985,2.685935658785944,727
Ibaba,2021,8,,,,,,,0,-5.135211560216719,2.6471836159178745,-10.207461842849465,3.2076536066910353,727
Ibaba,2021,9,0.2949574511720634,0.20686298075482307,0.20319978153621965,0.1515122211856149,-0.34224602832821455,0.16935435117981554,727,-1.6027077949148543,3.570024938798423,-12.040249873193549,2.715670760985602,727
Ibaba,2021,10,0.2878645134165462,0.20081186419945227,0.17291821304123892,0.12635133191023398,-0.3420584457266369,0.16836963925699872,679,-5.3266408242582415,2.565276305039508,-10.241914107176019,3.316293049142195,727
Ibaba,2021,11,,,,,,,0,-2.040499800265487,3.4856359965282215,-12.447007225009076,2.547989518046293,727
Ibaba,2021,12,0.3309834548855869,0.228875251055381,0.2068567164430422,0.15551387290480434,-0.3834722780859059,0.1846807221245248,727,-5.369568862497524,2.6555129015239918,-10.228321083925112,3.2107169381771152,727
Ibaba,2022,1,0.2617916194916902,0.19431220099128596,0.17789916096381408,0.1468639152684721,-0.2998906058487229,0.1611265163660781,711,-5.302676580800197,2.6855501049348653,-10.259332445876712,3.356915042905169,727
Ibaba,2022,2,0.293265867617999,0.2060864897644424,0.19157828400574456,0.1449650765849871,-0.33802940161255635,0.16789948752925785,727,-5.235082445345939,2.5868776590836733,-10.143052733420019,3.253688059874824,727
Ibaba,2022,3,0.27858882009239383,0.20518774771193432,0.19019354907158467,0.14706408466102475,-0.3358455572022384,0.17270342435672498,727,-5.33119093327485,2.5181926471097635,-10.331406790173869,3.3232914518760523,727
Ibaba,2022,4,,,,,,,0,-5.055211074916745,2.5899652135574693,-9.974056285996877,3.3319946866797356,727
Ibaba,2022,5,0.28729953615800635,0.20878732614963041,0.20889894107827936,0.16032579516720202,-0.32848925073727164,0.16921448612214768,727,-4.4964368490699504,2.4795814028783933,-9.854557754085022,3.0239022639987176,727
Ibaba,2022,6,,,,,,,0,-4.752109207548558,2.630071515744092,-10.00349430229509,3.304457685741872,727
Ibaba,2022,7,0.30019478735442223,0.21912597439130901,0.21568396893276098,0.1659811159298749,-0.3406624596338899,0.17972464657813103,727,-4.645327327319481,2.3394297227303302,-9.664239670092346,3.1147151400564197,727
Ibaba,2022,8,0.29837049365611623,0.20053155448390464,0.21019889268260875,0.14895567140146274,-0.3275163659836811,0.1626389449435619,727,-5.150196961781846,2.5597329613585638,-9.982175993296273,3.240128033840693,727
Ibaba,2022,9,0.31962998558571565,0.2267225087050693,0.2414174093855614,0.26261922361999096,-0.3577233431912257,0.18193071249899595,724,-4.557821421265247,2.525640808112478,-9.540746103136964,3.038503015872387,727
Ibaba,2022,10,,,,,,,0,-4.275687715312798,2.6843867885099653,-9.323045961548576,3.2060008716517143,727
Ibaba,2022,11,0.27423358251581403,0.17124661707821418,0.18554967611802042,0.12209446583405317,-0.2991730078501053,0.13839437670886667,724,-3.8971388601560926,2.622002233901901,-9.215903147030245,3.1102213557505247,727
Ibaba,2022,12,0.3176474369108934,0.21068696092856123,0.20375237573203056,0.14299841817729375,-0.3611751611019772,0.17110382249849468,727,-5.224051566674091,2.670843568928038,-10.083018852246642,3.333485622051905,727
Ibaba,2023,1,0.3227954914709784,0.19439463374114788,0.20727368977452715,0.13206110018244782,-0.36576898148287784,0.15795721310769972,422,-5.409558683039398,2.7437933304479274,-10.228039259923719,3.3553602688430106,727
Ibaba,2023,2,,,,,,,0,-5.1888056352223435,2.7853664474480535,-9.96020357536235,3.3166326149494347,727
Ibaba,2023,3,0.2589035949194509,0.17374899732129936,0.18340526177628586,0.12707709651444635,-0.31505840212206615,0.14547689216183413,727,-5.097750427490908,2.726945373974723,-9.924412134896453,3.2532615641257228,727
Ibaba,2023,4,0.2677289246929937,0.17793469369630768,0.1975523355857955,0.1377342772607815,-0.31252455119263944,0.14287630425989636,727,-5.164752656861656,2.6769338901441326,-9.84627789699638,3.2842381002444374,727
Ibaba,2023,5,0.28394531813506874,0.1963803004689159,0.22303584550789687,0.16480571316281026,-0.3173545305815718,0.15751803220917643,727,-5.067371909605253,2.7677789670860276,-9.817967567761949,3.3917445987485655,727
Ibaba,2023,6,0.3198792850479793,0.2489033426049149,0.21854991477852814,0.18214205604508366,-0.3816748383156372,0.20354324376893979,727,-4.371706279089476,2.3614525701707687,-9.387323931423229,3.204477153455782,727
Ibaba,2023,7,0.29423571629510525,0.2179050665969011,0.2091319868583686,0.17039152209623953,-0.33487804975114693,0.17776623408739795,727,-4.152944598611811,2.5449683628204194,-9.365742583099395,3.1558165021240345,727
Ibaba,2023,8,0.35332841478850485,0.19189421442521354,0.2970902558808573,0.18034497787165654,-0.343168468255573,0.14703219993562236,159,-4.520674028587585,2.6821128469845568,-9.627794572583921,3.2791792635782637,727
Ibaba,2023,9,0.3182066542252885,0.22972827529380854,0.20824826509437014,0.16253584736059337,-0.3689180614956446,0.1874637498043357,727,-4.586708495590679,2.476645372779477,-9.7114431651814,3.178058839056398,727
Ibaba,2023,10,0.2899124290931314,0.1831426481803937,0.257064919660899,0.1763755978201125,-0.31572076438306906,0.15112001777446313,667,-3.966885917319146,2.687454109824374,-9.294390064137671,3.134161895792869,727
Ibaba,2023,11,,,,,,,0,-4.553425005016435,2.6652992742690915,-9.602935280860947,3.262234356892566,727
Ibaba,2023,12,0.33872830017299,0.22942366546893186,0.21163745714074766,0.15628755732233748,-0.3886269208657438,0.1843887977275858,727,-4.415452242825056,2.611813618368501,-9.496557118831019,3.2216798985660233,727
Ibaba,2024,1,,,,,,,0,-5.19313336769439,2.7056476749519636,-10.043396700527188,3.1636510282744505,727
Ibaba,2024,2,0.29984983440502766,0.195780842696434,0.1936259512006567,0.13461643535992818,-0.36442526176809203,0.16160424288238565,722,-4.96588748855303,2.5735560773144455,-9.735099910193478,3.1741839852646683,727
Ibaba,2024,3,0.24253172910654464,0.1906324116194737,0.17158068227963058,0.13960184328874503,-0.28595486644658596,0.15732217244717786,683,-5.171396321423622,2.6535076544949505,-9.864007809877068,3.254213525920783,727
Ibaba,2024,4,0.26651468792830346,0.20870209904981638,0.1840047915624259,0.15035870788606978,-0.3358355841107482,0.17452033483980112,727,-5.208049847356245,2.9031004551652386,-10.089956538518571,3.347472971587568,727
Ibaba,2024,5,,,,,,,0,-5.203716666792215,2.678151139846133,-9.826188802083717,3.2288174153652895,727
Ibaba,2024,6,,,,,,,0,-4.842682622686321,2.497809742199541,-9.612864298784423,3.0588773730229826,727
Ibaba,2024,7,,,,,,,0,-1.3863043002206177,3.7544544008767495,-12.103651261354235,2.8353222146965233,727
Ibaba,2024,8,0.26892368345133216,0.15988241215413268,0.21490521273067137,0.14240700219613484,-0.29275307223262254,0.12502313553351327,727,-4.16976399822455,2.4841064707066187,-9.31345768132473,3.064733558224102,727
Ibaba,2024,9,0.3098496132387117,0.21862647632440346,0.2095793699175522,0.15648887276373613,-0.3558481631864903,0.17414857282408575,727,-4.722857533840074,2.669451406217591,-9.647233061051763,3.2642730282167878,727
Ibaba,2024,10,0.3014857653599548,0.21384280899029345,0.20788895502515795,0.15844658675192055,-0.34652822379370635,0.17383544577184984,727,-4.462429133799842,2.469166968374845,-9.254480643338804,2.9889499752998447,727
Ibaba,2024,11,0.2971948227851733,0.1927066749174703,0.1877734596091663,0.12916710838043388,-0.35363925660974554,0.15648234240395997,723,-4.9703553497248185,2.743232807890973,-9.961505217106167,3.2621643570943277,727
Ibaba,2024,12,0.18932583656937643,0.10337916428551755,0.14511142376581146,0.07643367644819427,-0.2060550064735749,0.08967513571739585,317,-4.121422346698649,2.6315851733049285,-8.98858879738201,3.233612609383707,727
Ibaba,2025,1,,,,,,,0,-4.837878852070621,2.525499013826018,-9.686286445128045,3.118779883027728,727
Ibaba,2025,2,0.30400313974048804,0.20918467751475478,0.20899412123974165,0.15805053290864884,-0.34581643873390094,0.16890172779322232,727,-5.031936908409801,2.681155332485277,-9.661713873011879,3.2957967904867367,727
Ibaba,2025,3,0.2823527034966149,0.1846805619283908,0.19835324829238002,0.14262864454019922,-0.33590591720160345,0.1503821224252115,719,-5.0772101005700625,2.6651222580191525,-9.747733658428164,3.120612338421514,727
Ibaba,2025,4,0.2552626948379156,0.1680484097278959,0.19582984066613007,0.13561595591767975,-0.30087671810863564,0.13704961825394238,727,-2.368702462651131,3.514194376536969,-13.052981801833218,2.877975330960795,727
Ibaba,2025,5,0.26359183414828957,0.2152266975990093,0.20499737559435988,0.28083438642839775,-0.3122992576007456,0.176056616882946,727,-4.582041916972927,2.606308184852511,-9.617206733525208,3.1345164313693137,727
Ibaba,2025,6,,,,,,,0,-0.24426657216113573,3.6527540979267483,-11.53132894721287,2.621734490719784,727
Ibaba,2025,7,,,,,,,,-1.6458269293573948,3.6455221435541745,-12.171197270346797,2.72462936574653,727
Ibaba,2025,8,0.27149735060181013,0.18952760649339717,0.1929616631105403,0.12908515164176307,-0.30724630054381735,0.15741699373966886,727,-4.348470911255524,2.613054987751363,-9.54266445012827,3.1648830023505083,727
Ibaba,2025,9,,,,,,,,-1.0254556759564206,3.594148364628555,-11.866896942852295,2.6804380734592583,727
Ibaba,2025,10,,,,,,,0,-4.511291386281139,2.7105086453342095,-9.686052540452973,3.294871671087427,727
Ibaba,2025,11,0.31377851618585134,0.21298740460363508,0.18363741339354728,0.13599511789331825,-0.35926494759522193,0.1718345794115235,727,-0.9865017223474216,3.6422531400620577,-12.153838230171424,2.4775091872468833,727
Kanluran,2020,1,0.2676234837063463,0.20115900893023483,0.15274624119289593,0.12305489422511831,-0.31713924006221467,0.16228072186000472,534,-2.3339313548686125,3.264715634264402,-11.886297720090283,2.985086718175361,534
Kanluran,2020,2,0.2528844321956935,0.17118314568173665,0.15966604249069016,0.11587653414944699,-0.30832438011590907,0.1394232474138796,534,-2.799343524602756,3.4188059726356212,-12.320908320139843,2.9277311972459947,534
Kanluran,2020,3,0.22366433001156302,0.17162123383133945,0.14267170973596724,0.11482048741157291,-0.2874313849553145,0.14227912476216084,534,-2.7459432129688914,3.505648159817043,-12.307237311486109,2.858718086791531,534
Kanluran,2020,4,0.20715448869405786,0.17190179606343073,0.1475467232336318,0.1269363848053211,-0.25883519656045806,0.1426196301366577,534,-2.5613003684528715,3.3509664663598606,-12.200886727042134,2.7741009088813215,534
Kanluran,2020,5,0.2464697944863232,0.21835387553454508,0.16902947463208537,0.1576683484648157,-0.29514788994164487,0.1741105065339983,534,-2.421568951457876,3.3091758154201982,-11.939872686336102,2.8309585390606107,534
Kanluran,2020,6,0.2566240597636068,0.22793309862377575,0.20785265232744424,0.1960157952602446,-0.2878995628802562,0.17282602556649343,243,-2.6822262708104656,3.3207761394970348,-11.875847175661551,2.863379982940009,534
Kanluran,2020,7,0.2640393614463335,0.21656253249460206,0.19239333937411593,0.16666140850587893,-0.30289246566761074,0.17287795973821718,534,-4.062644263038811,3.1232340765896605,-10.105399462335113,2.906904008729901,534
Kanluran,2020,8,,,,,,,0,-2.3295280070973687,3.2151922883019526,-11.896654393370461,2.858774002721901,534
Kanluran,2020,9,0.27923498299122845,0.1967381646068622,0.1919784695619659,0.14689604931162487,-0.3129682243759794,0.15570839982704066,534,-4.57527449759847,3.1048334213442548,-10.42292875211951,2.9654783260551754,534
Kanluran,2020,10,0.1182967696338892,0.09740890820641694,0.0607272032648325,0.04746158593794377,-0.1959825336933136,0.10615240650937408,5,-0.6262389988989868,3.2738375653928475,-11.141855410199048,2.746524898735609,534
Kanluran,2020,11,,,,,,,0,-1.6895995153295595,3.1960475277672318,-11.667178087717799,2.811446761157242,534
Kanluran,2020,12,0.2687984575704525,0.2049720179546981,0.15763056312848153,0.12807590609775615,-0.32900215491560075,0.16428185161721315,534,-2.1467515933745966,3.142277009443279,-11.660184934958531,2.735626002376132,534
Kanluran,2021,1,0.2665406043117185,0.1865999546076717,0.16677224641713317,0.12861036456583747,-0.30588351139076736,0.1496710860114757,534,-2.0468931321354686,3.2702701369117477,-11.923666644967,2.662437933245932,534
Kanluran,2021,2,0.2600804999811236,0.19936131031868687,0.16382327619132322,0.13314226829092307,-0.32733543737127013,0.16209914059905092,534,-1.634946609836785,3.3545732294784285,-11.842990076050775,2.828040847468035,534
Kanluran,2021,3,,,,,,,0,-2.5004018052151498,3.34677500952651,-12.026790624756492,2.7069957542073575,534
Kanluran,2021,4,,,,,,,0,-2.383110058614253,3.4534460816723462,-12.013528456178946,2.68437559899265,534
Kanluran,2021,5,0.23253762881813933,0.18707724428578576,0.1702250337620261,0.1420944998622525,-0.2929751313821683,0.15234382309805092,534,-2.544522541243764,3.331077943658535,-11.98129205252236,2.758174447145048,534
Kanluran,2021,6,0.2293237831420876,0.15417770992381644,0.22359625477241757,0.1686033161028138,-0.2274592168993678,0.1207776245492945,534,-2.2687033433571795,3.49455852973204,-11.973483399951954,2.874521597382201,534
Kanluran,2021,7,,,,,,,0,-1.5161712682955935,3.1290616506659545,-11.535567826713512,2.7696650217924494,534
Kanluran,2021,8,,,,,,,0,-4.471946097519744,3.378721178593051,-10.878352135866322,3.284081844532175,534
Kanluran,2021,9,0.2691910948036657,0.21090367209313704,0.17927387749670745,0.1453063613837786,-0.3284493737796513,0.16726456756319574,534,-1.8645393006984916,3.3733496755631647,-11.698859519391476,2.6904253510257234,534
Kanluran,2021,10,0.2700423598705883,0.20524777747468342,0.17525384334798508,0.14040324940384502,-0.33763565813201685,0.16505452532586704,534,-4.653165883702061,3.3158626265808113,-10.64458213361461,3.321687431340586,534
Kanluran,2021,11,0.11322003602981567,0.0,0.11221945285797119,0.0,-0.12163664400577545,0.0,1,-2.216061986442168,3.2553577038555233,-12.069590084561694,2.8148428131421026,534
Kanluran,2021,12,0.2860607707765944,0.21335270503917397,0.17147654260893308,0.13759400981311432,-0.35681493836019046,0.17164363367597543,534,-4.512841232065181,3.277524917178132,-10.555925829105824,3.096989504169519,534
Kanluran,2022,1,0.23864696559760878,0.19001885009961117,0.14415325300712648,0.12635812673310548,-0.2850469673516346,0.1537761084463736,534,-4.630669846890096,3.5547641951895295,-10.637147030803597,3.220435825239829,534
Kanluran,2022,2,0.24977268456927898,0.19265141568964628,0.15793924111617194,0.1326035127410238,-0.31208657346713153,0.1585204313994234,534,-4.550082460178366,3.1935694720522023,-10.410747254609165,3.0589444261378254,534
Kanluran,2022,3,0.2416355339218367,0.19974163078450127,0.15857566140690416,0.13766004033953638,-0.31643757314479204,0.1642128333256317,534,-4.496202576124162,3.184532996638867,-10.615268963720467,2.9990132204938145,534
Kanluran,2022,4,,,,,,,0,-4.500712558346338,3.187457803962995,-10.530007930953849,3.1988087064985815,534
Kanluran,2022,5,0.25852406196460165,0.20575175356390848,0.18130054686831965,0.15094123992855935,-0.31504023544405724,0.16298800889838158,534,-3.8652992594136064,2.9934920904508737,-10.28638227423477,2.967122467098376,534
Kanluran,2022,6,,,,,,,0,-4.002288967833594,3.282109670087535,-10.398754579799892,3.2548357538828476,534
Kanluran,2022,7,0.2724294480821906,0.1857071677781203,0.19453221984309652,0.1353057596824645,-0.3208213399063226,0.14926841702076177,534,-3.8089807988685136,2.992225140660922,-10.271009622120786,2.824978343174038,534
Kanluran,2022,8,0.2645913276299032,0.19134171845773815,0.18704777610283752,0.14174422483298915,-0.30588714268986367,0.15113366347646487,534,-4.596309644632281,3.052996125896013,-10.513358933090718,3.0876955981417353,534
Kanluran,2022,9,0.27910302855758534,0.2045159511125186,0.21140395782524746,0.16284773282720463,-0.33066051538635993,0.16538710244693383,534,-3.759561829171263,3.052801853885965,-9.992675386229717,2.8410696734026555,534
Kanluran,2022,10,,,,,,,0,-3.506567308769909,3.3723542205560646,-9.8195937197753,3.025115980572859,534
Kanluran,2022,11,0.2357896170184117,0.17270445529093378,0.1527946947241402,0.11609529672218645,-0.28020630407179437,0.1391033441202505,519,-2.971338901837525,3.404297298507878,-9.668091673864406,3.0025860089981626,534
Kanluran,2022,12,0.27799741840127373,0.20827030715597217,0.17126152983088125,0.1369499093665739,-0.34101614950674736,0.16505957264791488,534,-4.272970557756971,3.0537269274166823,-10.40220549576375,3.0480387946770984,534
Kanluran,2023,1,,,,,,,0,-4.491161682813914,3.256048638290606,-10.543725566247865,3.3818855152223146,534
Kanluran,2023,2,,,,,,,0,-4.481987492533656,3.143587374685963,-10.375833337003366,2.7894417899234103,534
Kanluran,2023,3,0.228567274455644,0.16614106348043445,0.15489251247380678,0.11479627999652096,-0.29995892217037484,0.1390145729450782,534,-4.636182324577138,3.1116809552655793,-10.387280774808563,3.012136394892463,534
Kanluran,2023,4,0.25115391111249025,0.17098044640226454,0.17866962086862787,0.1272515098968058,-0.31366256016484456,0.1381774238285967,534,-4.578368021098525,3.0548715601761054,-10.446218967884214,2.9599301211094873,534
Kanluran,2023,5,0.25959190933457,0.18870037906167175,0.19652049942162828,0.1507452402042036,-0.3087297176675389,0.15002397678927698,534,-4.415916445229054,3.17191753557623,-10.40097863899635,3.0152131792719628,534
Kanluran,2023,6,0.27612980404757115,0.24789164203511635,0.1827004426573177,0.16897185564178616,-0.35660492113031866,0.20040689515386942,534,-3.577339154165863,3.03022586187613,-9.968215067427927,2.8192793314977393,534
Kanluran,2023,7,0.26177830906098243,0.21658568583911475,0.17848220883959337,0.1530044026136682,-0.3226588213132728,0.1736785790987544,534,-3.125775581042628,3.3716039506126996,-9.77729667585049,2.9132737868103225,534
Kanluran,2023,8,0.25046345962940486,0.1546841331045082,0.21986387273617616,0.14581334625490808,-0.27048190405430145,0.12236813563003097,534,-3.7333328982236114,3.3825593409735304,-9.906830131646574,2.938904512123317,534
Kanluran,2023,9,0.2954826970073573,0.2203733107894767,0.1851271545420011,0.14700033773062965,-0.36313884840469,0.17497692335015652,534,-3.767811927145429,3.1474291110583343,-9.800827605796318,2.9037668763265794,534
Kanluran,2023,10,0.28600438655321975,0.17661759605544372,0.23450724786982452,0.13694905642921704,-0.2881004643658627,0.13290157255997534,58,-3.1514318662641956,3.425613306374241,-9.910358920477144,3.172487607573627,534
Kanluran,2023,11,,,,,,,0,-4.157260015927787,3.3063123826117033,-9.999044143751773,2.9943993746822,534
Kanluran,2023,12,0.29604537377981144,0.21306471579008573,0.17576502488547496,0.13599490423850508,-0.3690091949741077,0.1725742594928679,534,-3.9634840847872645,3.2245562921741193,-10.022851400830778,3.0349566699351964,534
Kanluran,2024,1,,,,,,,0,-4.605217900943384,3.206180135303159,-10.480178402827468,2.9856340604166394,534
Kanluran,2024,2,0.2692632521445993,0.18011619789685984,0.16756610131856545,0.11805000974366567,-0.35031792608940837,0.1479513313830968,534,-4.275747626671073,3.030599081640811,-10.195648751064637,2.808484904030901,534
Kanluran,2024,3,0.22291667573264837,0.17407913120540572,0.14919507550064556,0.11926126615088663,-0.2853207442905045,0.14417319013503416,525,-4.504602965424433,3.2062234726881242,-10.093560604008838,2.8699144000040273,534
Kanluran,2024,4,0.25009846520912743,0.20380583771171265,0.16613226252597532,0.13719439631075683,-0.3349801604341706,0.16793806490053506,534,-4.547014874284078,3.4036915598181015,-10.550798656788674,3.2391805158369436,534
Kanluran,2024,5,,,,,,,0,-4.39588818398665,3.2825634362771523,-10.312598320205558,2.9116349522347225,534
Kanluran,2024,6,,,,,,,0,-4.322023164690215,2.987710151063244,-10.039419595696275,2.840187603331791,534
Kanluran,2024,7,,,,,,,0,-1.9092036913679264,3.4906899873289974,-11.742981446927864,2.528043253126996,534
Kanluran,2024,8,0.2630385235937357,0.15678956125831617,0.202822946815155,0.13185909222624578,-0.29683923798051665,0.12341320059139321,534,-3.507213675691695,3.3960783010637736,-9.794661735271692,2.8135883077050217,534
Kanluran,2024,9,0.30421282273493944,0.21885383272674205,0.19479378726999805,0.14869727756447362,-0.36299200256682973,0.17226242952122345,534,-4.183178135120634,3.324052069922863,-10.20086162344793,3.03865808476667,534
Kanluran,2024,10,0.29758431202943963,0.21996320022719298,0.19475870809518567,0.15192209205922144,-0.35734842345085793,0.1747541158230753,534,-3.962085586857427,3.0772698715961324,-10.141559036160494,2.9296412870660116,534
Kanluran,2024,11,0.2794743263620923,0.18530144060009976,0.1684453332447227,0.11641698710321573,-0.3494482542290474,0.15183574736131425,534,-4.531506681961289,3.403372629857837,-10.530795942364103,2.964685329557156,534
Kanluran,2024,12,0.25600918638853515,0.14774072908937932,0.17047530190517493,0.10399276635749602,-0.2972595276935479,0.1158814608870683,349,-3.240553356972192,3.503664249287475,-9.671621418903381,2.8968277509221134,534
Kanluran,2025,1,,,,,,,0,-4.084525610627222,3.1852165384710123,-10.386637569980673,2.7852229366702885,534
Kanluran,2025,2,0.28026304149120307,0.19865195729276822,0.182181596843402,0.13737238348534547,-0.3365635630240935,0.15873198222352214,534,-4.5578932783214094,3.091770618144681,-10.395451897929675,2.929832352549017,534
Kanluran,2025,3,0.17822332031479693,0.07846737590108523,0.2007056420123794,0.08526298184016746,-0.20195037584024952,0.07293264393009678,410,-4.262766881416854,2.9482100290637043,-10.12196064374867,2.746416900476152,534
Kanluran,2025,4,0.2603227230720225,0.15552432123046117,0.19307239380602337,0.12213604325187058,-0.31256092557411563,0.12629883058013208,534,-2.9067824716890756,3.3446711695307036,-12.763620594914041,2.7387857684936128,534
Kanluran,2025,5,0.2642702768078906,0.20799867575697106,0.19036929237360678,0.15315451161696764,-0.32666341808828636,0.1667020915177171,534,-4.1698702990150665,3.185990949097551,-10.264994607715124,2.825804008501908,534
Kanluran,2025,6,,,,,,,0,-1.169475205952897,3.395771926029478,-11.374670212858174,2.3211150284030424,534
Kanluran,2025,7,,,,,,,,-2.3625665817092334,3.5035394953308496,-11.909932751780593,2.483755844802182,534
Kanluran,2025,8,0.2915258428786249,0.21873215160551335,0.19571468832887143,0.1575589330306866,-0.34724679303770595,0.1720761588896715,534,-3.741382029915594,3.2106404932562436,-10.118103307591623,2.7424176742524047,534
Kanluran,2025,9,,,,,,,,-1.7929442142684038,3.1252984128473718,-11.444623066691415,2.277001269194627,534
Kanluran,2025,10,,,,,,,0,-4.049917225889885,3.240767113223282,-10.071527285410676,2.820447906494238,534
Kanluran,2025,11,0.2948090425491496,0.21242095385625723,0.1691005440840448,0.13107091138900515,-0.3508408523939918,0.1691274581172314,534,-1.728008205400717,3.319078614281933,-11.804732217994086,2.592637386229998,534
Labas,2020,1,0.3970926776412658,0.2622427161252482,0.2574299229367495,0.19436557042810432,-0.4051994705414974,0.20718908709146538,3441,-4.345840569262939,3.225087454019166,-11.264347734318422,3.202016631783776,3441
Labas,2020,2,0.3604789953401091,0.2230853768167254,0.25464004902717724,0.1822978363721573,-0.3773194493645922,0.1793389340528859,3441,-4.669496698181661,3.4664692778280557,-11.687073547379004,3.4142318078392138,3441
Labas,2020,3,0.3365178261806079,0.23041624859425422,0.2343597742939115,0.1809913749138551,-0.3597126140427126,0.18422861321885942,3441,-4.623822178135161,3.441158940651914,-11.600318484776414,3.4251624925532784,3441
Labas,2020,4,0.32205945487283766,0.23400391094737671,0.24912729710421477,0.2016942407987197,-0.33567148225241517,0.18796231843644154,3441,-4.653137677475151,3.6021836820411752,-11.591999797764364,3.349582011875762,3441
Labas,2020,5,0.3860993851403355,0.28415587288115474,0.28158893801604323,0.24816715951534696,-0.38151808112497976,0.22082753132799293,3441,-4.135829681362516,3.508777419370787,-11.013754287053125,3.271441556819525,3441
Labas,2020,6,0.44427252600421685,0.2585227273478389,0.3731711691868832,0.24285950445326054,-0.4221145326306353,0.18879685637952776,1248,-4.3061122506209495,3.3858358504976507,-11.248274530352592,3.274175588085981,3441
Labas,2020,7,0.3741148604805128,0.26435727014907623,0.28600670230017006,0.2309958488981055,-0.3688320772717646,0.20872518568860438,3441,-3.8814195030614127,3.392857693634083,-9.402393785147115,3.8467416591545653,3441
Labas,2020,8,0.39625474382540854,0.2624937807453061,0.3380391790418105,0.24670029431808826,-0.379925139499214,0.20320311049803053,1186,-4.139187716479843,3.3331929267407743,-11.021954047184282,3.220134113497901,3441
Labas,2020,9,0.38981057387402585,0.2420447953069217,0.29712349371767444,0.23694502453196667,-0.38297800109679114,0.1894362294959458,3441,-4.399124348834797,3.161166964588327,-9.577748603781052,3.7238106168862677,3441
Labas,2020,10,,,,,,,0,-2.6953226592400097,3.7073501842542465,-10.44362239592564,3.078181129283914,3441
Labas,2020,11,,,,,,,0,-3.7308702881667073,3.455845590094624,-10.943339542108731,3.209295219074957,3441
Labas,2020,12,0.3965190398687893,0.2601052995456918,0.2542721772610602,0.2000265330017922,-0.40461172991599154,0.20777943995731368,3441,-3.951010320170052,3.3739161414441337,-10.931676599535107,3.1737540966609044,3441
Labas,2021,1,0.37661392014518563,0.2313997542841697,0.2739769380617003,0.2008997922104449,-0.37336880153606183,0.1846405993295249,3345,-3.869976506027594,3.358408462126487,-10.941371030487312,3.08393706728861,3441
Labas,2021,2,0.3849814690333049,0.2529622816615851,0.2680139907474581,0.20681526378300455,-0.40191425132029934,0.20151199801389444,3441,-3.3427058935680507,3.3909561403755495,-10.57849326228968,3.0957756074439833,3441
Labas,2021,3,0.013490201847162098,0.014558577968273312,0.01753536384785548,0.019316228514071554,-0.0010743392631411552,0.016734293662011623,2,-4.180154628893432,3.3467541448202462,-11.178077959159161,3.273905529852729,3441
Labas,2021,4,0.28970881601451043,0.2161266633312345,0.2747369263141243,0.22742854649946578,-0.3072510456746896,0.1707029127925777,792,-4.131890568268963,3.295285619738817,-11.034783516160399,3.2412695909528777,3441
Labas,2021,5,0.31888062206220225,0.22354916076553094,0.24656251096539655,0.19910171303684307,-0.34445808963882324,0.18132693144792064,3441,-4.335098432627478,3.492726481462434,-11.2451613823824,3.309464542157795,3441
Labas,2021,6,0.3251428628978106,0.19010131829718382,0.3793017783153296,0.27376942931291565,-0.2882557304897914,0.14370146990148264,2782,-4.158955109040581,3.3899805344128677,-11.09964571537249,3.3284431216881596,3441
Labas,2021,7,,,,,,,0,-3.160845715308583,3.284452425298007,-10.571530254742324,3.2237270868284886,3441
Labas,2021,8,0.17261082844601736,0.11979086761621649,0.13398797671672785,0.10304558316236322,-0.1528639841983224,0.10705401645482872,72,-4.601796065680078,3.341458463842532,-9.81724885287534,3.8459882595441983,3441
Labas,2021,9,0.397951188759864,0.27621651217626886,0.2869632447481314,0.24067729483003733,-0.40111298165545367,0.2148020699715068,3441,-3.5131302911855724,3.4434162027726836,-10.892610389255333,3.1978342570622553,3441
Labas,2021,10,0.4088801541882886,0.26595554524535847,0.29589318540092996,0.23699838754889999,-0.41472241616381395,0.20737384555202823,3279,-4.590316465059663,3.3552349786691362,-9.749222261792712,3.8684569456157396,3441
Labas,2021,11,-0.03415095441353818,0.07138547024472318,-0.712505205689619,1.0367190291861392,0.06350342432657878,0.10028177159209749,3,-3.8214866307796016,3.4192090405246534,-11.210088649965497,3.2495773461403235,3441
Labas,2021,12,0.3930273605891384,0.26900114854125234,0.26211033628334174,0.22210879571586378,-0.40713982507367946,0.21299267261165783,3441,-4.6359872146918475,3.2982487177943725,-9.889775431933367,3.9415574626429484,3441
Labas,2022,1,0.3161787658367758,0.21757139916881374,0.21372467275769538,0.1639264028141238,-0.3161020762143294,0.17301267270113058,2886,-4.712146765009,3.4487671904145936,-9.829401073487718,3.9443389022598088,3441
Labas,2022,2,0.3528819961757754,0.24662036544377586,0.24634974016063085,0.20310867052755177,-0.36538840437210346,0.19767541957835053,3441,-4.625988202990153,3.4166876108124913,-9.732089368448401,3.979077310339105,3441
Labas,2022,3,0.3531441498061618,0.2515149208511747,0.253568123825086,0.21816936752762484,-0.37679756189980085,0.2017030599304586,3441,-4.772311015774388,3.3086293424073694,-9.754966325116314,3.8670232509213713,3441
Labas,2022,4,0.2623133294830991,0.20022763070607139,0.24150457826908667,0.1756319141620569,-0.23540443890195323,0.1657887353841359,184,-4.525566865153614,3.3028119346021154,-9.731397100331833,3.8758081587348663,3441
Labas,2022,5,0.3673029454298729,0.25805584627171213,0.27682876886324115,0.22432761279928415,-0.37443433787641534,0.20098750143067354,3441,-3.9230696653107717,3.2483624824443873,-9.4454427298913,3.792891654271178,3441
Labas,2022,6,,,,,,,0,-3.9565051841265126,3.3335770423778404,-9.522545406122582,3.8610361964747977,3441
Labas,2022,7,0.39902550163272504,0.273733868217602,0.28650411423124406,0.8204119961136237,-0.4014958541281618,0.21567260702306612,3441,-3.883007448509258,3.2877308360636652,-9.291008447751343,3.7212793341151036,3441
Labas,2022,8,0.3802815509467302,0.24604677445129317,0.2845279473269529,0.21075168072765127,-0.3717041428835024,0.19103684991858616,3441,-4.488711003176101,3.2828061175620666,-9.637638069271404,3.8154980982939564,3441
Labas,2022,9,0.370871386008314,0.22917658478600209,0.29853793202018536,0.34794656409863084,-0.36652313315204726,0.18422263346636045,3197,-3.8012906253435914,3.319379845375101,-9.212571112811455,3.6478001252149905,3441
Labas,2022,10,,,,,,,0,-3.508841548918187,3.3881200233275557,-9.0877194009652,3.7529005252410514,3441
Labas,2022,11,0.3458003032756947,0.23437596635320185,0.23129701130043034,0.1880178071626387,-0.34102403744979654,0.18486522673859734,3236,-3.3488865895156152,3.352289700548804,-8.977615947303573,3.5495914287330286,3441
Labas,2022,12,0.3911760543042366,0.26255956001781183,0.2707015928842248,0.22488768374438317,-0.3959990558255773,0.20664326581518472,3441,-4.46146895733586,3.3583059545889773,-9.646049617393706,3.7903216012196252,3441
Labas,2023,1,0.31983027627828303,0.24538979369016298,0.21882106046794667,0.17058213283997403,-0.29948861997210147,0.21000922259572052,184,-4.562231322623321,3.423415078785481,-9.754800490029227,3.855517309854439,3441
Labas,2023,2,0.2286873196717351,0.09802298028242361,0.17446364369243383,0.07028979420669629,-0.19951587496325374,0.07814671122477804,32,-4.478577090670522,3.4437410669162496,-9.65988538094001,3.8841489264102553,3441
Labas,2023,3,0.31092100211333,0.2100708288088006,0.22879086086561093,0.16994443724072733,-0.3407322059973546,0.17073769633462602,3441,-4.541959323435433,3.523352650851517,-9.695811010542858,3.9491861014344187,3441
Labas,2023,4,0.33614955969561844,0.22147113421567255,0.2562041794680639,0.1813752742898827,-0.35473637091987453,0.17195735436545062,3441,-4.277277307690088,3.567454240093354,-9.60130486846301,3.8599443661507133,3441
Labas,2023,5,0.3683644226619416,0.24683523677231578,0.30518608102243683,0.224859252624904,-0.36856625287331357,0.18990851800588796,3441,-4.201076841260988,3.6180768873556635,-9.560303228032796,3.969207805670323,3441
Labas,2023,6,0.4136145900566353,0.3152736174129807,0.31402119994824884,0.6467169190231772,-0.42120071657029756,0.24259567723689124,3441,-3.556154657386769,3.293152227644914,-9.067326295145419,3.656880485174635,3441
Labas,2023,7,0.3774787235239174,0.2771088506575025,0.26684292971298385,0.283321505665442,-0.37866763534692843,0.21378613870955052,3441,-3.365357004701418,3.4996648520488227,-9.071811141040548,3.7813804561480584,3441
Labas,2023,8,0.28894719136483593,0.1771983444174997,0.26013872847004643,0.17912618145139836,-0.28995239084941904,0.13606250954845098,1648,-3.7301014577819,3.5353201240228493,-9.304116238674784,3.7921911374272104,3441
Labas,2023,9,0.3952692739616922,0.27518144600727423,0.26492088094990535,0.2445054304206553,-0.40116507465154494,0.21309303734518986,3441,-3.585063979574283,3.392066372149641,-9.143484273498565,3.7146631262765726,3441
Labas,2023,10,0.2726688684516585,0.18988419079649688,0.2395214670287445,0.1844302369511205,-0.3037607857236637,0.15838230009109178,625,-3.2582505565221735,3.4593288113108893,-8.940956933294528,3.678886696839671,3441
Labas,2023,11,,,,,,,0,-3.7852352939483986,3.3981235488246195,-9.240837373628148,3.67914632843672,3441
Labas,2023,12,0.40366132579551456,0.2677035202506488,0.2672417616912584,0.20524982935646455,-0.4260938568762281,0.20627245046408893,2362,-3.7235541075673235,3.4806608507826864,-9.197896284824488,3.694684917491373,3441
Labas,2024,1,0.0073479920160025355,0.0200404300794488,0.0067706193774938585,0.022261528198289124,-0.005260212719440461,0.031534768385906485,5,-4.269788126785051,3.4640152804276227,-9.524878927132745,3.8683196110370215,3441
Labas,2024,2,0.33537406964271693,0.2130414643497642,0.23108675836172796,0.16453100604891335,-0.37209943029782305,0.1745675994569335,2390,-4.177314912026122,3.449918728801815,-9.56662821475243,3.8137516985425193,3441
Labas,2024,3,0.3283735247867307,0.22131697957722057,0.2400120528075862,0.17442121195546847,-0.34004505227457227,0.17463182461616028,2340,-4.313213405377446,3.554867260967587,-9.48871179546568,3.859585752977066,3441
Labas,2024,4,0.32044711639071854,0.2517985478451896,0.23242922152190612,0.20569260670554518,-0.3632958490434897,0.20548320680191778,3441,-4.457815104244033,3.7070147483840303,-9.769754973321103,4.049175305827569,3441
Labas,2024,5,,,,,,,0,-4.355681505689617,3.585846935261002,-9.57690446284907,3.91181215454626,3441
Labas,2024,6,,,,,,,0,-3.9611698144717216,3.37144849024493,-9.240622856848,3.692553362463906,3441
Labas,2024,7,,,,,,,0,-3.539513247738484,3.5049804986916198,-10.817091889025532,3.4321356533359095,3441
Labas,2024,8,0.3276662861811451,0.20323963254060382,0.28593093295373473,0.20019309367097327,-0.3217905776091096,0.15700736389483771,3438,-3.3827047855544508,3.553997292943815,-9.05557340616184,3.659641477264733,3441
Labas,2024,9,0.3949780770085422,0.27582711364251894,0.2794085827820206,0.22499586029282154,-0.39831631930236555,0.2108713594164485,3441,-3.950747296820748,3.507164054616037,-9.42304061926103,3.910964257759121,3441
Labas,2024,10,0.38928457711553766,0.2809112361769092,0.2848577339717085,0.24540497070946654,-0.3951679132368264,0.21776251807825522,3441,-3.821843377246302,3.39217878325813,-9.210434646676976,3.6535220395546264,3441
Labas,2024,11,0.3669917484633668,0.245666268232802,0.2548845204211007,0.19949177146341587,-0.38582665586898596,0.19390870179569827,3441,-4.356643552264062,3.59571544311205,-9.658270314113889,3.896384341597641,3441
Labas,2024,12,0.3363380239931191,0.25724898787991823,0.26283339735967487,0.2337983117015942,-0.3272816413932775,0.20761873591555977,1874,-3.189978186469506,3.329077996839094,-8.741407677410873,3.574291097023498,3441
Labas,2025,1,,,,,,,0,-3.939543588693658,3.413699555344583,-9.414083661199212,3.8204226921415048,3441
Labas,2025,2,0.36239309607283665,0.25371485223885587,0.2681226352504193,0.22538878019648279,-0.3699485952427524,0.19859964381297684,3441,-4.337045262881756,3.5301431646978005,-9.529850814902124,3.8883063202374184,3441
Labas,2025,3,0.34466193936156825,0.21515909492849797,0.26496147986570723,0.18494097926567227,-0.3621445498496499,0.16717548150747347,2960,-4.350209422528346,3.433293760078669,-9.453739587459028,3.894727226568769,3441
Labas,2025,4,0.30977657817814525,0.19946547303985232,0.24625344893600168,0.17035366226649903,-0.3349013623630425,0.15790780398331425,3375,-4.647440665672697,3.597008611752507,-11.905999734813706,3.402388044888662,3441
Labas,2025,5,0.31086888235666627,0.2459065817847687,0.24128227965523402,0.22771764974927122,-0.334382331493095,0.19727897788084173,3441,-3.839899586112937,3.371507491133412,-9.1715430611118,3.716702568677148,3441
Labas,2025,6,,,,,,,0,-2.3682808213185433,3.4988971326937346,-10.14326014023938,2.9783842022182223,3441
Labas,2025,7,,,,,,,,-3.690461525570928,3.2933410293315775,-10.642051865648506,3.180172186060477,3441
Labas,2025,8,0.355119839924238,0.2679397422992244,0.24994068998354746,0.2281525438955623,-0.36198943913711223,0.20640304710899524,3441,-3.574955889832661,3.386757173742645,-9.333816851120876,3.7143136594381163,3441
Labas,2025,9,,,,,,,,-3.1192186142148994,3.263795689773827,-10.353625842133269,3.030004584315817,3441
Labas,2025,10,,,,,,,0,-3.7012571792568605,3.4481336394554183,-9.336036335694809,3.73538403854843,3441
Labas,2025,11,0.3758562964814065,0.2725782956029461,0.24087604998148957,0.2100882088436099,-0.384850332494844,0.21120766352968168,3441,-3.4388938913061167,3.364575391546574,-10.568182926457174,3.027121664879097,3441
Macabling,2020,1,0.49007915215979503,0.27960771824922187,0.32641110421772945,0.21233292576415264,-0.4676730417122169,0.21584189123780703,6123,-6.251996217933178,3.9431246227611925,-13.452635406727484,3.2296925859642074,6123
Macabling,2020,2,0.4288801132031432,0.24648007169823033,0.3147131817819045,0.19969499146975234,-0.43324038756651295,0.19110809895067352,6123,-6.649128800297003,4.158922751051516,-13.933609522649089,3.4462377425656556,6123
Macabling,2020,3,0.36454386544060624,0.22825696906209544,0.26300749174709787,0.1908704031047692,-0.3877394936175013,0.1821111631900134,6062,-6.7741820141349525,4.156692624142625,-14.066809001651151,3.597573037335487,6123
Macabling,2020,4,0.3199064397420634,0.2148529101424807,0.24376105801423031,0.22507104546286202,-0.34898238342911675,0.17436776741674292,6123,-6.965967655939634,4.331484871803557,-14.196995721436693,3.6475586389289174,6123
Macabling,2020,5,0.4528421948865626,0.27614374397566677,0.33414434462847653,0.23017342475454095,-0.4222148584455956,0.21158589066890335,6102,-6.0224533722652795,4.035791980669612,-13.230544059036742,3.2346601403515707,6123
Macabling,2020,6,0.5769225367078236,0.2819891085853926,0.4458620544447983,2.3928029909778705,-0.506878185350117,0.2234422472442675,2734,-6.397931645166816,4.090373443734138,-13.663507704424836,3.332484853943268,6123
Macabling,2020,7,0.4722797909628182,0.28750222198040143,0.37048519988760487,0.24943517555107889,-0.43841281309497454,0.2213468765576667,6123,-5.973458852657003,3.0944584916740077,-11.788858901551748,3.2772748453548726,6123
Macabling,2020,8,0.48474770162470493,0.266824075324816,0.41955961234232814,0.346529722387222,-0.4466729267024045,0.21078027355447518,3899,-5.888552848459672,3.7908120601493387,-13.12915874519113,3.2306814464100806,6123
Macabling,2020,9,0.5000299774143411,0.2625390491674283,0.34058525064830436,0.21671458060810034,-0.4574299138250139,0.201632510926911,5999,-6.236586122759353,2.926686720855788,-11.851503234820855,3.2044240961847,6123
Macabling,2020,10,0.44068196431694157,0.1682338323240107,0.3710371099072415,0.15589188671158916,-0.3942913018531216,0.12631936864240345,1923,-4.052017218257271,3.8419849097109964,-11.638464688583074,2.738554187495436,6123
Macabling,2020,11,,,,,,,0,-5.4352797695601,3.6951482675298477,-12.695442146071793,2.9059494837624755,6123
Macabling,2020,12,0.4981164859168942,0.28236378584370725,0.33858643121042614,0.2291773813987725,-0.46954135026997335,0.22130347243657195,6123,-5.589914739467097,3.737307094340655,-12.913717137927984,3.040637359348233,6123
Macabling,2021,1,0.4727938568894542,0.2389970182686378,0.37408082370471096,0.22616412606282219,-0.4334785066940911,0.18743568056115312,5658,-5.857343662398315,3.8891480481482454,-13.412338773501691,3.3237548577923195,6123
Macabling,2021,2,0.5052703241345168,0.288241898951283,0.35661931321521767,0.23317128662047754,-0.47796112318428374,0.22284940783580845,6123,-5.133300606100194,3.9413871365555515,-12.759331466132869,3.1753267224609867,6123
Macabling,2021,3,0.034008761096629314,0.04120816879468742,0.09928305010544136,0.12952419597358708,-0.022139295702800155,0.04357040687532252,8,-6.314299782824163,4.049408055698357,-13.721333997457046,3.270598238746905,6123
Macabling,2021,4,0.3643178873066342,0.23764410403507646,0.34094654540947583,0.23412660192733548,-0.37374457680385476,0.18320277170811888,3156,-6.425429423038415,4.146225225858204,-13.782151577528081,3.4631873078780258,6122
Macabling,2021,5,0.3455863317873059,0.2255052614367722,0.25251473372793937,0.19097856890898116,-0.37129866973216274,0.18272372633515666,6123,-6.576572843407205,4.239824618286476,-14.047068412964293,3.7379895806186414,6123
Macabling,2021,6,0.2773995433341374,0.13258690316830846,0.39887053240090625,0.2203404281836376,-0.2290576396256008,0.10829184219189394,44,-5.9028444526627375,3.880736795180832,-13.412276060506173,3.247965778910969,6123
Macabling,2021,7,0.49052190195236894,0.1130812890439534,0.7617575446409838,0.31121838969480414,-0.3770317445908274,0.08250409090127675,28,-4.916459557177859,3.928450375446267,-12.501171033209493,2.956428616579523,6123
Macabling,2021,8,0.5859815865842393,0.16231129124326282,0.6385313056453017,0.21020863347547403,-0.48822460790688643,0.12269672838279423,128,-6.393889923266559,3.1483475557473337,-11.99371118952582,3.2701410748736914,6123
Macabling,2021,9,0.4755753030234521,0.3046392233935393,0.3471734677542949,0.3991832173617333,-0.45151930204318275,0.2379385537396681,6123,-5.2972552558192705,3.8054374609251043,-12.743258458842238,3.0908934769967096,6123
Macabling,2021,10,0.48847494902967137,0.3027015821458078,0.3223225511587657,0.24840387585849322,-0.4621140749833617,0.2403823046709896,6114,-6.665623073491695,3.159850483409164,-12.605845817034837,3.8846940590287806,6120
Macabling,2021,11,0.005071842611801844,0.08449076226233183,-0.01720686753590902,0.31162976543326476,0.009982255994583723,0.08546455471611433,27,-5.567034809631216,3.967093734871327,-13.328673189320673,3.262012409066617,6123
Macabling,2021,12,0.49903350668907265,0.2996133725014068,0.34991661839003746,0.23656149991837494,-0.47556990141208216,0.23036288878006678,5147,-6.615795439043952,3.083842011849092,-12.260782918348118,3.4480760095256637,6123
Macabling,2022,1,0.39210232576498616,0.1716152387040216,0.20791627283996114,0.09616621955180454,-0.34653185666180575,0.1324079205667119,52,-6.815391902510823,3.2461750508899545,-12.420451368837822,3.5679674854692003,6123
Macabling,2022,2,0.39919359194681975,0.2621729946829142,0.2808953491668392,0.2157033650055451,-0.395326226954414,0.2134926530715158,6123,-6.7244440339480605,3.2252658114900985,-12.436032789477224,3.762493063642082,6123
Macabling,2022,3,0.4116405863504298,0.2692253630059477,0.31495923143298493,1.7814769598936775,-0.4155637449995585,0.21845024304635938,6123,-6.9056123709916175,3.2126900665398077,-12.573462095748607,3.681968919931792,6123
Macabling,2022,4,0.3750439856093289,0.2330593345656974,0.3814423910439857,0.420576536259542,-0.3556863505206582,0.18610108534676026,3859,-6.734152330309043,3.2333065912709977,-12.312409817047755,3.711733897275581,6121
Macabling,2022,5,0.4580287313764565,0.2981418323819061,0.34484855043725643,0.24993346539124608,-0.428207411198922,0.2313983057439933,6123,-5.823895342408247,3.054700421804607,-11.638471562491505,3.204892803135999,6123
Macabling,2022,6,,,,,,,0,-5.630089409511146,3.0111242903682847,-11.42479835607164,3.257827997625059,6123
Macabling,2022,7,0.5193628914972432,0.33870927791304745,0.33324283408752037,3.0850517856484845,-0.4793979201061309,0.26945086148511266,6123,-5.5920733025894735,2.876334819372585,-11.325715179647725,3.2093468796902656,6123
Macabling,2022,8,0.47607397416303393,0.26656741939178435,0.38717260076854304,0.2489860534702917,-0.4294094794780322,0.20745900240528448,5892,-6.280976880205482,2.893183305196609,-11.788142267339122,3.2689596631703166,6123
Macabling,2022,9,0.36366737158387796,0.1708338879934136,0.37586998528450316,0.18738306786096798,-0.3379828657823813,0.13872343150162988,5098,-5.7323722531385535,3.051460575715895,-11.289104176544976,3.1863365918569264,6123
Macabling,2022,10,,,,,,,0,-5.289087966011776,3.0707636370822535,-11.031275499600227,3.2454966139084296,6123
Macabling,2022,11,0.4621736519534585,0.2839636520380483,0.3409565927079647,0.2453191912390396,-0.4226220860589756,0.2263502131723212,5768,-5.2059175070281904,3.232840204625601,-10.97141322969239,3.292709721772405,6123
Macabling,2022,12,0.48476536489897876,0.303984979905229,0.3474069254881398,0.2644504503462457,-0.4555271463228443,0.24710395464177554,6123,-6.421039678129301,2.9696191427614997,-11.900753130559805,3.3717341086879027,6123
Macabling,2023,1,0.5143787008609934,0.2902156384898132,0.3680286108899312,0.24838212757395753,-0.4707651758611393,0.24088684679831363,4535,-6.557633522306422,3.055445964608028,-12.023183343738193,3.521104454279539,6123
Macabling,2023,2,0.3912446009400628,0.13671573579586682,0.3337382156456745,0.11070678577543512,-0.33935298525565144,0.11098894324567335,611,-6.464535393261553,3.0840326342135835,-11.997627349036515,3.4185930906057136,6123
Macabling,2023,3,0.35393563965904495,0.2389686361159177,0.2630026949449766,0.22504226858323473,-0.37725815205617935,0.20091051480110092,6123,-6.781550754470943,3.194918643511562,-12.261756053497676,3.6564734552932947,6123
Macabling,2023,4,0.41690313209487134,0.24770278160535214,0.3261310199109666,0.21108823041195382,-0.40680367061141864,0.1950337118513536,5388,-6.484175921225745,3.101335511633732,-12.04382350303451,3.5188498108508366,6123
Macabling,2023,5,0.41114196260210195,0.24974335404839068,0.38424463874419784,0.24839687256124932,-0.37475107276470504,0.1952636522708422,5452,-6.39084991305869,3.31836716225406,-12.01876040954869,3.6096979263268922,6123
Macabling,2023,6,0.5072777036197282,0.3699448685570129,0.35537446457952376,2.7138895734924895,-0.47183394289206804,0.2907062328336069,6123,-5.38718976513027,3.002912251250039,-11.191629670587123,3.2201308002084286,6123
Macabling,2023,7,0.46869213375786384,0.3191506474407715,0.35102176575168664,0.4395825439141823,-0.4318087041672125,0.2506187661905946,5833,-5.371194933551883,3.159305971726911,-11.200306441837485,3.2144466320421627,6123
Macabling,2023,8,,,,,,,0,-5.782702176252081,3.2232092351764305,-11.523254892225264,3.479741047415147,6123
Macabling,2023,9,0.4670235966015629,0.3167267216917832,0.33530262755620965,0.5279419803286349,-0.44014663541409016,0.25107990038748795,6123,-5.478018008175862,3.085292010616905,-11.393686096535449,3.4528727966328607,6123
Macabling,2023,10,0.5087424340322365,0.18762734973025663,0.4024578443029112,0.15810417423303327,-0.4374747347550763,0.14798447440403684,297,-5.087404863463861,3.139148509664634,-11.041083340109783,3.3169801354496515,6123
Macabling,2023,11,0.3828426594142664,0.17070000416535086,0.2721342862686527,0.13467447521871911,-0.32489385488977657,0.14901738320715005,1311,-5.471191782424945,3.2291742113440205,-11.258555947203423,3.4084334919934336,6123
Macabling,2023,12,0.3743669790686062,0.19383260839799563,0.26049391130483385,0.17310310573196458,-0.38405500658520375,0.15458382779606625,101,-5.5057118807216465,3.1776482664220236,-11.296634505628486,3.415719595381591,6123
Macabling,2024,1,0.0022034631139831624,0.06758384129591985,-0.005771811181330125,0.16180395387968327,0.005167579589033267,0.07328805400836133,40,-6.457343874477909,3.4719267857178133,-11.936510059376948,3.7049673005669295,6122
Macabling,2024,2,0.399529211064812,0.23675192194778114,0.28550364890927815,0.18380551396069195,-0.41663551350847533,0.1994723438362751,3179,-6.447818418898176,3.3981159305504036,-12.08085340375737,3.779464247271697,6123
Macabling,2024,3,0.305446425574778,0.2539469314125401,0.21630463291934807,0.2190400369096117,-0.32603690404932445,0.21207845781974535,1220,-6.485919429914686,3.6150529487988736,-11.935932665645973,3.71616037058263,6123
Macabling,2024,4,0.30793292755551654,0.2610630583556044,0.18146265107647516,1.2329269186946838,-0.3601575891524099,0.2367502262934595,6123,-6.710273185728305,3.653829362841674,-12.445448006467542,4.120463502869359,6121
Macabling,2024,5,,,,,,,0,-6.677163371761682,3.6686362740313796,-12.234072505865264,3.8855121446236125,6123
Macabling,2024,6,,,,,,,0,-5.989953661745119,3.371075037215615,-11.608237613335959,3.489020205099857,6123
Macabling,2024,7,,,,,,,0,-4.654477246434207,4.192526172725015,-12.628007287378917,3.5953611522618223,6123
Macabling,2024,8,0.401441479679365,0.23418943338436088,0.3891152178197385,0.24575314990458963,-0.36840314937594754,0.18047782164466633,3839,-5.183300424478629,3.5373163631022613,-11.104367773782766,3.4120449081180215,6123
Macabling,2024,9,0.45244047857888364,0.33396180472954395,0.3201930079392031,0.2806335827237062,-0.42124262604021456,0.27276479132276005,6112,-5.764633832975094,3.43587431737859,-11.679526125897636,3.653372612991474,6123
Macabling,2024,10,0.45470758272469364,0.3348096598072236,0.3685614640762763,1.6603706180707052,-0.43092944421808616,0.2728905363200132,6001,-5.345260005099163,3.288075297442255,-11.23678154307052,3.3150004536801574,6123
Macabling,2024,11,0.42525443390102735,0.3023274302863851,0.30780881328370957,0.2716036766815072,-0.4197504440705326,0.25006055782121067,6120,-6.321065851847453,3.514309494374116,-12.100056088240635,3.7626987450755487,6122
Macabling,2024,12,0.45852594673199065,0.29291719391944326,0.35884014387397145,1.4252123481507055,-0.4184347238183558,0.22987622198956376,2379,-4.88262619626259,3.382218951515856,-10.794675951060063,3.3377398887537106,6123
Macabling,2025,1,0.3403014330303151,0.29733917557580897,0.22687585230554944,0.3649290779694981,-0.32885703201597594,0.2773606131195938,751,-5.827415723653264,3.334385881160697,-11.741274730875636,3.6034502195507403,6123
Macabling,2025,2,0.42414486795434575,0.309090860423215,0.34206714036486013,0.7149442666337343,-0.40446818941617335,0.25557670482405165,6123,-6.304345906851724,3.336793980294518,-11.874161170143624,3.6195134873051815,6123
Macabling,2025,3,0.390453005985915,0.24820018258565624,0.33680763876019676,0.26490119095513004,-0.3806010108206768,0.2066517083840297,3616,-6.22227609552905,3.3430507380668475,-12.014754215190269,3.67616064251479,6123
Macabling,2025,4,0.3334631794851931,0.217087960429126,0.2677463430935485,0.19117875020850167,-0.3582622436928523,0.1876217708597129,4170,-6.129399122362208,4.412307623938787,-14.20483118828053,3.6354481198792485,6123
Macabling,2025,5,0.33251647948950896,0.28190022517117364,0.24978011592025268,1.973694273252898,-0.3416405577390685,0.24236970012605516,5968,-5.838564288331223,3.3938221135583757,-11.574011893157177,3.4695077812166897,6123
Macabling,2025,6,,,,,,,0,-3.325679764862797,4.285789361112832,-12.063328482548766,3.1707002429370763,6123
Macabling,2025,7,,,,,,,,-4.862267781694459,3.8832591531348966,-12.627034581515648,3.414425313863857,6123
Macabling,2025,8,0.4130176127688965,0.31535188836899136,0.6091432459721472,12.135091708261648,-0.39245735869933407,0.24949699742600845,3863,-5.400233817830243,3.3363127523999694,-11.465188786784118,3.4011559652103824,6123
Macabling,2025,9,,,,,,,,-4.276809122321341,4.093154327805785,-12.312608379046257,3.1562326207334284,6123
Macabling,2025,10,,,,,,,0,-5.596410399971014,3.2799237831241,-11.631128480879413,3.373958517992963,6123
Macabling,2025,11,0.4624925894465884,0.332481489315556,0.3165414956765466,0.2811714940782327,-0.43212239473094716,0.27122591667762797,6044,-4.813333146560174,3.949004683768064,-12.71393138747747,3.2273848708474495,6123
Malitlit,2020,1,0.5535013861119072,0.25226117933258924,0.35333964984478144,0.17391798709652517,-0.5072476362857724,0.1849113214457533,14070,-6.979745056166118,3.6772138269893953,-13.460977808129975,3.248470903420058,14253
Malitlit,2020,2,0.5405942390819279,0.24275483944998724,0.3934643220409326,0.19289213597386917,-0.5014201541489854,0.17492473846086565,14252,-7.558595502847441,3.948700994574175,-14.13545001810867,3.3908316981106528,14253
Malitlit,2020,3,0.463254131721689,0.23141128780525447,0.32156614205324896,0.17201942131246217,-0.4516267176078941,0.16980182099705915,13608,-7.866293612212958,4.150543763694688,-14.335017398586528,3.6446014536566738,14253
Malitlit,2020,4,0.35495986015693726,0.22437473514585457,0.24902767517157287,0.1660773362843911,-0.3717155113199768,0.1772085613145449,13969,-8.368287131636738,4.438573682066308,-14.970055217953265,4.07986629379822,14253
Malitlit,2020,5,0.5089528713677509,0.24888760522459616,0.38213919628605686,0.2116438366296544,-0.4513462165656571,0.18204997571571227,13157,-7.118862115131274,3.8255620125128584,-13.706346616916603,3.4411683736267795,14253
Malitlit,2020,6,0.597818433518278,0.2709210477031226,0.4854021685683379,0.24399061721748871,-0.525825523056338,0.19586843475369534,13744,-7.600366898107657,4.043299457661507,-14.232249095510337,3.4770529658789195,14253
Malitlit,2020,7,0.5811697114958422,0.26748820055145583,0.49617317319546783,0.24477000633724497,-0.5008297271950195,0.191002301667778,11128,-6.472567253860741,2.986345170691353,-12.302340634831149,3.3182553150541216,14253
Malitlit,2020,8,0.5938577417094154,0.25445454198749334,0.4852825296334887,0.22346006206004293,-0.5236043658998595,0.18378529643260816,11250,-6.767080478500746,3.626345681469712,-13.307803742609106,3.1089556819472604,14253
Malitlit,2020,9,0.5352363013842085,0.22606386411617319,0.44619722538932355,0.1968738617449459,-0.4802183084423561,0.1717743960604255,13848,-6.768428941873994,2.9898847055304456,-12.556806229399115,3.381480915683422,14253
Malitlit,2020,10,0.5457797460943791,0.13227499516883515,0.5544619552634087,0.11233117786197369,-0.4708392211780578,0.10659905313795735,3862,-5.030648694501433,3.4637756551286794,-11.643680808806298,2.587926734350326,14253
Malitlit,2020,11,0.4236874118701595,0.09112805079203445,0.46967922552860647,0.15358862178706154,-0.3522316206945898,0.0772922278672583,1465,-6.444971370996779,3.5876475907183902,-12.83420740506564,2.886500809174542,14253
Malitlit,2020,12,0.6205231721760065,0.2730549670043377,0.4470273864569447,0.2275654979249199,-0.562423703387862,0.2031022017416903,14249,-6.656792291837661,3.665841301871826,-13.205616399836362,2.991491359040896,14253
Malitlit,2021,1,0.5793624173258933,0.22518485055056867,0.4654794527937426,0.20616835514185133,-0.5131401670802652,0.1688408148070624,12082,-6.88613655423265,3.686696882444935,-13.635350192652448,3.1532986746698692,14253
Malitlit,2021,2,0.6060407216506377,0.2761348257947017,0.4606776382767724,0.23577378240692928,-0.547708719394534,0.19889740673525097,13905,-6.0471618467311545,3.7411600995722916,-12.763122187786454,2.9087780155835525,14253
Malitlit,2021,3,,,,,,,0,-7.691181488933303,4.154917566796802,-14.382244645155629,3.6083659211581574,14253
Malitlit,2021,4,0.4199557511459093,0.21341719628165406,0.36981767352428563,0.21368332240796895,-0.40799510229525887,0.16487125478523795,7279,-7.788657516400836,4.206086702121873,-14.620118243570435,3.8578529964972175,14252
Malitlit,2021,5,0.38132694857786614,0.22647537644184274,0.2665416578142654,0.1735097152905443,-0.40677067781808923,0.17744226726665027,13183,-8.29495597537509,4.532709742704272,-15.198278870752828,4.274931259928761,14247
Malitlit,2021,6,0.4162730829269164,0.10826625665013066,0.8299813584030935,0.22908790384602773,-0.27953463157665703,0.11322709717071028,2799,-6.72255636523583,3.752598728534795,-13.703733079069218,3.25715783633145,14253
Malitlit,2021,7,0.7049258532217942,0.20625400958698184,0.7065008036712568,0.21535284204195426,-0.5879143429369335,0.1689859096762418,4794,-5.872851363483201,3.4708705048751676,-12.796580304132586,2.9032690975748645,14253
Malitlit,2021,8,0.5625600408070648,0.23805010665442147,0.6193882464648134,0.2722181308604897,-0.48504054844329614,0.17682343956361357,13319,-7.091374023866762,3.157174750602538,-12.853821556233664,3.536158038031666,14253
Malitlit,2021,9,0.6393069596454062,0.2840914989352996,0.48860805135852414,0.23668568599272197,-0.5681252823391425,0.2067230532787188,14253,-6.778616282903853,3.842969846647911,-13.337097464276388,3.132433236827148,14253
Malitlit,2021,10,0.6155837699783848,0.25675565153068935,0.4586955233275782,0.21931958108780478,-0.5580147790493121,0.18807541846567646,12299,-6.866103089582579,2.979611365760893,-12.570302200193574,3.491187439074721,14253
Malitlit,2021,11,,,,,,,0,-6.130197672265599,3.570307284546072,-12.742169611557157,2.8095081525892036,14253
Malitlit,2021,12,0.6246859739128305,0.2776153403714252,0.4587086230643629,0.23086537933800322,-0.5701953626858999,0.20552938253225453,13544,-6.7401375219563855,2.911635980571125,-12.48722057892377,3.377622200150513,14253
Malitlit,2022,1,0.338020418183624,0.16299652807418197,0.29317134300376085,0.37126079745472446,-0.274472609163458,0.12366289566428679,723,-6.7397066117860955,2.9818301062695185,-12.602398485687871,3.510965528654322,14253
Malitlit,2022,2,0.5568645471086753,0.25564539844816114,0.4041735024516148,0.20739991649082956,-0.5063605127772302,0.1862515585121354,14253,-6.9311818867999735,3.04523267315732,-12.659215553811222,3.5300616462672747,14253
Malitlit,2022,3,0.5319323692128448,0.2596653615867848,0.3930079454505695,0.48364705193846386,-0.4962184393630247,0.19220474961151146,12193,-7.271191186026666,3.0439868427343484,-12.951488682074983,3.562582200685142,14253
Malitlit,2022,4,0.5008309552385082,0.2206962379950766,0.42702674621035014,0.1947930659019381,-0.44919131747970253,0.16997949297210457,12662,-6.506928893495316,2.820914094095838,-12.329050232078874,3.315091031527923,14253
Malitlit,2022,5,0.5832870994673104,0.2663881149400974,0.42625883466622927,0.21121252099872817,-0.5159960248656205,0.19462123365171818,14207,-6.519879907129114,2.9270622114616818,-12.435859668672398,3.3253097424737494,14253
Malitlit,2022,6,,,,,,,0,-6.143526027502774,2.981685692158067,-12.131328551542136,3.3513850899770277,14253
Malitlit,2022,7,0.6452971011115823,0.3064937234733596,0.4807873252294397,0.24759048957336552,-0.5754231793795854,0.22635443230679278,14253,-6.015902986118089,2.8766232215840137,-11.991175411776346,3.185229444698742,14253
Malitlit,2022,8,0.5735958767294034,0.25103326222951083,0.4993661262174253,0.24391097830726216,-0.5039284510424009,0.1868255495846228,13535,-6.35150392063883,2.8061107497007827,-12.096544780870447,3.1862332609572745,14253
Malitlit,2022,9,0.5897819691695835,0.2650181811740165,0.5234280547209953,0.2820912379656611,-0.5206819448614778,0.2011826229417984,9571,-6.223750750838754,2.9700927317283905,-11.887654971880783,3.246685336032615,14253
Malitlit,2022,10,0.5713416321413529,0.1297899467569324,0.5796185456517972,0.15323004789034447,-0.48443581550431286,0.10725814699014936,1797,-5.896303873141649,3.000559287088294,-11.506331491774239,3.2697399503944076,14253
Malitlit,2022,11,0.2986836112669478,0.13137302003257137,0.2611556201694011,0.1445040012868112,-0.2770020995506092,0.10542073895020772,1030,-5.471927818745246,2.8950142806499573,-11.248648737595943,3.034606465458507,14253
Malitlit,2022,12,0.6291952030856386,0.2809549384480345,0.4913439913864667,0.25514561212680653,-0.571219100085924,0.21133958966079533,13717,-6.484148216286133,2.808510599487646,-12.255297966486273,3.2803122957303725,14253
Malitlit,2023,1,0.6478611794836145,0.27011328200030005,0.4805276810243411,0.23761000471355212,-0.5880297414330912,0.19992935779090135,14198,-6.647067980134043,2.98140711723115,-12.468074471794091,3.483726391747564,14253
Malitlit,2023,2,0.37189365174319283,0.023958976272710816,0.5098898840917119,0.04410222484432108,-0.3073452810983399,0.02154565207346172,185,-6.542721896998631,2.9433895196755024,-12.422778582959388,3.451882106221927,14253
Malitlit,2023,3,0.4463272210423627,0.24418226116650765,0.32316598289104614,0.20131918301386934,-0.4432824252305529,0.17883016167531163,14249,-7.510066177745398,3.357042231573168,-13.266754535827912,3.971374090707757,14253
Malitlit,2023,4,0.5018785297230772,0.22841985835938827,0.36566457314128514,0.1861550330608203,-0.47123786648038146,0.1704897748176907,14213,-7.353714018148954,3.3250150033081254,-13.300694686323798,3.9501981079912207,14253
Malitlit,2023,5,0.4476209406259835,0.20136865280394245,0.43440079406224696,0.22079449437724258,-0.39856851664597276,0.14538847887524992,9520,-7.504139165446139,3.4970378476010078,-13.270889446222485,4.029706596361534,14253
Malitlit,2023,6,0.6423062987434228,0.30956203325796106,0.5194888594481943,0.27541746906575987,-0.5716523333028738,0.2280214809565482,9418,-6.662752164701648,3.0234192892728147,-12.70404792871464,3.440413029049514,14253
Malitlit,2023,7,0.5311851832943795,0.30772105267273364,0.46274534502540615,0.2976084180006513,-0.47989322660815,0.22696511649291432,7586,-6.472549065089699,3.1980082192943393,-12.380675018200778,3.463353597886153,14253
Malitlit,2023,8,0.5093035449814897,0.11669765801744238,0.700245514097043,0.2074169511138501,-0.3980891642978093,0.10181363269269467,754,-6.746533719709632,3.297198118073224,-12.610044207254212,3.5573501314240534,14253
Malitlit,2023,9,0.6408975739043196,0.29131554212381716,0.47114427146267873,0.2689803151900508,-0.573197195853719,0.2149845698931902,14253,-6.333666286021038,3.0904377347860748,-12.126166044412823,3.3409950117773155,14253
Malitlit,2023,10,0.4433909470943773,0.11465285917588437,0.3978112200824307,0.10005558564018954,-0.3816751958253097,0.0899587944158638,3120,-5.912668432868388,3.1291773756629753,-11.801189701183983,3.3279849666351087,14253
Malitlit,2023,11,,,,,,,0,-5.897974385803676,2.8995409418799576,-11.69491475051288,3.2103748546122945,14253
Malitlit,2023,12,0.5222781717777252,0.055296344073519674,0.5368830837309362,0.0542126397008324,-0.44440341740846634,0.0494261707244454,40,-5.983152576586769,2.92575555353938,-11.831057027366837,3.278804516620367,14253
Malitlit,2024,1,0.6394918328692307,0.16631089116088268,0.490334224042791,0.15549728562548715,-0.568749276786294,0.12815657524800625,4784,-6.659421818378362,3.0706341584983634,-12.32430653968804,3.40891336498558,14253
Malitlit,2024,2,0.4783265500837008,0.24510169047731853,0.3156358775763873,0.1841941246798295,-0.4759665188219541,0.18177872976196816,14253,-7.067345694483724,3.2845975905976452,-12.942723081688358,3.769317964563241,14253
Malitlit,2024,3,0.41396341485091875,0.24038772441014666,0.272023571598235,0.17481256439719386,-0.42232361684159664,0.18384541019832668,5054,-7.524466570011742,3.51828674863946,-13.0617534134312,3.9059531983651654,14253
Malitlit,2024,4,0.3409404155576867,0.24467745153319234,0.2136211339683058,0.1734220818344954,-0.40523695201147863,0.2008786350881315,14253,-8.247143813514107,3.8706890458498524,-14.366091929591708,4.730718950170306,14247
Malitlit,2024,5,,,,,,,0,-8.193285913699382,3.786525708684865,-14.122327794646857,4.446698793857249,14253
Malitlit,2024,6,0.7931665383376083,0.05291414190214609,0.8364596765536767,0.09877036018021013,-0.6929591170379091,0.04701674899144434,77,-6.4493035668170355,2.9436362199367885,-12.323921624801073,3.305535735847966,14253
Malitlit,2024,7,,,,,,,0,-6.16611580407229,3.7902619471746157,-13.038145143850297,3.332904410593652,14253
Malitlit,2024,8,0.6305396743031112,0.11393570612299977,0.6771321946733141,0.16992334848923146,-0.5302767141426311,0.09555652247879493,425,-6.155206657593605,3.2670890934373937,-11.981207570711108,3.3400486528378215,14253
Malitlit,2024,9,0.6315619825838868,0.2965076359066174,0.49853837876134444,0.25107249176914054,-0.5614830504358354,0.22486318652220444,14075,-6.607339270284235,3.2371418373825276,-12.555062922499824,3.5753867513821205,14252
Malitlit,2024,10,0.631993949676481,0.30608903298801815,0.4997863796694247,0.2622644337638348,-0.5661913806353472,0.23453337332730836,14253,-6.089082188227429,2.9473097011668092,-11.65088610248119,3.1334855540416293,14253
Malitlit,2024,11,0.6042450486299957,0.25105102949673,0.4814814637330967,0.21716323765389106,-0.5559584908931873,0.19065411113596376,12706,-6.470990098626384,3.11142976665565,-12.234495684346946,3.4746080576590495,14253
Malitlit,2024,12,0.6805049176687844,0.17542643113875628,0.6319844454658049,0.17699576787957977,-0.5919592104933236,0.1387674127665576,5367,-5.445912613404598,2.8561554744769206,-11.155213777147303,3.1336550774086196,14253
Malitlit,2025,1,0.6858328792250064,0.1872282055922275,0.6327353260092461,0.20650392250738775,-0.6019473006964188,0.14717940033718604,4392,-5.935221533392672,2.892838263461651,-11.92536646446084,3.2893404661442203,14253
Malitlit,2025,2,0.5694054742689347,0.2589980547060245,0.4815818431866207,0.2561990246974718,-0.5106959387418145,0.19446494579697143,14221,-6.650965437635776,3.1473433009729317,-12.458001611273968,3.529349044525932,14253
Malitlit,2025,3,0.558409729432628,0.26522913681723975,0.43449837324638946,0.23054026153691293,-0.5112673968331833,0.19443866914273927,14032,-6.7991380835718624,3.1447535510777156,-12.73014073956321,3.6287803155946525,14253
Malitlit,2025,4,0.4557684525514198,0.2217941399070983,0.3531170713794218,0.19286273313599214,-0.4496664553359721,0.16782970433284405,6668,-8.15210450220305,4.407035109252467,-14.737957014501095,3.772311608310767,14253
Malitlit,2025,5,0.41956765570459137,0.26317908607752544,0.29385669812937176,0.21099559393147552,-0.42207902971252925,0.20520266456318226,14253,-6.697286347050979,3.1909514441335887,-12.404661345613638,3.5280116757764164,14253
Malitlit,2025,6,,,,,,,0,-5.331980884020164,3.875916021338196,-12.182226469515092,2.9717502251464833,14253
Malitlit,2025,7,,,,,,,,-6.113369553111959,3.757306984883278,-12.845767907992302,3.3075016293255817,14253
Malitlit,2025,8,0.5848032376584567,0.29975655250674926,0.48246352075179233,0.26474842600754755,-0.5182523895905685,0.2181144173273697,11900,-6.447651795804409,3.2640006627691376,-12.320240133472549,3.423118674158807,14253
Malitlit,2025,9,,,,,,,,-5.843216524843105,3.9190939279779657,-12.501300745562444,3.045798900132919,14253
Malitlit,2025,10,,,,,,,0,-6.2409775594738965,3.01858873442102,-12.131051668466423,3.3427926103942256,14253
Malitlit,2025,11,0.5924246615228421,0.28377686999781543,0.43608351764128256,0.23716150292729918,-0.5394410960210749,0.21311209226461517,11181,-6.225071347127282,3.7539727632535405,-12.67797826534931,3.081948593060387,14253
Malusak,2020,1,0.23429437321361313,0.23516339735636174,0.1512166640263515,0.15262340312785888,-0.25596695123696445,0.20908347472578542,1169,-1.7340326470064358,4.362904595704216,-11.83626741237167,3.228843038249245,1169
Malusak,2020,2,0.21746474196201754,0.20675005230391555,0.1554974810394276,0.1481667809521551,-0.24574399908211456,0.18803161858134626,1169,-2.0891761068572188,4.483901119865457,-12.234834681829877,3.3189980417052,1169
Malusak,2020,3,0.19150792887348783,0.2117862130748953,0.11526881047759832,0.7446644449538249,-0.22170335714967365,0.1942236585509835,1169,-1.9097794545846252,4.4905911068662325,-12.05040954202699,3.3338631606386158,1169
Malusak,2020,4,0.17343954623271443,0.21020875385670684,0.13498855860618492,0.23782694294092582,-0.1950490097592709,0.19170711832320037,1169,-1.9122324430718762,4.571823491195232,-12.16531272191742,3.351497032207795,1169
Malusak,2020,5,0.2114569234678912,0.25998318361161615,0.16662166122414296,0.2562947494434687,-0.22192635304471567,0.2272717117176377,1169,-1.5171721635319713,4.385316677534696,-11.671350077546702,3.221313961554622,1169
Malusak,2020,6,-0.052388665918260816,0.07703155120282845,0.13861748836934568,0.4615705635247626,0.0846676804125309,0.07640486095567464,20,-1.7090424291193616,4.385767019036869,-11.62414403503219,3.0810810021171156,1169
Malusak,2020,7,0.2168644772798905,0.23960341588595457,0.17510195352695548,0.33784499399546664,-0.22803613207478177,0.21307366425813717,1169,-2.976165693948781,3.48009946810943,-9.443532812483204,3.330825127837497,1169
Malusak,2020,8,0.13493210077285767,0.05938449501991272,0.12717784941196442,0.045389145612716675,-0.15096034482121468,0.07324477657675743,2,-1.425745052931251,4.376681805853422,-11.713108307070916,3.248925585000845,1169
Malusak,2020,9,0.2264891603153301,0.22999383229333417,0.17715390172058673,0.18145694497797346,-0.23387925418532368,0.20516004344502606,1169,-3.773043821178215,3.577072399804562,-9.865047375548087,3.615781506526929,1169
Malusak,2020,10,0.25355191548933853,0.08337366781113961,0.23066796060349487,0.08673843588705278,-0.22731435701653765,0.07720828901611285,37,0.3498326523004017,4.64695714835394,-10.972205413009885,3.099773474502059,1169
Malusak,2020,11,,,,,,,0,-1.03664170870851,4.501622783390017,-11.517954714895826,3.271532385347464,1169
Malusak,2020,12,0.23833852773218575,0.24145378682920524,0.15509733292330963,0.16184848530459753,-0.2556795840596951,0.22018504813754025,1169,-1.3238597663818075,4.434950968241772,-11.539947506196473,3.30725946168051,1169
Malusak,2021,1,0.24241234651664972,0.22845134500377742,0.1745916197282317,0.1704740334137886,-0.24827446720424412,0.2043485800401071,1136,-1.2408782358817498,4.50990435419337,-11.550354443930287,3.269834344487851,1169
Malusak,2021,2,0.2326892174534295,0.23801105649619017,0.16440319563299025,0.17346761672670033,-0.25611412713278886,0.21486704805865386,1169,-0.6384816271642512,4.666611736506636,-11.49113007921047,3.25817814225357,1169
Malusak,2021,3,-0.04799207579344511,0.04099683257875666,-0.07105304580181837,0.06020826000757845,0.0738070464382569,0.04660869643723461,3,-1.482131807652994,4.67891273528692,-11.909376920180959,3.4036712711498365,1169
Malusak,2021,4,0.4273751779244496,0.1391130765439872,0.39672893629624295,0.12920002060929683,-0.42579999336829555,0.08042447310161462,13,-1.5422770092427132,4.564222066960438,-11.747803872586621,3.3414504700917145,1169
Malusak,2021,5,0.18788374143339326,0.216452203004529,0.1464184260196882,0.431581043695953,-0.21539953837278816,0.19530133861722296,1169,-1.7187671533110973,4.54574098223999,-12.110445588929116,3.5291498378666692,1169
Malusak,2021,6,0.20387607933852808,0.18321428878857748,0.20979893598233512,0.199848621948125,-0.19473343253217057,0.14719579400030583,1169,-1.6919867697644293,4.590646130328131,-11.828030350297011,3.413529084524375,1169
Malusak,2021,7,,,,,,,0,-0.6488984735092848,4.482243226967068,-11.135641829632517,3.2320118816949375,1169
Malusak,2021,8,,,,,,,0,-3.757519493624411,3.5162877364620875,-9.845008657924927,3.6535471141448244,1169
Malusak,2021,9,0.234383418490595,0.251756448812373,0.1759633874429584,0.21225578629830816,-0.24997232711730125,0.2215335427730677,1169,-0.9140426152671779,4.421258957984676,-11.407732978998547,3.170376932591018,1169
Malusak,2021,10,0.2340839552297443,0.23760372814057226,0.16850399672747565,0.17912659904877107,-0.2561187022108743,0.2143835740175145,1142,-3.826179200055201,3.6028016579661504,-9.839105064509843,3.816961019751632,1169
Malusak,2021,11,-0.031187649324743286,0.05170490040518617,-0.048254950541175075,0.07834942445458731,0.05335775535139772,0.053377190732481886,9,-1.2821722293505264,4.440368001937963,-11.664122290788189,3.143590926459844,1169
Malusak,2021,12,0.24110890050212333,0.2536294750034353,0.16160606760955137,0.1786422531304701,-0.26444240793750046,0.22911457667528012,1169,-3.844286244245285,3.610778285282947,-9.908715945580065,3.733965703913986,1169
Malusak,2022,1,0.19559230723403762,0.21671246264218008,0.14326366875275887,0.16533199185338338,-0.2068204493586523,0.19542767807889705,1169,-3.8280197206838404,3.7660625495797215,-9.938787204587879,3.83488274434957,1169
Malusak,2022,2,0.2081757189948559,0.22378025032554003,0.1452296984726439,0.1631282101845651,-0.23112073770513183,0.204322512217493,1169,-3.758229916593175,3.518811246861879,-9.710704011767712,3.657265571878275,1169
Malusak,2022,3,0.20477448587229252,0.23118901476532192,0.1507347777174869,0.18324273187656023,-0.23467258938325886,0.21236304070234993,1169,-3.799564619774082,3.5145718469658176,-9.866324533283759,3.5842953190413387,1169
Malusak,2022,4,,,,,,,0,-3.5352895441242005,3.406788239568459,-9.556231593188967,3.534280934762831,1169
Malusak,2022,5,0.22548492143285243,0.2512682711608622,0.18539108572753538,0.48892015526522303,-0.24214572560901973,0.21793921385727885,1169,-3.0038405482537156,3.318315255112885,-9.427469266423985,3.3593177898635247,1169
Malusak,2022,6,,,,,,,0,-3.1565620809299717,3.6120947029723616,-9.537328080383324,3.4968865798056834,1169
Malusak,2022,7,0.22495458389726175,0.23449545590751447,0.1854947087138557,0.3831393086479426,-0.23087517298144603,0.21039523259317233,1169,-3.1102807111759283,3.5136004048968683,-9.275557719986864,3.3118478912109124,1169
Malusak,2022,8,0.2262970076952223,0.23270595088129706,0.16955388868801202,0.20204442349069568,-0.23175985054045248,0.20375534717640917,1169,-3.5799769928401606,3.501411076094185,-9.664047944956222,3.580641030836986,1169
Malusak,2022,9,0.24202596653935013,0.2604889722000364,0.2636506309328455,2.0802288297322735,-0.24790889527209659,0.2294494437648334,1103,-2.9577873691986603,3.32366305613503,-9.20954132750567,3.2504647488103604,1169
Malusak,2022,10,,,,,,,0,-2.761654393568994,3.470921416325582,-9.051057216280343,3.3362920413357013,1169
Malusak,2022,11,0.2096036506203807,0.21755716491291377,0.14361015619988754,0.15439079013904583,-0.21389137739348224,0.19234122785130922,1143,-2.6151572028107277,3.4100488775578244,-9.039870416486353,3.2251271872901928,1169
Malusak,2022,12,0.22509646215205206,0.23786952965330646,0.15510349310638763,0.17988944096339557,-0.2434950336399951,0.213044308989413,1169,-3.7433797579459376,3.544242699012873,-9.736991005736963,3.527461594138439,1169
Malusak,2023,1,0.4025687083067425,0.2681501919797709,0.24727998515525434,0.18694889394059114,-0.36512996167482303,0.23219272126157514,142,-3.8965040396578754,3.65219388569578,-9.874909385653389,3.5183405549352185,1169
Malusak,2023,2,,,,,,,0,-3.517188932839069,3.5401348200443468,-9.71326251463107,3.4896161442280698,1169
Malusak,2023,3,0.18671064491086364,0.19346526694903884,0.1441693480666412,0.153487958790956,-0.21985416415384385,0.17905959752006978,1169,-3.688009022938216,3.5623604249202723,-9.605024018193447,3.535720892599712,1169
Malusak,2023,4,0.1950061207249204,0.19495819874151565,0.15192371991404416,0.17345185745578845,-0.2244176790869839,0.172788066194082,1169,-3.4986322674983104,3.5197638161831093,-9.550717613622362,3.4709393069137353,1169
Malusak,2023,5,0.20337028766446877,0.2186640677247554,0.18378439092136956,0.32726001313924064,-0.21966680186556475,0.18901711220563774,1169,-3.3998096845494317,3.647677031544513,-9.517723986123748,3.5450182492701092,1169
Malusak,2023,6,0.2171854549194638,0.2814472619429797,0.15595612208311835,0.2642273837354709,-0.2424427150517184,0.2503197950661805,1169,-2.812723342007401,3.2358081893511823,-9.071030394052277,3.209843796957219,1169
Malusak,2023,7,0.2120436004779913,0.25570921988254924,0.18201486166891534,0.5600190852593779,-0.22589027415956042,0.22415670909243318,1169,-2.6158938236368057,3.3968062991479213,-9.06423006902095,3.251242068809247,1169
Malusak,2023,8,0.20366306714980356,0.19003094740191812,0.1738729640951837,0.16949026937656966,-0.21551959726484737,0.1609304453611979,960,-2.943589359781586,3.5020883546344055,-9.295287016775982,3.3708500535848214,1169
Malusak,2023,9,0.22424719164343063,0.2584434764395449,0.16249102791564418,0.2530250763165481,-0.24424946268319264,0.22895201481102131,1169,-3.152816031072802,3.419347024477038,-9.407733570902241,3.321189446981464,1169
Malusak,2023,10,0.1795181702288056,0.1846266686773699,0.17458411491297143,0.18624918190487832,-0.1884844263076104,0.16587819100317075,852,-2.5803718229030164,3.357187668850902,-9.10083303331588,3.3734952157521723,1169
Malusak,2023,11,,,,,,,0,-3.063945203810319,3.467797691968489,-9.379241912384328,3.5179475591970704,1169
Malusak,2023,12,0.23873189062942088,0.25372783435990043,0.158196504889836,0.18061217597122503,-0.2627897149318767,0.225512320273225,1169,-3.201542390574972,3.5054036009044887,-9.261869580229186,3.392977965916076,1169
Malusak,2024,1,0.00015451226915631994,0.070254281558454,0.006581070899431194,0.0872333633784487,0.012269261476051594,0.06654473629778136,7,-3.6596754442866968,3.6252441164844895,-9.583384928847215,3.587734845120846,1169
Malusak,2024,2,0.22273761850819981,0.22037123625340974,0.15417863184803796,0.16582011382990955,-0.260556003540395,0.20330199483487588,1133,-3.586475266116591,3.5445825353568363,-9.453886493495549,3.3036968118978773,1169
Malusak,2024,3,0.19028241851869135,0.21055808259011283,0.1410343286692061,0.17383082318062004,-0.22097455903403596,0.18706733362293984,818,-3.542964008502928,3.652307623948463,-9.511778069674401,3.522121016211421,1169
Malusak,2024,4,0.1896305694997169,0.23818557594145343,0.14622362715886641,0.2769878845270324,-0.22844195646882207,0.21613226389866697,1169,-3.7168358468830602,3.757267888184319,-9.75805587432418,3.5449529110168623,1169
Malusak,2024,5,,,,,,,0,-3.422251531569059,3.5942086580018526,-9.560472365793805,3.4350423121093723,1169
Malusak,2024,6,,,,,,,0,-3.2734181903070847,3.4013592005024376,-9.136213753955612,3.287420482963152,1169
Malusak,2024,7,,,,,,,0,-0.8852202334774634,4.416205062259059,-11.18443409030361,3.260091207249548,1169
Malusak,2024,8,0.20493481025009702,0.1834430823597939,0.17607166141906316,0.16377677602261528,-0.2184736473283099,0.15370394780759492,1169,-2.6306489443721546,3.4909550175729476,-8.930238965207254,3.183876568803783,1169
Malusak,2024,9,0.22904614836134507,0.25835550107570937,0.1662057941047096,0.20148846383057106,-0.24606012272444575,0.2238980569815209,1169,-3.1805527694340037,3.6535351912261294,-9.235520138265048,3.662481368814907,1169
Malusak,2024,10,0.22867167174550093,0.2634065821923788,0.16790098960127672,0.20389139398992864,-0.24573878279167718,0.22980495236657347,1169,-3.259266573464195,3.4567251701576995,-9.28028882426187,3.3933698189584316,1169
Malusak,2024,11,0.2281249220406365,0.23486303238221798,0.15310226185350412,0.16179527742974883,-0.2565754948683506,0.21146786121025923,1118,-3.647611059753349,3.668197688491265,-9.618061235345023,3.636589512139063,1169
Malusak,2024,12,0.13588001028644983,0.1338048714083223,0.1302714790254457,0.10623821640441962,-0.12662386930785277,0.12105252944480126,584,-2.51494721168416,3.431219085838756,-8.80183262414307,3.384133111053077,1169
Malusak,2025,1,,,,,,,0,-3.300250190695279,3.444290877773092,-9.331668826369796,3.5673578961657317,1169
Malusak,2025,2,0.21901784790281464,0.24191687684476545,0.16831277134544756,0.35400715718397086,-0.23735114858203998,0.2141328115864164,1169,-3.5793328591683893,3.644708613158076,-9.450442192102457,3.624987149541702,1169
Malusak,2025,3,0.16821350822062506,0.16644485356425764,0.1385502677641233,0.2174433565191128,-0.20321983645495806,0.1599702932536458,955,-3.6576566970472917,3.592061727759091,-9.406174053810858,3.7018584338913336,1169
Malusak,2025,4,0.19814173114225928,0.19139083298325565,0.1679987738702554,0.20627334387872548,-0.22524591389972498,0.1694282068720002,1169,-1.881455383850682,4.637930835227688,-12.36402648738351,3.3631351466169295,1169
Malusak,2025,5,0.19107513106156726,0.25037241890050677,0.15877778871688997,0.26301227046258646,-0.21607414757026952,0.22024954210432007,1169,-3.2398275818414435,3.5298415784305037,-9.138507590271441,3.628027924626173,1169
Malusak,2025,6,,,,,,,0,0.4347651451758383,4.694111915506274,-10.742132979124094,3.109518495946252,1169
Malusak,2025,7,,,,,,,,-1.0519199788872258,4.596195321143041,-11.549516882878082,3.3380123960844688,1169
Malusak,2025,8,0.21670763337297977,0.2372512805255927,0.15368808925723848,0.19537745334961276,-0.23180998858051494,0.2060704363454982,1169,-2.896345534076883,3.6049389926873623,-9.226181060674064,3.497834471383196,1169
Malusak,2025,9,,,,,,,,-0.23601506947092943,4.611276846184456,-11.194221990907971,3.0976005067057946,1169
Malusak,2025,10,,,,,,,0,-3.0768574592191307,3.5050231826434444,-9.352000259544939,3.573986531998103,1169
Malusak,2025,11,0.235894782662395,0.25686285977496526,0.14627590149710162,0.16621273857454208,-0.25685886792350887,0.22301807236297957,1169,-0.7111757298120053,4.482337281229821,-11.410300004472075,3.1041633367445303,1169
Mamatid,2020,1,0.43352212478136753,0.284991152994922,0.2886843830140509,0.21333636180916532,-0.446471085922335,0.20204402916321743,8058,-3.815295008490272,3.7600377778824625,-12.133143710869591,2.9712985065321464,8058
Mamatid,2020,2,0.4249060982979833,0.24873855827375477,0.3265595931831985,0.2055325972589875,-0.43047017730956744,0.17535974293292117,2467,-4.273692094219394,3.9441369574280394,-12.704625408718305,3.1310839266840356,8058
Mamatid,2020,3,0.37014714715467584,0.2682014889796567,0.2589204435303194,0.1986710288219201,-0.40583619318717923,0.19471885315356777,8058,-4.218576229562502,3.9486160006128976,-12.599026802497276,3.0844290014853244,8058
Mamatid,2020,4,0.33987799158514664,0.25144780060033706,0.25825898138358994,0.20246702970213157,-0.3670413143030484,0.1839544972576338,8017,-4.341430028965644,4.024506670663843,-12.76931477235236,3.170331741733632,8058
Mamatid,2020,5,0.39975085846162994,0.3040428624284759,0.3010645883414944,0.2448196904125148,-0.4078079717673526,0.2144129651525912,8058,-3.80342755046623,3.9841230966778607,-12.195775898815599,3.0436650205550526,8058
Mamatid,2020,6,0.4195911483071606,0.31491110560302144,0.3283385631561582,0.2662002856002274,-0.4330483122251964,0.2267560613115232,8058,-3.910953665599613,3.885816132695461,-12.398665993941561,2.984815799904072,8058
Mamatid,2020,7,0.4105890250958774,0.2911271202218193,0.32901290461403065,0.2538543453536872,-0.40935162492198235,0.20778552487129923,8058,-5.307613011153008,3.0083886709932774,-10.645613300135336,3.215727928692438,8058
Mamatid,2020,8,0.41688499633847065,0.28124882848648525,0.3575764255836966,0.2581386638166235,-0.42818497444567183,0.19768761970985382,2192,-3.7262860803296562,3.736856976162957,-12.159472291783858,2.885019003217212,8058
Mamatid,2020,9,0.37556210418620795,0.24797392219113362,0.3616918747975804,0.2556351157691363,-0.36576984765527554,0.17975479121908763,7242,-5.710149732534962,2.9779979421692473,-10.906313329298492,3.21953825397938,8058
Mamatid,2020,10,0.42368136213391855,0.2954369625191855,0.2942155843829939,0.21991563309928475,-0.4350168516805927,0.20956900297856462,8058,-1.9213658313976416,4.09671975787396,-10.991695270009268,2.704068755541063,8058
Mamatid,2020,11,,,,,,,0,-3.355619126603621,3.8871693034268326,-12.004545065855204,2.932583626653563,8058
Mamatid,2020,12,0.4369441745293764,0.2927648774690805,0.28239362179970695,0.21352387135527562,-0.4559419436151787,0.20731545433659102,8050,-3.5759361431752863,3.90783434874285,-12.12922531288039,3.0991094971688464,8058
Mamatid,2021,1,0.3696618992885707,0.20997614411528337,0.2920115419921144,0.18415976902242728,-0.3729369900629012,0.15300264501275604,2401,-3.6399815348464837,3.8690889671216864,-12.27753243012667,3.095878401037134,8058
Mamatid,2021,2,0.4226775567746609,0.2913074518652166,0.29489740266453063,0.22113389402218556,-0.4474905947327398,0.2035724312953204,8058,-3.031695776466332,4.018751893834758,-11.749273966094494,2.9171259018776663,8058
Mamatid,2021,3,,,,,,,0,-3.8938484467054786,4.0140120701481194,-12.451061309751665,3.173509705173524,8058
Mamatid,2021,4,0.19490040566713082,0.1944453451040424,0.21519189484653978,0.2302708237948429,-0.2844457191725572,0.13288208529254245,126,-3.6742252679650775,3.971913026724083,-12.299635348811876,3.058929773049403,8058
Mamatid,2021,5,0.3409675139298017,0.24793866093311406,0.2633881313484749,0.20043076412997599,-0.3803449483795894,0.18055612891033926,8058,-4.056349620590954,4.155478332350804,-12.60044323324881,3.2151897137489933,8058
Mamatid,2021,6,0.36508723507504226,0.23076798799880588,0.3947508514135479,0.28504962451866983,-0.34492568179784416,0.16241001455566814,3538,-3.3963145890783872,4.021940740824521,-12.10139298664354,3.1650973557241455,8058
Mamatid,2021,7,0.377958582277382,0.27857159304698503,0.34397253088112634,0.2839530351781787,-0.4011776445897642,0.1807108286391633,1843,-2.7996505473258346,3.9848517458902863,-11.698970727036345,3.132376532974728,8058
Mamatid,2021,8,0.2715151920750901,0.046453339078883445,0.2603921635219684,0.06382697283452173,-0.22293178941849823,0.03643313761519242,182,-5.723296456282104,3.0669665690054932,-10.99450211415842,3.3752777057204226,8058
Mamatid,2021,9,0.43229978200615926,0.3095178434513538,0.31641174917243886,0.24246650234357134,-0.4477922291382507,0.21537150146171646,8058,-3.748680612493598,3.943264657645279,-12.324450445418742,3.1099535337255904,8058
Mamatid,2021,10,0.35057788211057533,0.20425583209341147,0.31931219361923524,0.21550985230755385,-0.38340169617482894,0.13586682515139584,1375,-5.7941598940835375,3.0995473541711287,-10.909181070229604,3.454404461794185,8058
Mamatid,2021,11,,,,,,,0,-2.88463300399435,3.8837340748358202,-11.7042791199334,2.884455294815433,8058
Mamatid,2021,12,0.430661464631469,0.29592810751827253,0.29113168480990276,0.22521048524628026,-0.46235448328609774,0.2091234844944731,8058,-5.87924347126387,3.05654038153222,-10.924797373894343,3.4405113085782455,8058
Mamatid,2022,1,,,,,,,0,-5.89526935265301,3.183957458489787,-11.052635493005972,3.6357168655991714,8057
Mamatid,2022,2,0.38617029504011485,0.2726941525900577,0.2750532118542659,0.21355553148447715,-0.417019564801694,0.19355785474722398,8058,-5.8699066622782405,3.1845434574567633,-10.939633633459781,3.624197755515988,8058
Mamatid,2022,3,0.3655989185476317,0.28057335246240417,0.2605403152974873,0.2116193413386468,-0.4115179311804939,0.20221734472281958,8058,-5.987473156744326,3.134723476448328,-11.029748234716184,3.535693596159145,8057
Mamatid,2022,4,0.3777416058563754,0.2662469038401565,0.30915932893112485,0.22865462939246142,-0.39515365807205033,0.18825494355074016,3820,-5.422398903766133,3.0526618347931964,-10.617185838873601,3.408281871037971,8058
Mamatid,2022,5,0.41040198795912763,0.3027957876784472,0.31409273734818177,0.24988554740464963,-0.4286392577051741,0.2099267789034145,8058,-5.163314774158341,2.9603400627920915,-10.631271213497422,3.2817609565642285,8058
Mamatid,2022,6,,,,,,,0,-4.920466117330725,3.0621105797980763,-10.364407319694347,3.234852964570799,8058
Mamatid,2022,7,0.40682235097360275,0.37194851436993254,0.288227037169883,1.3464973441004626,-0.4285033422052281,0.275510623078931,1081,-4.800495827309828,2.8690473644165597,-10.220407246160574,3.066140231333271,8058
Mamatid,2022,8,0.38853726301642527,0.2568245923828273,0.31231707568543243,0.2319214012252262,-0.3899519926804214,0.18595888742845718,5011,-5.3153221023025985,2.9732736442809458,-10.563999294022286,3.2822409192735558,8058
Mamatid,2022,9,,,,,,,0,-4.872795106609152,3.0381203989580663,-10.13945195925826,3.1545447884026157,8058
Mamatid,2022,10,0.2925421581295835,0.22052377933645684,0.24705652211049461,0.20262937045785243,-0.34403837314022484,0.15499041224229018,1585,-4.8374301123925,3.1229660323507336,-10.033110067756946,3.3739817116182746,8058
Mamatid,2022,11,,,,,,,0,-4.4873119453772965,3.0358092678499498,-9.971209149011939,3.1736603724502124,8057
Mamatid,2022,12,0.40154545141706477,0.2846764476055393,0.2818906595016636,0.23449025690892109,-0.4257764692343407,0.20672454366746876,7859,-5.802746813045476,3.066459239800722,-10.759827211711874,3.439247749743152,8058
Mamatid,2023,1,0.42343933114977583,0.2831595017717744,0.280423679214407,0.22393783177457918,-0.44852617950392165,0.2015588768265109,7911,-5.857683062164613,3.198144407515683,-10.918005735496674,3.630687914132359,8058
Mamatid,2023,2,,,,,,,0,-5.652602460681258,3.128421715962243,-10.71582192283556,3.5549636456380824,8058
Mamatid,2023,3,0.3190534625551758,0.24109322820182688,0.24116310925261883,0.20125233382176771,-0.36158995691293544,0.17756526008924117,8058,-6.028322234918142,3.2781375773017416,-11.007472546141654,3.76143580411341,8057
Mamatid,2023,4,0.3468332245211754,0.25036434065937585,0.271382350213323,0.21239074460003401,-0.38098334019587937,0.1791835611543255,8058,-5.766054221327648,3.2600428678251294,-10.965910011675327,3.82942150039979,8056
Mamatid,2023,5,0.3729411013042638,0.25638652920941546,0.31306634389929794,0.2362960478814381,-0.37742993231152844,0.18492697007441208,8024,-5.604842352575574,3.3211814039721284,-10.898218250303714,3.8687380443313457,8057
Mamatid,2023,6,0.4062819635322202,0.3224681145066347,0.31485139769796766,0.2876778131328895,-0.4297283770909325,0.22795422398019313,8058,-5.52963981270237,3.0879269816455466,-10.745102848988603,3.5369447584323463,8058
Mamatid,2023,7,0.380628857753746,0.3555721348444159,0.18244165003056306,0.6886983159653675,-0.3874144996731648,0.27263745932650907,1079,-4.85882778290596,3.0978678351206654,-10.394708551088284,3.4164960570180125,8058
Mamatid,2023,8,0.31474314295288547,0.19280343068446576,0.36665066351703296,0.29959071436250634,-0.2958528253519811,0.1336472889482016,6713,-5.267837700676504,3.144854764114591,-10.65802229151917,3.5088452757981323,8058
Mamatid,2023,9,0.42202804403719046,0.3299388016197973,0.296513513696112,1.9039373546908454,-0.4489229892609319,0.23297669865108905,8058,-5.059506739227654,3.052258004417763,-10.462576533693856,3.427334117499666,8058
Mamatid,2023,10,0.38736685368334206,0.24798769353878625,0.30414185378445086,0.21945210328406609,-0.401538081149799,0.174953441141972,6147,-4.581524956360937,3.151490259859617,-9.958936222366836,3.400424798497416,8058
Mamatid,2023,11,,,,,,,0,-4.9503958112453335,3.1181123465881386,-10.137446425317425,3.4254233673362737,8058
Mamatid,2023,12,0.40316319181699695,0.1305612700826198,0.42437320940161544,0.1416033306083903,-0.3864841026252857,0.09785193760756085,2451,-4.959318148130575,3.112540028936223,-10.355754986355853,3.4977229671300205,8058
Mamatid,2024,1,0.4343637196623065,0.19620418302160456,0.32996247757663133,0.1834099913188989,-0.43622811913582277,0.1452520424376319,324,-5.631278755476588,3.235011034617127,-10.686792818598136,3.65218786035083,8058
Mamatid,2024,2,0.37355732437377276,0.2660799212735713,0.24349627989641665,0.19952705687433117,-0.426353242298242,0.19356702856279984,8058,-5.6169352438104925,3.176748743534074,-10.68996857044709,3.6097515387028434,8058
Mamatid,2024,3,0.32327512107789796,0.2679606264135493,0.2138077786224491,0.26197804428416993,-0.3646821884549984,0.19674619717069053,8058,-5.841459303129049,3.334567920155201,-10.667802295715347,3.609292209587328,8058
Mamatid,2024,4,0.31097188736409487,0.27324848057468665,0.20131388732034805,0.7402765706372264,-0.3777570392770196,0.20652165129635294,8058,-5.871925833365086,3.415206707543441,-10.969246212551536,3.894502004069617,8058
Mamatid,2024,5,,,,,,,0,-5.814653605426036,3.3073610387383265,-10.808447896887762,3.6964539479306215,8058
Mamatid,2024,6,0.36575179007407776,0.2617205337907281,0.3879331887251726,4.215048163050302,-0.37641662203598186,0.19208502725501606,7978,-5.420539178945169,3.072831029558173,-10.347500627868992,3.4020310107286575,8058
Mamatid,2024,7,0.31976545895671865,0.16632420287801283,0.30848030867216736,0.16710132638718056,-0.3102661234101206,0.12514532764781616,2433,-2.7593280982707613,4.270757499337103,-11.733128638159087,3.4381989457392526,8058
Mamatid,2024,8,0.24689020824835117,0.14574067531265866,0.2711166698777689,0.16546369940441372,-0.26052298490342335,0.11511407676719759,1454,-4.940023490495937,3.0279395431867435,-10.275778977908907,3.336458698107155,8058
Mamatid,2024,9,0.41556871715474347,0.3115522031814878,0.28622912916233706,0.27049176164295835,-0.4342405010657851,0.2244820453365588,7669,-5.179333524583563,3.1384305164441915,-10.539171265569035,3.4647849061959075,8058
Mamatid,2024,10,0.4107757434056858,0.3196861313642684,0.32249057934502334,3.5631048528294005,-0.43760878697962813,0.2291900317907571,8058,-5.050944681591225,3.011738780522664,-10.156401884077736,3.214005743171555,8058
Mamatid,2024,11,0.36914376959487805,0.26880109194072843,0.2510460508226994,0.22647869736393156,-0.40978505818866595,0.19689220025861287,8004,-5.654511720959038,3.1616496820600766,-10.643521055023422,3.572467898939801,8057
Mamatid,2024,12,0.38645861964805006,0.3098930440941067,0.25767995708141483,0.6870655306847651,-0.4120391400676359,0.221899006434304,6753,-4.5080952901822045,3.015741199317913,-9.71488307796823,3.3038835191900424,8058
Mamatid,2025,1,0.3841528613206065,0.274809164881977,0.2809900247511622,0.23932130801006207,-0.4240253976628314,0.20204531211273752,8058,-5.017230113657932,3.0337555531025897,-10.359649465924457,3.4683006139394412,8058
Mamatid,2025,2,0.30229519700463486,0.1844178327693517,0.21983430124331532,0.14550546030579492,-0.32315708728148257,0.1359751588500647,5865,-5.515770380462091,3.123219468378558,-10.41321014440428,3.5105797340647564,8058
Mamatid,2025,3,0.37659015561322534,0.2829115850178816,0.26794002801378264,0.24134543849702741,-0.41578445023808724,0.20439563805992084,8058,-5.445313071613983,3.0399307313446466,-10.531354170438659,3.5006697292348745,8058
Mamatid,2025,4,0.34560675831367366,0.24720405161122244,0.2724125997069698,0.2154851743664852,-0.38477613707544767,0.17966194989460507,8058,-4.002566579353664,4.34108853674646,-12.967460993337163,3.4133634923447005,8058
Mamatid,2025,5,0.36164354639905905,0.3120038804179315,0.2980636234907262,3.0080466365498673,-0.3904002722990724,0.22551163413170852,8058,-5.5461192252612594,3.1463714117979227,-10.633263190340848,3.5324185650931157,8058
Mamatid,2025,6,,,,,,,0,-1.591615378734477,4.251694968414564,-11.237141962994677,3.1968600251251793,8058
Mamatid,2025,7,,,,,,,,-2.9282366335607053,4.142057596553103,-11.807173339702834,3.352808738517836,8058
Mamatid,2025,8,0.3992070536941291,0.26015826469811126,0.3442491468654241,0.23716247063612714,-0.4138602083151533,0.17894782791905858,3164,-4.682784515832683,3.0584598014153093,-10.147485405647538,3.3689199113502575,8058
Mamatid,2025,9,0.3849445926625599,0.2707100689493087,0.3051052210895248,0.2374152805683999,-0.4001461504824789,0.18671856196750938,6979,-2.3604014079128377,4.127587230320502,-11.471612191424658,3.1793098181809607,8058
Mamatid,2025,10,,,,,,,0,-5.0906389109916015,3.071715888484058,-10.329564728228492,3.334957921029979,8058
Mamatid,2025,11,0.4043692407799823,0.29853001593368367,0.2620345289529653,0.2349619577791851,-0.43342751480645314,0.2128741166266423,7825,-2.6007858135909263,4.093724022786836,-11.815514280106974,3.190293629575065,8058
Marinig,2020,1,0.5328499607595907,0.2871606922387427,0.367380000593722,0.22811000468064255,-0.49709039097249197,0.20739984014900084,8212,-5.820684853045736,3.7686037588554075,-12.99160242207329,3.4791632369163588,8210
Marinig,2020,2,0.5297610078738327,0.2500767221681352,0.4332504123694557,0.2256645254502076,-0.49589373740852183,0.17715398496075468,3190,-6.325077335458215,3.966882287752818,-13.21156140403318,3.337994446614747,8212
Marinig,2020,3,0.4395597690869888,0.2562436905844184,0.32955427195618353,0.20676143969270144,-0.4483960520793685,0.18559579948224886,8212,-6.702765023591079,4.199237590527298,-13.2815722433723,3.476582693393247,8211
Marinig,2020,4,0.3689821220884522,0.23545994567009956,0.2889217986964996,0.1994470624427942,-0.392137486061886,0.17495664629709876,8212,-6.702749830988928,4.218747424278361,-13.564098652141901,3.6163168312415763,8212
Marinig,2020,5,0.4447711578498175,0.27716477125975963,0.32417286251646293,0.23593738832041383,-0.42694498015522864,0.1964906719616004,8212,-6.27400311554832,4.08400155318887,-13.052788152874733,3.595337602354656,8212
Marinig,2020,6,0.4562280873681155,0.289254993791383,0.34335086882579613,0.2703724824446374,-0.42624652976680516,0.21549100734822907,6339,-6.294993070981616,4.177475072819216,-13.643959060269363,4.179656795173021,8211
Marinig,2020,7,0.45378092968847566,0.27483440037624185,0.32459473969672853,0.23677932488385217,-0.4141007132105514,0.19878430623417406,8210,-6.598194228639051,3.224070676252464,-12.241940506212991,4.673964771120772,8207
Marinig,2020,8,0.4383100989786361,0.2626394829641316,0.3509951705216941,0.23552847266067173,-0.41903312676681753,0.18809837664002843,2388,-6.311118412283935,4.220178671878029,-13.29543702334857,3.9487064514960006,8212
Marinig,2020,9,0.46768158907598695,0.2504084683068347,0.4207252452366864,0.23283841806043098,-0.41349316637686634,0.18348788476661926,7046,-7.095954391919444,3.3275609838910256,-11.840351920431102,4.006537928799873,8212
Marinig,2020,10,0.4044917930511484,0.24202327252155795,0.3149005908631987,0.21200174727855367,-0.3880076841522596,0.18153170215290315,2863,-4.9451680215120515,4.190565668633515,-11.87935241234758,3.3664936782084998,8212
Marinig,2020,11,,,,,,,0,-5.836490953372528,4.561220595043123,-13.29814209737085,4.648782224508288,8200
Marinig,2020,12,0.3865468786764625,0.31742818624747343,0.2525420768943475,0.21695811997757472,-0.3743103154394426,0.267276042591091,8165,-5.998516223247621,4.5677994470730665,-13.851059664741575,4.849209708696785,8200
Marinig,2021,1,0.2553413745105989,0.2711956082262508,0.23342059185648317,0.2400295225177197,-0.22237796486625744,0.2636563775683069,186,-5.931127499692761,4.140356627307799,-13.658238120936078,4.5277611166268885,8210
Marinig,2021,2,0.5171046889446557,0.29592007867642295,0.3745694847044287,0.2461242748313055,-0.48052647551064465,0.20998115024640818,8212,-6.051309312217131,5.074675203317246,-13.10551754156542,4.418280997247051,8205
Marinig,2021,3,,,,,,,0,-6.674326827644609,4.481668090033518,-13.814702121134763,4.269929995414724,8191
Marinig,2021,4,0.35615100718792453,0.2278953938136431,0.33959052388343003,0.23233683624566306,-0.3620560093681765,0.17284257348146403,6989,-6.403421916068458,4.30825046890656,-13.46310972806651,4.009967163406498,8205
Marinig,2021,5,0.35209662861184876,0.22943399558862512,0.27027278154154033,0.19517458739722443,-0.3848257060487077,0.16857322704082608,8212,-6.784334348785423,4.565169470492806,-13.937604411776277,4.132754675493779,8205
Marinig,2021,6,0.33702909567883554,0.2198767744955526,0.3392137162790159,0.24953118442618905,-0.28258234358463635,0.17906432770998426,4359,-6.427345823196528,4.8497902625129425,-14.178663058878618,5.171836891530944,8190
Marinig,2021,7,0.3502828227706694,0.26260722493191,0.3304014079446221,1.3393137004786475,-0.3188433571281703,0.19485592574582375,3160,-5.987717243529174,4.951120235327736,-14.053800699042624,5.27228490529272,8180
Marinig,2021,8,0.19877909719944,0.011519965922995866,0.1556048572063446,0.018231684278224435,-0.19031286835670472,0.010835012080825523,5,-7.275577525525131,3.7278356971451747,-12.430242813681005,4.650627312391522,8197
Marinig,2021,9,0.5289529262306525,0.3169836117289894,0.3714156088915085,0.2347804189875658,-0.4944989436946343,0.23150162150143433,7842,-6.634240281678983,4.779244377245168,-13.406654677711186,4.156258045192077,8191
Marinig,2021,10,0.401030663746689,0.2656882790348388,0.29981545953494987,0.21019946477238485,-0.4061882095033079,0.19395073186124542,2720,-6.500070162608005,3.228051133973321,-12.036661733332766,4.600216979064953,8192
Marinig,2021,11,,,,,,,0,-5.831415271285701,4.3911161158793615,-13.289657847531545,4.132223146757102,8182
Marinig,2021,12,0.45180333963098224,0.3123741265049373,0.31146496781347266,0.2319897285638869,-0.4401004675890966,0.25912408031066375,8211,-6.723036265113225,3.4092676492694927,-12.282103087133518,4.812114167685631,8201
Marinig,2022,1,,,,,,,0,-6.737651263547094,3.4503295403558876,-12.063993890491771,4.554096992444994,8205
Marinig,2022,2,0.463548227590865,0.2817031354089065,0.34673451196523863,0.22766154393660887,-0.4444370131143107,0.20754118769602065,8212,-6.9978356936020685,3.3540844784445216,-12.0269405359282,4.491090761040108,8210
Marinig,2022,3,0.4367274486598693,0.2752237985970752,0.3304885863627838,0.2225792288840926,-0.4514812762383474,0.19802637861264313,8212,-7.233186350002894,3.313120462002205,-12.19462627031406,4.413257779910847,8208
Marinig,2022,4,0.4211927642479584,0.2420177463018418,0.3533648939915166,0.21969852127760117,-0.41084933575469335,0.1736831580959911,8082,-6.849345273419047,3.1828002649740297,-11.78437540376099,4.267904061383507,8210
Marinig,2022,5,0.45182091173446703,0.268949468863558,0.32189763644398717,0.22152799360669237,-0.437490238348863,0.1920147722365743,8212,-6.254720517820746,2.9757662030777645,-11.268445815354731,3.892123510737309,8211
Marinig,2022,6,,,,,,,0,-6.552009515501025,3.5220856940536645,-12.092597092871452,4.821721895503601,8204
Marinig,2022,7,0.49846191111140314,0.2720471611392607,0.32885909938128216,0.2056978494885891,-0.45732927237403215,0.19683121097310877,3362,-6.338517064790224,3.2215764733095864,-11.838285668366584,4.57865951559199,8212
Marinig,2022,8,0.4906866361625591,0.2565644328912354,0.35327756476907757,0.2015419518799697,-0.43822625576703494,0.19854369695126928,5669,-6.969619197999639,3.4597129074049446,-11.99005303879027,4.564023334426224,8206
Marinig,2022,9,0.5081126434318342,0.29781028617487687,0.4415951842117087,0.26547716223266155,-0.46875032125990734,0.2365673091515018,2269,-6.7447506184659565,3.7009899090707874,-11.531293098589508,4.403015865990462,8207
Marinig,2022,10,0.2860934070723254,0.19208659399088873,0.25089813356559404,0.19551546379477527,-0.24975794378702557,0.14210176523899828,216,-5.90947476124541,3.3395679789188253,-10.927529263653602,4.20418089977452,8200
Marinig,2022,11,0.26885995271592283,0.1994165402770498,0.22227268818347634,0.17232685608899945,-0.25018712464207143,0.17076140546204494,1124,-5.835758545826965,3.5509663809587546,-11.061104077027878,4.555946500847625,8194
Marinig,2022,12,0.46053374757422877,0.26166536481266556,0.3514181326356179,0.23374716739580978,-0.4328282374842265,0.19382677405151907,5220,-6.59890061199271,3.3678305500303884,-12.128782651392871,4.9693601481086604,8194
Marinig,2023,1,0.4477815414931073,0.31132941186625784,0.29460501522513854,0.22514154561148667,-0.4304498667992696,0.23801650941337513,8212,-6.962848556456523,3.722346251617953,-12.277221966364813,5.166405873290306,8187
Marinig,2023,2,,,,,,,0,-6.792810347712203,3.8539104166493154,-11.871074566434041,4.7928267552207435,8208
Marinig,2023,3,0.41123040113287096,0.2558606456591299,0.323249774170283,0.21622171198526802,-0.413700920264604,0.1891192267903559,8212,-7.139250174781745,3.4758353745615826,-12.11825225037963,4.656329243926198,8202
Marinig,2023,4,0.4051312962963559,0.23734898889409628,0.31847677466436164,0.2108965771502234,-0.40866137858474055,0.17064382495433836,7852,-7.099688950256925,3.4411657951781853,-12.055870802930508,4.565492986005209,8204
Marinig,2023,5,0.4006542183477687,0.21259655231028893,0.3488207474980179,0.21512013835647162,-0.38172000280386514,0.15681578424087367,7051,-6.884278048691876,3.4928156698674697,-11.963814488457645,4.581947356740538,8206
Marinig,2023,6,0.4758031937540291,0.3170702913147627,0.32737075751209155,0.2599384567858445,-0.46867707940812736,0.23568372687146794,8212,-6.6836246900700385,3.383555911927724,-11.883186132293991,4.505943457677668,8208
Marinig,2023,7,0.486469257520965,0.3029635463088338,0.3489416660791428,0.2583546970018649,-0.44194346656877315,0.2220831174077509,3360,-6.672166283204016,3.926027322709058,-12.275836675094123,5.31022222278558,8188
Marinig,2023,8,0.3375840390577214,0.20813933907545817,0.3611004490222709,0.25488601082716306,-0.2575200795839258,0.17703686491259218,8212,-6.824007927777647,3.784974611039531,-12.234603982037546,4.938748135064074,8199
Marinig,2023,9,0.5029183618753543,0.37411054708463387,0.3408921184154459,0.23691283546025718,-0.46950805258139267,0.3095865672806954,8212,-6.639094255974664,3.901579587846464,-11.687403937445136,4.662873297729543,8191
Marinig,2023,10,0.42257903388941614,0.27675816346573073,0.34755125713206814,0.23295022291566164,-0.40543693244033474,0.22093965289322204,8136,-5.886484144594255,3.507144204401375,-10.837207765701837,4.249124403493613,8203
Marinig,2023,11,,,,,,,0,-6.060498459261028,3.262222569164127,-10.914100198056804,4.21644903843343,8211
Marinig,2023,12,,,,,,,0,-6.039296195700192,3.1396969290480325,-11.213182267732336,4.212964087227255,8204
Marinig,2024,1,0.4295339184499968,0.2540728995938087,0.3570039814703451,0.2442839751037115,-0.4180153884979138,0.19107674258328136,3006,-6.309567220489842,3.11491726850865,-11.41401825611112,4.183852563223229,8212
Marinig,2024,2,0.4425187506886722,0.23829155182950604,0.32366485699466485,0.18893338859346998,-0.45333509641415004,0.17067467318109455,5233,-6.589957521929082,3.108417676294497,-11.638386827520835,4.219974972387572,8212
Marinig,2024,3,0.39319570201196086,0.24419098495285466,0.29581760720829203,0.20319340353090823,-0.40788528505626614,0.1702226471257631,8189,-6.950933759337595,3.2455146651771427,-11.654518047615735,4.1875733250374125,8212
Marinig,2024,4,0.43037370775693057,0.268977632228265,0.33068234372926236,0.2253478684588475,-0.4633184784820443,0.18768855435539858,8212,-6.864431967697753,3.21143837244568,-12.020007212377333,4.379016227373858,8212
Marinig,2024,5,,,,,,,0,-6.98297196059246,3.2773505505115685,-11.752288327221311,4.245456711622689,8212
Marinig,2024,6,0.44637249688799613,0.2835333276772456,0.37359926451539816,0.28220862335646946,-0.41820654791138023,0.20414838518722137,7906,-6.571828797506991,3.2691238081972975,-11.629211508360262,4.445420554158882,8212
Marinig,2024,7,0.31844777187190787,0.1631106882081814,0.3095011207280576,0.17709229550230085,-0.28073068395041045,0.12688737627357774,276,-5.758115668444899,4.717094899223862,-13.139059262314618,4.80308533027284,8191
Marinig,2024,8,0.3945922068560143,0.22075491467026584,0.34519715594535005,0.21728553190302474,-0.3594061333534196,0.16454007081718403,7069,-6.614331604209853,3.837177994394403,-11.459684693220783,4.489734282872373,8212
Marinig,2024,9,0.4840074474567855,0.3401981735823889,0.3375112094062112,0.2403608821399269,-0.4575376273186725,0.2722174851442161,8212,-6.964662366718229,4.096607399666724,-11.857559125686056,4.854320795531729,8186
Marinig,2024,10,0.4467736198563966,0.3309700733345863,0.33809661241239547,0.2543640988976372,-0.4394926101271692,0.2623373638362791,8212,-6.7888397071905064,4.056410669082434,-11.50862030056154,4.7705819400816765,8203
Marinig,2024,11,0.3748045503996873,0.2342164187904529,0.3014351747912994,0.20715549475710882,-0.37888969374059855,0.1857025179894774,2239,-7.10342138457995,3.8067573422975185,-12.34101453077889,5.170984484445618,8188
Marinig,2024,12,0.3888088812828013,0.3373088797850613,0.30787349146269044,0.2432137309410242,-0.3794991049408374,0.29454610287648625,5057,-6.12764441320199,4.127013346399295,-11.19242759959866,4.904977544283937,8211
Marinig,2025,1,0.5145508500803448,0.27113626362901616,0.5243010581698407,0.2806359198925633,-0.47059410706125093,0.2178346834162799,1495,-6.465646993901915,3.796644363092498,-11.91647363260026,5.146021733083638,8180
Marinig,2025,2,0.42258751565788866,0.3315800021606582,0.34980784131543496,0.28250179985112767,-0.40694983104858284,0.25529110909165614,8212,-6.779348904841197,3.666342962040861,-11.886770290387622,4.831182021009325,8209
Marinig,2025,3,0.4161880570918132,0.28124095352894257,0.3209220856393754,0.23289132499062337,-0.42179886129125177,0.21074893010823356,7925,-6.918100161751048,3.482909578394678,-12.0290973815085,4.899334028741559,8199
Marinig,2025,4,0.3661964681277743,0.2115837277211538,0.2997228850722873,0.18978049963244834,-0.38574209853537045,0.15423922194852607,6883,-7.1495128764643665,4.921276416538567,-14.255379860574134,4.498978856112691,8210
Marinig,2025,5,0.40613527912710057,0.277441549239703,0.33004107715259384,0.2405847988440495,-0.41378461261032207,0.1977440790448954,7320,-6.711873563280674,3.458209121685817,-11.73214702873212,4.482526556632824,8212
Marinig,2025,6,,,,,,,0,-5.210088638515885,5.0611085279231025,-12.407231150488746,4.224905454108289,8212
Marinig,2025,7,,,,,,,,-6.395931121270966,5.448438453918824,-13.657487320217257,5.681234190662242,8205
Marinig,2025,8,0.30672768841644654,0.2019410966310662,0.25973771352678027,0.19105447908995113,-0.28371779906346384,0.14892357298444917,133,-7.025597510205154,4.812905165596557,-12.248722539135183,5.274636961114595,8210
Marinig,2025,9,0.40192966185889406,0.3432529073947035,0.30992448058034505,0.2655852379939182,-0.36706138618415257,0.296652057296535,4850,-5.916611278395855,5.525061714500749,-12.68230672945859,4.610265914691239,8212
Marinig,2025,10,,,,,,,0,-6.983881082054079,4.239280562050593,-12.09086284918082,5.253500874226846,8211
Marinig,2025,11,0.3291760119568439,0.37225691337136524,0.2272688700878042,0.23420838278579428,-0.3329828207637817,0.33871253714466837,8212,-5.733417699030451,4.939735513625111,-12.973339343091087,4.956637193104876,8210
Market Area,2020,1,0.376049523482786,0.24439560718226633,0.24532411680488211,0.18288336521434007,-0.3988609251310887,0.18647465360817822,2668,-3.687625570289668,3.3281204856566706,-11.6912941416164,3.009126138988172,2668
Market Area,2020,2,0.3551961378920851,0.22336734771700992,0.257353568881593,0.18577403501815448,-0.3835679257043655,0.17215956712093985,2668,-3.8648470074965626,3.4386074181281794,-11.986083442673394,3.060892784470956,2668
Market Area,2020,3,0.3268226728544068,0.2270245782415303,0.2347824820681671,0.18277006706018517,-0.3585957215362885,0.17439436677414738,2668,-3.8735650537189885,3.428188632071748,-11.845300158145074,3.182700499532492,2668
Market Area,2020,4,0.3119562953007819,0.22911464908228396,0.24573286441869469,0.19456997695710448,-0.33250918974224725,0.17624361438560127,2668,-3.9192749037431027,3.4091478911661532,-12.086534911572546,3.065520072817472,2668
Market Area,2020,5,0.35761856833484434,0.2640277513901281,0.27182017855082946,0.22473780759572548,-0.3721526907200918,0.2006017531623711,2668,-3.565356440035961,3.3684276412078837,-11.58665311037277,3.0242937969337365,2668
Market Area,2020,6,0.32878961724004047,0.2269341953923428,0.2665723824536852,0.19172882789442353,-0.34590463127218146,0.1841067707380395,576,-3.6622332140410143,3.303157087067795,-11.699528246823396,3.019595709310947,2668
Market Area,2020,7,0.3496466014940636,0.24460494820102013,0.2805834509559729,0.21314461835423384,-0.3619356958336593,0.18870205576657906,2668,-3.993435877689216,2.9604156335805767,-8.897784897009679,3.462295605421472,2668
Market Area,2020,8,0.38982832151046987,0.22079830464541622,0.3177748831637751,0.19966583311767222,-0.38996593385039696,0.1609354813689804,1156,-3.408975977827949,3.31486359332002,-11.514203598666958,3.018999501811693,2668
Market Area,2020,9,0.3795589562012087,0.25468430196907554,0.302680259678724,0.22052646346547133,-0.38930900442451327,0.19272294718929045,2668,-4.6860057301508755,3.1215214242823004,-9.42035438028988,3.696041992024864,2668
Market Area,2020,10,0.3243635737046189,0.19481940049914293,0.24806221867648656,0.17080574804068527,-0.3248935736464761,0.15407382390254226,2046,-2.3204106887718754,3.2987921223074452,-10.785696474472227,2.8464327119667017,2668
Market Area,2020,11,,,,,,,0,-3.15460277786885,3.321021925161286,-11.312104264299371,2.9090924296071763,2668
Market Area,2020,12,0.37215161382917855,0.23930165386910215,0.24220876168476504,0.17760114541697972,-0.39583983741213,0.18478135812228821,2668,-3.2884464929474833,3.2642257279519025,-11.372977077252,2.867828377698477,2668
Market Area,2021,1,0.3640355755184223,0.2222771678084289,0.25147983270353147,0.1763968870502157,-0.37600715779143923,0.17126089544221126,2668,-3.295038783500766,3.188708347125287,-11.565480239868071,2.912176185814356,2668
Market Area,2021,2,0.36047335675629694,0.23857180689719437,0.25196274054012735,0.18718104133444619,-0.3925162492382944,0.1845544214096897,2668,-2.9545857477955835,3.3162942744551707,-11.274783530028547,2.953565782517318,2668
Market Area,2021,3,0.01943996176123619,0.08271586552995948,0.03374868631362915,0.15555992677259306,-0.017498144879937172,0.08568477890891907,4,-3.588849510948836,3.271968096623328,-11.74735603319282,3.0730409230436355,2668
Market Area,2021,4,0.30173591925547677,0.17294101456968528,0.21922899116403782,0.1392864308843734,-0.3026492059803925,0.14443327675526754,13,-3.4793680999950762,3.3055389226423024,-11.585454792138947,2.91210539159607,2668
Market Area,2021,5,0.3112619772511367,0.21952585386023554,0.24592499985781613,0.18468112563274114,-0.3436489851811496,0.17305992456912905,2668,-3.704207015509336,3.387478137123746,-11.828963344992092,3.1547482737750894,2668
Market Area,2021,6,0.3246029402092089,0.19736497827939142,0.3168159207431517,0.21578850753315548,-0.31324631675973663,0.14928082404697038,2668,-3.5184125182531916,3.3620106106424936,-11.673037658354762,3.0501318214496336,2668
Market Area,2021,7,,,,,,,0,-2.683025052550011,3.2938461609459506,-11.111984259162716,2.9042007690211076,2668
Market Area,2021,8,0.28583148607927167,0.2154076844612795,0.23450880644519867,0.20149884002854387,-0.2963102974415739,0.16530091721953438,196,-4.60408321992533,3.195608138962669,-9.381017774731639,3.741019186640647,2668
Market Area,2021,9,0.3664472065157816,0.2507939139922475,0.26600840423139843,0.19915074446969488,-0.3897771065037331,0.19180415860753514,2668,-3.1065034480420985,3.3152526448734356,-11.358529881567597,2.977932491357959,2668
Market Area,2021,10,0.3731095626644615,0.24566845281162594,0.25497726637594154,0.18899261819598237,-0.40021547171342897,0.1919865651207561,2558,-4.651736185820419,3.1602751103971327,-9.338854054675318,3.7910419947926552,2668
Market Area,2021,11,0.005259558248023191,0.07526558302271522,0.0005611286809047069,0.1570329729039524,-0.005103712280591328,0.06975642885006274,6,-3.248480349390787,3.225484198399313,-11.51378544864583,2.984586106410565,2668
Market Area,2021,12,0.3881868325649726,0.25807789808489273,0.26264526895092055,0.1997526559762029,-0.41655792931696556,0.20089447359200785,2668,-4.536150700306913,3.1703393253344685,-9.252863729967931,3.7145705220175764,2668
Market Area,2022,1,0.2814598998846622,0.19952252061701214,0.2049521140702615,0.16791447890620947,-0.29337017135502524,0.16348197961686659,2515,-4.664420239961514,3.345758184714553,-9.33847333281685,3.782183136185234,2668
Market Area,2022,2,0.3439756894348548,0.23690892827596777,0.24732321557204484,0.19341980470725745,-0.3680097032558298,0.1851008852118662,2668,-4.500257387202278,3.1479762240492737,-9.132634078610819,3.7047105927395982,2668
Market Area,2022,3,0.3431670898149239,0.24526811065109394,0.25361637044271257,0.20032399898110023,-0.3773075468126915,0.1935408806717799,2668,-4.673232502978672,3.034106583904726,-9.171183410334201,3.6195906671103257,2668
Market Area,2022,4,,,,,,,0,-4.522479854550757,3.0956405453399993,-9.166588323418427,3.7067625068224888,2668
Market Area,2022,5,0.35108284494409164,0.24873218916899859,0.27295856469510604,0.2106588396046764,-0.3704033534322144,0.19059648773491616,2668,-3.9198443195857693,3.025306875589037,-8.922372906524515,3.5420535302896963,2668
Market Area,2022,6,,,,,,,0,-4.03366179980725,3.0807936731537082,-9.031724968447591,3.6912116362820764,2668
Market Area,2022,7,0.37074536274922154,0.2732374628352451,0.2769985629526506,0.2267781850166315,-0.3893826585755422,0.21149322210198618,2668,-4.008638811835799,3.0639663711673832,-8.911142167018129,3.6040261119890684,2668
Market Area,2022,8,0.34674715660623295,0.2327921238934946,0.2527684336990922,0.18254449215671467,-0.357760375399169,0.1812945336404927,2668,-4.502809317106864,3.162376945533615,-9.191500464704212,3.593958718106111,2668
Market Area,2022,9,0.36120025744253464,0.2540268046007982,0.2900156960389731,0.22165267014552134,-0.3780205300843745,0.19889781216485272,2668,-3.8417700839960007,3.1397261039864994,-8.752132440313979,3.5592318870691733,2668
Market Area,2022,10,0.3058282833130276,0.1766236383535254,0.2491343773287187,0.15759211645342636,-0.3086400520888731,0.15596549161472928,188,-3.6969773808105058,3.205356740670308,-8.54475309202835,3.727686525466308,2668
Market Area,2022,11,0.31517264211919077,0.20572093236418093,0.23766674102541566,0.17000302302796008,-0.32488749062532685,0.16170826791972126,2644,-3.5320697649217276,3.0666828849719043,-8.478142369339484,3.543507998313137,2668
Market Area,2022,12,0.3558032721473323,0.23642191323152453,0.2407091268232792,0.1811178369461052,-0.38401700098999014,0.18779613819281274,2668,-4.593496944885872,3.223941481586758,-9.11284298352234,3.703487296800461,2668
Market Area,2023,1,0.3736855853503132,0.2193047177491571,0.2500192983974723,0.16405717759786606,-0.395648497591469,0.16380065895462168,1465,-4.720741834551879,3.2501304835485323,-9.234541480095787,3.759710752366809,2668
Market Area,2023,2,0.18472028714491104,0.11077728187748825,0.13262736838220102,0.09866769612997575,-0.18623928253243605,0.1081043820309624,41,-4.478859402075953,3.223306011631695,-9.07805472055613,3.7227427359154546,2668
Market Area,2023,3,0.3067948984310246,0.20853641112446036,0.2356054193932659,0.17560501855572253,-0.34575743212021987,0.16683465296492497,2668,-4.638811301899028,3.2637912489814496,-9.240168833751875,3.7443634931850993,2668
Market Area,2023,4,0.3166357372575279,0.2110370417121751,0.2514175069146303,0.1822894543501791,-0.3442100338604939,0.16221299773237896,2668,-4.5825239228511565,3.1303217267953705,-9.226861266936963,3.7822293871826913,2668
Market Area,2023,5,0.341586419554951,0.23463760722456675,0.2915022806837379,0.2503784244171384,-0.35582985021419483,0.17962515739812404,2668,-4.388788034806775,3.215513943373703,-9.172262061089864,3.8755268722717835,2668
Market Area,2023,6,0.38039335466101526,0.2885233150286458,0.2616421892383849,1.2646654576532874,-0.412035641600135,0.22449956262621032,2668,-3.789546116079285,3.0107212339327987,-8.704848488687881,3.5764767644209696,2668
Market Area,2023,7,0.34386620871466284,0.2568183623662169,0.2600915912267567,0.26826758320475,-0.3607864745016897,0.1987268325638015,2666,-3.6687676249689094,3.068710333141392,-8.7429637494703,3.62062432074402,2668
Market Area,2023,8,0.30354543647693705,0.19100921421862574,0.25903284099070895,0.18393910043067946,-0.30857461663964775,0.14531233255989057,2623,-4.089857979367634,3.1449567343937708,-8.930073188756035,3.6433849058264167,2668
Market Area,2023,9,0.37271982984203444,0.26189227666002635,0.25830045591575435,0.20365293733996567,-0.3990185652099669,0.20403053834058762,2668,-3.8962074981840367,3.121038405304319,-8.817862527341916,3.5929323652579894,2668
Market Area,2023,10,0.3265365412394877,0.23478529844751364,0.30846135343325076,0.24640029516595535,-0.34963166647905064,0.17265057376809145,317,-3.578855259613994,3.142037599261913,-8.718223867727222,3.6723921265600667,2668
Market Area,2023,11,0.07779506893187271,0.023672429018085958,0.07219634739468335,0.02805423964865041,-0.039029770149070726,0.013501002217397359,122,-3.98742192300617,3.1672109844985554,-8.794333942591988,3.7068921906931447,2668
Market Area,2023,12,0.3677874242344003,0.25422558776928084,0.24834343838714068,0.2002437503773759,-0.4001916262610933,0.20368945717074624,2668,-3.9923082355104857,3.186230335954568,-8.943267230192681,3.7808752902652385,2668
Market Area,2024,1,-0.0002043097546058012,0.06999150883291475,-0.02355633503092187,0.13130566734662877,0.0026679102863584273,0.07997583324940959,7,-4.501389140558693,3.2360780988752236,-9.219324923053396,3.741535352089408,2668
Market Area,2024,2,0.3336983762257124,0.22347479314275712,0.2323260079891699,0.1758664345360859,-0.38085952286700653,0.18177457369574798,2668,-4.522668137422588,3.183114832640114,-9.048845875544693,3.622905439868263,2668
Market Area,2024,3,0.2708323114432858,0.21957673483830753,0.1984235291632916,0.17559442516509716,-0.30321791525755504,0.17881947006033955,2346,-4.592745029269591,3.21671127181557,-9.155256276339376,3.6805029239993963,2668
Market Area,2024,4,0.3014512598003323,0.23757397198396538,0.2214796327654326,0.25290515276578435,-0.35277735448460046,0.19534109825781384,2668,-4.70826670939912,3.423850323843255,-9.389111937436274,3.840643066184152,2668
Market Area,2024,5,,,,,,,0,-4.442753570624506,3.2341270019931723,-9.095176075778232,3.7767421737178273,2668
Market Area,2024,6,0.32573393080383545,0.157671864761613,0.3573756061228259,0.18242405673359297,-0.3277251767260687,0.11253860536421186,35,-4.276489362253872,3.177342966856807,-8.933516263213349,3.707669524264289,2668
Market Area,2024,7,,,,,,,0,-2.6976121870156473,3.613751716122164,-11.261415930230307,3.4200935962757515,2668
Market Area,2024,8,0.28616573532488554,0.17531038548094816,0.24633537956462562,0.16562282324408,-0.2971845112879577,0.1371317159016701,2641,-3.774417868000415,3.233594812495897,-8.634664202323997,3.5370122771755526,2668
Market Area,2024,9,0.3518866066233673,0.2540356370722818,0.24619792837998478,0.19773019599623043,-0.37739048863189717,0.20069420731640625,2668,-4.1914827947796685,3.2864430982695496,-9.088734369224236,3.7978054124357126,2668
Market Area,2024,10,0.33907990683980027,0.2509293708162124,0.24614502740347294,0.20376835399638973,-0.36528394189326474,0.20049296837746708,2668,-4.0612691072347396,3.199796310036968,-8.90173005750347,3.649324826540757,2668
Market Area,2024,11,0.320579470580697,0.22407323017105002,0.21799559492075468,0.23957049857143725,-0.3616479635379586,0.1834851648510837,2668,-4.619936234968376,3.39189957571069,-9.346502234460436,3.761958529116594,2668
Market Area,2024,12,0.28943936269026455,0.21214597454603745,0.21401845633936542,0.1632784485216219,-0.30349424348604426,0.17176990670547262,1132,-3.588053959451831,3.1646607838655547,-8.465821198849687,3.6838405741780518,2668
Market Area,2025,1,,,,,,,0,-4.177067677745324,3.2100113033119895,-9.118863623032157,3.763777836286198,2668
Market Area,2025,2,0.32474054747478726,0.24143137237850013,0.23641257152838663,0.21140112140303166,-0.3514004772374064,0.1957392408512754,2668,-4.579606858918656,3.388229598317945,-9.097864900501145,3.8478469075507804,2668
Market Area,2025,3,0.2947146053186085,0.19307114184622529,0.22537131040979083,0.16902290639566822,-0.33086375671218415,0.1588836094532297,2517,-4.451843209697261,3.2828582545546423,-9.065784276186628,3.7228346323060584,2668
Market Area,2025,4,0.29076348810760666,0.2003711983574709,0.2354051027675858,0.1774306042607505,-0.32391447976037097,0.16242025910059588,2668,-3.7631059837208167,3.8164291305258424,-12.415053219278946,3.3834415227091648,2668
Market Area,2025,5,0.30090448201472314,0.25018170460730593,0.23931435983381796,0.23320171894019326,-0.3334626690010062,0.20279991677059409,2668,-4.184034785609739,3.2222832147921796,-9.036120471090774,3.6852392823634688,2668
Market Area,2025,6,,,,,,,0,-1.7592336968617712,3.5987443879349037,-10.804909539745502,3.1529977681538166,2668
Market Area,2025,7,,,,,,,,-2.790624661530553,3.688435937224343,-11.254429047382732,3.3182281031175154,2668
Market Area,2025,8,0.3127689319233175,0.23810022281413817,0.22466223076673714,0.18841061393666142,-0.3385710148312164,0.19311187181041203,2668,-3.8709249090411406,3.1829588055315168,-9.04242445387694,3.6665366749475456,2668
Market Area,2025,9,,,,,,,,-2.29141713804677,3.584753061753537,-11.008120835223787,3.155457407724115,2668
Market Area,2025,10,,,,,,,0,-4.0197659271627515,3.1414460742435386,-9.008165905173891,3.630465845783972,2668
Market Area,2025,11,0.34016902132293675,0.24597319586500707,0.21300219218508934,0.18092757027430015,-0.36796606875690013,0.1981810349711953,2668,-2.4534764139249923,3.6976093999983815,-11.094267078009297,3.2203671171192636,2668
Niugan,2020,1,0.4734891900859467,0.30154055161937293,0.29741479745420685,0.2138174634112167,-0.4392811543352474,0.23449601833022043,6930,-5.685697727815419,4.481332748273352,-13.914477254913376,3.412795925573423,6929
Niugan,2020,2,0.4727594717357136,0.285622771750166,0.3425032334799215,0.22781876265152984,-0.444297680248893,0.22261579532412737,6930,-6.121610884261247,4.733411579174392,-14.217005601366068,3.379989388976447,6930
Niugan,2020,3,0.41287342328537047,0.28816481929779575,0.2851992143879599,0.21394260975724771,-0.41006856678252396,0.22828370691792463,6930,-6.339876117676037,4.969268327058643,-14.171297410209515,3.5362937357861677,6930
Niugan,2020,4,0.3238550419858671,0.26199922655724156,0.23343324371450874,0.220382819026236,-0.3295353463523088,0.2113023240399448,6930,-6.516990342619624,5.319989386122062,-14.948408981035547,4.15799513052446,6930
Niugan,2020,5,0.43383961030696855,0.32782944878071346,0.28914747897459003,0.2606235823131332,-0.3848502432915685,0.25108960570933625,6930,-5.6436878096187915,4.90599565331377,-14.1230210921562,3.8007070077208565,6930
Niugan,2020,6,0.4826813517151334,0.3345137257036374,0.357653193952834,0.28763516459936916,-0.4194693144596008,0.25637925780143084,6618,-6.0735333303846,5.147731318424954,-14.7413821392147,3.9077395464750673,6930
Niugan,2020,7,0.4818099557111872,0.32079778276568993,0.3731452832275555,0.26132989176021676,-0.4244741112947714,0.24356144794613485,6187,-6.7277922999013455,3.596500178365974,-12.373504068246605,3.3697211330517045,6930
Niugan,2020,8,0.5092153523245851,0.30484065913569436,0.39703158203533434,0.2504679470682568,-0.460667006124165,0.23661785041593797,6404,-6.253897764858343,4.9159326681699085,-13.866277880315355,3.22802404352066,6930
Niugan,2020,9,0.4541548472477391,0.2755873526530469,0.3516296367843369,0.22658992109003323,-0.41746784371347334,0.21488680322118814,6911,-6.943020204934283,3.3586667765609013,-12.569689796584951,3.460692807176655,6930
Niugan,2020,10,0.35967969641720016,0.2686611932798937,0.30457557654387235,0.2569206136824498,-0.3457216606115676,0.21399822232156304,3855,-3.82994335866314,4.270701453001725,-12.142326958590383,2.819965642387459,6930
Niugan,2020,11,0.3166320519200687,0.04687429354893545,0.3850790339297262,0.10152910109300128,-0.2453249317818675,0.03196305357369374,29,-5.007390424241034,4.020726736500409,-13.103531728641007,2.7051558382619385,6930
Niugan,2020,12,0.5085894070703117,0.31523253016414365,0.35166301480489337,0.24876026673340743,-0.4644567367994143,0.2469889989693324,6930,-5.222588534196202,4.1494408833084435,-13.293558844591796,2.87136137312428,6930
Niugan,2021,1,0.6016798617631316,0.14123815703284973,0.5391888169125526,0.1288566315524412,-0.5140614837887607,0.11923386783807133,839,-5.552358913088453,4.335122770450898,-13.921021475283899,3.1103030080019294,6930
Niugan,2021,2,0.4894871356136253,0.31274541271869727,0.3420255030042173,0.2477022789912954,-0.4516840061243549,0.24363951111650517,6930,-5.039628483109992,4.495465661051758,-13.287104736941549,3.107464677234636,6930
Niugan,2021,3,,,,,,,0,-6.5104244285117705,5.070589965879484,-14.90355358142662,3.9753300410872114,6928
Niugan,2021,4,0.3722115126370383,0.22167552581004193,0.3312975057077764,0.24579948161971316,-0.3462232097445299,0.1823352325163814,3714,-6.511513571018093,5.083725323032962,-14.949380028998295,4.075247824947757,6930
Niugan,2021,5,0.3518810729453007,0.26344855500341213,0.24776066695495036,0.21247072736504433,-0.36239244957745526,0.21290077206857397,6930,-6.455931664791407,5.488556283748422,-15.134951002752496,4.306475510721011,6928
Niugan,2021,6,0.30891509975432063,0.19210200847351902,0.362936565914368,0.2699009103078521,-0.2511314866798262,0.14651406082734264,2569,-5.555725834392024,4.772776668827563,-14.291015212786903,3.863408462535076,6929
Niugan,2021,7,0.5086676755671392,0.35034681046133803,0.46003261765440495,0.8425304160126922,-0.437573703076396,0.26863147378577334,5216,-5.303720882496669,4.645295773117096,-13.788896137476499,3.38880608671544,6930
Niugan,2021,8,0.7118246366814622,0.2432851971983031,0.6773733731428567,0.2893813390740365,-0.5591155307212294,0.2001180038319079,1899,-7.43608892422506,3.6838160220581964,-13.116631557721721,3.8983515828034427,6929
Niugan,2021,9,0.5112619719351353,0.3271892198114071,0.3651842947576078,0.2644373825409383,-0.46649561592286154,0.2519781678180906,6930,-6.008277983591508,4.877080226445277,-14.012398701914792,3.2160600435839957,6930
Niugan,2021,10,0.4973465859174278,0.2952936401392531,0.33525998243572896,0.21053804323413597,-0.46214333181338296,0.23336459750704924,4100,-6.674429151190914,3.153145732060172,-12.423533898736407,3.614934549783224,6930
Niugan,2021,11,0.04549214243888855,0.0,0.10994136333465576,0.0,-0.017030976712703705,0.0,1,-4.874894233498571,4.416121500512833,-13.098875134961856,2.7904467561751916,6930
Niugan,2021,12,0.45203069927059863,0.3011946490814694,0.3129976076594858,0.24235847617238954,-0.4299359636775523,0.24267307716538725,6238,-6.9004796500209,3.2681108678911066,-12.744617032850877,3.828323177103686,6929
Niugan,2022,1,,,,,,,0,-7.003475341977013,3.276956134793283,-13.139784399849844,4.101271823602967,6927
Niugan,2022,2,0.4708421941771114,0.29927359744550025,0.31132559197888093,0.223943923399664,-0.4233294842694586,0.22793892863458431,6930,-7.1698161328516035,3.280111808912814,-13.04133872329751,3.796214548167445,6930
Niugan,2022,3,0.44740918974520727,0.31092428227214264,0.3021757962506728,0.23688808356993823,-0.4298059927016308,0.2435280605794113,6930,-7.748204874812575,3.623958450337453,-13.507344593481102,4.156830139884419,6928
Niugan,2022,4,0.3893197121783343,0.24921303427976044,0.3088999471087101,0.21867954598891928,-0.3706942231351599,0.19771938077276013,6731,-7.254276187052724,3.3972836844549117,-12.80799371716672,3.706613928178955,6926
Niugan,2022,5,0.4414895178838725,0.30434280670863295,0.30144159493665407,0.23885017372562725,-0.4097203487202683,0.23623975476005146,6930,-6.750303611932768,3.484672824172785,-12.674790631665656,3.6208618285679406,6928
Niugan,2022,6,,,,,,,0,-6.883308463019109,3.745083740633053,-12.92358234217248,4.252290073562852,6924
Niugan,2022,7,0.5249582286406584,0.3399773985803196,0.35665497899920984,0.6853469442883838,-0.4787653086704736,0.26798459852907797,6930,-6.727325045433122,3.776480862765581,-12.607799426129873,3.8682853968137145,6929
Niugan,2022,8,0.4969905592694779,0.2882565921505372,0.38481802506104673,0.2420265437535911,-0.44456494701826865,0.22421628742400967,6930,-7.2347799573189215,3.6942841939098088,-12.690618976352555,3.765084652715591,6914
Niugan,2022,9,0.401434966289691,0.14225705820082404,0.3602938989965212,0.1426130493520491,-0.3491225932212433,0.11362886457336192,2045,-6.77725857608137,3.642121892570132,-12.164871411744176,3.551477293263716,6929
Niugan,2022,10,0.4852204298616474,0.11710422956019449,0.46704549361497943,0.09239315087777336,-0.41697477377378006,0.09465876367067676,117,-5.963898511749531,3.584983948648483,-11.561140957199793,3.792935009785458,6923
Niugan,2022,11,0.09831639529981963,0.07083922337707618,0.08986728079772242,0.09751886076025543,-0.07626572012280426,0.05474347308684516,150,-5.662816693194818,3.4175751055329187,-11.481306268471876,3.6058606262469386,6926
Niugan,2022,12,0.5056113938087972,0.31006620798831686,0.36337941195070467,0.255392226469442,-0.4635735610881021,0.24344631102386324,6930,-6.755463514861373,3.310637748930173,-12.430825321995382,3.6251709908681047,6928
Niugan,2023,1,0.5023279219006542,0.29981989081049365,0.3401202854628891,0.23748880102728848,-0.4654109666524557,0.23243927775293968,6930,-7.130681364803111,3.6000025259742454,-13.000997534164837,4.167719224534873,6924
Niugan,2023,2,,,,,,,0,-6.756010037379669,3.2904626315941607,-12.54403658276172,3.691583291334692,6930
Niugan,2023,3,0.3663658428521221,0.27361173567472524,0.2644130969778378,0.21562913843251275,-0.36797231457535434,0.21667184457451208,6477,-7.541721101113953,3.764693145669251,-13.442582986808349,4.443458151284768,6930
Niugan,2023,4,0.4311051418170888,0.2591593257581472,0.3206596602518485,0.2089587153418871,-0.4055431883200316,0.19797464561393302,6190,-7.402848844005902,3.7021550701367665,-13.35553622777262,4.412470591176279,6928
Niugan,2023,5,0.4906204223838379,0.16286002643751182,0.44744374354012756,0.15466733409944253,-0.41352675497763325,0.12159274880120943,837,-7.54539519778941,4.13337393928306,-13.462789435312292,4.6401155033428605,6927
Niugan,2023,6,0.5153647643542045,0.36012889375079304,0.36264982472000196,0.41319140015821154,-0.4630531749219951,0.2748353661357351,6930,-7.197493714424004,3.7047725738462742,-12.977593834958363,3.9769879364624416,6930
Niugan,2023,7,0.4901508058534104,0.32714892466774015,0.38106726511419625,0.43482171183315743,-0.43640556960412386,0.24550899173909882,6060,-6.636287838054423,3.7354410041540573,-12.404525654531954,3.689564730917042,6930
Niugan,2023,8,0.3683457187471313,0.19463097526238424,0.4720182736486543,0.2800100657118883,-0.28858614887762585,0.14411947849715107,2003,-7.19361234456529,3.8774146507127796,-12.79316359298483,3.875187447984808,6929
Niugan,2023,9,0.5090035290461624,0.33764236658356106,0.35096533137766955,0.347674292796835,-0.4743897700166943,0.25902405073621126,6930,-6.3068698413557716,3.3409574847341106,-11.800231618718074,3.337028568846884,6930
Niugan,2023,10,0.300560035922698,0.13672380394609204,0.2829482969428812,0.14123370056352044,-0.2814443165644609,0.1089926661716834,1750,-5.587131683452828,3.1848404694715255,-11.27736805600046,3.174641002752316,6930
Niugan,2023,11,,,,,,,0,-5.749957252315122,2.9851039228948495,-11.272743425612308,3.230262976142456,6930
Niugan,2023,12,,,,,,,0,-5.643404111262102,3.003439175042399,-11.417192139221706,3.1955347347516256,6930
Niugan,2024,1,0.6427260429908835,0.054708900124319386,0.513408737629653,0.06544028790925698,-0.5666595164686438,0.04653429162991146,720,-6.461456693486865,3.4154961813732965,-12.133898093400385,3.638367989866,6930
Niugan,2024,2,0.40106748761466354,0.26999243682185126,0.2655902621640259,0.19303816394027187,-0.40070116841494613,0.22290559054406242,5042,-6.762586561023156,3.33526672944619,-12.771469337687533,4.02495443381992,6929
Niugan,2024,3,0.36792886883528747,0.3014353847814998,0.2578692254400293,0.23925243940877444,-0.35765757821740357,0.23224054651833534,6304,-7.519079848948135,3.886231148462593,-13.148912648937275,4.119325882952029,6930
Niugan,2024,4,0.3745170211798989,0.30774253320605366,0.25606206150041216,0.2477443922316781,-0.395497882138236,0.24276252790629607,6930,-7.810286402884138,4.205823254613515,-13.99535144492786,4.838252460638566,6915
Niugan,2024,5,,,,,,,0,-7.6860966205982555,4.0071930931367215,-13.463629480005622,4.493155077184461,6929
Niugan,2024,6,0.4157297768914426,0.3094746446989241,0.35447455594978966,0.8433398082565671,-0.38005601352039353,0.2389955440146427,5916,-6.64094517683789,3.609646406890982,-12.468757340121753,3.8013017961070035,6930
Niugan,2024,7,,,,,,,0,-5.452350385756039,4.993368198347046,-13.796648938085214,3.6505613304464983,6930
Niugan,2024,8,0.394763872933574,0.23861849902968363,0.3755733373439262,0.26677943578909197,-0.3546128574446456,0.1770570891453086,4720,-6.472191690792041,3.841578101571933,-12.012871365816496,3.6595727628162185,6930
Niugan,2024,9,0.5169006950616422,0.3393142308894855,0.37805610426597336,0.2822325399737377,-0.474525859465602,0.25783228640482936,6930,-6.804418078202488,3.797607275333201,-12.385739710514201,3.7475650445440705,6930
Niugan,2024,10,0.49590766920585744,0.3343008224026798,0.36654603122439927,0.29450714152639323,-0.46384108573086635,0.2555629855699541,6930,-6.0710501732319555,3.1848217393101477,-11.446754524634283,3.1060979365501376,6930
Niugan,2024,11,0.5393299299926987,0.2504938482677939,0.42314053763547527,0.21288944854637487,-0.5006984754507912,0.20070982211717814,3586,-6.514221420070426,3.217335308728376,-12.077006079615657,3.4366941638288995,6930
Niugan,2024,12,0.5319985398387824,0.25305908033151003,0.4436539621501494,0.2277644483814013,-0.48332468518798094,0.19034698350264215,4359,-5.161639718623273,2.9797843617515936,-10.81147964818623,3.2118478199920713,6930
Niugan,2025,1,0.6867949175330573,0.07715891716790389,0.6058705265824454,0.09862128301842621,-0.6150986861094887,0.05939221513743717,1348,-5.831310463577649,3.041227782053823,-11.800251579997441,3.3965014837742293,6930
Niugan,2025,2,0.4499509134482727,0.2753622991563913,0.3755054219134794,0.2404446044002291,-0.4208752950063087,0.21125765172506855,6893,-6.574333013464937,3.2656459949506416,-12.195400136568287,3.5538140477682996,6930
Niugan,2025,3,0.436656313345027,0.29330327621776286,0.3172516951080703,0.23800878633781278,-0.4266889706136327,0.22589295329626685,6930,-6.7345789051531195,3.302607514305494,-12.605259516477627,3.7811432539309258,6930
Niugan,2025,4,0.3523789768098659,0.23799665219758484,0.27888909841196236,0.20112040644254525,-0.35643291692391543,0.19287806347367048,5374,-6.806311338609949,5.306135260828521,-15.020721998749458,3.677321017799493,6930
Niugan,2025,5,0.3863214863541027,0.2899610648695257,0.28160108281005014,0.29432561594785367,-0.37872410757867103,0.2284932614860806,6930,-6.678222192091589,3.460035006082075,-12.418200120338163,3.725108949494785,6930
Niugan,2025,6,,,,,,,0,-4.220330954649633,4.913362636654409,-12.68887460878278,3.0724919877033416,6930
Niugan,2025,7,,,,,,,,-5.315632610821122,4.597771759087202,-13.460472285961492,3.212116572777445,6930
Niugan,2025,8,0.7821613239752855,0.14799587965848457,0.6528032273054114,0.14306816682359338,-0.6320965134445301,0.11566678518180873,1645,-6.376034367865676,3.6670884680250464,-11.898341568377768,3.450204984639417,6930
Niugan,2025,9,,,,,,,,-4.651654173450989,4.628836221402287,-12.646718664386707,2.6705467648694365,6930
Niugan,2025,10,,,,,,,0,-5.78419443479597,3.03380550727212,-11.464033849766787,3.1319113502937754,6930
Niugan,2025,11,0.5057556721088645,0.31627710753908617,0.3425176738501249,0.2405040859561341,-0.46516896675920427,0.2440891078467179,6918,-4.783642639937677,4.340038202685249,-12.675593432131464,2.550743341404315,6930
Pittland,2020,1,0.33527285456362466,0.1836837406364613,0.18476596812788104,0.10977430210930846,-0.3493056753554895,0.1578819490571749,8798,-7.439710564265375,3.3106678067474076,-13.487537491338307,3.0301992656652357,10511
Pittland,2020,2,0.488428251488257,0.24206191591594362,0.3347059971173512,0.21238865137703916,-0.4545197310600224,0.19407550071351845,9522,-8.282922689261047,3.6532801167680136,-14.935173030826075,3.211967965197869,10511
Pittland,2020,3,0.5654740628893316,0.22336336749600638,0.3943751409640337,0.17204766304168864,-0.5161444243678861,0.1745624668123986,7020,-8.46189851706432,3.742593970408551,-15.027673786998507,3.206636778561094,10511
Pittland,2020,4,0.4161938655104979,0.24340364457517066,0.32010490130356417,0.2033193602411715,-0.39539922842849334,0.20111311300103113,8716,-8.89341232629671,3.9096486227965515,-15.531461193886866,3.551938567650655,10511
Pittland,2020,5,0.508087643333489,0.2732488717078903,0.5414227642606767,0.5589313204168095,-0.37728832449231836,0.23362048839392888,21,-7.83338236155744,3.576497312685351,-14.328293567560715,3.018343914465477,10511
Pittland,2020,6,0.6740991277733148,0.25012397440427453,0.5911339684990735,0.25213779859925023,-0.5739245551902328,0.20296664934943756,7120,-7.745959829258485,3.508732568874863,-14.3314106251444,2.8816128050222636,10511
Pittland,2020,7,0.5507687683724197,0.25148123320306726,0.562981401530737,0.2656095108649006,-0.47649587859309134,0.19616940984175055,5358,-6.91605787283115,3.074646109093213,-12.71229597554602,3.2194922558642363,10511
Pittland,2020,8,0.61852002812569,0.27073766831079493,0.5021188068333556,0.2409542848718709,-0.5468166695270388,0.21614211227078367,8920,-7.475084547204702,3.4544315998587463,-13.987493940758185,2.8800967067100607,10511
Pittland,2020,9,0.45933925948513643,0.2509102905612675,0.37946827412722495,2.0121783009846506,-0.41565987671260646,0.2099428565836787,5871,-7.433762341216477,3.078360321287132,-13.1931922342674,3.280594161392817,10511
Pittland,2020,10,0.5841167748477826,0.28487237822985495,0.44864650717492155,0.28168825197203423,-0.5187621071782677,0.23529948915191695,9341,-5.551410975124544,3.122824768134524,-12.104545936573214,2.42401392824615,10511
Pittland,2020,11,0.5412169168708242,0.28588954561790686,0.47728391175545054,1.7144278429346964,-0.48108706307564936,0.2397056483495422,8875,-6.774712828577227,3.2953162456577534,-13.263642669452057,2.6800052775911465,10511
Pittland,2020,12,0.4633111669497343,0.3081800711654007,0.35010202426777964,0.3028584930465909,-0.43635789907125155,0.25704556655748023,3777,-7.125251220941341,3.326053206316113,-13.633473854614445,2.719004015984974,10511
Pittland,2021,1,0.5307149387229357,0.17554808696629715,0.5147888231988164,0.25925483548710426,-0.47205146765027045,0.13307754774041838,1084,-7.26832204402099,3.351479676901334,-13.923271033711831,2.85873995557924,10511
Pittland,2021,2,0.6037031638746797,0.2868397790922927,0.4399300012767138,1.058554283651701,-0.539611113513926,0.23489944287701267,8742,-6.519614405610597,3.3998718732845568,-13.0715813921052,2.7105246635358946,10511
Pittland,2021,3,0.03990281978622079,0.04116623321591574,0.08913906663656235,0.09528521319971783,-0.03438526811078191,0.043767702930176136,4,-7.99957302119191,3.682727193510256,-14.526372429113493,3.150183222295689,10511
Pittland,2021,4,0.4448313774919235,0.17366887431365113,0.41204808124886605,0.2099470877437954,-0.4204079570239605,0.1359569464674182,2146,-8.211045420779335,3.8338992499158615,-14.932077381169062,3.4389614195173164,10511
Pittland,2021,5,0.45427324972802113,0.2525681784818149,0.36220541514332316,0.430520579504206,-0.4327694061099891,0.20089165863837516,5391,-8.519175940945459,4.0047923881144,-15.270111690162238,3.545747997480303,10511
Pittland,2021,6,0.32179648068585004,0.15367279859858715,0.5816204895526886,0.34525317295763625,-0.2498233142629131,0.11983739627289289,1918,-7.682253698315069,3.677421447508205,-14.399856775734683,3.1568412666746632,10511
Pittland,2021,7,0.644205445095534,0.20388304169876803,0.7351800827580557,0.2821104009237043,-0.5444944883159106,0.14705653210085295,2886,-6.300044535998924,3.330700322979047,-12.980747143462548,2.6412260768887648,10511
Pittland,2021,8,0.507401755945144,0.29421194449775895,0.5239174295332024,6.267695006682085,-0.43543836721516793,0.24275118635272835,5438,-7.42818194033652,3.285462778090146,-13.336118582431256,3.4619974028098492,10510
Pittland,2021,9,0.6428610221828985,0.30895474960135577,0.5214652925676917,4.506207982340519,-0.5644070203317245,0.25291692033407703,10511,-7.634913373219933,3.551131545891895,-14.19259072635224,2.996335461585723,10511
Pittland,2021,10,0.5112883758071792,0.276528794270956,0.41032731040329745,0.2424680121463483,-0.4860510742911083,0.20901515708826268,1956,-7.384478132469893,3.101866567669705,-13.221855423461346,3.418172246244869,10510
Pittland,2021,11,0.14925530552864075,0.0,0.3114530146121979,0.0,-0.13333334028720856,0.0,1,-6.297462740487786,3.3179843048353166,-12.969419555384317,2.6706864868405678,10511
Pittland,2021,12,0.476640862130636,0.3283311997624868,0.36891480538185933,0.9297152708675805,-0.447572209916066,0.279304802076216,4683,-7.523746551017229,3.023291346438219,-13.328956977548335,3.3599524273303887,10511
Pittland,2022,1,,,,,,,0,-7.54144497687536,3.169032240888556,-13.39110359458031,3.5242713644947172,10511
Pittland,2022,2,0.47021317236000865,0.2571210673246734,0.3948758531909447,0.580136006627174,-0.43416267170461126,0.21175319443775503,5988,-7.741247413995676,3.1496099029129194,-13.467835707739376,3.522483633200681,10511
Pittland,2022,3,0.6355963765799268,0.20334799122701983,0.5165247171539298,0.17543227874493092,-0.5639210494195507,0.16443573167590253,4222,-7.786698545732707,3.1114746761252623,-13.565801283055833,3.4878546508238797,10511
Pittland,2022,4,0.5428405188525562,0.2576126897448992,0.6060618508795543,9.18850532713304,-0.47022038133534516,0.20793579291307304,6948,-6.603996656033424,2.9892079020447064,-12.465572727358198,3.2379020331545756,10511
Pittland,2022,5,0.5069392635274079,0.23802043330866546,0.48063187149751935,0.29326519249862026,-0.4605073474918483,0.17430474862488957,2124,-6.985420343935926,3.069938553659855,-12.971540938032561,3.2154322648956426,10511
Pittland,2022,6,,,,,,,0,-6.610580802055827,3.12900558370645,-12.594709322123146,3.2472677529553287,10511
Pittland,2022,7,0.5991730821507787,0.32977948491770326,0.45266036033666596,7.317951980355533,-0.5277340548592073,0.272013768363083,6738,-6.634575821210231,2.9680107476084725,-12.514837093870725,3.0975128196728594,10511
Pittland,2022,8,0.18149166249335597,0.3491479552059479,0.23747712712682464,9.571680052459714,-0.12490000409454526,0.31607409958309396,355,-6.771818924533564,3.0355549908505397,-12.60592902395758,3.2154654613289457,10511
Pittland,2022,9,0.6195630526694527,0.24496444082407084,0.5366011556352279,0.24759812725005406,-0.5368611657924873,0.19801504502163136,5610,-6.623771856436108,3.1435796945952648,-12.428970232714969,3.2225448117517836,10511
Pittland,2022,10,0.5199378038069222,0.22884532766202034,0.5398099804839296,0.26015671869390367,-0.4531302008242026,0.18101180046058715,292,-6.291500747152784,3.213137317987124,-12.17417144524164,3.2781513472478228,10511
Pittland,2022,11,,,,,,,0,-5.8213151256453255,3.1701099316804977,-11.701885189286626,3.105553532286654,10511
Pittland,2022,12,0.32601508888956854,0.25238589438224807,0.24078171828914985,0.2166280445438679,-0.35876575933582733,0.19924125234450024,489,-7.361126015353428,3.0372944167851648,-12.97178157758905,3.223626313530437,10511
Pittland,2023,1,0.6493563935668307,0.29628865861002945,0.4982062675833028,1.582726376295496,-0.5782419010626132,0.24867991016972324,10487,-7.543137422848648,3.2275139030860656,-13.278988287684733,3.4846026554846556,10510
Pittland,2023,2,0.4759728661018329,0.08615798210125249,0.49601268690105177,0.10901272401652935,-0.4175496459139607,0.07337666535036048,4954,-7.355199922025366,3.218032389948052,-13.225828794500439,3.4257745547190686,10511
Pittland,2023,3,0.45860350113280496,0.248983135107107,0.29193797031060675,6.295299202981044,-0.4441653424967834,0.20783808112958554,10385,-8.282949791587308,3.364439410306357,-14.076249635449848,3.890813050674611,10511
Pittland,2023,4,0.5388426245945842,0.25705639572697103,0.42843121537885476,0.2532234880037952,-0.4906313508766166,0.20773680070544442,10511,-7.868433668835033,3.273085965772268,-13.79647776305382,3.7607141498116037,10511
Pittland,2023,5,0.5739467562658325,0.07881264473451298,0.6781178650218546,0.1333430102589279,-0.4537913956948213,0.06728456631467511,1223,-7.986282031545848,3.5515428823755824,-13.902572121890833,3.8671707862519056,10510
Pittland,2023,6,0.6236727960995648,0.25633754537111214,0.5719352760508656,0.24893747919120757,-0.5384949959403664,0.20595704009476037,8660,-7.192774595079135,3.2077305767420117,-13.218925308805971,3.4024303939377254,10511
Pittland,2023,7,0.7573473452232417,0.16452749467804376,0.7475610171128149,0.17960276077726756,-0.6357024130828326,0.13620602204045396,2958,-6.846667338949615,3.3919686353699174,-12.842677728618723,3.446976744993026,10511
Pittland,2023,8,0.25433121151898214,0.08124263340829625,0.6748883826253207,1.049574672810679,-0.1175152776033982,0.06768424233977777,23,-7.283519256477757,3.4825400831792908,-13.213421790408807,3.6299621919406913,10511
Pittland,2023,9,0.572752358916334,0.3226414382831708,0.43571074483791566,0.37880122547824147,-0.5176019043129041,0.2676016417470177,5560,-6.675793360794612,3.205316369852855,-12.43837913189695,3.2819678344129595,10511
Pittland,2023,10,0.3607122789738045,0.18190047365775444,0.32732704527791373,0.17851250412737746,-0.30665755150167595,0.15366479493681112,970,-6.221122443249417,3.2617258828769113,-12.184165410673543,3.335783174326668,10511
Pittland,2023,11,,,,,,,0,-6.189457270192475,3.2074815462542023,-12.10041581829625,3.2460139939419954,10511
Pittland,2023,12,0.41444543822765806,0.11035194539060758,0.44844266396961113,0.12415436218072828,-0.3653820174009498,0.08760031345042332,268,-6.321276094078306,3.1346202665777345,-12.275235207813799,3.2899877439497507,10511
Pittland,2024,1,0.5525108528833563,0.2671051370264041,0.4058557616933694,0.2691201609623292,-0.5187727908908912,0.22447796457268013,9006,-7.511103455925269,3.287022810202809,-13.045468708628992,3.5079610827458705,10511
Pittland,2024,2,0.5039384347137588,0.26621043622159324,0.33856450573150704,3.788636383307919,-0.4901661574863542,0.22234665236717072,10150,-7.6426258575603985,3.1490815575401894,-13.555114436168253,3.5944677438764265,10511
Pittland,2024,3,0.4035647812693645,0.23491338424698738,0.30199583854415674,0.539290699686514,-0.3870851063842318,0.19053994068035895,5701,-8.143864800245872,3.3663868398272574,-13.716038690380941,3.7592602198516296,10511
Pittland,2024,4,0.41846285051396603,0.27615577230329447,0.25800813360459285,0.5510665395037653,-0.444738453607482,0.23485961626530238,10511,-8.48913577021067,3.616765731301798,-14.552593458366939,4.276434583385361,10510
Pittland,2024,5,,,,,,,0,-8.17191000281696,3.3906725694366067,-14.063417528812595,3.900385804875998,10511
Pittland,2024,6,0.6323441627525513,0.06364299984812118,0.655025957092162,0.10718361460414326,-0.5392627009461002,0.04591986788751375,62,-6.531028460030112,3.1299704116336295,-12.463709020481925,3.2478178310809502,10511
Pittland,2024,7,0.40698265797109545,0.26419902929834455,0.35327603402824265,0.25268289984105347,-0.3821508836755288,0.21714164297742924,2354,-6.974517485757756,3.52201533289553,-13.534751196211783,2.9983843995466484,10511
Pittland,2024,8,0.715523041664866,0.16626717230555008,0.7142854184927884,0.23457809628737666,-0.6149572666998234,0.13440881141094432,2641,-6.613193522621581,3.511772545222277,-12.442743791536484,3.4116535679572073,10511
Pittland,2024,9,0.5896222200998499,0.3097841867047952,0.507689814959404,0.4898597015373241,-0.5238651285434349,0.2565699352117503,8325,-7.260551722900674,3.446733339848766,-13.26166426051202,3.6400170955187265,10511
Pittland,2024,10,0.6788696055506569,0.25303974527150336,0.5810722023079599,0.535798461131734,-0.5971993304502063,0.20655563463842413,5543,-6.370181735678928,3.2703642201301113,-11.9746892805914,3.131118075511578,10511
Pittland,2024,11,0.569769957018403,0.27558021365640667,0.4358835074031807,0.24237731336312132,-0.5241747251441227,0.22702020595882247,6979,-7.015174164643521,3.1564386218852887,-12.834615813138662,3.4356070306715107,10510
Pittland,2024,12,0.6025031611994844,0.23066029217683398,0.5576015505855411,0.24182416924308006,-0.5226698703704792,0.18609699696637821,4728,-5.928028189346009,3.0859445350969366,-11.7497533399673,3.0883860999543753,10511
Pittland,2025,1,0.49899437431080423,0.2932251105500553,0.4102487086555413,0.2860190745740668,-0.4697112950256048,0.24688335995112956,6081,-6.27998952052855,3.0852083782993662,-12.07107403224811,3.209775477451983,10511
Pittland,2025,2,0.3172481751096421,0.04449978689861596,0.31543597049903177,0.06622087778365328,-0.28416297573974175,0.036355958235003386,138,-7.3593634610576935,3.277832264132703,-13.094529550335622,3.480029416918473,10511
Pittland,2025,3,0.43257465336463263,0.28912039261380845,0.3504421573826648,0.3279781653044753,-0.40451243442858814,0.24519907613138042,4467,-7.272608590098173,3.086963993432139,-13.272589152927118,3.471690084108514,10511
Pittland,2025,4,0.48041828217851573,0.24227094600855117,0.38065253385264697,0.2310877734773776,-0.45946881567339026,0.20095570286384346,10511,-8.802918670307177,3.807352904327318,-15.269108274717185,3.2649031962663755,10511
Pittland,2025,5,0.4306078914869181,0.2433409496666052,0.3898366917319452,0.7208794600659549,-0.39718344840108866,0.18873135824310083,1369,-7.148465928833132,3.2079733767123986,-12.898317883373368,3.429772218540607,10511
Pittland,2025,6,,,,,,,0,-6.148096595151429,3.6389603007397016,-12.834471014059387,2.695453615533072,10511
Pittland,2025,7,,,,,,,,-7.096293864926341,3.3947573883972697,-13.610063035841726,2.9561448229321825,10511
Pittland,2025,8,0.4860331072786819,0.3305734475609037,0.3750692220817377,5.980249007872132,-0.42904835189845086,0.2805491839838782,4096,-6.957898143351312,3.3404644074248067,-12.872015905394246,3.3433680473476617,10511
Pittland,2025,9,,,,,,,,-6.351802883291018,3.2888988984873966,-12.864651080774141,2.6464114569469195,10511
Pittland,2025,10,,,,,,,0,-6.521892460641734,3.102928332857313,-12.488497950008686,3.192832264533474,10511
Pittland,2025,11,0.6170008316897515,0.29054278055650024,0.4818526129706214,0.4608990425014212,-0.5402250463413172,0.2458405010569377,6400,-6.696404936653379,3.2641607436917077,-13.034189457583688,2.6927951297903516,10511
Pooc,2020,1,0.2847604587067161,0.2561777621239447,0.17805463263308222,0.1727546379591501,-0.3298384305311893,0.21020623493074758,3863,-3.237828693298894,3.661263980710699,-10.958181648759087,3.2267499106015527,3863
Pooc,2020,2,0.2659991943817693,0.21992731089164466,0.18413892691544634,0.16340987061230147,-0.3155590824632076,0.1825889754187679,3796,-3.526656289017293,3.8240167760344,-11.328158313299019,3.3908589752389537,3863
Pooc,2020,3,0.22980990542461788,0.21655662407146775,0.1575056352422176,0.15395364967599678,-0.2883868655324586,0.1845607587786797,3863,-3.356337575655798,3.8329466478052745,-11.238990305756348,3.2717946914572207,3863
Pooc,2020,4,0.20694486904446383,0.21330952590464408,0.15446575530046322,0.1657266917608232,-0.2552288935743847,0.18307942557546644,3863,-3.3462245266792605,3.908079942514615,-11.324409518024325,3.254215440642541,3863
Pooc,2020,5,0.2533027768095694,0.27151531734238277,0.17972903158589382,0.2051591437594269,-0.29034798235574366,0.2208002011147506,3863,-2.9630251625994446,3.8728801963123196,-10.703531397479079,3.1441330787313304,3863
Pooc,2020,6,0.292701530863505,0.23971161941606367,0.2255582182820727,0.19979506367105102,-0.32262131518488263,0.18522454099040447,462,-3.092896578322264,3.7393443509907685,-10.89286413624555,3.145064184278447,3863
Pooc,2020,7,0.2533859563704909,0.2526400185426615,0.18731606869514347,0.1966869545488919,-0.2875971702535455,0.2075655068159768,3863,-3.1632250202737024,3.0501515623193955,-10.117846424576408,2.9570922983072885,3863
Pooc,2020,8,0.2789727917248669,0.2416392475875397,0.2177373137555966,0.19474766039481514,-0.3116001903186681,0.19396413351267466,3800,-2.989382635321457,3.682835331496579,-10.70995432112598,3.0588371357068214,3863
Pooc,2020,9,0.2719449884216292,0.21617438946752826,0.20231273398285482,0.16974067846880408,-0.2927678353517474,0.1757225518909978,3863,-3.6817414938653514,3.1810460115312567,-10.471320276927347,3.0811020992251548,3863
Pooc,2020,10,,,,,,,0,-1.3216759036686265,3.9990667281871537,-9.835940784244809,2.90606274483965,3863
Pooc,2020,11,,,,,,,0,-2.639552320431981,3.7563163243220163,-10.614426981496718,3.1134757238165394,3863
Pooc,2020,12,0.2815369489165435,0.2609838933049749,0.1789826103427506,0.18493541668835864,-0.32739959935666085,0.21435078783717634,3863,-2.7326687425448535,3.7568149893005467,-10.775459514199886,3.142249365245462,3863
Pooc,2021,1,0.24794816464032407,0.20726332399985903,0.18061608392695971,0.16881606935153143,-0.28858402310131576,0.17332877429997115,2540,-2.803915479951546,3.7675054953979945,-10.649853956836687,3.0859605947936815,3863
Pooc,2021,2,0.2655149334692859,0.24441704142135376,0.17918277827767085,0.1763150016635217,-0.32048222818522015,0.2033006819663238,3863,-2.2298278162102094,3.975234772424873,-10.435217428426864,3.085654157586957,3863
Pooc,2021,3,0.054625771939754486,0.03270731866359711,0.11542869731783867,0.040861669927835464,-0.0345825063996017,0.030646410305052996,2,-2.926372890266028,3.7844761680782475,-10.861362273167167,3.2186998867186625,3863
Pooc,2021,4,0.25354645772448353,0.2000571964879496,0.21145591788697796,0.17219853529142118,-0.2996623637699131,0.15462448470367807,603,-2.929410772442184,3.8279483557148213,-10.83320881459746,3.2686972952761124,3863
Pooc,2021,5,0.2169980499259743,0.214586061034629,0.16256054536507386,0.1678192495529658,-0.2709412552571936,0.1810139129408297,3863,-3.0801984774904243,3.8721230684884618,-10.956865075347853,3.3986427647011994,3863
Pooc,2021,6,0.2275550832871357,0.19194210672274298,0.25967662631972416,0.2483853270856582,-0.22498522125737697,0.14479729117901552,3839,-2.8010099759187677,3.8718923599051123,-10.729983592321533,3.3070974333704206,3863
Pooc,2021,7,,,,,,,0,-1.9424100870321561,3.9505228955276213,-10.133469428853553,3.134770106081003,3863
Pooc,2021,8,0.1488155421935436,0.10769317077853,0.11512651299954291,0.1032966971728112,-0.18743034904201825,0.0952079134873421,225,-3.5197087064108485,3.1735278283038246,-10.560512953934738,3.1130070577428746,3863
Pooc,2021,9,0.2708545147388835,0.26436248181125466,0.19351792455487327,0.20429051334050843,-0.3151004041693388,0.2127648457059508,3863,-2.3412766278401542,3.9071278878376288,-10.522705649386166,3.2253252305089246,3863
Pooc,2021,10,0.31250213024911416,0.258479617998316,0.22077911971146624,0.20360630637533517,-0.34383109963830705,0.20660835565399113,3150,-3.581259174929753,3.243804043054928,-10.473984299306178,3.164643690970842,3863
Pooc,2021,11,0.016348176635801792,0.033284844166140366,0.04170243309012481,0.0782997999009645,0.006902426381462387,0.032484742072422836,7,-2.521561678280824,3.802285333606986,-10.659178490801354,3.1594158358391504,3863
Pooc,2021,12,0.2954136201934129,0.27356676707182503,0.19306044281326804,0.2001956617405414,-0.3489124166485701,0.2211735646162638,3860,-3.635469699528002,3.162374964472219,-10.394122363855278,3.0644417402430046,3863
Pooc,2022,1,0.1778743753696258,0.16598248086533507,0.12097221503696938,0.11881966520540826,-0.22653800641639377,0.15177722600302776,836,-3.7093032784320594,3.253189652831556,-10.396403318853011,3.1267134582051948,3863
Pooc,2022,2,0.2505829502403681,0.2357188950740681,0.16893239242707497,0.17465637948578858,-0.29983134299519004,0.19391282168648166,3863,-3.5778446678667546,3.1627018423769693,-10.325404792638814,3.141698138200009,3863
Pooc,2022,3,0.24333469808751118,0.2427244525425649,0.16975175501998324,0.17992499039827006,-0.3033409169931301,0.2017922027054525,3863,-3.71727625688708,3.0885971496398947,-10.43400308471091,3.0610394307431568,3863
Pooc,2022,4,0.4157595328729728,0.14184649580331107,0.3862667158246041,0.14710580954195068,-0.3889242375976053,0.11023628039586464,116,-3.5771047924331216,3.217174115249335,-10.244257399349936,3.1775712007849557,3863
Pooc,2022,5,0.26076541645829904,0.25748494850000175,0.19279516451960255,0.2015201502419437,-0.3054163698724044,0.20580457797417814,3863,-3.0110396367736336,3.076990307640212,-9.94820569224179,2.965040458762499,3863
Pooc,2022,6,,,,,,,0,-3.0130311080071728,3.21439911866824,-9.986703882850732,3.1188133934752553,3863
Pooc,2022,7,0.2724199262873399,0.27681803450893605,0.19520227651729607,0.22280989718826213,-0.3173078632974225,0.2222547997251524,3863,-2.925349539856501,3.1484314786354313,-9.77083688025558,3.0573505953947158,3863
Pooc,2022,8,0.26721654155066643,0.24537567009629344,0.19727287751063974,0.19315703151598515,-0.29722808413452195,0.19285644373577793,3863,-3.5344246911174633,3.099483460933675,-10.226430789108766,3.129551133418387,3863
Pooc,2022,9,0.20171389871500764,0.18036455599986534,0.1660286763548234,0.16108948945415563,-0.2683475132622821,0.1541528374253511,1138,-2.9866859055903667,3.1533887621178476,-9.811454326650178,3.0159050793438515,3863
Pooc,2022,10,,,,,,,0,-2.634768086767921,3.25326900727868,-9.536569505849428,3.169498865351761,3863
Pooc,2022,11,0.24971777593250882,0.22837603810588855,0.15983140339633156,0.16207972947028695,-0.2771052165876358,0.18267868280171107,3812,-2.445803185306301,3.240189363135095,-9.552139811539838,3.065084276170842,3863
Pooc,2022,12,0.2819501625782281,0.26324483355316386,0.19098865020529138,0.20039468698286053,-0.3310527509656122,0.21105312028652737,3863,-3.5649309903898816,3.1257809269493775,-10.218126964536685,3.0383433167994545,3863
Pooc,2023,1,0.27278010570234257,0.2397974450918911,0.2234898465254874,0.20109687103727283,-0.285967253010257,0.18772853845137608,915,-3.625753565377994,3.3133286578799352,-10.283124672984263,3.3152612981630862,3863
Pooc,2023,2,,,,,,,0,-3.304979903599268,3.161876453838353,-10.146608379687187,3.127808783775306,3863
Pooc,2023,3,0.23411803360808814,0.2150622453884983,0.1726085833535513,0.16749420733767148,-0.2925559809626599,0.17650345846255444,3863,-3.4885421227650246,3.305043139735092,-10.15389115393085,3.179820643252857,3863
Pooc,2023,4,0.24709298913014943,0.22027862273902277,0.18812639360369535,0.17853323164677065,-0.2989511504473008,0.17525078601798985,3860,-3.4277654791141994,3.249809821619612,-10.140324743244221,3.1230754188807945,3863
Pooc,2023,5,0.2547475299694206,0.2268374542088851,0.21009049812352104,0.20347470928165412,-0.29641627307141993,0.1778431752456083,3863,-3.1141269013883317,3.3004014780818443,-10.021530331079907,3.2490610003271083,3863
Pooc,2023,6,0.2817528547558711,0.30906222545836487,0.19779973198933862,0.2423947117114476,-0.337562075644775,0.24518498390673696,3863,-2.6708931396311524,3.1342083227027353,-9.677745525141033,3.0730621485658762,3863
Pooc,2023,7,0.27058192414475474,0.2823387560537563,0.28983824874304936,5.722489904000235,-0.31103667869096696,0.22042300018539762,3863,-2.637014062769436,3.165337348465388,-9.67288199360665,3.098918301333132,3863
Pooc,2023,8,0.24080077023333107,0.21380658005125763,0.23216595908209642,0.2271675922764139,-0.25710976581743095,0.16175612037137457,2588,-2.9239705464330283,3.261066584468341,-9.92124691468917,3.0949409100642002,3863
Pooc,2023,9,0.2894712724251599,0.28399489722621607,0.19439248437485435,0.22478287652825613,-0.34229711970717774,0.222617127957962,3863,-2.76314816367969,3.1475492064870947,-9.73308311754975,3.081308362457256,3863
Pooc,2023,10,0.15008850391293052,0.18395778987385902,0.12087627119444079,0.17536328005634028,-0.24177711073869199,0.16376526736920866,698,-2.4179602076611184,3.223319699533522,-9.419028554498418,3.0690559156996384,3863
Pooc,2023,11,,,,,,,0,-2.8102354581877442,3.3950247064731593,-9.537686609032642,3.2668066967313822,3863
Pooc,2023,12,0.13421940688198541,0.15714231010927754,0.08502864339585153,0.11613439551595132,-0.3065947678091411,0.17738283912037245,611,-2.8576673865386155,3.2736565613624506,-9.761396812869593,3.24712934706806,3863
Pooc,2024,1,-0.03700393345206976,0.11959543561156352,-0.08004357852041721,0.2263418587173707,0.029053475707769394,0.1367523652139348,4,-3.3469246927668785,3.3091299135485372,-9.964902919537035,3.2129941704119305,3863
Pooc,2024,2,0.2052969154567018,0.19825361733757388,0.14980179191599674,0.15785401560176182,-0.28386955610545755,0.17575018438182585,2232,-3.1972242772090187,3.079269483808333,-9.941778542276708,3.0887392653056542,3863
Pooc,2024,3,0.24472602752286204,0.19335423419850997,0.16812122774599067,0.14880002646312132,-0.2844311398886408,0.1578766715225297,784,-3.240725694232015,3.1931391026491593,-9.826729234524961,3.0553253919825183,3863
Pooc,2024,4,0.2194152411691183,0.22811552092074006,0.1521269638929218,0.18012777154089538,-0.297142040985971,0.1926874224697768,3863,-3.288846396663629,3.3400491807185104,-10.119008259316283,3.305130367358542,3863
Pooc,2024,5,,,,,,,0,-3.3962518575934846,3.281747119167275,-10.074124374781576,3.214545084426791,3863
Pooc,2024,6,0.2980757161390548,0.15695018473770078,0.31979295952257764,0.18074276653989707,-0.2899024065316112,0.11848988899769816,153,-3.037535919752454,3.199651021577915,-9.69277341828792,3.072131316516471,3863
Pooc,2024,7,,,,,,,0,-2.056021725967749,3.9730589194913133,-10.088437384965076,3.4498838773600946,3863
Pooc,2024,8,0.21600130863990946,0.16342624069729983,0.19280997182652956,0.16790279185260704,-0.24113344887950725,0.12870746117289397,3413,-2.648070398851265,3.198098621454131,-9.677764611257352,3.0258446210148566,3863
Pooc,2024,9,0.2747838436985337,0.2669781789981101,0.1879285975636886,0.20141361805259814,-0.3289446332501132,0.20989524391829756,3863,-2.948524472705186,3.2783128534623005,-9.955348414350345,3.2943829328100973,3863
Pooc,2024,10,0.27162090916190657,0.27135981226258427,0.19072569595200792,0.21208295111269443,-0.327742115196064,0.21475462620622376,3863,-2.8990506624749655,3.1876198011895327,-9.736915820879277,3.0748746805988563,3863
Pooc,2024,11,0.2213863595959309,0.21215987914014856,0.14657930976311528,0.15262854285611327,-0.2944983976361473,0.18270948868782916,2560,-3.3003654071036013,3.3157583501539696,-10.109881519509454,3.257718740964325,3863
Pooc,2024,12,0.22686663395505774,0.21329944555828537,0.1838488899683272,0.1606105508015621,-0.24728354778750442,0.17147429195036296,2528,-2.198092487705531,3.314803596696313,-9.130947388931865,3.2019005978465973,3863
Pooc,2025,1,,,,,,,0,-2.9188482449235447,3.282395738015239,-9.82062640476033,3.1697312169973686,3863
Pooc,2025,2,0.2736984249732474,0.24634479922409705,0.19847023367242042,0.2027435793157184,-0.33069282832015684,0.19430135436936474,3312,-3.0676878155027403,3.349923930679023,-9.85067156074631,3.221346402798333,3863
Pooc,2025,3,0.22753803663075287,0.2051391471086141,0.17319804763187374,0.16632894550987862,-0.2884601186818767,0.16998471261234288,2911,-2.972428543318238,3.2479534968433486,-9.80820222958393,3.1891749603097383,3863
Pooc,2025,4,0.2514309989343785,0.18634200935974232,0.20073846118498576,0.15495589406864194,-0.28870082495575594,0.15523538617033375,2028,-2.9777007997377436,4.010221578597347,-11.216169902360853,3.5069348778759797,3863
Pooc,2025,5,0.2181104475917568,0.237187332622345,0.1602084918581468,0.19241861583408643,-0.280082706562473,0.19277768957795818,3863,-2.867622082035717,3.261444440863388,-9.702983418185196,3.1083652933289585,3863
Pooc,2025,6,,,,,,,0,-1.1143107246312765,3.9730570549670063,-9.733703484041747,3.359786729058818,3863
Pooc,2025,7,,,,,,,,-2.37545990632298,3.9487267032726376,-10.091880793981964,3.425052583501282,3863
Pooc,2025,8,0.2425927235117865,0.22425042323154235,0.17183384149086076,0.16170813918308766,-0.2940407954491258,0.17869322226683332,3862,-2.5645532742739663,3.255862466125878,-9.705441952506785,3.0428617514927936,3863
Pooc,2025,9,,,,,,,,-1.7837312018999998,3.803260380472139,-9.937421231465713,3.2670157589743347,3863
Pooc,2025,10,,,,,,,0,-2.6744505528131173,3.3272604669650727,-9.749009291453856,3.1883292279052973,3863
Pooc,2025,11,0.2755723044741519,0.25696403526074235,0.16782654562324245,0.17595605099667969,-0.3371785448227977,0.20089057463819335,3863,-2.0115065513871246,3.820803537286871,-9.999614572713249,3.245372397240842,3863
Pulo,2020,1,0.39307010640997014,0.29093604666686207,0.2658078662343632,0.22103290618946275,-0.39143961791423554,0.22763301492814314,8913,-4.033940541146375,4.949573611014505,-13.10906139443477,3.6258171317337564,8913
Pulo,2020,2,0.3761579279892005,0.26595976624778045,0.2901524744821819,0.23225410983804706,-0.38322143398816266,0.2115121110726948,8913,-4.53945796211197,5.0861295731403,-13.598598732938212,3.7697215318812636,8913
Pulo,2020,3,0.31499792595521,0.2511057936975846,0.2340743310004003,0.2254480619845377,-0.3458310630581317,0.20587641886147573,8664,-4.582622640602165,5.174003118454576,-13.597237844215138,3.8797660814546813,8913
Pulo,2020,4,0.27849900291463464,0.22108654828409996,0.23440554624862978,0.2464795078352319,-0.305464565454703,0.18522941677823013,7840,-4.57699295126823,5.281341475230348,-13.751783229979951,3.9088538794424146,8913
Pulo,2020,5,0.3797109298444846,0.28871650430024753,0.3096960273587987,0.2765096998913459,-0.3655366356319952,0.22340231626247015,8484,-3.8269071456424935,5.152993905725459,-13.103847389157462,3.6775618496424003,8913
Pulo,2020,6,0.3926378099055036,0.3123515312255515,0.3238209998680901,0.30031263801969355,-0.38321748225323543,0.24893396560328038,8867,-4.177623791681914,5.174616131274518,-13.421129189732987,3.7615890423306038,8913
Pulo,2020,7,0.36038070042255343,0.2810123044515436,0.30045987982561945,0.26742998488767983,-0.349311625984057,0.2222254314309899,8892,-5.543837544310647,3.695699897719335,-11.199995795529347,4.264158058695071,8912
Pulo,2020,8,0.3777537140154227,0.27975651791517797,0.31028645835043195,0.25300170144710227,-0.3715748421695478,0.2231783342522783,8348,-3.8349304562009885,5.09453280956724,-13.050897844528865,3.6472336454237086,8913
Pulo,2020,9,0.3943520156361269,0.22584909302763925,0.3717249558110922,0.28488562582281823,-0.36866749161520446,0.18407171588343135,8868,-6.293404136243952,3.711202885692385,-11.593656500815323,4.425878438835776,8912
Pulo,2020,10,0.41045918035680684,0.2831374755260859,0.3416198584283778,0.4380884580990137,-0.3924263531218564,0.22019916145363194,5439,-1.9273125516696323,5.142789665376541,-11.78814433486463,3.335595627207187,8913
Pulo,2020,11,,,,,,,0,-3.284893626186287,5.048573045060478,-12.748429351704369,3.5666128155050587,8913
Pulo,2020,12,0.40980638771600697,0.30838453775278346,0.2836502167342029,0.26395936124010944,-0.40135410867525206,0.2496028622141036,8913,-3.585563391077547,5.008972742980067,-12.975894887503252,3.628105620185887,8913
Pulo,2021,1,0.34048147794445577,0.2270735213716109,0.28091187147220203,0.20828926934647315,-0.3390961872350556,0.16927180779631343,2831,-3.597437445920588,5.1247849160743275,-13.011592476637718,3.5940522706896982,8913
Pulo,2021,2,0.39090915536682,0.2990359018892237,0.29429926556339936,0.271489619023708,-0.39142768909080117,0.2402661751440185,8800,-2.862115830700816,5.148879007024817,-12.42958328853356,3.434238418005709,8913
Pulo,2021,3,-0.00029708451399093725,0.058544242577112625,-0.0028404548926197954,0.13943969914002818,0.011402946815866493,0.06850713047168598,23,-3.9985263414212837,5.288630904421806,-13.437440774844458,3.8643797246009925,8912
Pulo,2021,4,0.3019940449561543,0.19387133807544307,0.2797832048026976,0.19985453749541388,-0.2853969261370366,0.18297165037183305,320,-3.8652352177588947,5.294518060576742,-13.457367666589862,3.9783519865904777,8911
Pulo,2021,5,0.2760127497940796,0.22695810151422247,0.21201675915090767,0.18427964297529062,-0.31352389634313876,0.19150456983627093,8203,-4.231510928306928,5.457836804503355,-13.778274018255315,4.138228117151773,8911
Pulo,2021,6,0.3754088132794021,0.19611259203911277,0.49426184866676315,0.3134390831291414,-0.3069981658472183,0.14979994305387198,2730,-3.3715186229806378,5.347993830192493,-13.066287748110469,3.942607829383642,8911
Pulo,2021,7,0.3642126773888086,0.3212673688758415,0.5854133301533512,25.2393354416794,-0.3456003856737842,0.26003496316458635,7806,-2.4954597222000476,5.123649220227328,-12.303386283195898,3.56331827106135,8913
Pulo,2021,8,0.3349816335247141,0.29876202423775344,0.307480986635759,5.373079845165566,-0.3060365837007223,0.24886443937298136,4126,-6.2742734336335575,3.83216389664388,-11.747901587439278,4.583078692641422,8910
Pulo,2021,9,0.38390196053715786,0.3175471767060897,0.31262534948444576,0.4167493713827815,-0.3784161618708719,0.2561406150903548,8913,-3.775914954756199,5.166055583245913,-13.207323513840588,3.8402088265987078,8913
Pulo,2021,10,0.3131146971889516,0.28225558294408293,0.2574665165745948,1.603489537488191,-0.32181807374901883,0.23972245166418177,5539,-6.333300386138672,3.729381474541736,-11.607543987602824,4.575788742617107,8905
Pulo,2021,11,-0.0024396539007758965,0.0712175820199431,-0.010595026539901842,0.18382058250014652,0.02540752177162137,0.07492269697351905,46,-2.509543741500437,5.174109287621355,-12.49147584097389,3.5609214503342845,8913
Pulo,2021,12,0.4113363238752398,0.29685468137873766,0.31001199670511775,0.25619940426249593,-0.4156333858329751,0.22087403446427264,2907,-6.3746805904645285,3.723835334375649,-11.701352650485541,4.553723032787971,8907
Pulo,2022,1,,,,,,,0,-6.46386765313995,3.839429668177274,-11.797481145064253,4.6773531805760395,8906
Pulo,2022,2,0.31882878050780444,0.2715371750598088,0.22007100184998016,0.25419650670403154,-0.33167179906898425,0.2271845943054172,8913,-6.432888646660726,3.87157190437899,-11.764641514625652,4.75478154982518,8909
Pulo,2022,3,0.2994432025282795,0.2681247775381747,0.24086463473250774,0.4383545739860905,-0.32967982503555554,0.23043250793866862,8913,-6.607865205535276,3.7610515313799837,-11.839208711379847,4.6226303978751675,8912
Pulo,2022,4,0.3091296321013465,0.2535751381214444,0.2649549862462635,0.3122847651485161,-0.3112065207573763,0.2123266548223511,8893,-5.841470068841624,3.6778270661103085,-11.392403500827283,4.551991356627806,8907
Pulo,2022,5,0.36897420887691734,0.30392399174128204,0.29189515994408954,0.3565416990650281,-0.36099685344367904,0.24433830158343925,8913,-5.674092708609672,3.5978723592958293,-11.322647542321995,4.359549030568763,8911
Pulo,2022,6,,,,,,,0,-5.334503407933751,3.685886053951039,-11.066401307834475,4.337861364591463,8911
Pulo,2022,7,0.38711609861815927,0.3251156687740352,0.11264251902810625,4.770537168752806,-0.3773207432172376,0.26518097304453186,8913,-5.380298432640485,3.4699567675244585,-11.08286883943834,4.214669204867664,8908
Pulo,2022,8,0.3824298311450824,0.2732100232525826,0.32280445012475667,0.35338584908447884,-0.363975788584135,0.21469476743905644,7894,-5.713070432405476,3.606554076330184,-11.191400264977844,4.286255731664509,8911
Pulo,2022,9,0.5081635216226826,0.14882115237785756,0.5049052889664449,0.18020719321409712,-0.4217667121972355,0.1253391223360173,154,-5.359582648743125,3.6339176626798104,-10.786059310946499,4.145577955729252,8913
Pulo,2022,10,0.40698736648799205,0.2277182065647845,0.4167763101726328,0.24517659838786954,-0.3697969964851428,0.16699660185398957,869,-5.080693101757574,3.6996871415761716,-10.544048772661192,4.241313537820068,8909
Pulo,2022,11,0.3857139951803466,0.0913535922312533,0.3022763837467539,0.06304861657031088,-0.31360077925703744,0.07571121005242278,44,-4.8132031647782,3.632525172045669,-10.465581055868068,4.104022742601136,8912
Pulo,2022,12,0.40054616173305696,0.3039732249693705,0.2863545737325103,0.2601655562259368,-0.39627656584521326,0.24627734145370614,8034,-6.142041388038987,3.553562874015507,-11.269227011779922,4.382532487736229,8912
Pulo,2023,1,0.4007138965651692,0.2963896365221331,0.28312332686120706,0.2818158764638289,-0.3937545193534308,0.24486923153752316,8913,-6.2997745772515135,3.738627163220602,-11.387204189916195,4.484018686531376,8911
Pulo,2023,2,,,,,,,0,-6.119648132554864,3.6636672247445743,-11.251926819485844,4.360072516368731,8912
Pulo,2023,3,0.29606186401142526,0.2314247594178139,0.2450434471460997,0.25331710266829927,-0.31352609142103416,0.19825400633310902,7600,-6.41585802405278,3.766144490786521,-11.497058379636597,4.581100638488913,8912
Pulo,2023,4,0.32273288477221723,0.24212787557864598,0.2601777281094077,0.22246317949866393,-0.33837668179055996,0.20184285847314987,8913,-6.259833674429384,3.755432322562513,-11.551451322275227,4.577833646856289,8909
Pulo,2023,5,0.3678312361058861,0.22414181079905798,0.32650613916845,0.2168341118886488,-0.35684867544285187,0.17047131308443858,6705,-6.242597779891434,3.8700693621962463,-11.445127151590247,4.6685386036549446,8911
Pulo,2023,6,0.4298459158041127,0.3228630429912652,0.36177142732721534,0.8807209684770462,-0.4191313157910038,0.24627173560286672,7429,-5.878989612346613,3.602987191444932,-11.29453194192841,4.454819809911156,8912
Pulo,2023,7,0.3767144485125185,0.30814744368577657,-0.3411291389634686,66.91088577839463,-0.3648404013119118,0.2461741036931166,8418,-5.217750686751738,3.685150000181399,-10.786547282944062,4.218706635588093,8913
Pulo,2023,8,0.3674813651494964,0.14916218609717008,0.5169915764126927,0.24296090733591208,-0.2952818177537942,0.11544974535106155,1472,-5.745000853158637,3.741980241027097,-11.195654613513216,4.428305817142212,8912
Pulo,2023,9,0.4091316190228544,0.33234244482258923,0.3492181613531269,14.414300951456378,-0.39882491972506023,0.2706436687093351,8913,-5.358584567220633,3.5680110431828336,-10.811301888858727,4.205752082091895,8907
Pulo,2023,10,0.4558879518210632,0.18396181947318713,0.45874242060980636,0.18844512666591723,-0.4161400939365587,0.13770329525354608,1430,-4.912201547168529,3.693438435994843,-10.481519824724593,4.224345197313078,8910
Pulo,2023,11,,,,,,,0,-5.34475544441196,3.6271310890920714,-10.562258272569878,4.218463822350435,8913
Pulo,2023,12,0.35406966352004654,0.14379498812307773,0.3202933339207901,0.16108771704778152,-0.3513845020678598,0.10353024504484237,518,-5.274742116748683,3.6368615465464154,-10.77552767184541,4.288302712599592,8911
Pulo,2024,1,0.22367455807150885,0.22740444956056377,0.21943366018602123,0.3002225715338914,-0.21459106487250643,0.20792306290470916,1625,-6.268917883154835,3.7941532512943486,-11.291816071668563,4.431375627466368,8913
Pulo,2024,2,0.32321130909462803,0.25450943970044304,0.22697547535321055,0.2474072822034344,-0.3573763813741719,0.2174648274511851,8913,-6.242640416572599,3.708876551752222,-11.507614460998536,4.593860881903073,8913
Pulo,2024,3,0.250646784255659,0.24090039438159142,0.17957624612116307,0.20317348629128998,-0.27768164604631795,0.20732678355862633,7163,-6.416411434814436,3.8904611638762097,-11.321297362294322,4.562059440862515,8913
Pulo,2024,4,0.25073622818825236,0.24286927584608808,0.2303202488829102,0.8572136142524249,-0.30882047789099143,0.22343737999601881,8913,-6.562064688484169,4.077689833190037,-11.938098491006263,4.9901705391130875,8905
Pulo,2024,5,,,,,,,0,-6.489513077621884,4.010690164548941,-11.6543755371189,4.752411759266001,8912
Pulo,2024,6,0.4156019483864402,0.2870517148906091,0.41289121064813766,0.308691741736986,-0.39500353288646517,0.2184586992349755,5289,-5.673477272154029,3.686332469903225,-10.978858610169699,4.2612472230116945,8913
Pulo,2024,7,0.36295823338958955,0.16456721782477207,0.3523573850591977,0.1474573865629325,-0.3257073205378321,0.14208056009433792,18,-2.866287986255641,5.065578072276713,-12.515879054540687,3.824029469953674,8912
Pulo,2024,8,0.43708983076690916,0.19367166018984427,0.40792097500639,0.21515211080830682,-0.38470740146026383,0.1535929558303692,1025,-5.079675812523285,3.7267948594730793,-10.576396959876115,4.044619526599069,8913
Pulo,2024,9,0.39678563076991996,0.32033924444655004,0.34967001519103547,0.953594291876529,-0.3875851693813992,0.2596811587474066,8869,-5.6391971593465025,3.765625188173766,-11.098665229202552,4.356720051531512,8911
Pulo,2024,10,0.4141731353481763,0.3216336822045493,0.31412151144272843,0.46688653520165624,-0.41289968985463926,0.254245433784953,7828,-5.121977871551738,3.5862025476792665,-10.494909644614436,4.080975590913283,8912
Pulo,2024,11,0.3268184926820217,0.28313077872325526,0.2629842442113449,0.30884320850303876,-0.33617426256719246,0.2420460472769425,6387,-5.998405551701879,3.708060887586768,-11.201912079387698,4.3478623813068795,8913
Pulo,2024,12,0.36975152856744964,0.28443420493909255,0.29126077671932915,0.6835290311526118,-0.35536286437634196,0.2329276081353899,6774,-4.812199256263348,3.589365918633556,-10.177000288622525,4.0733352808210235,8913
Pulo,2025,1,0.3664032876092412,0.28317616922208005,0.3019094577855124,0.31908175314261,-0.37554214447692463,0.2382922328982931,8913,-5.284478152581828,3.5732616516274236,-10.691929779343946,4.206878982639974,8912
Pulo,2025,2,0.3708322927125702,0.29064626839929125,0.2892838188416986,0.44589200455271333,-0.3537185648176872,0.24056494785818075,8229,-6.043607248620335,3.7290855677486174,-11.096584928160997,4.355228025314246,8913
Pulo,2025,3,0.35753085850588534,0.28436543057282787,0.2794442252322964,0.2957967765097524,-0.36733543219733217,0.23574242824093544,8913,-5.945564368067386,3.6235375995319345,-11.100668164513706,4.40352442133313,8912
Pulo,2025,4,0.3058415375986504,0.23192531879970127,0.2573287397492459,0.22428130900332577,-0.3295230584779009,0.19780092787353104,8913,-4.114329896112955,5.368537501960255,-13.754819960797224,3.849381051585755,8913
Pulo,2025,5,0.3231609207283178,0.29808774821196454,0.2659050772804306,8.50627266774977,-0.33259182775335105,0.25032986827424925,8913,-6.017471555738286,3.788194795646705,-11.285450523157316,4.441960078806368,8913
Pulo,2025,6,,,,,,,0,-1.428602411115339,5.348446927523209,-11.79351101552511,3.5224100452366573,8913
Pulo,2025,7,,,,,,,,-3.053822167891945,5.056094255852082,-12.419768014193584,3.72888743300908,8913
Pulo,2025,8,0.35797309983564346,0.3438253932847143,0.05344998510425364,3.7369668047167335,-0.33070004228433797,0.29453787372588974,3620,-5.181964796229532,3.7011429097750614,-10.667237822070211,4.183668552812367,8913
Pulo,2025,9,,,,,,,0,-2.2619470592853435,5.126965092708989,-12.062576192376513,3.473548451498962,8913
Pulo,2025,10,,,,,,,0,-5.455800783848128,3.6140931724615504,-10.909164508749553,4.210431879337316,8913
Pulo,2025,11,0.4177427366982405,0.2988014365264916,0.28902841986400185,0.23440169180230966,-0.4154756291111811,0.22829537989962972,6867,-2.7593026648359165,5.022186524685656,-12.460972231858692,3.618454656013691,8913
Pulong Santa Cruz,2020,1,0.3321290355327845,0.2886663092604066,0.21680604914653726,0.2775438632607065,-0.3287964635906189,0.24149363217636385,5412,-4.7298226763588955,5.115670464910374,-13.152837856129084,3.962640296811038,10648
Pulong Santa Cruz,2020,2,0.28045948198392595,0.24740637623963735,0.19815909821596658,0.297105764965322,-0.29604172036534837,0.2153324056084758,10159,-5.042068814906407,5.201341743441642,-13.536318085187894,4.075662128088125,10647
Pulong Santa Cruz,2020,3,0.25585233023945986,0.23521526103065274,0.3160498189971861,16.466179606557827,-0.27984063549056903,0.20323276106218915,6808,-5.200554607247279,5.3524197155158735,-13.63911534592624,4.20671644700348,10649
Pulong Santa Cruz,2020,4,0.22859275978424828,0.23591209650411168,0.1683010470918868,0.20111988032734157,-0.25404780531434523,0.21096056100910376,7190,-5.187098497030356,5.364967329786436,-13.65178447773759,4.20330696858095,10649
Pulong Santa Cruz,2020,5,0.3016070088888779,0.274638175362922,0.27544371786543004,0.2635773209367311,-0.27185617151026004,0.22819997917275497,4059,-4.511288894884536,5.191030376182318,-12.966785354923644,4.007546025696386,10649
Pulong Santa Cruz,2020,6,0.3333685965314512,0.32317437309886454,0.2568921172723642,1.157261663201051,-0.31606195930461084,0.2685831165326391,8423,-4.647505394541887,5.074271328122513,-13.131793459305566,3.8940502249181255,10649
Pulong Santa Cruz,2020,7,0.32472266509186715,0.29922403809295356,0.27157658594422096,0.36466703961411084,-0.30052362876202915,0.25641414711525307,2490,-5.256432645140429,4.092985931304062,-11.540415162771017,3.9018248797976836,10648
Pulong Santa Cruz,2020,8,0.342312732826868,0.30233011931060455,0.27294491186628783,0.7439511626340364,-0.3273480435552128,0.253583183779732,9231,-4.303140412704508,4.962812842100439,-12.777794096779036,3.7610577011570525,10649
Pulong Santa Cruz,2020,9,0.34988379818674475,0.19589872255633065,0.33788198944051523,0.1680233008189153,-0.3181520575185786,0.16809728999938137,4416,-5.526273380638943,4.1354287903233296,-11.758922013507064,3.919213154071465,10649
Pulong Santa Cruz,2020,10,0.4438140610536785,0.12355902072696014,0.4607712282462324,0.11713197907320118,-0.3876804595231904,0.10701249592012828,141,-2.6634752211140245,5.132125682357584,-11.896782709526525,3.500620496730171,10648
Pulong Santa Cruz,2020,11,0.3494855436023143,0.15678765044617352,2.3985644371905286,14.84081407791124,-0.29194105306609724,0.14396915547502712,61,-3.9820754707346966,5.019217412063782,-12.602344299070847,3.745984273186377,10649
Pulong Santa Cruz,2020,12,0.34352154685422903,0.31824595746800827,0.08535498315300867,15.117084380731592,-0.3337189002423826,0.27669744419461245,10647,-4.449762732790101,4.942765270308553,-13.014975521964104,3.8713691335114824,10649
Pulong Santa Cruz,2021,1,0.36139906183599246,0.23712229542947003,0.2841897298616899,0.20978139248150726,-0.33853095551794543,0.19605444073821487,5981,-4.425242410580508,5.02340712095821,-13.06583359106311,3.8699249551985813,10649
Pulong Santa Cruz,2021,2,0.32673169633640825,0.3079560160929005,0.2328249530832402,0.2465208504826652,-0.3208120997562458,0.2654317209244887,8521,-3.6439233440284533,5.259106944281077,-12.643723959235997,3.8468689836413796,10649
Pulong Santa Cruz,2021,3,-0.009690527804195881,0.023620146326720715,-0.06396454945206642,0.08589563891291618,0.03476197458803654,0.013703754171729088,2,-4.721837515049945,5.163890186978794,-13.387548063554107,4.197132597332686,10647
Pulong Santa Cruz,2021,4,0.2060976198055095,0.23554635998696677,0.13513469487809227,2.632270377899212,-0.2247316182542134,0.21836866426031204,7648,-4.57697644203873,5.3705493997822265,-13.31868174212281,4.148728841728913,10648
Pulong Santa Cruz,2021,5,0.22702575473555694,0.2498163446305648,0.3260729991260909,17.040017138489798,-0.2534338635532374,0.23124268407439774,10165,-4.924943261005934,5.352215413672838,-13.641889912532323,4.361063265788967,10648
Pulong Santa Cruz,2021,6,,,,,,,0,-4.6439144974353725,5.2452545671983914,-13.32558887602427,4.1810294081423764,10646
Pulong Santa Cruz,2021,7,0.42704166983292496,0.1600083155142147,0.4079559459006542,0.1984189190661581,-0.38000686488637403,0.12860884275384205,365,-3.6173834594975998,5.18510630011704,-12.644735777975992,3.8210033159271837,10648
Pulong Santa Cruz,2021,8,0.37602855876601643,0.3090730816077539,0.43932159307109037,0.4855512417487031,-0.3269571080586856,0.23919985609333225,2245,-6.280487946266835,4.438653408147869,-12.481803941662424,4.33336535329079,10646
Pulong Santa Cruz,2021,9,0.35919031368369936,0.34927550970466814,0.25230194344335305,1.3595199220528282,-0.3401442593005978,0.3005576240561292,10649,-4.564096889399734,5.0939064944995405,-13.235036679896178,4.115893737127555,10648
Pulong Santa Cruz,2021,10,0.35427963839211707,0.3321197661582245,0.13883764570111565,10.528262246792655,-0.34493310546009837,0.2908639919052863,10649,-6.398193506029974,4.426781827493708,-12.49332827646743,4.377480766087483,10639
Pulong Santa Cruz,2021,11,-0.005351577638922369,0.06144924655137749,-0.0663608920705669,0.24982528411537494,0.04096577502787113,0.06087335826136508,17,-3.8369015516197735,5.239819912242573,-13.08685039786395,3.79662705670484,10649
Pulong Santa Cruz,2021,12,0.34865056526199534,0.31166701238515804,0.2522155054081275,1.9157634061940363,-0.3394585512121047,0.2676546476188718,7482,-6.470498275253634,4.376211517417027,-12.509802997291397,4.34235529276247,10645
Pulong Santa Cruz,2022,1,0.32974588225634976,0.100215401172785,0.2216780032665237,0.702715103868198,-0.26129526351993915,0.08862140992984492,213,-6.580283628938644,4.482593355877666,-12.619319419653024,4.431463018471554,10647
Pulong Santa Cruz,2022,2,0.2827320134629948,0.27358745676998214,0.18528554500232614,2.0067684882356343,-0.2850581497553666,0.24895069292000446,10649,-6.517127706425064,4.461357723734272,-12.507767239314584,4.4340571830298625,10646
Pulong Santa Cruz,2022,3,0.2787758701312739,0.28121134891760713,0.1540705859971263,1.0732753856708723,-0.2979546344866119,0.2562923133712772,10156,-6.535426661824112,4.3619895634581685,-12.515699869819537,4.312175405720286,10646
Pulong Santa Cruz,2022,4,0.2974543870894489,0.2547621077262162,0.2480871745079762,0.3353278020605999,-0.2840547364213165,0.22129826065361127,5105,-6.067526146296464,4.431590915518197,-12.23604153791893,4.350981986173573,10648
Pulong Santa Cruz,2022,5,0.33082975308815527,0.30199230099987723,0.28987124451582036,5.3748336271324355,-0.3118661425494385,0.26101301478116595,9398,-5.583627269289791,4.313448007528256,-12.076479565532052,4.244076399903256,10648
Pulong Santa Cruz,2022,6,,,,,,,0,-5.659984410232458,4.413079284484562,-12.10684312474701,4.232861787058549,10645
Pulong Santa Cruz,2022,7,0.3598360579625911,0.3650634937836854,0.3348194397356843,3.327027734627836,-0.3427115549706553,0.31940896817325803,9910,-5.356159762950991,4.258181301084684,-11.747792188046189,4.102954191317352,10649
Pulong Santa Cruz,2022,8,0.42258596338922333,0.2822160965720053,0.3744034146326518,0.27605399807072,-0.3598650190475872,0.23756114274338405,1211,-6.181806087731323,4.294603150114402,-12.32837273147709,4.189765432723047,10649
Pulong Santa Cruz,2022,9,0.3569913280110584,0.31721228191797995,0.24239449373867522,2.1711880662548833,-0.3347744700006579,0.27335278241788297,9534,-5.4863071894895254,4.295709399037894,-11.733282103303333,4.034996717835861,10649
Pulong Santa Cruz,2022,10,0.4638778922201212,0.14034111234677615,0.4350652536397001,0.15299383794875232,-0.4026910065648431,0.11895800639293037,473,-5.2571221774255985,4.34910294298978,-11.58776099431406,4.09831428054529,10647
Pulong Santa Cruz,2022,11,0.3280441188812256,0.16566279991380561,0.28973907113075253,0.16083034337124774,-0.27905269086360934,0.15058695327300778,25,-4.790110877818798,4.265754414541576,-11.433626104400508,3.903102491679803,10648
Pulong Santa Cruz,2022,12,0.3480957911772685,0.32208695425249945,0.22962552942774297,1.4908419844930223,-0.3385826853081591,0.28271650558442496,10649,-6.323052695076655,4.253400973054632,-12.439920319803788,4.260012225091838,10647
Pulong Santa Cruz,2023,1,0.36288757733856514,0.31043186055286776,0.2585260153751515,1.1323843854875386,-0.34922305695024974,0.26810966067248554,10649,-6.457654218178569,4.412013365951683,-12.51187417636409,4.405274927949622,10647
Pulong Santa Cruz,2023,2,0.21026881354393948,0.17667569352498688,0.1784986726654976,0.15053118367237348,-0.198876486101283,0.15457781802143178,1571,-6.187707849855593,4.374786039633549,-12.232740984308803,4.267216751828271,10648
Pulong Santa Cruz,2023,3,0.25042738670771153,0.24631076594565166,0.17822060329920014,0.6748371061054144,-0.276539414348775,0.2253289098792176,10649,-6.398954198901183,4.462666119520166,-12.424371876827017,4.44311229147804,10648
Pulong Santa Cruz,2023,4,0.2873097275735718,0.2571929797319862,0.23186874096722865,2.0448281395363823,-0.2954417989149,0.22198962864463986,10649,-6.094459582370813,4.404535833850121,-12.26714348938705,4.428297346538094,10646
Pulong Santa Cruz,2023,5,0.2929400352148811,0.2509057380763034,0.29988635927752055,0.26607068954823593,-0.26783234126276523,0.20872356914045623,4882,-5.898948364088477,4.523237769841675,-12.182903180490886,4.377843940289688,10643
Pulong Santa Cruz,2023,6,0.4222590864082528,0.3190946770010659,0.3760869539556973,0.7025320112387771,-0.37797807526392324,0.26889171174288445,2637,-5.606586970500415,4.34399091097076,-11.859448675164598,4.107803616902301,10645
Pulong Santa Cruz,2023,7,0.3006373631547184,0.2961641249300874,0.23989869394187815,0.6409723614834618,-0.2804877105279966,0.2507356244829994,5056,-4.964225981571775,4.529747044954733,-11.470807301704987,4.1897263816720365,10646
Pulong Santa Cruz,2023,8,,,,,,,0,-5.307415784879182,4.506575841604739,-11.863873593697656,4.283989859705579,10647
Pulong Santa Cruz,2023,9,0.36473921653352004,0.3220780258203603,0.23623144917735106,0.8971652236863576,-0.3349673951114513,0.2793582056719098,7041,-5.117174461601732,4.444504513459713,-11.618838436102484,4.202320232407788,10648
Pulong Santa Cruz,2023,10,0.3662401723776578,0.21309123403747218,0.3586254430329232,2.5476010580105366,-0.31694292731835827,0.18125532470898226,709,-4.664486480638221,4.4917067840297475,-11.270504434879658,4.273515104255962,10647
Pulong Santa Cruz,2023,11,0.2480745575577022,0.1178607842621189,0.1910435974262655,0.08759512887289861,-0.21690459184348596,0.09978030165710539,750,-5.2968412207106885,4.469635804190135,-11.485331583650375,4.120504127231694,10649
Pulong Santa Cruz,2023,12,,,,,,,0,-5.3492790813706685,4.529594755471164,-11.685454509334493,4.271294545806296,10648
Pulong Santa Cruz,2024,1,0.2821300895987558,0.25077882366241416,0.08416400817041472,6.997477886101284,-0.2800524014086052,0.2297569967618556,4378,-6.09036505178434,4.5029984091328314,-11.92478410714453,4.25388057296632,10649
Pulong Santa Cruz,2024,2,0.25373179809413327,0.24007442881241942,0.22261134753743747,4.834896276675373,-0.28445458315262906,0.22682378673344133,9704,-6.067153799825567,4.415284379854282,-12.098116340460225,4.357346694757845,10649
Pulong Santa Cruz,2024,3,-0.05048491212372215,0.06941842523564397,-0.14586106683008188,0.21528063125561264,0.0741815409109665,0.07397748661283851,78,-6.088939635879821,4.381736569432917,-11.744397758226343,4.100811184060232,10649
Pulong Santa Cruz,2024,4,0.2099125266970858,0.2545778996255946,0.09576684370573474,1.1003661891134748,-0.26312808376389496,0.25389536389304485,10648,-6.260916270012638,4.5818583717823715,-12.358814380574717,4.6268027508073075,10644
Pulong Santa Cruz,2024,5,,,,,,,0,-6.107000779448593,4.485245007652876,-12.10615235358297,4.332879605191834,10649
Pulong Santa Cruz,2024,6,,,,,,,0,-5.481030832025829,4.246112257631324,-11.45017471934416,3.9993064157137543,10649
Pulong Santa Cruz,2024,7,,,,,,,0,-3.8900903224032635,5.16489684588095,-12.767499060703905,4.167193591924879,10649
Pulong Santa Cruz,2024,8,0.319489110154908,0.2407963026485426,0.33972974119981525,0.27805615924259275,-0.29381960002174246,0.19610406276777487,3249,-4.5957217648694755,4.335991005435404,-11.09779909417328,3.775404640992447,10649
Pulong Santa Cruz,2024,9,0.32198836005999876,0.30670256133986146,0.2507763206175799,1.1030361223881804,-0.30547271621457106,0.2631408876314774,9068,-5.5380072236328255,4.297418107903109,-11.842416519051945,4.198935620176346,10648
Pulong Santa Cruz,2024,10,0.3452331370433154,0.3318241127300324,0.2576167793940077,1.5032857091561138,-0.32925185855717953,0.2836169943107403,7546,-4.726071511567994,4.251095908159259,-11.211076980630994,3.868579765498873,10649
Pulong Santa Cruz,2024,11,0.4568787595103941,0.2840222453941707,0.3459261046048584,0.23045902191658516,-0.4206805679580385,0.2463794104162936,778,-5.835110426510282,4.311099356733876,-11.998571905615474,4.248215484714296,10644
Pulong Santa Cruz,2024,12,0.34540473522534665,0.27826887667026273,0.2923595094746992,0.25236121514955023,-0.3205387551112796,0.22846581458655493,2208,-4.726075314213375,4.220559025812776,-10.988811242838151,3.8563396226530804,10649
Pulong Santa Cruz,2025,1,0.2940930739536872,0.2935528344224079,0.21036227033746266,0.919980858244644,-0.29666745454169996,0.26115498876214094,8839,-5.265148794743409,4.263470717553021,-11.539521291972376,4.134013597500876,10649
Pulong Santa Cruz,2025,2,0.2970642551005112,0.3025843349029182,0.20637331132975426,0.6664399318599812,-0.2863791582605213,0.267319067727346,10185,-5.809317326294636,4.307080502100564,-11.814533973408267,4.135894697906759,10649
Pulong Santa Cruz,2025,3,0.296244813221504,0.26338847139052035,0.2172950835091989,0.607055073894532,-0.29919623939193607,0.2317241149680992,8265,-5.672269549900713,4.247480005542662,-11.841438869394178,4.159396063920393,10647
Pulong Santa Cruz,2025,4,0.13173352062629448,0.13538577574952246,0.12126587192225896,0.1262033674396127,-0.1502024616518929,0.1345575770194456,333,-4.796043421576581,5.455540675609971,-13.762578742398244,4.179713036333387,10649
Pulong Santa Cruz,2025,5,0.22363451793745553,0.2777658935094938,0.1593409907979257,3.413215464902483,-0.2377017349169556,0.25882094048799775,10636,-5.478331474034054,4.383573928832312,-11.673371977191781,4.167480857396185,10649
Pulong Santa Cruz,2025,6,,,,,,,0,-2.275832524089745,5.652813521902872,-12.072142863096971,3.7689714706468704,10649
Pulong Santa Cruz,2025,7,,,,,,,,-3.973635731197479,5.246393465352412,-12.711214543475792,4.110648235539623,10649
Pulong Santa Cruz,2025,8,0.299510302744212,0.32442393101848666,-0.07030823554781458,19.278576847499174,-0.2832866713013328,0.28240466867204306,4905,-5.11413880097806,4.357338817006028,-11.592631787234602,4.018286612357654,10649
Pulong Santa Cruz,2025,9,,,,,,,,-2.848613246665745,5.4225351018298005,-12.17842474214382,3.7838029875776327,10649
Pulong Santa Cruz,2025,10,,,,,,,0,-5.152610118869201,4.309186682876872,-11.614208530397775,4.084768083013424,10649
Pulong Santa Cruz,2025,11,0.3256954954187305,0.3070076211215579,0.2462692931323898,1.0431867620589317,-0.30303036391055027,0.2674774605620126,8828,-3.6150745671767117,5.23243352836182,-12.5923155660685,3.8642294753762005,10649
Sala,2020,1,0.4603761775166784,0.30087824471024,0.2985511064574487,0.2142805485519251,-0.424588266113359,0.24571430241222933,8820,-6.5650450911265565,3.7887400684521233,-13.165132233240337,3.396213553294785,8820
Sala,2020,2,0.40939293350364425,0.2686913004130241,0.27444587562596606,1.937681399639002,-0.39614329976033413,0.22532757451298438,8211,-6.9506518945724665,3.913344520634307,-13.639928855653555,3.5689964668711425,8820
Sala,2020,3,0.36807184532921966,0.26639082105486067,0.24944945777090574,0.21345582446468697,-0.3733907562166158,0.22888229040811933,8820,-7.042509688714971,3.90995287056389,-13.596499404393136,3.5444952816027624,8820
Sala,2020,4,0.33493341484080186,0.2590595462518258,0.22745990585483342,0.787521395771946,-0.3410395790098716,0.2264062686773713,8820,-7.1790182125721795,3.9856482309737395,-13.710432805419948,3.6228493835198443,8820
Sala,2020,5,0.4644633461373375,0.313132961117133,0.33309167526884964,0.39723399123512876,-0.41450004293397325,0.2566633767218719,8820,-6.552847128882082,3.857555232103576,-13.052121213017678,3.3771196960304697,8820
Sala,2020,6,0.5250971516860892,0.3312792377953866,0.44388179616295304,0.3170838998869458,-0.4600748689446131,0.27578334573861163,2888,-6.542263477878611,3.818618537676481,-13.375277940732946,3.3385292077047266,8820
Sala,2020,7,0.43790719768572633,0.2848397068940043,0.32991161806850877,1.0674889981192162,-0.4001483466961668,0.23247359099614945,6913,-6.2644370523674855,3.404058252408598,-12.184314417114075,3.210879595754446,8820
Sala,2020,8,0.5295329834880715,0.27543281662903135,0.43727389589750376,0.24647115939159325,-0.468739992935993,0.22924473251584818,3966,-6.259997257020078,3.665770588188174,-12.890854480695646,3.3059142258184067,8820
Sala,2020,9,0.4379390183875344,0.25674844614034487,0.3883842540444194,0.9077374966353753,-0.39318483707480545,0.2178188757369471,8798,-6.883435349190894,3.2872374452773188,-12.621257877123048,3.248950398513845,8820
Sala,2020,10,0.46350319548168156,0.23758464239936286,0.39014131620686754,0.21137315375182877,-0.4269639335172023,0.18767653817080102,3351,-4.668260474662172,3.900849877896802,-11.773387247978471,2.9943656238973686,8820
Sala,2020,11,0.4156076678207942,0.06084435941470972,0.4075558475085667,0.05941226857582172,-0.33333753389971604,0.046168819410939484,35,-5.930017861444527,3.676350023291167,-12.690181618067266,3.100382299331776,8820
Sala,2020,12,0.4857168084727533,0.310744641771602,0.31406818774425316,0.5658496963856787,-0.44241941503469545,0.26237569034801883,8820,-6.141231281316275,3.6460614762626804,-12.927763408130167,3.1057015903088927,8820
Sala,2021,1,0.3902856392809942,0.25247209083481353,0.30825594250730276,0.2984058690644187,-0.33825581818068773,0.22042330304417362,5114,-6.289581773009327,3.6262174736117103,-12.996127911284542,3.1799556565677567,8820
Sala,2021,2,0.47400396744314643,0.3134807869257786,0.3240605837495943,0.32062982297124615,-0.4377023361410739,0.26178978094316213,8820,-5.5082176904595075,3.8842833280884577,-12.477244736573486,3.1156246128693224,8820
Sala,2021,3,0.06328329304233193,0.04389174938790933,0.23909103590995073,0.18128477384118627,-0.022704315604642034,0.042795015228659104,4,-6.775621886417976,3.8377178675685677,-13.56136773122587,3.4814621424114813,8820
Sala,2021,4,0.34107384545468267,0.2325676059593052,0.3618875664864117,3.9049045533124827,-0.32238455638724123,0.20686946460086197,5184,-6.758281387319108,3.8133006336611786,-13.478690511423295,3.4958545874465243,8819
Sala,2021,5,0.339187403797748,0.2543083119301877,0.22642585000244714,0.29040302471701557,-0.35392275953633173,0.22663165839152072,8820,-6.930840810641202,3.9720579368991356,-13.769193626091113,3.6185549046143297,8820
Sala,2021,6,0.3827700740888264,0.17558286048150834,0.47550430864581356,0.24789111943452974,-0.30290738362001934,0.1431278599935175,3010,-6.226363951318521,3.8556587394832755,-13.14289311163568,3.5467012526290156,8820
Sala,2021,7,0.4701981943066895,0.30954896845441926,0.35824360077781936,19.7252218780924,-0.41014326751714325,0.2550666945556557,6684,-5.589303979643032,3.64360054202856,-12.54451846464883,3.292240714674465,8820
Sala,2021,8,0.45006223505005283,0.3744571216661268,-0.24542046165133946,52.03307017147989,-0.3745030640828794,0.32097954487688124,4172,-6.996765873097187,3.478237948097324,-12.749547185081719,3.4680634336789056,8820
Sala,2021,9,0.4939100782027475,0.33039851354987065,0.34503098062984194,0.6067288018880869,-0.4458114145034645,0.2758060378627046,8820,-6.286195241382193,3.714577816588699,-13.026649987601292,3.2970110045021794,8820
Sala,2021,10,0.4688969337654929,0.3027465289451481,0.32879214036006676,1.0344486930220775,-0.4327564676415666,0.2538890114767239,6619,-6.756392751986797,3.4432506791387527,-12.440911366046322,3.4137366284006747,8819
Sala,2021,11,0.008837353241341632,0.042928521178630046,0.044840049863393815,0.2299446621279351,0.0265885622052121,0.039619558895776216,21,-5.83635272900945,3.7191709575378944,-12.840811994730101,3.1698859781518705,8820
Sala,2021,12,0.4719033905370599,0.3159569460374776,0.30940573814665595,0.359982291576954,-0.4336092321484263,0.2679032477765931,8707,-6.919030131956772,3.40285729323007,-12.69067264784759,3.446942669673624,8820
Sala,2022,1,,,,,,,0,-7.009461852554071,3.494671461851841,-12.674166379000578,3.5515832948852206,8820
Sala,2022,2,0.42293413043070366,0.29529632666465366,0.2757199182414779,0.27831124719108635,-0.39609059468532953,0.25168447971245406,8820,-7.050941768412583,3.481557094676665,-12.608365488821939,3.472825161645971,8820
Sala,2022,3,0.4137991224138873,0.30056945824332426,0.1122880030420717,16.76729130333747,-0.4049305963783132,0.2618057396955116,8820,-7.125042378595657,3.3652832556154775,-12.759863166592575,3.395301780147072,8820
Sala,2022,4,0.3859440837912344,0.27493979291766824,0.07403563845874744,16.94194036372915,-0.35433958854034764,0.2413730727957541,7089,-6.877129519119618,3.428322341686688,-12.537478420491249,3.440564170140586,8820
Sala,2022,5,0.46738018782487667,0.31797350432759697,0.3512599970637462,1.5086303447732572,-0.4219782286553093,0.26314259099576137,8820,-6.265384317513195,3.3201611602739027,-12.209325967411774,3.193742287649609,8820
Sala,2022,6,,,,,,,0,-6.114679365672,3.4780864978431554,-12.048696451148516,3.2952467381149653,8820
Sala,2022,7,0.5000650581573122,0.3449369984147677,0.17040091648274164,17.056637034303773,-0.45186780350507355,0.29020150554805957,8820,-6.023235947892975,3.3358780804848784,-11.900101443625639,3.2410118551234124,8820
Sala,2022,8,0.45494676485780255,0.2920638492465308,0.33699999449435,0.5961779645084304,-0.4000656059277716,0.24449147162691096,8820,-6.593953726749268,3.3584764867672616,-12.280903759708563,3.2291893742518676,8820
Sala,2022,9,0.4542569770360398,0.2972541431447064,0.3067283853602446,2.033982897696398,-0.3975982338988219,0.24987491988670285,6737,-6.123820352481776,3.471485892112857,-11.774848872826462,3.2006311100793616,8820
Sala,2022,10,0.3707556247711182,0.037168039466517956,0.4076441367467244,0.07904476082841726,-0.3389851033687591,0.038548188065057026,15,-5.827011453209002,3.5412146445869666,-11.516977949746677,3.262432586023843,8820
Sala,2022,11,0.19597407339856174,0.08538363131003518,0.1841372839081709,0.09907225557174835,-0.14715537012912802,0.0799067326856831,289,-5.5241434774815525,3.502297984283955,-11.579067802580912,3.2565891411643992,8820
Sala,2022,12,0.4866051151160873,0.32697497378712176,0.5049004946794432,16.727755109133373,-0.4401774080485394,0.27786094496092767,8820,-6.728602199281294,3.3277046023828767,-12.377702691069354,3.3513505648385253,8820
Sala,2023,1,0.4992365076568669,0.31800913091323874,0.33102076976032535,0.37504101477297896,-0.4499070993117646,0.26933927560175674,8753,-6.909830830625641,3.5281457493151462,-12.473916123756633,3.483793601963417,8819
Sala,2023,2,,,,,,,0,-6.744310496693824,3.4143447033090313,-12.38287905566444,3.4415110248597323,8820
Sala,2023,3,0.36469261745744536,0.2623143608726014,0.25267387275376646,0.2916225882603637,-0.3627721775060341,0.2278515683486846,8820,-7.0941457275976765,3.437063247245057,-12.628084983302115,3.546405402071603,8819
Sala,2023,4,0.4038510578849247,0.2706074911493371,0.3057885046750353,0.2410269830674421,-0.3831229462134165,0.2289733294645863,8454,-6.866602468361221,3.4435395183752378,-12.564295710775303,3.5282764920453875,8820
Sala,2023,5,0.38821649508478256,0.2378727836909898,0.3592964020184632,0.2326817928745813,-0.3249812384848848,0.2054847310835678,2211,-6.695071761681772,3.5203569529241503,-12.342195636073713,3.664908749224225,8820
Sala,2023,6,0.49516998784698163,0.3696800183686251,0.37505557741456724,2.1182572878953465,-0.44703131159520676,0.3069022401198202,8820,-6.4875089405414315,3.2669559831101487,-12.188845891262222,3.460091724494284,8820
Sala,2023,7,0.4583964680795939,0.32349212313414605,0.3108890536824435,10.91602259074463,-0.408563138562925,0.26721411663067096,8067,-5.932446046106832,3.4245927743609252,-11.667653101184676,3.4511200588925046,8820
Sala,2023,8,0.40660666966431985,0.1448622822095566,0.5377471560751667,0.2243547467759639,-0.3174939070572118,0.11746099274627649,949,-6.411037917273068,3.5011233177728163,-11.974063627741318,3.5497860015575893,8820
Sala,2023,9,0.49296939433513853,0.34910762322062855,0.3150900181971315,5.946793833755039,-0.44598502661257805,0.2945989122370813,8820,-5.9033787811874765,3.317207314747186,-11.517404556895052,3.2990122182835737,8820
Sala,2023,10,0.3800766982860766,0.1604483320168552,0.3424827240845635,0.15755546147393723,-0.33141447980108324,0.13205965414533008,2066,-5.520423743251187,3.444017792200624,-11.158663798941458,3.36347119101488,8818
Sala,2023,11,,,,,,,0,-5.882840797232215,3.324697192900425,-11.476653675274392,3.3010826664182207,8820
Sala,2023,12,,,,,,,0,-5.9626323916144734,3.3321676986926345,-11.684379502592384,3.3545356863122264,8820
Sala,2024,1,0.005817599300544003,0.0528250142898561,0.02675744263326813,0.1384222943889241,0.014761980121216638,0.04937122989043801,29,-6.503859092755227,3.4277551888509965,-11.886856592039154,3.4841545780362257,8820
Sala,2024,2,0.3760475590862792,0.2727297539762795,0.24368465129775876,0.21209411328163702,-0.38195943478973876,0.24301976045988266,7601,-6.70887075320587,3.318780649750181,-12.292687068840106,3.6314908800057255,8819
Sala,2024,3,0.32207234732578927,0.26902262753708117,0.21566866177286706,0.4146495954703228,-0.32275199674690885,0.23885225886729128,8513,-6.758502176018366,3.470132896580449,-12.051902889916462,3.5712871335475707,8820
Sala,2024,4,0.33972648182753473,0.28917204753353265,0.21379487446046952,1.1939489086724238,-0.36888020597152704,0.2640717628635314,8820,-6.934079154851131,3.5481118161666076,-12.557168790991811,3.910970928210753,8818
Sala,2024,5,,,,,,,0,-6.9856319215048455,3.6603589173035735,-12.392390134978793,3.850176390214492,8820
Sala,2024,6,0.4327956700793719,0.28163135884992707,0.41692019540982794,0.5144405819646827,-0.37981809652443466,0.2476208634366735,4764,-6.342992950030847,3.3016689015809697,-11.871607411077576,3.4405413898324193,8820
Sala,2024,7,,,,,,,0,-5.585887671792091,3.782370987034531,-12.594872753587735,3.5560468487887316,8819
Sala,2024,8,0.3524773089467958,0.17723531860493108,0.33383427892622236,0.19082141400168573,-0.31717162980222025,0.1369446950461277,2332,-5.73539012366571,3.4908133286701526,-11.324951714974594,3.3030253587187035,8820
Sala,2024,9,0.4623360763481582,0.34131812878672124,0.33046936120888354,0.4603553662042332,-0.42017801080606815,0.2861690185845549,8819,-6.195139508466127,3.444303774353006,-11.93913410805976,3.549920226263416,8820
Sala,2024,10,0.45159373345498427,0.34070734433216177,0.33215508747850114,0.3334430176998065,-0.4167090903589812,0.2874089311558721,8820,-5.87452529517893,3.2944699528242127,-11.383162824784868,3.2159580048012426,8820
Sala,2024,11,0.4386323428078385,0.2890045364088506,0.34907431267664735,0.6638612341537771,-0.4077701982859203,0.24683319493846861,6801,-6.486410909132728,3.455384431243057,-12.093691565424765,3.5792575112648306,8820
Sala,2024,12,0.3829676836959078,0.2578889432151253,0.36605297917874413,0.27850830558306794,-0.3409401013314975,0.21936572672250818,2390,-5.303265270752547,3.2700222249183732,-10.991494933142853,3.137233661172355,8820
Sala,2025,1,,,,,,,0,-5.844305227362189,3.3157679519865364,-11.65228587404155,3.3600041782576873,8820
Sala,2025,2,0.43672951936502563,0.31064145501593715,0.5409246666311716,18.640302173148104,-0.3998893054924549,0.26110273901873166,8820,-6.557031556447025,3.422301803728406,-11.949372523994246,3.4781979088183683,8820
Sala,2025,3,0.426745049173902,0.3049658254665253,0.3131722912920046,0.3474616927749114,-0.40248232886957014,0.2584183574530758,8820,-6.469155652996853,3.317049297512544,-12.090397010302825,3.4594780534709773,8820
Sala,2025,4,0.34722377256002207,0.25964056722155376,0.2819456178874221,0.2200514681407018,-0.34537630432157557,0.22651808159294248,6709,-6.8822884171969365,3.9988828069461637,-13.752232466688776,3.5359688703349086,8820
Sala,2025,5,0.3720859486253828,0.3074624691646548,0.28177971189786216,1.0988001549370896,-0.3595883305554095,0.266071273183037,8820,-6.30538496750569,3.3211142327563437,-11.775155144132462,3.288714230510478,8820
Sala,2025,6,,,,,,,0,-4.674760069912381,4.0739340227907155,-12.012764364065543,3.1930278186012,8820
Sala,2025,7,,,,,,,,-5.589433418902311,3.7144474098542624,-12.46853151712979,3.331564902789692,8820
Sala,2025,8,0.4597765682268089,0.27131695602058964,0.3743429358307717,0.22625945769448685,-0.3995880452133821,0.2296667590794711,2787,-5.881423361891818,3.4260844613158823,-11.699892117187948,3.2609952190901774,8820
Sala,2025,9,,,,,,,,-4.968625895510619,3.8661620062321744,-11.95086712849042,2.996675385299168,8820
Sala,2025,10,,,,,,,0,-5.998970364273895,3.3169903418281432,-11.714316125778483,3.2501056628761282,8820
Sala,2025,11,0.46718768803664973,0.3301965972183191,0.31377006193978063,0.26381033056467373,-0.42308436615703915,0.2758082387122656,8820,-5.440188781674868,3.7274791289858813,-12.238396879909317,3.0747948159576497,8820
San Isidro,2020,1,0.5211242287974313,0.28875080485635995,0.34768947015373447,0.23533892567200523,-0.48956325465003925,0.209296002765582,8107,-5.582392391808892,3.910658940873318,-13.311156608084561,3.582207160243229,8107
San Isidro,2020,2,0.4442160527199184,0.27849555989691904,0.32469965214948926,0.2351538750236,-0.45009160774529333,0.2036608442735975,5688,-6.009063901750239,3.9759051156901526,-13.525786828032377,3.330636697084363,8107
San Isidro,2020,3,0.47697660874763015,0.28425555427617144,0.34609277964898155,0.23578291891963987,-0.47056321778023513,0.20473386376343622,8107,-6.354058094913945,4.170582641174545,-13.469980696203871,3.3154940628121516,8107
San Isidro,2020,4,0.44472644020529023,0.24585464921442687,0.34460205019091034,0.2356504306701968,-0.4317605504123739,0.18095740171680982,7007,-6.359868854389309,4.20533795898963,-13.628665557511432,3.34846047948894,8107
San Isidro,2020,5,0.4625243504419212,0.2899181965755816,0.34271771844031557,0.27044552365777524,-0.4380766548431093,0.20792566152578837,8107,-5.568712748193141,4.068123716892582,-12.884640724514544,3.0894476213361344,8107
San Isidro,2020,6,0.49454330164308224,0.31131748960214783,0.375529442030199,0.2949609361973652,-0.4672897136873306,0.2292033434705194,8107,-5.5961395107681975,3.9245845083812942,-13.431509480858892,3.3371506527991266,8107
San Isidro,2020,7,0.5102210074045507,0.28881994035153263,0.40106659444118203,0.2750844612485848,-0.4610832681867052,0.20811736039550544,7846,-5.992205608255596,3.12012303804326,-12.010144326092385,3.872747233094247,8107
San Isidro,2020,8,0.5163469929240356,0.2820965644448796,0.4208933182025361,0.25829513274180305,-0.48346767292463405,0.20406873864332087,7201,-5.711612208019064,4.262715827751437,-13.051082684871908,3.294995061878058,8107
San Isidro,2020,9,0.4721717307913176,0.22809671535005877,0.436686966060341,0.22648436945191786,-0.43820507336496034,0.1681833213603722,8107,-6.444524449337816,3.149991314876176,-11.94572079672757,3.5778489165640783,8107
San Isidro,2020,10,0.5017857756246366,0.2712839575465911,0.35351030146917684,0.22412732463675805,-0.47709510622578327,0.183984648555155,5828,-3.981539851824272,4.3383366091162605,-11.731923604897476,2.9714672356086216,8107
San Isidro,2020,11,-0.03249187767505646,0.004889484402683581,0.30345363169908524,0.02940332839920714,0.07628425396978855,0.005482942196241111,4,-4.928226837143057,4.185750121365601,-12.909375357456181,3.360522356155214,8107
San Isidro,2020,12,0.5410885519542366,0.29442700876477396,0.36113693073733844,0.25142524662705956,-0.5074390257318703,0.21321934398790282,8107,-5.162204714291864,4.094739558089168,-12.822600649829004,3.39473020495118,8107
San Isidro,2021,1,0.4607303690809683,0.24990300612026609,0.38510526215518903,0.24253412875375419,-0.43247114604431697,0.18413631627076166,4036,-5.2538439855779355,4.177504653564587,-13.082562237144897,3.433293736751504,8107
San Isidro,2021,2,0.5273378415825146,0.2921097853529085,0.3856496986123356,0.25599515372989484,-0.5059517955842578,0.20205241276994404,7589,-4.536364928740493,4.400062785391794,-12.314253487077973,3.1802232495816836,8107
San Isidro,2021,3,0.0017391304718330503,0.0,0.002697400748729706,0.0,0.04101710394024849,0.0,1,-5.751932267306853,4.346835159147168,-13.219537333075449,3.3971527954605896,8107
San Isidro,2021,4,0.5229620946383527,0.17410987902846325,0.5226112997029415,0.19830125314587782,-0.46112613476697334,0.12458506522959117,516,-5.571621428459177,4.344125255361024,-13.05248104583231,3.3082749275701633,8107
San Isidro,2021,5,0.3972573757646919,0.25118713103164503,0.3067277552732869,0.21717997988016471,-0.4168699530518618,0.18378262550345362,8107,-5.864392019026376,4.355897616085815,-13.31368376419526,3.492220398634591,8107
San Isidro,2021,6,0.43202050388919494,0.2122950776398842,0.48031215261164895,0.3407424943933661,-0.342033774032564,0.18537953414324743,4118,-5.372534774569647,4.752547285000636,-13.225079883975626,4.174659177740436,8105
San Isidro,2021,7,0.4854680049178185,0.33067310374031506,0.47201144299828696,2.25407181104081,-0.45615258485876986,0.23835605847774902,5397,-4.455519477601871,4.327605461292282,-12.594157104026737,3.7068184642489554,8106
San Isidro,2021,8,0.4442099018432503,0.2931008413739759,0.48986059469711585,0.5277449267683229,-0.40444891864170385,0.23633760991144914,2267,-6.501553189913379,3.2910409185826746,-12.226057209307069,3.77889284509188,8105
San Isidro,2021,9,0.56287776783619,0.3105430845227721,0.4163241621729945,0.25731342621983383,-0.5225461976971332,0.21905602003240085,8107,-5.727082411296077,4.385637377151508,-13.052139319301643,3.3766406828495055,8107
San Isidro,2021,10,0.48070910259054006,0.25198563952222647,0.376555989876749,0.23037295041775593,-0.47502705594290046,0.17777145136852532,4338,-6.315409303138382,2.975977968284216,-12.003140645115677,3.7460278548517048,8107
San Isidro,2021,11,-0.06646830524550751,0.0683009258355014,-0.15976219694130123,0.16265223105438054,0.09493902698159218,0.059219490736722946,2,-4.404818560328266,4.496780723239039,-12.219506450792846,3.091982153400234,8107
San Isidro,2021,12,0.5305542243004746,0.28866079216238444,0.384134599265926,0.25045889954042017,-0.502562329020731,0.20627969801837717,7318,-6.4173904924358744,3.016493037215603,-12.289581650867138,3.945591938584143,8105
San Isidro,2022,1,,,,,,,0,-6.4445651287174535,3.1002651531240053,-12.161146588451388,3.8829710944605202,8107
San Isidro,2022,2,0.5058687046267992,0.2824779401701745,0.382596874426538,0.2395511304983232,-0.47851265502138624,0.20351769565149222,8107,-6.562125988499456,3.123271644775568,-12.038194425713975,3.791209601729053,8107
San Isidro,2022,3,0.46460701853276404,0.2911315194027918,0.33988321737630145,0.24077258408813185,-0.4701846359171788,0.2094427435130195,8107,-6.747789723088561,3.1225848095551676,-12.1196582892454,3.728989568340437,8105
San Isidro,2022,4,0.44321058127208585,0.2536022144608981,0.36480329348987456,0.22715893800540155,-0.4224567566793932,0.18738405847476006,8006,-6.004792299868089,3.0641295279147305,-11.626064367740344,3.6508918987595442,8105
San Isidro,2022,5,0.49646753737050014,0.2984021164824402,0.36475946582677843,0.2548382207571433,-0.47163305973501607,0.21179212928697877,8107,-5.785177416190331,3.0064700006749288,-11.662084399950045,3.5951516826613936,8104
San Isidro,2022,6,,,,,,,0,-5.704422297327406,3.167304432624348,-11.834404694214438,3.995104908604284,8107
San Isidro,2022,7,0.488637514832662,0.33714928290443213,0.3608787880401183,0.27457435826121046,-0.47953732178998265,0.24848974608650817,5688,-5.683446819783856,3.046748618083149,-11.648574158819956,3.704372160892358,8107
San Isidro,2022,8,0.49372716768002006,0.2663949668617199,0.3907323378625205,0.23178493111198098,-0.455452469541217,0.1944737966925586,7435,-6.223271241921743,3.2694555853359026,-11.770006197626461,3.637051616681383,8107
San Isidro,2022,9,,,,,,,0,-5.806561277516892,3.2107347395891708,-11.30549868604411,3.4207305483271018,8107
San Isidro,2022,10,0.5470709558772304,0.21006977728802853,0.5055794129352019,0.2265236698674654,-0.4895301179024676,0.14557868212497777,3517,-5.280243374703276,3.1036843756547,-10.877015621959252,3.4694536764724866,8107
San Isidro,2022,11,0.37346510830882057,0.09965803182674972,0.337319501645445,0.10744736523213189,-0.2983825166756425,0.07219954862445391,339,-5.179225016286262,3.1925015021723073,-10.957516276779462,3.40817138844645,8107
San Isidro,2022,12,0.5099469790033184,0.2861096854996539,0.37615365965016023,0.2573900138584647,-0.48105653455899683,0.2110675690289115,7953,-6.290239608084623,3.0734349843004476,-12.012720034717358,3.9101372287891665,8106
San Isidro,2023,1,0.5332043795771967,0.2826299874010742,0.35922572693762067,0.23766825273846248,-0.5005120677705861,0.20534141211890514,8003,-6.430560892304651,3.174204909660142,-12.115331733748679,3.9757155341063495,8106
San Isidro,2023,2,,,,,,,0,-6.234233505890386,3.127323340415959,-11.886627535487232,3.7412149507628083,8107
San Isidro,2023,3,0.48358941446780285,0.24727784657574145,0.38359671118318533,0.21956056245175357,-0.4619948373319672,0.17821580486786393,6948,-6.650193528152697,3.297643711004039,-12.062433964413277,3.875326699714567,8107
San Isidro,2023,4,0.4472228149513759,0.25924024681769714,0.35293727424673627,0.22517486839325115,-0.44349632718232984,0.18704311947033309,8107,-6.511966220184058,3.191210266092684,-12.02774371346102,3.8222762132510217,8107
San Isidro,2023,5,0.4756838514217506,0.24762197033497352,0.4261751662757984,0.25265470488704206,-0.4423072955927893,0.17721009193053444,6967,-6.342450822533159,3.317176151761409,-12.052296607935045,4.005733835361166,8104
San Isidro,2023,6,0.5497319244337786,0.3135388880899596,0.42787130456186057,0.28969108998141396,-0.5029088501000297,0.22681606696596224,7470,-6.038268197179902,3.080691112738382,-12.02780992056533,3.862876625920406,8107
San Isidro,2023,7,0.46071951611583806,0.3251448146573085,0.40961132905280373,0.9507097246108768,-0.4504318116468224,0.22998698924837796,4725,-5.777277258251473,3.177962409574253,-11.693783123585174,3.808257300334174,8107
San Isidro,2023,8,0.5188101867204211,0.1178929744326083,0.6431413446142892,0.18787818213978183,-0.40815088288385587,0.09156471602556453,3860,-6.2504162413866275,3.3431477592090038,-11.846057334032006,3.7789465607803723,8107
San Isidro,2023,9,0.536477483293424,0.3282207699841986,0.3675546092367129,0.3349317607288061,-0.515762582072742,0.23617799876512693,8107,-5.69632003889876,3.0155302823591206,-11.193913787623345,3.3922164127736703,8107
San Isidro,2023,10,0.5793397043913399,0.21717088203662305,0.5072596980429281,0.22529291365408832,-0.5207638568087337,0.1487566485047824,4278,-5.173092359690172,3.0559474920271144,-10.92677535698368,3.4498293037023244,8107
San Isidro,2023,11,,,,,,,0,-5.559014192342447,3.0731781904428446,-11.127713683672615,3.498496588398078,8107
San Isidro,2023,12,0.3364799054006784,0.20516829304460144,0.3194140500375308,0.21344255933991624,-0.3439411539804291,0.15917741760808235,1943,-5.662584628292558,3.0952599109241294,-11.550152891133875,3.8009514452231152,8107
San Isidro,2024,1,-0.02976938559662639,0.041423081701260134,-0.07531541344221859,0.10088532658734546,0.049019241251655674,0.04288183730666571,21,-6.266689974196956,3.233068089453646,-11.819968721267244,3.836391139592904,8107
San Isidro,2024,2,0.4864496294688343,0.2881252489560448,0.33817049188813214,0.2377952019707157,-0.49033972892401484,0.20977090127383805,8107,-6.358891328795504,3.262545832586452,-11.908514467062588,3.7843144772506916,8106
San Isidro,2024,3,0.41262622673544463,0.27317637562171687,0.29644218111682363,0.23764893276487342,-0.41689825783552825,0.20234960192179355,8107,-6.534859418421787,3.2308255647235895,-11.898243825245673,3.782594092073684,8107
San Isidro,2024,4,0.3890018429583884,0.2766885930630382,0.2746881018788535,0.23328861298426742,-0.4345182009159866,0.2139273567231584,8107,-6.691866065998331,3.422380416877793,-12.411851352341678,4.178045270341811,8107
San Isidro,2024,5,,,,,,,0,-6.7134246364584245,3.486734137393716,-12.356899462273129,4.157757162750279,8107
San Isidro,2024,6,0.4778051826313062,0.26502758154963635,0.41825763251214965,0.46082287056476773,-0.4428279459805596,0.19118437140103,5720,-5.9232083410201675,3.10833446575251,-11.706582948080623,3.8074864440279876,8107
San Isidro,2024,7,0.3872322900403891,0.1106052225428751,0.44227125109519505,0.16488427044747678,-0.300155767299931,0.08736861689314705,834,-4.828968169712106,4.257368678631289,-12.625734835527306,3.7553540426170424,8107
San Isidro,2024,8,0.520329046987256,0.17850194058055968,0.4762796979990435,0.19143599553824434,-0.43674848483917655,0.1411966546046686,2331,-5.840728968271673,3.3831160465060695,-11.40253558255794,3.620202690225936,8107
San Isidro,2024,9,0.551911266593655,0.3223853400097968,0.4081612840360624,0.2968291036461491,-0.5144620956166435,0.2370277507658886,8107,-5.95728878138684,3.3642553932629737,-11.630403680822125,3.688885850725776,8107
San Isidro,2024,10,0.4994302893753694,0.31817783481270007,0.37237117580592516,0.3340490086777907,-0.4862367936234197,0.23431175085749545,8037,-5.675473143595556,3.204724854662229,-11.09465673060535,3.492237559826203,8107
San Isidro,2024,11,0.4595102535173099,0.273187954016249,0.33733753202058836,0.24351051937373372,-0.45280405856810074,0.20636029555652693,7892,-6.173761574313319,3.2071831666811796,-11.950768581371086,3.9587094962851785,8107
San Isidro,2024,12,0.45721936550542636,0.2842476987960535,0.35890765467545727,0.2823164136237972,-0.4316346452494457,0.21210513115475615,6964,-5.222596369000678,3.1588723453368046,-11.059904724766168,3.7383952248666157,8107
San Isidro,2025,1,0.5098992142681679,0.2933028396836199,0.40247516361925845,0.27527083762943716,-0.4925101595323922,0.217999407197988,8059,-5.62582882491192,3.0817580990698823,-11.400464623833777,3.69479296020216,8107
San Isidro,2025,2,0.5029678246881663,0.2741528087579328,0.4100691751248921,0.2720350997670784,-0.4676471267375998,0.20268771546611095,7769,-6.273232142830555,3.3125642067374224,-11.799155464908269,3.8528977328589096,8107
San Isidro,2025,3,0.48488128858786256,0.29798815561128855,0.3733032674182587,0.2732582851838472,-0.4773854512969049,0.21904436581994835,8107,-6.244439553845703,3.179986206718611,-11.864195696953463,3.932867951910366,8105
San Isidro,2025,4,0.4121619702154208,0.24694263974513192,0.33361147731896923,0.22368905675264555,-0.4233211563101912,0.187100682720326,8107,-6.219246583143748,4.629756841878139,-13.852046502406472,3.7533873283115073,8107
San Isidro,2025,5,0.4407974753452792,0.3145799008525464,0.3590225163963138,1.1943599885279568,-0.43300972481743305,0.23433347886115377,8107,-6.463734385360579,3.4261039738047723,-12.273435617696089,4.2866060518801845,8107
San Isidro,2025,6,,,,,,,0,-4.45530614181607,5.275388196827418,-12.573308746051222,4.223570572644949,8107
San Isidro,2025,7,,,,,,,,-4.983406246850461,4.338577084663088,-12.462237601584848,3.5696622155233304,8107
San Isidro,2025,8,0.4052134020946509,0.3366450533135401,0.5068815603684181,7.732670960903806,-0.4079915046585475,0.2665096979772498,1622,-5.657893911697817,3.3394983158826266,-11.335361354432568,3.5546416080450536,8107
San Isidro,2025,9,0.6592292883878084,0.1822436291080121,0.5319228776641658,0.18062004533160367,-0.5645375246048882,0.13392528670873557,2419,-4.330245255688265,4.402411510279993,-11.830778503384398,3.0793670970508042,8107
San Isidro,2025,10,,,,,,,0,-5.733488773237619,3.020892400186362,-11.390879138468087,3.477846114850119,8107
San Isidro,2025,11,0.5261027226769249,0.2971557457208367,0.3671363884776851,0.24316260106451495,-0.48965901668017486,0.21522273847440224,7405,-4.757069257517656,4.225441640252545,-12.372746345356079,3.2737360298396267,8107
Santo Domingo,2020,1,0.4467760783086121,0.16313422435069236,0.26514884257806054,0.11870998128206675,-0.43010509913355194,0.1355807071142554,13841,-8.614783138677137,3.1358139190046974,-14.724085012512818,3.5561721154104338,16414
Santo Domingo,2020,2,0.4990239398426531,0.20329028954196302,0.3530345231897709,0.16182217933488213,-0.47509241907902244,0.1637609510508183,15681,-9.413562151920878,3.259082129452202,-15.769707587283632,3.4235775659321455,16417
Santo Domingo,2020,3,0.5086616929444318,0.23195380940052152,0.3685149392430481,0.181954555925856,-0.48503301617499894,0.18619037865702232,12226,-9.631442154195787,3.2283970702127363,-15.87387519330061,3.44044267357611,16417
Santo Domingo,2020,4,0.4511268403978822,0.15881570033153314,0.37140268098814666,0.13969110956473801,-0.4288604622895764,0.12380057396101665,12036,-10.064570943183513,3.370805064260187,-16.31554204137492,3.5470436558463114,16418
Santo Domingo,2020,5,0.6086441099552249,0.12211739139003874,0.6942659775452085,0.2075354715299116,-0.5059807973775609,0.09922928509956336,2240,-9.237078629655151,3.2874162998342116,-15.306312145899698,3.2842268050594576,16415
Santo Domingo,2020,6,0.6831157463215781,0.191767635182033,0.6031160307898525,0.1995778639321031,-0.5903297815845256,0.14550313232064882,7937,-8.880026732446918,3.1743896188094047,-15.028375610062527,3.0490770682292463,16417
Santo Domingo,2020,7,0.5298462802496747,0.22138131884849194,0.5186862170404531,0.2361124301818885,-0.4688396258639784,0.17338522138735632,7603,-7.871665079947394,2.973896385437204,-14.033100722230694,2.8538211667248965,16410
Santo Domingo,2020,8,0.6338985214274897,0.21910938904019575,0.5207736427343406,0.1961429344078217,-0.5640126252316134,0.17396058768049696,15762,-8.645380354906615,3.0947044431815756,-14.764200295973831,3.1048076054915628,16418
Santo Domingo,2020,9,0.5890623865618918,0.1799487298630134,0.5680597845404339,0.18428428269938912,-0.5149915013186381,0.15032490453405745,12484,-8.333683724612314,3.0111934068993578,-14.584888588820537,2.9496673484591085,16416
Santo Domingo,2020,10,0.6253697475716901,0.2229396363345796,0.4928951855595362,0.1906539616281745,-0.5518532178410992,0.18587473634661364,16237,-6.796397305227427,2.899615291749327,-12.736500279945213,2.7602129645856293,16418
Santo Domingo,2020,11,0.6471797396643134,0.21091262419199178,0.5542320334753128,0.19176201436257528,-0.5657769258040134,0.18089320552589205,15305,-8.164687945842505,3.0000953166568536,-14.09676651535079,3.0934666577032686,16416
Santo Domingo,2020,12,0.6361771630291114,0.17179452275354565,0.5211248851456398,0.20349886273616147,-0.5739848016851087,0.13593096387233897,4239,-8.314564052326011,3.0500867742613456,-14.37140222783765,3.122507605763144,16418
Santo Domingo,2021,1,0.534579667443997,0.12983314954026415,0.4466382484233022,0.14196857991665893,-0.45917682437188684,0.10859650890355796,596,-8.50006886461058,2.970661365398438,-14.681195080722821,3.1065496269153297,16418
Santo Domingo,2021,2,0.6141058490004264,0.2188089638020241,0.4651531316417973,0.18510536921550305,-0.5579288895881583,0.1783209969505811,14945,-7.581473533751233,3.0035653583060884,-13.564146463121526,2.9628745880934955,16418
Santo Domingo,2021,3,0.022014463630815346,0.03229465877401931,0.05133408183852831,0.07816908188651696,-0.001522524282336235,0.05053199344355678,3,-9.078099553936857,3.131172495030732,-15.264889503154398,3.3087377323080114,16412
Santo Domingo,2021,4,0.49471306205282634,0.19298163043129238,0.4545068463144951,0.219628904878279,-0.4719824473392542,0.14420695852558194,6834,-9.19485209422009,3.214442277009697,-15.421029048780294,3.43904907630922,16410
Santo Domingo,2021,5,0.44359282369434466,0.2148137737834696,0.35208428467952896,0.1885576043043532,-0.4471807167245745,0.17259237970603145,12255,-9.526627285393882,3.3594912249579827,-15.69048403754945,3.5558591739875474,16410
Santo Domingo,2021,6,0.45462458107318193,0.08740138949918988,1.3411280948696191,0.5896359621920303,-0.32680207768256875,0.084443261332871,949,-8.717469638552819,3.241729560336379,-14.932396973679102,3.2640675725546053,16416
Santo Domingo,2021,7,0.6212640066049354,0.24507643315679598,0.6495915026290452,0.291576875749765,-0.5256844834762282,0.2020136943952265,7142,-7.451938885473344,3.016433508632597,-13.734213987706696,3.0094559581161535,16416
Santo Domingo,2021,8,0.7003972194235585,0.15062557354829884,0.8005691964803884,0.22265295761998447,-0.5863507509216813,0.13061132627572203,7441,-8.296824860143683,3.1566160870005264,-14.627512085464973,3.2174969229894224,16403
Santo Domingo,2021,9,0.6548746039524815,0.25585170496153936,0.5143552792359656,0.21377769679688266,-0.5818728407232021,0.21552894918267715,15455,-8.724024480890462,3.168351062073957,-14.890603902179842,3.238042273488057,16413
Santo Domingo,2021,10,0.5816190662576866,0.2558338197667697,0.4664357558222248,0.26355493227545207,-0.5341184889040991,0.2035769665258642,5790,-8.351816477885325,3.051435983078651,-14.659287113174235,3.221627381229887,16403
Santo Domingo,2021,11,,,,,,,0,-7.188337962437126,2.839036442031093,-13.506789171073393,2.975241611354699,16416
Santo Domingo,2021,12,0.6703125687181101,0.18035775328028805,0.5240375022853797,0.17101770236866187,-0.6009680786212636,0.14851361574680141,6953,-8.517745014229975,2.960708954412002,-14.91486249139879,3.2531974614059496,16409
Santo Domingo,2022,1,0.3802856202797379,0.1926399237397207,0.2842186632708039,0.7489112425966442,-0.3585945164322328,0.16665748075840753,873,-8.615205523650676,3.108012778396617,-15.088295008357646,3.4505010155788427,16397
Santo Domingo,2022,2,0.4976854515067087,0.20985930014400772,0.37854045716947105,0.17981647377194337,-0.4692528862065083,0.16986266907583847,9499,-8.712184939879982,3.116018311302335,-15.075290673458905,3.368580188213409,16406
Santo Domingo,2022,3,0.5261757580260736,0.22082183204447334,0.4134756077166711,0.19147237045125298,-0.5008623439275852,0.17916969273928357,10281,-8.89504158487238,3.021734672095286,-15.319423421494573,3.3095961664774225,16409
Santo Domingo,2022,4,0.6159818475321999,0.17276499632276418,0.5692083072881292,0.17291243434820996,-0.5371693159624953,0.1367436016043031,6672,-7.644455101919528,3.0389840935908903,-13.986835065972786,3.171568210092525,16407
Santo Domingo,2022,5,0.6475018884737783,0.16356948489595013,0.6282524105721099,0.34201112670249334,-0.560111689085251,0.12717154913045317,2427,-7.774306692367082,2.9325757440330853,-14.235274979357104,2.9752915623041987,16412
Santo Domingo,2022,6,,,,,,,0,-7.429315125821782,3.1757791388621968,-13.829953818553982,3.3060703078840334,16411
Santo Domingo,2022,7,0.6317055681664806,0.2805531546266655,0.569518811441065,6.626373586375003,-0.5626601151587737,0.23361639745136353,15772,-7.5682041422468105,2.94296867440263,-13.94182029950956,2.9218750221571534,16414
Santo Domingo,2022,8,,,,,,,0,-7.7597257903701315,2.9724130810027583,-14.083674976877042,2.956914870977605,16407
Santo Domingo,2022,9,0.6735652117454531,0.18773632582928118,0.6002584431132988,0.20616701775154547,-0.5841017500757896,0.1453629145285611,9027,-7.599899247251757,3.019400399063485,-13.853325400822573,2.97367139732853,16417
Santo Domingo,2022,10,0.6745743142770546,0.12566709074161855,0.6624750485743027,0.1709115168387689,-0.5772761139851895,0.10270550007359652,469,-7.281116714494409,3.141290964714039,-13.56065809130544,3.139339078444486,16406
Santo Domingo,2022,11,0.4066841384539238,0.0622554682301975,0.45619317468924403,0.10285576996794328,-0.3307750502075904,0.05588149902678129,78,-6.781556309985409,3.015118229835032,-13.13183876338267,2.9067707952886606,16417
Santo Domingo,2022,12,0.6263651547688436,0.17317572195266528,0.5384970538858418,0.1628054559412792,-0.5555868100367727,0.14432632888868271,1648,-8.317050449582672,2.979612214612685,-14.51155653767298,3.0347369536138937,16416
Santo Domingo,2023,1,0.6794289789441238,0.22577820519232827,0.4861973808521851,0.1979905362799619,-0.6005219158833545,0.1922036836598818,16411,-8.590698961756699,3.2278578065643773,-14.795244461125684,3.367237716186053,16403
Santo Domingo,2023,2,0.4623623235296997,0.1263799742063587,0.44113867031988224,0.11866836308624203,-0.4110100162623454,0.10246523862120412,7574,-8.37959599982789,3.1773452027273614,-14.740401672265893,3.2896747667873942,16413
Santo Domingo,2023,3,0.46104363715897817,0.21642178546857432,0.3400389596070582,0.17689995056935082,-0.46517263761968153,0.1755733437574965,16418,-9.272696695449865,3.4132383137705897,-15.727775484119604,3.6606852908215393,16389
Santo Domingo,2023,4,0.5896435369883667,0.17595370872361057,0.48739901303056116,0.152469285772864,-0.5376805908315618,0.13931265192658207,12692,-8.679839817729409,3.254648722351188,-15.243025128435722,3.3660181449605227,16409
Santo Domingo,2023,5,0.5047131363223207,0.10232628541538467,0.5906682310269241,0.1650616145894464,-0.4259314564314294,0.09252193487027266,940,-8.620071870655243,3.256256990939753,-15.155544461292319,3.4163772576503773,16403
Santo Domingo,2023,6,0.6434204764040695,0.23286402778063064,0.5727636453280098,0.23073628560811704,-0.5610771316688966,0.1913831129714633,14019,-7.968834573307484,3.069101616232231,-14.582361604910329,2.9729270999691573,16416
Santo Domingo,2023,7,0.7421004505243464,0.13342190050701777,0.7007118402426564,0.17460589221598888,-0.6315559476267253,0.11761191457198086,1026,-7.563703596883941,3.160000811832386,-13.964645182749031,3.0556440199413966,16414
Santo Domingo,2023,8,0.49804833011161626,0.09714613891935425,0.7399223644793396,0.20268718223659243,-0.39138011266964234,0.09235932699894596,1014,-7.785837667698232,3.2479499032376324,-14.248972949428927,3.2313962401488383,16412
Santo Domingo,2023,9,0.6985887263224717,0.19025909429001725,0.550250310036178,0.1835950147729629,-0.6151300551482876,0.14895782943452598,7013,-7.375425117611588,3.2285954228592515,-13.810297060176424,3.0697745241022623,16414
Santo Domingo,2023,10,0.49723016797213215,0.1566790115174697,0.4806745213242127,0.16556932373597694,-0.43235920430710156,0.12630796567309482,5021,-7.036379059979615,3.198309716972278,-13.519913060175679,3.1787316890442483,16415
Santo Domingo,2023,11,,,,,,,0,-7.389122804465613,3.2756573316218254,-13.661620416721973,3.136502311639774,16415
Santo Domingo,2023,12,0.37037718296051025,0.0,0.5031242370605469,0.0,-0.3212701678276062,0.0,1,-7.459080871511797,3.273879422678332,-13.89030621134213,3.193409367016266,16413
Santo Domingo,2024,1,0.5753638428664645,0.23483177242828598,0.4130629994211045,0.19714426726359188,-0.5402275353971864,0.1923113228027302,14032,-8.519212521121288,3.3811151218244007,-14.584988896181258,3.2561102151577646,16418
Santo Domingo,2024,2,0.507250095873531,0.2277954008441749,0.33554206208500975,0.16967375209370628,-0.5029087375206386,0.1901975957387725,16408,-8.599788898479302,3.318974500379841,-15.086933095547476,3.408572089515707,16405
Santo Domingo,2024,3,0.471656429856325,0.1915344863587748,0.3706787737633676,0.2502212249309279,-0.4551853463742203,0.1517885310241478,6148,-9.15503798442636,3.4330649235524064,-15.291861601161123,3.398940053239834,16418
Santo Domingo,2024,4,0.4185498766504839,0.24777037507539146,0.2871374207329519,0.1993844184694181,-0.45843392936987587,0.2134534413032908,16418,-9.39539996931931,3.6261404153882135,-16.229295633650626,4.089529453566468,16391
Santo Domingo,2024,5,,,,,,,0,-9.159628929620236,3.4325218658216334,-15.653134291033888,3.4661174471250122,16415
Santo Domingo,2024,6,0.6686721426599167,0.11199050943827825,0.6386371307513292,0.15164762314698574,-0.5707432250766191,0.09135974222344209,34,-7.330992566943746,3.213486381558828,-13.617135274275501,2.960619458484668,16418
Santo Domingo,2024,7,0.6446901877334176,0.1101648515577613,0.5977828111280871,0.1390652363482053,-0.5595193503219772,0.08859796366920471,1874,-7.908342701341701,3.424567145620376,-14.415389147090906,3.42522522242269,16413
Santo Domingo,2024,8,0.5598358518116958,0.1888345361530771,0.564169366470347,0.2086916374898962,-0.49326350975753347,0.1518475179399273,5309,-6.943478557375492,3.4602122349583686,-13.313823024907428,3.0435812507939195,16418
Santo Domingo,2024,9,0.6765967597765468,0.2100143119909001,0.6138917704043799,0.20129597812912212,-0.5929778157724518,0.1742563595514024,7998,-7.817450512545195,3.35686171269176,-14.377227345329677,3.2957916124940745,16413
Santo Domingo,2024,10,0.5696834783936476,0.2808612136126141,0.4621892025533093,0.5750563180957411,-0.5152093829350763,0.2310581965363514,9804,-7.081849233903579,3.2727357768694807,-13.449783651072494,3.0405608451499426,16418
Santo Domingo,2024,11,0.5612439998110119,0.2419326466500706,0.4102976664784216,0.20098875259507507,-0.5249542519930805,0.2044138740802744,14541,-7.9878227732245355,3.3979781294351263,-14.479843421877929,3.412399875067705,16411
Santo Domingo,2024,12,0.6191329516399093,0.22436059198130187,0.5206235060592218,0.22999363446228446,-0.5433414895483175,0.18142904524036807,4864,-6.760346775815808,3.2974584565196587,-13.115340404720076,3.019280163927476,16418
Santo Domingo,2025,1,0.5501616214869771,0.24284801451371246,0.44840399513077506,0.21937005233939902,-0.5058584072942353,0.20738592737721354,9290,-7.117183215029807,3.3229856037926413,-13.631327142456199,3.2680098106781235,16401
Santo Domingo,2025,2,0.4259267986631436,0.11091736566936485,0.39933466571578186,0.08611795784490335,-0.37956992247454197,0.09454447368779077,8955,-8.21142947166281,3.4464379062020867,-14.449853059959482,3.280777904683185,16418
Santo Domingo,2025,3,0.5669194978464553,0.19652676510118866,0.4690590985272723,0.1990950599209468,-0.516639721524407,0.15880876652666975,7078,-8.194715670768462,3.3302798961180544,-14.712774449202737,3.270331346057586,16410
Santo Domingo,2025,4,0.45639800693744875,0.20736905636558114,0.3653842930615989,0.17606023578170124,-0.4588451851434616,0.1701464420461414,16366,-9.75215339917067,3.748297796510509,-16.192981148602158,3.7135712958070144,16418
Santo Domingo,2025,5,0.4211935869329635,0.18224857831127844,0.42646750041502146,0.20608483451984577,-0.4122177106163548,0.14227228409727652,1074,-8.06647853471155,3.4405105712653157,-14.551469822256589,3.354409437770248,16418
Santo Domingo,2025,6,,,,,,,0,-6.8631290062176245,3.222531318034489,-13.420382344535591,3.1023856047560074,16418
Santo Domingo,2025,7,,,,,,,,-8.226341496672463,3.472045122607046,-14.354604651569423,3.3482405973439935,16418
Santo Domingo,2025,8,0.571361410777127,0.2720937645357401,0.5091814248331954,0.7286358314807669,-0.5052166869978235,0.22705195557951324,6843,-7.588382348695219,3.365370452923588,-14.099792705523967,3.0645237674052184,16418
Santo Domingo,2025,9,,,,,,,,-7.288893161878548,3.2764352802971253,-13.62938936662366,3.074633235702531,16418
Santo Domingo,2025,10,,,,,,,0,-7.501513051600349,3.2836911793210155,-14.056782156550916,3.078937796964765,16418
Santo Domingo,2025,11,0.6531489978592632,0.2232775237630911,0.5057660838251095,0.20358796183234923,-0.568240248022636,0.18583318659043715,10143,-7.872868126385873,3.3051816497750535,-14.055378402316371,3.2365249578966586,16418
Sinalhan,2020,1,0.43551482995795865,0.2993898102742962,0.3044232052828478,0.23480991503745394,-0.43158983533287953,0.23785521105142812,4295,-6.317019519215372,4.332089164779462,-13.349754419353127,4.489147365561636,4292
Sinalhan,2020,2,0.41260310174716786,0.25534540574967607,0.310408783724913,0.225781959990671,-0.42619125575805106,0.18668910178616652,4295,-6.568331618994751,4.229126187394764,-13.530611804936086,4.133218389158222,4295
Sinalhan,2020,3,0.4067076059512582,0.27673373446664956,0.3139875323645958,0.23389371810732762,-0.42346927616897007,0.20324023364428437,4295,-6.660787155973601,4.303649770889138,-13.439924483782306,4.116974091279588,4295
Sinalhan,2020,4,0.38256410842341493,0.25745189365847776,0.3124091360984588,0.2292511546853076,-0.3940085981495635,0.1892003323612728,4295,-6.718530872973319,4.300291716525816,-13.365743683926482,3.9219092655864896,4295
Sinalhan,2020,5,0.45736220055879845,0.2867819441175998,0.3577550212484908,0.24779438629369102,-0.44631953124177587,0.2040040338672851,4295,-5.952408182807721,3.950618954260539,-12.60965886124008,3.3927574393024282,4295
Sinalhan,2020,6,0.45110328183514586,0.2975454737825438,0.3734256593613799,0.2755036098045724,-0.43647809749793065,0.2100413833046844,2714,-5.991728744550572,3.966764855450958,-12.773692236734883,3.513543797775269,4295
Sinalhan,2020,7,0.43967156974308724,0.2685073599742081,0.35660646882208175,0.2469683298584016,-0.42532345896054885,0.19084787794507516,4295,-5.5154438442272,2.8177931374728638,-11.188822619417778,3.3563867539403263,4295
Sinalhan,2020,8,0.48923401040437065,0.2598537401171831,0.4005590958738077,0.24137944153086724,-0.4593134015786646,0.18583461228375128,4295,-5.490487958555454,3.750079207658995,-12.154748051578624,3.176760594541691,4295
Sinalhan,2020,9,0.5032941617623787,0.28710887550377007,0.4267013875829854,0.27413648539204416,-0.4750164370322282,0.20066071436863958,4186,-6.183433501235975,3.0427166462269217,-11.638452798235269,3.5060030066421275,4294
Sinalhan,2020,10,0.432509851673277,0.2864131862839838,0.33198701424026966,0.238275518948175,-0.41404051332958053,0.22628908852157834,3997,-4.152342006083938,4.017612121053923,-11.182244937245056,3.0445167926329857,4295
Sinalhan,2020,11,0.2064808578032083,0.1482697004639373,0.17846744079837584,0.13468398493608114,-0.17196579885023067,0.12359402748045538,439,-5.800747521233337,4.661520013468748,-13.029900530076942,4.430520203219901,4295
Sinalhan,2020,12,0.3904179810131448,0.30826956609023126,0.2754055014456337,0.22732491230249008,-0.37634739216664403,0.2600632744791412,3520,-6.088319063941764,4.738028081868142,-13.125305980284285,4.4003280132172025,4293
Sinalhan,2021,1,0.41906707245198693,0.276626168254109,0.30819522342712946,0.2215677409406523,-0.40272947108207396,0.2220692255132536,3576,-6.03437765064466,4.566582740061323,-13.213758944098128,4.335323779522249,4295
Sinalhan,2021,2,0.4461414979617983,0.2793756068502858,0.33120393478279103,0.2437812149496491,-0.442454225892413,0.19984560764588358,4295,-5.664797404173271,5.184616256922599,-12.802989676567003,4.21353955654818,4295
Sinalhan,2021,3,0.03949730843305588,0.0,0.03260829299688339,0.0,-0.16881150007247925,0.0,1,-6.3077510949569335,4.751814223696994,-13.596537458559958,4.611308338920066,4291
Sinalhan,2021,4,0.3631445097240899,0.2216890785287582,0.35259780190089707,0.2364501772515073,-0.3692502356095998,0.16340388923761104,1032,-6.107022445858803,4.510537420263477,-13.274250135120624,4.148388997393716,4295
Sinalhan,2021,5,0.37558056268879275,0.2723232936523131,0.2975289623783894,0.2266197119732384,-0.39076894320405586,0.20355895106959587,4295,-6.4223539079481,4.708471132601768,-13.431336630887769,4.207232570352204,4295
Sinalhan,2021,6,0.36160453371339907,0.20125580371758744,0.40344428344586547,0.24423314780489472,-0.3130356532604238,0.15825073560928132,4212,-6.092129835500512,4.488336999707309,-12.970341689625283,3.8645501257820287,4294
Sinalhan,2021,7,,,,,,,0,-4.71813816100625,4.370608921210625,-11.948724503593764,3.5074277573597215,4294
Sinalhan,2021,8,0.3870946934501494,0.23442307990616276,0.37376594839823507,0.2534714650390738,-0.35168371674744003,0.175496445011247,3131,-6.304333412973115,3.5154404575072133,-11.968351873172626,3.874839579160027,4292
Sinalhan,2021,9,0.4618712930514039,0.2960484149595822,0.34211105512634754,0.23707694058124767,-0.4454549503384209,0.2274888150903941,4295,-5.467954840170343,4.25127242661321,-12.464553527822028,3.6027921874110715,4294
Sinalhan,2021,10,0.4254853686584149,0.2726374542750375,0.2980927501494661,0.2171757749091956,-0.43256190250184046,0.21293323730216945,3036,-6.323676724847692,3.4870105642925076,-12.071648385249006,4.365956252694844,4287
Sinalhan,2021,11,,,,,,,0,-5.680525086661686,4.560525138935557,-12.74147402455384,3.8745820845393815,4291
Sinalhan,2021,12,0.42994941627317157,0.32772885693567744,0.3051312435653967,0.23106338556602904,-0.42877700672943225,0.2842058786399291,4295,-6.500927839975761,3.4815403473066127,-12.105347090897206,4.125421890592398,4292
Sinalhan,2022,1,0.28414265449771603,0.22621439675612737,0.19154330623023474,0.16020739625027774,-0.276528302833638,0.1903340962296765,3815,-6.832820564953694,3.841949991948874,-12.478138898298461,4.477927325359412,4289
Sinalhan,2022,2,0.38399456561122336,0.2677811311842435,0.293901431451948,0.22074165998997403,-0.3941016663848158,0.2104181972562503,4289,-6.6760665547197915,3.630861781893084,-12.265302739923724,4.33297328711038,4291
Sinalhan,2022,3,0.40007223337169734,0.2790957682773115,0.3156614916199845,0.2319533065509596,-0.42314863061310826,0.2137036038288985,4295,-6.783282857022785,3.548634961285751,-12.308674606890781,4.192406185914055,4295
Sinalhan,2022,4,,,,,,,0,-6.470023693236909,3.430274832999659,-12.010758614602558,4.070790004368113,4295
Sinalhan,2022,5,0.4683495026764371,0.28705752339847557,0.3775719887306325,0.24884880951663846,-0.45363696849126917,0.20914985451409648,4295,-5.782738635734129,3.194496946346779,-11.56629115746936,3.698902022345359,4295
Sinalhan,2022,6,,,,,,,0,-5.699162996507764,3.248389804688362,-11.3551328858931,3.684796864949655,4295
Sinalhan,2022,7,0.49429401051927113,0.32787782373757574,0.39611318701260567,0.2690785093323286,-0.47579339883655225,0.2414094015956731,4295,-5.732524640030289,3.0286079756546713,-11.37514733693259,3.4984349932670753,4295
Sinalhan,2022,8,0.42477220350760414,0.27747432101135516,0.33060931980500097,0.2316786433623725,-0.40849715138645093,0.21436127109312225,4295,-6.104979086347396,3.2209841680253826,-11.673149976496859,3.7825291340281613,4295
Sinalhan,2022,9,0.27353801892360086,0.1724696022116206,0.3171380418005311,0.21437700432550044,-0.26486188189063137,0.13978711335204233,2011,-5.571708055028967,3.385510956680153,-11.214169819566298,3.62885534837411,4295
Sinalhan,2022,10,0.4507127151793152,0.2954931194755635,0.4019507498169939,0.2901580043558321,-0.42393568174881646,0.22480361407588775,2040,-5.133437809883484,3.200786455272476,-10.929827357441575,3.6975816530648364,4295
Sinalhan,2022,11,0.3598812810677333,0.23247261403212197,0.29218603910130975,0.21331233942507577,-0.3487811964740388,0.1755654652416818,3753,-5.093294543970422,3.4276576488063824,-10.94651302415921,3.9290429302390923,4294
Sinalhan,2022,12,0.40692935691818677,0.32212076416520846,0.3042270656986607,0.24742873889923028,-0.4056111339839572,0.2597543220012337,4295,-6.287472519140412,3.449575489416531,-12.026905974673753,4.3318356456302265,4295
Sinalhan,2023,1,0.33093254071628236,0.22650291333536812,0.2352122275239051,0.18659353906174825,-0.3547280043861346,0.16569429482373607,580,-6.665693949652684,3.682850414187126,-12.214531524811752,4.555894935869632,4294
Sinalhan,2023,2,0.32301259131525834,0.20655603246318052,0.2467199040341101,0.18018834364068545,-0.32060009326411415,0.16281475016328525,3154,-6.7360346484638445,3.941163835777537,-12.163877722954304,4.49552954999968,4287
Sinalhan,2023,3,0.37098666284614423,0.26120031042754005,0.2984941055194077,0.22468252532177577,-0.3911466061908747,0.20399103460545398,4295,-6.774137172055006,3.763317127745176,-12.381898062128295,4.526827487358246,4292
Sinalhan,2023,4,0.4050055604431439,0.25960623057492693,0.3381346140170699,0.23591018429013297,-0.40191422547007766,0.19097176839732363,4295,-6.59969541501569,3.5996480126179455,-12.149527356731106,4.3010244210564,4295
Sinalhan,2023,5,0.4166110681262936,0.2693290543396826,0.358686938422142,0.25576203064012454,-0.409726310475422,0.20242571420856617,4295,-6.401364570536479,3.57799418183494,-12.058602190677142,4.1414037218437665,4294
Sinalhan,2023,6,0.511671951550942,0.3492204004249192,0.4136762660091306,0.2843986362120349,-0.49868870276446453,0.2702340908836706,4295,-5.500118483784484,3.177510218235584,-11.104620195987708,3.5406653563017167,4295
Sinalhan,2023,7,0.4707187055327366,0.3159985548884135,0.38692977132535905,0.2697673102466582,-0.4469803139814693,0.2380548498614491,4269,-5.41931502310364,3.3000538798186505,-11.272416210458672,3.7149367929875843,4295
Sinalhan,2023,8,0.39935366233441844,0.24670186502353447,0.3631534562876356,0.24862696709014637,-0.36940910457580584,0.19265413601557982,4177,-5.708240050652803,3.5468969466405302,-11.417811823007002,3.914807404393061,4293
Sinalhan,2023,9,0.45024636910425025,0.32638522164309075,0.3371569176480692,0.24468113245208617,-0.44006945926650576,0.2636363326489319,4295,-5.5977144621606545,3.4791919105605587,-11.318568934081537,3.9358059790612123,4292
Sinalhan,2023,10,,,,,,,0,-5.210982145853355,3.4996063618272686,-11.013377470223293,3.8499900751159695,4294
Sinalhan,2023,11,0.18131136315919102,0.05114043549423185,0.14842745363712312,0.03807772282254109,-0.14871824784647844,0.0484708665367776,210,-5.574423922988358,3.4568661096421374,-11.304577577080275,3.856139133534085,4295
Sinalhan,2023,12,0.43438519047737495,0.32053261275559497,0.3294483440150938,0.2534812024916763,-0.43770320109534705,0.25976357107652526,4295,-5.73552353074013,3.710928416364384,-11.564092008439543,4.1499247869436795,4290
Sinalhan,2024,1,0.07606545835733414,0.0,0.1335901916027069,0.0,-0.11558538675308228,0.0,1,-6.083731062671237,3.522328426060702,-11.821208974459289,4.1574438554713655,4294
Sinalhan,2024,2,0.4239486726141653,0.2602091993389197,0.32004648357638804,0.22417931320033774,-0.4487651587718052,0.19401526706005576,4295,-6.1313554141748465,3.348299800211614,-11.930993126130103,4.121232575062419,4294
Sinalhan,2024,3,0.36224284394346057,0.24602409327034283,0.27906227994206734,0.20973590270667125,-0.3788169324923814,0.1800610718384968,3970,-6.191923087151237,3.335904674019069,-11.604316499059948,3.7966580714968803,4295
Sinalhan,2024,4,0.4085105304783121,0.27427329657090144,0.32400849676263804,0.23937895274827323,-0.4405707485598713,0.20048929130727935,4295,-6.202028300347738,3.342508394648549,-11.989467539919334,4.079844724606138,4295
Sinalhan,2024,5,,,,,,,0,-5.971839476298713,3.0955813617849794,-11.522245986127768,3.6664114808141908,4295
Sinalhan,2024,6,0.2557086328415256,0.18641899851060464,0.26792144907704746,0.20751727726198188,-0.26623339280124436,0.1372441469326737,309,-5.512450358694767,2.976926903260638,-11.044986962491494,3.4020352961145655,4295
Sinalhan,2024,7,,,,,,,0,-4.834670233561266,4.23972206362005,-11.733349975358953,3.495859371153503,4295
Sinalhan,2024,8,0.28239569074437865,0.1877500673640646,0.2781316483860039,0.24149984911075287,-0.2374447418771461,0.16109792317158,1033,-5.227790399656098,3.3099639780373162,-10.834698950910179,3.545566973882456,4295
Sinalhan,2024,9,0.45601972917756733,0.319790458571331,0.34109959717229354,0.24731592509305325,-0.4379690225892599,0.25129200370510124,4295,-5.618064759829998,3.572648388727524,-11.33448748717997,3.892527926670417,4293
Sinalhan,2024,10,0.44910043847708714,0.33915994991399645,0.3638418539077773,0.26972516075606173,-0.4313414009575061,0.27368206459079075,4295,-5.323811548050306,3.6948883196537174,-11.1740891179914,3.806793921629973,4293
Sinalhan,2024,11,0.409991891897512,0.3093966103841984,0.3087143063172006,0.2428035904858347,-0.4086609298155975,0.25981893211162016,4295,-6.02783335393296,3.611173065245165,-11.79481491206147,4.270745174108791,4286
Sinalhan,2024,12,0.4249594258064553,0.3446609809282941,0.3243033918200542,0.2715071716173958,-0.4047750540454146,0.29154682415693883,3699,-4.9939115114236925,3.9554544021476867,-10.749766102512973,4.043690341811274,4295
Sinalhan,2025,1,0.469075928093282,0.29018596657434464,0.37857224490882757,0.2160831489426033,-0.4301199536423074,0.26923670754734547,670,-5.74844070031096,3.5984966025596874,-11.693151291051343,4.281220806196922,4287
Sinalhan,2025,2,0.3918419186695482,0.30012184182498425,0.31089902161086236,0.25982842344489454,-0.39473665051580387,0.23659018405744178,4295,-6.2513983073927255,3.658616355088402,-11.829514892642173,4.191013367913081,4295
Sinalhan,2025,3,0.3941643762797562,0.28119037334198377,0.31654765355717873,0.24112710657277547,-0.402863495556349,0.2299734353947847,4153,-6.137994154368628,3.5932745861840565,-11.862220792128042,4.141926400965488,4292
Sinalhan,2025,4,0.3726705958629792,0.23016792236324501,0.32031278496248977,0.21707346506618333,-0.3860263326329809,0.173920833831331,4231,-6.416757396657049,4.648758311682886,-13.444251942355267,3.83172027177737,4295
Sinalhan,2025,5,0.41053512165876754,0.291902154513572,0.3450102968574568,0.26441615774972144,-0.415609185920125,0.22094411107157927,4295,-5.748973775843786,3.328184210503969,-11.254102480435805,3.717259324466965,4295
Sinalhan,2025,6,,,,,,,0,-3.9077691624024533,4.44362447420704,-11.197705213600647,3.290703073607963,4295
Sinalhan,2025,7,,,,,,,,-5.009907651673854,4.4626646694884515,-11.990105038404677,3.879852522138979,4294
Sinalhan,2025,8,0.40863281138558427,0.33155984538840105,0.316177229382717,0.2528614514714167,-0.39777939815678276,0.2698906358677111,2801,-5.465158677152201,3.99344204152042,-11.450905690943406,3.987602038073052,4295
Sinalhan,2025,9,,,,,,,,-4.791301676574946,4.675745442931463,-11.771406290406937,3.5718080121108886,4295
Sinalhan,2025,10,,,,,,,0,-5.6092905805660545,3.7990593818879375,-11.65308778593459,4.187663927244803,4295
Sinalhan,2025,11,0.4053332575667687,0.36879238733764697,0.2966445095758065,0.26333077392861437,-0.39174855832865413,0.32090115521433854,4295,-5.342605442292129,4.996281563850493,-12.331018646569708,4.081255155277125,4295
Tagapo,2020,1,0.4187214368319121,0.28546861166845033,0.28141327556864537,0.2201459760822165,-0.41573518642575336,0.21471539778088303,10170,-4.971352879875651,4.176475643290287,-12.297387859058592,3.740508688141046,10170
Tagapo,2020,2,0.38688936392214196,0.2604195036153465,0.2862265931319487,0.2178770841241831,-0.3986129440058326,0.19855465653573234,10170,-5.301416070779706,4.382020935254982,-12.667960252505509,3.850532544383803,10170
Tagapo,2020,3,0.3438726264150281,0.2512154356952269,0.25002133633195367,0.20818449897722133,-0.36577905714808817,0.19530375000942485,10158,-5.464827070702688,4.480375967841259,-12.752671278950134,3.974721953945181,10170
Tagapo,2020,4,0.3219617901507997,0.2501229920492878,0.24814771529536492,0.21720332149975674,-0.338268902435581,0.1947870204548053,10170,-5.4207886216175885,4.452724946610235,-12.737111179476706,3.9324666896991265,10170
Tagapo,2020,5,0.4059644099745557,0.30554383882434755,0.32960053413907586,3.6219925333566434,-0.3914512521414489,0.22871060311835137,10170,-4.789485242083014,4.34899665671484,-12.131849021377903,3.7482530552873112,10170
Tagapo,2020,6,0.3750268970647017,0.27271421225621556,0.30545734588612106,0.2415528438788593,-0.37953375498859687,0.1983043100419084,3791,-5.041610362915962,4.3948007037309536,-12.413162069692424,3.7829801480264096,10170
Tagapo,2020,7,0.40520150988352105,0.29218561791465675,0.2897283441936156,3.331683774299028,-0.3880451054913071,0.21941647552430787,10170,-5.020505489743069,3.3279370119290603,-10.552043088584464,3.630920027551339,10170
Tagapo,2020,8,0.5174266253773947,0.23676439935534546,0.42737749853207607,0.20748643274226483,-0.4742253170837781,0.16501452377361966,3759,-4.579266239427992,4.106774917715035,-11.921257135566554,3.5607053998448377,10170
Tagapo,2020,9,0.4259816815282756,0.29635418253851853,0.33655244142443813,0.48168649234250976,-0.4099040347646993,0.2228887301275797,10170,-5.480687837475202,3.353351021653298,-10.883680495191223,3.7694551093058966,10170
Tagapo,2020,10,0.35380180752590196,0.2119051798431302,0.2882636865089058,0.19794167668771304,-0.34625153739759845,0.15494584207166678,3441,-3.0428027874824566,4.3972525874353545,-11.071730250949106,3.450299987524517,10170
Tagapo,2020,11,0.2496780663964866,0.13734046972119018,0.2169729333043684,0.1335977043538553,-0.21791811428134114,0.10702683336803187,947,-4.312240570851189,4.346542817205402,-11.862817157056648,3.6852711318000417,10170
Tagapo,2020,12,0.4225116128761503,0.2829653343724159,0.2872948013396024,0.22879406694669185,-0.4125032500212332,0.21471976629974474,9890,-4.5361680053165765,4.371863847574656,-11.974072093741906,3.715645632705604,10170
Tagapo,2021,1,0.40096182325783236,0.2578288518214798,0.29912015953261484,0.23041408381020595,-0.38870328040707536,0.19532990938878383,9849,-4.685906282193007,4.419382643138131,-12.159895175188481,3.874121848263133,10170
Tagapo,2021,2,0.4058473904559541,0.2860785195531604,0.28638009752049903,0.24349931651287807,-0.4071947953066331,0.2153303681110802,10170,-3.9499729982619844,4.431066669152992,-11.849904863510671,3.8000108500478476,10170
Tagapo,2021,3,0.00028064154850488375,0.04704293774106231,-0.011174421503462574,0.08331255018221906,0.010015955374745481,0.06430296810840938,22,-5.0403415519531665,4.571934645479544,-12.571454560656015,4.121046035170239,10170
Tagapo,2021,4,0.3673705955741904,0.24593323683883603,0.3429257307433176,0.2510839636782027,-0.36587258542227474,0.18915386608912826,3847,-4.98679296169892,4.535669206634313,-12.509760292501293,3.972976578820734,10170
Tagapo,2021,5,0.3379792964737165,0.2606128811522028,0.2665035045516551,0.2700619393612985,-0.35539346261215904,0.2031393228710323,10170,-5.092457269230628,4.6693631232611175,-12.65347464160439,4.11085084938092,10169
Tagapo,2021,6,0.2791881156295593,0.1718810422857412,0.3344244449284209,0.24795891629353134,-0.2514969671893509,0.13003924103067183,5980,-4.787832064020799,4.502133687771604,-12.424436609848266,4.03602548526418,10170
Tagapo,2021,7,,,,,,,0,-3.6718216507536905,4.451284061175461,-11.565489436629315,3.7974416702765312,10170
Tagapo,2021,8,0.30158309270469547,0.20539661871146764,0.291691850460895,0.22047464540275888,-0.30666773308892675,0.14021603046678716,1677,-5.716006509513789,3.5901333101088895,-11.14530753096309,3.984650594388586,10170
Tagapo,2021,9,0.421153883916641,0.30003304786413115,0.31088663152429113,0.49518059454851027,-0.40938764993536225,0.22728594002724536,10170,-4.192465346504543,4.453630119626702,-11.881627643530004,3.796957369764753,10170
Tagapo,2021,10,0.4210585515746906,0.2953305302181644,0.29705586457764926,0.3280113767240738,-0.4169043837589931,0.227803166916413,10126,-5.896183043483088,3.6346243098835034,-11.217317218336833,4.150890312212949,10168
Tagapo,2021,11,-0.018985967716258587,0.058007852316536684,-0.05955686963473757,0.12779804358637664,0.03403599572960625,0.06698895525415428,33,-4.602776360375378,4.464066963311457,-12.3314340887504,3.8937288200570856,10169
Tagapo,2021,12,0.4078520812478513,0.2978564612011779,0.2798921128817563,0.3045461820521987,-0.40795186047078996,0.23141982108354922,9718,-5.915248283761224,3.573678014900692,-11.254392008961421,4.0847261653007605,10170
Tagapo,2022,1,0.3084065210943739,0.22067461725924062,0.23449299503200186,0.22799606675615533,-0.3005784547143665,0.17473271019706282,8832,-6.03037974610981,3.6778057536528355,-11.342870112365157,4.227344710179889,10169
Tagapo,2022,2,0.38956344299951795,0.2781077663526689,0.29260880968343295,0.25167321993918534,-0.385321030950461,0.2145157193821217,10170,-5.9010233825538,3.581130217277648,-11.067433340720443,4.114045686649315,10169
Tagapo,2022,3,0.37661006908540995,0.28627046341613627,0.5583720724967429,28.111464165512768,-0.3873246144448162,0.22365660901518908,10170,-6.01315559327395,3.53997333105111,-11.247780951898623,4.0898294847161525,10170
Tagapo,2022,4,,,,,,,0,-5.909555804243172,3.6271015446982213,-11.2272885378567,4.180115698299607,10170
Tagapo,2022,5,0.4100843334052177,0.29705047320881556,0.31130396777741487,0.2960019399026254,-0.39635776144319224,0.2237738615795206,10170,-5.1977473692973195,3.443810781911696,-10.739385946369461,3.8823843958612647,10170
Tagapo,2022,6,,,,,,,0,-5.14643645078656,3.544495732256924,-10.743886214431006,3.9785102538157497,10170
Tagapo,2022,7,0.4360857629521688,0.3163272087126179,0.30036879194858773,1.2207485949152508,-0.4236161916603699,0.23968402150556747,10170,-5.156924358561458,3.3152195284441928,-10.533478998440213,3.7704329387357833,10170
Tagapo,2022,8,0.39838005387850123,0.2641274686787364,0.3042465160213309,0.23740716531458567,-0.38004353485874404,0.1999516711896825,10170,-5.693425469443783,3.4516994516872948,-10.928811613143145,3.956675680982226,10170
Tagapo,2022,9,0.3254226714582142,0.18222748063324973,0.29969137868901186,2.5129944550529704,-0.3129947848764288,0.14667848769657066,6955,-4.924278071885136,3.44211939100859,-10.440148254878427,3.770526757392097,10170
Tagapo,2022,10,0.31238439186894545,0.11560397975496414,0.26630940129980435,0.1127170843450554,-0.28295017051328203,0.0902506093829295,1380,-4.7898645816979695,3.645707528884598,-10.343227371479657,4.0409236634925865,10170
Tagapo,2022,11,0.4020407935303654,0.28242571612158407,0.2981906104861499,0.25326750168191403,-0.38548275773644336,0.21477425515622556,9755,-4.33282591679244,3.4069785280534832,-10.031491869567041,3.7614430807635277,10170
Tagapo,2022,12,0.41870632713063105,0.2929369352887372,0.2984629040289179,0.36113482557724574,-0.41133914987509246,0.2251055430922965,10170,-5.668991411603379,3.4356992140776144,-10.886702676145017,3.915718528378664,10170
Tagapo,2023,1,0.49343812622014444,0.30609438632383584,0.3539642233008469,0.2616525753996761,-0.44364576581582854,0.24705279319366494,3661,-5.788944196557097,3.5000691515034483,-10.991616710775265,4.0166862084476005,10170
Tagapo,2023,2,0.29462364614227526,0.16426370957953593,0.21713105027810228,0.12220729020603542,-0.28095372323423473,0.13093705959196095,3867,-5.7376063421772105,3.4917752060035108,-10.984331771998503,3.9729157884044475,10170
Tagapo,2023,3,0.35061815002946156,0.2542747506275566,0.2701986753902512,0.2343713193847422,-0.36866648699288873,0.1972341357010618,10170,-5.969229506952744,3.5752425236957306,-11.139807566861393,4.107093644031021,10170
Tagapo,2023,4,0.37437643438342366,0.2580296202089758,0.2954955309050046,0.2287861306497723,-0.3768113010437317,0.1950975822504417,10170,-5.87504502149995,3.619536006229442,-11.123775032035708,4.153796909015743,10170
Tagapo,2023,5,0.404098928839363,0.2772398334164551,0.34858250573205124,0.27366341357617735,-0.3863668921717971,0.2066724463592506,10170,-5.7170940035669044,3.684049699824054,-11.153369990812902,4.25940189553687,10170
Tagapo,2023,6,0.45137022966095486,0.35197065768219793,0.3108247285604628,1.2529874697574195,-0.4396731685313347,0.26450665167077736,10170,-4.8776598602300165,3.3127541387478523,-10.410031870198726,3.73801841890876,10170
Tagapo,2023,7,0.41850585114263583,0.30894070029349585,0.2939083113565236,0.8591917005024237,-0.4012277179296723,0.2326971009777589,10170,-4.812000126276396,3.5048907041101374,-10.388777324539364,3.832471256075661,10170
Tagapo,2023,8,0.3073590106147425,0.19460457265764983,0.2807379078054064,0.20340875093377156,-0.3132171672941002,0.13945081263447898,5862,-4.993037532500738,3.608083986266856,-10.398883092447301,3.7838302351428776,10170
Tagapo,2023,9,0.42417994648387636,0.2986792217727933,0.3276073558003154,2.5738030617021055,-0.41599129199797585,0.2249789109678053,10170,-4.916328343671545,3.4411173491556433,-10.41745087861517,3.846758087433399,10170
Tagapo,2023,10,0.7030483664468277,0.04736374794431355,0.6362459430860918,0.05825433514010764,-0.5733648933643517,0.047451198889091,43,-4.517782701406744,3.590526734439982,-10.193271511252679,3.918336965399725,10170
Tagapo,2023,11,0.36942596169373804,0.17462928051437296,0.3071519190587391,0.15238089592403936,-0.3191949386958102,0.14935061239882616,2437,-5.006230901811803,3.4647377406187294,-10.431936409757133,3.8520519142428413,10170
Tagapo,2023,12,0.4284826869741732,0.30483368815749956,0.30280628363705225,0.36447902314307545,-0.4301237098054852,0.23149646244350938,9324,-4.990375039194547,3.432639555420612,-10.441040131680657,3.8593587698992087,10170
Tagapo,2024,1,-0.019755321334944006,0.05835668334441315,-0.04286620222652953,0.10882835110369472,0.028042750161451604,0.07667853357248249,36,-5.615309069581572,3.553405424905545,-10.842272344739486,3.988369448845207,10170
Tagapo,2024,2,0.3807575682065749,0.26418411218059873,0.2758115122589728,0.26520740315561414,-0.4064333149453659,0.20423563178411613,9450,-5.705018428744263,3.502363594313086,-10.96349517975441,4.08567567554196,10170
Tagapo,2024,3,0.3318468968709187,0.25934272218535825,0.2547699215726583,0.9767426850558805,-0.34554775751600475,0.19987874213626247,9443,-5.79076969254097,3.558969715657101,-10.876776960114176,3.989232221774255,10170
Tagapo,2024,4,0.3489362313223141,0.28351388426050217,0.2423788275018077,0.7356223777960862,-0.3816079892721816,0.22293079428905987,10170,-5.935642362306267,3.6981601272304565,-11.277939532204977,4.267206732773605,10170
Tagapo,2024,5,,,,,,,0,-5.853180300016091,3.6092523148584945,-10.94211109817949,4.04428464910713,10170
Tagapo,2024,6,0.45322216488420963,0.14104781517955992,0.39083622221369296,0.1386340871633864,-0.4191497168503702,0.08726472015587756,64,-5.274827427274969,3.313806754158115,-10.444412587334966,3.775369105831868,10170
Tagapo,2024,7,,,,,,,0,-3.938558354079878,4.430671424490294,-11.61650999074264,3.85684771704714,10170
Tagapo,2024,8,0.3672264301519907,0.22487297334121364,0.3441228442366886,0.23395614918280397,-0.350293426464821,0.1648200822738084,3928,-4.621216415020969,3.4465850266603826,-10.10333887772815,3.66760320881917,10170
Tagapo,2024,9,0.42874172734725124,0.3072231411753102,0.305977469371883,0.5180196257749187,-0.41791774284808303,0.2313669905690207,10170,-5.185795205309846,3.4968710032838684,-10.650423625586056,3.8891844233288273,10170
Tagapo,2024,10,0.42068744807821873,0.31112206436058787,0.2891813121611592,1.053663865895475,-0.41394608209921907,0.23816091182220267,10170,-5.0881809142819145,3.3239081105816943,-10.347717224587832,3.6738565400809415,10170
Tagapo,2024,11,0.38949502754583937,0.27566926147819837,0.2671613377382822,0.2310014888984742,-0.4018094294891597,0.2134688342010923,10120,-5.641343800166285,3.512092857920937,-10.851680300631555,3.9604850585593163,10170
Tagapo,2024,12,0.37861776207404707,0.2858759541289821,0.2833647812272661,0.2511179049337251,-0.37494964345293946,0.21673986906009968,8520,-4.456403474621205,3.439813001350133,-9.954090505857987,3.809106748293729,10170
Tagapo,2025,1,0.6168330329334871,0.2614833251419711,0.46607497748791815,0.22836184656814043,-0.5332529435323712,0.19889009349087233,1100,-5.2008076205314495,3.3614440030404142,-10.644434005451897,3.8802232722836782,10170
Tagapo,2025,2,0.40010003234394953,0.2970043298050056,0.3119022166200199,2.4616805485202713,-0.3953793762471361,0.22698463946384878,10170,-5.584934983456004,3.5564442458896592,-10.792966793358303,3.9413494160353326,10170
Tagapo,2025,3,0.37725135239066565,0.27156464697249577,0.3040911049788642,0.42505459945336777,-0.38800077296649954,0.20894294827373064,8684,-5.5747654194072,3.4324250917005985,-10.859458317546585,3.9306459269486673,10170
Tagapo,2025,4,0.3387644848084428,0.2352775654391848,0.2759681824456072,0.21447185316983636,-0.3580147023018954,0.18184054345393155,10170,-5.157422249003279,4.7296369549867,-12.997257099500615,3.982485533271592,10170
Tagapo,2025,5,0.35318658930327684,0.28985040186538746,0.30781041725556135,3.569384747243596,-0.3655803035171071,0.22187052646235558,9845,-5.3078646551951,3.4931351907137564,-10.554175788786429,3.81011956881966,10170
Tagapo,2025,6,,,,,,,0,-2.933555877197048,4.653282841773583,-11.268579822437196,3.637955487743844,10170
Tagapo,2025,7,,,,,,,,-3.983174462896756,4.322855742286345,-11.640626050784617,3.7149056959274893,10170
Tagapo,2025,8,0.3359480196850974,0.27003672993373634,0.2299265976853607,0.3181489018440475,-0.35702265798995986,0.20265174442144207,5113,-4.898522087810102,3.399327174394978,-10.486481469762369,3.7171732807645683,10170
Tagapo,2025,9,,,,,,,,-3.4561329665855793,4.386188859080677,-11.374756533468835,3.4885212099946843,10170
Tagapo,2025,10,,,,,,,0,-5.025121654687396,3.3781400138418185,-10.540792754793285,3.70867852854172,10170
Tagapo,2025,11,0.41996159867189703,0.3016178282301424,0.27964921437461004,0.29454354469129573,-0.4163128902145281,0.22630924686567622,10170,-3.886300131149709,4.389532950000431,-11.584535887514335,3.4783117814392672,10170
