barangay,year,month,ndvi_mean,ndvi_std,evi_mean,evi_std,ndwi_mean,ndwi_std,s2_valid_px,vv_mean,vv_std,vh_mean,vh_std,s1_valid_px
Canlalay,2020,1,0.42154117792212137,0.262256964612092,0.30701867816302714,0.21514303519103664,-0.4189567010925218,0.1985535158708123,5300,-5.768646759171456,3.5353507803215574,-12.03641834673462,3.4429693949858686,5889
Canlalay,2020,2,0.3759508512747364,0.2317044608403173,0.2815270173602664,0.1962020439620519,-0.3966989359400355,0.17728462547309148,5889,-5.944241270901257,3.621324631416243,-12.349025360414391,3.568203746229161,5889
Canlalay,2020,3,0.3565589027429037,0.23819300979777122,0.2677897483913172,0.19691298066156304,-0.38156875286419606,0.18482032039396093,5889,-5.998261770982462,3.649665315069797,-12.318232714623816,3.55102779904829,5889
Canlalay,2020,4,0.3279538231720727,0.2242784001578748,0.2713505417834009,0.20199528819012766,-0.34940539885560595,0.17585446371697813,5602,-5.814159053910059,3.5988405345986805,-12.194038111863934,3.459305783899184,5889
Canlalay,2020,5,0.4260601906471023,0.2955454812364762,0.3298922252968596,0.2508504377280062,-0.4142264066325448,0.21997014289742398,5889,-4.983643618159085,3.4045786663132565,-11.420443204529374,3.1999987280383944,5889
Canlalay,2020,6,0.42560742355549247,0.306921821139127,0.34482626369635294,0.26958532275724023,-0.41724758874591333,0.22983858115684125,5429,-5.5801580890790605,3.481705553834471,-11.975829073749638,3.4178875337784858,5889
Canlalay,2020,7,0.39039118249979776,0.26330278234903215,0.31588921004172266,0.22941763105431529,-0.3868611096354983,0.1994040109030136,5814,-4.581031189374589,2.917989252663698,-10.675923728012615,3.0506718506919657,5889
Canlalay,2020,8,0.39766281940333476,0.24983066219179156,0.34851258728836987,0.23475923537293222,-0.38967163462623705,0.18565792452767285,2479,-5.229901851928983,3.330075587814017,-11.51884581537576,3.1559701645099767,5889
Canlalay,2020,9,0.4015313464288634,0.28232511259798876,0.3624123054728569,0.27776470054042546,-0.3939441138356709,0.21069336839361125,2065,-5.284841248548836,3.125137841134387,-11.315366477310054,3.4316075052196644,5889
Canlalay,2020,10,0.43040118607199784,0.2680099282326843,0.3308099285861593,0.22663731521598982,-0.41146810376149373,0.20005890788664185,5889,-3.674623848757154,3.333704499180921,-10.487807175363873,2.8467524846919035,5889
Canlalay,2020,11,0.29664744100515184,0.27347703874209756,0.20316323226645566,0.19954766985062575,-0.3440302078242743,0.21042761914543495,895,-4.9280838629589585,3.4013339945444634,-11.528060336689455,3.2320085543274906,5889
Canlalay,2020,12,0.29646178854981664,0.22839000164406503,0.2058886429742791,0.1874940546719086,-0.33505169715562216,0.1704448901380482,464,-5.133862029658354,3.448179892109338,-11.664436735264669,3.2972726719191763,5889
Canlalay,2021,1,0.4151198327721421,0.23751364128220104,0.31042886754722787,0.20434162272593856,-0.39657519197218805,0.1781589155485654,5840,-5.297891316909165,3.547765835475366,-11.763204515164439,3.3413194910369115,5889
Canlalay,2021,2,0.38568095377962713,0.2499557275242954,0.2732674676717597,0.19738141905499038,-0.40172112017304934,0.19255764249392054,5889,-4.82579535392888,3.548554567562302,-11.484012266577048,3.2875080141916007,5889
Canlalay,2021,3,0.010395433026133103,0.061021047500920744,-0.0046863845200277865,0.07313869499669386,-0.0037418461870402098,0.059499769624887525,4,-5.634347840113446,3.624423026704816,-12.105318197303625,3.547123653671656,5889
Canlalay,2021,4,0.3125568746246004,0.17367787227898343,0.32188748633243935,0.17995224887433586,-0.31340245035336073,0.1477132877270076,190,-5.4820870578123415,3.603355265981574,-11.921778877084947,3.5206082432770884,5889
Canlalay,2021,5,0.3286094620031173,0.23623536162160105,0.2687494148763031,0.21028137829432736,-0.3556702288654606,0.18557387155185284,5889,-5.6564386191357645,3.7407857642128217,-12.093946011534248,3.5612572293338585,5889
Canlalay,2021,6,0.3918520231535748,0.23669045244637502,0.6331559843570431,0.4059369934992701,-0.31204940936580855,0.1879420875658973,106,-5.325694227397936,3.446863257234821,-11.786334220834286,3.410786954254949,5889
Canlalay,2021,7,,,,,,,0,-4.186954498543355,3.3715605123676187,-10.995159117032431,3.15543887196478,5889
Canlalay,2021,8,,,,,,,0,-5.004628617406116,3.2652253351418814,-11.132421208146269,3.4680299085736435,5889
Canlalay,2021,9,0.423281166210088,0.2777779873547026,0.31943824981651114,0.22765895272411282,-0.41710263455726576,0.20685273552511613,5889,-5.36023313622241,3.512769335778961,-11.672861858847524,3.361853094642089,5889
Canlalay,2021,10,0.43131418838919405,0.275492212476423,0.3140911519887534,0.22254301214991154,-0.43169501421087125,0.20712473330256462,5889,-5.340005555093678,3.3130025662464897,-11.262335805051908,3.6179535598376837,5889
Canlalay,2021,11,0.0026599634438753145,0.06731996648742254,-0.014747837558388707,0.12221782450436078,0.005652440944686532,0.06067976314154234,4,-4.420997362411384,3.364871924178989,-11.151128637943655,3.1500727498278533,5889
Canlalay,2021,12,0.4571023189320337,0.2661115523300957,0.33884039886652595,0.2243345031634974,-0.44109094285988054,0.2041525088681093,4371,-5.2098812944528206,3.3415750453826547,-11.286272405852639,3.550252527364141,5889
Canlalay,2022,1,0.3621566579836657,0.23896905257412554,0.31129079326809017,0.40736246154633565,-0.35830427800665315,0.1887962676560703,5675,-5.394027821008899,3.3960892939549483,-11.392403400240514,3.7285837646822997,5889
Canlalay,2022,2,0.4207047055763616,0.23933493525270902,0.32523707124948953,0.23392313083427782,-0.40316818425535433,0.18103110794076463,1502,-5.2504932942986295,3.377671264797422,-11.135189653555718,3.6604265065190194,5889
Canlalay,2022,3,0.35930849992119346,0.2543974407400842,0.27405133856401437,0.2126897171244033,-0.38838397075609415,0.1997256778098345,5889,-5.467607580182375,3.364372525477323,-11.292043527703045,3.625664527619925,5889
Canlalay,2022,4,-0.013720782621687726,0.020016445770450426,-0.2995910179590896,2.8217551810983617,0.03779632388221393,0.01456523023294737,1660,-5.201874715178396,3.3744041106398868,-11.23958519728728,3.657895823099982,5889
Canlalay,2022,5,0.41172638829859187,0.27789614683585734,0.32421701119610496,0.23397994450084986,-0.40656538610312387,0.20634529743366337,5889,-4.432904017926678,3.112462474650701,-10.726906916824047,3.263780777955439,5889
Canlalay,2022,6,,,,,,,0,-4.601665988793701,3.2934189866246077,-10.843856325523268,3.3595811577219785,5889
Canlalay,2022,7,0.4384545824426645,0.3089311021725407,0.3369342659848588,0.2533230408145746,-0.43291634757492503,0.23090397102616322,5889,-4.340953072944471,3.182500524917337,-10.552244603040512,3.2864866289491586,5889
Canlalay,2022,8,0.4088972482182752,0.25126619029902114,0.32696759410644405,0.2227847742415783,-0.39478412054702516,0.18611712690282464,5889,-4.968850373753774,3.288470483529525,-11.11279862034523,3.4920999875319088,5889
Canlalay,2022,9,0.359995691529754,0.10446522184544113,0.3799313005832488,0.12794329507576918,-0.32247218170851366,0.08251313429949524,2170,-4.3064174871938645,3.138189684102322,-10.442498696690379,3.2835202399984125,5889
Canlalay,2022,10,0.27575346319315347,0.11481821573747156,0.21980879716575136,0.10849291518849721,-0.2617752346396444,0.0847903872679658,600,-4.021645396544441,3.235307758844912,-10.178336531843051,3.2602355698272514,5889
Canlalay,2022,11,0.37306676418557116,0.2418644187957749,0.29210287703941434,0.2098231050261647,-0.36699547310020014,0.1841193955341973,5142,-3.605942961794049,3.150537013537355,-10.023013474192748,3.1261801148911332,5889
Canlalay,2022,12,0.4180393202583382,0.269410837483602,0.29759821660182334,0.21567281806763533,-0.4170108176957938,0.20514904771005116,5889,-5.015265674076222,3.3440003260231936,-11.079041805765815,3.5107629949264756,5889
Canlalay,2023,1,0.43583310906221145,0.261700420179974,0.2847000761474039,0.20452048413124838,-0.43172261966304987,0.19575983782398285,5889,-5.233304045058035,3.4734068455919016,-11.225033574194644,3.722016426970011,5889
Canlalay,2023,2,0.3164783083324913,0.1203602420576652,0.2540351321934414,0.09698401795818605,-0.2891129535325305,0.10170278340707127,1499,-5.128773243793964,3.3940790625120907,-11.166548984982686,3.720602615345045,5889
Canlalay,2023,3,0.3214198361485367,0.21717227128817196,0.24973502768010727,0.18606281811887945,-0.3546319861031197,0.17176522450505077,5889,-5.372012829274736,3.46749160165813,-11.316749851925465,3.8083908734427534,5889
Canlalay,2023,4,0.35610548394683333,0.231237162951042,0.2823741224308926,0.20111932688825665,-0.3756081085462799,0.17557846682609546,5889,-5.211723966255991,3.475127925917052,-11.338170553796225,3.8846741529814928,5889
Canlalay,2023,5,0.3866942831267962,0.239426189917775,0.3445846574764273,0.23949254651855015,-0.3758060943554145,0.17820942659154265,5783,-5.002398397150495,3.476475092324067,-11.109892226110535,3.7578169939217276,5889
Canlalay,2023,6,0.446511384870658,0.325235867104448,0.353009885849903,0.2813454432463484,-0.44164807338735007,0.2415125764331533,5889,-4.351949545382314,3.1215299899482023,-10.527321473490224,3.276875902356328,5889
Canlalay,2023,7,0.37671717790814385,0.25927291139308306,0.27466201451751615,0.20200433040739402,-0.37385574484197037,0.19630887770087044,5825,-3.991098637666172,3.2274016171070836,-10.386113213785901,3.3298617491613616,5889
Canlalay,2023,8,0.36014214988203447,0.218437456810231,0.3427203866203514,0.23029992168704055,-0.340444744891315,0.16596411318130405,5578,-4.225154582387364,3.289107554885,-10.56792991965096,3.409061618849724,5889
Canlalay,2023,9,0.4169429981605951,0.25799600323915395,0.31918095552532794,0.21874932574930622,-0.40928215260267625,0.19318353864851898,5109,-4.329703312480611,3.247273474316807,-10.58222162468943,3.335670844827118,5889
Canlalay,2023,10,,,,,,,0,-3.8071390543819343,3.2231994155188706,-10.188821204648715,3.310277169689538,5889
Canlalay,2023,11,0.32539862981226675,0.1765335502166355,0.24081284168642028,0.1620613466502523,-0.34090704339203126,0.13001716976233899,116,-4.21666962906675,3.289297987824104,-10.473274132218524,3.385019934522012,5889
Canlalay,2023,12,0.41754027774347635,0.27046594015370085,0.29416952260001356,0.222116657466521,-0.4231671520534602,0.20584585396126795,5889,-4.374558726517701,3.2979862565514395,-10.715041198839325,3.498500427598407,5889
Canlalay,2024,1,0.4627650574324906,0.22768923929042767,0.31229870998833237,0.1853653618724171,-0.4363555811538542,0.18094962086336103,292,-5.018883344819646,3.4041832594059005,-11.056698867833218,3.675965951180977,5889
Canlalay,2024,2,0.3491554987203139,0.22992375060691356,0.2433851037564755,0.18601666710805378,-0.39234598042094715,0.18349743609416422,5889,-4.918422863675342,3.485384983129237,-11.121616439944736,3.661262794437991,5889
Canlalay,2024,3,0.29833200282759975,0.22146579880383757,0.22337152197957907,0.1876841925645109,-0.32766727372318943,0.1775852794090803,5797,-4.972716045842425,3.537356276157871,-10.988477902733003,3.697377083111867,5889
Canlalay,2024,4,0.30907202635300957,0.24264092540837778,0.23483724292574465,0.21216429739752235,-0.36196084314386334,0.1966411266360809,5889,-5.10753313443417,3.6745483730817536,-11.450915523891842,3.9483630524268665,5889
Canlalay,2024,5,,,,,,,0,-4.842604667382387,3.601917645246325,-10.970090230626802,3.721117366179252,5889
Canlalay,2024,6,0.37421712500396376,0.2029274719056842,0.2707823441173026,0.15906239502898548,-0.3618183899074706,0.15301719203043812,1242,-4.4286241459235205,3.2563537543182246,-10.631777294702179,3.4821777018424926,5889
Canlalay,2024,7,,,,,,,0,-4.4416266520811645,3.409040247047618,-11.021319035351516,3.363104530991378,5889
Canlalay,2024,8,0.3437651084146975,0.2103380694820506,0.30386461849477664,0.20932245870338564,-0.3548018394329396,0.15638022557096218,2362,-3.6467782524482786,3.2927930593110433,-10.072185971242,3.2071285136217615,5889
Canlalay,2024,9,0.3733162110275912,0.2545099014595382,0.2770694432613679,0.20668481368891442,-0.3852424336543183,0.18994895631400496,3557,-4.420365584455443,3.4116212825976824,-10.772233132096137,3.6445617598266136,5889
Canlalay,2024,10,0.4098250993690905,0.2700418098483384,0.31565586013270996,0.23158854442436613,-0.40311092587781927,0.20767874233540598,5226,-3.478464945425667,3.330830524357384,-10.122857076794137,3.3695237843561245,5889
Canlalay,2024,11,0.3921201887410759,0.25295095836657466,0.2713579170482956,0.1981530783579412,-0.40656850846772313,0.19369034249055733,5889,-4.738620042878166,3.55297960230698,-11.009434968916905,3.678216798131576,5889
Canlalay,2024,12,0.29007208668532475,0.1972370286892318,0.2698350242463832,0.19480796240743545,-0.2923207459594964,0.15988864942188374,1061,-3.606953058872858,3.2719559827205944,-9.944757142335611,3.30101999095505,5889
Canlalay,2025,1,0.4010400129290201,0.2617764998924865,0.29037322810929833,0.23637473231997072,-0.4142754602016552,0.20136067885751183,5889,-4.313602560742321,3.2894116803786715,-10.635192804260134,3.517717853093301,5889
Canlalay,2025,2,0.3748242394872609,0.2588243544095739,0.28103547465285683,0.22643788698547246,-0.3812841794154644,0.1992437422354632,5889,-4.887130856982711,3.5632109002979058,-10.953309119037462,3.723829712522717,5889
Canlalay,2025,3,0.36152096946310514,0.22803151148505552,0.27296581618482246,0.19797169139551898,-0.38694736933210766,0.1749430738436987,4191,-4.681067877425304,3.4264131345622437,-10.903474353988909,3.646857245531877,5889
Canlalay,2025,4,0.3113795609172323,0.2020578739853407,0.25571885128556177,0.1830801265112588,-0.34383181301081345,0.1605729505873066,5889,-5.767082430701909,3.7457276785768396,-12.543668222158002,3.5555698317005136,5889
Canlalay,2025,5,0.34258619703800586,0.2639528887280096,0.2776728608744288,0.2290011849340564,-0.3589993856056446,0.2058491492745904,5889,-4.337895744556348,3.3037409808404528,-10.589250550850046,3.4898156154672524,5889
Canlalay,2025,6,,,,,,,0,-3.625760071383114,3.51233182388642,-10.789437629154708,3.1023630574423353,5889
Canlalay,2025,7,,,,,,,,-4.688202008682894,3.4664714500180116,-11.137846817325922,3.3375117645213357,5889
Canlalay,2025,8,0.3694604533029277,0.25788350581613134,0.2774317751189325,0.20934274252940183,-0.3781478569292711,0.19461098269751195,2912,-4.102336514746599,3.320429999411533,-10.680995578128194,3.4445412191962865,5889
Canlalay,2025,9,,,,,,,,-4.184085989262004,3.2555705512958144,-10.89057829287304,3.0637425009048047,5889
Canlalay,2025,10,,,,,,,0,-4.039517147676844,3.363803180135913,-10.539930112271552,3.4353895713304046,5889
Canlalay,2025,11,0.432065799335488,0.27896672631131947,0.28760321990361626,0.21542021262087002,-0.42484116477340034,0.20785471672377093,5889,-4.5365163856441635,3.391423401111009,-11.165253769214782,3.273207107104838,5889
Langkiwa,2020,1,0.38478872794944985,0.3028101241674287,0.32597906203558064,1.8605670216378387,-0.35840976248458456,0.24466589995689741,2712,-7.01239268837242,2.9301971238009155,-13.25277105118041,3.1914635359512102,4597
Langkiwa,2020,2,0.4086929805195011,0.2771032552130935,0.28281699784658804,0.9337792674499934,-0.39875058469221675,0.22663265660170737,4597,-7.521516146648636,3.1868276052712754,-13.628134235652173,3.3476829792481175,4597
Langkiwa,2020,3,0.3321855840315241,0.2514304577187684,0.2761927764392295,0.2890580189824174,-0.336696775210355,0.21222426831702268,3177,-7.550134167741278,3.14582952804652,-13.500137843501202,3.372305336332632,4597
Langkiwa,2020,4,0.3552787214305518,0.2525623955017739,0.28335697770404394,0.5163564832433158,-0.3513239382661067,0.21069798308517726,3057,-7.687735492763281,3.2015210028827554,-13.785175900090234,3.394507795546032,4597
Langkiwa,2020,5,0.4346317014777158,0.29098208363123323,0.39427668442433894,2.1805982314225067,-0.38114126827892436,0.23274143232823147,3258,-6.926676460697989,3.0783680388127754,-13.008753399052031,3.1448683811747897,4597
Langkiwa,2020,6,0.5917977998796624,0.24753257581747878,0.5555977666760855,0.24862845421507207,-0.5038311809447066,0.19193455219081548,1197,-6.984431165568326,2.936662572795097,-13.043093162076836,3.0976560004150415,4597
Langkiwa,2020,7,0.41783323818081,0.2925790670566005,0.3862025792838089,0.9792165234570719,-0.3755528953437839,0.23414579129581542,2684,-5.176446404017041,3.657902304044173,-11.946704387601587,2.943996446280864,4597
Langkiwa,2020,8,0.5922335046641246,0.17950915004657492,0.5390918276944406,1.1685889052694958,-0.5281075115084559,0.13593101173085062,782,-6.660559241118808,2.753143995638605,-12.709611357101148,2.9294706872014387,4597
Langkiwa,2020,9,0.346793438089896,0.19468777398461318,0.34943101847875335,0.6500905995732872,-0.31531012384106,0.1631417420851543,3291,-5.77273391579714,3.7014457198486417,-12.562361748985905,3.4049969309431343,4597
Langkiwa,2020,10,0.43495501083408084,0.2172671788543925,0.40393565519595054,2.0006935456494994,-0.38651084700625715,0.1742582591717701,2253,-5.541146184444552,3.002781862788678,-11.912623154819158,3.0364855688331476,4597
Langkiwa,2020,11,0.3639177094146791,0.12423726946816183,0.3580998136366725,0.15571523750970173,-0.3149058590210886,0.10171179315769087,571,-6.450532642586915,2.768655259162328,-12.52965068296554,2.8699740205334088,4597
Langkiwa,2020,12,0.46425917141816053,0.31248840999866323,0.35209294352362985,0.803468988061187,-0.41996940363790997,0.25235280018952766,2509,-6.557193737907375,2.9014058998926933,-12.681959739658712,2.972981965332935,4597
Langkiwa,2021,1,0.44974802861870866,0.28843298540946755,0.42928886015254225,5.371045612900134,-0.40404605921033443,0.2322530528515296,4032,-6.659462141920898,2.7822902126022964,-12.851775823885884,3.082793045255165,4597
Langkiwa,2021,2,0.4210669793928101,0.31388737927958105,0.27565017036869127,2.000029071763998,-0.39378834203027097,0.2531982479342856,2639,-6.133109029907199,2.951220564872251,-12.52252374651741,3.0745063240060957,4597
Langkiwa,2021,3,-0.1307668574154377,0.1258472329105709,-0.16493068076670167,1.260148959072159,0.20849102642387152,0.16649665729180568,4,-7.025697313090276,2.9605523495713126,-13.225593030206396,3.392872012606496,4597
Langkiwa,2021,4,0.37112277234286783,0.27348819044587425,0.32275557327430615,0.32286313811900313,-0.3571343351492798,0.23303219227165758,3415,-7.025470392525386,2.976033833879791,-13.042125181418772,3.1414161208073095,4597
Langkiwa,2021,5,0.327787056466659,0.2667127467121539,0.26974760016066474,0.631421463724603,-0.32248231697135965,0.22333649226577906,3322,-7.131815910418775,3.3198575548164713,-13.1900007286771,3.4573076552815074,4597
Langkiwa,2021,6,0.3641807398787822,0.2150764466661278,0.6001477463295524,0.4137672203158949,-0.28143371463035277,0.16857195474382747,2201,-6.6249624616509974,2.9634781117311464,-12.912294913333696,3.2914090127318687,4597
Langkiwa,2021,7,0.4602223673901974,0.3059316051739196,0.4596459022683929,0.3333096524286531,-0.3973943525530182,0.24961006134776612,1425,-5.5781554417130605,2.724651948516257,-12.053011552586861,3.101022724742971,4597
Langkiwa,2021,8,-0.048117494730764855,0.03866808360459005,0.3829676446449894,5.412207135892836,0.0894426830638589,0.02905455822005837,163,-5.857582786397816,3.7366889200715834,-12.570331470011256,3.436848669792972,4597
Langkiwa,2021,9,0.47502303666465034,0.3303033491853912,0.3651444358245586,1.0432146127015196,-0.43308557918845497,0.26399589571635673,4597,-6.259032701153657,3.0504396365454327,-12.376743865513617,2.9788655361492054,4597
Langkiwa,2021,10,0.482568114040031,0.32303692645581733,0.34579140917180284,1.1081013148566514,-0.44749688361720585,0.2602800934164542,4597,-5.916154356000446,3.786787086535849,-12.511619794841508,3.461896444706989,4597
Langkiwa,2021,11,-0.008778935841595134,0.012687460219201854,-0.024258837879945837,0.03502806163142036,0.039599114718536534,0.022632067587843897,3,-6.144988408760744,2.9214387976675846,-12.442964142234237,3.1271815685799687,4597
Langkiwa,2021,12,0.3732583417968046,0.2976926986523807,0.30481569165931055,0.24608996135359337,-0.3527008346906788,0.24062166040023608,1766,-5.8340657175404935,3.655775648470449,-12.624899752895132,3.56013006263928,4597
Langkiwa,2022,1,0.3897797655469428,0.1951027591199091,0.34790578228421504,0.19207022700697476,-0.32655039476230746,0.15701101635048037,192,-5.829918676898966,3.7632898527217544,-12.585226832773337,3.603604659967645,4597
Langkiwa,2022,2,0.4030235225973424,0.2833200437271633,0.39421112959448656,3.05136601424778,-0.37676090375435184,0.22721108035813,3570,-5.963949755972967,3.8632567115047087,-12.434394239135436,3.4459074088549926,4597
Langkiwa,2022,3,0.4005008124404037,0.2962558736171581,0.30913879813102657,0.3938578068823282,-0.3917001638027051,0.24193020535967216,3719,-6.068843210638262,3.707519222833535,-12.518190164111308,3.396365648261947,4597
Langkiwa,2022,4,0.4596164924342457,0.08468428692089557,0.5526397889707144,0.11694780890985548,-0.3830609437895985,0.07392277827540432,82,-5.727146481286326,3.6526477442751912,-12.528915689171445,3.55218660178572,4597
Langkiwa,2022,5,0.452228644940427,0.2860810395069658,0.40391602707209723,0.7916539496378838,-0.4085986781213849,0.22654842487103177,3418,-4.899636682185059,3.599011970430624,-11.820223503352869,3.155566777493241,4597
Langkiwa,2022,6,,,,,,,0,-5.068288478227138,3.765104704330208,-11.812674444774226,3.431396447705227,4597
Langkiwa,2022,7,0.5198799408698953,0.3508254026714067,0.3415606717566513,0.3868378036564641,-0.469952280515356,0.2807820608652964,4597,-5.053404638346106,3.701729445635796,-11.749073367418347,3.1866332219910074,4597
Langkiwa,2022,8,0.508884270681138,0.25452240169881396,0.5199337004010154,0.28346498558150984,-0.4498416278682759,0.19132253796830667,998,-5.607475409467784,3.835900529838612,-12.09264564969894,3.4305236239206263,4597
Langkiwa,2022,9,0.4636850644113915,0.3227305821537323,0.3383790199092421,0.41861757593609306,-0.4192968816379883,0.2601307072430047,4597,-5.055268723102748,3.8310611594990682,-11.669420378915968,3.332253382284575,4597
Langkiwa,2022,10,0.46340830987597115,0.17868736568076263,0.4488805593690192,0.2034058208866829,-0.4116804160718326,0.14573648245847398,1626,-4.683476414702723,3.8103296912652422,-11.482750265713415,3.4021487721464267,4597
Langkiwa,2022,11,0.3873798209694947,0.31735011959220566,0.28435724589030736,0.4385938016296593,-0.3414089263890923,0.2547016591390983,2000,-4.573420365071741,3.959667040930837,-11.471852633045371,3.474863939786245,4597
Langkiwa,2022,12,0.5003678761993884,0.31878358725852785,0.36041028911052986,0.373932338367842,-0.454231657287497,0.2521398198322065,4597,-5.400169641461613,3.6875021751915056,-12.013225339061739,3.405767725857928,4597
Langkiwa,2023,1,0.5101746452469398,0.3150290626080947,0.3651034892525647,0.3666722221250146,-0.4641037970035141,0.24627309594034733,4595,-5.707377807931072,3.7953382083200795,-12.209427738728719,3.5088638444501394,4597
Langkiwa,2023,2,0.42396256099304835,0.08646560722560927,0.42555262046235226,0.13808645205794023,-0.37179515973454524,0.0638427290680887,248,-5.601712969460977,3.7389947715855567,-12.216599977633782,3.53065564428955,4597
Langkiwa,2023,3,0.3926435292017925,0.2397946842346079,0.2545920046191893,1.763609912012673,-0.384314938254401,0.19168743529125623,3400,-5.854686158711644,4.00042888782568,-12.513584751264627,3.8031431428862152,4597
Langkiwa,2023,4,0.42901628912278034,0.27349306409584057,0.3448480238770259,0.8017115114440548,-0.402832391689108,0.21158763951253848,2804,-5.555445302749947,3.7680197353599447,-12.212632455569858,3.6259261802516694,4597
Langkiwa,2023,5,0.4356177147792817,0.2510683635597563,0.4533216481747272,0.27993045933979155,-0.39075728617526084,0.194692790748535,3643,-5.619723589259808,4.014350958448126,-12.273646392714234,3.6913009940128694,4597
Langkiwa,2023,6,0.48952471940713216,0.3282710886037963,0.4351064282935269,0.57340044069992,-0.4463161185844097,0.2570194491838831,4018,-4.618217440378772,3.740448886635863,-11.373583601084722,3.2451831923471444,4597
Langkiwa,2023,7,0.4382588704295092,0.31407134658904134,0.35500972625362776,0.9722620188350642,-0.39805183706226016,0.24462312521075735,3810,-4.62920291472029,3.90898891762566,-11.49098043262102,3.316763199820507,4597
Langkiwa,2023,8,0.45992893896230497,0.2305627724061852,0.45119122414907076,0.255947957393703,-0.41044639636283065,0.17119425565808238,1492,-4.944454717548757,3.879505904566556,-11.640845189198021,3.498787566257155,4597
Langkiwa,2023,9,0.37848683184411386,0.27507854158727846,0.2987818414252754,0.31177090885612363,-0.3595386413682932,0.2156046654916529,1781,-4.823685925266288,3.810254682455348,-11.622099961623173,3.4646069220549105,4597
Langkiwa,2023,10,0.5970171329875787,0.1778475852637792,0.4617207245901226,0.18863101686325834,-0.5233986762662728,0.13751583381023783,24,-4.4169646492357115,3.884982424897852,-11.31338379732869,3.4138385030952114,4597
Langkiwa,2023,11,0.42339254408505395,0.25803860204249107,0.3217569329980909,1.0360397557792234,-0.38300108716259196,0.2058499831055197,4085,-4.690822626453448,3.8765152282620905,-11.385865741012868,3.3584041747941074,4597
Langkiwa,2023,12,,,,,,,0,-4.703280494422574,3.7569184458323406,-11.445890126705907,3.4120129501707317,4597
Langkiwa,2024,1,0.3766450655715437,0.23138545265689298,0.26957564435132014,0.1806587480095825,-0.37456099769925844,0.18949042939610272,2561,-5.2942946271014355,3.9682095803886908,-11.93116376580282,3.6246276278431795,4597
Langkiwa,2024,2,0.41392551523105936,0.2658405921372331,0.2856711200459211,0.46422115093719524,-0.4180428008591729,0.20940522972591663,4597,-5.346604155862973,3.8346769256973574,-12.10977496233181,3.6098240808610322,4597
Langkiwa,2024,3,0.3416216841179867,0.25239908501356595,0.2695102470553558,0.20706276411872082,-0.34785384786704293,0.20250103041129636,1760,-5.439244236891256,3.9700768989168296,-11.986965761567582,3.6242768150954374,4597
Langkiwa,2024,4,0.36748952567432797,0.28539171081600745,0.26136971507018897,1.7611921148642784,-0.3867695799363906,0.23197903777810813,4597,-5.653499164517862,4.101101653935842,-12.42932025310388,3.9883488425459914,4597
Langkiwa,2024,5,,,,,,,0,-5.387665658788889,4.007755635345792,-12.104363889312086,3.617355880345954,4597
Langkiwa,2024,6,0.3980107408937302,0.20434134908060594,0.3680464124596405,0.24174109101366295,-0.3523409957456456,0.161261291478044,383,-4.528371988664837,3.6789813012145895,-11.143916842101996,3.3515673801687593,4597
Langkiwa,2024,7,,,,,,,0,-5.604195601340514,3.1811538097413496,-11.719237803325308,3.2452907013224603,4597
Langkiwa,2024,8,0.43734602474062717,0.2328915296096569,0.389756613476791,6.0094579902711835,-0.39364776315464045,0.18443162956038228,1706,-4.3635057192131805,3.790532477051434,-11.009471597097699,3.2282315719848063,4597
Langkiwa,2024,9,0.42603557180081586,0.2911859264060627,0.3549604482430021,0.512684324119455,-0.4072212682814642,0.22945888866661787,2866,-4.996235952859563,3.9221479980592004,-11.620052341421246,3.5704424147857567,4597
Langkiwa,2024,10,0.5749597729289997,0.28483632044454515,0.4222726583269441,0.5326087983160587,-0.5019489760143322,0.2290090322965938,1032,-4.030710681197635,3.784429103277876,-10.721259532767393,3.1853348318354913,4597
Langkiwa,2024,11,0.42969491645577046,0.2957130163971446,0.30309392212392855,0.4113371349414581,-0.4202704778276066,0.23548093729420505,4051,-5.259793898433657,3.8958577594357373,-11.888453989155375,3.721437783501324,4597
Langkiwa,2024,12,0.351533630528133,0.2206375083481305,0.3360121610195046,0.21931568918837246,-0.3291626412698419,0.17172867175053255,3245,-3.9328645994616953,3.635859570023206,-10.721210282597625,3.3842997408963744,4597
Langkiwa,2025,1,0.45315528951531175,0.3063671106503643,0.3342165204473049,0.43317482511649297,-0.43941213191856604,0.2398361868624353,4098,-4.660502178815452,3.761851424145281,-11.43654945711907,3.600952444531729,4597
Langkiwa,2025,2,0.4217296699867398,0.2599616277104342,0.35550369321786846,0.5861440065915406,-0.3887961739564432,0.20251124822442754,4279,-5.142318475314141,3.7579332432868005,-11.646196129838595,3.6927135009327237,4597
Langkiwa,2025,3,0.4416165865586426,0.24630799868455297,0.3676989815615864,0.48183672910756736,-0.4201364277275629,0.19330119093519682,2295,-5.152582684219822,3.77316993460883,-11.71271352855336,3.647366516532311,4597
Langkiwa,2025,4,0.009482004917420756,0.038513626802393446,0.0197040851987064,0.0747192672644054,0.004097184825999039,0.04539503926208558,24,-6.798732748619305,3.5177113592045814,-13.003897296668525,3.4780057237052833,4597
Langkiwa,2025,5,0.3571755081761636,0.2810310611449609,0.31866694765122583,0.4515054788988026,-0.35190473137009687,0.2221975399911045,3102,-4.7586818728166795,3.7456923116123417,-11.309801845569167,3.510297350914435,4597
Langkiwa,2025,6,,,,,,,0,-4.534324948931698,3.2972720757977583,-11.292494372706805,3.0117510361935818,4597
Langkiwa,2025,7,,,,,,,,-5.67158077174281,3.2795883335087788,-11.77483075371584,3.226185344980422,4597
Langkiwa,2025,8,0.44832736639428367,0.28161438837237734,0.3731803731886733,0.7243004781320712,-0.414623153618902,0.2209587883331403,1791,-4.601344959324878,3.8388544405453633,-11.356049383685535,3.4135565202848004,4597
Langkiwa,2025,9,,,,,,,,-5.0405528165705205,3.2345805608470055,-11.367926849026764,3.057918415099097,4597
Langkiwa,2025,10,,,,,,,0,-4.656701725674836,3.7264383418860074,-11.431059134381377,3.503538122706373,4597
Langkiwa,2025,11,0.5112595779527193,0.30171957633823054,0.3253501230185564,1.9798025928631549,-0.4683540336316423,0.2386841397521731,3864,-5.580334849030429,3.2233387324168947,-11.676169853575642,3.038950136507092,4597
Loma,2020,1,0.40417632918200336,0.2734892460916253,0.28698740697060604,0.20776017636079191,-0.38235194461575983,0.2287031092525573,4391,-6.300248259394755,4.144633235768421,-13.67226142626148,3.3417872110486346,8283
Loma,2020,2,0.3485530812616678,0.2590284050447968,0.2375427485292982,0.18666203294336814,-0.35349533693849633,0.22460628955870277,8118,-6.705368041818694,4.408474074017054,-14.089596149512607,3.4783753980583607,8283
Loma,2020,3,0.31561533569768935,0.22302119650150395,0.2260738613275227,0.17720258895682922,-0.33601439868026894,0.19827092794820372,4599,-6.7729036643558675,4.49000428223405,-14.069364428546942,3.534357811327421,8283
Loma,2020,4,0.2670483670050129,0.23187181149697172,0.19600656243434336,0.2036389262108338,-0.2931945838070751,0.21402837218068782,7356,-6.847501987100312,4.518555892952182,-14.324744576255222,3.5445132229105334,8283
Loma,2020,5,0.5548170557476428,0.17527340226172244,0.491167213949209,0.179740516319393,-0.4758246638233271,0.136046304085524,1622,-5.947472275914272,4.307143758939077,-13.292874389425753,3.346620021123097,8283
Loma,2020,6,0.402414007840642,0.28462374214623903,0.36095840401994844,0.2886693878535276,-0.362793915569734,0.23779697119404744,2970,-6.184007437118715,4.208898484522828,-13.599998938780763,3.2265096467935037,8283
Loma,2020,7,0.4667953024761982,0.2475986737095201,0.42601536291126696,0.2342229184156247,-0.4158074493835653,0.2061161898834833,2494,-5.657648073421986,3.8252869642518954,-11.960107609698875,3.504440931257131,8283
Loma,2020,8,0.3989589215500506,0.2807706818308368,0.33224569822292815,0.2509492712992887,-0.36839255976943447,0.23692787873859572,5901,-5.923508888462103,4.127250102560388,-13.302222255310227,3.217075091218466,8283
Loma,2020,9,0.4426976753148569,0.12231406903002594,0.39249383224480133,0.12590408619399016,-0.3887315073828981,0.10189784552023877,1072,-5.978663331092199,3.821247890996189,-12.113972740975766,3.520521016018658,8283
Loma,2020,10,0.540159727677132,0.14512045411318333,0.4753883222591799,0.12309272211622005,-0.4654278560746008,0.11890347281960807,1148,-4.291210689442624,4.276260263949317,-11.980539324167447,3.0708769164509886,8283
Loma,2020,11,0.42614303700753475,0.2381387994662565,0.4045910906718058,0.308452673740903,-0.3738474299285083,0.20710143289539956,998,-5.6619843379036645,4.186325750900192,-13.059073517913244,3.239771922512215,8283
Loma,2020,12,0.4434716309191367,0.31938010034384356,0.30423581155814466,0.27820668013302235,-0.412811465471271,0.2783947950420049,6592,-5.8254208306238455,4.174370565466769,-13.174288686655892,3.2583716911080995,8283
Loma,2021,1,0.4143917165262623,0.26072862827256177,0.3272231937266033,0.22679216493122517,-0.3721430576604273,0.2277243762553373,4580,-5.831098270450078,4.184486096818132,-13.274196926977952,3.185041668075096,8283
Loma,2021,2,0.4031953042332708,0.30845619221332204,0.2903528901753281,0.2606586978219385,-0.3817381769207567,0.26827986245772434,7248,-5.1495343608023605,4.3434012006207965,-12.717373621365441,3.2044185391303004,8283
Loma,2021,3,,,,,,,0,-6.133075476768113,4.284399360055195,-13.742105064352973,3.4464518527346684,8283
Loma,2021,4,0.2671349954903324,0.236885159341526,0.21701254259497915,0.40175949577621656,-0.287979455603863,0.22485374141339262,7246,-6.2517570378019345,4.366146790086228,-13.764747484734961,3.4946521781951887,8283
Loma,2021,5,0.28797418862802915,0.2440983398547587,0.21059016167220942,0.20707990768014894,-0.31368667952756707,0.22157950860769518,6636,-6.563791170138138,4.4964745641577215,-14.08253066485863,3.6604265638903906,8283
Loma,2021,6,0.31969444873740943,0.20430178932801069,0.5131511775876701,0.3363600953610996,-0.2497785107734743,0.1611053791336557,5591,-6.2093102504395645,4.297140678804214,-13.683845156781457,3.444902325677821,8283
Loma,2021,7,0.257903869662966,0.07029875271598195,0.21816941776445936,0.0726249556135942,-0.26366985908576424,0.03863044408741691,7,-5.0792741449268215,4.198945976221407,-12.719299594649854,3.179878468167151,8283
Loma,2021,8,-0.06801723527884028,0.046214530092489166,0.05216955016974523,2.7313427129785257,0.11250306698291196,0.01933563732091277,23,-6.522116706295295,3.865172268023578,-12.68758508701386,3.705648459593764,8283
Loma,2021,9,0.4407273721237169,0.3360096706361544,0.31333450426385795,1.0345397399204865,-0.40856830654137694,0.29005314952320943,8283,-5.66983632705587,4.251987206710643,-13.174630257604987,3.3462101680831036,8283
Loma,2021,10,0.44177332930784025,0.32852452927492815,0.3020054578358505,0.3585197301742908,-0.4162101029197749,0.2867736361076435,8283,-6.515668774915496,3.8896346697500457,-12.580171187066806,3.7493147657016976,8283
Loma,2021,11,-0.001252744422184632,0.05837964152586683,0.01297959265888066,0.14301747039462148,0.0306386249311104,0.05025129497571144,34,-5.048374028404724,4.354734754418409,-12.829382052183906,3.1677412600314674,8283
Loma,2021,12,0.4434122523324727,0.3122728866363259,0.32201379941806907,0.259668941126429,-0.41489789864808063,0.27158348478107885,5424,-6.567443773082495,3.8550674117783954,-12.692730156230441,3.625106494784665,8282
Loma,2022,1,0.3244507076109157,0.1220381527617135,0.16593027684618444,0.0502332602062682,-0.2766909117207807,0.10422406454898636,17,-6.820066899729011,3.979866321425245,-12.71882369583052,3.7834094122673223,8283
Loma,2022,2,0.34167311772724346,0.2779471398521939,0.22544867677174607,0.22419926979403723,-0.33681116932244004,0.24655074886865705,8187,-6.7797432409612135,3.912371887838358,-12.627272464817553,3.7207029733286126,8283
Loma,2022,3,0.3579970848638945,0.27231445714551267,0.5127409780591323,22.8835701194551,-0.3741170005173232,0.24082542092028061,6132,-6.872884887796839,3.812796233128011,-12.712700325952486,3.5832076612383776,8283
Loma,2022,4,0.27121940796161575,0.2767062258492305,0.2130536148517915,0.9009321913126366,-0.23632014138431431,0.2503821970864515,539,-6.514748995612901,3.8745907993234527,-12.565368363859307,3.6804833188232178,8283
Loma,2022,5,0.428909786431708,0.2844762856021137,0.3495460138425904,0.2508389634208105,-0.3884320369659956,0.23900121906018443,6375,-5.858736024095316,3.7643146034932085,-12.066544078660153,3.361491081120939,8283
Loma,2022,6,,,,,,,0,-5.844085251374187,3.9186436061774526,-12.053505140447445,3.5274181656433674,8283
Loma,2022,7,0.42740758487419644,0.33062608569186064,0.3098755521808154,3.0606440257004968,-0.4087233452386905,0.2933333817322923,8283,-5.554014898703219,3.8229034441863923,-11.842035785239961,3.3885626876513806,8283
Loma,2022,8,0.445574997967474,0.1683827637300415,0.448852344804933,0.1877012146219112,-0.3855928962032515,0.14511240277974613,194,-6.320455507428131,3.812583304549651,-12.323791768231379,3.5165976824493765,8283
Loma,2022,9,0.43439270968035953,0.32010470234568494,0.28469580320438087,6.6837187290237905,-0.40045086589886336,0.2777536237577576,8283,-5.586883898564754,3.835265398073633,-11.759415377792571,3.445462432161086,8283
Loma,2022,10,0.3654982298191244,0.19365239244786864,0.3799257351652915,0.20542604929478914,-0.3257083630956692,0.16905847926853837,2526,-5.341802712111534,3.9625867593362716,-11.561009919548834,3.5705202154479396,8283
Loma,2022,11,0.4527304287106152,0.18058212211119906,0.4475739290605954,0.1859076260468121,-0.3738152725476052,0.15766936831997924,421,-4.878667528371046,4.031249596525159,-11.460081692791782,3.540982679507363,8283
Loma,2022,12,0.4162858731828581,0.3212635118948045,0.26903838597614615,0.4514682562948072,-0.3952018930961115,0.2838501742328655,8283,-6.5654589568356245,3.8456914395664556,-12.598325108758099,3.6927713791066434,8283
Loma,2023,1,0.46391276869398096,0.3154952843603512,0.30121665629619193,0.2493333335843783,-0.43032113856697873,0.27104743126440656,7562,-6.725325527788464,3.8998076928118777,-12.658526403474859,3.8069955708629784,8283
Loma,2023,2,0.44233473913394816,0.1387270791796914,0.4010367788830398,0.13541130520665556,-0.39373100784370774,0.11301001821466301,1707,-6.518902999600565,3.9617495339207105,-12.516892378444117,3.773471880612749,8283
Loma,2023,3,0.30478231591204885,0.24737333098177794,0.2068435649725507,0.19968398217348896,-0.3284417579338064,0.22632350447607621,8283,-6.741270934463483,4.191326387293782,-12.695452767388396,3.99486572144705,8282
Loma,2023,4,0.3877648113091016,0.26740195574693204,0.3106131938842475,0.22446340060094835,-0.37344220513269244,0.22642689357510923,7233,-6.444706842092132,3.963735870090287,-12.562466354950228,3.878058355377265,8282
Loma,2023,5,0.5540086909285789,0.17512048345291917,0.606135122454598,0.21158556051285426,-0.47026443381216515,0.14581488742944726,1273,-6.408177253913677,4.159563230344241,-12.519215778278332,3.9571451435447775,8282
Loma,2023,6,0.5053736557527325,0.2168317308052977,0.34045652905956625,1.6570551160400908,-0.45592082803352546,0.18815359339839494,390,-5.553086622565086,3.9251767565798095,-11.802952292543665,3.5854442888616074,8283
Loma,2023,7,0.40926029907193107,0.31271956416764723,0.33028007465515685,0.2924956645966772,-0.37500460500408783,0.2640334330892,4225,-5.358748774504888,4.012392508292203,-11.71182618453624,3.6221626291567315,8283
Loma,2023,8,0.5651981439441442,0.08054053945426513,0.6924858819693327,0.1319316439575749,-0.4539368827827275,0.08269797185101051,64,-5.545358250029001,4.099117470407262,-11.858626463419373,3.6731184396328564,8283
Loma,2023,9,0.40912656409920295,0.3358147009570089,0.21062357497958686,6.714734096621941,-0.38101319008034706,0.28964621637864507,7194,-5.471245837177851,3.9267181516658876,-11.727973970830938,3.57831494681491,8283
Loma,2023,10,0.29717315129252475,0.2352262605449741,0.33369175488481895,0.2425624869310702,-0.2702348526533386,0.20743534526902782,860,-4.993661087474763,3.98787083416999,-11.450489632594497,3.5948311628567855,8283
Loma,2023,11,0.3497685572796459,0.2282932679028876,0.25704780544811745,0.1605564542262923,-0.299775654013432,0.19976881682684858,3340,-5.640769642656251,3.94811493880378,-11.752994928670189,3.6280902482904165,8283
Loma,2023,12,,,,,,,0,-5.617735106658758,3.9552399424790394,-11.831412446984784,3.6574959214180476,8283
Loma,2024,1,0.3148956257542881,0.2696011956638773,0.21751335556937965,0.2127477935376731,-0.3097005336778846,0.24349573922180925,2855,-6.399892315304934,3.993044021284748,-12.177856290349327,3.684731130351166,8283
Loma,2024,2,0.3152528968693829,0.25048586143497104,0.1866062824415296,0.1786487876182916,-0.34648013033714703,0.23665296718251708,8212,-6.463051291844447,3.98557195237954,-12.448079763490872,3.7802839822888648,8282
Loma,2024,3,0.3411861053816879,0.2262476083910054,0.23131933524854079,0.25444749487434865,-0.35122782573255973,0.2105026123493015,874,-6.507214124290183,4.089801110810457,-12.29410437658968,3.7909345802037495,8283
Loma,2024,4,0.2777576169773618,0.2594381232781961,0.13600302767941233,1.8724017392662127,-0.33734620246045416,0.2556792600176773,8283,-6.807573247371622,4.2133313680151385,-12.835674674158966,4.168251274669159,8283
Loma,2024,5,,,,,,,0,-6.556002994954229,4.03276494314003,-12.458073808690548,3.829642925287438,8283
Loma,2024,6,,,,,,,0,-5.619578845735531,3.7477849085945705,-11.595311605792393,3.4324743627757046,8283
Loma,2024,7,,,,,,,0,-5.618942017836139,4.15838467508785,-13.02919376933848,3.483980864877459,8283
Loma,2024,8,0.3521682236357279,0.24832812492138823,0.34807419026201886,0.262070651579679,-0.33208017847187143,0.19873979761292707,2137,-4.878552910524921,4.02426253646885,-11.278794625115125,3.4774911784703266,8283
Loma,2024,9,0.41754218681053684,0.33722418551024014,0.3101514775420114,0.5734347344740505,-0.38062488101137104,0.29172471005429346,6208,-5.995739432164437,4.0138259062595,-12.143081298571236,3.748773438632245,8283
Loma,2024,10,0.44035835223097225,0.3320048809134882,0.35085240117802907,2.6460329824860103,-0.4052400846108581,0.2893594911859669,6407,-4.548645060503379,4.04816713174634,-11.04390921262879,3.4459620304941603,8283
Loma,2024,11,0.4270780430691651,0.3005611628488606,0.28239213435898997,1.3561463261343232,-0.40697613307250097,0.26531814372483525,3152,-6.31468345803033,3.9444278080524504,-12.344113259538565,3.863512684843875,8283
Loma,2024,12,0.5148923570504133,0.275611312205764,0.44554646324845953,0.2742894601626437,-0.44712035015307966,0.24041865006838234,1662,-5.017674559815316,3.8721199928360845,-11.285970492847765,3.475272786630531,8283
Loma,2025,1,0.4602238870992345,0.30301390749572726,0.3425241081550764,0.28993898276267005,-0.4349908659787135,0.26307504823642724,5797,-5.524699358737754,3.943323379371892,-11.764306837368272,3.6843560490733873,8283
Loma,2025,2,0.40426316663384443,0.3214111231641909,0.28075347233552533,0.3815986122397299,-0.37788895696968844,0.279296901527272,8283,-6.201208566742061,3.9716980124228187,-12.17141929017537,3.7914797288001223,8283
Loma,2025,3,0.3695109737524174,0.29107557721545435,0.25985556042342917,0.24495993792232723,-0.3649398345439175,0.2574973996787783,8269,-6.147663269702738,3.8466175069414885,-12.246041440141305,3.7388975356153082,8283
Loma,2025,4,0.2751817384682353,0.27010667883729533,0.23743091209677075,0.24454170065697242,-0.26549601784480253,0.2515695532824857,431,-6.953687617952824,4.380330802400753,-14.388148585065471,3.5181196390753056,8283
Loma,2025,5,0.3522569967835119,0.28412277701304606,0.30182942197685075,2.318691750213891,-0.3528717810846922,0.24920194667085108,5327,-5.884576125360065,3.960834460815282,-11.995749471414083,3.687328993050063,8283
Loma,2025,6,,,,,,,0,-4.437421082125723,4.267132305716819,-12.429128775032407,3.1612041113635465,8283
Loma,2025,7,,,,,,,,-5.838124145663772,4.1103862306297385,-13.13946165382179,3.3726409853172017,8283
Loma,2025,8,0.41567520824483717,0.3344981333453736,0.2912739088047681,1.0388792448714257,-0.37863351484031754,0.28466004984056625,460,-5.566601490514758,4.012961336740441,-11.96106352912111,3.590121892164484,8283
Loma,2025,9,,,,,,,,-4.8569997348900555,4.225193442868431,-12.56928786421629,3.1271083781497633,8283
Loma,2025,10,,,,,,,0,-5.66387565493955,3.97117866920277,-11.967316083584953,3.6701763852441758,8283
Loma,2025,11,0.4501717748144692,0.31664046419885067,0.3033137747570648,0.25899750261728455,-0.4144356538360126,0.2718701116810368,5994,-5.55343025216061,4.073643763655772,-12.901412619310848,3.217488029123132,8283
Platero,2020,1,0.2982200177264494,0.20584576210671873,0.20074173116119734,0.14827841483292928,-0.337515199407613,0.16483456351253795,1938,-4.489548769428183,3.4189891438344655,-11.044739808190279,3.207743406161675,2138
Platero,2020,2,0.28692126254362393,0.18503036147138247,0.19989892157078432,0.13473936146571297,-0.3362606401504656,0.15063658217319326,2138,-4.720128570822043,3.6186175287101947,-11.247411712721847,3.25372406540546,2138
Platero,2020,3,0.24103266404343462,0.1753825454197943,0.1672139192783627,0.12177018203876992,-0.30433020730995336,0.14760752889215298,2138,-4.6898247280592145,3.6434110500065437,-11.263728616921211,3.2400252912003498,2138
Platero,2020,4,0.21894397495736045,0.16430385947636267,0.1654129507763038,0.12317320940494872,-0.27363659386049916,0.14292292882613236,2138,-4.70725515540566,3.6465190900068047,-11.274093959058861,3.337267951082882,2138
Platero,2020,5,0.29790913758684384,0.2390150607464298,0.2210824720986858,0.18078640641381358,-0.3305465660414998,0.1894660421612371,2138,-4.442982724365069,3.5367597563692668,-10.804594747906844,3.2006228863604154,2138
Platero,2020,6,0.288175923984361,0.2453574515760248,0.23095745502903384,0.20348308567119977,-0.317901271351124,0.19707406089333682,1636,-4.4029005025134635,3.3623183166453594,-11.00119665380433,3.183935857246101,2138
Platero,2020,7,0.3076010063985713,0.22582788142125765,0.24283961667188242,0.1832045130220127,-0.33163305799736176,0.17869638208925667,2138,-4.181984618128875,2.87786063627131,-9.413908739268445,3.0139943691780147,2138
Platero,2020,8,0.3713735906061868,0.20727333348394342,0.3098715194926517,0.18505745382817348,-0.3766638444158971,0.15906400676356117,1651,-4.316610213944566,3.376829365506366,-10.812352072346513,3.105941938815037,2138
Platero,2020,9,0.325201278638037,0.24306785161690628,0.2507904413505734,0.1967192920603486,-0.3492591441006202,0.19136920786995218,2138,-4.550710729107277,3.039063818279184,-9.708640514549748,3.2378566234247987,2138
Platero,2020,10,0.25441018283303135,0.11784805500164254,0.19661664072941887,0.10423963186059952,-0.25053278370133253,0.096540571981555,698,-2.5862669608209634,3.3521945009515206,-9.807387386195147,2.960808430748501,2138
Platero,2020,11,,,,,,,0,-3.968008175645623,3.3690846690351806,-10.708705551563405,3.0425721546934867,2138
Platero,2020,12,0.3452307087748461,0.22920883588239482,0.23152911398705409,0.17069242757936687,-0.37027191915033936,0.17981607978590408,2138,-4.130540888802959,3.395410277082513,-10.904003261491797,3.008593635881766,2138
Platero,2021,1,0.3393374292533158,0.21162040700659412,0.2509487249680998,0.17529860106289122,-0.3533001361460454,0.16594643475093362,2138,-4.236471097319368,3.4351584991269557,-10.790250753434998,3.0962653943188867,2138
Platero,2021,2,0.31443471614085966,0.21315849613400145,0.21392830240014643,0.15282208180897452,-0.35774169851864895,0.1707180420518145,2138,-3.666685950552909,3.4042250390844844,-10.59985125788453,3.056862561929094,2138
Platero,2021,3,,,,,,,0,-4.349072074014038,3.482967809531558,-10.980278375088092,3.1032937657023534,2138
Platero,2021,4,0.2189133085733722,0.17634718247101985,0.2018874866706658,0.16389453691680422,-0.2583131097833283,0.1489377566673081,1620,-4.394868549971726,3.567571058801299,-11.050604250886686,3.1932383278129617,2138
Platero,2021,5,0.23904364710107315,0.1748213302349721,0.18397363787054813,0.13403527420630426,-0.2944054069651787,0.14813703733091396,2138,-4.429470383986913,3.5814225218012075,-11.27827153911061,3.22477637623216,2138
Platero,2021,6,0.16701457739068898,0.10877030903124038,0.21986614342990538,0.1559936360555395,-0.13965861219436868,0.0926639204992306,636,-4.309560815934567,3.5150236311922813,-10.932289715518268,3.258100245592027,2138
Platero,2021,7,,,,,,,0,-3.3445842065943663,3.2556576956112595,-10.230711567066626,3.0148520546811235,2138
Platero,2021,8,,,,,,,0,-4.591967018947125,3.069388611472121,-9.89148700576,3.2986447684632965,2138
Platero,2021,9,0.32541068852504673,0.22789553705055776,0.23689746467256198,0.17421364851339471,-0.35648988099657125,0.17956782996668375,2138,-4.038909768933125,3.445165578500619,-10.69407371808649,3.120743663463693,2138
Platero,2021,10,0.3464494144490957,0.2322935705364257,0.24483128524159914,0.1770952127342474,-0.3769009378136479,0.1823130854664387,2138,-4.8224335610855595,3.055596471993117,-9.806631049297234,3.2885336274930728,2138
Platero,2021,11,0.10128140076994896,0.07448363676667213,0.1709805205464363,0.13551952689886093,-0.09417252521961927,0.06836358923465014,2,-4.113137233192991,3.316928126630753,-10.922356265402769,3.188100388327118,2138
Platero,2021,12,0.32959608802040585,0.23530609877151581,0.2174421111996382,0.1661682515569683,-0.365814338264038,0.18889547046577473,1950,-4.864551878263689,3.0438421885657934,-9.848633801255753,3.3476079946938055,2138
Platero,2022,1,0.24236795100592226,0.16386309264200105,0.19672622221284225,0.14171262180356975,-0.2685474920612771,0.13427311454946078,2138,-4.856602945701305,3.15485100086039,-9.885157887948461,3.34805649728872,2138
Platero,2022,2,0.26445491381512154,0.18160245926268975,0.1967081502738641,0.13988481687321988,-0.29787455257035045,0.15123875519889157,2084,-4.705302093334849,3.0570295134297134,-9.577271120553952,3.2794679556685815,2138
Platero,2022,3,0.26911202746454727,0.19830165005263017,0.19024243940739166,0.14217060567605208,-0.32587108847828317,0.1680044264441452,2138,-4.821675758625028,3.0637413598375405,-9.791526446312382,3.254570325568358,2138
Platero,2022,4,,,,,,,0,-4.6966819211759425,3.1556234686283053,-9.627788824132065,3.337674299506371,2138
Platero,2022,5,0.31088775812182723,0.22589722277019042,0.2351319065342192,0.17514142418929418,-0.3405783766132559,0.1784050482164425,2138,-4.112768791265689,2.8958011841248403,-9.44482915069111,3.0928539952612595,2138
Platero,2022,6,,,,,,,0,-4.265511297010322,3.1462170868440906,-9.646179332149591,3.319731495170727,2138
Platero,2022,7,0.3237738900519295,0.2559734963220366,0.2369182027457486,0.19215196665608683,-0.3602680652770283,0.20397173411052644,2138,-4.117440652389511,2.9819516094916634,-9.28003866327936,3.104338286057364,2138
Platero,2022,8,0.3086514080360284,0.20690800911596852,0.23668659351349228,0.1671945354176912,-0.32830932631391596,0.1634332392879693,2138,-4.583786617673517,3.047566639616827,-9.608001566911092,3.287029855621672,2138
Platero,2022,9,0.3540117293596267,0.07924001274665714,0.35111620277166367,0.09759495451714938,-0.3417642991989851,0.06753916805320773,8,-3.9867582235043613,2.9963263431323686,-9.181674633478323,3.074691699040375,2138
Platero,2022,10,0.23525172668405714,0.11459848373997321,0.1893310400264131,0.10727712696431152,-0.226703354227874,0.09444242278674625,450,-3.7184386725295235,3.158067580968922,-8.947473762293797,3.3255604125084886,2138
Platero,2022,11,0.3208548527318724,0.22103829280831058,0.22939019798766125,0.17069244398863592,-0.3404694727799322,0.17429251871953924,2138,-3.483054748313787,3.0193612054239303,-8.806172517932414,3.075680994622079,2138
Platero,2022,12,0.3322427401009214,0.23714458937031557,0.22759683529296304,0.17867872354274636,-0.36332502209838863,0.18760398795828773,2138,-4.711894558383042,3.0590801751283783,-9.588720605669467,3.2402848241965856,2138
Platero,2023,1,0.34413301246762457,0.22199426161956387,0.22438207725007359,0.15987643963409773,-0.3704108333567249,0.17505175623951436,2120,-4.781027799959405,3.23434908277937,-9.665912385632716,3.338167505940557,2138
Platero,2023,2,0.16389155108481646,0.05917927163904403,0.0980676575563848,0.03580406958333789,-0.23131554201245308,0.06830839041401666,8,-4.623224157907754,3.063396839498064,-9.512059197847453,3.2690580915275977,2138
Platero,2023,3,0.24657689820704828,0.17246032307788248,0.17995853280372692,0.13008325479512156,-0.30471878679612224,0.14439656942157422,2138,-4.81601868470076,3.0931488047613622,-9.546315390891932,3.3065725925534584,2138
Platero,2023,4,0.29030536262597256,0.1943321501741492,0.22332494658650995,0.15773301621066602,-0.32879215308112825,0.1534465389727404,2138,-4.528728587969343,3.043859748562747,-9.535098883779037,3.33833440708794,2138
Platero,2023,5,0.2919737500857037,0.20019430420529938,0.2551853157100195,0.18823983662186033,-0.31456696647340926,0.15535232260295886,1977,-4.384749672113398,3.173669779069138,-9.544618539587086,3.458462006547814,2138
Platero,2023,6,0.31653836884347314,0.2786033336549619,0.2382912899265036,0.22540147329149438,-0.357568656004638,0.22181093236248525,2138,-3.7084905819971095,2.8437184029488245,-8.974241327649478,3.067211065622592,2138
Platero,2023,7,0.3003907817948771,0.23652553135040927,0.22481501810597618,0.18671822203052904,-0.3299973662294682,0.18686032598204952,2138,-3.695776960287824,3.093294839459582,-9.023340930492314,3.197076970681429,2138
Platero,2023,8,0.3164638657845669,0.1884376980064769,0.31221571219668015,0.20236096093426253,-0.30898556159948226,0.14369235164769434,335,-3.754630768277978,3.1485807049286,-9.090786759716332,3.2023689448909742,2138
Platero,2023,9,0.3188079403587928,0.22866482947433095,0.22592444847389384,0.17257351166567328,-0.3536808769673783,0.17930961765511513,1951,-3.8574558843517006,3.0515235627218473,-9.150971567301777,3.211424609540845,2138
Platero,2023,10,,,,,,,0,-3.476961827513169,3.05861197212121,-8.905030004103425,3.257626373147747,2138
Platero,2023,11,0.2881963772581662,0.11121585807565335,0.23124374822400934,0.0950023709334542,-0.27162254739094793,0.09522962416399462,602,-4.031836228489404,3.123701766405742,-9.179009823301081,3.2317030106248836,2138
Platero,2023,12,0.33121848469404847,0.2335430252258491,0.21751065344821513,0.1655857267646334,-0.36890768078166986,0.18682486614828495,2138,-4.017593630719844,3.1678986540838525,-9.307258102931312,3.388024534089433,2138
Platero,2024,1,0.008796656504273415,0.053437575236355804,0.01283333698908488,0.06132805237329685,-0.01827284600585699,0.031026352170618613,3,-4.529531808679143,3.1430567383732653,-9.575228213298601,3.3414868297028355,2138
Platero,2024,2,0.2791640346602359,0.18814391707421224,0.1839722894188002,0.1296841060911471,-0.34319068010158665,0.15853855371730396,2138,-4.563091830143107,3.0441068584135254,-9.485874872092728,3.275264743668236,2138
Platero,2024,3,0.227629653858563,0.18081369204972683,0.1554087422669934,0.12505740859567654,-0.2823137929585199,0.15354482504390543,2138,-4.5882140653237595,3.1103713375962325,-9.441296336665346,3.2392894728131703,2138
Platero,2024,4,0.23337053960716997,0.19208129488642361,0.16789656047584142,0.15721048895410966,-0.3082631900019023,0.1661372026892414,2138,-4.699126487258053,3.344125041444742,-9.704127661046623,3.5314347684982015,2138
Platero,2024,5,,,,,,,0,-4.598998567393486,3.144218506740976,-9.467271396320513,3.289343015639761,2138
Platero,2024,6,,,,,,,0,-4.303221413700608,3.072874514626853,-9.180538775554382,3.181034966355923,2138
Platero,2024,7,,,,,,,0,-3.7741507816679922,3.394993381132672,-10.472038536281163,3.162650348935487,2138
Platero,2024,8,0.3246751836052647,0.14952862929105304,0.32225789709223646,0.1691939698568048,-0.31090099074774313,0.12956631991624795,27,-3.5780312245057355,3.0131025971486745,-8.94252080772458,3.095432656565027,2138
Platero,2024,9,0.3247802670364101,0.23421991364598202,0.23508728937505566,0.27246695938380844,-0.35563384123715885,0.18354287684248552,2138,-4.144754894849224,3.154096426934903,-9.399658212603784,3.378065422078799,2138
Platero,2024,10,0.31448937613163414,0.23737080808010103,0.23154017498736973,0.22854771594895149,-0.34740664415643885,0.18816567894872036,2138,-3.5707140260581176,2.917612956992153,-9.035980444481668,3.092120768383062,2138
Platero,2024,11,0.3105765657056047,0.213711761041965,0.2112602576319408,0.16479777618320407,-0.3499835145949858,0.1714350677012113,2138,-4.479206204091196,3.1823206265223325,-9.637286988739545,3.4219223740616167,2138
Platero,2024,12,0.30000378583877274,0.2289804956448997,0.21488490435876867,0.18255253306060315,-0.3263212418889305,0.18264109884316065,2138,-3.383292934155985,3.024119429640607,-8.716536569746568,3.195771736087257,2138
Platero,2025,1,0.29825505375430744,0.2132392503183613,0.21993025508847502,0.18056743197197594,-0.339646222453598,0.1753761842115718,1642,-4.11318912084055,3.0283992208126373,-9.312856395073757,3.2496345536234967,2138
Platero,2025,2,0.2852681590656041,0.21315072019853828,0.2053442813939146,0.16743755495614548,-0.32002712932675165,0.17303858182870624,2138,-4.552624132247658,3.1826936662429044,-9.529126925078568,3.4110549181377086,2138
Platero,2025,3,0.2718521943173615,0.18878710372707289,0.1933787459942724,0.1438381404954456,-0.32308816577369254,0.15671381896487724,2138,-4.646709743814229,3.056231382522582,-9.40829396563937,3.314888471236939,2138
Platero,2025,4,0.23930719937172015,0.15570626359288212,0.18955691749497625,0.1288223994411655,-0.2915661434919145,0.13082859948716177,2138,-4.846864262133599,3.525059485070608,-11.599670183251586,3.2670830075602466,2138
Platero,2025,5,0.24071050100788927,0.20448257593357802,0.18960187642993562,0.2084199927343753,-0.2901246250003542,0.17116765651450602,2138,-4.342981004185362,2.999053783413405,-9.42377470360009,3.3219438379602555,2138
Platero,2025,6,,,,,,,0,-2.898818550193519,3.3623850418745898,-9.94493113236868,2.9606845282961367,2138
Platero,2025,7,,,,,,,,-3.9701405903810154,3.4158528689538588,-10.572753715152004,3.146044366168713,2138
Platero,2025,8,0.29215191248052474,0.23806074148870862,0.2276763386325911,0.19143354016456668,-0.31844797294886107,0.19361933360552683,528,-4.02260859571782,2.916285387136004,-9.315325452164661,3.1994296065276284,2138
Platero,2025,9,,,,,,,,-3.2953666982041625,3.2076674315600675,-10.189692707420418,2.9359342612711417,2138
Platero,2025,10,,,,,,,0,-4.0648145732507235,3.0007723887675635,-9.391294604228316,3.31006310185482,2138
Platero,2025,11,0.3290550619230869,0.23787147006588455,0.2116323413249924,0.17299229923633153,-0.3585294063462327,0.18781725682691486,2138,-3.7315479189948526,3.3116858365315385,-10.425978608601056,3.0384416620396033,2138
San Francisco,2020,1,0.285691014658435,0.1970072963847813,0.2221455219392056,0.15531369867077047,-0.31596535881247256,0.16218391363008292,1421,-4.765090459325483,4.1724688770604965,-12.472873790794223,3.663746751813745,8238
San Francisco,2020,2,0.3196354907928849,0.19663633065103167,0.21427600267243324,0.13579222701873606,-0.36472050563324404,0.15842870580587148,8238,-5.108159686942123,4.383137969091397,-12.759666921886094,3.760871694666819,8238
San Francisco,2020,3,0.2954496774751679,0.19195092994170646,0.2108488481622839,0.14247938990206202,-0.34031127840487574,0.15752403501804807,5972,-5.1270951905762665,4.408632088122975,-12.736810113996084,3.7871244270965914,8238
San Francisco,2020,4,0.26036153235763015,0.1799830891407162,0.2004632252492105,0.14031126080110776,-0.30866209669209926,0.15345501722189003,7499,-5.176927963945932,4.4309510471196285,-12.865887800540426,3.8404889517602734,8238
San Francisco,2020,5,0.36159507019157716,0.2655464024534636,0.27120272522313,0.21492479623571586,-0.36790899832628965,0.2020035704858959,6191,-4.367489502741724,4.30394794112229,-12.094317631959278,3.5735657342733025,8238
San Francisco,2020,6,0.3924963629879523,0.2773969771171541,0.29463310278458477,0.22967774799819815,-0.39836714641941984,0.21153841862342096,8238,-4.601598260911739,4.121715972917228,-12.247833820209557,3.3685329019823738,8238
San Francisco,2020,7,0.3559202621320667,0.23521475601830796,0.28700329124904694,0.1992587650217925,-0.36016008766649293,0.18345818088172125,7630,-4.812189230097536,3.283831962221397,-10.237548357017772,3.5760064598468704,8238
San Francisco,2020,8,0.4191919937441455,0.24517840975100613,0.3284860313259915,0.20600327491194217,-0.4115983158043225,0.18495251847107833,6665,-4.411070708684742,4.021296406145996,-12.00453581500087,3.3182148514243535,8238
San Francisco,2020,9,0.35037931839889513,0.19225199114554073,0.31923916954005394,0.18700022812114278,-0.34973957523368093,0.1484760137570174,5102,-5.422656711052512,3.2985389590679346,-10.758147535172977,3.798951641502155,8238
San Francisco,2020,10,0.40317760792148255,0.2546435674850178,0.3005309717395408,0.21112497253476423,-0.40094634677196456,0.19356330056882454,7895,-2.6714428988726278,4.214021355315266,-10.91005291153694,3.039348075493698,8238
San Francisco,2020,11,0.39016855867749,0.268184902095086,0.2842983949266931,0.2204213456743024,-0.39559661259568163,0.20534412877505728,6949,-4.136903355126102,4.1111985301810785,-11.848068276176958,3.3165213099926647,8238
San Francisco,2020,12,0.4857287832721542,0.22732892650941613,0.3420016335105157,0.17882469044527358,-0.46107846169184774,0.17829698599678798,1073,-4.309361687453469,4.140759812376267,-11.951860383088988,3.3422683200768795,8238
San Francisco,2021,1,0.3984767282034702,0.21904885497236584,0.29227442329544734,0.17889372987901533,-0.39352359503161954,0.1662760509787912,6651,-4.3332499182290585,4.114447741705443,-12.101262194784871,3.3813687513119697,8238
San Francisco,2021,2,0.37434824859692545,0.23623201774427857,0.24896668393654592,0.16864396379685304,-0.40074937328992777,0.1853856795563011,8238,-3.7662782549321983,4.248321574115217,-11.830775004964897,3.3407158995395063,8238
San Francisco,2021,3,0.013475261085356275,0.060543364949359614,-0.34187678107991815,0.7973085042476792,-0.01504140316198269,0.12986581311458698,6,-4.713303188403913,4.324816880910979,-12.502751914945522,3.7072061075925893,8238
San Francisco,2021,4,0.2964460794126526,0.15084880696813333,0.300565151025408,0.15570574834352208,-0.3106005755208789,0.1198535194985945,210,-4.803763254379353,4.353558662109935,-12.476706805047717,3.7027109168585657,8238
San Francisco,2021,5,0.2632263706331463,0.18735915437200998,0.19366492308727662,0.13957970306867715,-0.3192884195545748,0.15831504462466875,8238,-4.9311745241401574,4.4565304737374944,-12.688038472597695,3.892906445980972,8237
San Francisco,2021,6,0.2899194485759945,0.16463808441219405,0.43279716067645024,0.2954401082018519,-0.23869750761910186,0.12254988289664727,2097,-4.612502810762661,4.3138021666538116,-12.369189771168594,3.638281696922702,8238
San Francisco,2021,7,0.4860883991080005,0.1389091149816923,0.5085527608244436,0.20636835099093995,-0.39787443768321057,0.11834455945037549,127,-3.3535132609595135,4.288114515081316,-11.395950387600081,3.2781225518882153,8238
San Francisco,2021,8,0.32339436589829335,0.1925834576913201,0.3130677302102457,0.2086708428498395,-0.2921216402599519,0.14323084006932174,324,-5.31681417708121,3.467234559465422,-10.750707866703731,3.907089106991705,8238
San Francisco,2021,9,0.41020948329899604,0.2680508570508682,0.29910006882139634,0.21429121860984976,-0.4142725989811819,0.20304651658424075,8154,-4.460462726463099,4.198704760494319,-12.143747340315503,3.5111634059130328,8238
San Francisco,2021,10,0.4230679024839643,0.26564603434618256,0.3028845383460426,0.2114315595366059,-0.4294628324216626,0.20249743316197155,8238,-5.593863214917505,3.5235507161963446,-10.886462536482432,4.0495788469479725,8238
San Francisco,2021,11,0.050263434648513794,0.11680622472014042,0.011883269250392917,0.15622679732328826,-0.04851434081792831,0.13473751320810115,5,-3.700770134084136,4.142841842186817,-11.774524287332166,3.3682654047802334,8238
San Francisco,2021,12,0.39238859609846566,0.23412774663002772,0.2779337960776033,0.17760207544951281,-0.40703482582922296,0.1814928956171995,4273,-5.664840300993714,3.410444738944945,-10.921233330272456,4.006545738464063,8238
San Francisco,2022,1,0.3177323231152514,0.1958162394976031,0.25268834681111046,1.742323286601629,-0.32709328367222706,0.15504694619601475,3962,-5.880093076346694,3.6543876243633773,-11.05210231416085,4.198267475594004,8238
San Francisco,2022,2,0.23828517819319883,0.16136040154443473,0.17967034915853672,0.1326085275972617,-0.2465942568549852,0.13985760088087165,1060,-5.71397634397864,3.6219849363810916,-10.803231785385899,4.178925825885784,8238
San Francisco,2022,3,0.3166563352629824,0.2160689830160137,0.21552486559194609,0.15122215293388497,-0.3649719410580226,0.18199376255855645,8238,-5.808126769254519,3.5616408801744885,-10.93215833989777,4.077115400702812,8238
San Francisco,2022,4,-0.009169104580455743,0.009748124290034833,-0.4336503428120468,29.306006291787966,0.022835968745084593,0.00808127609708948,4057,-5.589416169355472,3.565637698474733,-10.821460649243637,4.094602149081628,8238
San Francisco,2022,5,0.38319644829583377,0.2516425181359959,0.28848844219959724,0.19991884618318118,-0.38284236030453883,0.19211202889758383,8238,-4.767280769993875,3.2319492586885845,-10.304503293132717,3.7116372017611328,8238
San Francisco,2022,6,,,,,,,0,-4.817105325978853,3.39786481248224,-10.38364563573512,3.7815368182809337,8238
San Francisco,2022,7,0.4176394180978406,0.2919701687985649,0.2971873559025099,0.4154384381298787,-0.417224530422115,0.2221925514044738,8238,-4.557358266780039,3.1976360606675827,-10.119592410526,3.61685637313966,8238
San Francisco,2022,8,0.35242953720448905,0.23541760906453707,0.2876935128729943,0.2136394195450445,-0.36124183221190403,0.1716416388708877,3820,-5.32985773215708,3.338671386070456,-10.59105806538923,3.8163967910664782,8238
San Francisco,2022,9,0.3735640174124738,0.1516563186216613,0.3654732518422498,0.18593781189981307,-0.3416045816229355,0.11606658681010312,3099,-4.655708700912296,3.2945183963641798,-10.0529436168169,3.6581548413437255,8238
San Francisco,2022,10,0.3602768014489873,0.11512431960547503,0.31888865968867536,0.12309777224727338,-0.3347954619960688,0.08664036972411156,654,-4.393020106986662,3.4419663963238416,-9.879904821566079,3.7860398858204873,8238
San Francisco,2022,11,0.3849161537865885,0.2472406322721064,0.287240536300363,0.20366467023642684,-0.37947822113494456,0.189372593116287,7908,-4.204927131032472,3.2916005341119035,-9.807380368746863,3.578195143066309,8238
San Francisco,2022,12,0.39573606257172106,0.2650160914628542,0.30357032223553576,3.2201625839064167,-0.4057091804599137,0.20681615593375868,8238,-5.543125618013376,3.3928068518571606,-10.72588692885735,3.85707543489846,8238
San Francisco,2023,1,0.4091644449934133,0.2564790783941285,0.26283446383252296,0.18513893921732044,-0.41480194659394204,0.19579713471155344,8238,-5.70209566557441,3.633649210321977,-10.841202492809213,4.115826676699213,8238
San Francisco,2023,2,,,,,,,0,-5.618484578948207,3.673858164622938,-10.822762171089343,4.186874766789764,8238
San Francisco,2023,3,0.2703681033868103,0.17899916090913823,0.1895320404939587,0.13287827393004473,-0.328328574270596,0.15488072496309163,8238,-5.8517486461971355,3.7692653074230438,-10.96617682258442,4.3182252912122046,8238
San Francisco,2023,4,0.3217486418718684,0.2006302381735132,0.23725543064655655,0.1547831972227105,-0.35535487482114875,0.16181260908157516,8238,-5.5607967682049555,3.6967982947929814,-10.79158870163628,4.216712731534175,8238
San Francisco,2023,5,0.3616732009424893,0.20228563872461977,0.3454332634777488,0.2159588977502538,-0.35415702573423313,0.14822918331820215,2732,-5.263949411039261,3.598083357249389,-10.605985829087722,4.133755749871864,8238
San Francisco,2023,6,0.387934009402371,0.29005251805711346,0.309557273795201,0.27690978540445577,-0.3986696019432071,0.21894688672434395,5331,-4.511013003801761,3.2818195855111063,-10.010117775266155,3.7006348647539795,8238
San Francisco,2023,7,0.38554653162011704,0.27462558270690995,0.29359342808055977,0.25363556245809016,-0.38057670257971343,0.20799343025914066,8238,-4.382937932167672,3.3555015858534594,-9.935454397444328,3.758576724507913,8238
San Francisco,2023,8,0.3399139317790471,0.18379625085607487,0.33625258759213933,0.2051398664336646,-0.32219585029026804,0.1394957961745522,664,-4.5801331218080685,3.413375191905594,-10.143290715579434,3.827822090872514,8238
San Francisco,2023,9,0.40950524934649873,0.2513685486557232,0.4194354319374883,6.02089643411467,-0.40728265745822045,0.18891130453561444,3390,-4.718552533471906,3.4059826866043625,-10.168637654041635,3.9029636299554413,8238
San Francisco,2023,10,,,,,,,0,-4.186158367108955,3.4096328654899493,-9.815765620919258,3.778330029882348,8238
San Francisco,2023,11,0.39122824028561237,0.19160755040527527,0.28781340621035073,0.1514488341398981,-0.3690881571853391,0.14767093030927025,3579,-4.798530358494004,3.538215908104395,-10.126485740813264,3.9619649783973476,8238
San Francisco,2023,12,0.3719715150167102,0.24748461793865542,0.23861188519468163,0.17308748803352952,-0.3947794657975645,0.19830755789451088,8232,-4.854697817514928,3.488428874103866,-10.258898946463228,3.9350324461852324,8238
San Francisco,2024,1,0.3247964361452028,0.19633183529362622,0.2142694167366872,0.14058420549869785,-0.35815924258040704,0.15838634964516904,5910,-5.572421659341767,3.749755118374798,-10.64078097297707,4.18672206584243,8238
San Francisco,2024,2,0.2965533353929565,0.1895650653989062,0.1866636452514603,0.12425703836665998,-0.3616233967798857,0.16729243523102894,8238,-5.707685137986079,3.78501624734759,-10.780422783682834,4.335311196747594,8238
San Francisco,2024,3,0.23064004554344777,0.161641291399213,0.16460016981837627,0.11479751310017211,-0.2813163196805418,0.1426558253549028,7249,-5.71709311461863,3.835360090057524,-10.703853931819506,4.298727245639419,8238
San Francisco,2024,4,0.24972542593026986,0.1916938841137539,0.17010955038788864,0.13758282613219747,-0.3253382976195734,0.1734909321257324,8238,-5.896697812815294,4.046850542904471,-11.090564126712467,4.674429597331641,8235
San Francisco,2024,5,,,,,,,0,-5.735443216850996,3.913121995338035,-10.799112083641104,4.420527085273669,8238
San Francisco,2024,6,0.38517478086251966,0.2809392864470924,0.2961906218350984,0.4411039735205777,-0.3755305093295623,0.2212187407273182,5758,-5.031850423202496,3.427379907837049,-10.112768219611116,3.8660126056886996,8238
San Francisco,2024,7,,,,,,,0,-3.870868996539842,4.326508834387201,-11.73648266276429,3.640422391224467,8238
San Francisco,2024,8,0.3479450552432613,0.22933432994746414,0.30509938956986893,0.2378733259640645,-0.3484378157064784,0.1775900697145513,6699,-4.1575433193736,3.417247188215715,-9.708341912790535,3.683922164376433,8238
San Francisco,2024,9,0.3734342103485717,0.26238626186932934,0.2759815910736395,0.21838629808840104,-0.3773053701479309,0.20603196115753622,6383,-5.047344673579505,3.5473324052658746,-10.387390215971617,4.067588920553013,8238
San Francisco,2024,10,0.37465832905470225,0.27381542845050766,0.28948343780821706,0.37701135413424425,-0.3760969752019986,0.2144971898125665,6520,-4.167260470255967,3.3266607419961716,-9.775139783456153,3.7055226278340867,8238
San Francisco,2024,11,0.37464269764685115,0.24821876510095667,0.2527133549372119,0.19402507399194066,-0.39719988229690284,0.1994157757640394,8238,-5.408353518716914,3.5975233108950158,-10.65783054305184,4.176766464367257,8238
San Francisco,2024,12,0.5007204456762832,0.16500620635924243,0.4681440952149305,0.20273341677893075,-0.4440581058914012,0.14434790203475034,55,-4.2848393092799455,3.4402807490026213,-9.618189446829808,3.8292481207014357,8238
San Francisco,2025,1,0.3755084270974694,0.2514104331215287,0.25692457929481943,0.19048051439624408,-0.39876285308072634,0.2034347802014738,8238,-4.80391925444077,3.443187793509899,-10.159148063651976,3.937756401994999,8238
San Francisco,2025,2,0.34921578836406,0.24640467909029706,0.24357867896731136,0.19158631927125946,-0.36387772636777765,0.19854618353674844,8238,-5.5363713309445055,3.679821479450402,-10.602146676778617,4.21901627099152,8238
San Francisco,2025,3,0.31289888421503204,0.20611098913074874,0.2133153844544699,0.14905831154860624,-0.35506258147154723,0.1746557010396316,8238,-5.521178957669771,3.728748610012441,-10.649177489904874,4.297157736020819,8238
San Francisco,2025,4,0.2623027629578072,0.16573573306927253,0.2019888076147545,0.13036037547745374,-0.31077167236294523,0.14349774043220564,8098,-5.20141754272971,4.6870439985461685,-13.261425935823121,4.046582064085624,8238
San Francisco,2025,5,0.2883188128468895,0.22411304196591353,0.22176482800635816,0.3373169512715967,-0.3233980812914552,0.18783075805479982,8238,-5.018651522615307,3.5851941515036616,-10.248785112051582,3.9956543229919492,8238
San Francisco,2025,6,,,,,,,0,-2.8740671582065898,4.445424461789759,-11.40476878487621,3.274949389214755,8238
San Francisco,2025,7,,,,,,,,-4.219067537623787,4.326931581893597,-11.945334851081595,3.6158086611966724,8238
San Francisco,2025,8,0.35037586901467094,0.26434985982175024,0.24691623966890297,0.23898558972733724,-0.3499594422850538,0.2048247183458772,2432,-4.823691768348239,3.3890792075904415,-10.342980606414077,3.886768555549266,8238
San Francisco,2025,9,,,,,,,,-3.303351457119152,4.353791794684105,-11.472160697800444,3.3721951957181857,8238
San Francisco,2025,10,,,,,,,0,-4.9527878709549835,3.473402262663162,-10.437613609755184,3.997925754068353,8238
San Francisco,2025,11,0.40093543520383956,0.2701045373907099,0.25579840830201417,0.19420341268605826,-0.4049171000987449,0.20933079314974767,8238,-3.9259335306538197,4.327767355485209,-11.833002013725293,3.4544652425001883,8238
Timbao,2020,1,0.4620364920740339,0.2480938382760902,0.3550864867379854,0.2087368941228061,-0.4390281523096955,0.19185089581903084,3205,-6.9981665270470215,3.4059446930510404,-13.631692806834474,2.842646451321589,5986
Timbao,2020,2,0.4689929827676608,0.23945509262968306,0.33509666950140016,0.18870400230478857,-0.45941883280616996,0.18572161435254814,5986,-7.5160128424865285,3.5680291682069534,-14.176668576555175,3.0159043662139777,5986
Timbao,2020,3,0.3946513755716377,0.21938622622079995,0.3041972230526305,0.18519863648795093,-0.40753486349871115,0.16900899202859848,1753,-7.607325810954157,3.6952027527938394,-14.206726194055348,3.107623525558459,5986
Timbao,2020,4,0.3592900080554043,0.21841677244416174,0.2793273258295432,0.3627606757581865,-0.38384311704654983,0.17887415419230926,5789,-7.9984355288282725,3.991874588274299,-14.793093963979558,3.4593801223572367,5986
Timbao,2020,5,0.5078853985910725,0.1863644318087437,0.4875985754238275,0.20088139491238463,-0.43950266406348304,0.13721068929651398,511,-6.898097832202512,3.5538151805171414,-13.666913931022487,3.026108094736424,5986
Timbao,2020,6,0.5990022070295711,0.25109722699949333,0.5173947885246645,1.527225470066423,-0.5208478938874093,0.2077667108192442,2409,-7.195032622699476,3.714364409501929,-13.96878813534901,3.039765043313427,5986
Timbao,2020,7,0.47278827729052303,0.15696355840956347,0.47963900176051305,0.19485759214338091,-0.4151445906338192,0.13635647176464533,438,-6.245444635237193,2.9147894850117364,-12.64073088597175,2.594481395562551,5986
Timbao,2020,8,0.5827425759102832,0.2622686368541247,0.4825341352727575,0.2543949924340074,-0.5221161449097883,0.20160001420842188,5743,-6.619814966015615,3.4361750802525055,-13.304194423742535,2.7335055506959303,5986
Timbao,2020,9,0.5259524791639104,0.20386022922528935,0.4560373337014018,0.1857818045202647,-0.4579339745896613,0.15693953091490995,1563,-6.549778670164343,2.86341401815002,-12.782749241694672,2.596503728184919,5986
Timbao,2020,10,0.5016632117504888,0.16919325635296445,0.43978935563748767,0.1746902337362672,-0.4450314491149451,0.13157474232321167,2290,-4.960966709282276,3.276761034477694,-11.756431299742463,2.3664956012125447,5986
Timbao,2020,11,0.393471421588017,0.14816193008991715,0.3858246123788371,0.17440672616267563,-0.3491816985493433,0.128284039474515,629,-6.112181910705429,3.3145476860846528,-12.790502289869544,2.6109498611102957,5986
Timbao,2020,12,0.5546044619053832,0.2149517566409881,0.47919634963598473,0.21990606847768612,-0.5042225423562761,0.1709445658720914,2422,-6.313839918280118,3.3764114371428793,-13.072290789850628,2.7186736359731345,5986
Timbao,2021,1,0.5675198443758225,0.2329047120963657,0.4655537978930514,0.22120179691592093,-0.505142958655796,0.17964697021231535,4072,-6.425704635085595,3.293945372075002,-13.317101492327737,2.7844214550831965,5986
Timbao,2021,2,0.5513338039150356,0.2744102493567277,0.44283332990199276,0.23867244058414486,-0.5056998465853415,0.21325941205440557,3892,-5.801472884552989,3.305913184400477,-12.765639782437297,2.583883239396681,5986
Timbao,2021,3,0.052825058810412884,0.04202421480045691,0.08413323396816849,0.06983447079415316,-0.006579763069748879,0.03577021855889785,5,-6.898596874260205,3.5275969206827567,-13.733182382565792,2.896826052578813,5986
Timbao,2021,4,0.4386810004854821,0.24303168165992134,0.38521445973224056,0.2835572417650423,-0.42708795674263395,0.20142714820997598,4759,-6.949860808523559,3.579285706679764,-13.683003346184606,2.9727899069096013,5986
Timbao,2021,5,0.4214274721866433,0.2005094602153095,0.3452818341124917,0.16708205991391223,-0.42675389373706346,0.16561030754445233,2092,-7.198316580738229,3.755238507937371,-13.999756932733472,3.125616139910209,5986
Timbao,2021,6,0.4118491404864778,0.14109200072616698,0.9994920422544779,0.4736459087179766,-0.29540563742821113,0.12433028921023383,1512,-6.652057116878568,3.481112383292132,-13.550442949818649,3.0135221690173184,5986
Timbao,2021,7,0.5679654097564525,0.2581818292917642,0.5878181691443222,0.3029012327566447,-0.49777277334189607,0.1905509665745998,2644,-5.395569089581337,3.261701429175524,-12.360487043486376,2.540335825922292,5986
Timbao,2021,8,,,,,,,0,-6.65632840832697,2.9450313985671297,-12.983016134184703,2.7593193765427975,5986
Timbao,2021,9,0.6110768352742654,0.2917146321995171,0.4734134826978677,0.274783589449945,-0.5525861176132245,0.22480262265434253,5986,-6.066330809911718,3.451455339259174,-12.847022769388335,2.710438283240062,5986
Timbao,2021,10,0.5967004584071649,0.28014392481913014,0.46953431016579156,0.5934283896850855,-0.551581517079144,0.21695995814487246,5986,-6.8053218139372,2.976407331233425,-12.942833267154805,2.867165165859484,5986
Timbao,2021,11,0.05739227798767388,0.05337026460454141,0.08962280978448689,0.07260247552486923,-0.017941893831448393,0.08150243236002529,8,-5.416532657443934,3.345904749534382,-12.53788113465957,2.6109653906670123,5986
Timbao,2021,12,0.7041239423884287,0.13613203099576404,0.562081369260947,0.15734842914582609,-0.6273360136482452,0.10797151032106957,18,-6.8428121666734105,2.9183347059254436,-12.999230735384787,2.8594985617088517,5986
Timbao,2022,1,0.42262057852584256,0.1615632678117608,0.5378489235144176,0.32409156086066826,-0.36821975341494767,0.11375142867420171,322,-6.885937738180634,3.0223873521108513,-13.14376750187883,2.9840968252865996,5986
Timbao,2022,2,0.46585975090667747,0.24251339984797596,0.3390366147925131,0.18561637784227125,-0.4497585749207154,0.19036258564462835,4118,-7.107815583719287,3.0929045970154556,-13.1063114136303,2.9202986704996072,5986
Timbao,2022,3,0.3959187069777015,0.23905793946855103,0.3079853747137318,0.18127342251706785,-0.41093562351471746,0.1992647493922278,2507,-7.199780725121604,3.0723535893812706,-13.389916469386272,2.8619391154835725,5986
Timbao,2022,4,0.5673158765787595,0.1706050094112623,0.5852868127199713,0.1777253715325415,-0.5088729260148073,0.1514925589738589,599,-6.445485947281054,2.9135600503381385,-12.733575481128558,2.749996973161215,5986
Timbao,2022,5,0.4796758566590214,0.26333826300187735,0.43517556460397483,0.39228784920846455,-0.44092794327324775,0.2032167025955347,2847,-5.934935618419412,2.765233010019471,-12.37870721674825,2.4960967379383874,5986
Timbao,2022,6,,,,,,,0,-5.78263842760772,2.953312286394887,-12.234558824914687,2.834768598607237,5986
Timbao,2022,7,0.6089951277255867,0.32654268035775424,0.399014348360124,0.28406762919374917,-0.5532913769005058,0.25626133003544266,5963,-5.764208939326692,2.844577683543072,-12.144455553231314,2.6027298064654705,5986
Timbao,2022,8,0.4604389243837324,0.23778045674464385,0.47037045233552566,0.2691718911046449,-0.4165705794150067,0.18152872228587635,2325,-6.52448655201708,2.897567754347032,-12.661102383644279,2.74125972439916,5986
Timbao,2022,9,0.5864874133502122,0.3007067875344098,0.4525458492413266,0.4396058934479472,-0.5297810435907925,0.2354388990226128,5985,-5.785786428300301,2.8719217478366863,-11.971280413738624,2.6721576437049133,5986
Timbao,2022,10,0.4721044066810812,0.14818256439479158,0.4483594862233642,0.15211864932775382,-0.41145222501708206,0.11839793729918827,2338,-5.435427826870954,3.0036984086152345,-11.63685797978874,2.7145597563525365,5986
Timbao,2022,11,0.29040377122052274,0.10803637283692315,0.2785239392372016,0.11725335887826956,-0.22712330266731937,0.08821959280106766,294,-5.1400103880557335,2.863195669119483,-11.568309449807028,2.563375691070352,5986
Timbao,2022,12,0.5782307393170176,0.28176777862086444,0.42301773639596774,0.22828994767586527,-0.5316778992430304,0.22474836504432139,5986,-6.546826438648608,2.8776072553810956,-12.665278226366166,2.7635513067947546,5986
Timbao,2023,1,0.5923318158491035,0.2713333743920091,0.4237403578949116,0.2180505595269498,-0.5390921567931904,0.21256004380416615,5983,-6.70326897918248,3.074092557337841,-12.770013800656951,2.9378384555413777,5986
Timbao,2023,2,0.3893470658680025,0.08822461697744521,0.3342514351177752,0.05611116853529307,-0.32314908169628503,0.07464421698169182,267,-6.650702458054552,3.0584283119129467,-12.80443724183342,2.8207358104733378,5986
Timbao,2023,3,0.4142353079220283,0.22880714087030138,0.30417377760428704,0.17133278236332344,-0.42619675970489457,0.18667944832222153,5984,-7.045766288907488,3.152352894454997,-13.267637817839425,3.136264289059689,5986
Timbao,2023,4,0.5338916619382562,0.1890872800743106,0.45888091300708783,0.17258070455011315,-0.49225142857932086,0.1440063341784982,2934,-6.668905811684125,3.019451007789148,-13.065058814301299,3.0072308577224445,5986
Timbao,2023,5,0.4837432407266867,0.23424871567751157,0.49754678824317355,0.2573884134823127,-0.43764981630032496,0.17245136257730764,3590,-6.732142453543374,3.2232837830284273,-12.870868826273194,3.0778433455848297,5986
Timbao,2023,6,0.5991760346514632,0.2638199031181155,0.5770782155438051,0.2738209594455665,-0.5345500426063037,0.1990656011086424,752,-5.603890883490237,2.82248439119084,-11.961704391775163,2.5705343629577495,5986
Timbao,2023,7,0.5396089509824911,0.2897135784205122,0.49276978751167017,0.26821026901886647,-0.47408288559731904,0.23415815033100887,2615,-5.650067342056681,3.0568351133948006,-12.041680131086412,2.77469579718829,5986
Timbao,2023,8,0.5562403795362194,0.16705117175674583,0.5270856959712494,0.18844642155044333,-0.49159156487897193,0.12259871599199014,2074,-5.831949520125208,3.1380295880584947,-12.147428078328588,2.929408253079624,5986
Timbao,2023,9,0.5846647669123954,0.2928782353854541,0.44234331429475054,0.22735820006415425,-0.5277119371626552,0.24262248878883416,2459,-5.595441997516903,3.120421160063577,-11.92347154293096,2.872207291509436,5986
Timbao,2023,10,0.4719215345679234,0.1322405801578806,0.5384172130829505,0.13123791628940157,-0.4170326610487936,0.10248283932328396,1520,-5.330467535576925,3.1175407134352597,-11.514959823641403,2.8773978925852695,5986
Timbao,2023,11,0.43112632643214727,0.2076411075722639,0.34092397171104066,0.18435404252576146,-0.3845717247053182,0.16657555981183117,3344,-5.563878747092758,3.1179725342493887,-11.700570092695488,2.805688894505421,5986
Timbao,2023,12,,,,,,,0,-5.597364818598226,3.1566648790673697,-11.854842331191966,2.8730088891257264,5986
Timbao,2024,1,0.4887511392850063,0.237958375318158,0.34861483978325236,0.2759260709388368,-0.4706643458330874,0.1897749497779063,5957,-6.4364622249757915,3.2590337888028884,-12.376382452144213,3.0282176125539126,5986
Timbao,2024,2,0.44019275767466093,0.23354301912795136,0.29951739753612283,1.203798667931765,-0.4555755125839567,0.19318068682913941,5986,-6.688734877255861,3.153307229896092,-12.827648066803278,3.175851066066825,5986
Timbao,2024,3,0.3928008695376832,0.17790558747619326,0.3106211003859479,0.14359580457457172,-0.41088457459224204,0.14123130823974292,1274,-6.878146719905291,3.4093301024836236,-12.734070580837315,3.2715862094716313,5986
Timbao,2024,4,0.3817084337485548,0.24730502397001755,0.25493472849829335,0.3396464316513195,-0.4386800441188703,0.21665544725919636,5986,-7.149305660527311,3.5508602312698816,-13.465084771911064,3.7261803455442135,5986
Timbao,2024,5,,,,,,,0,-7.046260744849794,3.3669047014272353,-13.175062299286287,3.417008835046109,5986
Timbao,2024,6,0.5544442816208094,0.13781236494894683,0.4348408898093919,0.18344284527411972,-0.49300288598163083,0.11107655889769114,449,-5.391883191749358,2.8100807539910253,-11.493479314548008,2.745431771937501,5986
Timbao,2024,7,,,,,,,0,-5.635720198497704,3.7349150804333484,-12.396728790384117,3.389988635202887,5986
Timbao,2024,8,0.4994146755260975,0.24089754570281097,0.4988033058528821,0.25621741447306856,-0.44499816008689536,0.1933980220339233,2730,-5.325167912554094,3.0282274674437692,-11.56100160711329,2.89244603121857,5986
Timbao,2024,9,0.5771530903700983,0.27223158971917794,0.4850633336187665,0.30623841316080597,-0.5259276183477873,0.2096380238553865,4110,-6.0008031554737595,3.1226534596040896,-12.177849089299643,3.0542804371961774,5986
Timbao,2024,10,0.7718083462229877,0.1938006114164855,0.6634954003340211,0.1778884066489643,-0.6708647924727887,0.1732715388344389,343,-4.942735190482899,2.8960076288210446,-11.030936965248687,2.6800669622633726,5986
Timbao,2024,11,0.5114193891674158,0.2824655569734219,0.37957357776991485,0.7904390324975054,-0.4896181663536379,0.22282274154035267,3852,-6.356908401544066,3.0961714962150033,-12.564509939417265,3.238925947374556,5986
Timbao,2024,12,0.4788980924105946,0.20637267582864183,0.4453642159160497,0.22006978464409135,-0.4364186488172932,0.1600334618512883,690,-5.044733864167968,2.850553794433092,-11.095447600187253,2.7453953868863317,5986
Timbao,2025,1,0.5579194709762123,0.2648474231687372,0.4834669091181548,0.9109914801400435,-0.5174666651729669,0.20898397084944795,3046,-5.554385212765974,2.9447495076406978,-11.804005412597078,2.9181192973681056,5986
Timbao,2025,2,0.48856089148181653,0.24404234407005132,0.41061402014440157,0.3931431281886088,-0.4522087350870718,0.1992811043934466,5986,-6.2767431837807806,3.084419187641219,-12.329123277018338,3.1138084530855594,5986
Timbao,2025,3,0.4997888509754764,0.23851406205628436,0.41980509169497476,1.5744619819606336,-0.47897797721590735,0.18864899084798506,4969,-6.373796350558373,3.107328570262875,-12.562246268129117,3.1670918730471507,5986
Timbao,2025,4,0.26691108529029317,0.20090250741130417,0.2380259182659295,0.17562707496661922,-0.2858197053719307,0.17952925466819114,621,-7.12436996242701,4.0078968511088116,-13.937370074415695,3.5539971364902874,5986
Timbao,2025,5,0.45512118544258257,0.2583384503238339,0.3775400306456023,0.23308947320684506,-0.4458389458164934,0.20567955778929803,4690,-6.071588189239,3.1272542221655866,-12.158939937875175,3.07663699519374,5986
Timbao,2025,6,,,,,,,0,-4.845250231334245,3.641829405133448,-11.83001658661034,2.969221788357675,5986
Timbao,2025,7,,,,,,,,-5.88170335549562,3.6239087058576995,-12.39208263964841,3.2596080991150442,5986
Timbao,2025,8,0.40079561416232407,0.300692028693568,0.3669882287340041,0.306970876401239,-0.3936667163677175,0.23183683779106434,681,-5.822686826663989,3.0620029176172876,-12.164177544960177,2.922931558524667,5986
Timbao,2025,9,,,,,,,,-5.001603021776909,3.5886300415529133,-11.83411206278701,2.9676825683683297,5986
Timbao,2025,10,,,,,,,0,-5.756506988138937,3.073770835346513,-12.123140560209107,2.94506937218915,5986
Timbao,2025,11,0.5819743971813686,0.26308019441053065,0.44193605267891384,0.3439495821822076,-0.5220200287414264,0.20307620073835186,2276,-5.583129696928408,3.5107823402710165,-12.193425033654423,3.0972655853092745,5986
Zapote,2020,1,0.4611669222412566,0.25613307463997437,0.3157749239257209,0.19887136303390374,-0.4351595825350714,0.19797270698405908,4375,-6.676537421977436,3.366631821383075,-13.37246551655882,3.0335211644993856,4426
Zapote,2020,2,0.41839400307271496,0.24036701616918335,0.3129730646269759,0.1981174139898471,-0.4119981971724123,0.1856534744444531,4426,-7.188692321697441,3.60802168659582,-13.812036342399763,3.1629423759796933,4426
Zapote,2020,3,0.36786333359939793,0.23513509501761717,0.282197303309861,0.2029045718441133,-0.38000757540309665,0.18509616813457,3711,-7.282507774394828,3.7425967754132254,-13.796609175617908,3.093274996723696,4426
Zapote,2020,4,0.32018743424718804,0.2216388342105157,0.2540668369090765,0.1955643719055958,-0.3417742769355262,0.17487823219603732,4426,-7.377942257684928,3.7822312448155175,-14.013844778432158,3.2406824429317296,4426
Zapote,2020,5,0.4554105163632549,0.26671953868032083,0.3450718379786916,0.2291487345898814,-0.41670799979949985,0.20608198109549325,4426,-6.6222310129570365,3.573185983651001,-13.162732276116097,3.0332196579850788,4426
Zapote,2020,6,0.4905713962092948,0.27655232399244917,0.414824122643352,0.283739848671911,-0.44247598789942144,0.20935381338196632,2921,-6.686133827256195,3.5300685197378114,-13.541443013321427,3.0812190657821503,4426
Zapote,2020,7,0.4690404299688331,0.2633356998527511,0.3842586120905147,0.23287117966404028,-0.42266555653433713,0.1980098027993725,4426,-5.171138385703863,3.5107652818315156,-12.173527552197868,2.984698754641308,4426
Zapote,2020,8,0.4789505326037036,0.24352700567830057,0.40672460861116355,0.21610023492636,-0.43793633627372686,0.18791035172398135,3755,-6.4523683546215285,3.4485253882543283,-12.878891911123672,2.90597708660587,4426
Zapote,2020,9,0.49722238509297767,0.27487364015639987,0.4078022640389976,0.2905029942477625,-0.4479863214774236,0.20983556330947672,4426,-5.506128071849853,3.522196136038638,-12.315158909759889,3.022621872061362,4426
Zapote,2020,10,0.4091044947486371,0.19488776305459546,0.3580895611949752,0.18737187362250846,-0.3669622067541463,0.15629451212289105,2924,-4.504773002158352,3.4296692399009494,-11.35623847020024,2.764888314817834,4426
Zapote,2020,11,,,,,,,0,-5.972462962773332,3.434260127775297,-12.71797335087933,2.9844484676620384,4426
Zapote,2020,12,0.4872796010178655,0.2544104199038538,0.3380689118693553,0.21061888404433995,-0.446530717772552,0.20026829121708636,4426,-6.312083699751293,3.531396115515046,-12.934495973394466,3.1135801601688367,4426
Zapote,2021,1,0.4755491353497229,0.22386337478948007,0.38118745517551256,0.19781981021609585,-0.430739572766867,0.17415842858293448,4252,-6.371095167027867,3.381273306479842,-12.990354644894685,3.0240996698745595,4426
Zapote,2021,2,0.46648855332678685,0.2627780720342264,0.33853103385083033,0.21897896589591806,-0.4418787998667705,0.20294984548456532,4426,-5.474262552892848,3.452683366480724,-12.402697608171158,2.8686078620301605,4426
Zapote,2021,3,-0.004656677949242294,0.0026166943134739995,-0.012285802979022264,0.007551626767963171,0.008792455773800611,0.0039104376919567585,2,-6.831578616265694,3.641648603321606,-13.598890225283416,3.2788447738470348,4424
Zapote,2021,4,0.39072216853628666,0.23602705892661327,0.3626540325334749,0.2525641610327148,-0.37740503219736704,0.19279729327904227,2054,-6.759661583015223,3.5720564946249374,-13.53801598709954,3.2330759092891985,4426
Zapote,2021,5,0.3454321769304366,0.2246347420842776,0.2686908426009782,0.18961167515243893,-0.3640239095383969,0.17901293557297335,4426,-7.052747561571498,3.797486931555235,-13.673179891083322,3.3181320052236094,4426
Zapote,2021,6,,,,,,,0,-6.440455377708124,3.616127308227156,-13.246074133412481,3.1791524698155924,4426
Zapote,2021,7,0.34058606624603277,0.07605547334120294,0.30061301720492983,0.09821278112391335,-0.2969391196966172,0.06583639545610424,17,-5.261609633113152,3.442015808784206,-12.235653441252888,3.0559860447557448,4426
Zapote,2021,8,-0.019238325121160495,0.04552863919705283,0.1688651639329732,10.287673971079544,0.07445157773756132,0.020865988449326415,407,-5.787709849115578,3.6518843632752285,-12.632721737054116,3.323129229377182,4426
Zapote,2021,9,0.5154759157234383,0.27298899838645935,0.39138824654943905,0.26543754766387867,-0.46998326381320554,0.20894055676782491,4426,-5.881742777128835,3.5830120560727465,-12.5693217644016,2.94804567868133,4426
Zapote,2021,10,0.5123088069130152,0.2683657260075413,0.3870763579886748,0.23477157799178275,-0.4757551587447037,0.20857323597415725,4426,-5.936536963590869,3.566162371837927,-12.593659650349865,3.328604884060789,4426
Zapote,2021,11,0.06721321307122707,0.04522368498146534,0.053411297500133514,0.03898574411869049,-0.24309039860963821,0.015803389251232147,2,-6.16770895410438,3.5468157288614632,-12.952873972286234,3.015040999194491,4426
Zapote,2021,12,0.4986423041836983,0.23940412796086855,0.38763737511603247,0.2050716343640468,-0.46539917224819954,0.17876993309365447,2350,-5.919152973146524,3.523955411569005,-12.82869803021634,3.3699966083148256,4426
Zapote,2022,1,0.3433679708234985,0.2033703301443057,0.2838321000636536,0.18225741448563415,-0.31023411188511907,0.16785796279027076,1821,-6.015969862484095,3.6689005036924853,-12.931366326313508,3.523684977675812,4426
Zapote,2022,2,0.42181054719237876,0.25772055426064405,0.3245712247888871,0.2294839385482846,-0.40159562541919014,0.2047671512867582,2838,-5.961817385950754,3.6955541131336713,-12.94758696170499,3.5600014424114956,4426
Zapote,2022,3,0.3851438121509298,0.2585305085119372,0.12841921360356928,11.003376876950913,-0.40023451040753893,0.2028344310124881,4426,-6.154764766144784,3.6846696754618713,-13.140486709087963,3.4883034286244605,4426
Zapote,2022,4,,,,,,,0,-6.1104964307241945,3.81862259532038,-13.15714949986187,3.7691724157581796,4425
Zapote,2022,5,0.4508071296807883,0.2699644361510693,0.346420463922094,0.2257170106764297,-0.42129002838981944,0.2034332192221442,4426,-5.162360328088332,3.477953805709615,-12.359935203153858,3.3116508395576663,4426
Zapote,2022,6,,,,,,,0,-5.116667216465076,3.509190559501415,-12.253910547587793,3.3473575700144313,4426
Zapote,2022,7,0.5012539849385174,0.2961963981074964,0.36279369572872844,0.2852713319240758,-0.46366692541128335,0.22776888505675716,4426,-5.123562597844323,3.4352891482823114,-12.103420061079117,3.154751129782322,4426
Zapote,2022,8,0.47216604020760544,0.23629470177166884,0.38545401819167463,0.21479877317703122,-0.4281762221251188,0.18107742479418446,4426,-5.623570802005012,3.3692793543775243,-12.317254876774317,3.2183561807194434,4426
Zapote,2022,9,0.39719187805638406,0.12796044294620676,0.3386265032008114,0.1377226285451934,-0.3594582734565354,0.10041653146653988,1771,-4.828650669862272,3.473283456443934,-11.706750268091527,3.0870545826642233,4426
Zapote,2022,10,0.38848679782316226,0.16317262511533417,0.30444120700893834,0.11882852023209238,-0.33787343005229065,0.135151504729118,901,-4.757357913598252,3.546007194507904,-11.656016102571565,3.288436353972588,4426
Zapote,2022,11,0.49069950120813827,0.2644967319164853,0.38548447595418656,0.29005350799794793,-0.44103108824077336,0.20814311311878783,3961,-4.204203174528034,3.461023380762907,-11.433567539246742,3.07146208879095,4426
Zapote,2022,12,0.5031819673557323,0.2723488211832614,0.36300492883258695,0.26654120623190036,-0.4662970758055694,0.21390688137621883,4426,-5.684816360039071,3.4834095697024914,-12.503205824340794,3.1902119901034642,4426
Zapote,2023,1,0.5125725545968935,0.26128872331255854,0.3520576165967252,0.216683859619558,-0.47282473350114085,0.20429879349803487,4426,-5.797331911374119,3.5655453098640484,-12.497540354886953,3.3578411393798127,4426
Zapote,2023,2,0.2904213829360869,0.15567776861823493,0.27637383154237183,0.10255161292462943,-0.2538865683387394,0.13587907150841647,868,-5.634559594553249,3.625018741612475,-12.541612157018207,3.33509557162706,4426
Zapote,2023,3,0.35421741635274306,0.22889433198728165,0.26563912749697116,0.185350876713024,-0.3734187350921149,0.17975109359829325,4426,-5.918633746669213,3.654787274015343,-12.802595614657246,3.4363963927546632,4426
Zapote,2023,4,0.41963900063571946,0.23504320691788536,0.33424538327509407,0.195843241164028,-0.4064708557450573,0.18052143124379472,3762,-5.7093875643525225,3.5978715546818276,-12.755884252823193,3.4752531693546564,4426
Zapote,2023,5,0.42471058681864027,0.23201983469929185,0.406193566261701,0.24660023606368012,-0.39059617794350976,0.17275959278572878,3900,-5.773050015998101,3.75621898777865,-12.753751947772898,3.5715051556396586,4425
Zapote,2023,6,0.4822854395387649,0.3238589065431951,0.375217482549793,0.3443858326820342,-0.44850517962897746,0.24586097418153102,4426,-4.6536851734156786,3.454264258710686,-11.895436649583974,3.191271235164456,4426
Zapote,2023,7,0.4633378164218895,0.28379073877885425,0.3555174581689795,0.289107296838834,-0.42319004861345344,0.21669008741142504,4421,-4.5950342954411685,3.6272292193662716,-11.848387099351337,3.2461632014250283,4426
Zapote,2023,8,0.18853731482522565,0.21581980532168105,0.17855824794175776,0.20420875504566463,-0.1348498283663172,0.20052715521274983,22,-4.669882572884467,3.7811147271325045,-11.860232277115955,3.3357837783047177,4426
Zapote,2023,9,0.5218060534873752,0.256021670338037,0.37444886384484505,0.20254733135532657,-0.4788877361739132,0.18367066022353512,1101,-4.7581529792013795,3.5257265194750675,-11.889115399747105,3.24393332614076,4426
Zapote,2023,10,,,,,,,0,-4.26038935057138,3.6596088575189554,-11.540903538266823,3.1632168491930095,4425
Zapote,2023,11,0.3971912469756379,0.20573457631441064,0.28344570617449993,0.16699827421009705,-0.36652692406493403,0.16383032109793574,4152,-4.780437156691777,3.598284628841519,-11.78462423052295,3.301634468001804,4426
Zapote,2023,12,0.4731831819336129,0.26078927633185234,0.3246832301536974,0.20803396965480225,-0.45315882333422824,0.19804820674933515,2981,-4.687979072114394,3.5693422292544885,-11.822177432291435,3.2358757119249937,4426
Zapote,2024,1,0.016230886802077293,0.1942464975755489,-0.11759205455226558,0.2224307583698623,-0.0009399943851998854,0.20405579819859204,7,-5.672242353261248,3.8476240860955864,-12.503798927517572,3.480456866305255,4426
Zapote,2024,2,0.3708625632938243,0.23482990562326772,0.25213808340855115,0.17992813385391823,-0.39656453520152757,0.19062067090431317,4424,-5.829464562282938,3.9507155411089534,-12.813613297042833,3.714659861913361,4424
Zapote,2024,3,0.2921511830013687,0.21486340853621977,0.2037038468934675,0.16768416327865981,-0.32052429619993633,0.17756876219516976,4198,-6.014119455441804,4.053859355392277,-12.79856351907986,3.697881764522367,4426
Zapote,2024,4,0.3086778054983262,0.23558159433913067,0.21490866558552968,0.25054823122253245,-0.3609782004476612,0.19892743364330823,4426,-6.2450351111058895,4.213599729156442,-13.419722969261471,4.084715213670629,4424
Zapote,2024,5,,,,,,,0,-6.01627244020018,4.068999343747124,-13.06429468223407,3.734235366162681,4426
Zapote,2024,6,0.35476346048007396,0.14907381959064603,0.32004974431356825,0.26665108413504784,-0.3268098952238642,0.12158872021949123,1274,-5.1533635592299,3.584864077153209,-12.064964800903901,3.223447639512618,4426
Zapote,2024,7,,,,,,,0,-5.3890803629294535,3.7312837722225534,-12.364384581273905,3.2277399096584034,4426
Zapote,2024,8,0.36188961207145265,0.17854955312070925,0.35568153873666297,0.19753875688285175,-0.34520626457087666,0.13773859917446332,1971,-4.454877285138559,3.722189944775908,-11.45676942840656,3.126762321446667,4426
Zapote,2024,9,0.4661459045348937,0.2481481898805119,0.3608205673532811,0.210160163301222,-0.43390162037074864,0.18935876571739854,4070,-5.124336059409548,3.7848184823131827,-12.192519624609382,3.474697054084104,4426
Zapote,2024,10,0.4594817345028041,0.2793758028333127,0.34463689948696785,0.24599600339915165,-0.43523391202912626,0.21837169515234559,4424,-4.41763785800782,3.579759460991658,-11.46316188083641,3.12529156522834,4426
Zapote,2024,11,0.41910379709884327,0.2520260565529129,0.291262476978857,0.20425456716878812,-0.4161727998506873,0.20221568984863922,4426,-5.577272223661317,3.8104218074438663,-12.599624619681563,3.545887436440031,4425
Zapote,2024,12,0.4134127044512691,0.2670332880849586,0.32084714497754474,0.24131141273292123,-0.38512145269813336,0.21168721904440468,3090,-4.103639454293416,3.620790356190992,-11.233990666658102,3.247979635289501,4426
Zapote,2025,1,0.4269708967729887,0.2713231305199537,0.32438268696377237,0.24140285993162156,-0.4202157894443587,0.21410382527249722,4134,-4.799492646915619,3.626792850163746,-12.181226017333133,3.5420057619641665,4426
Zapote,2025,2,0.4058308943113389,0.2698321238651327,0.3041779334402309,0.23516419856332174,-0.39016873692020243,0.2114877167498826,4426,-5.638531398886433,3.876180253267558,-12.55920208829307,3.586474856462891,4426
Zapote,2025,3,0.36308190032650267,0.24079450530993085,0.2743250419103573,0.20257430688130762,-0.3762791862449649,0.19107128710987817,4425,-5.59555284070336,3.791730639455537,-12.749532960698671,3.6740221041384125,4426
Zapote,2025,4,0.30586449612396555,0.19923542052406845,0.25042693100374,0.16925989720344797,-0.3370867870343293,0.16087127008841387,4426,-7.0260818532523555,4.099029472388787,-14.276463519914795,3.6562968039383446,4426
Zapote,2025,5,0.29786563745097117,0.2330434121622381,0.23866574314182756,0.24715076222005877,-0.3177390417592846,0.1922043431865602,3942,-5.0853347226420045,3.696117400133597,-12.112728703450596,3.3867548814078345,4426
Zapote,2025,6,,,,,,,0,-4.226940501170442,3.8939247714998246,-11.99309073128997,3.0930667907167457,4426
Zapote,2025,7,,,,,,,,-5.560601381696761,3.8065731299284633,-12.704319259206521,3.4232100643060313,4426
Zapote,2025,8,,,,,,,0,-4.725390950761863,3.616198859370861,-11.963996872971107,3.173049410957253,4426
Zapote,2025,9,,,,,,,,-4.789547519326669,3.724415450864138,-12.044860559199604,2.810880523440299,4426
Zapote,2025,10,,,,,,,0,-4.72874000789654,3.513285242204508,-11.991340012331245,3.2467765264494295,4426
Zapote,2025,11,0.44328556932412255,0.2722334717928755,0.2929462009207853,0.21066461710734066,-0.42007880345408416,0.21173659932162492,4387,-5.392528555920115,3.7385526095846724,-12.518324558777588,3.0178728558326733,4426
