municipality,year,month,ndvi_mean,ndvi_std,evi_mean,evi_std,ndwi_mean,ndwi_std,s2_valid_px,vv_mean,vv_std,vh_mean,vh_std,s1_valid_px
Alaminos,2018,1,0.7435397859575571,0.1473849699817555,0.6249735612719471,0.1525372669612169,-0.6561719872392748,0.1250461606194088,29279,-5.730454876255691,2.1664517401831684,-12.150481518899925,2.154407462923377,150293
Alaminos,2018,2,0.7888835875615291,0.10720907395027887,0.6958160543897105,0.13963983697015336,-0.700332158098738,0.08848398909033424,36054,-6.0534399289936065,2.3185376182081354,-12.653917566197682,2.156278420677444,150286
Alaminos,2018,3,0.766086459178217,0.15864246682641434,0.6340250995389425,0.1600893339001502,-0.688005184374391,0.12480169599345016,88084,-6.261686279322462,2.223328498536579,-12.982311689570496,2.0739698002794262,150285
Alaminos,2018,4,0.6704707909305652,0.18733540286880432,0.5955975105914396,0.20300113155881802,-0.6083700995710201,0.14355717249838232,46475,-6.546564428335136,2.1929784226003908,-13.021744266134778,2.0401821656332593,150287
Alaminos,2018,5,0.7087469857857358,0.11684169263801643,0.6931929014707751,0.405281293573054,-0.6187483484350919,0.09118391351363422,25467,-6.082251281895327,2.320544358102414,-12.341552459289126,2.362766596536801,150292
Alaminos,2018,6,0.7978070058835129,0.143904786932091,0.7534176156338129,0.17919988089596028,-0.6817183070492908,0.11513828286372244,63481,-5.999386507350708,2.3370537499513278,-12.80787353976585,2.1880539491618443,150287
Alaminos,2018,7,,,,,,,,-5.454776463755554,2.184242530192977,-12.168127531716609,2.167203440774814,150289
Alaminos,2018,8,,,,,,,0,-6.251848869295582,2.0942209589618903,-12.973558897823706,1.9727508743033955,150285
Alaminos,2018,9,0.7649330543694148,0.12020454129517538,0.7882198985177273,0.1690012555944199,-0.6668625222934884,0.10003901987049466,46142,-6.129646727319168,2.214061006369143,-12.812485539564426,2.0933263024169957,150286
Alaminos,2018,10,0.66151269190856,0.17168543823459478,0.6207468949646677,0.17095842155087093,-0.5764401411017719,0.14447691837682505,33297,-6.233904560872154,2.213642734114792,-12.99771751795367,2.094742996765962,150285
Alaminos,2018,11,0.8212117812309108,0.16415359297754017,0.6239061532590331,0.16570132643903376,-0.7314014159609246,0.13052336069771356,62333,-6.32153691476946,2.200266471073437,-13.151614266170329,2.0947846528291167,150286
Alaminos,2018,12,0.7067476011087398,0.16468411864585225,0.5650328861275774,0.1837384608118727,-0.614985299081768,0.13717876860155717,42713,-5.415078631384699,2.1937906201165744,-12.148730486191425,2.0461846129038825,150285
Alaminos,2019,1,0.8192801355810245,0.15607609047230453,0.6261681998674867,0.16151465172693977,-0.7391916671873197,0.12451014637810567,68839,-6.370127566578739,2.2234755419107186,-13.1043749892532,2.1016689470586587,150285
Alaminos,2019,2,0.7668120599909818,0.14789453456914103,0.6716221502937271,0.18813250451246696,-0.6863747654873338,0.11480015335890562,63008,-6.523250074950137,2.3548573622900224,-13.221440288272332,2.266824877333749,150284
Alaminos,2019,3,0.7183035665192719,0.1395550411686233,0.7154189008728458,0.19187177747710524,-0.6405095775083902,0.10507363941526277,11124,-6.8569082154536165,2.4196809089862676,-13.315743484162482,2.339725690549286,150286
Alaminos,2019,4,0.6357583784609259,0.1628331759412552,0.5793888980054598,0.18908908828834858,-0.5765917188116491,0.1179429212783519,11305,-7.265105959875047,2.451581357127346,-13.547628882694184,2.4096392578648413,150283
Alaminos,2019,5,0.780765726782359,0.16319575468946268,0.6245622498454504,0.1719396278053497,-0.6873332727774001,0.12301110916544877,108740,-6.617340800829008,2.4201326253654716,-13.25578518028238,2.331165917169551,150285
Alaminos,2019,6,0.8001902662614903,0.1556414004754956,0.7054290527553119,0.25755739057999655,-0.7019638554753547,0.12087395547213814,75226,-6.375726374534436,2.218814337393324,-13.249078505226421,2.0627939712483183,150284
Alaminos,2019,7,0.7840719219733794,0.16287563536108285,0.6747569641019553,0.1902762753755419,-0.6861166569965956,0.13177832752594548,66503,-5.6642883863897495,2.1277137546214444,-12.532990375936908,1.9409933691313455,150284
Alaminos,2019,8,0.7957779231707593,0.12374363262970622,0.7620526812292411,0.1765478373465292,-0.6974832490897823,0.0990865528681257,56149,-5.828693316672378,2.242841297932188,-12.688238473201586,2.279093994997698,150286
Alaminos,2019,9,0.5858595466523929,0.12037540217199301,0.7479355407362134,0.17644127162459944,-0.49185591242648724,0.09800368279610033,2787,-6.172386331821737,2.239000949297232,-13.011524670916891,2.104105411609062,150285
Alaminos,2019,10,0.835305539784605,0.10626223312987405,0.7987003649107045,0.15222799290262617,-0.7273709585705893,0.08654952175945828,45830,-5.545544220817968,2.105343453161885,-12.24774720494176,1.9568019315512615,150286
Alaminos,2019,11,0.7532390583077303,0.1406140522486897,0.6682953399770237,0.1738304987459858,-0.6675859486222386,0.11385693632191965,54416,-5.899768404613812,2.123276535571187,-12.721424397937044,1.9515696419962756,150286
Alaminos,2019,12,0.771089969998177,0.14642621022042793,0.6656754504443245,0.16783112305909725,-0.6854579454403381,0.12415066965661717,63890,-6.293204695634598,2.217306111756549,-13.008345165493274,2.103236899353588,150286
Alaminos,2020,1,0.8222461470742738,0.14509083492948782,0.5726233758201487,0.13705953205005766,-0.7367879955304555,0.11513111312320506,143980,-6.235190104625292,2.254290439466248,-13.033406352011076,2.1829308838624244,150284
Alaminos,2020,2,0.7426312714754124,0.16474042951522613,0.6116898550505163,0.16852026794428987,-0.6610774475838344,0.1272415385397202,86465,-6.578542963237082,2.4120015051013923,-13.3544347652691,2.35315621118347,150285
Alaminos,2020,3,0.7388827945019968,0.1402389611911617,0.5831358455481175,0.1390756896396977,-0.6663054109553465,0.10434610802964439,83184,-6.589693609578719,2.443767762344947,-13.189667507499957,2.393823918365506,150285
Alaminos,2020,4,0.5408634750470175,0.12926481895754593,0.5519515944749609,0.1592395010875853,-0.47777992803800107,0.10521349961802012,12959,-6.876967112035677,2.491003271357309,-13.504842599783915,2.3949778777885435,150285
Alaminos,2020,5,0.7689362082331812,0.15498333260027536,0.6145726373658319,0.17038938947093035,-0.6761054234621088,0.11773543019926636,97775,-6.091655138949891,2.328624460216083,-12.715134937325201,2.2477024687768066,150285
Alaminos,2020,6,0.83061684845084,0.15820486447670426,0.7059809411237756,0.1683258794230127,-0.7205802420145696,0.11742827212944205,122730,-6.135467327220968,2.3001949387572314,-13.070244294515113,2.195830533240131,150284
Alaminos,2020,7,0.7292318960033005,0.17518374042376136,0.7947750124959978,0.38252997630710445,-0.6295540503187395,0.1371564352812428,30323,-5.571029800450547,2.233562951463105,-12.528080640275633,2.2823905247642706,150291
Alaminos,2020,8,0.8279704026568355,0.16540616940074923,0.6583873782650498,0.16017357190444934,-0.7309829951811121,0.12692596174393533,139048,-5.984311181433441,2.2939100950158373,-12.819765149375293,2.183290874588085,150285
Alaminos,2020,9,0.637944970416756,0.1317863893426377,0.819312946536824,0.2909492677286729,-0.5373950034373973,0.12166019308301926,30474,-5.495955132189244,2.3680574675183506,-12.526881797166045,2.4061941750124225,150285
Alaminos,2020,10,0.7392846123217495,0.1732939613566637,0.6202104141593644,0.17904799277648853,-0.6544710549217628,0.14293506037899378,90778,-5.368255562151034,2.196507057659984,-12.182723698231026,1.99660435377686,150286
Alaminos,2020,11,0.7023935402891212,0.16909125188363358,0.7001462395729857,0.21946355671040496,-0.6059277558163428,0.15079428191095443,4745,-6.18396096600636,2.2541965139177544,-12.746762925921738,2.219876146635532,150285
Alaminos,2020,12,0.7824615442029272,0.17612651286614306,0.6628679342769908,0.19804039227427678,-0.696190778942142,0.14413159114638183,43639,-6.141108375647108,2.2719936075437697,-12.9071554022279,2.2420243017585886,150285
Alaminos,2021,1,,,,,,,0,-6.282929134890472,2.216658940113529,-13.036331004214333,2.1607749619578116,150286
Alaminos,2021,2,0.8202543269315723,0.1456395727643385,0.6922316368420139,0.1736003205305629,-0.7270614455971466,0.1195245790854191,81736,-5.611363946799396,2.4057187955650483,-12.429726187603187,2.2604531561345227,150284
Alaminos,2021,3,0.7381334075149341,0.1374948330202028,0.7350767837357502,0.1677819458797133,-0.6457141993664596,0.10931741086818055,25507,-6.1294092211823035,2.304135877922892,-13.011625482299328,2.2329094581331166,150286
Alaminos,2021,4,0.6942902641936741,0.1788885578363843,0.6804922142255333,0.20265659716662884,-0.6107626991969389,0.14507565380292564,90543,-6.315632854891367,2.330526362091693,-13.098954554155277,2.269145559043916,150284
Alaminos,2021,5,0.7391009582109872,0.17553919888516512,0.603704499888188,0.17714772762089798,-0.6585152502114632,0.13332382381173474,132226,-6.539418029232023,2.495607812358394,-13.425328464644348,2.429194624625904,150284
Alaminos,2021,6,0.7862515767193266,0.12122932211137384,0.8178445820274128,0.16892495139108402,-0.6772391307010031,0.10202190398105197,29867,-6.31399230813414,2.53187677867709,-13.26465412701328,2.4461006702231365,150284
Alaminos,2021,7,0.7486815956946091,0.13361699706265745,0.9915189992872623,0.794223418593567,-0.6362762222003491,0.11882764138580432,5142,-5.910704311353645,2.2567225753482787,-12.746198993079705,2.101156488085146,150284
Alaminos,2021,8,0.6361036354631888,0.0798905442716888,0.7646266613888931,0.15343773290069102,-0.530023842815339,0.08119927775748814,127,-5.614989643920776,2.427722019425377,-12.752917564834345,2.5387836203611673,150283
Alaminos,2021,9,0.8071628525736954,0.14542743978433215,0.7107198462705431,0.15731820323901813,-0.7047732322229002,0.11533377236857222,102241,-6.272769651215228,2.3589228191360485,-13.046251137385525,2.259282536310438,150284
Alaminos,2021,10,0.6316126457425763,0.14712381232863897,0.6781455334276012,0.20349771419702808,-0.5651314320816666,0.1226198594854999,21258,-6.120303174148847,2.3699716051543294,-13.075361436954033,2.5316532884971674,150262
Alaminos,2021,11,0.7367480253156328,0.14877089493857124,0.7075023095948861,0.16140695197832988,-0.6574742224914906,0.12424960221995149,844,-6.070062044658641,2.3623198371175813,-12.956424373604355,2.2411024265134696,150285
Alaminos,2021,12,0.7940976776755119,0.21183009136490905,0.6528340074547699,0.21741482687289088,-0.7077088879361297,0.18169529142322818,52626,-6.054530414844651,2.2646102060186886,-12.96817062460058,2.4449988326988277,150284
Alaminos,2022,1,0.6703092796476599,0.1502469820386532,0.5919045256517595,0.9196874827841427,-0.5891035031701067,0.13054437078386574,18458,-5.847566055060809,2.4252336194548763,-12.893030258684798,2.622118584066782,150272
Alaminos,2022,2,0.6037855969035044,0.19590810177652643,0.5792646725618534,0.2100148893586317,-0.5203744128308058,0.17394038811933882,22805,-6.026423225807314,2.319006897499908,-12.901853114647496,2.477383021279414,150279
Alaminos,2022,3,0.7869464347482966,0.1827226356904004,0.6265325312853963,0.18006350142481192,-0.700065346527392,0.14423724892220166,95126,-6.173178301593615,2.2699479067213777,-13.061815707373277,2.4375679460264705,150287
Alaminos,2022,4,0.7203734620757142,0.17874375013502078,0.715251050772227,0.27279440284400236,-0.6260076543541475,0.14194861870444997,40594,-5.805301708806337,2.3272471380265247,-12.825140244544219,2.4782055331955486,150273
Alaminos,2022,5,0.7936148431874088,0.1709919884384955,0.7088812275452846,0.3083462822286723,-0.6921212050217103,0.13607372997934328,97449,-5.454136127728355,2.2498105676259765,-12.711844104114691,2.3380193962432108,150289
Alaminos,2022,6,0.7154503240727409,0.17236514072421213,0.7348115549758267,0.21374437139544453,-0.6242510737657199,0.14090082779495255,35352,-5.520828725402317,2.424439792087791,-12.568014593858225,2.5129628184016624,150278
Alaminos,2022,7,0.7288040415980158,0.17615194666620884,0.7829126692570088,0.23058853331679363,-0.6186145757669513,0.1526500382440104,4920,-5.231997951253391,2.259568617483974,-12.390151479867704,2.314964439923066,150289
Alaminos,2022,8,0.7333380703907483,0.18675249427188217,0.6556903600375472,0.19933636243939495,-0.6393990245032566,0.15301936416084183,46822,-5.68649018072688,2.3001119283198985,-12.62530771793844,2.406988576738643,150287
Alaminos,2022,9,0.6962124132260749,0.13074503866350684,0.7725906089754648,0.18758613953453665,-0.5965063624493603,0.11520842502073662,19718,-5.781033857467801,2.2915040171756487,-12.627149832920585,2.39286217074599,150287
Alaminos,2022,10,0.7530374461620425,0.20024274770737294,0.7611481163923891,0.23832018192073592,-0.656110239842229,0.16922728659996303,31973,-5.678188077267241,2.3710637289835432,-12.475788353163805,2.5133714706752253,150285
Alaminos,2022,11,0.6342125386807267,0.15773566386087182,0.6811055680381901,1.0268698586975307,-0.5470419366676268,0.1360339994700454,17287,-5.5862696695112195,2.245345700311333,-12.38625432309706,2.366705609681406,150288
Alaminos,2022,12,0.7928878269965189,0.11072315452149994,0.6996292086837533,0.14370052481303877,-0.6932345114463375,0.09219497204109847,13372,-6.256710476397694,2.283554818629875,-13.046960164904542,2.435412186474979,150289
Alaminos,2023,1,0.8115947156132204,0.17429816585343422,0.6229251242421394,0.1753134901688638,-0.7235833709378896,0.14597161357394461,115643,-6.298162141367204,2.4018024110393594,-13.045295362648591,2.5594186342760556,150274
Alaminos,2023,2,0.5485645873206002,0.017738588730019874,0.44018356714929857,0.026487129911379217,-0.46022094999040875,0.01312028664048142,7,-5.91867140011265,2.312826481884415,-12.850862776351246,2.4780858481389534,150290
Alaminos,2023,3,0.5964846263623093,0.1637926240483496,0.6479292941340329,0.21510683829981786,-0.5097163257866919,0.14801138921803075,338,-6.554788804596732,2.381474346500003,-13.153353114670335,2.5753086367023332,150270
Alaminos,2023,4,0.6825171209000641,0.1633065627434694,0.6589282862373477,0.1842696188433485,-0.6065436630700258,0.13340715230213698,37086,-6.189294833693371,2.378257524982821,-13.052936408446008,2.59082030094631,150268
Alaminos,2023,5,0.6269540432825086,0.1830879760284271,0.6322900283493397,0.20718420513810196,-0.5486507395277611,0.14691370501927153,19869,-6.054307649733328,2.461944089536003,-12.98868688393724,2.6719119876546507,150247
Alaminos,2023,6,0.7909369140605768,0.15791346710325974,0.7034268197469966,0.176002727833158,-0.6880247366765404,0.12216507607432547,87641,-5.658513612311576,2.3101473689060295,-12.802282753930895,2.4124372082172107,150288
Alaminos,2023,7,0.7004040178428533,0.16496264170969005,0.6464888875485079,0.17345667101899154,-0.6105343889936393,0.13442205723088746,2884,-5.456641458838062,2.3300717456406392,-12.394296699850289,2.3886080990976812,150287
Alaminos,2023,8,0.6787907076215735,0.2108827333586494,0.6384497693399892,0.2448634126596558,-0.5840587064387399,0.17470680531029947,16765,-6.019234886344722,2.452771113241601,-12.902368442255835,2.565083287016955,150271
Alaminos,2023,9,0.7751208584394248,0.19898509100817477,0.6458900735039982,1.1874819247222461,-0.6787987272425632,0.16332446917998894,98624,-5.604173049860789,2.3158078853926427,-12.570513906736897,2.409878618291966,150278
Alaminos,2023,10,0.7554209601663704,0.17704372991007022,0.6830776922175656,0.18297368961951702,-0.6596238585199543,0.1463193763842213,53412,-5.365947158842979,2.400544461272072,-12.318229470726608,2.5114079434580776,150280
Alaminos,2023,11,0.6084154394243432,0.210878551822507,0.5830707171314002,1.8933640745198648,-0.530224137763839,0.18195755847703013,45312,-5.673642485788224,2.4200821913935697,-12.466552594107826,2.481491921248272,150281
Alaminos,2023,12,0.7124512938353492,0.17325764279251546,0.580791441070969,0.20211269177810218,-0.641259725457444,0.14320200571579786,96291,-5.516642104451631,2.4237364481183064,-12.482528604547454,2.5129836037996744,150263
Alaminos,2024,1,0.7173014366753886,0.2234233419117076,0.5826978552588772,0.17927142398564408,-0.6386059862777916,0.1995164825303918,59388,-6.075694995564048,2.4501374045165183,-12.911287290001976,2.5221070398145526,150290
Alaminos,2024,2,0.7896027608472996,0.17598980669888478,0.5787186435602525,0.16110768897451053,-0.7179603940525049,0.1365544281276107,138331,-6.159162068985298,2.292124439952746,-13.071951000078668,2.4200855004073065,150286
Alaminos,2024,3,0.5601747357092446,0.22588003466699683,0.5297371593157554,0.24081590016612278,-0.48528936667449396,0.19028260203595931,10522,-6.476327373233241,2.416569485347545,-13.092849456619074,2.5237849033403683,150289
Alaminos,2024,4,0.64128272061365,0.17315023485506184,0.5712952085087831,0.18428056597774953,-0.5905904348953325,0.128909339968729,43435,-6.850490215060977,2.552775959534647,-13.62845268355612,2.836271035505699,150250
Alaminos,2024,5,0.6518265291538421,0.1591967342652253,0.55093772393631,0.16998869826101215,-0.5931376166999274,0.11805711793052029,54960,-6.8076940839548845,2.4656475999821845,-13.346750160003797,2.6110024373249128,150288
Alaminos,2024,6,0.6987073193694864,0.1911257338083958,0.755333239949132,0.2284365989423364,-0.5949777576634155,0.16203463075019942,23161,-5.713941954667662,2.2213163874281174,-12.510531702116955,2.285897137190691,150293
Alaminos,2024,7,0.7232104061138731,0.14009855754151337,0.6707781020344422,0.16741462534285723,-0.6305246081942946,0.11527691439591076,106829,-6.076195276089726,2.3994728466429525,-12.933181347923162,2.3415554423380347,150274
Alaminos,2024,8,0.4740470976630369,0.07101344700787449,0.7565833208772197,0.2364463475784843,-0.3991926050471094,0.05862203830280715,2071,-5.514312874973562,2.298330885147417,-12.08679127833283,2.302586305758579,150291
Alaminos,2024,9,0.7495267496423041,0.15917574276887092,0.6546336228276723,0.17297112072739929,-0.6541398973071672,0.13460156631405157,58027,-5.6940003785072335,2.425668666673619,-12.700878121496027,2.5135963064736213,150279
Alaminos,2024,10,0.7712599628850559,0.18684783630811988,0.7198349587321674,0.21147259408009791,-0.6771960078753883,0.15182265094462788,53789,-5.7460191749057605,2.2672206089215226,-12.177552885027572,2.3330402237924406,150284
Alaminos,2024,11,0.6219586812196602,0.18164395307466963,0.5807633068081255,0.19121528802891502,-0.5532749460613273,0.16006291056883865,11772,-6.312016376006455,2.382483438348398,-13.033244455455364,2.569492832827923,150260
Alaminos,2024,12,0.46785460391714695,0.08594703462946875,0.5896735257054313,0.12099273017460077,-0.37794624690844875,0.07230536162364211,2939,-5.47683756963113,2.269336613221591,-12.174256739963097,2.336303114893685,150289
Alaminos,2025,1,0.6963364447505428,0.21900148175848697,0.56111464410045,0.23034727811210687,-0.6141544860787221,0.18696756332297093,37002,-5.576639130023283,2.295778150667261,-12.457767728356703,2.4017939281411396,150284
Alaminos,2025,2,0.5672945555785424,0.12535016490241102,0.6160989867118392,0.16652857615065245,-0.4805930294096471,0.10171546148452922,920,-6.129643961816657,2.419562621163904,-12.821811870228442,2.5076346625579835,150291
Alaminos,2025,3,0.748275183327832,0.18682777728442704,0.6652486879139811,0.1941698391085111,-0.6643852202240293,0.15072122697486912,37698,-5.908464390350609,2.2948553105259126,-12.842862449463533,2.3708532848674673,150286
Alaminos,2025,4,0.7140170459673786,0.17682348045483232,0.5883321489729044,0.17169108021527707,-0.647681647633111,0.13668499573226348,107044,-7.299000067021749,2.541680753209971,-14.127299994219237,2.372370497363198,150287
Alaminos,2025,5,0.7908532189958181,0.15779489188536663,0.7244980502754717,0.18869965898309926,-0.6869050178295831,0.12452675732529073,65606,-5.933959527883573,2.382074012959355,-12.821429678607656,2.447005420291369,150290
Alaminos,2025,6,0.821277015365993,0.16098965252988487,0.7149322389382988,0.16589075332693076,-0.7174001503219782,0.12465398105342626,75214,-6.005485629379374,2.3647982688382374,-12.87700922646883,2.1188250795780306,150286
Alaminos,2025,7,,,,,,,,-6.358933046893975,2.4334638199885688,-13.09929575178033,2.2626227425986025,150285
Alaminos,2025,8,0.7655456948040373,0.18957808605452936,0.7302867342851225,0.20826241051169583,-0.6648998113080736,0.15422814644305016,52783,-5.649258450530568,2.375824539645212,-12.522667044230282,2.3492649756606068,150293
Alaminos,2025,9,0.756362753182114,0.18094713181993402,0.7358013969432494,0.2055258085836932,-0.6538945674759611,0.1479310771866808,44183,-5.729476657844174,2.437750394427549,-12.52074039966645,2.2167813483086443,150285
Alaminos,2025,10,,,,,,,0,-5.697903454562974,2.3574256285742847,-12.675715514120606,2.37435673052783,150291
Alaminos,2025,11,0.7528850530130576,0.13215945329022674,0.6623757159916912,0.14945627428156102,-0.6510277477596156,0.11315993208924742,29123,-6.364495609348353,2.409835617915802,-13.071198403378698,2.235582474771651,150285
Bay,2018,1,0.6719552388076656,0.21712762890688792,0.5079486398807296,0.2974102982370991,-0.5915987237707666,0.18594512237070573,64241,-6.928048388828759,2.9734073988669683,-13.689309839820034,3.3113641692816533,97382
Bay,2018,2,0.7336627744666611,0.20052186847503314,0.5977684903024535,0.2865702741804704,-0.6440231093025667,0.1681209134064024,52495,-7.28526722575235,2.884388923785491,-13.877214796040871,2.944056208987893,97386
Bay,2018,3,0.6084244869934559,0.2133648951873835,0.5090498161231343,0.20655702000440848,-0.5537157686483438,0.16586756064444597,55246,-7.454606132586367,2.775674516150998,-14.00850549275519,2.745879978898445,97385
Bay,2018,4,0.5800240045733515,0.21898378710364816,0.4849450005484948,0.4218438190802105,-0.5377530016935355,0.16126257784378917,64332,-7.66382597094036,2.7710192649091163,-13.933728000518466,2.6617403967706537,97385
Bay,2018,5,0.42356160287516853,0.21395485090212868,0.30592987260511106,0.3624119846576234,-0.3808924548873214,0.1737238904593804,10883,-7.1752558460559275,3.057090567146911,-13.385863060436437,3.181788560371876,97332
Bay,2018,6,0.5551187153331371,0.2748594741769912,0.50612015738142,0.31755220977927046,-0.4632378788064173,0.23932593680423955,50292,-7.361322768749925,3.2422794120807072,-14.390850828038886,3.7009271282305156,97379
Bay,2018,7,,,,,,,,-6.754563688900824,3.2718149639582377,-13.710325532204406,3.6061984967265066,97259
Bay,2018,8,0.5104881345663062,0.12870068269904428,0.5426885838387536,0.3288936452512831,-0.4176079891628129,0.1179911977343902,768,-7.4849587019182815,2.86608529181097,-14.195522243988185,3.2325772391712047,97347
Bay,2018,9,0.5781832346842699,0.21957341908056388,0.4698536881498688,0.2105093772765828,-0.5066836324539128,0.1844257137253028,52583,-7.17394112654477,2.95185937345277,-13.531475595901654,2.844637652186338,97360
Bay,2018,10,0.7937034223294103,0.17622228395577774,0.6799702523443146,0.20957480569258835,-0.6941518949426121,0.14996453407094124,29549,-7.3236451526407995,2.820068016324077,-13.761089605382589,2.7379202456177674,97343
Bay,2018,11,0.5839622789853582,0.2821608385591185,0.4061060299706843,0.24079044160375598,-0.5374011022807899,0.22757162505656364,73430,-7.447516015190278,3.0788090870842244,-14.431139578594612,3.5191676474769165,97340
Bay,2018,12,0.6104480972038938,0.22555116603313738,0.5309680216836058,0.24176414563138177,-0.5320295052538115,0.18694274609240502,47186,-7.541958986731825,4.12276131030715,-14.706447898721667,5.024856145678479,97169
Bay,2019,1,0.6712863239298864,0.23000711280865893,0.5551627509804572,0.22016074211924672,-0.5994032226047257,0.18899493493398856,25124,-7.532090113533425,2.907458624753985,-14.722333734654455,3.505971642852023,97324
Bay,2019,2,0.7375331096984704,0.16555693097223348,0.6701016842324724,0.18218690092318615,-0.6576762613282726,0.12908281143200812,28544,-7.697262734492459,2.896651720637181,-14.559420622651187,3.2468497362974302,97301
Bay,2019,3,0.5686806395108792,0.22825985644991997,0.46574201342262517,0.33117255166857773,-0.5174468485373851,0.1702444473007543,41016,-7.959731505582835,2.9255989323184717,-14.305368975955698,2.9617521985045303,97340
Bay,2019,4,0.5579291821523646,0.20648614012773783,0.416952811865043,0.17961145347947804,-0.5334258305644545,0.1482875743324996,85991,-8.064765584966283,2.8776793761061374,-14.343030735772555,2.945884679503988,97344
Bay,2019,5,0.6889791798429523,0.22238558444520273,0.5778672516907836,0.21681130159609888,-0.6059502522704728,0.17467646996219505,67711,-7.588092587319273,3.0286679244778774,-14.160717200905996,3.2166359826641946,97347
Bay,2019,6,0.6137928110512231,0.28685437426293964,0.4612675511811305,0.2804716553456042,-0.5433579800090198,0.23250713535223125,77520,-7.043091684334134,2.89595623504746,-14.02283282489634,3.3086671686634417,97373
Bay,2019,7,0.7001273288538533,0.2468905057684266,0.601233227847533,0.25903209683587874,-0.6089430752835807,0.20713081807950334,43350,-6.911940166764886,2.996374123117799,-13.965118354634608,3.4739357453666146,97371
Bay,2019,8,0.6231568021035886,0.21535969478598602,0.49905878907385126,0.23320352378896925,-0.5359393675689175,0.18033218240153073,13773,-6.659955737886519,3.0530725909109795,-13.471469128526326,3.1361429350944867,97239
Bay,2019,9,0.46800945119598014,0.1428621500368446,0.49208346801004804,0.16208085289668786,-0.38901024778582827,0.11718600226211577,18534,-7.168360863448674,2.8393623546521813,-13.720071306238177,2.78089632654441,97357
Bay,2019,10,0.6623987667533601,0.24610953691897242,0.5692253493539134,15.43648621475675,-0.6017925266509122,0.1827529227931963,82917,-6.358363953017627,2.597550027186508,-12.607058268752073,2.3921232123847225,97377
Bay,2019,11,0.5873674746414222,0.2307803743863043,0.46280224840428297,0.2608195021694823,-0.5314071457641143,0.18584720686644987,63234,-6.797762159381653,2.862018287991635,-13.55012336729563,3.0899665877171865,97377
Bay,2019,12,0.4223083256761089,0.1979988579813184,0.3247887791251307,0.20602754447350624,-0.36006970283346107,0.166403591197515,19827,-7.491542182961997,3.036878023853809,-14.633050646019315,3.83368503337761,97331
Bay,2020,1,0.6884051388988403,0.23750100405417188,0.4637669706083469,0.2092822234079246,-0.6042642336205664,0.20402300617420227,88339,-7.264043896665809,2.820503757801155,-14.355956142150255,3.4867919030121737,97285
Bay,2020,2,0.6950610911928602,0.1840589225104031,0.5911347698194495,0.18446137709669005,-0.6087484775199076,0.1523342177404575,51379,-7.551360578133788,2.849589411428646,-14.34428923682084,3.1242178691739992,97358
Bay,2020,3,0.6269213634435491,0.21567250634544416,0.45625691877654645,0.18684457667728857,-0.5763168875610761,0.15765945609571086,86866,-7.68750579309131,2.872984808554751,-14.019969750023755,2.801317801180871,97368
Bay,2020,4,0.5476136085553557,0.19412531215947446,0.4607674194669377,0.20304411716673454,-0.4867114430863282,0.14578058961721843,57405,-7.758890228842844,2.874985284550592,-14.153597643989208,2.7732753196084996,97373
Bay,2020,5,0.5432544158565652,0.27039421331011243,0.44014183665668244,0.27664845172300334,-0.4645637873134728,0.23318794615516145,63109,-6.815773082277162,3.197503322184713,-13.270706813188024,3.413812708275381,97373
Bay,2020,6,0.6520692445847274,0.2550898103242494,0.556456161312499,0.2705334781732743,-0.5630528348374779,0.21737035711560632,64301,-7.2195907881521295,2.87152239919622,-14.284098667820281,3.4182439614010853,97359
Bay,2020,7,0.5824161815752917,0.20011079676435994,0.6085061047602889,0.3097597134607507,-0.4698435025883838,0.18312804718018652,4413,-6.7841267085710575,3.057549072120145,-13.712748448446357,3.211934300908451,97234
Bay,2020,8,0.7594679541380214,0.19034350158436103,0.6118274190071729,0.19884923734656462,-0.66765165549809,0.15363690358093054,65608,-7.206249109044788,2.9491726039841133,-13.628534729493383,2.7843104108229912,97361
Bay,2020,9,0.5678460995441689,0.21238554363562406,0.45930739618166505,0.20482133414846737,-0.5008081468392129,0.157073243684542,23756,-6.374973739644754,2.7556308529777223,-12.807444372214563,2.493170462997378,97351
Bay,2020,10,0.549484073203375,0.24853392413393058,0.4445369206756942,0.2697879068788895,-0.48548087823429215,0.21379175689666657,48853,-5.611452569895207,2.380027463009814,-12.164381389803655,2.336816193849638,97384
Bay,2020,11,0.4617450886464899,0.3170663471043899,0.3171526520224295,0.2536303523725717,-0.42089147599252674,0.26837546888385355,42156,-7.447818565432795,3.343808551355564,-14.456535193939096,4.327327749188882,97303
Bay,2020,12,0.6609756355351367,0.2545268345864081,0.49754910374873723,0.26212178263023095,-0.5840831358789533,0.211414273047671,45227,-7.307054756683332,3.137321241826125,-14.621074345494597,4.179568776767282,97295
Bay,2021,1,,,,,,,0,-7.299394443515566,2.8162097152208396,-14.23201061642768,3.4220266879416497,97336
Bay,2021,2,0.6994249411724052,0.24947261491367007,0.5336277894525402,0.22316387443975763,-0.6155393318996717,0.2139975244415515,88176,-6.72420651604954,3.20538236760634,-13.195468239829214,3.1124131338945227,97360
Bay,2021,3,0.6061676534884005,0.22013503358838826,0.5344673260803009,0.23220967059013461,-0.5376502162302318,0.17682181076527306,57721,-7.207024278088313,2.7546107452652455,-13.849983434467878,2.8922737728960484,97231
Bay,2021,4,0.6471151125415355,0.21471067255821716,0.7616619860894204,1.1340247242190067,-0.5599666706612965,0.1903595250994173,6186,-7.078085454597982,2.6979365964836064,-13.68295235067478,2.7435693712190976,97302
Bay,2021,5,0.6985860352055608,0.2050566903301516,0.6040126396541149,0.20365677704821714,-0.6143352480682652,0.16577055185312833,43310,-7.4152675203420975,3.153971409690421,-14.35622641606182,3.611696761425773,97244
Bay,2021,6,0.5536028445765672,0.25369280643858017,0.4825699340271498,0.556404415749936,-0.4701287836605257,0.2122070822423204,58168,-7.150538206974378,3.0310255492597893,-14.426383097852211,3.8150177553076063,97267
Bay,2021,7,-0.056655098450724445,0.020766566627353378,0.26296828230043773,0.47286430018248676,0.09722738392382879,0.014030586126759462,1917,-6.849607529798897,2.931356708486766,-13.86353359469834,3.5895803727414126,97274
Bay,2021,8,0.6041728084724253,0.20018525011893018,0.4520990735389347,0.19370779865298815,-0.5056948590181586,0.17329427452923435,50342,-6.770850548076995,3.0536680545511814,-13.655737046083713,3.0178822853100837,97138
Bay,2021,9,0.6630088930955994,0.22750419219809098,0.5512107822285933,0.290108279307976,-0.5718579808870741,0.19415503800621797,66241,-6.938058036610857,2.851694267654855,-13.547194255265543,2.8014708015687213,97296
Bay,2021,10,0.43371940309817003,0.14108166330421915,0.5170534111381403,0.5983370471808538,-0.3797183100140274,0.11551641224942502,1214,-6.5378058569678235,2.78417718453703,-13.388714337520188,2.918856464493106,97092
Bay,2021,11,-0.14089664408896607,0.10986465626154768,0.30024715597012447,0.46706831286143635,0.2682288650868704,0.1719846536057729,23,-7.122877072836885,3.2706737773119965,-14.163860883655962,3.808021320199969,97207
Bay,2021,12,0.7466006170222913,0.2528250199480539,0.5840035526383837,0.23961625987691815,-0.6670916449811838,0.21567929761991478,51464,-6.852952157461635,3.1777152568795843,-14.510776647848747,4.372213945461028,96575
Bay,2022,1,0.5247035063391575,0.11314636374341493,0.6424810252244999,0.2759218088168429,-0.45532231052400995,0.09531480017104957,2715,-6.837124064544287,3.0392837989392523,-14.282169822256408,3.7703886097987787,96836
Bay,2022,2,0.6455981321040131,0.19159325694425205,0.595368767277411,0.2464131981263962,-0.5619955675121037,0.1581430110999165,29065,-6.843704975624782,2.8401517258482585,-13.46621250295706,2.822685498483462,97235
Bay,2022,3,0.6794142908500077,0.2260464727599135,0.5520839799162887,0.22130424407491678,-0.6100567532570558,0.16825639428256772,60828,-6.9525200269618885,2.7648009968286895,-13.502128714612798,2.6294640041444857,97209
Bay,2022,4,0.6183599753520701,0.18869549208279518,0.5557577615566954,0.22512324510529377,-0.5396070345412585,0.1449337226584421,36870,-6.4647141598240685,2.787141018559896,-13.203708985320857,2.7782289618716574,97165
Bay,2022,5,0.7006411382477516,0.22600623826040894,0.6015186527079739,0.23228062866907392,-0.6166339872490613,0.18209531673922305,53865,-6.331887706637866,2.897323266803884,-13.473690296875201,3.052705167995323,97136
Bay,2022,6,0.5397063252225099,0.26793985602849923,0.513263001120146,0.30162327122283483,-0.47010599270374925,0.2295557314638602,22333,-6.427284909032223,3.380638631468966,-13.90337889644778,4.181928859751582,96631
Bay,2022,7,0.6640543353585024,0.23897426414885267,0.7641246292258451,25.535999616244805,-0.5678686650709373,0.20555889314648496,50310,-6.280080217161171,3.03204539252544,-13.466952519288858,3.5197656023442554,97077
Bay,2022,8,0.693439979048042,0.17215326675969655,0.6580506848746414,0.2449217892387323,-0.6022592001949938,0.14352026712993246,14497,-6.760004646927705,2.9945027222000005,-13.544449006681004,2.9895698210384194,97177
Bay,2022,9,0.22686330511364158,0.26562100026130375,0.39900177662081243,2.4749785840710286,-0.17469476849976684,0.2368373071295805,223,-6.483993114017741,2.8804856937384944,-13.095256379637588,2.73700140269361,97229
Bay,2022,10,0.7385713868350162,0.21147657948297674,0.6646442371736025,0.4779618840552709,-0.6435103098746703,0.17554404193944684,22954,-5.974508915826612,2.8859049908810865,-12.642328522246675,2.873227058502618,97142
Bay,2022,11,0.3834169553039648,0.25773473185273876,0.3630835835077858,0.2626295586000582,-0.3131093232617887,0.23355486515889065,6526,-6.395747559998144,3.42779955042647,-13.280962772848678,3.897273751564319,96735
Bay,2022,12,0.776731271259209,0.12011897818634602,0.711166483304495,0.17481812713136502,-0.6762997589974804,0.10209888389406746,6229,-7.127847634402756,3.013000929472788,-14.471630417536508,4.022295410108979,96849
Bay,2023,1,0.7381921996706748,0.21571280822609804,0.5515101038323085,0.21866655326617787,-0.6521398917387256,0.18197013111272434,57620,-6.985017403305154,2.9366465732719766,-14.223962250296026,3.7166032538699127,96943
Bay,2023,2,0.6157559011545447,0.1424480030435234,0.7932917070057657,0.27346644639581613,-0.5212307319872911,0.13065413689157612,72,-6.801740367798078,2.916995656459175,-13.784267136778956,3.174498834133132,97151
Bay,2023,3,0.5781247042575659,0.19394191988262618,0.6090711532857546,0.21248658435490353,-0.493576526439109,0.18215339098796107,147,-7.472728423431703,2.9453723943563705,-13.935824657967462,2.965170032041635,97063
Bay,2023,4,0.625906994436955,0.1942636321995559,0.5691920386720983,0.20981413280485478,-0.5586624319894951,0.14917210415467846,42392,-7.0871869106182945,2.859055438537879,-13.699599996802325,2.8800789302250642,97129
Bay,2023,5,0.5974333363558502,0.23159706521275855,0.523793210399676,0.25690068714316505,-0.5248372793177595,0.187183690188108,74156,-6.93184216493727,3.039270812361456,-13.83391164796359,3.380407806343379,96909
Bay,2023,6,0.6118137712904248,0.26688852013635983,0.5359020933542076,0.28487214290366,-0.5308477119200925,0.22696633899798546,51868,-6.614659625987756,3.1088109951086613,-13.9718115485448,3.613740900807417,96916
Bay,2023,7,-0.13058992155960628,0.054365199481711146,0.43803795320647104,0.14327404739971247,0.2851727775165013,0.05552682067979981,7,-6.476933211972622,3.124413424867551,-13.749074882587143,3.710407508623029,96887
Bay,2023,8,0.6661883174557546,0.2258274819308524,0.5827527252459243,0.26450543936531196,-0.562139169586701,0.2002915387683887,57557,-6.573901977880976,3.2000583375773406,-13.46606477688987,3.3838834786214695,97058
Bay,2023,9,0.7180745606077655,0.24316102757432062,0.5246058260204773,0.28133987516623676,-0.6306178686323438,0.19816846591232454,97386,-6.127876909324311,2.9544167594179687,-12.873192751258264,2.869199888244994,97154
Bay,2023,10,0.6439949368105997,0.2277958344422881,0.49298757293647694,0.215080192416866,-0.5687740357882268,0.18360581422963088,57951,-5.86798129924722,2.9141259173020106,-12.611079995327897,2.763414810333964,97201
Bay,2023,11,0.6520158034883936,0.23387871395747284,0.5663718494615677,3.147391821038077,-0.5698252250997987,0.20003457538819594,39830,-6.384901087661171,3.253997447714877,-13.188750419565386,3.3655665058046553,97199
Bay,2023,12,0.6999396767916007,0.22211586319941862,0.509644057227818,0.22680101919455045,-0.60830652502601,0.19103117225516125,51873,-6.637843931040002,3.3720848030373656,-13.964691068577785,4.219828219039836,96456
Bay,2024,1,0.7753413098057137,0.17573290092885915,0.6231515602054201,0.26200805688820644,-0.6974756080081735,0.14211880438194668,18513,-6.8891415615625595,2.979100681508753,-13.970153264487575,3.396397833432098,97266
Bay,2024,2,0.6787386478448961,0.22992792799948414,0.5140164283135397,0.2246645125188255,-0.6135840062554233,0.1820995561404845,54751,-7.021319533695232,2.8596584790249273,-13.807695743290541,2.980692348957355,97174
Bay,2024,3,0.5452866715886339,0.16264476904573127,0.5026453861701928,0.17659318309917715,-0.4884609620884215,0.13313748051426866,27812,-7.279791994440039,2.9205891371544697,-13.568833810290425,2.793653739979091,97328
Bay,2024,4,0.5423797016660864,0.22866212320216736,0.4402068518432589,0.3240823803106666,-0.5177984620486109,0.1675780918355432,59347,-7.430567342456747,3.0317957408858898,-14.133363615192891,3.149724236112157,97177
Bay,2024,5,0.4742987916167573,0.19591406255881844,0.455463839793958,0.22525569966388279,-0.42691828592810266,0.1560250838499406,19753,-7.119185689084699,2.841875508865396,-13.622428211395881,2.901382582626087,97315
Bay,2024,6,0.5365982852180416,0.25968117048469463,0.5271050021029655,0.29407247736881187,-0.45601509555385417,0.21736181437562346,27777,-6.69220216830647,3.0390380791582463,-13.669519870836508,3.305530770159228,97321
Bay,2024,7,0.4483039645409891,0.17401617890133195,0.4111680623629855,0.2006385667982266,-0.3809464042655751,0.14819190027087412,30420,-7.015263468810446,2.935684869993109,-14.084054373963445,3.764884618330724,97184
Bay,2024,8,0.27497714537236334,0.15936457753414257,0.3235043509174948,0.42219706549106073,-0.19591739986714424,0.14799653797111978,184,-6.349786772889832,3.1991041991493403,-12.738550978598987,2.959084938412537,97320
Bay,2024,9,0.6989958112984659,0.205784599513657,0.5874989956996086,0.2156494878821796,-0.6057337246990405,0.16972445067125858,66923,-6.4522219565469525,3.0460872669912398,-13.229187710018435,2.8897267271348603,97160
Bay,2024,10,0.697211651567415,0.2453297319500445,0.5921060794570737,0.24075320357914842,-0.6127363342259972,0.20225250831968328,62323,-6.463140405621463,2.8365048756839912,-12.677604498484722,2.9195321296093972,97102
Bay,2024,11,0.6499613129700917,0.20077953523957176,0.5592383849308166,0.849875332008768,-0.5786817634037049,0.16612817126202267,46866,-6.8063706854904025,2.9049842149917486,-13.682918587647286,3.281024472105277,97043
Bay,2024,12,0.38998250131096157,0.06492759509223223,0.42053494602441793,0.06098519449651849,-0.31954904858555117,0.04986860369139541,28,-6.643996182794779,3.5475002728548333,-13.705281015652451,4.069195906507151,97189
Bay,2025,1,0.6374227697220128,0.26874457888640874,0.5080721384159274,0.2637627522823932,-0.5572658954896939,0.23620861627882017,51550,-6.383030034228145,2.9719558862089026,-13.582392859917721,3.5746348893062554,96969
Bay,2025,2,0.6617704305185315,0.22187181599451014,0.7035053326638094,2.904393154270371,-0.5545459043669544,0.19321609017570465,1259,-6.827091888861624,2.950025425643745,-13.495637396620406,3.052260389180789,97301
Bay,2025,3,0.7128951666786896,0.2034213732174767,0.572195084613725,0.2693175972595925,-0.6282620189953138,0.15799738140448308,71905,-6.661692094409365,2.814686537758118,-13.312220756487907,2.753099044900529,97194
Bay,2025,4,0.6081631728223345,0.22874837042181043,0.5118141020207023,0.2543841050726659,-0.5630171390534245,0.16596511205543124,74312,-8.158625603178644,2.987279970537845,-14.731417734045781,2.909667352551132,97363
Bay,2025,5,0.47170437855287317,0.266822130082571,0.2962517197698427,17.27502531444159,-0.4336586706898439,0.2203030261584128,16295,-6.748086985035758,3.024362015232362,-13.561784504583528,3.0512066784275937,97310
Bay,2025,6,0.6974668064989389,0.24775290409309073,0.6755889567035972,0.256008393588176,-0.6046855925984326,0.2161504390513177,17230,-6.939689400596073,3.343328399421024,-13.76111592900148,3.6097817342080694,97384
Bay,2025,7,,,,,,,,-7.262091602969434,3.1235127057808323,-14.065682088101171,3.736147118668136,97341
Bay,2025,8,0.6239204525757726,0.2470635512122446,0.5002902103017045,0.24692601106303752,-0.5327961926311825,0.21455098438035602,15023,-6.50124917146087,3.3807714743715396,-13.334061283343722,3.1477955536319326,97347
Bay,2025,9,0.6797992694549484,0.2501712110193818,0.5993038163872958,0.7688789866476184,-0.5860981272210083,0.2151860146585703,46184,-6.4947394820771445,3.058442151624252,-12.72181842452619,2.8178793294734774,97377
Bay,2025,10,,,,,,,0,-6.195431945404223,3.0403930275735935,-12.993173353489688,2.886853938207899,97307
Bay,2025,11,0.6411699191516974,0.27392904661912126,0.5808087508106929,0.31922805323361597,-0.55618706335568,0.24269945910617977,25221,-7.08398915621329,3.1142706204457604,-13.770424587395427,3.382400141731139,97371
Calauan,2018,1,0.7396046551890261,0.15823286786175905,0.6080072895342578,0.18622987837997537,-0.6529068214940777,0.13480008690083248,78419,-6.6763248545262055,2.651515534331892,-13.094993836285159,2.852097150007151,189010
Calauan,2018,2,0.7604945510548791,0.17083459755123923,0.6655529253496631,0.20142801350286912,-0.6724304199724843,0.14166975404135143,33976,-6.662787231398431,2.728538063950803,-13.28796338954368,2.635637446203299,189012
Calauan,2018,3,0.7318595800347921,0.17909143430095278,0.648962244605778,0.1940841550198165,-0.657474614032864,0.13963081818519063,87307,-6.775787360226712,2.7018397665674874,-13.494688895014173,2.524255853351565,189012
Calauan,2018,4,0.6408989817035188,0.21856345205605912,0.5270609339784321,0.2273596357966868,-0.5876768224911165,0.16443772954362745,109410,-7.093235654467822,2.5672524273210247,-13.582696294205665,2.447579535007318,189012
Calauan,2018,5,0.5877397955560089,0.21786295693733732,0.49424472733282765,0.24132379143571558,-0.5238072393895942,0.1725238927486993,58296,-6.739996230004414,2.805001024897558,-12.99711190257508,2.943542211453775,188970
Calauan,2018,6,0.6929190583250262,0.24139034065325032,0.6501553770175693,0.2767914342070858,-0.5852010614128688,0.21507275791908376,88273,-6.581241762343073,2.927197744768345,-13.677155797906497,3.206055576335041,189011
Calauan,2018,7,,,,,,,,-6.293428637365764,2.8049385856116484,-13.095336398046014,3.0484004773442246,188922
Calauan,2018,8,0.5571440349476494,0.13326465723272654,0.7574537515625811,0.6060748286336217,-0.464511798048127,0.11228520404717826,4128,-6.867863498894672,2.63941521051764,-13.625858724079148,2.7302597287252093,188963
Calauan,2018,9,0.6853581885925939,0.18971025732292657,0.5910644410055348,0.21753026839313688,-0.603599916405006,0.157036301466745,95889,-6.627471930618359,2.6988492567674025,-13.18978979070509,2.5219708103669976,189000
Calauan,2018,10,0.7749149057356917,0.1593607327740768,0.7020312907696815,0.16697552358541057,-0.673411317648238,0.13896538604885517,28832,-6.715979657599833,2.5625371028749764,-13.361372951699838,2.455737236851292,188999
Calauan,2018,11,0.7506650629385874,0.23827436357657963,0.5455261392594307,0.22031465050944188,-0.6727426998214567,0.19142214051821047,142167,-6.72018675691132,2.7208279403379136,-13.711754548959915,2.934307886910919,188996
Calauan,2018,12,0.6764574915416863,0.18611671332808644,0.5751283319578384,0.26460750971419283,-0.5882961922759441,0.15756635707006217,89203,-6.403492108501597,3.492936077928461,-13.528106494908116,4.0861825276279315,188825
Calauan,2019,1,0.772351535252888,0.18871903839406792,0.6002811134259066,0.2009073410406216,-0.6903353468552369,0.16128650561061628,115234,-6.915233246720294,2.725568245355314,-14.066794999064918,3.21773287904405,188987
Calauan,2019,2,0.7605914641276618,0.1623586686834144,0.6758507442289908,0.18793691973299428,-0.6771425543136944,0.1282233670783556,91852,-7.106207839391239,2.749760338299652,-13.973644367459196,2.8790193742952974,188978
Calauan,2019,3,0.6664394558982175,0.20522814915274545,0.5746812626247411,0.21439410325387204,-0.6056985846431752,0.154520416912683,117296,-7.476491711165257,2.775991293995652,-13.914059241283306,2.727252398548088,188992
Calauan,2019,4,0.6513807975522462,0.19289905020107492,0.49476801114693997,0.17721440997188148,-0.6027845628394582,0.142214890066096,174880,-7.564146488592691,2.7404200581628815,-13.91551937855525,2.7104423877576083,189008
Calauan,2019,5,0.7661559564736297,0.16451716010603526,0.6689312079313677,0.36473510589283725,-0.6665462309605341,0.12885324569092277,93700,-6.945191381370156,2.7571006279935104,-13.666697785447395,2.798809166964528,189001
Calauan,2019,6,0.719386812238099,0.2535070332251491,0.5450663645085174,0.24813375281850358,-0.6323636366580083,0.20864747753429916,162088,-6.543754104688874,2.6767442690527985,-13.547326005182304,2.90363336582429,189011
Calauan,2019,7,0.7648061311781892,0.21658942133507406,0.6222532023688976,0.2347376540124442,-0.6647387493130437,0.18272388279263033,144862,-6.379281154203248,2.6544550061450796,-13.501318569784086,2.951522705579486,189006
Calauan,2019,8,0.7312227067778262,0.18335879260434887,0.6729082558346106,0.2694431693306349,-0.6394937234550733,0.15405417251323264,91231,-6.278971812262385,2.7469302239761264,-13.000452237916896,2.8126411786457064,188932
Calauan,2019,9,0.4945882160177277,0.13515550749212663,0.5458156574762363,0.17171825503900828,-0.4120106268449128,0.11451159179178448,16493,-6.6576515244447805,2.616628105340346,-13.410704006543707,2.48765326587247,189005
Calauan,2019,10,0.7474672868160308,0.2146644394399757,0.6017535098648492,0.22397249652381468,-0.6676822099145732,0.16427539072487574,153312,-5.895365750474432,2.3909323379718352,-12.45078631140059,2.1538948296364833,189012
Calauan,2019,11,0.6627738342304256,0.20507448824227043,0.5363568263985625,0.22855278622097208,-0.5955416380505782,0.16444677086357118,93599,-6.283558413337611,2.630279233025555,-13.20471790131705,2.7485507916349086,189007
Calauan,2019,12,0.6588779503670271,0.2404758128562699,0.5219004346659378,0.2560023610898725,-0.5733232939422328,0.2085939311645535,87988,-6.799768613187345,2.663156690766883,-13.880232352439293,3.18772300244725,188998
Calauan,2020,1,0.7639189492136053,0.17848897614995554,0.5564378899246102,0.18164231907368564,-0.6734130765431259,0.15493771381245722,126464,-6.645002259337174,2.5624591649860897,-13.665223398850575,2.9283138735849255,188969
Calauan,2020,2,0.7657935525213838,0.1361681930794779,0.6367053629856763,0.15376745782208104,-0.6733277162612584,0.11201692121024777,111597,-7.027753720447561,2.6835093882247447,-13.835501729272924,2.7040232033992146,189010
Calauan,2020,3,0.6918867192655951,0.19797913850227222,0.5176882765597765,0.1799974965254939,-0.6290193103581013,0.14759152888599414,158309,-7.143566844003355,2.7149846125167976,-13.645916714591479,2.5866948090837862,189004
Calauan,2020,4,0.6105503450373915,0.19763864969358197,0.5455657531175813,0.2184061221146735,-0.5358886124927263,0.15388107757750408,63972,-7.270243628059985,2.6886649404383083,-13.84138710094615,2.5775179229957073,189012
Calauan,2020,5,0.6730271160543726,0.22967913566409057,0.5752560661429984,0.2742168021153564,-0.5768120752536243,0.19933987453373786,57911,-6.361498655222499,2.6473444546844194,-12.940377871408236,2.62873530892617,189005
Calauan,2020,6,0.7188086164523833,0.2130324022023974,0.6297046473699651,0.24214685342667966,-0.6229390484337387,0.1801638839394119,99014,-6.4901907496506,2.58014218994491,-13.59313925781047,2.872100701180671,189008
Calauan,2020,7,0.6288100156858272,0.18126284751211177,0.6054303094780498,0.22886454657109292,-0.519471777832072,0.1568607872032739,11653,-6.342134812422887,2.700103613141186,-13.310409390763542,2.896724760057038,188924
Calauan,2020,8,0.803348494672629,0.16320211827794162,0.651860834183116,0.1780314469555817,-0.7056011362040807,0.13488358886307455,135471,-6.491801397168665,2.705326450294438,-13.26663708101886,2.567652291702479,189010
Calauan,2020,9,0.6903210723851023,0.1744113673221874,0.5735158237803606,0.18569391963825646,-0.6104271017187999,0.12765600033431176,12519,-6.111582560547515,2.649900053652774,-12.664027903400385,2.4484645581151647,188966
Calauan,2020,10,0.6641737661487463,0.21236606249679554,0.5532220000583693,0.21038940958274252,-0.5869884318930177,0.18131140426780062,119018,-5.510410991632738,2.38490096587619,-12.214796721254121,2.257199095070601,189012
Calauan,2020,11,0.7016056921324678,0.2429393702696636,0.5084295713245386,0.23857436558415815,-0.6238364450960789,0.20161156976054456,74397,-6.6973719921429895,2.821547589792556,-13.539098371493047,3.394965736249415,188964
Calauan,2020,12,0.7483377047510875,0.22543135950139462,0.5867008336910979,0.2360655827767167,-0.6591953102222508,0.19507431444963214,67965,-6.55582340615354,2.662788153175691,-13.70963339438085,3.386165312008099,188942
Calauan,2021,1,0.530331956657851,0.09408514553824013,0.48602520695356544,0.06475123585743849,-0.47531615949679756,0.08178303739637117,428,-6.661445886451479,2.49661331436867,-13.647753955358406,2.858954654741135,188998
Calauan,2021,2,0.7651602705917864,0.1833102861707371,0.6464605151920031,0.20823696190901983,-0.6759595337538069,0.15166058782297082,79203,-6.0101272409188145,2.7482039702211565,-12.723299713036656,2.631926690264882,189006
Calauan,2021,3,0.7242958775088687,0.18170773532384654,0.669936474132051,0.21675446476601634,-0.6384058442803481,0.14213779558188153,78838,-6.582308378195633,2.549188775418749,-13.435497208034166,2.4855666319432843,188972
Calauan,2021,4,0.6915693315853213,0.15386957902939624,0.7092500964422633,0.4618291251461063,-0.6039265191968761,0.13050419490401927,24108,-6.5877631997674495,2.5290952652186585,-13.394176899880732,2.4442279750940825,188985
Calauan,2021,5,0.745643415935916,0.17626789602025916,0.6516895033207679,0.20104778977255283,-0.6559012049286828,0.1336602041661028,108564,-6.764433716450374,2.782806434407052,-13.84239569634963,3.0821262624530954,188960
Calauan,2021,6,0.6975173444592113,0.22623457844355466,0.6236244756218957,0.26485317213391096,-0.5951968602699563,0.19635376687062425,112026,-6.602366260377104,2.8246227258640184,-13.879020502414756,3.2395099389731663,188940
Calauan,2021,7,-0.007943074997528445,0.17529716437774276,-1.2835039236202002,52.98578684899632,0.05356129535001136,0.15365101456033795,1511,-6.260443547144945,2.57760167396112,-13.264347791417984,2.807286486743127,188956
Calauan,2021,8,0.65824107752874,0.16737330857295904,0.5188821480087549,0.1881700043028719,-0.548423638862029,0.15354237257733303,26771,-6.404239266973417,2.7271543589534564,-13.260955094094836,2.7062223422141023,188891
Calauan,2021,9,0.7366612653195133,0.17051206292033413,0.6751081564569668,0.26356267567667196,-0.635483449831088,0.14078416690761392,100032,-6.526679321672031,2.592255810517169,-13.331447027116498,2.5097888361633705,188973
Calauan,2021,10,0.679079774904777,0.18387800121456485,0.645001026630815,0.25333487408080285,-0.5990893226856839,0.1506939637935058,79716,-6.436195558937235,2.5813804310346233,-13.22955317856327,2.711044098507374,188835
Calauan,2021,11,-0.032701922437319425,0.1865488187124178,0.1742420276770225,0.23938760437214404,0.10478012091838398,0.24497480422204831,13,-6.328937307959512,2.7772788475846557,-13.385919195416674,2.9979481828574817,188950
Calauan,2021,12,0.8142187197870251,0.15669041649771093,0.6841744574130791,0.1964234728065538,-0.7231458824401863,0.13150154119547375,59811,-6.556890147115609,2.7461038600516123,-13.689792314224377,3.4168136919076884,188519
Calauan,2022,1,0.6746215206745709,0.15314293102884677,0.6184512596370528,0.1905306200844798,-0.5879092870065656,0.13554414743040324,15459,-6.448516372240541,2.7721125064119816,-13.605143621091313,3.214980650701096,188769
Calauan,2022,2,0.717653799786271,0.16303810894262316,0.6551364565612209,0.25250735016567316,-0.6201210920404433,0.14110367455243872,70409,-6.566299915886569,2.5840309135065627,-13.226867990371652,2.6035108709727512,188940
Calauan,2022,3,0.770377567263202,0.18789628755034268,0.6269603607987387,1.2981134341443852,-0.6814131468419087,0.1460014652627148,131883,-6.609414252246729,2.541757715621475,-13.214532587478901,2.4272069697989553,188950
Calauan,2022,4,0.6882806847090539,0.2042966609415104,0.6225647933953216,0.22897639728428246,-0.5988638895386823,0.16325738343364235,103210,-6.188159690959522,2.553461930425965,-12.95096564949374,2.5487706081213264,188915
Calauan,2022,5,0.7781725469775742,0.17481068044869072,0.6679765201287695,0.22292840350677287,-0.6770127521584,0.1431136312194799,103199,-6.037594141445997,2.6220784839488975,-13.051138122191142,2.6745553300124945,188892
Calauan,2022,6,0.7619289637708906,0.15312076449516035,0.8008186706338901,0.23183121666148165,-0.6520799048426674,0.1311379895189433,36558,-6.032759722427066,3.024600233493578,-13.153568797721444,3.3703092592289177,188592
Calauan,2022,7,0.7008493026619493,0.23533669717536254,0.6925786993824845,5.388373976962366,-0.5907134389261659,0.21565438337916193,15045,-5.9090252830822845,2.6733523535832155,-12.851785762103937,2.9197591583942457,188859
Calauan,2022,8,0.7752890373854314,0.11457048614632381,0.6952287202521374,0.12707568049111456,-0.675467495731308,0.10000898883028937,18914,-6.28841604745281,2.692504467769616,-13.06238147594292,2.6541594587007853,188923
Calauan,2022,9,0.541493969497559,0.24810440720986615,0.7153836607828106,3.032149429349229,-0.4495708585992245,0.22206678323019222,355,-6.264852147070274,2.6215269390967095,-12.845753060791656,2.5459983775262574,188929
Calauan,2022,10,0.78385583341299,0.20076817158531998,0.6708923869789873,0.21772239749115177,-0.6869960896688176,0.1615051281474686,108500,-5.915723729064104,2.634075013227605,-12.563898153407061,2.6668134587867858,188867
Calauan,2022,11,0.5715876381065744,0.16593866529382684,0.6090730273124053,0.34370194835110685,-0.47778990956346895,0.1532196138123598,7806,-6.103455215340125,2.8389741804810904,-12.769214824787442,3.0961625711948093,188687
Calauan,2022,12,0.7081877538212782,0.15728388223009054,0.661505677812808,0.2120480727570935,-0.6196970859089412,0.13686804025379054,222,-6.849936991630991,2.6138872571027365,-13.721672713113875,3.2265252644080213,188726
Calauan,2023,1,0.7948398669909731,0.17088138144285941,0.6199342653196454,0.19316780010295603,-0.6985563061393407,0.15175837417799193,98656,-6.8107146282505155,2.6477792227002195,-13.68592221669589,3.201869162315091,188730
Calauan,2023,2,0.4348802664508559,0.09389778179984226,0.39646969694797296,1.4363147533808076,-0.3569636610272813,0.09113239560305372,73,-6.551280649476494,2.581789854451171,-13.37236372498459,2.805014004880755,188894
Calauan,2023,3,0.6517676515887075,0.17289134172265352,0.7602122549432198,3.4539602485048535,-0.5680160314307576,0.14581722658352758,15883,-7.140154512916234,2.657751659906438,-13.5370931854418,2.684254136860842,188914
Calauan,2023,4,0.7053739384208204,0.1706796240074592,0.6566904390431493,0.18941692752136188,-0.6191885614609749,0.13504701092852997,75407,-6.853096787449488,2.600553470821206,-13.428217614853356,2.6151266493349623,188909
Calauan,2023,5,0.726349253360087,0.18565800605284494,0.6561461058657635,0.20465699848015084,-0.628392675948574,0.14913039391545038,135908,-6.617183724102638,2.73078224466744,-13.384145666212676,2.8795347841851733,188796
Calauan,2023,6,0.758452265946386,0.1873857837869414,0.6942459043425373,0.2351233297079679,-0.6461027728415383,0.16396483246770993,83849,-6.271850454396051,2.7768452792636733,-13.418782394375045,3.0764898545254367,188714
Calauan,2023,7,0.7309944798885762,0.0640013637533436,0.8881260774398253,0.0696146942148484,-0.6223424577359429,0.053490262473611196,295,-6.179610539638885,2.7900262792230044,-13.161504317560086,3.103871674280084,188724
Calauan,2023,8,0.7093916672854566,0.18128086024464177,0.6337793000961672,0.2355838054589045,-0.6030521682930567,0.15526379667153273,103732,-6.25939617546424,2.8303511400125103,-13.02082671131646,2.890666047753086,188873
Calauan,2023,9,0.7839165406735382,0.19138211677868514,0.589278600759974,4.743530215316395,-0.6825399319895881,0.15542654719362203,176366,-5.905096144012483,2.6383798003594525,-12.59779150372663,2.525408475130671,188932
Calauan,2023,10,0.7284782626481809,0.1893780116237109,0.6025537889888604,0.23648290487554546,-0.6369280104784494,0.1522345188689058,142391,-5.714360767706371,2.6311380904788706,-12.423310417612878,2.5694008405906534,188925
Calauan,2023,11,0.7053518451236709,0.21841118795201184,0.6203044295024638,0.3063205854947691,-0.61520672119831,0.18529535475867615,91964,-6.17428126227298,2.8241690152310657,-12.884771633650537,2.9372532714903383,188851
Calauan,2023,12,0.6973880245426455,0.2185753172235468,0.5310418605868823,0.20949407042707544,-0.615913827745115,0.18374782850212518,157810,-6.278082101492607,3.0316478999837275,-13.269734797639156,3.4767035429393913,188262
Calauan,2024,1,0.7951661525473546,0.16324712073274553,0.6148917304285544,0.13900676296131134,-0.7131987719725741,0.14078391557708075,9619,-6.6425204065436905,2.732523656103363,-13.557353599722846,3.06578088070951,188888
Calauan,2024,2,0.7323966456688868,0.18661073790151161,0.5639024683940675,0.19329230269741068,-0.6569630078167347,0.14641339415743598,97130,-6.830567019425955,2.551241789814498,-13.528209366660466,2.622582038618549,188932
Calauan,2024,3,0.6056752608666123,0.17366450310241083,0.4901204728556683,0.1789330127708254,-0.5445482363844046,0.13317662362844415,52560,-7.062736723071792,2.643937650561157,-13.41668576001953,2.6159921163701196,188958
Calauan,2024,4,0.6355640785389466,0.2135985260924271,0.5480689211475914,0.23062286067182894,-0.5838268399555452,0.15199792846616386,60898,-7.260040976319506,2.7994218858714466,-13.915985032689655,2.930154408489301,188858
Calauan,2024,5,0.6198310768558104,0.16631703801096911,0.6555388346961749,0.25635882781950864,-0.54274922029638,0.13156430026662597,21723,-7.077321948317073,2.564028698859447,-13.552079320532448,2.7342207208225595,188982
Calauan,2024,6,0.5540180719077094,0.2573697868619407,0.5471261965415453,0.3249184121289961,-0.4614474546415963,0.2118924735814759,32155,-6.493220037209194,2.7333406444734765,-13.324700338981664,2.993765611583723,188899
Calauan,2024,7,0.4848567277664741,0.13784430714364262,0.5133362266281061,0.20353172485103507,-0.4112097019232748,0.12076393426181614,45000,-6.488277352814933,2.6090656209297367,-13.556668438048607,3.0764616508973406,188872
Calauan,2024,8,0.5804832187204744,0.12192654960427221,0.7813022183056723,0.3311770919174063,-0.49037436542150004,0.10126312364517348,2368,-6.009995672316065,2.7114739441399913,-12.430929979608608,2.5801690219277686,188978
Calauan,2024,9,0.7432037166372395,0.1657832882108356,0.6728501241614551,0.21264864673553768,-0.641996977966176,0.1360990039450644,97043,-6.170759528438075,2.751707586685089,-12.968269585383826,2.64238862768349,188910
Calauan,2024,10,0.7647332963506751,0.174956250997256,0.6757731095345041,0.20814419925760255,-0.6674406107050418,0.14147055296105446,71803,-6.241185542975484,2.346115895349145,-12.486827021858032,2.4081750574669325,188917
Calauan,2024,11,0.7106086698686336,0.18199457208009664,0.5894914493387552,0.21765951244532203,-0.6328242847315937,0.14895253308241996,113721,-6.697170469268823,2.5096827086495446,-13.35565239429871,2.758304889804778,188889
Calauan,2024,12,,,,,,,0,-6.44013623092549,3.099291607447187,-13.194807605397964,3.492792817922197,188687
Calauan,2025,1,0.6585113963353582,0.23390988276554553,0.5294908291290388,0.25855113815453173,-0.571196964722675,0.19944594059461812,95650,-6.22400923674091,2.6206972408301272,-13.195737003180698,3.039696261672832,188806
Calauan,2025,2,-0.03329208706501197,0.025881971787125337,0.8091791120875589,5.558163542281312,0.060707435213289286,0.01994263161262751,430,-6.682907151151342,2.6326812707678773,-13.324450983291708,2.754270040976279,188953
Calauan,2025,3,0.7436650315686762,0.17808403862380937,0.6178438102066866,0.1920686991415341,-0.6501499879977745,0.14430186259238126,102005,-6.499138707891443,2.5214455987789677,-13.138869187781724,2.4322504011181016,188948
Calauan,2025,4,0.7091734893421244,0.19041676940567284,0.5977416743838931,0.19379045512579376,-0.642502597764878,0.14156083874120126,132994,-7.743041892046529,2.7592959648215905,-14.41579632227477,2.5675156210635652,189008
Calauan,2025,5,0.6714638982780025,0.22832158376549297,0.593390625264029,0.24468762699706129,-0.5957900465891081,0.170248480720245,35718,-6.587160868496457,2.665423977217439,-13.382697441983598,2.762318493305345,188931
Calauan,2025,6,0.7914370302351792,0.16571243814069844,0.7362353985715401,0.18343844541724957,-0.6847375507629798,0.13508312512232973,43540,-6.481975206326922,2.816491212221775,-13.290320071319504,2.8679130769896855,189012
Calauan,2025,7,,,,,,,,-6.736101671875466,2.6543611457700647,-13.495738269034739,2.8398899299443228,188981
Calauan,2025,8,0.676767901378742,0.22943065915255537,0.5803294273805947,0.2534156385996998,-0.5819551774440025,0.18921239789919705,59563,-6.229013135936023,2.7342453134200597,-12.979886162936564,2.6916326603612473,188971
Calauan,2025,9,0.679967277341657,0.18087226591939537,0.6150459649236693,0.21005892516104716,-0.5851099628862197,0.15211509362921852,139525,-6.021492457181317,2.570665260045355,-12.524400084862485,2.2967902042951422,189009
Calauan,2025,10,,,,,,,0,-6.046599299459287,2.533497268918646,-12.815625850803332,2.4554679022571224,188956
Calauan,2025,11,0.6764682369383049,0.19088917835587763,0.5946246126334158,0.20374710021284423,-0.581959027109829,0.16063452660508065,21232,-6.577205809548746,2.564496877198086,-13.321397127847861,2.559394403847601,189009
Cavinti,2018,1,0.6426587589047028,0.21941062037358625,0.5768448123929314,0.19526008831497346,-0.5507058950213105,0.2136521761789968,83878,-6.912182803124155,3.4582140461165136,-13.281113499887734,3.3652869934492555,292157
Cavinti,2018,2,0.7439003970189232,0.27148489093266304,0.5991032110115428,0.22573011694611944,-0.630880288086368,0.29478126125043197,125813,-7.056670741569406,3.2414973343079194,-13.495588452312687,3.2197460265265896,292282
Cavinti,2018,3,0.7510661879047335,0.25673299765127344,0.6235395916971863,0.1999676171848351,-0.6481311793282641,0.24529026967369347,174210,-6.674661096301146,3.1116353288754675,-13.307208968847272,3.3220692262597873,292182
Cavinti,2018,4,0.7487977488825538,0.23226475865388824,0.626116166628618,0.21160613815729257,-0.642038863680276,0.21183758513037335,164131,-7.435291250448524,3.005036484361889,-14.063313271841443,3.2892266555417553,292143
Cavinti,2018,5,0.6927828678883217,0.2195315077054989,0.5884182107454962,0.20934316996801644,-0.5986417297532446,0.19729518338269936,157127,-7.190973081216131,3.1482994906396358,-13.45839274766383,3.402688517528891,291390
Cavinti,2018,6,0.7171323820158509,0.29244350644322104,0.6755903433120966,0.5882453368626577,-0.5921671446344149,0.3007471695793808,137873,-7.429496527258528,3.2719184556185894,-14.065352566333946,3.434262344860745,292006
Cavinti,2018,7,,,,,,,,-6.816462235975549,3.622519733530645,-13.47666774209989,3.4240990441813,291226
Cavinti,2018,8,0.701950393518331,0.2562246203302967,0.6577547637021215,0.4171473820228519,-0.5829325327486102,0.260268500215341,49746,-7.455063096481196,3.0170380859339674,-14.088408703717018,3.3327485496190286,292046
Cavinti,2018,9,0.7259002978790923,0.17925741586256957,0.6548155168449854,0.17917774023723812,-0.6240624924119068,0.17226715663702746,91483,-7.477317357282135,3.5099239677173233,-13.911635787066079,3.4708823700697953,291938
Cavinti,2018,10,0.7427827514550469,0.2400698046222893,0.607537701887089,0.20533503585364077,-0.6293307070192574,0.23939672720906194,138404,-7.245874952852188,3.199355464791582,-13.93625429256631,3.4432626513125104,291968
Cavinti,2018,11,0.77118526171764,0.2027763731303543,0.6444385679697684,0.18206154251688694,-0.6574676449099429,0.1820048484425081,61783,-6.984019082931115,3.3793438822312782,-13.639582795512824,3.503514965723464,292055
Cavinti,2018,12,0.6577569325696848,0.17494111913237612,0.5964984444238529,0.21869716427342803,-0.5655161390250422,0.14869660008369576,75945,-6.705162148611138,3.5282139844668436,-13.384252955165527,3.6261435666833073,291999
Cavinti,2019,1,0.7692442197990098,0.2449712879581939,0.6059323455688329,0.20620578051922872,-0.6688312111400047,0.25805923890381427,132146,-7.301908410071724,3.266075857773349,-14.11689382634895,3.559516090819064,291959
Cavinti,2019,2,0.5907202388545545,0.37323079487861427,0.5853971408429075,0.3333068235474822,-0.4611118446731274,0.40352071169378045,23807,-7.659836605579399,3.2849804576120563,-14.454249882454054,3.632456395266591,291682
Cavinti,2019,3,0.7461250949623095,0.24485918685617994,0.6235188781234212,0.214836365419757,-0.6401847606983527,0.234795266169398,131604,-7.853199278544947,3.2007490402332257,-14.483349170156938,3.5569200476471363,291678
Cavinti,2019,4,0.736399101131072,0.22137085645500584,0.5503273714237386,0.1861370159861926,-0.6450807332980404,0.1944801982344803,260179,-7.9619225750607034,3.1759155927547504,-14.447052374473701,3.550367017819839,291724
Cavinti,2019,5,0.7103494148134419,0.26481413790556285,0.6322474728378442,0.28209870974795315,-0.6015712719433135,0.2595009081363379,121375,-7.701179643881471,3.220609437915108,-14.275392982197383,3.5108762524464048,291771
Cavinti,2019,6,0.7069949266353786,0.41520581688278685,0.611739291302126,0.23919628521974376,-0.5962221967230928,0.39151028537814847,142525,-7.676937975698404,3.338275836382385,-14.303301412281884,3.3462358104502794,292002
Cavinti,2019,7,0.767421508184041,0.20962834245238127,0.6766438809175335,0.19532354659756965,-0.6514001878788466,0.19552388076543928,112750,-7.326339957653457,3.1260394755142964,-14.004644943282642,3.284248762092191,292073
Cavinti,2019,8,0.7397638949906492,0.22558187742852512,0.6546353257027975,0.4335670769459056,-0.6279068788836648,0.210440389653391,140334,-6.9350653537686755,3.1382648132862765,-13.590089448784646,3.38964177955426,290826
Cavinti,2019,9,0.6182024932060106,0.14205112611188253,0.6870200607727623,0.1528084842881224,-0.5238686103810952,0.12105001113574174,9970,-7.464025991546519,3.238342091478979,-14.189453009076644,3.427954883017312,291876
Cavinti,2019,10,0.6797015049637343,0.34733855610337855,0.6047502009489936,0.24589989394957257,-0.5607575071624652,0.3614480860481084,112979,-6.9084965695099205,3.3718712216358537,-13.34140382204761,3.3025340255775903,292112
Cavinti,2019,11,0.7052750778499319,0.21567327518696142,0.6060009313482585,0.20733743570418103,-0.6032185084617487,0.2180388119037502,91171,-6.878389764857096,3.0821108404583843,-13.592452278038728,3.367523246313496,292120
Cavinti,2019,12,0.46842594474730587,0.0873393349692635,0.6040769685609013,0.13764320694059973,-0.4023112833323857,0.07757985555341883,11819,-7.336872726006604,3.3285990722223615,-13.910373665169276,3.5744742539755165,291972
Cavinti,2020,1,0.7531898709579621,0.30749131576297206,0.5664896525800652,0.24074245344793402,-0.6435043097449351,0.3315694717541528,124952,-7.47557941251549,3.2850986647887748,-14.086999274294232,3.5781227609372026,291616
Cavinti,2020,2,0.6337078275781466,0.15867415034817942,0.5898731215847276,2.476251532715699,-0.539126925649571,0.14615411601555844,17748,-7.498785400817568,3.2054339352642365,-14.33027585497399,3.5753537833488322,291807
Cavinti,2020,3,0.7593403285555744,0.24139215491712596,0.5378891158809017,0.17707696280205223,-0.6533831106950854,0.24033891720753567,258970,-7.6281929096616015,3.14076250703567,-14.296009173408484,3.495447952264405,291826
Cavinti,2020,4,0.6968309529415586,0.26924995533344726,0.6028490202728348,0.2416733044098427,-0.5781652017686278,0.2509679181067469,151168,-7.598362463208136,3.046835197490575,-14.40094016652391,3.446138838137012,291867
Cavinti,2020,5,0.7640153541552352,0.23834375009314687,0.641259153831031,0.22702380254399362,-0.6429951822386486,0.23738785423768352,189141,-7.257075208606419,3.4525423245419753,-13.628119353074988,3.4973440059262377,291997
Cavinti,2020,6,0.7680429229281253,0.23103673671753208,0.669571866325326,0.21026675644366805,-0.6406365021318392,0.23386972279558213,131193,-7.373071115908359,3.217294447732728,-14.022818222012926,3.441075292665689,292012
Cavinti,2020,7,0.8203244690431433,0.09546384273997571,0.7378027824731869,0.11618744240786741,-0.6913486351892854,0.07326744903785383,23850,-6.966380828372638,2.9941730201226595,-13.61935237807893,3.317049712458782,291702
Cavinti,2020,8,0.7850217069853247,0.23528213698393247,0.6306447205244589,0.20750153309208377,-0.6745040169311317,0.22314623047696475,161466,-7.298497811876227,3.216805991173885,-13.949628701731863,3.4283718214747716,291950
Cavinti,2020,9,0.7621346478881316,0.10579420813307015,0.6867453444267579,0.11399165723399278,-0.6520954625848763,0.08855650337709008,53947,-6.862605670689783,3.316272265308968,-13.553778972736266,3.397453856634063,291114
Cavinti,2020,10,0.7229951260927706,0.15204084767114023,0.6509994845450091,0.17145860406075603,-0.6246997591505411,0.13529973217584265,117887,-6.55859050670806,3.402064309055231,-13.024658039334101,3.4392153442599445,292133
Cavinti,2020,11,0.7859564206422864,0.1664948381114853,0.5613436225648321,0.16169209723247355,-0.6795094622514913,0.16106168516599031,49265,-7.1467571339784,3.043332706929427,-13.674157693676454,3.52065747107044,292037
Cavinti,2020,12,0.7029694504996137,0.27044754698087925,0.5457352464233202,0.219013175977222,-0.6025401706946156,0.28816908132690355,105804,-7.2924635811622585,3.3978303606131415,-13.819154239003,3.568146311197085,291948
Cavinti,2021,1,,,,,,,,-7.23295404525751,2.897248766129681,-14.006595048155129,3.475353793664422,292056
Cavinti,2021,2,0.6976726762347966,0.3048656671844354,0.5945713902110025,0.2310847033901427,-0.5878940872336658,0.32235011728936447,124646,-6.734035389542639,3.3432773987139983,-13.32333799199677,3.5758056615480385,291981
Cavinti,2021,3,0.7018873007712022,0.23699239001208924,0.5848712379723818,0.1968484482060277,-0.5970628481256353,0.23590532780119983,241357,-7.374146323953705,3.1722418735825904,-14.11244535508491,3.4423736306299246,291948
Cavinti,2021,4,0.667798017661555,0.22882696530139815,0.638966530484379,0.28614903481086096,-0.5638698174295175,0.21077261653512372,98510,-7.292255492882149,3.1673665351440587,-14.016911460458086,3.380170758947757,292032
Cavinti,2021,5,0.6997836068071782,0.2499213846538907,0.6509584101173855,0.25434310470996196,-0.5783483962023419,0.25553429229880725,119893,-7.3553274921453395,3.2356663223774875,-14.242427499660133,3.4193881426686694,291965
Cavinti,2021,6,0.791472584573131,0.1827850809777247,0.6712039909702283,1.9982628466176395,-0.6766492106241333,0.16564740232092617,222590,-7.4623216062925355,3.2160761400638553,-14.215458331134212,3.4895363942532396,291829
Cavinti,2021,7,0.6430411516055673,0.18784459019320587,0.7673786886008891,1.4893546779403324,-0.5271892810486796,0.17182152848657967,9408,-7.03744088484906,3.0830344734251116,-13.713851455410273,3.4075103387411705,292062
Cavinti,2021,8,0.7607299685918357,0.15989293688296755,0.662270573263717,0.1642511962606307,-0.6510524503530616,0.15243845312689625,88751,-7.11033915183266,3.5315181497459687,-13.971634410369001,3.454175463901173,290968
Cavinti,2021,9,0.7593156740788934,0.25805622529289046,0.6433193406982403,13.434055385149207,-0.6428459824778753,0.25502388447018254,85659,-7.371124840577239,3.338442116908458,-14.144263808397026,3.563933239676153,291823
Cavinti,2021,10,0.7547543787508001,0.27081146679581775,0.5895394474399872,0.21412255587346812,-0.6441678641858133,0.2760953681912519,146099,-7.203885152502137,3.0393255391397607,-13.99305765398387,3.525036597909493,290568
Cavinti,2021,11,,,,,,,,-6.881599353007727,3.544004865611681,-13.602420553312916,3.5995073544911826,291922
Cavinti,2021,12,0.7625273284741638,0.28138120337548106,0.5900563589096404,0.19772876658082875,-0.658470390181079,0.2930785803068255,163797,-7.2536380481814735,3.038387177134638,-13.894441243322376,3.507262947936707,291107
Cavinti,2022,1,0.7597302191652081,0.20953616677791867,0.5865343947064344,0.19983646720420523,-0.6531716768925547,0.204284668728484,104634,-7.110334923491182,3.3903737638662466,-13.775688735098864,3.564603314781344,290724
Cavinti,2022,2,0.5210553721829984,0.22809543475995037,0.5274082552221407,0.2233528366839963,-0.42617297682820593,0.21063153081540073,15169,-6.844092009389703,2.989033106774583,-13.445992482745098,3.409589484493034,291204
Cavinti,2022,3,0.7759211352683003,0.1684558233453237,0.6479204214887002,0.15407653044499137,-0.6627524159909646,0.14771944224108902,64868,-6.814451535238866,3.225086452214283,-13.573907166623549,3.392249829117148,291413
Cavinti,2022,4,0.6862328460841465,0.2606408869768648,0.6715077908790458,0.2835742849733814,-0.5743093689605169,0.24543575275933338,85350,-6.8116841635878735,3.1695106277440916,-13.427250101942374,3.4564910924789674,291147
Cavinti,2022,5,0.7665104573735757,0.2744033735967891,0.6512543770879768,0.2251172551083405,-0.6466199894464821,0.2759691309461193,181911,-6.765334464279754,3.1154566315797854,-13.720592046365741,3.370300975515465,291304
Cavinti,2022,6,0.7750967803223588,0.19236273974743465,0.7108137397306604,0.2274108042953699,-0.6603623261801838,0.1790899347137486,129120,-6.776875186332801,3.272247962440413,-13.533420320154441,3.492171703777993,291077
Cavinti,2022,7,0.5701046178249822,0.1711337337037691,0.6692724475053131,0.20682664540006268,-0.47741789358400966,0.14894699429739827,65059,-6.651262262891276,3.2505574612342416,-13.251881446560713,3.342383128069706,291627
Cavinti,2022,8,0.7793508352418257,0.10435942020617626,0.7069775332929626,0.12479010989066372,-0.6669622645252835,0.08603013100983485,54523,-6.895091900752227,3.473675266637557,-13.414245887394127,3.377893209223925,291384
Cavinti,2022,9,0.7048955312277476,0.20416938499202417,0.6313778631481393,0.20390706925304247,-0.600614367379617,0.18772388580257993,147772,-6.958332985960929,3.121241619297123,-13.585794391630785,3.3703372400860627,291270
Cavinti,2022,10,0.8004365534191549,0.2723949832216716,0.6516802441964687,0.2583087996474935,-0.6853773086957351,0.2622155342818529,182556,-6.7719157627077005,3.0685148275770393,-13.307893128715577,3.4166523120526127,291169
Cavinti,2022,11,0.6924682832490561,0.21204715064983098,0.5828887876012504,0.2494003856818065,-0.5862974982486435,0.21792350377509126,151481,-6.4998130079746,3.071970469788368,-13.174271283602057,3.4868475489402466,291416
Cavinti,2022,12,,,,,,,,-7.2543579172057155,2.8337840485371215,-13.831583931213395,3.4634673713435715,291340
Cavinti,2023,1,0.6969079187743512,0.3480566329329257,0.5571493837125109,0.23122717618854088,-0.5783967794380656,0.3812240150257174,124325,-7.084205815722998,3.0100957841585605,-13.680132112245667,3.56209138890436,290707
Cavinti,2023,2,,,,,,,,-7.004212378448433,3.5344485605772165,-13.76854730117614,3.5214634470711874,290669
Cavinti,2023,3,0.6200397408752676,0.21411799396040848,0.5805734059592565,0.20894413583161586,-0.5253409244463931,0.20423483689407568,84726,-7.125118359189529,3.428158775651058,-13.67613971252953,3.4354747513449935,290987
Cavinti,2023,4,0.7462322423775424,0.16958351797617013,0.6627895878463302,0.1741045875679278,-0.6388894043941427,0.15089456362205153,138407,-7.084920002232237,3.2876845989643675,-13.649872848451626,3.407790987584688,290896
Cavinti,2023,5,0.7326173002278535,0.24194633623640346,0.6469066485658201,0.23391720597352686,-0.62469835427173,0.2246142727305882,186469,-7.153623446485072,2.89425557640433,-14.057398044858395,3.425393754227775,290544
Cavinti,2023,6,0.7390468974955027,0.37053845261558016,0.6596642225568752,0.3120243328546512,-0.6216287021737825,0.3544316157626755,142504,-6.720669910509574,3.4222998166281426,-13.601424891323328,3.321385802831871,291529
Cavinti,2023,7,0.7320291691795232,0.2266261265162234,0.6351359842769488,0.22514406201517836,-0.6152187740397849,0.21679647828104665,177089,-6.855878804473292,2.9609003525033626,-13.646294376256687,3.334613207480444,291178
Cavinti,2023,8,0.7510429506723784,0.19069477548962882,0.6687465247957385,0.20350730343617948,-0.6280307919795955,0.1899106246162563,162060,-6.998285749217117,3.3204302777273242,-13.623770797319079,3.4295101312513943,290945
Cavinti,2023,9,0.776134569356426,0.2763990364877385,0.5872621265072059,0.19839949960594752,-0.659422494025315,0.2792853073516676,228296,-6.880883529429696,3.351230160516588,-13.575393242287314,3.326174953199475,291215
Cavinti,2023,10,0.6564631973043729,0.17388600359022932,0.6458622451725301,0.8668034243894714,-0.5561422417383036,0.15212939321970084,47875,-6.7731337392127084,3.2935283956949006,-13.386319547090627,3.3773328170546675,291019
Cavinti,2023,11,0.6360110732907372,0.17452753009647703,0.6018841362962912,0.23008624089907811,-0.5478822470263656,0.15604769676828253,16564,-6.618708989904009,3.0831491999694576,-13.273390428414096,3.5754673911258337,291060
Cavinti,2023,12,0.6643296444589175,0.3153730916774308,0.5469065763216598,0.23084316005168506,-0.5541782488014498,0.33214981614988687,91878,-6.878977022175975,3.2745399233131995,-13.55190243263112,3.6195181564965377,290882
Cavinti,2024,1,0.3813687374395485,0.30398362749726576,0.13718058954868803,13.798843167442813,-0.30924347139749986,0.26610777865478874,1577,-6.942883685014621,3.1146253621197277,-13.641163588369741,3.571714948452854,290790
Cavinti,2024,2,0.7900832861928562,0.23056826666227492,0.5639326349594165,0.1750842058562038,-0.6865206573400248,0.23926777568111354,226667,-6.9966065638425015,2.954247616107234,-13.7694176205238,3.4019597788084774,290953
Cavinti,2024,3,0.6385441974660421,0.16387886588984035,0.575469200666064,0.1508450907530009,-0.5515086650921625,0.14229279697829317,82985,-6.994273553917845,2.8991567619991927,-13.573943981227226,3.3416973200960065,290941
Cavinti,2024,4,0.756859977310928,0.22706748581828762,0.6193459576147642,0.2937028110807609,-0.6539374600526376,0.20950200637338612,145220,-7.013512665060695,3.2782036177950076,-13.806718508421364,3.4624148158340438,290803
Cavinti,2024,5,0.7129706777230779,0.2550101854952361,0.5826766352084399,0.22224839697095192,-0.6148240159213834,0.2330424121016084,134261,-7.043397870608664,3.0511614105435747,-13.623452086230914,3.373926256418455,290813
Cavinti,2024,6,0.7387607708918345,0.21570582412939865,0.70437770328451,0.2159272589624961,-0.6145337816590354,0.20026732827935376,99778,-6.770209972568876,3.1540982785543132,-13.473771916997554,3.4265416257803785,290696
Cavinti,2024,7,0.5782041057622556,0.13757890999506395,0.6040131989669439,0.17813296618848434,-0.4959996604240934,0.11990646046116779,200517,-7.179132768643465,3.2394193402440026,-13.8012667381274,3.5753010384198296,291462
Cavinti,2024,8,0.6390257019242002,0.22160837789839963,0.6279269275786974,0.2482544389879785,-0.5401171178377706,0.2097029941581786,100925,-6.913014629124841,2.9926834646106024,-13.628470530395386,3.420155323236187,290404
Cavinti,2024,9,0.6046590642324425,0.13307687282544362,0.6664774422853215,0.22033142904533773,-0.5055275902905196,0.12015677266875734,554,-7.008806635038072,3.2681438303482544,-13.87592804416994,3.4752571599062314,290638
Cavinti,2024,10,0.6851198785770082,0.26519008024171115,0.6018798664436769,0.2376687876482049,-0.5669082880616841,0.2753786111289555,41919,-6.6298159451334335,3.1476412457408958,-13.166559805243887,3.4551387825439566,291395
Cavinti,2024,11,0.6577638713430991,0.20390017461416696,0.6335900270743633,4.600924120915835,-0.5668093656811812,0.19315631615846326,56233,-7.156004857447128,3.155344981550729,-13.837233072639373,3.5227077674604566,290007
Cavinti,2024,12,,,,,,,,-6.632085172704851,3.2226340214189877,-13.126694365358382,3.5892030610309256,290938
Cavinti,2025,1,0.5035952472059606,0.12824422073294353,0.5377129605404399,0.1705719520492205,-0.428870468992375,0.10697092160974576,21495,-6.760581116007436,3.1358228467357474,-13.292662646652419,3.5709756444913596,290945
Cavinti,2025,2,,,,,,,,-7.097543678452446,2.9227680793309334,-13.74564865057115,3.5060811094516127,290560
Cavinti,2025,3,0.7499958476989351,0.2213655508667071,0.6132599621296632,0.19127507021254703,-0.6457095541533712,0.21979427644674082,104552,-6.851055650911465,3.2555648975030858,-13.536755047900888,3.4886805426131273,290912
Cavinti,2025,4,0.7607962112202924,0.12959831136254474,0.6428539709404005,0.14164063654006892,-0.6642440219175484,0.10130561267633612,150997,-8.388285940148117,3.2362740323934616,-15.016430218802974,3.4883289562949114,291986
Cavinti,2025,5,0.7887446462227119,0.22138078976739978,0.6912118403809114,0.21148495069079276,-0.6672117959653056,0.20788069483787733,150183,-7.194007960187594,3.471827479341102,-13.970258641545986,3.487068503486826,290288
Cavinti,2025,6,0.7921338170296374,0.258086446019187,0.6559380634774981,0.21202115658506876,-0.6690978633664292,0.2622606727794589,232106,-7.6523010355842525,3.3598371181739473,-14.090079764082157,3.361704360353838,292229
Cavinti,2025,7,,,,,,,,-7.654229689360395,3.0563940717272833,-13.865125602656102,3.412327113390824,292210
Cavinti,2025,8,,,,,,,0,-7.182210317122085,3.9559593599129674,-13.588030368705414,3.5195327099768083,291895
Cavinti,2025,9,0.8113503524995528,0.12336908149279835,0.7957520248996238,0.1436236647063788,-0.6960824241218501,0.10298305200132976,5337,-7.058981282357009,3.5405201055893207,-13.294061854906968,3.3802087067809747,292266
Cavinti,2025,10,,,,,,,0,-7.022057185492496,3.4288631097267728,-13.659575934058084,3.667291456961258,291835
Cavinti,2025,11,0.7485929029030394,0.3078586428542332,0.5317227537572213,0.1909412370646891,-0.6359572141605554,0.3378141278954259,214903,-7.21087414105621,3.446334362925832,-13.525532737552904,3.4681340473453828,292228
City of Biñan,2018,1,0.42303469266336113,0.298929930754202,0.26191800628839346,10.68507184731,-0.411581605326105,0.25363001506539096,87200,-6.461392564733133,3.7324753177727326,-11.998014002285466,3.846265549090256,95448
City of Biñan,2018,2,0.3814929099574749,0.2689686823291167,0.2847283022711345,1.8717996224633273,-0.38545273685419196,0.22914798008509943,85422,-6.354613352274653,4.237448875087187,-13.013512083598764,3.851226177585344,95450
City of Biñan,2018,3,0.3346527828357553,0.2389732910049877,0.2479446443204241,0.44750008730803487,-0.3548569890404632,0.20402936359763948,94147,-6.354513516747013,4.193189087563313,-13.234364644958838,3.97683529762081,95444
City of Biñan,2018,4,0.288812810635818,0.22678166496715013,0.20638368781102892,1.7281757041110926,-0.3244156049935384,0.19805956913071482,79748,-6.60603423245276,4.376622961909322,-13.441707766194623,4.118003240503843,95446
City of Biñan,2018,5,0.30967063022755836,0.2614712550735505,0.21133941818902155,1.5240496419138347,-0.35002004048274865,0.23204156309789556,95450,-7.232367046004186,4.214378710693015,-12.836949309284675,4.5405121007548015,95416
City of Biñan,2018,6,,,,,,,,-5.587910796042742,4.230158147401677,-12.652855066073801,3.715096785447239,95444
City of Biñan,2018,7,,,,,,,,-6.050117540686844,3.699996820923345,-11.790834591916607,3.8395698235811833,95423
City of Biñan,2018,8,,,,,,,,-5.915254454440455,4.03261367164863,-12.914653347289073,3.851606062002033,95395
City of Biñan,2018,9,0.42238172760261306,0.23729893831862386,0.44069279442529613,0.29571093599442805,-0.36675346653947793,0.1930467290578307,17001,-5.960119283947168,4.171921254713311,-12.81339768087534,3.9008129105322142,95387
City of Biñan,2018,10,0.4312907311605422,0.2872412597908441,0.3341723212599983,0.48858331839618696,-0.41833142536725554,0.2362585963908094,57866,-6.158406601708722,4.197533839318112,-12.98535453459133,3.9506924518774102,95372
City of Biñan,2018,11,0.4036703635058903,0.2888745508165778,0.29380487021294166,0.5696264894462042,-0.3997501338702631,0.24299776044671087,65842,-6.234670695245686,4.187319767404759,-13.06626002396459,3.9358306858955725,95395
City of Biñan,2018,12,0.40057253329327036,0.2670260749610154,0.30182024911027233,0.9041539443256965,-0.3901786524452185,0.2271230580967066,78627,-4.702361703821067,4.197573293215041,-11.884111275157668,3.6507223136592866,95409
City of Biñan,2019,1,0.3528244775776175,0.20847390907062496,0.3037530189207741,0.20922493707000525,-0.33659016335649966,0.16813959389220984,9356,-6.201869645465856,4.235877385924458,-13.194008035615704,4.014684159277624,95400
City of Biñan,2019,2,0.3991014633910328,0.2537425323077715,0.3760010861898191,1.7066085909437343,-0.3709254026338995,0.21435671695228478,18655,-6.408246797743817,4.343793752053187,-13.457557081183726,4.23095522857844,95353
City of Biñan,2019,3,0.3224652428163592,0.2610809333128021,0.2281848615247959,0.44064326670712983,-0.3547206825479526,0.23126675872351402,92070,-6.6081479061739525,4.535674351534947,-13.538834579953788,4.350531421807111,95376
City of Biñan,2019,4,0.30770409599212395,0.21252711940732644,0.2470019512404462,0.2349569386687736,-0.3270898138330338,0.18022042471170005,73490,-6.712888567798988,4.544332010907441,-13.63673474995587,4.398168775794695,95366
City of Biñan,2019,5,0.4092467002499378,0.3052108025143476,0.3227826501660746,0.6480238381229063,-0.3910085640602769,0.24723436068503912,78434,-5.161978960904089,4.313236027268767,-12.266276257073741,3.7675039808676827,95401
City of Biñan,2019,6,0.38466096262027427,0.2571653245938038,0.35161655937969943,1.90144333480331,-0.35910780700842954,0.20996869741603066,44207,-5.422303734762337,4.242871181466546,-12.534821250043661,3.7050113117671755,95416
City of Biñan,2019,7,0.4124908092253177,0.3099587910123972,0.3364173722056854,0.357708021753906,-0.38711352490254897,0.25781382443665113,61749,-4.986729967961157,4.191225344430681,-12.207858137045177,3.6092060931564798,95407
City of Biñan,2019,8,0.4389634885649792,0.2688580267794453,0.4169188643633313,0.4828856565735436,-0.40244385761051016,0.21388460906889473,45346,-6.036501422071742,3.7604456719085655,-12.007402434775479,3.936774655674757,95373
City of Biñan,2019,9,,,,,,,,-5.777868930157308,4.104075136494882,-12.709704812879256,3.798854575021137,95399
City of Biñan,2019,10,0.37543728436525875,0.278300645093677,0.2973534154339563,0.2646947362540757,-0.36780779073420844,0.23681620845159737,66189,-5.527619664609861,4.109155222155471,-12.447844455789962,3.642851908463137,95388
City of Biñan,2019,11,0.3008819750905877,0.15023249045239442,0.2872485138465079,0.16577274153423158,-0.2559980287404593,0.12143598262774388,16743,-5.562702560975594,4.052715049893989,-12.588068910247623,3.7019340802417506,95378
City of Biñan,2019,12,0.4033633476752959,0.2651473391513086,0.3431772290627822,0.29101217858576406,-0.386803014634141,0.22525835481958884,36586,-5.985251114618649,4.129979079425982,-12.856883147458255,3.862023886898043,95385
City of Biñan,2020,1,0.3877040962347743,0.28824319071113136,0.27693411905487525,0.2709137036969713,-0.378615927041339,0.24594254368184398,63911,-5.971298676224869,4.159368036448298,-12.888203858079002,3.960985260162733,95287
City of Biñan,2020,2,0.36443326705199336,0.25245893246162554,0.25687938989693104,0.538771736413774,-0.37638299813381787,0.2089059116274977,95285,-6.35228675565037,4.337464973203668,-13.33765597491088,4.128399652956028,95377
City of Biñan,2020,3,0.3165556397696669,0.24820151384669373,0.2381840387939328,0.2074785600546328,-0.34202345859484684,0.21443534843596895,66749,-6.446854076905662,4.443067825638869,-13.346914817605992,4.204089142902381,95360
City of Biñan,2020,4,0.28126816807042043,0.22431629009479512,0.21407303348360293,0.8220214519837925,-0.30651318189680105,0.1976530935854146,84190,-6.564793773962969,4.54326757392826,-13.536718816667216,4.254036644412397,95381
City of Biñan,2020,5,0.3787118653617791,0.2995840138113284,0.300541316366669,1.8254152781622848,-0.36387710451360444,0.244865465416399,67179,-5.775690630351839,4.4023659948245655,-12.722549215473213,3.9665255321842112,95406
City of Biñan,2020,6,0.4242283500280605,0.29775250899701355,0.34006512391492716,2.1747672353584124,-0.4061074079776763,0.2322001571154164,56368,-5.919711936222367,4.208704977778078,-12.91061527855869,3.8262598714154974,95423
City of Biñan,2020,7,0.39494315597983326,0.2866399490824932,0.3262451511517952,0.6602654394311999,-0.3750272546501063,0.23604615166634715,64789,-5.431211790265172,3.705669271754593,-11.443573526906318,3.7414912475320343,95363
City of Biñan,2020,8,0.44149362380717644,0.28102619074949786,0.3705670079020108,1.0139424689218735,-0.41249971185264267,0.22631032952026553,66981,-5.65094294824261,4.078217140692611,-12.548280854990745,3.7411753927451197,95398
City of Biñan,2020,9,0.4156161364214958,0.2923051792865477,0.37567496651302607,0.455037651075861,-0.38773096834360277,0.24383437232861044,58529,-5.847969645516881,3.646656272111614,-11.776126398289138,3.839404112699947,95306
City of Biñan,2020,10,0.40550009962957695,0.27090520043190597,0.3324643994135193,0.46926068792010095,-0.3821150335271541,0.2250507818314716,62343,-4.028144718394172,4.18162070976816,-11.403419276151476,3.48706852127259,95418
City of Biñan,2020,11,0.3540342001405188,0.3323541933176588,0.30550694133193806,0.24359832432044085,-0.3347544308175185,0.3083151224749851,13382,-5.297002941536495,4.202144451620819,-12.395154571535235,3.841019453486152,95323
City of Biñan,2020,12,0.4321766330778706,0.28608067090657957,0.30449944583900357,0.36310572810897385,-0.41329927881007594,0.23576101978856015,52836,-5.545321807143342,4.25367129439478,-12.577323162752874,3.904601414607495,95311
City of Biñan,2021,1,0.39290194421626057,0.2638136167237797,0.30672534494711245,0.6131025179912838,-0.3676254580883991,0.22426149889982927,75165,-5.5743043185755825,4.098946129422101,-12.717133289808421,3.927251548237964,95391
City of Biñan,2021,2,0.3966665688445398,0.29727032731980574,0.2864658627182457,0.7144090666151548,-0.3929707322030951,0.25209498561137134,82955,-5.046017005009339,4.467405784335,-12.291214841288799,3.8434452506463317,95386
City of Biñan,2021,3,0.0027854042699410825,0.07348199023704732,0.02353874910737172,0.30478169929397747,0.005040561027791619,0.0825490754559804,112,-5.979853163015386,4.346643897798043,-13.080026689716117,4.157702561136787,95208
City of Biñan,2021,4,0.2987500508252336,0.24737861448031262,0.24533077260064956,3.7267103215055943,-0.30688244638332124,0.220307634465572,36532,-6.009662343559429,4.33978582594652,-13.053133923758555,4.145630381065924,95336
City of Biñan,2021,5,0.29933199356085627,0.2453249579820044,0.23290998747008582,0.6028641377044036,-0.3246252062357637,0.21317737689567864,75252,-6.2101168047977735,4.536879695245803,-13.299319000619587,4.296173353589153,95339
City of Biñan,2021,6,0.3179530796131169,0.21202908755853656,0.5571898328058301,0.46920641734147034,-0.24092818554589382,0.17966047359045703,36629,-5.835763075367341,4.29924551929797,-12.92716296982625,4.0412240048761525,95351
City of Biñan,2021,7,0.5681064283011587,0.2907696833529069,0.6312001027498304,4.279708580298854,-0.48824258266296405,0.23783714236728243,13118,-4.605887022203873,4.218186095206474,-11.936581045111044,3.739274082502027,95316
City of Biñan,2021,8,0.08866027976631213,0.20864261039856288,1.610042652297521,76.94624879924866,-0.0393250912310439,0.19298021525250422,3060,-6.061455463435493,3.9125311508347687,-12.037819572945905,4.067017029969988,95216
City of Biñan,2021,9,0.4391326346089244,0.3198251254302061,0.3221592692484701,1.865279280571733,-0.4167769325341869,0.26341416383033156,95372,-5.504348667093287,4.34156437932399,-12.518468768825796,3.84653413621943,95319
City of Biñan,2021,10,0.43553167545547683,0.3133117889075907,0.31314455039853384,0.8516337007718392,-0.42123361114431357,0.2625483049685697,94453,-6.106964683115206,3.7490155684534563,-11.988515940677525,4.143891935222789,95139
City of Biñan,2021,11,0.0005574752022525417,0.06615621722713172,-0.009576039328266167,0.15693768254944557,0.01930646058619233,0.07665108561464792,177,-4.9955996272902174,4.277822031520134,-12.29339322788801,3.8172330322803174,95344
City of Biñan,2021,12,0.3872951884086655,0.3202219332158037,0.28400227676074835,0.46066361909647957,-0.3792758368459063,0.28306693038457464,50617,-6.132915575863679,3.7091717183731427,-12.040134771227907,4.073993162901271,95258
City of Biñan,2022,1,0.28657657032556383,0.2391671656195437,0.2374628847035405,0.33201734421863915,-0.28491515737034967,0.20980606992091727,35012,-6.309246272037042,3.926855580742108,-12.146663599154698,4.184716448610579,95285
City of Biñan,2022,2,0.3564277013724339,0.27786278966330535,0.30171019926395926,9.655014060952222,-0.34701798378721754,0.24130052064779173,62514,-6.217943640579658,3.861813910208678,-12.014630844113537,4.180353781586199,95252
City of Biñan,2022,3,0.33498075236115427,0.26940708736753755,0.23849235272438227,2.9316971441191897,-0.3600933401191584,0.23421460625971605,72998,-6.405597916652315,3.8547458939806445,-12.203524261612184,4.175214670613433,95269
City of Biñan,2022,4,0.1312487299089711,0.24022566738666282,-0.07040534819723754,14.283126157668462,-0.10977253823279198,0.22396663563866265,16587,-5.930527928876979,3.723736754758685,-11.868351265502787,4.059171555582071,95236
City of Biñan,2022,5,0.39466353599032783,0.29437279774686387,0.31204958363906227,0.8894583128574255,-0.3781779105995659,0.23901846906973992,79324,-5.385098288385701,3.7210767746928517,-11.519828776696126,3.84446517706942,95329
City of Biñan,2022,6,,,,,,,0,-5.3749056357786635,3.7587063801407226,-11.507310377347581,3.898134760907592,95298
City of Biñan,2022,7,0.43456781447374404,0.34184936546323674,0.3366666702171214,3.7051325007394253,-0.41543280549319034,0.2857404980015584,94645,-5.244888014105649,3.7233266369979696,-11.32719048081407,3.7941355359239664,95355
City of Biñan,2022,8,0.3692917530155117,0.26287618964741105,0.3079673191067847,0.24284070255238627,-0.3545436950727484,0.21658052915204273,49080,-5.897425438096811,3.7643250019431043,-11.768406201600975,3.939073262804518,95294
City of Biñan,2022,9,0.4158521417267001,0.2856272233166297,0.363859969806197,6.562048621720008,-0.380630652691614,0.23944002361621075,59053,-5.233470796734752,3.8160812910454776,-11.238543341214324,3.8357142250057463,95331
City of Biñan,2022,10,0.37844593017242756,0.24605099620361098,0.35537826452022964,0.22269316971333425,-0.32952400632819956,0.2304984091783567,17340,-4.976043571774961,3.8557945547443406,-10.964893634931014,3.877312765610007,95355
City of Biñan,2022,11,0.3800638912299958,0.2575255554931543,0.29022402135598563,0.3029519034075885,-0.3681176606749384,0.2013716789059247,42861,-4.535831259066143,3.6780672869012245,-10.800414729780973,3.750679788075376,95370
City of Biñan,2022,12,0.40723049247535775,0.3091123368404393,0.28080886827070894,0.4158558421044916,-0.3967049366411875,0.258172062032291,85000,-5.963202431554401,3.67804507945748,-11.842006064508972,4.051310513017642,95341
City of Biñan,2023,1,0.4422912412004801,0.3018486304592893,0.30218814946694206,0.3980850778126216,-0.4245242044438882,0.2457110716660132,88277,-6.183444969995292,3.9177159172622904,-11.982240140893843,4.2285329706921795,95309
City of Biñan,2023,2,0.3397126638080082,0.2320940819426227,0.3144199178103439,0.22847241257675985,-0.30960744755992387,0.2003980206579756,22058,-6.114984455342015,4.035434626005401,-11.926411730287725,4.212668415867553,95331
City of Biñan,2023,3,0.309824327333319,0.24186707313323347,0.22526783654042487,0.3564071672278836,-0.3370878365292249,0.209648269874496,92490,-6.361686146778106,4.09431935989249,-12.136526950734586,4.382891548984535,95306
City of Biñan,2023,4,0.36256680361213844,0.25399942434589723,0.2881564580340681,0.2693042206528992,-0.36609595507265047,0.2063214738938755,81054,-6.075675399152437,3.9291926012623586,-12.017017166323756,4.302376051088061,95236
City of Biñan,2023,5,0.38402302833202195,0.2605591067438587,0.3777263318927293,0.28651788317568067,-0.3576294145506668,0.21261858984825965,63842,-5.995627602469558,4.0135658990914065,-11.946743019926856,4.329882336865051,95244
City of Biñan,2023,6,0.41905222192441755,0.3426780973137411,0.34372475675336817,0.9937826033163992,-0.4095319447285161,0.2821396174279599,63474,-5.223705645722101,3.843608831261452,-11.276682173278601,3.9095137731965606,95339
City of Biñan,2023,7,0.39821294222229825,0.29076421939371205,0.3204470946358404,0.3714591801099587,-0.37966011687235585,0.23031772436083942,70432,-4.967982405728014,3.771202678451395,-11.193757086785252,3.9747688940774664,95361
City of Biñan,2023,8,0.3811492358335505,0.2570903223915195,0.36721644395696457,0.2667484110833154,-0.3468476459047968,0.21797528869223748,31122,-5.207129960284663,3.976020442497376,-11.365023660255082,4.056146140565568,95281
City of Biñan,2023,9,0.3988120145972721,0.31440520610212463,0.29029350942815496,0.7465369119734732,-0.38101544251788766,0.2720715561257905,48428,-5.236718701029688,3.9255781000074275,-11.290955986520139,3.976857082206857,95356
City of Biñan,2023,10,0.4046447587907215,0.21055918505288512,0.4305535369288433,1.1916853568198693,-0.3633796420063735,0.17928737142819268,10921,-4.769526821551583,3.940290687696387,-10.957453165266712,3.956664034977834,95300
City of Biñan,2023,11,0.37385688256119054,0.24151133141154493,0.2645890129601494,0.29702837345183397,-0.34455493489369404,0.20262010808442,41265,-5.22797324758178,3.878458622066679,-11.243670227800498,4.00660343651925,95372
City of Biñan,2023,12,0.35437611058268154,0.2896631662326448,0.24096130764732548,0.20535269916268414,-0.37261353999395896,0.2474645789274118,43239,-5.238259432719657,3.8491488208992193,-11.348934896340133,4.060862721612053,95248
City of Biñan,2024,1,0.3866996969926392,0.27309165838827093,0.27222423527719225,0.3460797347952379,-0.3842836439611109,0.2328564689104992,36921,-6.007011576225055,3.9391682749523733,-11.78061620754083,4.231505511150708,95394
City of Biñan,2024,2,0.33981252540868506,0.24970233725297974,0.22437951216208699,0.48352396660717956,-0.3725977326575263,0.2161550598136764,93453,-6.0913477910517075,3.993884238978714,-11.996475420459937,4.366586307046267,95240
City of Biñan,2024,3,0.2766648136423544,0.22863706288015367,0.20467680943530422,0.18743397899086212,-0.30317687763424894,0.1968987412455526,48991,-6.209326860736147,4.106123577171441,-11.881795324121741,4.264804419456984,95415
City of Biñan,2024,4,0.2939756671157775,0.26166732071997023,0.20077463130899356,0.9439769218880475,-0.34481394883403826,0.2387920661839785,95450,-6.379959916017341,4.231814696738851,-12.392417991768736,4.659712664377562,95158
City of Biñan,2024,5,,,,,,,0,-6.22788090212344,4.140565256104386,-12.054957747915044,4.3551609750912155,95411
City of Biñan,2024,6,0.3693261600183863,0.23610305427022626,0.2891218585167019,0.22700953448345948,-0.35663592598262583,0.1862085317403998,17159,-5.384732021372206,3.791043016868131,-11.207834569880255,3.844470528247861,95431
City of Biñan,2024,7,,,,,,,0,-5.075799720395944,4.3104433818406545,-12.178975191204964,3.9861998427642913,95350
City of Biñan,2024,8,0.3724567304130406,0.2515637853837593,0.35531524131709974,1.0279436412211778,-0.3481163308264421,0.21247966416781253,34271,-4.748502264700033,3.95883577013976,-10.877353115699792,3.794671205328397,95432
City of Biñan,2024,9,0.42196333884187526,0.3008987934065585,0.31813746188916525,1.833591422024821,-0.40197185464214086,0.24690635679177791,57189,-5.542004892359646,4.038577569629641,-11.58547325731722,4.10780690474269,95267
City of Biñan,2024,10,0.38525713385605026,0.33591077529592805,0.30768088809952715,4.297041239274224,-0.37138060809102585,0.29030277332811305,72174,-4.584607368622469,3.935893944984834,-10.759373751601533,3.7987927828679826,95357
City of Biñan,2024,11,0.38495668701096436,0.2940480546633795,0.27040870272217965,0.30334240682568664,-0.39082418106592975,0.253471844125652,70071,-5.8263320930797935,3.9110397809096833,-11.788613859324784,4.20602891919144,95288
City of Biñan,2024,12,0.38211582510766273,0.27101826141063134,0.3197039260285841,0.30608941380670784,-0.3650697131757727,0.2236816060775556,32194,-4.695056792675126,3.955603944516452,-10.69547432650454,3.874367807718856,95438
City of Biñan,2025,1,0.3921145140282474,0.30609269409533557,0.2927408086888508,0.3765033051253154,-0.3932106264430046,0.2644660801238786,77323,-5.241428514766398,3.8469399023361337,-11.336401797616814,4.07831505526903,95190
City of Biñan,2025,2,0.3773739409588341,0.29164279998274695,0.28023479490115166,0.9750554600658093,-0.3675829099165555,0.24376745359448057,94826,-5.903549244312398,3.9686397889910427,-11.714940314224553,4.2055792097971025,95403
City of Biñan,2025,3,0.3503847747777434,0.2667822020465963,0.26019233434967015,0.6434943551142304,-0.3609542676773064,0.22848066883486787,81738,-5.894878366748147,4.002496690439213,-11.812988596060817,4.270132039639163,95321
City of Biñan,2025,4,0.29342039089203287,0.2100249470912389,0.23878107856626699,0.21115305251488714,-0.3213569172857082,0.177599857612646,63170,-6.451497278573616,4.55636788276544,-13.68097933124752,4.261804610749489,95406
City of Biñan,2025,5,0.32204212886865324,0.2692184478482246,0.19811555864076216,12.946029237479552,-0.33798464553795443,0.22696579401313147,70519,-5.551117959245701,4.037221655783099,-11.449732936434133,4.082096038800518,95418
City of Biñan,2025,6,,,,,,,0,-4.141066181831164,4.502279273498566,-11.753696958423058,3.754062366322267,95442
City of Biñan,2025,7,,,,,,,,-5.328227413174103,4.332173955016327,-12.375865217322485,4.051136103377747,95435
City of Biñan,2025,8,0.38039882107081957,0.3463861244542063,0.3230862302411808,0.4503226691179393,-0.36008325860371715,0.31191987139011174,27054,-5.350362972472916,4.105186006463935,-11.548544224547035,4.042659722294344,95447
City of Biñan,2025,9,,,,,,,,-4.577941647462039,4.4410477782062,-11.881796384653956,3.7540324618485457,95449
City of Biñan,2025,10,,,,,,,0,-5.3189066647949215,3.944181583863635,-11.513062391606224,4.078877094471976,95439
City of Biñan,2025,11,0.3987782064534836,0.31780977842037633,0.26272565671319925,1.6592160046293496,-0.3852148469349133,0.26894903187911035,80405,-5.102191507213964,4.36799888912855,-12.202482186421443,3.8625258415779657,95449
City of Cabuyao,2018,1,0.47166389807529574,0.2530818612044511,0.37917932783253333,0.2330440798935808,-0.42921083608227173,0.214540966783659,75836,-6.770120201451504,3.1858723778755347,-12.281471907936877,3.5344118541157283,120252
City of Cabuyao,2018,2,0.5143215289326618,0.2939809848411337,0.39253090498532844,0.2766023099652487,-0.4864582639689125,0.2289808678478627,108773,-6.3599311210589216,4.173040491490167,-13.587279669880862,3.2346985873891234,120253
City of Cabuyao,2018,3,0.3787988066317255,0.2502520014374322,0.3158186731119661,0.27132141297768125,-0.3755731319987471,0.20711608798028505,47969,-6.532524516225756,4.264523694674301,-13.899276980160247,3.306011572598194,120252
City of Cabuyao,2018,4,0.3559167613367649,0.24930233535545804,0.2734499821684207,0.27199457847695185,-0.3807023449452725,0.2021722336682059,98805,-6.740279643128388,4.3108343809480605,-14.005549335992027,3.337948332252534,120252
City of Cabuyao,2018,5,0.4156639368099655,0.29512532677832526,0.297226087085852,0.3632579972288682,-0.432540705911326,0.23577373968472068,102840,-7.670051006877187,3.5340104414255804,-13.131888136560246,4.030746904258627,120247
City of Cabuyao,2018,6,0.40998188886183,0.24973711906587276,0.32778978995456826,0.23957646207138944,-0.3625516421500167,0.19056295102869134,24612,-5.834049480697954,4.313170514319071,-13.509930280721381,3.388943163919845,120253
City of Cabuyao,2018,7,,,,,,,,-6.6230241037710424,3.3167382621053725,-12.412700247865423,3.8242401005822044,120243
City of Cabuyao,2018,8,0.410940059870901,0.18589879930853653,0.49004280264489347,0.2887216355610245,-0.34322920304727067,0.157561221811639,932,-6.175608926146927,4.137318586145161,-13.797896717801988,3.3359749287294855,120236
City of Cabuyao,2018,9,0.6496504456865871,0.20846424587706172,0.6699927155038198,0.24308728263874133,-0.5589262772002491,0.17098540395289452,16870,-6.161966556052687,4.339981322195188,-13.537258475205622,3.3329290835362544,120229
City of Cabuyao,2018,10,0.49486505515992585,0.2956827907411338,0.39388059076691684,0.2732170650807918,-0.4679462081447952,0.2314964298047189,98183,-6.403504983685766,4.279014819344929,-13.775275383319089,3.3443024627187716,120230
City of Cabuyao,2018,11,0.4854795021172805,0.2736500276869283,0.39667719176753646,0.5977807958738596,-0.4596643252878258,0.21491779790646226,76049,-6.336030343178416,4.192645143729835,-13.9005637913619,3.354412440806834,120248
City of Cabuyao,2018,12,0.3607253905784897,0.24223779499454565,0.2649957518495657,0.20606482067830664,-0.3309929717454916,0.2159530592431815,25181,-4.978440378688877,4.218496530629749,-12.68131168637955,3.214964814364404,120236
City of Cabuyao,2019,1,0.5271735782648642,0.2283673441400821,0.4953498024824671,0.23529223100448796,-0.4739507318139027,0.18008937005521075,41502,-6.2639165018525915,4.228391947137767,-13.942764334596982,3.457252916391143,120238
City of Cabuyao,2019,2,0.6961959226841768,0.1454622165254087,0.6404720067176427,0.17438791681389926,-0.61328797995321,0.10821791839293111,15269,-6.526294827696837,4.341092223529201,-14.146134993446804,3.5566515585871894,120234
City of Cabuyao,2019,3,0.4231934372955152,0.285191686450536,0.31824705310221935,0.2653551826218852,-0.431876143985038,0.22717047355778525,105819,-6.740940672052841,4.451708457063156,-14.21485456782269,3.6115532253433065,120239
City of Cabuyao,2019,4,0.41867757652378235,0.2491974243414,0.32919673235942676,0.21352413327925282,-0.4199930885225668,0.19235748809670325,100189,-6.962859408398642,4.5190082280962045,-14.34341668976058,3.701361210637469,120236
City of Cabuyao,2019,5,0.5252570801251336,0.3245903498032791,0.4177901711186268,0.31198978190460974,-0.48031758570373834,0.24433737944114955,105705,-5.860219953195521,4.299456529062964,-13.457558697335825,3.263094311763708,120251
City of Cabuyao,2019,6,0.4938547108375737,0.27922996644598475,0.4179490171637549,0.27041471860914146,-0.44937881545860775,0.20933328843922017,96334,-5.701706580472236,4.21668508441468,-13.420264963252775,3.126127168464025,120253
City of Cabuyao,2019,7,0.49547331348843165,0.3037044163982929,0.40460668503128344,0.4832414162425726,-0.4516730539763192,0.22985760557714027,86736,-5.280997993431729,4.417046610886259,-13.201448181629646,3.438889117357509,120248
City of Cabuyao,2019,8,0.5258310992959867,0.284428129684667,0.47961044431003197,2.4249451523055563,-0.47002018571819115,0.22515813404441268,58681,-6.824282626009335,3.3332826153998134,-12.70951507677543,3.7916291229520573,120240
City of Cabuyao,2019,9,,,,,,,0,-6.049885604354648,4.22588497993299,-13.635769043712902,3.358101129901204,120239
City of Cabuyao,2019,10,0.48019460700221805,0.2925572327551799,0.3741644868615908,0.2538711219042555,-0.4551893124275493,0.22266460035054186,85479,-5.273381790132688,4.198581865180495,-12.758068098692199,2.8897619041098084,120250
City of Cabuyao,2019,11,0.4421022001766788,0.2253356717278159,0.3930142559923799,0.22450920646322803,-0.4097976043388091,0.17239039808615228,68976,-5.467934352260931,4.13476795609455,-13.133898712375112,3.0201372656408165,120253
City of Cabuyao,2019,12,0.49381089279280965,0.26457269015218177,0.40422194856843213,0.6161351949332974,-0.4556770896453104,0.20739486763273832,68146,-5.915863181523482,4.083723631960606,-13.55181854995443,3.1962146373790237,120253
City of Cabuyao,2020,1,0.44611150707470015,0.2857097645824388,0.29326796397006755,0.21667668540118368,-0.4305543512219839,0.2195975829876219,100390,-5.868876450636186,4.114466268955157,-13.299491351154021,3.328950677568247,120235
City of Cabuyao,2020,2,0.4557126453079981,0.25650723054978847,0.3198943250816733,1.07204546171384,-0.4372342565566261,0.20099558261747655,88563,-6.384426008505953,4.294070448159475,-13.983306572727983,3.3853445971425833,120244
City of Cabuyao,2020,3,0.45929426527038925,0.27445067904411724,0.32439698572452375,0.21344031655835768,-0.451170590670267,0.20970119899571088,114616,-6.541110637470568,4.382820230762893,-13.99117859121901,3.381498866358959,120251
City of Cabuyao,2020,4,0.3985758192164971,0.2524433772775898,0.3136817736913469,0.22717740188199387,-0.3960532824079539,0.19548543948254538,103426,-6.720018014707519,4.519701486366921,-14.318891256137903,3.552568897122693,120252
City of Cabuyao,2020,5,0.45486947635573977,0.3006882580962218,0.343179764405794,0.2644539466830562,-0.4258898314031344,0.2239841350942898,84593,-5.999346487102933,4.380126139621146,-13.572917405789271,3.32707517695201,120252
City of Cabuyao,2020,6,0.5276624189258362,0.31624510270678735,0.43153669765876185,0.30104700728178785,-0.48239893044513277,0.23611454323691775,85122,-6.045531594459198,4.292968324320765,-13.808662863803026,3.335323546992333,120252
City of Cabuyao,2020,7,0.4790492820930732,0.28912840451025495,0.39720045773758483,0.5719385514356213,-0.43622001188649223,0.21618013892958854,97443,-6.268567289650373,3.2179994300498915,-12.186855289915846,3.6289891096813864,120240
City of Cabuyao,2020,8,0.5358258060066544,0.2925553971041697,0.43480565062190013,0.262139078394247,-0.487132752956671,0.22720598093170888,84896,-5.859861697570613,4.241318744054728,-13.512520125153227,3.3317072185838357,120253
City of Cabuyao,2020,9,0.4419196601690779,0.2554069949173933,0.3955936138563069,0.9184533246166091,-0.4022763050085746,0.2010826239060701,94778,-6.710577191613894,3.2292778721660915,-12.41523673561504,3.5722466164177,120247
City of Cabuyao,2020,10,0.5324166899081704,0.2972912657568676,0.4093662344969712,0.4698841642071957,-0.4855988163959987,0.23013890409532387,83485,-4.187553879202906,4.335090147808509,-12.068617034346206,2.9419348512439663,120253
City of Cabuyao,2020,11,0.5632083107363821,0.26295812544743713,0.5247469406406183,1.4221458443454666,-0.4915577038402121,0.2197483462358741,13026,-5.346319039477942,4.214404285220634,-13.13106217038672,3.288097166344136,120228
City of Cabuyao,2020,12,0.47298795674877175,0.31256203035684244,0.3223687868793232,0.2625781992832591,-0.44854930281643807,0.2500112678156412,95106,-5.531099534636819,4.197903933753074,-13.351424509794429,3.375083612863596,120227
City of Cabuyao,2021,1,0.42141911743346744,0.23456568097029,0.3617735533475173,0.2981210730066807,-0.3867220705186015,0.18785812784021336,24873,-5.663055661527771,4.182818658904687,-13.524237149623703,3.3293310873293165,120244
City of Cabuyao,2021,2,0.5058202974729462,0.3062484908845557,0.37245281439587846,0.40939309733323415,-0.4759576068648479,0.2356886467004701,103972,-5.064815700094837,4.488954918316639,-12.876322443969626,3.238492349857415,120240
City of Cabuyao,2021,3,-0.001823360907120545,0.06020219859545408,-0.0022605531803185715,0.16083382067265314,0.013751504999020376,0.06580076491790986,89,-6.13769183285891,4.416360016423879,-13.922431286195273,3.473148551559513,120192
City of Cabuyao,2021,4,0.4686455518713422,0.25406288495480417,0.44596751296222165,0.37974227094598634,-0.43610546779213644,0.20025501906293508,40887,-6.117770255086351,4.464718418753039,-13.885016147045457,3.5081025853940666,120221
City of Cabuyao,2021,5,0.3660490645600679,0.2542985911079133,0.28396601272022265,0.6629270364888944,-0.3837380162032905,0.20047797368334425,93951,-6.285992176785783,4.56049385367178,-14.088507423277028,3.6646423804706663,120226
City of Cabuyao,2021,6,0.36981410471364234,0.21694309437338027,0.4433280462836821,0.5002451124263242,-0.30094949823622313,0.17863853356427312,41217,-5.732685939985164,4.55719810714809,-13.72028273056998,3.7473833503810012,120203
City of Cabuyao,2021,7,0.4341297113815322,0.3223464305930937,0.45285964917727045,10.127294838883337,-0.3940520674942549,0.25315653668138566,50517,-4.949453208716376,4.424852185188953,-13.121806291844084,3.587694466947195,120201
City of Cabuyao,2021,8,0.43914430694425893,0.32743239813591773,0.435982274448406,8.81538375998295,-0.37849149428811313,0.2722689285999283,28793,-6.867128845629249,3.425201621379682,-12.746689456270378,3.857086356182324,120192
City of Cabuyao,2021,9,0.5471094824804306,0.3271272161985759,0.41699637672662254,1.4614985635947686,-0.5015051705190168,0.2531376652461338,112932,-5.884937430828833,4.388907189586877,-13.57431340073421,3.3801017903210626,120216
City of Cabuyao,2021,10,0.4768675306134362,0.30507435257143944,0.3706648821901397,0.6161536030276226,-0.44960443362346547,0.2466348502939191,54485,-6.665610136007441,3.2248471527101668,-12.48058407539629,3.774289747363196,120172
City of Cabuyao,2021,11,0.6766124944752177,0.21137283530681003,0.5861073062011669,0.2172403806196188,-0.596904462949694,0.1762856131447928,6831,-4.966553313839861,4.377336286186823,-12.992508500584401,3.2080627145142553,120202
City of Cabuyao,2021,12,0.5024754644997775,0.3130731573094337,0.3606875218837001,1.0190960996601726,-0.4770756607226556,0.24981254295947036,86099,-6.791962829738626,3.2163657733484863,-12.648911906636249,3.8316583467237724,120195
City of Cabuyao,2022,1,0.20798815193120385,0.1740215112690647,0.888256588378704,17.539287461359482,-0.16764841744555004,0.12674590200134045,772,-6.835818448274235,3.3377843870769235,-12.697142084878424,3.897894103658489,120191
City of Cabuyao,2022,2,0.437257341897713,0.2860206040328361,0.3228267049866472,0.4258498381772198,-0.419872036017875,0.22427440174529356,96822,-6.910921916284764,3.299106285879739,-12.58368422791506,3.816682210594136,120227
City of Cabuyao,2022,3,0.470455785795317,0.3013385017673795,0.3536075421748664,0.6512078390080838,-0.46418264666913023,0.23208849173875118,100591,-7.0782721946993625,3.267178074227097,-12.759800207317657,3.7922249096067686,120230
City of Cabuyao,2022,4,0.43087680528032046,0.2660628527393444,0.3766768290355632,3.0870023122484196,-0.4038781272584001,0.20840900342674037,94694,-6.506527860394799,3.239746151443664,-12.283403728974125,3.7038757333001238,120220
City of Cabuyao,2022,5,0.47948775255345616,0.30914072583299956,0.3737798790763184,0.3023415504899737,-0.45032482527913636,0.2368329998128904,99850,-6.218328721396927,3.152112776497613,-12.18998953139704,3.534112864931376,120235
City of Cabuyao,2022,6,,,,,,,0,-6.118786667752374,3.3674819642380722,-12.188717754805554,3.8219577169608403,120209
City of Cabuyao,2022,7,0.47730997095006605,0.3438072865001663,0.33410492323414703,3.2934894978682974,-0.44689504662658286,0.27498191347807005,69559,-5.994931564695809,3.186458471129896,-11.949109982199479,3.618716557254979,120241
City of Cabuyao,2022,8,0.4721877184809851,0.27766171213779395,0.38832802636531927,0.9241508643199642,-0.4291818701565419,0.21734321602637344,72353,-6.465885231342577,3.2965860220953656,-12.247660248491716,3.673829784414585,120204
City of Cabuyao,2022,9,0.5642800467113886,0.2935379712949336,0.4921597087792866,1.5965857240312644,-0.4941653751608648,0.24067905707372153,39324,-6.167106134535794,3.3570682864332784,-11.860806158353853,3.5838442571579523,120225
City of Cabuyao,2022,10,0.45169007273466205,0.23269013044687228,0.41901763432616446,0.24311160644853086,-0.41882808179247283,0.16523613244753874,9059,-5.79047780703195,3.3522381856974057,-11.543025833714946,3.6431536429037106,120209
City of Cabuyao,2022,11,0.33379607737459926,0.18548776745924495,0.31068640141486825,0.1962814543592808,-0.2818317058266723,0.16215218136710077,6211,-5.516747359100594,3.2819742485068706,-11.416291668593729,3.5620847885808002,120209
City of Cabuyao,2022,12,0.45445186471246274,0.301847909921301,0.3254040533596575,0.6125346743894281,-0.43384613495757013,0.2391904339382634,79120,-6.673838630356429,3.192650359122075,-12.387051641931995,3.7668300548010403,120204
City of Cabuyao,2023,1,0.5191772359015469,0.30874648885503386,0.36697986144256506,0.5865765874546783,-0.48348582063469653,0.24317053637305477,103453,-6.855194909576021,3.384307243523376,-12.56632531856834,3.9653518901080225,120170
City of Cabuyao,2023,2,0.5061734671444454,0.1054201208082807,0.5345902208049703,0.13669395164061782,-0.44037411044094116,0.09045367710034978,15619,-6.65779398374151,3.340145702716942,-12.391316345333202,3.8155576610787243,120223
City of Cabuyao,2023,3,0.41032370005001095,0.26290536091450384,0.31451806515739633,2.0277532807998973,-0.4076737722726959,0.2099748788767256,101606,-7.129593382035414,3.427701669128053,-12.770963192264896,4.002408182510576,120204
City of Cabuyao,2023,4,0.4434155001589849,0.2675266028251385,0.3601319042504779,0.24666819550564792,-0.4273344627337348,0.2066289556874755,108701,-6.921871337321062,3.386075659201005,-12.682808263317044,3.943015864899633,120188
City of Cabuyao,2023,5,0.4027669915927732,0.23423380167493277,0.36596254614349516,0.23432753211012294,-0.37863546856628966,0.17576390494203023,57355,-6.8574570094997345,3.5178233922904676,-12.662283329305888,4.078217708550825,120191
City of Cabuyao,2023,6,0.5348755568733895,0.3314827115114876,0.4312802917770124,1.4106990886557413,-0.49574001896709935,0.25122616344645204,101718,-6.39621502736249,3.26758051571103,-12.33807567274412,3.76358567279189,120238
City of Cabuyao,2023,7,0.4998549618751151,0.32322691322612745,0.34622300231022257,24.05688538256942,-0.45604397648857,0.24788406452489187,65320,-6.132460655885412,3.442694358407157,-12.133147523546883,3.9054172578098316,120200
City of Cabuyao,2023,8,0.3739010906486827,0.19667841166751024,0.43318549473327206,0.26992452688338847,-0.30021099005102536,0.1574616236891933,44373,-6.519626827284159,3.4992102787082526,-12.389988197398397,3.9350237498717586,120210
City of Cabuyao,2023,9,0.525986438960925,0.3437920058759804,0.3970478055205163,9.750032290321217,-0.4904969362995792,0.27260429437197636,106192,-6.039507856968953,3.3157292008343577,-11.809858157159516,3.6235031290650777,120198
City of Cabuyao,2023,10,0.4697432106803523,0.24816833739622982,0.4145355516855808,0.24045167443934828,-0.4349170580534853,0.19045858623449305,49857,-5.610767263327307,3.3407662846453046,-11.44372719172443,3.616731152452978,120226
City of Cabuyao,2023,11,0.2029072113288702,0.2186768321392293,0.21336907826346674,0.22595246658252557,-0.1784736988940878,0.19594508419667495,892,-5.895803072468329,3.2680067457696134,-11.576574899482775,3.6138861970476994,120247
City of Cabuyao,2023,12,0.46810905050867657,0.22311976673038852,0.4637808047037886,0.23266516165007003,-0.4327439732459444,0.16902587546310013,12869,-5.928591673011535,3.260981028216479,-11.778982966728334,3.677859043232621,120207
City of Cabuyao,2024,1,0.5730862001589596,0.2842796959874711,0.4352015165041985,0.5736121963399993,-0.5292543998646151,0.23749343260776148,38761,-6.6382339341973555,3.3364090821540704,-12.235536305428251,3.768233988349705,120247
City of Cabuyao,2024,2,0.46007364272259627,0.28358530710252,0.32242049486827007,1.2208488782854936,-0.4609296051735921,0.22546052331682273,101937,-6.6961293817654886,3.232664018745111,-12.421696820532546,3.7966530248925263,120235
City of Cabuyao,2024,3,0.352795862999134,0.26772839201881227,0.25264769927158226,0.5571953988343163,-0.36048590594910146,0.21365040996132234,83255,-7.017761770574315,3.403333934765924,-12.419738461976321,3.8352147181630603,120252
City of Cabuyao,2024,4,0.39559009921585486,0.2915879149370725,0.2906412474177306,2.585102256421669,-0.4268880573821151,0.23490913213518833,114944,-7.19236100136647,3.583768832979548,-13.012675367084624,4.2604541443679755,120176
City of Cabuyao,2024,5,,,,,,,0,-7.17208861054577,3.5451385988173714,-12.80204318562338,4.087291917595341,120243
City of Cabuyao,2024,6,0.4968196795127288,0.2864292719593748,0.42788453511620855,0.8712787362231679,-0.4528961978391015,0.2178173112522158,73462,-6.209142018700735,3.2326854490988355,-11.950909255108497,3.625532656084872,120253
City of Cabuyao,2024,7,0.3344979475605718,0.22219011608121614,0.31720014141056285,0.2484906498917113,-0.2990198792828649,0.18745107480537707,17488,-5.244697941393802,4.483959089321539,-13.253947988223915,3.741629651605298,120192
City of Cabuyao,2024,8,0.47329876870160414,0.24786505641887296,0.4542843821410607,0.27338618607274484,-0.4173508696272741,0.1959564516402943,52624,-5.996167134952101,3.471973438673591,-11.728343072135566,3.645057481220772,120250
City of Cabuyao,2024,9,0.5079110202060425,0.3322427318458606,0.39118549842183264,0.44603767535342687,-0.47052304859176936,0.2622015430566325,103126,-6.409061819165265,3.5215374668927564,-12.232760051463044,3.862686201912525,120206
City of Cabuyao,2024,10,0.51317673141729,0.33019321338149343,0.3969265680306845,0.6298558714098218,-0.4837621824446876,0.2552823574699526,99044,-6.035729275730712,3.341330085590547,-11.580650058712967,3.558036631136478,120232
City of Cabuyao,2024,11,0.48223974465260444,0.2906695022610323,0.37191278604154865,0.38857802070262826,-0.462365122496891,0.2317024899907963,86459,-6.565903767446802,3.348532065171626,-12.32708920457141,3.9197571533823177,120193
City of Cabuyao,2024,12,0.43834510952028455,0.29033343330761313,0.35112855232330037,0.8846541054593652,-0.4129621525728985,0.2291502838341258,68214,-5.576148254620097,3.3661873793851003,-11.3229101476352,3.671294823723884,120246
City of Cabuyao,2025,1,0.45696937405784865,0.2957082402377575,0.3756254861380496,0.3264454543607195,-0.4454327715663441,0.23508305285772646,64122,-5.982505933829802,3.282517484645212,-11.84419707252411,3.7703155587931345,120174
City of Cabuyao,2025,2,0.42293862787772596,0.2893411572883394,0.34890753619351267,0.6522662503212908,-0.40229385198111706,0.22693568217513732,75396,-6.608814430457472,3.384066768331883,-12.22966922584782,3.842469868503529,120245
City of Cabuyao,2025,3,0.4296439822610513,0.294766552232111,0.3296835796842814,0.4707342852328984,-0.42380556684474086,0.23128625156575916,94664,-6.523381434400615,3.2705699897740335,-12.302633776409412,3.844740515143631,120211
City of Cabuyao,2025,4,0.42226203099892273,0.260730460827296,0.3497878920006002,0.36740216207349885,-0.42030937163800947,0.20627570843323295,104452,-6.6052631055777855,4.707562975847736,-14.432062101795822,3.5757807790096408,120247
City of Cabuyao,2025,5,0.38033163553028587,0.3012640549028779,0.31308803964247073,7.9499101648127475,-0.3831229300732478,0.23810724362956717,86823,-6.546051877850317,3.3703192592546585,-12.268372512241099,3.8107205902540136,120250
City of Cabuyao,2025,6,0.04081396758556366,0.0,0.21635204553604126,0.0,0.010116560384631157,0.0,1,-4.418640352051048,4.903843537917346,-12.636970722316908,3.418915412600608,120252
City of Cabuyao,2025,7,,,,,,,,-5.421893864435164,4.517931212257756,-13.24048800847648,3.7187916870218283,120245
City of Cabuyao,2025,8,0.45708929685559685,0.32007191400445356,0.35545784710086886,5.124178659448802,-0.4204916046258273,0.2567373169058874,31056,-6.191219913284074,3.654414779604707,-12.095386456745535,3.869829381148196,120251
City of Cabuyao,2025,9,0.4696769979055498,0.29728704049347726,0.36530795199897126,0.24992064534340305,-0.43204894284550716,0.22861584309758812,25363,-4.741543212489144,4.586631423581918,-12.60705758016626,3.2472450459726763,120251
City of Cabuyao,2025,10,,,,,,,0,-6.114315268805732,3.395634646251155,-11.947809496776454,3.7264695023321903,120252
City of Cabuyao,2025,11,0.453211085630255,0.32978674514835965,0.3154893749324497,0.3205950689792664,-0.4306442273390068,0.26878539295765286,87375,-5.0165619671038195,4.391989193007058,-12.88484444322178,3.359866419629244,120248
City of Calamba,2018,1,0.557428177916727,0.2525742427671141,0.43543749449095154,0.36177735799525385,-0.5103378750800412,0.2114285529187191,235420,-6.893022150732967,2.957743309871611,-12.669501863281534,3.1455557165150254,349802
City of Calamba,2018,2,0.555825282997113,0.2694785100584651,0.42699122470992573,0.5017178772143875,-0.5190615779300959,0.2174043367143996,236915,-7.1605465559346415,3.5084478095147147,-13.659739381894802,3.2810092188344724,349803
City of Calamba,2018,3,0.47700293057359905,0.2589358105853515,0.371221867812551,1.0199135893274793,-0.4685209849199411,0.20678210727816815,262689,-7.400729771557703,3.524253144525126,-14.025499011449027,3.358172138254316,349803
City of Calamba,2018,4,0.4091749714122332,0.25419710570376647,0.32330308987908674,1.0426015021268649,-0.42054557704400464,0.20359376650762923,240817,-7.687874122958891,3.648747444854338,-14.221346773831344,3.5047453807447257,349797
City of Calamba,2018,5,0.4180717440247209,0.27664287405793414,0.2936388208873087,10.639239754632326,-0.44711837242577984,0.22106129839604383,237922,-7.929387818377087,3.356103964898167,-13.762637813667807,3.7567416802510034,349755
City of Calamba,2018,6,0.47041715525342936,0.25928917441421134,0.44246858226734753,0.27060503638666666,-0.40156095288088645,0.2228889207539473,42566,-6.639297297570759,3.4575622791070124,-13.409871568423874,3.18138963795901,349786
City of Calamba,2018,7,,,,,,,,-6.473708908078759,3.0045665858268418,-12.597883309741063,3.18065733866381,349729
City of Calamba,2018,8,0.47341163619798116,0.23781883243115431,0.5242302249962929,0.31352382367901244,-0.39595603667435947,0.2038498486109189,5887,-6.954290581950601,3.312757410561726,-13.65098858729742,3.178248913503329,349712
City of Calamba,2018,9,0.5866473553355981,0.22032835309604187,0.6095254987683345,0.8216893492820458,-0.5180622352906352,0.1740630552357512,103741,-6.73020209817174,3.5243205463215443,-13.323263635852305,3.202147826278017,349750
City of Calamba,2018,10,0.5767312331576389,0.28017585314514704,0.4096713547251202,25.313324309192943,-0.5287359215577146,0.22551310977358258,267376,-7.127600141649675,3.4866235089007787,-13.683821440255057,3.243904340257427,349744
City of Calamba,2018,11,0.5775740416354607,0.27616226367127433,0.45579505031857376,0.5462781429256695,-0.5275930220141031,0.22665324958055755,255773,-7.126137045863984,3.4370300751996194,-13.78310056118098,3.2476670706123096,349775
City of Calamba,2018,12,0.49102310451320097,0.23547131406519428,0.43776794510872474,1.2791626709640667,-0.44608461590793175,0.20178996401680369,106389,-5.877875841499079,3.496136963657288,-12.638622846750161,3.228689404744896,349678
City of Calamba,2019,1,0.5365816868551957,0.23846687222826088,0.4719108777511982,0.826009401803459,-0.4895263474610523,0.1912306439756952,172860,-7.094850733720887,3.488080251807024,-13.873894960667437,3.350882422647025,349761
City of Calamba,2019,2,0.6192425015403081,0.21914094886246693,0.5564013933345937,1.1813806974000183,-0.5605436992307905,0.16488704889829406,68473,-7.412728072339131,3.6334080972440606,-14.166699212082136,3.5371125217052355,349681
City of Calamba,2019,3,0.44669681765897135,0.2754633700244044,0.3327258764261141,0.7228837592174922,-0.456796761724619,0.22115721365063354,293571,-7.685229655585517,3.8048037878057186,-14.35208216858545,3.7052488619210733,349690
City of Calamba,2019,4,0.45681742766771943,0.24172442348015483,0.35276368822426113,0.26302922962382075,-0.45724512438201614,0.1867378485619571,302981,-7.866043581881845,3.8175123411676273,-14.484430448728387,3.782978956099776,349692
City of Calamba,2019,5,0.5959922597121354,0.29974072697404586,0.5272572104063391,4.332358581572354,-0.5296664554515123,0.23442710138518588,202549,-6.697510836374582,3.5620312637954488,-13.416580348974213,3.2342283413227295,349710
City of Calamba,2019,6,0.5949391104261827,0.26695692897195056,0.5183674684657192,0.607173718390751,-0.5304414247779409,0.20948417361316504,256695,-6.889324013828083,3.491574888700612,-13.748599551123883,3.178090316448955,349770
City of Calamba,2019,7,0.5866966495267124,0.31042017471866756,0.4877496776328823,0.6897727774737205,-0.5251056051277981,0.25087676511905366,257174,-5.887070298872768,3.3980260454880784,-12.770173841509923,3.0723606186755057,349764
City of Calamba,2019,8,0.5871275402124637,0.26787837534505615,0.47554281146159405,17.802290991304222,-0.5251967609978997,0.21639181246418027,196531,-6.798293690581446,3.0733389667607005,-13.000746797814768,3.2265200222016612,349669
City of Calamba,2019,9,0.47435442271364386,0.1208230989774163,0.5469825279155655,0.17311985917766184,-0.3809031677213303,0.10485437933812206,2298,-6.818839900936355,3.413829063035585,-13.50294050223791,3.1617355029211507,349729
City of Calamba,2019,10,0.5699731882118313,0.2847627612113843,0.45268763033620446,3.9446386928885397,-0.5262460515355208,0.22522355002420721,263167,-5.895948367691804,3.3293194896777196,-12.520128160052426,2.8233299718180285,349783
City of Calamba,2019,11,0.5267470530214251,0.22906960733105844,0.4752571062587666,0.2504294361794804,-0.47203579444080856,0.1887830090615762,126391,-6.067204611057036,3.301563324670177,-12.82996395557765,2.924673547178647,349761
City of Calamba,2019,12,0.5588588596280017,0.2532887230723438,0.4664389086687086,1.127249145302815,-0.5078065024782975,0.20991035622453105,194277,-6.762198719649494,3.372234677195092,-13.480360404340908,3.2050031726716077,349750
City of Calamba,2020,1,0.48026718339565716,0.27437062456388656,0.31125655247168843,0.4655555512439616,-0.45660887588664084,0.22171369930946924,260635,-6.688148526313366,3.417208314861577,-13.250473360151029,3.3606061450531253,349637
City of Calamba,2020,2,0.5099333504214223,0.24135322579034826,0.36638330368816313,0.6653324896479343,-0.48053843510371247,0.18969019780827548,286364,-7.255483633979963,3.5863984504107105,-14.050360092433364,3.462400124626411,349703
City of Calamba,2020,3,0.4913921363099206,0.270171436916467,0.3431318927839245,0.40742135204618324,-0.48029094954242396,0.21219295605764507,325215,-7.449950431179356,3.664592024289252,-14.122844219553508,3.508382972670941,349728
City of Calamba,2020,4,0.42091654547142726,0.24263025371069644,0.33810685719368117,0.792741797718069,-0.40969253472184974,0.19193353090397988,253143,-7.704420644576846,3.7979307110854768,-14.474582445949226,3.656372856227926,349724
City of Calamba,2020,5,0.5237529303782611,0.28660761331130374,0.45177121137487875,0.3581230958747757,-0.4669101225378428,0.226115981095037,153735,-6.799164903516487,3.6142236653680495,-13.479894569578061,3.3332076098935306,349754
City of Calamba,2020,6,0.6015282068851537,0.30773088434473983,0.5010876000231647,2.4040264159935365,-0.5405232078056221,0.2411168529852957,257844,-6.646637613827193,3.4706632253900995,-13.51754969052684,3.1825310952509485,349745
City of Calamba,2020,7,0.5731998098615707,0.2452782770006766,0.5384265947052639,0.2867417940692669,-0.5013493429066158,0.19301639475376609,154399,-6.3226943988656705,2.9628369953202367,-12.591917404225892,3.116717574225322,349572
City of Calamba,2020,8,0.6296970013561924,0.24670818476337214,0.5486317713131958,0.7313008452211603,-0.5643687360003385,0.1938265368849722,159126,-6.675286311807274,3.408893590479978,-13.361831883123234,3.11458872590045,349722
City of Calamba,2020,9,0.5672738328378748,0.26749341722238495,0.5083739690456714,1.5114794090075918,-0.5053268392478948,0.21529357945246877,242594,-6.602260095914594,3.0143629867459527,-12.772622102996689,3.1493062147746516,349618
City of Calamba,2020,10,0.580936261228272,0.2864702917342234,0.42766650278807905,1.4502707514282018,-0.5267952578972175,0.2318556130368637,305164,-5.17992899331759,3.314631572002173,-11.888073184401375,2.7731145579021987,349775
City of Calamba,2020,11,0.617745355246403,0.23232009587748292,0.5470512794624633,0.8446331560343734,-0.5481248918743186,0.19071749043897315,47801,-6.289184683250548,3.3653504463483954,-13.016093938634837,3.164812400488342,349745
City of Calamba,2020,12,0.5565377135510015,0.2943425428118081,0.4177510025020143,0.7785132149550456,-0.5136676880919679,0.24077309411640385,159135,-6.455843090089815,3.4724636688085746,-13.222979843279223,3.247980543289399,349692
City of Calamba,2021,1,0.4577364669141679,0.20210919570194344,0.4091603749081294,0.24683874319569857,-0.4045381490499421,0.16799140408008417,38986,-6.639219135131624,3.3871590281641457,-13.476580821332561,3.271770923854362,349743
City of Calamba,2021,2,0.5698829895393858,0.28825549948170276,0.42573644559596324,1.343240698279809,-0.52640451400293,0.23225935267803638,300438,-5.942909983933257,3.5846899751826293,-12.764779734719186,3.1675835017558813,349736
City of Calamba,2021,3,0.6956737761337609,0.21350845173211672,0.6783968058721151,0.21943128523138639,-0.6075446385985315,0.18534593824703915,4539,-7.039965752752473,3.581199854852133,-13.915176287369992,3.480344815145865,349529
City of Calamba,2021,4,0.522056925669503,0.2427649610273544,0.5004361145996669,0.3361257061952154,-0.47922144353892454,0.18469904027975576,27244,-7.02799619649477,3.6289478876089207,-13.865543346347813,3.4849339674521587,349533
City of Calamba,2021,5,0.45232818739001374,0.2682891845650405,0.3724085188809326,0.8252565250767591,-0.4415992360465398,0.21126958876927304,226265,-7.072727651716531,3.6451239904237975,-13.983353707109254,3.5353292740332183,349615
City of Calamba,2021,6,0.47640243633501655,0.19411887930891797,0.8101644253496119,0.5706435409133723,-0.3796720196504031,0.17280350338802758,37447,-6.727830231452187,3.57989569398579,-13.679370358352159,3.4352811504316483,349556
City of Calamba,2021,7,0.5315010261313473,0.2559368772026888,0.5817549106426405,2.7537727107534655,-0.4521344515818861,0.20913928888502015,16834,-5.886625720937993,3.374453365921953,-12.843701595238889,3.127726164521253,349580
City of Calamba,2021,8,0.5256060372956737,0.24006772944224486,0.5807031453302486,1.0527534570340265,-0.45422373243571745,0.1929815239191957,76473,-6.641075547280189,3.112673141791479,-13.00072140623951,3.342826766253691,349461
City of Calamba,2021,9,0.6112436796214287,0.3129359658069732,0.4684395393297528,6.293803093858364,-0.5529491160685007,0.2503411838826407,304333,-6.748972434465593,3.5326127812046377,-13.552183288785674,3.3147224409673925,349543
City of Calamba,2021,10,0.5783789636358325,0.29758343260372616,0.45464301511853583,4.262455037571117,-0.5301261930217421,0.24041240354227364,218242,-6.853684089462524,3.066690166230934,-13.107325489411625,3.4384443674573575,349384
City of Calamba,2021,11,0.5486032855692201,0.25504947728879235,0.4492240912780875,0.2514138069669605,-0.5055091112568753,0.20225451949007017,26612,-5.808117959907238,3.4552520173210803,-12.766984279646886,3.095064083551501,349574
City of Calamba,2021,12,0.5979483241019774,0.29731719315359534,0.4424927401953873,0.6587887704694869,-0.5530577995259898,0.24328041735497516,248779,-6.866120408599306,2.998727228647748,-13.060225134680824,3.387304390374951,349501
City of Calamba,2022,1,0.3104372546854169,0.20282231928643862,0.28425418499510136,0.3817928279746894,-0.2473263806478549,0.18396279010068575,2405,-7.018657483483528,3.19316871484789,-13.28481876720628,3.5747784450884716,349344
City of Calamba,2022,2,0.509250861884067,0.24415652722539338,0.4083115609596974,3.482678784089351,-0.46737927739798985,0.1990746519265283,277902,-6.770480430020534,3.075093982866086,-12.959671783116454,3.3956095679143083,349630
City of Calamba,2022,3,0.5281402203423154,0.29723011846235337,0.39179136078423515,2.545016431296618,-0.5102920652234227,0.23473023364298398,300458,-7.27911850047086,3.0998503361019716,-13.42432065884053,3.526754862333213,349518
City of Calamba,2022,4,0.49241673562448945,0.25999650041496797,0.42496484312742755,2.711106151400308,-0.44993426575544265,0.20320682273584545,188748,-6.33073285290456,2.968810716379565,-12.61564994423134,3.24714452537398,349509
City of Calamba,2022,5,0.5931881248968564,0.2925908400113194,0.4941592261939267,0.8176622656869008,-0.5337757882538815,0.22972291911658355,255920,-6.2268810998309165,2.923036777404562,-12.661270919795264,3.1211425061545195,349520
City of Calamba,2022,6,0.3879560932512098,0.3664667153752483,0.3819104745944447,0.2693970582070406,-0.3226700100386416,0.31789995653810127,47,-6.005719643948097,3.104635675676673,-12.421216360998587,3.3182972560852693,349497
City of Calamba,2022,7,0.5414492251361737,0.3363451928408081,0.3874060484218799,14.727118641209412,-0.4957361343492813,0.27601957155433005,111954,-5.733238916082564,2.9806449948740408,-12.02522704757607,3.087485372248484,349597
City of Calamba,2022,8,0.5720296868124894,0.24042517201483954,0.5491744085024487,0.26906655589587275,-0.5062304695631611,0.18829884716533468,93748,-6.438186284651993,2.985062201355427,-12.668008786111487,3.1735233992072693,349578
City of Calamba,2022,9,0.6451276621378228,0.26940652582952695,0.5742613362052389,1.169433445423153,-0.5672145753345064,0.21327908136813573,205666,-6.148292237478457,3.072480059658566,-12.311190918723865,3.1278177041842157,349551
City of Calamba,2022,10,0.5298487675731585,0.2714557638181741,0.5088772541270766,1.5061249758027122,-0.47186708327051885,0.2208134789434466,81417,-5.891107459591982,3.0653184851406143,-12.044466233154711,3.2009497949075754,349556
City of Calamba,2022,11,0.4915907533000469,0.16751075419740233,0.4764219108506667,0.19686278436931054,-0.4222666235519134,0.1430896121194975,10845,-5.588948180547433,3.0478110166964125,-11.81109403422535,3.144716337092403,349457
City of Calamba,2022,12,0.5571397436986837,0.29653910296401365,0.42604923416737306,0.6680405175757335,-0.5107693936810354,0.2415215013729087,212629,-6.8926093119082585,2.948809385352388,-12.945392525892547,3.338547280051477,349599
City of Calamba,2023,1,0.6074200964040068,0.27703349551318374,0.43802545257098013,1.025925138240752,-0.5568345860967278,0.22160820109956722,223981,-7.027418264215187,3.1022958367875395,-13.044677750932589,3.5147258204665883,349496
City of Calamba,2023,2,0.5138732987766514,0.16900904029889374,0.502835499328285,0.17707110219438701,-0.46344775355373385,0.1353564726652322,92634,-6.764473448970879,3.132190045505836,-12.971557012521354,3.4388048145678014,349522
City of Calamba,2023,3,0.43303753474325,0.24961864884341914,0.3412241850004251,0.9717968524949724,-0.43260389782152026,0.20269466907498754,257264,-7.391345203789162,3.263249431012526,-13.420256791796444,3.6900094862438064,349415
City of Calamba,2023,4,0.5167099270327958,0.2622460945849691,0.4154898087918447,0.5564771205849839,-0.49155127241899993,0.20593034203885174,336186,-7.14784784312776,3.192308066653162,-13.367920936229089,3.6453606168969004,349327
City of Calamba,2023,5,0.5298864229848435,0.265894646435086,0.4924708978148561,0.4418533748249332,-0.47432633466507224,0.210724796930981,171888,-6.995948203354292,3.2885909794772137,-13.282394272947275,3.681801847755424,349330
City of Calamba,2023,6,0.567944888834245,0.27976467495477475,0.5330036252244891,0.3329965595298177,-0.507575750085244,0.22591487598748067,175887,-6.480002709780658,3.0756633226660655,-12.927811296749155,3.3539362482820625,349495
City of Calamba,2023,7,0.5977370686007012,0.2801038506498317,0.5679653930625935,0.9613924654857563,-0.5248421182188344,0.22344010347194507,92125,-6.103041184872538,3.1391962843857315,-12.44070591937152,3.311363932215278,349482
City of Calamba,2023,8,0.544792427166683,0.24803104415448618,0.5594576272707124,0.8908544747436203,-0.4824868642526893,0.19814854291567793,128314,-6.562733696567669,3.2711887634621704,-12.90052860321907,3.483329385949707,349458
City of Calamba,2023,9,0.6190559194315437,0.33388119697646806,0.4816208711635028,4.967831817469359,-0.5641828620231334,0.2696172402007622,304894,-6.170249795181405,3.1095278727183606,-12.461543721117874,3.2119839465794766,349489
City of Calamba,2023,10,0.5132329169501773,0.24248630369895194,0.47452450179032857,0.24393638950250432,-0.4643222154684397,0.19570582490027646,88982,-5.738834830658877,3.145925266337808,-12.013577203540288,3.2276584617801087,349567
City of Calamba,2023,11,0.49611270138471575,0.22182786409440886,0.4967506144843028,1.001250534416382,-0.4288028121347749,0.1874566092780381,43420,-6.0861642321541725,3.1327688236451725,-12.208123163891239,3.262888345409079,349685
City of Calamba,2023,12,0.5557739096006554,0.2735307957498985,0.4457376047362135,2.376751999359925,-0.5030962952532151,0.22219007382069064,192063,-6.0180303164029345,3.1140220525025337,-12.292198490056855,3.3559404481411517,349460
City of Calamba,2024,1,0.5673039271541558,0.2604532326536937,0.407805848865283,2.7672247171494053,-0.5372972654002355,0.21131037381697548,191673,-6.934360603462922,3.1695936027422746,-12.929308372558003,3.4856989875129725,349721
City of Calamba,2024,2,0.5244207824742476,0.2801394642734077,0.36088199225553985,0.32504450706851773,-0.5137152396157045,0.2244819293513447,312238,-7.006250218645133,3.1488020625137394,-13.164624564522507,3.567324422582365,349496
City of Calamba,2024,3,0.41829970145501644,0.27260855482236174,0.3118768166567202,3.7469285617662798,-0.4117898051250433,0.22089545646110956,227236,-7.378381507121343,3.3390272717489253,-13.239136375848009,3.672503640960512,349753
City of Calamba,2024,4,0.4254743205547418,0.28591163727196606,0.3048293257940786,1.3676158505926725,-0.4539676483039087,0.232227855872812,325063,-7.641018851769494,3.5340891317343206,-13.880070129050985,4.160648370486419,349257
City of Calamba,2024,5,,,,,,,0,-7.62505600607356,3.4956552527559563,-13.6899026036227,3.9669399152823988,349736
City of Calamba,2024,6,0.5586057242856459,0.222939465264252,0.5325897330247983,0.25621198506184156,-0.49588104510069114,0.1780714596830666,137756,-6.296035919165389,3.0547755897741147,-12.537337565557896,3.2475647471072078,349764
City of Calamba,2024,7,0.515123505039444,0.2343809429422404,0.4848800440089096,0.6165900048182589,-0.45533583278965084,0.19293886867950377,100263,-6.21326394732481,3.6464663915279423,-13.102171838608458,3.398933146883669,349555
City of Calamba,2024,8,0.5390270080642456,0.20980031983916977,0.580957429411306,0.25858232131036,-0.47239504863215104,0.17083064438782117,69029,-5.936752894137454,3.1753391566927145,-12.065830552482801,3.118293325757153,349760
City of Calamba,2024,9,0.5959892331578732,0.27218233094989774,0.4944707708148286,0.31040013636948965,-0.5348311491065838,0.22061844701778666,111995,-6.389402186094261,3.2221916037084157,-12.749915849805118,3.4166385626104367,349534
City of Calamba,2024,10,0.5958926972637508,0.32282426248985197,0.4901929164357675,7.009737032541318,-0.5444080282937864,0.2628350846136458,290739,-6.125216872451732,3.137626131007777,-12.051270692487694,3.284716991305646,349529
City of Calamba,2024,11,0.5579776316160362,0.27333737759001137,0.42232021139772635,1.2176874967258033,-0.5224043608506577,0.22094736058013262,197419,-6.770484165693833,3.204284992328159,-12.941815674910663,3.5745050061142796,349490
City of Calamba,2024,12,0.5100992147164438,0.27417546633045875,0.44849670178657813,0.8468371190349004,-0.45514110354169934,0.22717816648981365,85717,-5.736604673864139,3.145893940285873,-11.869913268331343,3.251272984123735,349765
City of Calamba,2025,1,0.5649534139786172,0.28958887176122367,0.44020129191158847,0.6711477415920729,-0.5301770851536985,0.23965078561775116,280497,-6.008979437049858,3.111348732225105,-12.26280441582277,3.3768247479432754,349438
City of Calamba,2025,2,0.5016579108965517,0.2412005295526023,0.47119426007209886,0.2913362478938758,-0.4455308778385681,0.19981703834696427,162338,-6.751794346149776,3.1927308021237066,-12.82144179314938,3.4723807819518098,349721
City of Calamba,2025,3,0.5415122770283982,0.29028122115617355,0.4312431359089658,2.2508599579895896,-0.5045549873198971,0.2336587648816604,264466,-6.721199059042076,3.115715500305568,-12.928291460764061,3.493744985125412,349566
City of Calamba,2025,4,0.4706928017733787,0.25571345349737995,0.40690249965194053,11.484711439217875,-0.4644718630176768,0.20349091638869357,312682,-7.690527032431074,3.8851229086240666,-14.599063266534518,3.554297139969255,349775
City of Calamba,2025,5,0.4920360605300132,0.3047922912085028,0.4434793857233342,0.8689174075211127,-0.4603309821834836,0.24316776197110251,120783,-6.829176333494797,3.2655805224932806,-13.072147827771715,3.5239995469048844,349706
City of Calamba,2025,6,0.11089444980025291,0.05012343526247869,0.38082999289035796,0.15529626405515243,-0.08432013178244233,0.051944021419103925,5,-5.638996839140266,3.7784301850911985,-12.684924518593808,3.11176356246705,349794
City of Calamba,2025,7,,,,,,,,-6.468537401754744,3.673570631148058,-13.163648768859005,3.4316948140192465,349720
City of Calamba,2025,8,0.5195220983979728,0.30838254211820837,0.4808296635881226,0.5691874544164357,-0.4696322451016641,0.24882504012961223,79309,-6.227760954462452,3.3235301874154324,-12.562981723183784,3.322247673972676,349800
City of Calamba,2025,9,0.5607238817911656,0.3125395791766968,0.4870491440615735,1.2182718065519638,-0.4972365941763927,0.2629744080482067,99403,-5.718524354735262,3.6854186902223103,-12.540816391562718,3.104738220878453,349790
City of Calamba,2025,10,,,,,,,0,-6.200407406880234,3.22822981052304,-12.503732122864335,3.297450696872781,349762
City of Calamba,2025,11,0.5303601713593599,0.3042334171102492,0.4037772631808504,0.39158104615084227,-0.4844571093174498,0.25078125096345677,203519,-6.131361549957226,3.586921706937345,-12.976041863217054,3.2068223127551168,349783
City of San Pablo,2018,1,0.6941209789014527,0.17094413805254693,0.5614606587962573,0.15638039666105666,-0.6171764397131893,0.1437767841942037,247880,-6.6637206671400655,2.5948913795953374,-12.73619815262624,2.568075311593595,468378
City of San Pablo,2018,2,0.7559855615441566,0.16305966922623077,0.6272551335927065,0.16772759619615277,-0.671460253737761,0.13420263012181177,181895,-6.550091100667904,2.63544567696174,-13.003170117140321,2.574447761075197,468374
City of San Pablo,2018,3,0.7434048107134055,0.18797807570209005,0.5757498766254805,0.16907094341170814,-0.6671587404384944,0.1599838829014823,321751,-6.630948207034074,2.623321834142267,-13.24654431708715,2.535734603309805,468365
City of San Pablo,2018,4,0.6274181027018545,0.2249296193055803,0.508320719236691,0.20955926335504774,-0.5780359863662031,0.1844666868903679,204470,-7.1118520431814165,2.5609344098780142,-13.555999845368975,2.583594230777272,468377
City of San Pablo,2018,5,0.6101580661023657,0.1882863370035173,0.540145003296688,1.2738596208718465,-0.5438277943188297,0.1484720218686308,131873,-6.846384049476598,2.72286762554929,-12.918809079912284,2.7356335256298157,468098
City of San Pablo,2018,6,0.751922169880624,0.182610983448674,0.676479727560212,0.21084913203762234,-0.6474102032086603,0.14870154702718252,206461,-6.230563793276338,2.783086372083546,-12.84305417022012,2.6266582738160973,468354
City of San Pablo,2018,7,,,,,,,,-6.253127009505819,2.638799517758728,-12.806843685710016,2.5940486143321744,468226
City of San Pablo,2018,8,,,,,,,0,-6.55684515194321,2.5284643858733324,-13.28030707640673,2.552888567982584,468340
City of San Pablo,2018,9,0.7427215682406956,0.17509915514179006,0.6672342566854124,0.17942233641991626,-0.6568770910976008,0.14875112750019628,262822,-6.508023240206421,2.6771175191648955,-13.078293354478133,2.560586654845291,468323
City of San Pablo,2018,10,0.6583948222909752,0.18539144889091727,0.6518081005703508,0.23306700357019036,-0.5675240973403454,0.15173901230906547,35237,-6.579818791732452,2.6182884749683897,-13.178344169283662,2.552338542221435,468324
City of San Pablo,2018,11,0.7297668129554569,0.2803284758698507,0.5734682970185765,9.77505482725502,-0.652899665916276,0.24578074242313958,239681,-6.649539423576955,2.6107353009354037,-13.334570254531242,2.595772359446109,468323
City of San Pablo,2018,12,0.6721440610590605,0.17106707246273453,0.575208521770773,0.1763013759497914,-0.5938057022181461,0.1409458620663773,190085,-5.876463502986551,2.617808995841168,-12.473124314513417,2.5869260851312474,468328
City of San Pablo,2019,1,0.7797285856513126,0.2150302431401533,0.5717649990174611,0.19924214413405295,-0.7035018326196436,0.18934238860467373,386727,-6.84459773068628,2.623210551145051,-13.479755189964095,2.739100387260377,468314
City of San Pablo,2019,2,0.7351223340061159,0.18616855111991554,0.5983501805739646,0.17610846849492473,-0.666076869810129,0.15680043256893683,264899,-7.161997777129708,2.759756457752375,-13.781656971938116,2.8575501035752837,468283
City of San Pablo,2019,3,0.6285651684761373,0.18529468672073177,0.5449616587292084,0.5066690881556987,-0.5833626063473717,0.15215287281655948,77810,-7.584230621445758,2.926568349907891,-13.999868282102103,2.943966281561263,468258
City of San Pablo,2019,4,0.5607324523074267,0.21616987707586346,0.42793694314507696,0.1831088045858477,-0.5401061264706281,0.17510198379132313,216638,-7.952824875372357,3.011537398148739,-14.279504546686914,3.0972107302081433,468195
City of San Pablo,2019,5,0.6882386280722531,0.21336239281572916,0.5675884232060284,0.27149527638811094,-0.6170761018183419,0.1728985501403232,251271,-7.29465836736999,2.931703477761182,-13.920073449254236,2.9593341818149983,468231
City of San Pablo,2019,6,0.6817765090571569,0.2721600218221422,0.5719874523324856,0.21881797619001095,-0.6104755888878997,0.24165326445086055,191431,-7.240047980922056,2.836466995213187,-13.977448502378374,2.785295281522834,468324
City of San Pablo,2019,7,0.7754337414504623,0.23937056716083827,0.5789669916265658,0.20308093967718785,-0.6781360933334679,0.20353071907067052,450439,-6.05800112883562,2.5833684662878316,-12.711782319916399,2.4265967491581257,468341
City of San Pablo,2019,8,0.7487590930174788,0.17480174153641326,0.6731154434853265,0.22674220695183356,-0.6618347019587535,0.13882006610097938,205920,-6.342047026260202,2.6184218859180324,-12.921587513456306,2.638256512231859,468080
City of San Pablo,2019,9,0.6102376813930825,0.14450389754424578,0.6759790323746693,0.20212999318564293,-0.524615664594258,0.11987571891637411,30419,-6.544128906714534,2.610526583207037,-13.214117560677602,2.5853290542537293,468322
City of San Pablo,2019,10,0.7449552924570493,0.24719116898382715,0.6105510844510575,0.2132047402641117,-0.6600282187498527,0.21429627807650395,303527,-5.8468482584513914,2.5607694025186594,-12.381971668550937,2.4040792003034204,468353
City of San Pablo,2019,11,0.7253996608048262,0.1692505276502616,0.596001352627033,0.3008338985708833,-0.6485963357307822,0.13539009041693867,234256,-6.2431074931938575,2.531951871242293,-12.886204843009565,2.4313301788191204,468352
City of San Pablo,2019,12,0.7583879007977428,0.17908696878046576,0.6195809490027543,0.17426092214560476,-0.6744340782523888,0.15560578502988973,193536,-6.731647004146771,2.5877048673952086,-13.257990342767362,2.6501673902319474,468325
City of San Pablo,2020,1,0.7573148106651367,0.19405146213761582,0.5505838193146475,0.9415260332224827,-0.6775813407882301,0.17065737137286993,319033,-6.677414081558145,2.6757068093237883,-13.324423679315155,2.7341471998256317,468016
City of San Pablo,2020,2,0.7149541194848619,0.18787329456084573,0.5508798545421739,0.1865168030980908,-0.6363554847757393,0.15660093303034187,387565,-6.947910644508024,2.668442622734819,-13.59378116346278,2.7299121506197204,468256
City of San Pablo,2020,3,0.6494284555467629,0.2078859312799916,0.49101593343039673,0.17649746416117426,-0.598668210799517,0.17956242757259605,265672,-7.139381042101233,2.719205700855651,-13.593540905053235,2.7216843722590824,468294
City of San Pablo,2020,4,0.5814070380261124,0.1786012553793508,0.5478975149350459,0.3128370222687472,-0.5228057961159777,0.1470679348700549,84122,-7.490592230925013,2.807158353797322,-14.018586438053445,2.8839430811078333,468312
City of San Pablo,2020,5,0.6886817727205101,0.2093428700602464,0.5597039246177323,0.47440928150180367,-0.6111022476077371,0.17236435146608906,200241,-7.010551386278769,2.87884541789522,-13.525157999185057,2.832786096984428,468296
City of San Pablo,2020,6,0.7414050614483385,0.19603023847724574,0.6484338569761612,0.3843757256116644,-0.6465085647339784,0.16549969551805804,266867,-6.681858930532,2.6585491605535108,-13.43367333241673,2.6437208838332187,468320
City of San Pablo,2020,7,0.6479503620077814,0.18831166893121354,0.5983004933603764,1.3373142663546176,-0.5612150981917899,0.15707465081780023,55643,-6.330348927737106,2.6077889289345095,-12.987122422160995,2.6053975149254978,468165
City of San Pablo,2020,8,0.7773434069020204,0.21249499720776088,0.614851501155119,0.20207985746966298,-0.6881949830427845,0.17628340305236115,386679,-6.322425898539119,2.6081940954342695,-12.992496674589388,2.5417580667492485,468318
City of San Pablo,2020,9,0.6591825089191204,0.16359234475231207,0.7136314667756034,0.24131153055384336,-0.5726352436828036,0.1354735598390076,118796,-6.261500620666496,2.7003948507936832,-12.85744814931898,2.6756066416581983,468030
City of San Pablo,2020,10,0.6907251633469016,0.18184755748786427,0.5814069621645916,0.20381075060100118,-0.6135692303588528,0.14875602687244383,241185,-5.545875256025513,2.526368443787218,-12.049381538411778,2.391610255565784,468358
City of San Pablo,2020,11,0.740146995160462,0.249513301834565,0.546171154420475,0.5001924568299365,-0.6523566913029842,0.22451311792750017,237572,-6.239226032392832,2.530372676092612,-12.705200168491158,2.5329905956718903,468312
City of San Pablo,2020,12,0.76890044141473,0.21439071076352545,0.5824660705794804,0.2629447673461866,-0.6799469113836143,0.19280709135679897,286275,-6.366535116537815,2.679165866370561,-12.984900540076223,2.617660663332054,468311
City of San Pablo,2021,1,,,,,,,,-6.450615413850951,2.4725104282442016,-13.104011104988052,2.6236377539266122,468318
City of San Pablo,2021,2,0.7467304823274588,0.18342814740313898,0.6549514325224264,0.38503916794116017,-0.6610366020536227,0.15795102285984539,125981,-5.98379602378159,2.744491297767419,-12.61335169482076,2.687020828203407,468333
City of San Pablo,2021,3,0.7166528102674682,0.15304530619922474,0.6634284974753453,0.17248925196358747,-0.6275541340777745,0.1353401409537087,137234,-6.63743363777965,2.589466289978162,-13.328524317415724,2.6186152027059366,468183
City of San Pablo,2021,4,0.5948766880222233,0.17031649907035126,0.5988153689727257,7.932003087932652,-0.5245921618012467,0.14577623837855858,57464,-6.811733764189541,2.6793195740638756,-13.468991475825511,2.667566443899513,468219
City of San Pablo,2021,5,0.656613987657605,0.2065429268271014,0.5408848102411761,5.21277593394313,-0.5950547229265487,0.16268236998487032,337135,-6.956445087652501,2.8201522290526424,-13.717630236062043,2.8645956458712543,468202
City of San Pablo,2021,6,0.7593456419748157,0.2176761611268943,0.6692373888398094,0.20619103485523624,-0.656615614341994,0.18645540468307453,324231,-6.743232255502275,2.8223943991272638,-13.576086736312226,2.8781252283981704,468128
City of San Pablo,2021,7,0.8002808835077523,0.14007258891336513,0.9151121133947273,1.0852323282276626,-0.686568047221071,0.11841284696576168,20797,-6.0878377794412115,2.5761565628540213,-12.860331966453469,2.600607362362792,468212
City of San Pablo,2021,8,0.6198132680750718,0.22414072210321803,0.7358579794617098,0.18132044642259695,-0.5239553717251892,0.1933854573800905,698,-6.364912479758307,2.789014449205198,-13.136485590564345,2.769121348842531,467929
City of San Pablo,2021,9,0.7607242207473617,0.1546135021994822,0.7261071625628618,0.19219783945125066,-0.6620580143522103,0.13010472020878813,129238,-6.45657849856055,2.6525935999689163,-13.098213204189221,2.6179027396086103,468212
City of San Pablo,2021,10,0.7323220629727842,0.20147459323199043,0.5963215607819549,0.20886809474223617,-0.6469331279298353,0.17046538301839723,301350,-6.7222108633805435,2.6411580726572796,-13.223261337465447,2.7656567937557868,467891
City of San Pablo,2021,11,,,,,,,,-6.211580586062265,2.6656029151043596,-12.917542111600381,2.584906437635914,468242
City of San Pablo,2021,12,0.7960338068230915,0.15416011836368065,0.6299665173420397,0.1630286085526976,-0.7059484538895224,0.13055497116901554,223953,-6.617609923349505,2.638717447556427,-13.148225126649393,2.765311726074343,468043
City of San Pablo,2022,1,0.6740462911546881,0.19919100590608455,0.545009587098759,0.31936575116897353,-0.5970712975893024,0.17131133371596885,209289,-6.560112187010853,2.7903587416407563,-13.224034129588793,2.89484715523336,467898
City of San Pablo,2022,2,0.6742340416187765,0.2576171795417866,0.5790118923060918,0.21849980359161206,-0.5836745524434197,0.23534558236041508,186218,-6.706051721838266,2.597230908034722,-13.212949092418135,2.775293894932153,468021
City of San Pablo,2022,3,0.732420075786624,0.24031870173675962,0.5649176578886969,0.24618294281551742,-0.6540009020533596,0.20387155917942518,363085,-6.7183010353257275,2.6654123332964974,-13.265477975481483,2.689060732606135,468090
City of San Pablo,2022,4,0.7226606864309408,0.2017074797329861,0.6501563741525971,0.21131546397358658,-0.6278629649137,0.16940568936110478,244440,-6.404812490398979,2.6656265016877074,-13.02250049334554,2.721470032387146,467923
City of San Pablo,2022,5,0.6911346958383165,0.24123110673616835,0.6135377237500805,0.2819456954704751,-0.6084673503912612,0.19951297639788926,213437,-6.162084750430228,2.6369208004048037,-12.948164185109913,2.621783752855038,468147
City of San Pablo,2022,6,0.668248892318466,0.21636797553702225,0.7012028807440887,1.0593396417290974,-0.5712117862632893,0.20033153703294948,80779,-6.056573385603265,2.8226746675896366,-12.690368472925247,2.803031214494954,468004
City of San Pablo,2022,7,0.7264874139655392,0.1618705634678201,0.7918652161517652,1.8029888952709805,-0.6251629127543474,0.13030341411222765,86644,-5.861939603023834,2.6823827680908288,-12.613726062250464,2.649540774461145,468171
City of San Pablo,2022,8,0.7358570536080915,0.10798111656825217,0.7554893704193104,0.1320736310530411,-0.6347637310353802,0.09398409113685492,6414,-6.298203443141145,2.6790500798688974,-12.882557950700356,2.6708814029463377,468025
City of San Pablo,2022,9,0.6706863748669933,0.17352729605767425,0.6804367003600841,0.21799908890759387,-0.5786992329836967,0.1464072855803392,122293,-6.36219013879796,2.6981826737917474,-12.839365397775065,2.6764034363544673,468046
City of San Pablo,2022,10,0.7365727775759087,0.26740253486800347,0.6400650979038225,0.26615528820635337,-0.6501988110846832,0.23601681861469775,252920,-6.288063310388819,2.695321396606517,-12.707349457563824,2.751755909022082,467980
City of San Pablo,2022,11,0.6447409028021963,0.14879245539080108,0.659959422748765,0.31550737943113877,-0.5513188036147798,0.1311581619564177,30635,-6.15503762231892,2.626271266592511,-12.657968290105112,2.7115226679787727,468019
City of San Pablo,2022,12,,,,,,,,-6.817630673096881,2.505627749358079,-13.22901466542226,2.76916480328589,468033
City of San Pablo,2023,1,0.7793969572392975,0.19846603996019174,0.5856593609916774,0.18414670397597815,-0.6898860818580833,0.17107272582708832,365571,-6.893667371293638,2.64729029266797,-13.331654591263558,2.9190133145848174,467942
City of San Pablo,2023,2,,,,,,,,-6.573188688837874,2.7150794524282986,-13.167494592828309,2.7870808835314342,467971
City of San Pablo,2023,3,0.5847410082571,0.15913139136242155,0.6289211498760281,0.2045221360339665,-0.5077990498788516,0.14362002382060382,27195,-7.242702937499665,2.8116755796914865,-13.554983747604487,2.869131939389062,467960
City of San Pablo,2023,4,0.6663915912628485,0.19875044392407282,0.5617635052322484,0.20719318334471404,-0.6004331843906844,0.1532696296964097,293966,-6.790912415999263,2.7589148144537248,-13.366399573444777,2.8412760038324008,467911
City of San Pablo,2023,5,0.7140523598457218,0.22132197190812172,0.612296357512431,0.23329262882549198,-0.6254235727175071,0.18373961013961285,376890,-6.7396122984945475,2.8510687750762247,-13.383041340175666,2.946942931092735,467822
City of San Pablo,2023,6,0.7212282203536362,0.1757887387284677,0.6471767361583306,0.25000573584638364,-0.6290987237731372,0.14031739859115575,268692,-6.490362587033393,2.694847204776789,-13.264458531881674,2.727870005333085,468124
City of San Pablo,2023,7,0.6557849291295641,0.17571852142665087,0.6567720985019511,0.2627845858682517,-0.570787619620878,0.14031031882343306,84544,-6.186726938819844,2.6866008201189553,-12.807765884565768,2.6780381983345465,468073
City of San Pablo,2023,8,0.7280412411896933,0.14471669561548553,0.7273729639700288,0.4073927415813793,-0.623524830948454,0.11452669017728834,165412,-6.50730315716763,2.749240089488799,-13.08852935016133,2.811091138559259,467978
City of San Pablo,2023,9,0.7141342529245523,0.21587860776063883,0.6108901643337401,0.29290457765341055,-0.6225050186408373,0.18610515550244788,199954,-6.151072875268361,2.72099272829103,-12.764428305040845,2.6693373378942025,468079
City of San Pablo,2023,10,0.732308213755784,0.19332149404418147,0.6020442871414908,0.22347976168523678,-0.6411343511431474,0.1571068742248431,346817,-5.995717903095189,2.7293462195545573,-12.56498321992975,2.7682558512504785,467946
City of San Pablo,2023,11,0.7582390567665702,0.2211173989809538,0.6000587278709538,0.634158879090679,-0.666874220037601,0.19056100302275894,334127,-6.023429629424667,2.712499195811767,-12.576356210539346,2.772437984625042,467961
City of San Pablo,2023,12,0.770890924510674,0.22466746465926166,0.5487927076039594,0.18567857237690424,-0.6820385892335853,0.1940180627505924,432990,-6.131302287026066,2.8156558450679867,-12.769660786414741,2.8212351945268757,467899
City of San Pablo,2024,1,0.4622670530851747,0.11766963150904367,0.5299197968977494,0.15528281621259946,-0.3833705230948141,0.09954460681853361,5073,-6.817798665258609,2.6958419178038158,-13.343604426441685,2.9143847910092715,467950
City of San Pablo,2024,2,0.6968626553081818,0.22111475624875243,0.4944365961317702,0.6473705160150416,-0.6442798836849021,0.18668000132603163,334410,-7.0486615347086765,2.720709580472339,-13.58600358089351,2.829323931498791,467997
City of San Pablo,2024,3,0.6158275740957831,0.17647542218775075,0.5143696683565813,0.17417945110457694,-0.5580776175589548,0.15211851626155404,117074,-7.367500919032729,2.8708717227430864,-13.778522370646062,3.007491124159652,467848
City of San Pablo,2024,4,0.5490675199602739,0.2310543926326551,0.49478050420788383,0.23654810987340869,-0.517256753359457,0.20308968935202487,87820,-7.862805488142219,3.1011877685334697,-14.448861500088833,3.3239143773150652,467695
City of San Pablo,2024,5,0.529681953163802,0.1991789474012125,0.432689379626856,0.8172117676537318,-0.513069179813007,0.1542378112993695,184739,-7.90434772540763,2.9993826795247043,-14.368166937912791,3.2875400108274664,467735
City of San Pablo,2024,6,0.5066986348912763,0.31832634308990104,0.4601276842761411,25.45411941798221,-0.4230741209423184,0.2832287048355273,16332,-6.621021466806805,2.670257741900374,-13.189628722342674,2.710727634962106,467898
City of San Pablo,2024,7,0.6047619701812915,0.16545696884004116,0.6168114068793823,0.16562955323004885,-0.5294882010114856,0.1415664720072758,261805,-6.443590097485057,2.7316596116668537,-13.180764036131716,2.7544927015766896,467805
City of San Pablo,2024,8,0.49759792594572444,0.13010884809782078,0.7383941027343601,0.2357449396283465,-0.42475336020215315,0.10778081657535721,48459,-5.990384934879398,2.552060910348861,-12.462580673888422,2.6743392074489174,468050
City of San Pablo,2024,9,0.6892668575824394,0.197867024534597,0.6343887005457097,0.2284674394846108,-0.6024070900167129,0.16156559161346978,141331,-6.242122320100624,2.795519373931442,-12.996724243168405,2.8114029849957127,467835
City of San Pablo,2024,10,0.736355212337465,0.19295650631231584,0.6494757771286847,1.4969088687276402,-0.6496870104168747,0.1512514503776486,209533,-6.273867675957436,2.6745407756019386,-12.637573991437186,2.660540272731053,467947
City of San Pablo,2024,11,0.6761221820830137,0.19916732571494633,0.5625492316722438,0.2631059300611962,-0.6128656701670768,0.1564284978061757,144515,-6.768522555257214,2.683300403928477,-13.30687501390672,2.8287135576894857,467836
City of San Pablo,2024,12,,,,,,,,-6.03993178164175,2.6500808374105973,-12.498893208499531,2.7127634144781405,468023
City of San Pablo,2025,1,0.6917281516878666,0.21756630434166477,0.5508859850166243,0.22234384336189142,-0.6067371101035374,0.1811777998145111,233073,-6.289400416256604,2.7147205894789757,-12.793991392385724,2.7883608683398173,467930
City of San Pablo,2025,2,,,,,,,,-6.885679565254279,2.668654758810582,-13.306252551302938,2.8994193365083585,467847
City of San Pablo,2025,3,0.7210264921925171,0.21680827299170766,0.594055312866413,0.3396269005027163,-0.6397595261807433,0.18464779523817307,309257,-6.760239671165772,2.701630905046076,-13.259215760117124,2.729677968483757,468013
City of San Pablo,2025,4,0.675581559753045,0.19333275582338957,0.5387183166043901,0.2693612878253233,-0.6234391013160209,0.1444550612474489,391220,-7.765454273903069,2.868667064351571,-14.43726186616196,2.797120931646674,468334
City of San Pablo,2025,5,0.6761737747711165,0.18791562570650186,0.5829145675863118,0.20636333127891535,-0.6099994710945847,0.13777929120748905,123795,-6.885879368139288,2.792895777183331,-13.46691331691224,2.8867607561858324,467799
City of San Pablo,2025,6,0.7342474109796856,0.21446966529423145,0.6346336529450646,0.26596567801966337,-0.646884237283669,0.1680903780271461,236920,-6.473040907925455,2.836565217713051,-13.127110469563828,2.6348883258129185,468364
City of San Pablo,2025,7,,,,,,,,-6.698383481897371,2.7831064120096074,-13.269654975872223,2.776556324065112,468329
City of San Pablo,2025,8,0.7266626671218391,0.19378525511649905,0.750260505053148,8.5918529711006,-0.6296369828728682,0.16211985573801527,92094,-6.226659354089879,2.7729238526427413,-12.703147520922979,2.811127520360893,468140
City of San Pablo,2025,9,0.6391443657763799,0.18938241497043093,0.5963983353499707,0.2092313519567212,-0.5597001909138192,0.1527745762070612,221815,-6.0141316451637445,2.7875162674925673,-12.588636552015348,2.6296694650566654,468359
City of San Pablo,2025,10,,,,,,,0,-6.226581175226443,2.7564266166115545,-12.777558482498117,2.740819853724401,468008
City of San Pablo,2025,11,0.6283010413510541,0.1994384133786209,0.5861666674852365,0.21956840437062877,-0.5351280120890228,0.1845889617946724,95398,-6.573407235233085,2.754143782563895,-13.145350454670911,2.6537919485555848,468339
City of San Pedro,2018,1,0.3812246031342102,0.32030152357883285,0.2831983018754254,4.502460705128207,-0.3867826324494885,0.2809523086664904,52683,-5.962501396108994,3.9977956426802455,-11.088413524554355,4.265265034976013,61056
City of San Pedro,2018,2,0.3432808497209691,0.28583957397530035,0.2532917337629191,0.21355819350785504,-0.3581892060848749,0.2562774152193843,44212,-5.495024656043612,4.060305727150125,-12.104918009704338,4.071434597564331,61065
City of San Pedro,2018,3,0.31990841310311835,0.23339091758531944,0.23291741402825958,2.2822714142142555,-0.35245921654300777,0.19990360432783838,61065,-5.428209018569036,3.913244026900265,-12.260538024813922,4.162526394466817,61057
City of San Pedro,2018,4,0.28297107580554043,0.22467507147982493,0.23070358590146745,5.952536081378039,-0.3223557811463404,0.2003751918506694,56361,-5.629889764701881,4.138073502193349,-12.303308614117627,4.182450211938814,61059
City of San Pedro,2018,5,0.3188972928699726,0.2701672410130332,0.18203979897652892,9.732027991296922,-0.3554598839927155,0.2431143457669434,60397,-6.292763286512976,4.132831979968336,-11.512612740442664,4.578931537538737,61036
City of San Pedro,2018,6,,,,,,,,-5.050777001414179,4.408622207028592,-11.836481536244463,3.998759535177143,61056
City of San Pedro,2018,7,,,,,,,,-5.467570141908811,4.122795844646137,-10.875941242347704,4.352783549985981,61007
City of San Pedro,2018,8,,,,,,,,-5.3143596992252045,4.04720512321189,-12.168705032502132,4.3046882218995055,60970
City of San Pedro,2018,9,0.3891910901711513,0.2104310046622267,0.37570979582276165,0.2201088204003682,-0.3624001581495063,0.16354648211231246,27990,-5.286140325916736,4.161554945114497,-12.060631738389967,4.327143985448637,60924
City of San Pedro,2018,10,0.4047912895327437,0.313043231398767,0.296785951324398,0.23688017146429302,-0.39963252070613653,0.2695375387183255,60859,-5.416679119890328,4.102204539177031,-12.202345551329044,4.323543600014053,60934
City of San Pedro,2018,11,0.3951776419828682,0.32900979901862126,0.26466846653256326,0.3201699137401758,-0.401545576623725,0.2827148812414426,60934,-5.4151190373307125,3.9973583041898557,-12.249893053779148,4.275259896881061,60939
City of San Pedro,2018,12,0.3886995276032069,0.28017445875901575,0.2723993448615942,0.2159272211971357,-0.39218128422973375,0.2332480773319425,60428,-4.203521380274889,4.390721476842175,-11.239079751678844,4.174638800563848,60979
City of San Pedro,2019,1,0.3515094573665809,0.19570551161104738,0.3557543330226995,0.2946269601713723,-0.3290785848148392,0.15361656373545604,10630,-5.417545477539338,4.083893942496909,-12.34130160786689,4.386131763847929,60967
City of San Pedro,2019,2,0.1979067559166194,0.2791379113351207,0.19525634715397783,0.21890571988836002,-0.18895145567325677,0.27936492233278165,2798,-5.560806414154411,4.088326114022275,-12.518753562329085,4.499089585012985,60911
City of San Pedro,2019,3,0.3173904018829079,0.2732766765101266,0.21958984692697017,0.23748720525217798,-0.3551743653104038,0.24629187783816575,58970,-5.713372835292875,4.32633540971187,-12.499373284262461,4.480519041846428,60970
City of San Pedro,2019,4,0.327310234116051,0.204663617539189,0.2626636043437642,0.18173299901815304,-0.3449982293614856,0.17748143073145653,31796,-5.744072650708955,4.207475466798068,-12.459960948501127,4.354711174929646,60953
City of San Pedro,2019,5,0.37360333726735173,0.32243659972476946,0.2565761023877652,6.979831648019221,-0.37392704032058033,0.269705702804294,48969,-4.732370963003013,4.334060388985468,-11.488578650428309,4.012842312687044,60990
City of San Pedro,2019,6,0.36828070113305356,0.294958339763009,0.3408489294988027,0.31393009863152843,-0.33019811103618796,0.2661080694994503,14660,-5.1041006509538,4.226564318468475,-12.000390999830653,4.107139209189885,60996
City of San Pedro,2019,7,0.36875785355342194,0.31888146180044513,0.29135623573533187,0.2576866786587689,-0.35736243647732835,0.2755293048847326,40349,-4.62993863063111,4.305798460367488,-11.629562698749071,4.032427356869978,60964
City of San Pedro,2019,8,0.39059440265918,0.2797619066756615,0.3740346704985832,1.0669476659650996,-0.362376649904911,0.2367191498078704,27694,-5.471874003486809,3.900700177867207,-11.11414744538183,4.43139042245079,60919
City of San Pedro,2019,9,,,,,,,,-5.153753695227044,4.122649550054512,-12.05061999164977,4.323651507514982,60970
City of San Pedro,2019,10,0.3927250638742595,0.3033248142186499,0.29390329479227867,0.23825131294375623,-0.38715890243188233,0.26383118029798913,56926,-4.91769114287456,4.219676642280223,-11.783670639716796,4.140650950479656,60966
City of San Pedro,2019,11,0.2852065803793184,0.14597125323311652,0.29453450394112524,0.17204989664865747,-0.2281218350881983,0.12501645226323632,8059,-5.139403684985062,3.9754581263128874,-12.070287441810681,4.15106041081255,60927
City of San Pedro,2019,12,0.33468243616611143,0.286260142943137,0.25747858223798814,0.2234854816952793,-0.34402195115646883,0.25495476265606715,35002,-5.252833894177405,3.8632005555215914,-12.04976466904244,4.116371126005178,60981
City of San Pedro,2020,1,0.3378941073798208,0.32007886533460733,0.2497903384211333,0.22436176346134776,-0.3424730800067303,0.29745265698274975,36140,-5.266480507069688,4.097274940169364,-12.024536016844596,4.2982945482167585,60866
City of San Pedro,2020,2,0.35445092360843294,0.2541518222914736,0.23935357873439514,0.1837627071613335,-0.3800685130166449,0.2144435189546233,61065,-5.54138043222276,4.1152667713605,-12.463522165954934,4.415743108401954,60950
City of San Pedro,2020,3,0.30774184171818436,0.2639408884273876,0.21476725359402712,0.19112484907826635,-0.341224835383369,0.23699803139076886,57424,-5.624979319450984,4.169158026734517,-12.364533511901067,4.339892821392128,60947
City of San Pedro,2020,4,0.2724982946801749,0.23211824268588177,0.21278009761195926,0.1992695589541942,-0.3005662683868624,0.20696917130692097,46316,-5.693200758015484,4.263059314156035,-12.453804694324477,4.335883278615081,60949
City of San Pedro,2020,5,0.3644605867363779,0.296788481262445,0.2713531459451606,0.2587038939462979,-0.3628667462018172,0.24854414271638933,54666,-5.027228053239544,4.282276765670927,-11.8164012185268,4.1381903122281365,60997
City of San Pedro,2020,6,0.410545937268451,0.305247487311716,0.27502502776518384,8.852792078243196,-0.4077483909501279,0.2405638449351677,52619,-5.169472585250589,3.986705435476498,-12.040649838876679,4.1484824604027635,61018
City of San Pedro,2020,7,0.35510955247201864,0.2853403582890096,0.2810286542242199,0.6493325492448031,-0.34731884274179514,0.2449146097795609,48367,-4.829592457728058,3.9526156731992033,-10.505773385867291,4.175172769423009,60965
City of San Pedro,2020,8,0.40756150005323494,0.267438391884649,0.32562224618004665,0.22900583829333815,-0.40135263495172796,0.21121061039138053,46234,-5.035431400465424,4.085757615182215,-11.837340884077262,4.191633942058035,60958
City of San Pedro,2020,9,0.34702972633361906,0.3605761578182468,0.32541521510516563,1.2026889554689362,-0.33815046072753197,0.32457103481087146,37639,-5.50345214280859,3.916633108225479,-11.058661019627555,4.379247050216259,60835
City of San Pedro,2020,10,0.3665439854649252,0.29447034126585336,0.30773793448035314,0.2265972515930444,-0.3562674036863235,0.2601848406635334,46958,-3.7704805205577134,4.195151592526138,-11.025450242205814,4.05290308552351,60999
City of San Pedro,2020,11,0.3851260555238493,0.3409649452936104,0.27095620054750574,0.4386983678840935,-0.38909603277423394,0.29433448943599766,55629,-4.741981705271735,4.124123971997744,-11.768546282125962,4.364173156327464,60932
City of San Pedro,2020,12,-0.015457362619211353,0.10316087500464578,-0.08133802272716055,0.2169530959290786,0.03610469054846039,0.10387406461795615,370,-4.966340544896444,4.291798463676398,-11.889509000135657,4.359123370872649,60917
City of San Pedro,2021,1,0.3778630225576716,0.2931908235965208,0.2844510204823786,0.4303859511944963,-0.3663566249900077,0.25884448248030145,53747,-4.877763757129452,3.8391876674288183,-11.992425493330584,4.335419713207531,60958
City of San Pedro,2021,2,0.36527000898477885,0.33457916061209486,0.2557413895745523,0.2196298477629682,-0.3764839397932672,0.3041393031327355,60385,-4.775396207217932,4.731302814886552,-11.81737368901714,4.350643380664245,60987
City of San Pedro,2021,3,0.34659524047158896,0.24817895722263092,0.24704262324822085,0.1970092474630969,-0.3509172912212834,0.21164668250996677,1577,-5.194782274120028,4.19840803108091,-12.139020367675986,4.433769773009973,60692
City of San Pedro,2021,4,0.31861255602052163,0.25727677094470386,0.30046081740393055,0.23525417317406472,-0.31505954819704063,0.2558933725280874,11597,-5.245187922982381,4.22435249488114,-12.119877020674462,4.456165937365239,60863
City of San Pedro,2021,5,0.30064044254221356,0.2459549507942302,0.2173201535034178,0.5347890118192306,-0.3319990950754087,0.2194490607008849,60772,-5.420152886454645,4.482471314578474,-12.364307710571643,4.569442067455323,60912
City of San Pedro,2021,6,0.3371850882406064,0.23082069135539277,0.48013361608321364,0.35809327522281703,-0.2649821738695818,0.20378732417645193,17694,-5.176290942852717,4.296181824463351,-12.117290095663598,4.333316355335128,60907
City of San Pedro,2021,7,0.5668880257918067,0.30609169782336004,0.5109683952431823,1.3186874358669232,-0.5040853868166576,0.24076045749782876,22837,-4.266606268058848,4.363136531636375,-11.387313498447632,4.263377210793016,60853
City of San Pedro,2021,8,0.42153037032524265,0.20822104178281442,0.48842515316418167,0.41597961273066925,-0.3589222693197091,0.16766360415800077,8115,-5.393956427336397,4.084484175816583,-11.095573140383994,4.485146654198163,60641
City of San Pedro,2021,9,0.4089021625111321,0.3252735947646016,0.29966250605813727,0.3009162786762779,-0.4050866628015083,0.2753061065900805,59875,-5.142147177470187,4.474022330081076,-11.97965948316588,4.239047370939906,60907
City of San Pedro,2021,10,0.3910467364435352,0.32075567885566514,0.2739514615781994,0.25071846669831543,-0.39528665272048163,0.28205417261773624,50460,-5.576045000341432,3.7386553831131684,-11.217386056613117,4.621333259231618,60578
City of San Pedro,2021,11,0.02554428649436796,0.1568732310364391,-0.01646317080639936,0.17104345234830393,-0.004346670801315476,0.13665776990349793,398,-4.410159354269616,4.270863687859584,-11.634945902998489,4.328432866387513,60909
City of San Pedro,2021,12,0.40004860031283546,0.33859352130262754,0.25776218100855813,0.2240608900552293,-0.4053387260598813,0.2994706062371316,54085,-5.5941850327530505,3.6628904062195944,-11.237379823457232,4.61980380228692,60761
City of San Pedro,2022,1,0.1851786667476096,0.282733704078815,0.16117392466219096,0.1995603429955337,-0.18776644259492406,0.27624015810262553,17300,-5.816828562632917,4.020352545853258,-11.366531912390643,4.652216154462968,60852
City of San Pedro,2022,2,0.2963290390360272,0.25828263850645883,0.21049279103540802,0.18983028979982072,-0.31108967930287884,0.23203705822298698,44779,-5.630244765770618,3.8760564471938475,-11.121060307995197,4.665406589358694,60758
City of San Pedro,2022,3,0.3340484305034942,0.2888479555164503,0.22987205937021138,0.2668351231717588,-0.365050540842452,0.2573394232341711,61064,-5.759343499563541,3.840389355218481,-11.273813353532233,4.580355066772217,60738
City of San Pedro,2022,4,-0.010542576651113088,0.07229544213717445,-0.19539402535013944,1.171109987332825,0.04045780469381877,0.06977600791872746,1720,-5.526285111462869,3.6935859997115226,-11.110916659132975,4.519604719986224,60664
City of San Pedro,2022,5,0.3460961224710515,0.28150662517946873,0.2702196596771752,0.27063558417069805,-0.35193025541485573,0.23740879954043442,46008,-4.968298531652299,3.9931007000611882,-10.731001839214743,4.350203666598401,60907
City of San Pedro,2022,6,,,,,,,0,-5.120411886640817,4.019826722117454,-10.882289345263146,4.402485889324119,60814
City of San Pedro,2022,7,0.38601936757510835,0.34279905324147397,0.3010798192186936,0.9118950203352115,-0.3834461617030944,0.2986796738226978,55804,-5.0822279913883195,3.908490878522499,-10.73339859220883,4.375681617735483,60906
City of San Pedro,2022,8,0.3420128397874132,0.28238028172812907,0.28336384471203424,0.2460232300582757,-0.3330746341221651,0.24481597146215067,38700,-5.418231486098391,3.860518590618297,-11.059693839914507,4.506292588670204,60844
City of San Pedro,2022,9,0.4462605358600651,0.27703861221711523,0.34692429922912266,1.2627783174370906,-0.4183672673821478,0.21424753674730931,35657,-4.8803954495334025,4.151128835210176,-10.531608238465306,4.453963362010231,60910
City of San Pedro,2022,10,0.2864339898724935,0.24993954351490186,0.2335006694744569,0.2039003056530015,-0.27415924231129624,0.24360645792256827,11930,-4.648592464894803,4.092900786260179,-10.27674378948315,4.342949393833904,60905
City of San Pedro,2022,11,0.37395898624252405,0.2587101146760401,0.30971936452484256,0.30872383149889787,-0.36555784635263594,0.20549179647353283,32271,-4.320526850652202,3.6716017522135163,-10.222391736367397,4.262892925657068,60910
City of San Pedro,2022,12,0.40734515884751615,0.31956010887822717,0.2706592974391336,0.9404002883014247,-0.4097739539368785,0.2628856096001534,61065,-5.408193374820685,3.5308743649394954,-11.051631365883352,4.466009935510304,60857
City of San Pedro,2023,1,0.40728301975752895,0.30952276576616555,0.2671463492015559,0.23031391452629896,-0.41103597866548613,0.25489761310867143,58709,-5.71104572244996,3.9567312811190707,-11.172368236056725,4.6066032909946015,60844
City of San Pedro,2023,2,0.25446717394607926,0.24467868306341037,0.22392866604198614,0.2017111697282614,-0.2380162060129383,0.2280924594459847,16772,-5.645801653189095,4.283656430543283,-11.043855753997189,4.635819117642589,60788
City of San Pedro,2023,3,0.3083448708440087,0.24482624805275427,0.2167635052129077,0.1859632568945311,-0.3450822402795691,0.21302902792504538,61065,-5.831633348931079,4.167909983143554,-11.194812272394712,4.74280551426119,60830
City of San Pedro,2023,4,0.35832373689970004,0.2521964224375002,0.2626034732464745,0.20080656801626964,-0.3783072117881644,0.20215381001115615,60108,-5.573439710514555,3.8989339436375365,-11.114786268804123,4.648551942691095,60722
City of San Pedro,2023,5,0.32260656859722375,0.2783524598962902,0.29770903844744073,0.2638948381312359,-0.3136783700830698,0.246886942960462,34469,-5.444803415643043,4.024427605677921,-11.08466637077331,4.642070758007062,60783
City of San Pedro,2023,6,0.37124446643026027,0.35470258986525904,0.2901385453654084,0.4967426543598374,-0.3758817281108037,0.31269731332673467,43611,-4.791622067048444,4.084469174880095,-10.43809812313462,4.328893768253129,60909
City of San Pedro,2023,7,0.38275495430744894,0.28306380232755096,0.29620095596814056,0.8783806059367336,-0.3805446102450061,0.2203548399448393,50365,-4.531795271258752,3.724583159764735,-10.419469077115252,4.354502652084704,60860
City of San Pedro,2023,8,0.3784391615924914,0.3138735969942463,0.3859235351702154,0.31485714991807184,-0.33614728440641023,0.2900277237184127,4938,-4.945780898399884,4.021717170495663,-10.67896918396262,4.498332960880559,60785
City of San Pedro,2023,9,0.36827060593716227,0.319943204247395,0.2791840956490979,0.33129028560437424,-0.3616945041174115,0.29177033232755456,39871,-5.011000639622689,4.179226511463243,-10.627624515856247,4.382859685312647,60877
City of San Pedro,2023,10,,,,,,,0,-4.496372058557755,4.083677259226736,-10.305572806546001,4.407451975256401,60808
City of San Pedro,2023,11,0.4500884177773312,0.264189752283332,0.29578743636309857,0.36735016979949314,-0.4196374195377411,0.2094032527731436,35292,-4.969526261316458,4.02902219501484,-10.590977181033486,4.5000070442584885,60897
City of San Pedro,2023,12,0.37970802659354547,0.3213437997495224,0.25420521674676877,0.2852912467319572,-0.38921021049073945,0.27952554892648135,59148,-5.040641608142484,3.866456639260325,-10.7597109951569,4.582026459377125,60799
City of San Pedro,2024,1,0.3543024879445813,0.2494187687802217,0.22311871063260455,0.17202929177424844,-0.3788786490872886,0.2093007038723929,58543,-5.4645775628631865,3.6789948202193665,-11.048927556857738,4.55768876490083,60998
City of San Pedro,2024,2,0.32487420398078115,0.23957754386435445,0.2056236550557186,0.16761655998258596,-0.3725788402617481,0.2078677611960365,61065,-5.605481450607421,3.9316656812400197,-11.082913846415948,4.68129961022396,60727
City of San Pedro,2024,3,0.26079306463292357,0.22193800229113197,0.17766732694201226,0.1970401521923139,-0.2937792353401862,0.2003974369655879,55142,-5.725661904673732,3.988272111006216,-11.025024980937483,4.548752223403873,61026
City of San Pedro,2024,4,0.2840874657075415,0.24622895876916207,0.1721836917466062,4.904099171545115,-0.3400702657777345,0.22829737357533691,60699,-5.815141712180206,4.096122072238282,-11.339376681204977,4.801278835971291,60657
City of San Pedro,2024,5,-0.02679912217528276,0.04116419621609747,-0.11679562377621945,0.17362328105875643,0.05265401254038568,0.050424619498357956,23,-5.682975360664668,4.001542504577162,-11.067178009101074,4.505728312825464,61006
City of San Pedro,2024,6,0.38614488283929255,0.30357000190221073,0.2997332986278913,2.684188922912917,-0.382829659655976,0.250097999054593,55977,-5.07600610130502,4.014005557850099,-10.511258158973904,4.2411123665827795,61035
City of San Pedro,2024,7,,,,,,,0,-4.637556602936026,4.354652398880407,-11.570677982504323,4.337348945492521,60911
City of San Pedro,2024,8,0.40114841689890646,0.24765214868504387,0.33992774442799834,0.8227042479914439,-0.3931630300946488,0.19202418509667066,35856,-4.472196061701195,4.069387403938812,-10.185030016660798,4.18409950549209,61036
City of San Pedro,2024,9,0.4396248275067915,0.28710483410837123,0.3399272331870753,0.3245446789016348,-0.4283870634718097,0.22389942938779275,32261,-5.1811296308379795,4.332254681340449,-10.850880126447555,4.5283907532740395,60827
City of San Pedro,2024,10,0.3232186317279285,0.3842967924802228,0.2559548953667991,2.2175450521438758,-0.3265870444318436,0.34771701561040624,40029,-4.820993533628531,4.106976769765525,-10.544148871072611,4.434132698749585,60928
City of San Pedro,2024,11,0.37802111437787983,0.32123246952772705,0.2582694810560582,0.26948952487975736,-0.39200517026087955,0.285263600203154,60392,-5.39366318708947,3.7622541334822373,-11.041872898122454,4.599176596272084,60816
City of San Pedro,2024,12,0.43394102301400017,0.28265887553565694,0.35047211448175714,0.43212389763849707,-0.40832726246242257,0.22914553786342773,21993,-4.600118369467998,4.184095668202176,-10.159670418765767,4.3988727238137955,61038
City of San Pedro,2025,1,0.3513237206190955,0.3298932806755085,0.25647451408940075,0.24317257945363285,-0.36738269149806846,0.30209184110289117,55372,-4.955999748238345,4.023252666078273,-10.629797205407431,4.5684023614077205,60682
City of San Pedro,2025,2,0.3510994966229506,0.2823919967417425,0.2528266187829894,0.29036589493123355,-0.36032343442194537,0.2332590151379467,61065,-5.5670000754418645,3.9790439494601992,-10.985186596731957,4.687617650232598,60994
City of San Pedro,2025,3,0.3334444712626955,0.2590691808435497,0.23034783269760956,4.553351724086431,-0.36208464712409144,0.22263553100009859,57955,-5.537342501176964,4.105262067848064,-10.992228169385323,4.7609254081421035,60881
City of San Pedro,2025,4,0.3053375966324771,0.21690549747998797,0.23393525933877746,0.1791589841450544,-0.33739191551855824,0.18438207643018117,59564,-5.739404891786927,4.280955617964633,-12.923447262047517,4.547057739657102,60984
City of San Pedro,2025,5,0.32474301795192606,0.28699349744759617,0.24398287558166887,1.248153249723138,-0.3405355217336208,0.2448318390865407,56666,-5.156351532475119,4.277071697985839,-10.620004462065097,4.478128580024813,61021
City of San Pedro,2025,6,,,,,,,0,-4.182780157964154,4.645958272607695,-11.44040767021614,4.224936957563995,61049
City of San Pedro,2025,7,,,,,,,,-4.866843210883214,4.325279741041541,-11.840798994795808,4.451873564380229,61031
City of San Pedro,2025,8,0.2882351920651859,0.35741707045016136,0.22742158714460364,0.27090072558896594,-0.2911193345136014,0.3461087619398416,24193,-5.1133436072369385,4.424136256789885,-10.892066643995047,4.522654785291363,61057
City of San Pedro,2025,9,,,,,,,,-4.385256058196094,4.678133228170308,-11.436811349843108,4.188890619163437,61063
City of San Pedro,2025,10,-0.020354945229418157,0.060015800845669515,-0.022598235816177398,0.06223797410475138,0.039738148326675105,0.059862824951996504,45,-5.108094850995014,4.075793257095721,-10.965421956912536,4.6856622466219005,61016
City of San Pedro,2025,11,0.3899723910852355,0.3407567720407986,0.24920650742961195,0.23560414104446722,-0.39096805846020677,0.29488579479578325,60501,-4.76537624890403,4.497378531740094,-11.70298635582142,4.276660034068123,61063
City of Santa Rosa,2018,1,0.5120973082651786,0.28579060324693933,0.36253266577919047,0.256973910233425,-0.4823981374403161,0.22835525942196047,133688,-6.83218794043169,3.548637197259899,-12.487002842233037,3.595629762306994,141836
City of Santa Rosa,2018,2,0.466136554060869,0.2685772318933748,0.3364301560542576,1.1323351341189092,-0.4540874367236902,0.21101126399169862,126211,-6.879446496254893,4.34353029378905,-13.656607142384392,3.665663968065514,141836
City of Santa Rosa,2018,3,0.3881329208435678,0.24007502280954074,0.2991097936456692,1.2749160276833431,-0.3948083536379021,0.19290880265724583,120029,-6.97380471639884,4.412927279689596,-13.950179017684317,3.780574646622609,141835
City of Santa Rosa,2018,4,0.3445601187152146,0.2348598758154935,0.2543467500534641,0.514904817513013,-0.3736317663580395,0.1936437041177105,134160,-7.211534482257197,4.51364874616687,-14.177275718946907,3.927952478618507,141836
City of Santa Rosa,2018,5,0.3579954732523797,0.25857331985995474,0.2458715938025794,1.1369821913858682,-0.3970511906602331,0.21550007102604357,141082,-7.87670672284878,4.0473521516784645,-13.662558387791167,4.38008062213819,141828
City of Santa Rosa,2018,6,,,,,,,,-6.117995343732397,4.2475341102966455,-13.233790563343796,3.5313707348482692,141834
City of Santa Rosa,2018,7,,,,,,,,-6.473731788141556,3.4946961456892347,-12.378159833111543,3.582310640945396,141835
City of Santa Rosa,2018,8,,,,,,,,-6.371125925931224,4.034995097744838,-13.490131734696565,3.516527777446752,141834
City of Santa Rosa,2018,9,0.4490817063343655,0.2427840505948638,0.43191254321821654,0.30545531699156725,-0.4010637565961141,0.1921400794348106,70094,-6.379918200400153,4.177486062117773,-13.382324204822691,3.625133802694064,141834
City of Santa Rosa,2018,10,0.48077042318006763,0.2651736012428031,0.38195721217294315,0.23281818614539593,-0.4583460256134576,0.2039252454272681,91378,-6.653670717405572,4.270934198190873,-13.612783589859793,3.6957355055980314,141824
City of Santa Rosa,2018,11,0.46576559613941537,0.2462945400415737,0.40460354747364663,2.880389524143076,-0.4310195915400629,0.19806063165759655,52776,-6.725589529341004,4.246539750873351,-13.714784047367804,3.663769388277585,141830
City of Santa Rosa,2018,12,0.4972126927580516,0.24927548059962149,0.38305819864688784,1.2300375662256906,-0.46434591191991886,0.20343498063219975,99236,-5.260306856133282,4.157009191070696,-12.455963450160173,3.3529743666172185,141828
City of Santa Rosa,2019,1,0.4327206782925183,0.2054227790328332,0.4339869432717969,0.2343126364587622,-0.40683300856012117,0.15330469256826373,10336,-6.72324434336829,4.34274751450229,-13.87586194919008,3.7889217384448384,141825
City of Santa Rosa,2019,2,0.4027502953861446,0.20993404563087506,0.3438152190695085,0.25241930268306195,-0.3859664652728675,0.1726257264895416,13639,-6.950020782240759,4.466925076867579,-14.109929530261304,3.9566130338484413,141819
City of Santa Rosa,2019,3,0.39343745042698064,0.259607442633209,0.2749448462562675,1.1362125921826505,-0.4162465559975792,0.21287273031419987,130795,-7.213296443654243,4.647722527638481,-14.295839871101451,4.137411069827319,141811
City of Santa Rosa,2019,4,0.3614716198058164,0.2199365532861399,0.2871121609966475,0.1924038906312664,-0.37297761676380037,0.17404297908514327,90244,-7.392594851361278,4.715181374123194,-14.474671896667482,4.263009483037215,141812
City of Santa Rosa,2019,5,0.5027181996765954,0.30844857664107317,0.39120914507582877,0.8586758344198803,-0.46026953426377365,0.23390789294202718,118450,-5.891283702970857,4.284443537026098,-13.03498224967827,3.524694595954318,141832
City of Santa Rosa,2019,6,0.45601934641018693,0.2609704337089558,0.4017510708738207,0.2557684115201039,-0.42039606735781826,0.19768427919706555,82775,-6.415760433267312,4.348334399353785,-13.60701285064826,3.610092265079206,141830
City of Santa Rosa,2019,7,0.4552876654256925,0.2985873789284181,0.37986135260436854,0.9790462657094218,-0.4199359641860906,0.2285069192682755,85669,-5.393286778108773,4.18747332109819,-12.699486216789449,3.339654076318411,141834
City of Santa Rosa,2019,8,0.522212802631198,0.27587804904470986,0.45186824520457686,0.7558606837124824,-0.4727481809962321,0.2187142261167833,99624,-6.657841781230253,3.7024717486210226,-12.699475786507753,3.7679511121499503,141830
City of Santa Rosa,2019,9,,,,,,,,-6.3246453739628485,4.208608254029244,-13.384388358814354,3.585080706873217,141830
City of Santa Rosa,2019,10,0.45997039718751637,0.2789135691257315,0.38069774233334003,3.5422003690118156,-0.4393445236038795,0.2146144574303882,88548,-5.853227013470023,4.113466006246996,-12.885000649961846,3.3098850308438323,141835
City of Santa Rosa,2019,11,0.4429347817555932,0.19783110934958686,0.42132987612485034,0.20952366060221367,-0.39021746332467916,0.16520565363979384,39474,-5.933635042486099,4.138343018689956,-13.067445048376237,3.3528158056575954,141834
City of Santa Rosa,2019,12,0.5069677162615246,0.2682687034590529,0.39445241249164964,0.36576934429652164,-0.470173220472203,0.21288512076585833,113245,-6.4103991548246855,4.221577437040769,-13.449761122463572,3.5796725799427738,141834
City of Santa Rosa,2020,1,0.452581121111862,0.2607047556317651,0.2898112018076115,0.2070097573339284,-0.4368052542707093,0.20286301089778247,119379,-6.386811220102222,4.239959522339027,-13.378926234730086,3.7202591988912457,141807
City of Santa Rosa,2020,2,0.43709191239141976,0.25130966529868,0.31096647423726714,0.21331679046858298,-0.4313387262586955,0.19664532406714055,136782,-6.861098962759142,4.475790295319963,-13.99484433807481,3.8692513077975645,141824
City of Santa Rosa,2020,3,0.40904729434155085,0.2508483966416234,0.2912529408103211,0.612105064724252,-0.415550179680262,0.1959953098632453,119279,-6.998846178060947,4.546567737775512,-14.039349331842143,3.9460174984090175,141832
City of Santa Rosa,2020,4,0.3489491186613213,0.22584316586381684,0.26930760459238273,0.27167984699855013,-0.35918079943920195,0.17970609778794444,112824,-7.208047723993629,4.71012108013908,-14.323547538468308,4.0904420587728145,141832
City of Santa Rosa,2020,5,0.4249447955059787,0.2823741683208646,0.342211236603799,1.2824056934578048,-0.3975898014998791,0.21391433081247835,84762,-6.382496786802628,4.392971590708999,-13.41081658810949,3.7118533290456313,141825
City of Santa Rosa,2020,6,0.5346209856900688,0.2867924658350967,0.4470351684819592,1.9734835166735623,-0.480596388271362,0.21855929470158278,67207,-6.509322872356488,4.3683358948300945,-13.631736578903887,3.652919418256441,141834
City of Santa Rosa,2020,7,0.4551648234815094,0.2820874878754738,0.38634145471988757,0.296637662820397,-0.4214287234922642,0.21332344873320785,101961,-6.002485131023926,3.5364404426488623,-12.10820391829811,3.5662832579546517,141816
City of Santa Rosa,2020,8,0.5324798683888989,0.27243337722704813,0.4321230256409951,0.29900564085603104,-0.4848113200721522,0.20979279872495785,104656,-6.12436654563502,4.179586369489576,-13.13900183026943,3.4956237444997744,141830
City of Santa Rosa,2020,9,0.4862184981961424,0.2547860641462806,0.42179949413023954,0.9694080192347619,-0.4450298710706595,0.1995254293473977,125180,-6.424673482408251,3.558779357463436,-12.454906731873736,3.6737148228498477,141816
City of Santa Rosa,2020,10,0.5440894478106305,0.2303578734996584,0.4502365885280948,0.20541997688539362,-0.4889490145269535,0.18634693568920233,65238,-4.468601720224516,4.136199179522281,-11.783667069853362,3.10180319214942,141834
City of Santa Rosa,2020,11,0.5681712473259285,0.23520171836129658,0.48603391618786457,1.4184559005915083,-0.5015635152641894,0.1999022933356732,42892,-5.776762121125277,4.201822766756008,-12.877350558324384,3.4737396827904807,141831
City of Santa Rosa,2020,12,0.4992981586627525,0.29584416379145795,0.3529171630880165,0.3932664528161445,-0.46998471809318254,0.23378611880416308,113451,-6.01603929821271,4.212753351572177,-13.115750578431635,3.549280088380643,141831
City of Santa Rosa,2021,1,0.4664398714241084,0.25331313314001314,0.37003395138949685,0.23372084379099892,-0.431549545319566,0.19733301839452885,92593,-6.088867709615029,4.214848409270068,-13.30251286550847,3.58494696927675,141830
City of Santa Rosa,2021,2,0.4991030980341208,0.28998136223966187,0.3676279042130349,0.2524975256747656,-0.4720826073407498,0.22593479989588158,127950,-5.345241801942306,4.285496030451351,-12.59876438595901,3.405439323417338,141832
City of Santa Rosa,2021,3,0.007171641763956617,0.05571907821850657,0.009998464850858518,0.15246062442122799,0.007471749729510131,0.06739410119862688,84,-6.577071481602096,4.478712931955608,-13.803744104068732,3.8849235302147935,141801
City of Santa Rosa,2021,4,0.363864953736312,0.2373529429184125,0.32794842063648044,0.6028273868332256,-0.3647408354827401,0.1906513285076921,53808,-6.611280197355799,4.538024720658405,-13.832915790765897,3.9664896601057853,141803
City of Santa Rosa,2021,5,0.3698702618493428,0.24575383840390747,0.27534312096624913,0.7557145522502561,-0.3865625914421231,0.2000038532266205,127866,-6.915076723640874,4.719800599999073,-14.153526989897403,4.176454322974,141805
City of Santa Rosa,2021,6,0.34949695787401414,0.19276041822838172,0.5500034501923123,0.4602997799769017,-0.28796959449122195,0.1475112009242426,41824,-6.219826693373117,4.356494774864321,-13.503717725017355,3.7688938003172754,141809
City of Santa Rosa,2021,7,0.619610158972522,0.25983537040593824,0.5829635080817906,9.369607733518942,-0.5298720278994131,0.21216197052254734,45267,-5.157795175515046,4.189680632968079,-12.565112460091258,3.4358413335246607,141829
City of Santa Rosa,2021,8,0.5482120097938479,0.24347467909154724,0.5802569059371531,0.5551844609369058,-0.47318483091713637,0.18899367060666317,61177,-6.6435719984067285,3.7090448584141673,-12.728835477620205,3.864043767571131,141786
City of Santa Rosa,2021,9,0.5296289010531138,0.311589442707191,0.3943769296175745,0.3893487588590619,-0.49027568968248153,0.2441833419148867,140873,-5.988431960361706,4.376615837209677,-13.184482709793048,3.6539222376476523,141816
City of Santa Rosa,2021,10,0.5042670511153348,0.2990572065844455,0.37277169339141814,1.7207923908384093,-0.47732488742364704,0.2367283977562001,118236,-6.642372755641098,3.6618919310254863,-12.704219934469895,3.9526481153811934,141754
City of Santa Rosa,2021,11,-0.008053770027389487,0.07320694305072963,-0.041883449988173595,0.2471909703917472,0.027112417237700078,0.0772262501951875,175,-5.427393069503276,4.061538458349512,-12.757103145590175,3.3597274142454743,141822
City of Santa Rosa,2021,12,0.4915907029375258,0.3053692482034791,0.397157794778045,9.19128270048875,-0.47249266425305286,0.23951918188686566,93262,-6.684547934594717,3.613286944636,-12.692776608279367,3.8724664545782397,141807
City of Santa Rosa,2022,1,0.2952240766769398,0.20897698880150434,0.21501398837489877,1.258069732357957,-0.2863836702138159,0.17072730539159353,29584,-6.7721774208818095,3.741427836240705,-12.819304227107676,4.016905077678195,141780
City of Santa Rosa,2022,2,0.4425548319797491,0.27016379935817236,0.309798958772097,3.8919722579045675,-0.4261679789905029,0.21604758393224757,130188,-6.757656826453663,3.7235326728402285,-12.736703579251104,3.996620894105211,141799
City of Santa Rosa,2022,3,0.4315422116423842,0.27434216478344814,0.350057610582959,8.525228269286355,-0.43036831619238297,0.2188100718350037,120267,-6.98349075119512,3.733300020876417,-12.973050405332723,4.020105390438374,141804
City of Santa Rosa,2022,4,0.4749612130847783,0.24909897179873808,0.4167462733736753,0.8061748029291935,-0.43300250115442673,0.19592136410664154,80350,-6.298305714986785,3.5565185551940615,-12.357081625386092,3.7766712988797777,141806
City of Santa Rosa,2022,5,0.4803405229388034,0.2939457418283423,0.37717473863017775,0.6739012756329963,-0.4450941430148513,0.22709615736277694,115061,-6.018596898528337,3.5579453149205507,-12.249772542246669,3.674642766454751,141814
City of Santa Rosa,2022,6,,,,,,,0,-5.848663604463591,3.620480275409483,-12.082082142234874,3.7232284443275887,141811
City of Santa Rosa,2022,7,0.5360345203330897,0.3309727731688868,0.42281304670420183,20.42310847978748,-0.4956355777668376,0.2621221726239995,140459,-5.778749455173804,3.5011454238035156,-11.947805569055543,3.5811734655346594,141830
City of Santa Rosa,2022,8,0.4424788961022387,0.2725736374017403,0.36097619219492405,0.2526500628860824,-0.41157036968426397,0.20677652570937807,76172,-6.258809879017376,3.495264587901046,-12.270489154962027,3.6501270413766074,141811
City of Santa Rosa,2022,9,0.4936179591836554,0.2749494360280283,0.43204547419648487,1.6681488048772457,-0.44917566881204746,0.21644212884025746,93328,-5.816413750042876,3.5922279514944235,-11.853459105077091,3.589907253793181,141829
City of Santa Rosa,2022,10,0.5632091775359109,0.21005773822490054,0.5580004416474064,0.2390959456948177,-0.488552325943613,0.16613508586403047,14276,-5.543988282999184,3.6549697732019157,-11.613824975825155,3.692605937078772,141810
City of Santa Rosa,2022,11,0.36538154634736575,0.2598753307277663,0.26577111684646837,0.21843831041695153,-0.35465667222449443,0.2018590192802525,48222,-5.168869717654589,3.5631740443726065,-11.398174792904445,3.5088022935910512,141821
City of Santa Rosa,2022,12,0.4991695427076923,0.306616272915501,0.3731548680895271,0.9451580890236163,-0.4714941394149271,0.24320483571405674,113178,-6.483281040328266,3.578638436674857,-12.440758590087727,3.7897000630685143,141820
City of Santa Rosa,2023,1,0.5820560571505214,0.2818275309743736,0.4174625524750222,0.733309490248691,-0.5295541481181171,0.22672677098980384,109559,-6.662580028095668,3.740443313272837,-12.626771430917477,3.9938375110367836,141785
City of Santa Rosa,2023,2,0.3799352188948961,0.16807376277022862,0.35052599341832474,0.17212441952754132,-0.3425570356117068,0.13502279599140057,20795,-6.510444344568439,3.736663624647279,-12.538426293249872,3.9364025381333816,141805
City of Santa Rosa,2023,3,0.39438371979306364,0.2486172792517553,0.2892233293377184,0.2841558742605275,-0.40561750654361,0.20041586053586372,141824,-6.997722411504412,3.9484594417787044,-13.004989693418572,4.257073475023233,141782
City of Santa Rosa,2023,4,0.4376447951176324,0.2506236233086367,0.3386739991228803,0.5583778994282311,-0.4247529003932367,0.195835282998506,130739,-6.7514742138475965,3.8380179576224753,-12.87773842610364,4.137097291946551,141793
City of Santa Rosa,2023,5,0.3823264296134264,0.2443819454971855,0.34842109829026247,0.245890200262093,-0.36347333334659643,0.18803024876624033,76478,-6.653437968231777,3.9275436941835333,-12.776228696849289,4.131884852954591,141779
City of Santa Rosa,2023,6,0.5298764671795088,0.32694363778622854,0.4341617863092437,2.100635683828899,-0.4919571639793789,0.2500244547053412,115379,-5.988334144111589,3.6543825934463503,-12.243169130652317,3.7755759313855353,141819
City of Santa Rosa,2023,7,0.44705464981493354,0.30982784088267845,0.36378598826543673,0.600754411041883,-0.4217988139381078,0.23589433788486794,80895,-5.717424966975391,3.744545858819908,-11.974669757632633,3.7328513876203635,141805
City of Santa Rosa,2023,8,0.378655424967348,0.22636527795520794,0.40974139938020265,0.3060321738134172,-0.34401954687444286,0.1666752390869126,33955,-5.979612683930585,3.8100326126328756,-12.165313457368079,3.8275535181692284,141806
City of Santa Rosa,2023,9,0.5219012519744256,0.31079042601760265,0.38004670606576857,0.9372271356344661,-0.4865089208968497,0.2411894454944692,116143,-5.7437341896181815,3.6801758721006346,-11.907541282068392,3.6912159065493046,141805
City of Santa Rosa,2023,10,0.45294508283937374,0.2117645280887481,0.41731845549525565,0.4839926846372047,-0.40985914364197523,0.16636081026892044,36616,-5.363624230790869,3.737862965873085,-11.622244809386812,3.715004482864258,141812
City of Santa Rosa,2023,11,0.33523616173860565,0.1782628615850454,0.27124087248270634,0.15585193195408,-0.286902435032539,0.15448817376287474,5420,-5.720790573153652,3.668561243376676,-11.777938446396302,3.6924387094229645,141825
City of Santa Rosa,2023,12,0.4024155560038748,0.28603011395679134,0.2993908348926177,0.284233125698236,-0.4089731764211786,0.22625549245535814,25769,-5.737853595152587,3.681611665045481,-11.897975354698964,3.760695797553328,141804
City of Santa Rosa,2024,1,0.5538918403642908,0.24460941275556508,0.39096991837622425,0.45383794298426766,-0.5178803853816529,0.20121424143130343,63619,-6.5061158373282,3.8189869012815376,-12.359306952093624,3.880387784869802,141828
City of Santa Rosa,2024,2,0.43399958199568733,0.25298222966172895,0.29585106989067117,1.078164902965011,-0.444271552846095,0.20435204762771378,128195,-6.604596107619011,3.8012906089574936,-12.676447464825406,4.037840866700657,141814
City of Santa Rosa,2024,3,0.4031770088912915,0.24572906530167193,0.29323977076320645,0.47558733830963174,-0.4041936913379327,0.19321670399514315,46725,-6.888777873173049,3.988444747875972,-12.653997701355603,4.077257085164919,141835
City of Santa Rosa,2024,4,0.3585674184041565,0.2637648504068826,0.24749605941739272,5.012706852028851,-0.4051734165925594,0.22408133473196137,141825,-7.142442352446479,4.1753457069580895,-13.384775937345129,4.621775363842833,141752
City of Santa Rosa,2024,5,,,,,,,0,-7.042164095495017,4.074847657590803,-13.063565547909102,4.313133494060115,141831
City of Santa Rosa,2024,6,0.3725743338515997,0.21572981182769052,0.36349791297452044,0.23469135123388182,-0.3531052616201131,0.16352147916225657,1611,-5.882674107150624,3.549953978955425,-11.867723521954886,3.5666166315503136,141836
City of Santa Rosa,2024,7,0.6635649886350529,0.11443590524609551,0.5889014151658225,0.14042180235872345,-0.5770119345590202,0.10184685223396758,8416,-5.479044057962162,4.363407301271366,-12.842927919129862,3.7254455798196626,141801
City of Santa Rosa,2024,8,0.39304978446495836,0.23193950101941868,0.3775758436078677,0.24905899579047477,-0.3652200136809858,0.17948531145773544,51138,-5.451449349367931,3.751105116750525,-11.582859047594312,3.5381716725260817,141835
City of Santa Rosa,2024,9,0.512145264255546,0.3122163832608029,0.3961180590253166,0.526017169651607,-0.47422401194680536,0.24523073384260966,120615,-6.0617431066479135,3.7824279299032515,-12.270028749769507,3.8778867632496126,141814
City of Santa Rosa,2024,10,0.5135182838359477,0.31807895512141937,0.4001913273361146,2.548423211361306,-0.4805021924567647,0.24906172386433353,124071,-5.59853135360158,3.6186040702345825,-11.628920421027205,3.535859915971036,141827
City of Santa Rosa,2024,11,0.4998370153227813,0.27652499753935617,0.37522151619365396,1.28680058513381,-0.4810561702827994,0.21947171272047003,112074,-6.319982719678997,3.7490643969282895,-12.387334562514683,3.9170626430716973,141774
City of Santa Rosa,2024,12,0.494786458770295,0.28434077139872943,0.4137146352841136,0.614552505994995,-0.45044664441110566,0.22437757613320633,63852,-5.175180179368104,3.6372756837318865,-11.252798944577913,3.5586467958005987,141834
City of Santa Rosa,2025,1,0.5679650898556646,0.2724560966988799,0.4519583821708231,0.41333346484974665,-0.5219193238112912,0.22947586326596622,54777,-5.72823182961707,3.5953015134178687,-11.941262877670232,3.728598100797295,141780
City of Santa Rosa,2025,2,0.4573239066763626,0.28222561669267127,0.3697429126536234,0.7922418353010191,-0.42773293903237714,0.22482341336155476,122741,-6.391277029708529,3.8074784105078563,-12.344188624134256,3.9041415904776846,141833
City of Santa Rosa,2025,3,0.45813904529688404,0.27012560604480695,0.353071411760061,0.2738172248571759,-0.4412395855842123,0.2130965719799522,118658,-6.396993797121631,3.754776022488299,-12.515941897306533,3.937475878995458,141810
City of Santa Rosa,2025,4,0.4104534052346854,0.2269116520369632,0.3292813624261549,0.20386980279142963,-0.41711594123110945,0.18051568860144568,76305,-6.987234289632422,4.832719143037785,-14.356242984322197,4.012295737822812,141833
City of Santa Rosa,2025,5,0.36857012285521196,0.27951207042301685,0.28469103194451945,2.010965401464613,-0.3758198141373327,0.22748972764919523,112791,-6.1825935822234985,3.808032741760202,-12.233895960431392,3.8613842132991985,141833
City of Santa Rosa,2025,6,0.6147556727413944,0.2031908492938054,0.5305928436811069,0.18576351135477456,-0.5400678443206878,0.16487765992815617,2520,-4.508270562492434,4.524265150630891,-12.178409860522699,3.379750321186366,141836
City of Santa Rosa,2025,7,,,,,,,,-5.594543185485773,4.3554406961512155,-12.80411546494576,3.6608293359047326,141832
City of Santa Rosa,2025,8,0.4929038975311801,0.315186940088388,0.38592026195096374,1.5160340757028743,-0.4547704966173164,0.24607594536571367,106208,-5.826067847535926,3.819402955952359,-12.079990949276267,3.694597288599662,141835
City of Santa Rosa,2025,9,,,,,,,,-4.923534995236668,4.372273088848357,-12.312543505848776,3.343946524664606,141836
City of Santa Rosa,2025,10,,,,,,,0,-5.834793336687384,3.7007454033223843,-12.112492717650946,3.7225121407531008,141835
City of Santa Rosa,2025,11,0.46638066079226126,0.30785440193590846,0.33079217893984597,0.3208279102133981,-0.440365939469101,0.24457472464641428,106152,-5.413331527288271,4.362868817301355,-12.6831428776614,3.498418312152597,141836
