barangay,year,month,ndvi_mean,ndvi_std,evi_mean,evi_std,ndwi_mean,ndwi_std,s2_valid_px,vv_mean,vv_std,vh_mean,vh_std,s1_valid_px
Banadero,2020,1,0.511844211905023,0.2561921931730678,0.33665792509086145,0.2031551311026422,-0.4771998110775038,0.20159424891477193,4332,-6.303685273990607,3.6910952379270308,-13.982694304578336,3.163432450348833,4332
Banadero,2020,2,0.37708242603444625,0.23544637589170903,0.28151980942736066,0.20993041907018453,-0.3130967640096233,0.2138079017654872,21,-6.723664764206535,3.5939855202684683,-14.584194373693686,3.0194127593059403,4332
Banadero,2020,3,0.487328329535524,0.23868661459568963,0.33985707098282736,0.18206546434644524,-0.4726386543055283,0.18248734309963913,4332,-6.888684569954008,3.718454238449511,-14.549948560829044,3.1752852618869656,4332
Banadero,2020,4,0.43446002934342326,0.21899882090326175,0.3319298269243839,0.17557549397427452,-0.4239076888565434,0.1649767755304922,4223,-7.115285292304285,3.794753247472245,-14.496488205655117,3.0601448690860624,4332
Banadero,2020,5,0.5388201295493998,0.25013174847891234,0.4140442938733765,0.2119757135881052,-0.4841834322080683,0.1887138332142956,4332,-6.458084048807566,3.7543745890067184,-13.689609928901074,2.7525573993559522,4332
Banadero,2020,6,0.5358294252668507,0.27013598784880705,0.43095452161326847,0.2423833105293075,-0.503472418228343,0.19772347687216582,4332,-6.6379518726375535,3.5533204092218487,-14.10231181905566,2.8727046461838635,4332
Banadero,2020,7,0.5359005864723945,0.2365251322312344,0.4632680709898194,0.22909638227025916,-0.48522977542204104,0.17575510015141133,4332,-6.6073150741355935,2.505640081336345,-12.415060254930035,2.742696758901347,4332
Banadero,2020,8,0.4194672394352142,0.27807571354972094,0.4496156764353682,0.3696250637561532,-0.4638304713675204,0.1616371694677185,272,-6.188434041392931,3.4766320369374637,-13.749093108888726,3.135726345524751,4332
Banadero,2020,9,0.4404067753288648,0.2093340818442509,0.5070915737603844,0.42012386647971656,-0.39360846287168166,0.15245831435952545,992,-7.196667803544146,3.036767787723807,-13.054476271038618,3.6175234279104655,4329
Banadero,2020,10,0.5470790008724251,0.28678997766403114,0.3807598588167565,0.2291738065978024,-0.48890239784755607,0.23203024703569275,4332,-4.79308066924597,4.112149353025124,-12.445717343788763,2.92504070820973,4332
Banadero,2020,11,,,,,,,0,-5.8403510778628736,3.7432523543335745,-13.341458858923861,2.8097651534689154,4332
Banadero,2020,12,0.5774682371437598,0.2628021765695307,0.40840678607984,0.22003297559380913,-0.527826161139533,0.2030156671099557,3532,-6.013184699373294,3.701063955486088,-13.512573800533884,2.8640156797637415,4332
Banadero,2021,1,0.401016987783625,0.1436511283922424,0.34515559154831776,0.12313176986091622,-0.34714833331691897,0.12044761775276362,827,-6.283559094132204,3.7743054746541382,-13.96200893929405,2.9639112031016404,4332
Banadero,2021,2,0.5146980965835597,0.26995589548084725,0.3705323231775211,0.23421706900750391,-0.4828631025680432,0.20972572821696447,4332,-5.472981350775256,3.9629737333266464,-13.195324923819014,2.968693685596625,4332
Banadero,2021,3,,,,,,,0,-6.457589491114407,3.7776734932873732,-14.021676907830102,3.031741455893091,4332
Banadero,2021,4,0.38259160575271084,0.20269534905414466,0.39900088775290254,0.2517687138596497,-0.3816020385532744,0.1550510210371175,912,-6.498468720985772,3.8655571416942114,-13.99213606553299,2.922703322525501,4332
Banadero,2021,5,0.42130033093453584,0.23284763807984735,0.33072648412817746,0.1985698035950747,-0.42737754607215345,0.1789746745222791,4332,-6.802039746935704,3.988889481879772,-14.187030775470802,3.102699513325298,4332
Banadero,2021,6,0.5363214763210101,0.22771236896224814,0.6110212767825407,0.28962175612835656,-0.4621081336894456,0.18501033528623773,34,-6.016331609646373,3.7485317998031222,-13.473232733923359,2.8309596432037334,4332
Banadero,2021,7,0.5623232674341461,0.2030932516679832,0.6194519328073982,0.26275948630748586,-0.4769587378553154,0.15098844462780922,1619,-5.244028157155536,3.873579769066989,-12.835704301753095,2.70824144707009,4332
Banadero,2021,8,0.45645895650765544,0.14189101760338033,0.514186368479083,0.18611979463540024,-0.403338434174657,0.11606596039700494,192,-7.141718486257071,2.8936253770662903,-13.115336667428922,3.4040137115504776,4331
Banadero,2021,9,0.5432190954296793,0.29154112678567756,0.41349583490493846,0.2533225546303048,-0.4926945481963581,0.23266936567673507,4332,-6.1422725138916565,3.8692553360162134,-13.724671188232831,3.0781978876927343,4332
Banadero,2021,10,0.47412147389580594,0.22389222781267318,0.4027456916060252,0.21746413679155804,-0.45802187476614276,0.16624788640101115,1492,-7.032588191286135,2.756371116422859,-12.704933517801473,3.149853901055248,4331
Banadero,2021,11,0.6606592191425376,0.13268863592362248,0.5305009730800779,0.15479172840465996,-0.5758260297829206,0.0976149435795103,1105,-5.0942657076394475,3.8782777938024666,-12.634765394222866,2.5321828661725148,4332
Banadero,2021,12,0.5626588877504757,0.27477258704679386,0.3982218910614037,0.23219216280570867,-0.5238164493438783,0.21727035823222668,4332,-7.177928908142197,2.7928691630300158,-12.78975577128111,3.2117342759657874,4331
Banadero,2022,1,,,,,,,0,-7.083297520663957,2.7847759664875276,-12.82797616184968,3.252128524441014,4332
Banadero,2022,2,0.512815715751784,0.255619898183105,0.40038100728668014,0.23362285205507055,-0.47990995392495805,0.2003937944257498,4332,-7.29392534183613,2.7935341283181447,-13.057915721014584,3.3000104998838684,4332
Banadero,2022,3,0.505464552910735,0.2854646384608808,0.3700089950963798,0.23066690762584763,-0.48705629760112246,0.21465869146343802,4332,-7.45195766473242,2.6148817641680178,-13.313427850806992,3.3437712254121976,4332
Banadero,2022,4,0.4367351110425438,0.20557972131178517,0.3780036544451654,0.1882297573796483,-0.4033780292282365,0.16102133720371892,4159,-6.556887443396256,2.688507373274388,-12.273159025727127,2.95540211211836,4332
Banadero,2022,5,0.5784749734218234,0.275173965015477,0.4583180804343225,0.2471403333422504,-0.5186346151104716,0.20524859689823186,4332,-6.494953143519165,2.4706731023141275,-12.385994944945056,2.8139801239343085,4332
Banadero,2022,6,,,,,,,0,-5.993473043872648,2.603623152558014,-11.997738292459696,2.8091545713742185,4332
Banadero,2022,7,,,,,,,0,-5.667293134684614,2.5039622920008373,-11.584777117944807,2.6381276982632618,4332
Banadero,2022,8,0.6253885285600683,0.15874649713721595,0.5379701223635773,0.1808619997926445,-0.5363300611604719,0.12170185971053289,1612,-6.507679676728196,2.563742253914266,-12.295127103384646,2.846305535378997,4332
Banadero,2022,9,0.6870901682772319,0.1772419356834447,0.4590103577535887,0.15528244089537144,-0.6218202443650136,0.10681612710779541,104,-6.103137828311311,2.58649924412777,-11.834890101400774,2.7645386317815026,4332
Banadero,2022,10,,,,,,,0,-6.080850340098002,2.733231907350338,-11.732478160921294,2.9535069655769703,4332
Banadero,2022,11,,,,,,,0,-5.708986438814908,2.8660825096770943,-11.556121215891595,3.0773545589198426,4332
Banadero,2022,12,0.5415162708585549,0.27389035765697073,0.4106990158839892,0.2366774978381307,-0.49504473181552805,0.22065519405168654,4332,-7.136258999466622,2.699491052269964,-12.619467024780015,3.092542908646393,4332
Banadero,2023,1,0.5667245219798123,0.2728115228927586,0.41350961041706313,0.2286408604839408,-0.5184241336480141,0.20740260434551505,3803,-7.300407459556398,2.8200936667708256,-12.708831556487139,3.2586830625771954,4331
Banadero,2023,2,0.41088910859364725,0.10918657416814029,0.41686086490368224,0.126975820378123,-0.3371931112602227,0.08987840179816495,117,-7.12683956338815,2.868125165773145,-12.866267572930171,3.329852799441417,4332
Banadero,2023,3,0.4411173553795712,0.2220741839936463,0.35808126117828154,0.19429669930687749,-0.431428269434525,0.1779958140908415,4332,-7.439395574434884,2.7848158857576246,-12.995670351498218,3.2660264966625765,4332
Banadero,2023,4,0.5265027227385859,0.24480884044607423,0.4370686846437856,0.2205314057840599,-0.48943149351085274,0.18786287498117507,4332,-7.226546181944605,2.7791438064435505,-12.841388172792545,3.0967911219851794,4332
Banadero,2023,5,0.5210253622207438,0.22771670881413136,0.47739679327574625,0.23137209378341886,-0.46130395587080614,0.17176113838104395,4332,-7.15289696696578,3.0360325123401193,-12.833164377892183,3.370230967978612,4332
Banadero,2023,6,0.5798633812234752,0.2999056875355733,0.5034509334394336,0.2936279095114969,-0.5212438137376643,0.2289331949819951,4332,-6.768727738708418,2.693466420335164,-12.630413766495503,3.047378231679122,4332
Banadero,2023,7,,,,,,,0,-6.0906557537243735,2.8596708154113224,-11.949480915745673,2.9952479154082474,4332
Banadero,2023,8,0.38812784188431887,0.20511728701071547,0.45687776486052906,0.8194999753195341,-0.361043656666651,0.13652664769096975,382,-6.601540699924498,2.8726383707547956,-12.46302312751502,3.194619478654251,4332
Banadero,2023,9,0.5971191946115816,0.3162388878593174,0.4397389662199977,0.26191685150726357,-0.5392083563504869,0.24209267903676762,4332,-6.230536995012112,2.720120630296055,-12.129992246760247,2.929727074231633,4332
Banadero,2023,10,0.4117832512157531,0.16046295099281557,0.40486019779068433,0.150914929779157,-0.38223736766777106,0.12461807898629235,3521,-5.787048160801813,2.880816390684787,-11.711237195896405,2.883673609293307,4332
Banadero,2023,11,,,,,,,0,-6.080226611460382,2.7672491777739303,-11.889612610991092,2.9138127119510306,4332
Banadero,2023,12,0.6011666698230445,0.24917600113725266,0.46394529952389796,0.23645433651644188,-0.5345686485020232,0.18677417538278873,4190,-6.003328104080779,2.751677485583032,-11.960856539851703,2.8998924683504703,4332
Banadero,2024,1,0.4532419247769338,0.20876914405724592,0.3410787096593616,0.20771229421638523,-0.43706084809504275,0.1663376317520188,172,-7.017682459668915,2.724213118514121,-12.42137391495131,3.04882447042306,4332
Banadero,2024,2,0.504777402864904,0.2390538681139673,0.3457477128844639,0.18918718570633122,-0.49411091036351396,0.18774836653603566,4332,-7.197828092191387,2.7802563681870307,-12.81975912050812,3.319775106649095,4332
Banadero,2024,3,0.45340320569006826,0.24514377393877976,0.32025009766665113,0.18827652244913493,-0.44383472435598714,0.18878219480063047,4332,-7.332176458109571,2.8343092506355925,-12.830155597053748,3.1444922703989047,4332
Banadero,2024,4,0.4195617119387399,0.252449960877891,0.3084917126683858,0.19561030479874056,-0.45002356130525356,0.19801772222069836,4332,-7.569081125161206,3.0500940066768383,-13.352238002470402,3.5362840867437546,4331
Banadero,2024,5,,,,,,,0,-7.546252499494508,2.9716475257624233,-13.070686072723433,3.39134268913176,4332
Banadero,2024,6,0.42010288374601773,0.19969718598212496,0.4274791122837045,0.22082822005324906,-0.38639850637762385,0.16075637273526555,2245,-6.940139539521965,2.7020359440889146,-12.61858669756836,3.058375116572491,4332
Banadero,2024,7,0.5503501832820055,0.17809599942178872,0.5871937307246616,0.26239810510643413,-0.47205134754937694,0.14027700806675358,445,-5.501401498862718,4.18390027183447,-13.013595305854476,3.0172072396493363,4332
Banadero,2024,8,0.3997075034781945,0.119515362874991,0.4791810729216007,0.2106926869672244,-0.35028227912478627,0.08897933275366696,430,-6.168109445678314,2.7795237863024007,-12.095097093708787,2.9817605313974465,4332
Banadero,2024,9,0.7083859079102032,0.18791956357060408,0.46295544632915353,0.1790574921229007,-0.6242057351533477,0.13209833099695364,982,-6.528968800658821,2.809817851643586,-12.40859000565653,3.1147444353042952,4332
Banadero,2024,10,0.609218010680245,0.29986182829660696,0.47891907967248976,0.27431364294342175,-0.5530934449832433,0.23021470633359917,4332,-6.686054043539337,3.0694510065012035,-12.273563522424062,3.370260036287122,4331
Banadero,2024,11,0.47538413607576596,0.24448047367124232,0.35922078324803164,0.2182151658961768,-0.47203229556162807,0.17626196442325534,1871,-7.15090865479744,3.0357854070879364,-12.799871895250618,3.6299119852309993,4330
Banadero,2024,12,0.4838191455677629,0.2312798955110514,0.4227964653186474,0.24027807121140868,-0.42890439771362143,0.17681424006576998,2027,-5.927545654193215,2.935793168515275,-11.631609339732236,3.1291343355507495,4332
Banadero,2025,1,0.4920032251948076,0.24087207980781328,0.38268699328966377,0.210637378813457,-0.4750358226023652,0.1764164581235746,2314,-6.262157325950178,2.669744021283671,-12.11778250479739,3.1476173704956643,4332
Banadero,2025,2,0.42448891878668277,0.11704986986669515,0.3960808728606414,0.11262031248318352,-0.3812526838106387,0.08719793257719526,2372,-7.080218491375054,2.948402481511047,-12.597687431170824,3.3036091950356155,4332
Banadero,2025,3,0.5446462972470948,0.2733312095067625,0.42416789710503994,0.24347283186795846,-0.5100786831928734,0.2080195934728698,4332,-6.911761552963346,2.6679465872576715,-12.62322761412168,3.147222137401285,4332
Banadero,2025,4,0.4455850694501351,0.2184145451533128,0.36287700671183637,0.19277456167294424,-0.44951442400665387,0.1714017704314979,4332,-6.934272606036578,4.3770410832273985,-14.578710880077262,2.986256119716379,4332
Banadero,2025,5,0.5072009804519912,0.28346796991548634,0.42700963938948666,0.2594177873334906,-0.4768521745625454,0.21911758713863805,4332,-7.009165292802262,2.840297956544745,-12.851872881760912,3.189530279376417,4332
Banadero,2025,6,,,,,,,0,-5.015439537190912,4.451903055098811,-12.76252873679099,2.696240622733778,4332
Banadero,2025,7,,,,,,,,-5.519626584219677,4.1892076342092395,-12.88101355994287,3.0848850400475016,4332
Banadero,2025,8,0.44756458015608835,0.2815548467867155,0.4303432813790462,0.27572076969452397,-0.4093348738960287,0.2291416675254271,3131,-6.083686106146006,2.922773218959163,-11.989097608987764,2.9913943710611828,4332
Banadero,2025,9,0.524665248193759,0.27568889807973407,0.4522261619866032,0.26756056036631537,-0.47417094033260687,0.2174309460337671,4332,-4.896816548957896,4.170589884431755,-12.48525444457406,2.597132182021488,4332
Banadero,2025,10,,,,,,,0,-6.358471836839938,2.860845315648588,-12.263593236616545,3.0747617910425817,4332
Banadero,2025,11,0.5823743102098097,0.2828157933963208,0.4240120109661136,0.24128875499536065,-0.5254467490856006,0.21465905602260912,3887,-5.4231029942850695,4.179914036281798,-13.059056517641412,2.92240443203429,4332
Banlic,2020,1,0.6181942878133354,0.26934860726519777,0.3849032067116803,0.21153798692004797,-0.5485659829909134,0.19588216833177055,7766,-6.95164564098374,3.426976209043166,-14.750255460920108,3.903727422365081,7765
Banlic,2020,2,0.5114700428875428,0.2304832930353801,0.41625984691615636,0.2347176824299794,-0.48124658389105657,0.16222581893780558,420,-7.577509739333382,3.5919961541937973,-14.695182773421568,3.4636152786200674,7766
Banlic,2020,3,0.46956151291551873,0.25235337172214256,0.3356659928622998,0.19218579974572947,-0.4793999879764867,0.16864319601902183,7766,-7.265400134382848,3.5257838915887585,-14.11061716285119,3.2226212113144705,7766
Banlic,2020,4,0.4094485435026633,0.21516911193543753,0.32479176798667575,0.18667723272532943,-0.4225628929254352,0.14784327032078612,7560,-7.337773595645564,3.501471289446091,-14.553631729599243,3.4186819149627152,7765
Banlic,2020,5,0.5028639129754651,0.2607051176058416,0.3866268232579411,0.22787514053758018,-0.46838136140278935,0.18113513087502275,7766,-6.543556938285344,3.269431984483288,-13.407689194013892,3.0415224090045716,7766
Banlic,2020,6,0.42608819773165535,0.29062418186926176,0.2989257757205061,0.2566517008312393,-0.40486074085575724,0.22833865220802105,7766,-6.9139035644171525,3.7086948117027587,-15.100836759064595,4.420419253289238,7765
Banlic,2020,7,0.5222068166967381,0.2620266092875224,0.3754973001100736,0.23754559830046526,-0.4482590079455324,0.19320344208161258,7766,-7.43476711813534,2.7710453111289284,-14.25322146784277,4.198328458787351,7763
Banlic,2020,8,0.3801824917732658,0.2237844140520025,0.3504955693553227,0.2452986407081993,-0.4325815318625863,0.1437237522229804,177,-7.275813768312584,3.77671405255627,-14.321887119796951,3.5799283916323494,7766
Banlic,2020,9,0.5152602633345151,0.19581330966616484,0.49676870021060915,0.20361319256054564,-0.4473733649118566,0.13984304569458317,3707,-7.629305837839514,2.5998019465559565,-12.620102078707477,2.9976509449802355,7766
Banlic,2020,10,0.440391146358038,0.26309850965739323,0.29648406322770277,0.2110307869387981,-0.43543399325266896,0.1866134317994537,7766,-4.985771065875416,3.4730113680257877,-11.992378954991834,2.814453521869239,7766
Banlic,2020,11,,,,,,,0,-6.00369848242302,3.455316218261209,-13.924463104084387,3.7403198257302104,7766
Banlic,2020,12,0.4748651560195566,0.27424207574505566,0.28759905247559114,0.22189449261691468,-0.4494084045518429,0.20297461456182164,6031,-6.494980286550559,3.6058814869992752,-14.684775322778869,4.143847386684986,7766
Banlic,2021,1,0.39901722407617124,0.17787864361790198,0.3191641536180205,0.16185665169526614,-0.3493147797718822,0.14387550505451976,1496,-6.947070745669308,3.554891673553205,-15.039365646902361,4.11811465970139,7766
Banlic,2021,2,0.6269598267562606,0.26776074348129786,0.4298583006045143,0.21218900113343153,-0.5664255647149146,0.18315262644196142,7766,-6.453820987545734,3.6975926601246685,-13.745252163724778,3.471397252416144,7766
Banlic,2021,3,,,,,,,0,-7.025265851025569,3.569105070476676,-14.165622054335117,3.2617520629536014,7766
Banlic,2021,4,0.41698897920138794,0.18400288542370125,0.41716645036507854,0.23019530624290674,-0.3923927022110018,0.13832134185863287,1090,-6.659022338130747,3.4246043750438964,-13.75004464425452,3.172065491642245,7766
Banlic,2021,5,0.3981354380474932,0.22607651998304515,0.31946130391909044,0.19467277590582455,-0.4207388521880167,0.15524141780762055,7766,-7.1691203263712655,3.549326942476157,-14.383804597520875,3.470976551421388,7766
Banlic,2021,6,0.36146811830596737,0.1990637148328496,0.38752668745919383,0.2578648629724838,-0.2828134796360844,0.18271595111082872,647,-6.70923908068567,3.9604900529017177,-14.566611124487583,4.271466037015346,7764
Banlic,2021,7,0.42813336271790287,0.2082832381098363,0.49343547278589744,0.30790047442189356,-0.3721061326050379,0.1653282448077965,1230,-6.008818632114376,3.7468343569199307,-14.448904594016515,4.199942817996904,7766
Banlic,2021,8,0.3472696426421848,0.07262171792614358,0.36843258528344647,0.12432898562348663,-0.2759033165983297,0.05731154018038921,670,-7.770406418527987,2.845545969692103,-13.758010639377265,3.8461490387111086,7764
Banlic,2021,9,0.6198480609016572,0.2763693430294012,0.4412397115768511,0.2190709095023446,-0.5517186390333899,0.19102515565530867,7766,-7.146308391511168,3.776136073547185,-14.340908994942817,3.4500078848864124,7766
Banlic,2021,10,0.4497470946450019,0.21748483082513032,0.40380032582973796,0.22460868942789208,-0.4366119661513685,0.1468824273229538,1324,-7.189639367260151,2.5923285773311697,-13.1140322680425,3.4699237046410163,7765
Banlic,2021,11,0.5718410346196608,0.20344292660818883,0.4264638099944993,0.18725641256459388,-0.5228754893531289,0.1388235711507003,356,-5.687957547843054,3.8602479164352954,-13.574908460737513,3.917684573699029,7764
Banlic,2021,12,0.49758742716967025,0.2705089472959508,0.30370956356516254,0.2102738034069746,-0.46322972214128544,0.19753336391847348,7766,-7.5033603445984625,2.612315243683241,-14.127185701918945,4.292524344912687,7763
Banlic,2022,1,,,,,,,0,-7.514916600696098,2.7631137390385314,-13.822397373909808,4.1939339634214665,7759
Banlic,2022,2,0.5527333287769778,0.25796999018519123,0.41599877343157693,0.21692071675328828,-0.5062728707827242,0.17607584839129725,7766,-7.446516378959686,2.603939838599632,-13.14031542632422,3.5929047283924143,7763
Banlic,2022,3,0.4447623494146952,0.25598561262666036,0.31686053163185995,0.1988791280629587,-0.45594431003404606,0.17659923967909236,7766,-7.732814417869478,2.6005459663929074,-13.261563609734244,3.5351339649619065,7764
Banlic,2022,4,0.5110671010593206,0.16965429658478395,0.41492748633016807,0.16444504724927375,-0.4641922362907854,0.1202881828417205,3405,-6.670984347521431,2.385134825371548,-12.062539831143495,3.1964186560612817,7766
Banlic,2022,5,0.4967224994257484,0.2716302403451191,0.35491612221963964,0.2331737689024707,-0.46503834442579634,0.18981716354299827,7766,-6.585536494470112,2.2817528084746543,-12.321055465624633,3.1466711987027582,7766
Banlic,2022,6,,,,,,,0,-6.747633153842113,2.6974060779523277,-13.158400469554095,4.237303815281623,7764
Banlic,2022,7,0.4730685932499375,0.33949115767336746,0.3040423712414153,0.2522999836489528,-0.4884563623829293,0.23029565971129046,237,-6.702940498081299,2.5872085301218277,-12.65504782234888,3.72088555663972,7766
Banlic,2022,8,0.528143945471362,0.2544655075509653,0.42306706481614825,0.22324683454359553,-0.4797919943241891,0.17645939294191823,3593,-7.420492184801467,2.8072945006008787,-12.806059478362611,3.439482546784311,7766
Banlic,2022,9,,,,,,,0,-6.692922632837147,2.673140568795552,-11.949642204473507,3.1289762771347758,7766
Banlic,2022,10,0.2989496027429899,0.09104905048482813,0.292512792845567,0.11920211147580799,-0.24438676287730532,0.06966059781034041,30,-6.11953548648298,2.487066854107038,-11.51276178459337,3.101170787086224,7766
Banlic,2022,11,,,,,,,0,-6.268169200163468,2.911691356852856,-12.201182369784174,3.9540845800086233,7765
Banlic,2022,12,0.4625234116546813,0.2549330840152704,0.3054243255482847,0.21992389374267607,-0.4257324660248185,0.19679584700014957,7766,-7.311199939272803,2.6172267922068153,-13.576845318428306,4.286839217943894,7764
Banlic,2023,1,0.5149265322837416,0.2580333480273562,0.31792963821111875,0.20657662106150687,-0.4774149607908837,0.18141217304823623,6650,-7.629815117128782,2.763346091808632,-13.40173223167649,4.082215215642314,7764
Banlic,2023,2,0.4103329301014275,0.09548388180541473,0.4041679033195362,0.09856995611137878,-0.3355800174176694,0.07673938779104067,668,-7.073101185964222,2.5593713132943767,-12.84650092887799,3.7251753903863873,7766
Banlic,2023,3,0.41387537154224724,0.22557644211178027,0.3236972542149908,0.19228043529704392,-0.41721789577766266,0.1573862953304076,7766,-7.746738428325165,2.7113351627244597,-13.07171432551319,3.752978171338244,7766
Banlic,2023,4,0.46329682736485334,0.2296896257158389,0.37423664003724305,0.20537530076968544,-0.4511474298842776,0.1577140337896239,7766,-7.632185727699481,2.740111868044753,-13.023846812431955,3.707669375741332,7765
Banlic,2023,5,0.4916503733464285,0.22042138988648144,0.4273105679423888,0.2192039399300239,-0.4519790884371122,0.15013390166606677,7766,-7.338760928757401,2.738800013951251,-12.787950366476432,3.6296195839128877,7766
Banlic,2023,6,0.4869956693414673,0.3148223018313329,0.3819036025799153,0.27998478521950204,-0.45166167269438273,0.2370357130584406,7766,-7.076176453716216,2.672554122980277,-12.926711871650458,3.9471966112667607,7764
Banlic,2023,7,0.40860821321549834,0.2597881752228296,0.2914114955590724,0.19666777604635996,-0.4550148649185753,0.17116831910884922,209,-6.375483922996232,2.8683230343358646,-12.429576498595615,3.8710745790148646,7766
Banlic,2023,8,0.3454139551814006,0.17239369055834308,0.4441213608160318,0.32758763937891905,-0.27937643956330915,0.13062928755268832,1939,-7.000500548978064,2.8556464248462565,-12.681067379284341,3.791834997018618,7765
Banlic,2023,9,0.5944558447141743,0.30889681055142787,0.407915525145516,0.27533211720975015,-0.5488353370628012,0.21642230204621915,7766,-6.701408299076505,2.7713975640865245,-11.924389375499846,3.3187619012568295,7766
Banlic,2023,10,0.42758770629071574,0.19593282716586766,0.37557090142752414,0.19663274563921845,-0.4062634764708695,0.1366126262884803,4856,-5.941457087428009,2.652203325596818,-11.237586231413243,3.2655143146119645,7766
Banlic,2023,11,,,,,,,0,-6.436278303509157,3.022024654604189,-11.879019210156484,4.00447775090608,7762
Banlic,2023,12,0.5060281435691154,0.22596672635193513,0.41841957985715733,0.21378058912548137,-0.4573536708994887,0.1684676366093353,7620,-6.363880171651885,2.780384508980122,-12.404862717635135,4.292210640252894,7764
Banlic,2024,1,-0.07060489431023598,0.092963095754385,-0.10854518041014671,0.12845464423298836,0.059177091345191,0.11252335645258427,2,-6.871344239083777,2.6232713137347403,-12.318926246484207,3.8150897302431104,7766
Banlic,2024,2,0.5262406034911007,0.2671154017547789,0.3709200783054261,0.21095119807059778,-0.5120408967897855,0.18275293882238178,7766,-7.183316116585193,2.6963018410154387,-12.305430420381688,3.736546456956457,7764
Banlic,2024,3,0.4057797626169204,0.2573534844201853,0.2933195750338654,0.20587161891563954,-0.4182249032448876,0.17985550872311742,7766,-7.427025379880484,2.862652665619662,-12.347207643265188,3.8505414357666212,7766
Banlic,2024,4,0.419320601656811,0.2687768879897844,0.3193601451374522,0.22443582431511344,-0.4462549661605227,0.19396866357823594,7766,-7.4058269844880735,3.046010771945946,-12.748174256407168,4.151126384879719,7758
Banlic,2024,5,,,,,,,0,-7.392607380332416,2.9707490773036596,-12.580426597560797,4.01403215819674,7764
Banlic,2024,6,0.39239444484278324,0.20051933869737487,0.4062363275853223,0.2346191719071964,-0.3636319172954869,0.1494223628560279,5039,-6.8521703816643305,3.0082408769644675,-12.493961849411276,4.30044437731639,7766
Banlic,2024,7,0.44954266634775664,0.1876287657892356,0.44245906971025983,0.19404720143317317,-0.38262308305382997,0.14759749586868445,4158,-5.514345991016974,4.110855929618231,-13.15502597188839,3.5539354758364534,7766
Banlic,2024,8,0.25496523578961694,0.032128707387509094,0.4160720686117809,0.08162642663700745,-0.22294200261433916,0.024871942988115014,60,-6.700568760875953,3.1080796906679957,-11.775313650774004,3.6851899715689442,7766
Banlic,2024,9,0.5323746487105996,0.30462639866248875,0.3763792180228968,0.24366215042377753,-0.49663698305156234,0.21594696923783002,6662,-6.718643305035941,3.1040073291937973,-11.807420740690105,3.795017066287814,7766
Banlic,2024,10,0.49503466047617645,0.307510579909558,0.37921613949304966,0.284055040080045,-0.4800620037741957,0.21816261531997425,7766,-6.2676389097502865,2.8159219554655976,-11.254563452201563,3.703404627751895,7766
Banlic,2024,11,0.44894026824985567,0.26048966615357716,0.33165302244056244,0.22737012210056345,-0.4395266041043065,0.19058227187245264,6777,-6.873589886433462,3.0016616533586618,-12.107133537308613,4.084935533446793,7766
Banlic,2024,12,0.4332137405424881,0.2979710690540019,0.3384182274430716,0.2865387091274041,-0.42597430451094015,0.21295133376893138,4229,-6.115570927403729,3.366194408975996,-11.80116466621988,4.566334543702001,7766
Banlic,2025,1,0.4551010880407347,0.2888141730288388,0.3414912201057339,0.24576950022672028,-0.44715849407188274,0.2084618130797079,5535,-6.197963154675116,2.9980236941229075,-11.926507278855153,4.274261341237534,7765
Banlic,2025,2,0.4911824815267313,0.12017037779659803,0.4589676515690922,0.10895930173339796,-0.4282520613520471,0.09562011812749617,2398,-6.912933574014533,3.13142573973812,-12.156100542499688,4.19729706298939,7766
Banlic,2025,3,0.5037589384173563,0.2932543055094961,0.39074191182429946,0.25232273211018674,-0.48105574988466093,0.20900245405674922,7766,-6.652478551666305,2.941799804470372,-11.895831373109308,4.048032872418212,7766
Banlic,2025,4,0.4109426290860808,0.2371468569619127,0.33977992132003076,0.21083615853435558,-0.4194835974361509,0.17351508698140244,7766,-6.784395401938461,4.0522279308406715,-14.569580801816631,3.413777507575817,7766
Banlic,2025,5,0.47116845579299726,0.30569501204894456,0.3974749730769385,0.2968543970685623,-0.44426840992680366,0.22082019861829955,7766,-6.711605207541749,3.0490998378313865,-11.980583234732574,4.0605448301643685,7766
Banlic,2025,6,,,,,,,0,-5.068342444795503,5.476978419129518,-13.612228077313063,4.29072194297398,7766
Banlic,2025,7,,,,,,,,-5.526908729733843,4.23438405801484,-13.388244335360348,3.6946385684283083,7766
Banlic,2025,8,0.4227219897408129,0.20057240249456432,0.3917572617430356,0.2083572993217553,-0.39010371163676916,0.14931230591738004,2541,-6.139972048285332,3.2006995297713536,-11.681463947956939,3.9952942448092634,7766
Banlic,2025,9,0.5103550133122444,0.2784087653870608,0.40695809894799856,0.2487228306445922,-0.4619897860236801,0.20148373825581722,7529,-4.741680446289276,4.245913262661221,-12.494511995991259,2.978579535204941,7766
Banlic,2025,10,,,,,,,0,-6.057331755141828,2.9445759450724376,-11.40137623787834,3.7352332395814907,7766
Banlic,2025,11,0.49524572739327255,0.2847570368686354,0.34540071390861893,0.23576050806806367,-0.46692946017769354,0.20794407787642996,7681,-4.800281192038408,4.005687011755102,-12.661400511872381,2.9585354897604845,7766
Barangay 7,2020,1,0.48368208360632897,0.24741893549369953,0.2934009832742644,0.20036963002053845,-0.45948490215090976,0.17679763920914596,781,-5.651050101760553,3.745904872728758,-13.776479461892151,3.6022142422323276,781
Barangay 7,2020,2,0.6698135387512942,0.0995018393597691,0.562073979166246,0.14198355534440396,-0.5655083516913076,0.0789536046138113,248,-6.3186456423047765,4.056656045888553,-13.96266726525582,3.3640153107484534,781
Barangay 7,2020,3,0.5623790128905933,0.3024529653263221,0.4260583572897316,0.2565449336215454,-0.5302776527241805,0.20790512469259337,781,-7.0132913153890435,4.629175782368556,-13.67360780852706,3.1213425168187294,781
Barangay 7,2020,4,0.5022671320978711,0.2739231862455032,0.4196248792116191,0.2598129542372303,-0.46634343304288584,0.18729014690404108,781,-6.571205057296786,4.415357950487133,-13.845586479702323,2.9853501577876096,781
Barangay 7,2020,5,0.5032753288241614,0.28503397017245763,0.39248330511163404,0.2550719912271795,-0.4692693546643332,0.19186348321530372,781,-6.007689491834339,4.167541453321496,-12.93805985459903,2.7601584383648774,781
Barangay 7,2020,6,0.4854801170669246,0.30109647156189556,0.34943674134404173,0.2732441237980613,-0.45952308249477813,0.21484466907279165,781,-5.854437144526259,4.0492610108993015,-13.956343081482855,3.502188701201117,781
Barangay 7,2020,7,0.48394985019786974,0.26535105457669744,0.3997995514403527,0.25077830962284187,-0.44424994995332606,0.18282801189148534,633,-6.706469076791735,2.739739602861813,-12.377639002163123,3.570829218528717,781
Barangay 7,2020,8,,,,,,,0,-6.275337415233384,4.226290138920255,-13.186346482986371,2.7367688912023955,781
Barangay 7,2020,9,0.5374868201791863,0.1624718984626528,0.5862011338273684,0.20803070598721096,-0.4607425332227586,0.10967555047252489,471,-6.985447712547887,2.743195625929698,-11.847909106793091,3.1044824754478384,781
Barangay 7,2020,10,0.491160541317019,0.2569270387842112,0.32861102661851305,0.21170391760001606,-0.47264036562764217,0.17543419040854433,781,-4.165485245246015,3.733106512005942,-11.416226207828416,2.378370581454106,781
Barangay 7,2020,11,,,,,,,0,-5.476806634243024,3.872823273088792,-12.277969099113792,2.5574002474956004,781
Barangay 7,2020,12,0.7111200059322934,0.15445404955322264,0.522904782252092,0.15449376565194045,-0.6041080856793805,0.10851427536687815,190,-5.397451649826298,3.868001910759231,-12.877057936295344,2.940541029505553,781
Barangay 7,2021,1,,,,,,,0,-5.807518646607554,4.003991118889735,-13.674008394795427,3.6802538063345582,781
Barangay 7,2021,2,0.5495450669428106,0.28204350150789326,0.37579363771647495,0.225631195115822,-0.5208582850542787,0.18948021226033424,781,-5.378277765866012,4.211662334624435,-13.050083705199052,3.212972242831367,781
Barangay 7,2021,3,,,,,,,0,-6.310682433005061,4.602693145434139,-13.681209680212904,3.3617268137654266,781
Barangay 7,2021,4,,,,,,,0,-6.006861911249481,4.332128304015525,-13.315760150380083,3.083179392497011,781
Barangay 7,2021,5,0.48698078751736634,0.26787260126195106,0.40421573516492265,0.25393619155384606,-0.4695732319970805,0.18138632002708024,781,-6.062235609150969,4.172480564762911,-13.489881407207164,3.026598983740175,781
Barangay 7,2021,6,,,,,,,0,-5.586327430957907,3.9328227546035315,-13.058087278648772,3.0920313677170874,781
Barangay 7,2021,7,,,,,,,0,-5.336163943211306,3.9419136375535984,-13.217195702270716,3.556085789477786,781
Barangay 7,2021,8,0.2507648102087633,0.07384293467013982,0.24167335527283815,0.12415890701405338,-0.20828521860497332,0.05051745862911324,350,-7.437291973550707,2.9478580225142714,-12.462087520602108,3.539024481401718,781
Barangay 7,2021,9,0.5623048546651878,0.2950992783682056,0.4138039540700382,0.24249762600202387,-0.5312264854509966,0.19903791113590172,781,-6.38526389830616,4.384679907125996,-13.36535347613688,3.0875373043818444,781
Barangay 7,2021,10,0.49311043496785395,0.2515952719890091,0.38822962903764624,0.2377396364585708,-0.48688211753672306,0.16630282061350568,765,-6.807495047909503,2.527310516361524,-11.601287720679634,2.994009784660885,781
Barangay 7,2021,11,0.059276364743709564,0.0,0.1102520078420639,0.0,-0.06271238625049591,0.0,1,-5.138180699920285,3.766835654320342,-12.235967053493992,2.5172089197492213,781
Barangay 7,2021,12,0.47764953772217467,0.2794417608601981,0.3275164005871888,0.2253509287736596,-0.4839400512173072,0.1918995818448717,552,-7.183858113857072,2.831852811334225,-12.843622344804778,4.141871188001371,781
Barangay 7,2022,1,,,,,,,0,-7.11922026911175,2.774127246817518,-12.806442845188243,4.021267897466353,781
Barangay 7,2022,2,0.5383102983998307,0.2809150959835954,0.3988634561112203,0.24091825526122787,-0.5061791897825921,0.18622148640108308,781,-7.122243172161174,2.7954360923347727,-12.42174895075311,3.471457462600232,781
Barangay 7,2022,3,0.5580397451924136,0.2984118303541432,0.4242606624382849,0.2517122720699403,-0.5308488409223319,0.19562847068560446,781,-7.9896663701180755,2.9590236724506926,-12.631958757029917,3.4480185921731623,781
Barangay 7,2022,4,0.4449573389884135,0.23339596112087374,0.36909613374706507,0.2176019000781772,-0.43134674282682484,0.15783581384067288,781,-6.606475783800567,2.6773534019772027,-11.469235709321023,3.017935031533727,781
Barangay 7,2022,5,0.5333299224741768,0.275711170956203,0.39939233350408665,0.232392359138817,-0.49368919102384423,0.1822465992775475,781,-6.712360286834757,2.5693758616943727,-11.745320926097218,2.850139776618726,781
Barangay 7,2022,6,,,,,,,0,-6.65342540596343,2.9131718129056816,-12.701484656364446,4.170404469564001,781
Barangay 7,2022,7,,,,,,,0,-5.92546623349416,2.8706751374073924,-11.633298040810097,3.2849094063541524,781
Barangay 7,2022,8,-0.27518752217292786,0.0,-0.45361974835395813,0.0,0.24114567041397095,0.0,1,-7.3721754749075386,2.920065574188485,-12.068847643504824,3.372163100742321,781
Barangay 7,2022,9,,,,,,,0,-6.537132302020097,2.9743631276135107,-11.429106738530438,2.9933923535376805,781
Barangay 7,2022,10,,,,,,,0,-5.990089275956481,2.6370408532306953,-11.391756095135246,2.988576868550389,781
Barangay 7,2022,11,,,,,,,0,-5.2861760472318355,2.83052054637231,-10.843627621552114,2.8334961972060944,781
Barangay 7,2022,12,0.43761753449855945,0.25699515880587376,0.28965426205267486,0.21856481612927411,-0.4250227918522848,0.19180073307106277,781,-6.826780454354624,2.596587582082189,-12.859545794915443,4.244443102858205,781
Barangay 7,2023,1,0.3900322766468101,0.2565115436910325,0.26090838251870657,0.2000670271260875,-0.42334397510894234,0.18496200480627664,388,-6.838507312045897,2.6541388831205848,-12.386580500842365,3.581585175545423,781
Barangay 7,2023,2,,,,,,,0,-6.927927674732807,2.859721297279798,-12.113878315650934,3.274839620280077,781
Barangay 7,2023,3,0.34035627569394417,0.1680127066020607,0.2619716322526463,0.1465534858135985,-0.34472181102333255,0.12239019360685548,618,-7.622371143791422,3.117687668374228,-12.439465884228973,3.715751099155546,781
Barangay 7,2023,4,0.48454793086651116,0.25494433757621693,0.40736805804720183,0.2435743363559906,-0.46649505136455277,0.17302035118978068,781,-7.2222868656684724,3.0331078200964727,-12.361627691352652,3.782445138793951,781
Barangay 7,2023,5,0.5212699046874811,0.24475667904138843,0.44798947698776564,0.24109855400034103,-0.47170431703262294,0.16425915072507757,781,-6.742534841650501,2.9118423901569903,-12.009365359280691,3.335780382992287,781
Barangay 7,2023,6,0.44732063159730545,0.28220534744557,0.3551608880984189,0.2897305220889275,-0.4214036630530077,0.20956760887863538,781,-6.7025234758181425,2.7587935710645373,-12.053058087928932,3.6046116315122267,781
Barangay 7,2023,7,,,,,,,0,-6.33027772568094,3.02398493860119,-12.21824097543688,3.651814889541725,781
Barangay 7,2023,8,,,,,,,0,-7.044039782619491,3.256888275199627,-12.203781758014113,3.596023356567624,781
Barangay 7,2023,9,0.5415757223495692,0.29214639101842416,0.399795757026188,0.2892834136639109,-0.5234577201900678,0.1977947779109597,781,-6.5200638589610165,2.9958021408753464,-11.622536511717334,3.144393213650616,781
Barangay 7,2023,10,0.38429883631314626,0.14121243491352928,0.33998242760606545,0.15211642801629902,-0.36405196417709446,0.1000476804691465,756,-5.801653951692674,2.8784019271011787,-11.160518012110924,3.0492284170243793,781
Barangay 7,2023,11,,,,,,,0,-5.8618688102615994,2.7048747247164084,-11.011261866965766,2.813560548389778,781
Barangay 7,2023,12,0.42584377568205156,0.26689544009504296,0.3223527849075105,0.27700521088095575,-0.4324499435118724,0.1912327120474246,444,-6.4223419979367335,3.1603430512262363,-12.140080144783907,3.9807301426583335,781
Barangay 7,2024,1,0.45567585410460815,0.24727415134398767,0.358108724398434,0.2378599061351177,-0.4493102071659022,0.17189420961475693,479,-6.971105967837927,2.84518866395753,-12.419484086248845,3.8907471729995224,781
Barangay 7,2024,2,0.5788130455300995,0.28205178681061044,0.43116021204546634,0.2609564322148186,-0.5510451833999399,0.19003058546969254,781,-6.845338121500158,3.078126835143624,-12.32091795459446,3.2397612102556965,781
Barangay 7,2024,3,0.5119377441106022,0.2806959830469048,0.42679441028705223,0.3584667816166007,-0.4784833054951416,0.18643922657150913,781,-7.415274408053273,3.099709009242106,-12.152492330718436,3.3754668585763192,781
Barangay 7,2024,4,0.49224449369020984,0.291336298253638,0.3643021881397009,2.138527972255689,-0.4930731589976276,0.1937718782365728,781,-7.138063029762029,3.094744414108925,-12.461806602346739,3.596720582479659,781
Barangay 7,2024,5,,,,,,,0,-6.522266432986364,2.6895360520609564,-11.923574055508054,3.142297321815467,781
Barangay 7,2024,6,0.40982190250735934,0.24424629148036384,0.47016698890125597,0.21601407409969112,-0.35984395275410924,0.18684075307190923,97,-6.391276086462371,2.651053825033869,-12.150440430714642,3.5638092225670515,781
Barangay 7,2024,7,0.5841271485152999,0.05378335672790515,0.6173006021662762,0.12848702328549363,-0.47819196079906656,0.043994871325617156,38,-5.96017355853732,4.289962029158388,-13.131583792604653,2.939721519815692,781
Barangay 7,2024,8,,,,,,,0,-6.669015901821466,3.290078681335103,-11.60805041216095,3.166687476167024,781
Barangay 7,2024,9,,,,,,,0,-6.766167783983314,2.9139187771183717,-11.720824761213622,3.23611549088886,781
Barangay 7,2024,10,0.5215532928156673,0.26322370686188046,0.42986151532695716,2.166306401795538,-0.5036068542391804,0.17911572659477226,781,-6.087637394253776,2.5777835652267456,-10.988469570302776,2.712890047991847,781
Barangay 7,2024,11,0.05050147759417693,0.05932866909790016,0.07377972174435854,0.08215933312731862,-0.04108014206091563,0.04848887568423869,3,-6.7239609142185905,2.746540969823864,-11.716869609075086,3.252885145724526,781
Barangay 7,2024,12,0.22244248787562054,0.03728963950353356,0.21438921704178768,0.04868669658910706,-0.16686803847551346,0.025773611119937333,21,-6.204941734394938,3.2288738958975824,-12.194772770554387,4.119240282462099,781
Barangay 7,2025,1,0.6150062101336713,0.14797580486001316,0.514545056718988,0.16733338423182614,-0.5309765493146145,0.11906254813220526,313,-6.055308771766869,2.623661779891529,-11.86142164796934,3.456873037243289,781
Barangay 7,2025,2,0.5561786399794225,0.0887426662986563,0.5814293252945946,0.08214744109467913,-0.4874091430747207,0.07180900349825498,476,-6.9768595994663585,2.908943790825157,-11.989168542600636,3.4135070205075513,781
Barangay 7,2025,3,0.5711228567136506,0.2784336027390161,1.2838164393575564,22.59131631268498,-0.5338788650355752,0.18678521618379096,781,-6.713611283123725,2.909733574949641,-11.920336790487802,3.363516197018726,781
Barangay 7,2025,4,0.49403712171068487,0.24769235289705044,0.4559558143614306,0.3996297000765566,-0.4767951591002365,0.16767548597267815,781,-6.807195278164833,4.030613903830036,-14.3287794837268,2.897638380761924,781
Barangay 7,2025,5,0.5358801546048949,0.2976362539614446,0.5256606670226579,0.3619290955633697,-0.4877370930610803,0.1996441382437469,725,-6.489738781458289,2.663056317623772,-11.681627235858308,3.105237696317319,781
Barangay 7,2025,6,,,,,,,0,-6.171144256135743,4.795181897847725,-13.768708009268044,4.01108259940724,781
Barangay 7,2025,7,,,,,,,,-5.674776889926966,3.782335608764644,-12.945021047940173,3.1848720977487566,781
Barangay 7,2025,8,0.5442497515900725,0.3020629057709651,0.464829205825537,0.34352421467186356,-0.5061611119173657,0.21178089147430104,682,-6.5949186708744705,3.0273304942667862,-12.016792676741893,3.4719314671639276,781
Barangay 7,2025,9,0.5586748537696924,0.26837855754912193,0.09975263987227832,8.402236072384635,-0.5081009607209908,0.1834519056613721,781,-5.176859725548116,3.638142572717843,-12.163649284885421,2.3054649889965075,781
Barangay 7,2025,10,,,,,,,0,-6.1213313233818,2.674816762334708,-11.438521246140807,2.9104220098039053,781
Barangay 7,2025,11,0.5168512637568038,0.2722277341803688,0.3602365449397273,1.047839183550551,-0.485198495702765,0.18327487271848447,671,-5.476960817278003,3.725892819061812,-12.714151990398394,2.5466322056176027,781
Bucal,2020,1,0.601866747345579,0.23099982382082546,0.4089346095231071,0.20828294471301212,-0.5548486188088129,0.17401157046084764,8139,-6.68458040572578,2.834793438270542,-12.930829318965749,3.2309074494598495,8144
Bucal,2020,2,0.567451891830138,0.21573724972863345,0.4479046980144495,0.39776695399969847,-0.516373822922241,0.1600821462929112,8109,-7.1301375899225246,2.968110854205306,-13.327455812644342,3.13405765529025,8144
Bucal,2020,3,0.5507980759427867,0.24481164423825055,0.41305452632490425,0.5151628485464683,-0.530370752953109,0.17988035950701017,8144,-7.275874178457387,3.1056639997354014,-13.291241453929,3.1289757236852176,8144
Bucal,2020,4,0.49060808239038384,0.21805554525097637,0.4072585107668662,0.20385131394274636,-0.46943128090348446,0.15949662442044396,6297,-7.408079215163943,3.0965670940590195,-13.481583571943471,3.126984361791504,8144
Bucal,2020,5,0.5182626924457601,0.23578779679661963,0.54299408432363,6.264304513624,-0.4706763923246764,0.1784945512803725,4089,-6.563693791438271,2.9620451311236087,-12.556136298919704,2.9817361223584666,8144
Bucal,2020,6,0.5964440627654866,0.2577586205014748,0.4587498232695735,1.1515103731679421,-0.5474548178134249,0.19276005965762577,8144,-7.005416039878902,2.917798060502181,-13.238382217263892,3.133529446002127,8144
Bucal,2020,7,0.5424770938533228,0.20801518396411173,0.5515354807527267,0.31769814124864443,-0.4793510923189026,0.15715062817609007,5222,-5.969207944865324,3.1142525460240154,-12.184388404251427,3.109709372956818,8144
Bucal,2020,8,0.5640497990639214,0.22010703578599713,0.4691276658946369,0.20051421508127135,-0.5226077783355685,0.16585823489283258,5154,-6.787416845967021,2.946990601607638,-12.74927946288286,2.9079757643430684,8144
Bucal,2020,9,0.5182678164188878,0.19879523485369674,0.5368316521613317,2.2875604395542783,-0.45315357419916724,0.15251054614018403,6998,-6.041102064373836,3.122713420733503,-12.078090566529648,3.174975786123909,8143
Bucal,2020,10,0.5144210457492556,0.21791646943968868,0.34144196130455595,0.1839393503251957,-0.47863735353586007,0.1710262944611508,7465,-5.383830120533943,2.9660927664337895,-11.654412289162858,2.7881337766769896,8144
Bucal,2020,11,0.29055524628633006,0.13100437120749564,0.29454056433508097,0.14104835708274865,-0.2133078225180977,0.11898892389926771,158,-6.560905257121859,3.202618497577018,-12.873568574985173,3.6601504015569897,8143
Bucal,2020,12,0.5237958359476168,0.2338236759209594,0.4124494403167617,0.22595914156396796,-0.5013696088107231,0.1773880843497214,3167,-6.589083577973044,3.2806824623185977,-12.832145910486357,3.488914335559813,8143
Bucal,2021,1,,,,,,,0,-6.7103884171834105,3.1421014977143003,-13.025929301870788,3.593208285355889,8144
Bucal,2021,2,0.5728005047956948,0.24929775277102728,0.4115091466308613,0.8326975653901311,-0.5331472546299653,0.19384047170807514,8144,-6.204388442179175,3.5379712736784374,-12.492354849566848,3.620623533617436,8143
Bucal,2021,3,0.1751871109008789,0.001596599817276001,0.4038071483373642,0.03212784230709076,-0.16068217903375626,0.005832277238368988,2,-6.899664364232862,3.057522907975162,-13.331912885925469,3.6048429917879687,8134
Bucal,2021,4,-0.08061777111142872,0.01583429564344007,1.2590527474880218,3.387465633224554,0.11043798886239528,0.007551746685708047,20,-6.780993210924372,3.205238268105048,-13.243368195454078,3.493078910187783,8140
Bucal,2021,5,0.50968878693735,0.2568206877033748,0.41887345495442707,0.38874112849812775,-0.48858964904588226,0.1915921059625379,8144,-7.2288374826753135,3.4572869014472,-13.622071515962652,3.9034687447512226,8131
Bucal,2021,6,0.16773617267608643,0.0,0.3542388677597046,0.0,-0.1651807427406311,0.0,1,-6.735784358144182,3.3659021179514754,-13.110722973416006,3.6484025773129276,8133
Bucal,2021,7,-0.07423479855060577,0.0,0.3113473057746887,0.0,0.11376979947090149,0.0,1,-5.83220222286079,2.947542237124946,-12.38090723739063,3.1647979397561943,8140
Bucal,2021,8,0.4590038479335849,0.11231023381795767,0.6824946214434925,0.2446003596148988,-0.38063571428526266,0.09058003924324994,279,-6.358755424986382,3.3491847242715567,-12.635188045000247,3.5890582738936097,8142
Bucal,2021,9,0.5875201353399566,0.27647814195316556,0.44815711920710255,0.31959277527127694,-0.5454890686142884,0.2127512939034989,8099,-6.72388491025303,3.2418194497279105,-13.055496345389098,3.480560818010219,8134
Bucal,2021,10,0.5786870687908079,0.2655571300072884,0.4607113431632615,0.4092047232281614,-0.544137806967766,0.20312681599037716,7569,-6.430586752038025,3.3680854177629334,-12.570408679949802,3.6285256487673747,8129
Bucal,2021,11,0.03710070742294191,0.14670145840814855,0.1360936650633812,0.4692854884062073,-0.028816977236419915,0.14890482652072928,25,-5.871943564264409,3.148884444779022,-12.276921098291494,3.227737712889521,8138
Bucal,2021,12,0.5722816728058296,0.2722807830670168,0.4113783499935044,0.6858651141497322,-0.5477744994693964,0.21478668020183356,6627,-6.374724478207323,3.381521088449538,-12.513952697211524,3.6577431825426454,8136
Bucal,2022,1,0.35091002217747946,0.06646929326155984,0.288899192078547,0.05490257581545938,-0.3261050575158813,0.056892303985288564,22,-6.632251686578892,3.6212892319497305,-12.962510133827054,3.9359326613411443,8133
Bucal,2022,2,0.5217316705665527,0.20646878188594625,0.45807140533433943,0.7518671771522188,-0.470484618409726,0.1661908921489889,4212,-6.259558568922281,3.349955568342948,-12.492961631908203,3.740046604268243,8141
Bucal,2022,3,0.5429245913812454,0.29271885568895895,0.42410314073932043,0.8701426566247035,-0.5227373511749779,0.22228022271424736,8144,-6.757692655834104,3.487368127264086,-12.985271489710822,3.9411406784378284,8138
Bucal,2022,4,0.4795258797254999,0.24073927523171706,0.4337180605401624,0.4377891512058064,-0.44834428651827574,0.1761450934148041,6277,-5.933472457405777,3.357205911075646,-12.279511952043107,3.7317923886034534,8131
Bucal,2022,5,0.5596058151670437,0.2715357883865237,0.44310255793658027,0.28668016986912903,-0.5215485375710306,0.20626538397842467,8070,-6.004702244718496,3.2489910272304723,-12.448084982302852,3.5435361998114496,8142
Bucal,2022,6,,,,,,,0,-5.602596839535523,3.3454418918090485,-11.999868639147229,3.5987327514074066,8137
Bucal,2022,7,0.23564342651516199,0.2550019279596609,0.3580389339942485,0.24296853103466398,-0.23325303345918655,0.18466127853722883,5,-5.522768533629634,3.2436447666971215,-11.876127541872025,3.439237366290573,8138
Bucal,2022,8,0.5817828209329684,0.1767975628561806,0.5433913665169253,0.19399120313495047,-0.52632626306222,0.12959765998588219,2396,-6.183069537176128,3.261056672442948,-12.413659321728167,3.4647965131167076,8137
Bucal,2022,9,0.5661656975349763,0.23800809057945008,0.5005198569930551,0.34587186693188976,-0.5056742411551194,0.19007501615347533,8137,-5.831461540273932,3.35590898846144,-12.151215668235965,3.479675239004084,8140
Bucal,2022,10,0.32672706824176173,0.09929285457021735,0.32069977996300675,0.12395746370768881,-0.2827515957915053,0.09110068556158811,49,-5.522097344579851,3.291938091630806,-11.78472929690987,3.4406778881135165,8136
Bucal,2022,11,,,,,,,0,-5.165646671649014,3.234646240105028,-11.471029496805203,3.3564941920826143,8137
Bucal,2022,12,0.5573356978094367,0.26872394873503896,0.3938527879572293,0.4393829231410769,-0.5214665064106008,0.21214564633701113,8142,-6.530707594602369,3.2203561505364013,-12.556999878211995,3.6155931499865392,8136
Bucal,2023,1,0.24188676811556553,0.12450716676082738,0.2065216405198295,0.14617022250192885,-0.24128779795397298,0.09280021243728787,235,-6.61711406116177,3.3937312342967028,-12.702369303083904,3.8136242505053715,8131
Bucal,2023,2,,,,,,,0,-6.419038191332709,3.5328993691544035,-12.734185198623026,3.918642070563864,8135
Bucal,2023,3,0.30546679877570726,0.14543921821594163,0.24329665874921444,0.1301788013530592,-0.3230654193837524,0.12171162960326223,1849,-6.935787932359755,3.586918198624936,-13.051999646401564,4.152105562567088,8128
Bucal,2023,4,0.512568848325441,0.2533279060136259,0.41586174374279755,0.25512563044752823,-0.49317429742483543,0.1910726022121793,8144,-6.700098566678895,3.628188739279018,-12.953672140763892,3.9978517262676174,8131
Bucal,2023,5,0.5413664788066797,0.26282875202521805,0.47376983484083174,0.7737785083948546,-0.4969316045454324,0.20403769165719812,8144,-6.462265090336807,3.5586908012211955,-12.790821322883037,3.9748884352519265,8137
Bucal,2023,6,0.5170894247145071,0.22700803677163964,0.4865814681530291,0.2767219553752552,-0.46388808017194266,0.18099817076495436,7029,-6.237876293014291,3.437122889370496,-12.58753390308386,3.6639925862977476,8136
Bucal,2023,7,,,,,,,0,-5.6184936666369,3.397586611980121,-12.02613798746844,3.5832623407753155,8140
Bucal,2023,8,0.43389967961177967,0.1856554083666542,0.5349595941359385,0.29002970991202154,-0.36863521010460254,0.1504968595408352,4236,-6.025733592691607,3.459938408721787,-12.312003938938156,3.638206883983185,8136
Bucal,2023,9,0.5951289127275302,0.31348472678001726,0.470573209815181,2.623820974529254,-0.5554872449786267,0.24767479129424766,8144,-5.766029797557711,3.307289145157508,-12.085191891707208,3.4957262173403127,8141
Bucal,2023,10,0.22391811073047013,0.12097141508574166,0.26154277794029146,0.14378372706701495,-0.20259795063291944,0.11249776434138392,439,-5.3632937188679755,3.356326011031175,-11.628748436804681,3.448235439407059,8138
Bucal,2023,11,0.254278227921546,0.08707698118824561,0.2767640007293131,0.12111468222327493,-0.1971827474840748,0.07378648711176626,127,-5.865253162653466,3.4330396764096736,-11.883975090070377,3.5417498360797763,8141
Bucal,2023,12,0.5107903701509777,0.2705957481728796,0.36374563756116957,0.22690918213460554,-0.48904160895406745,0.21332237256154968,5149,-5.661896114393549,3.3749756556579626,-11.968866508642053,3.6638438563199833,8135
Bucal,2024,1,0.5449885874863112,0.2485491893505938,0.4296383736596806,0.2277123968268916,-0.5194394797700385,0.18923425782702483,6069,-6.372598383412203,3.4529344913963675,-12.473383630147614,3.766740684749228,8140
Bucal,2024,2,0.5383745083162642,0.25935479550055807,0.4167928143489621,3.3461668910407507,-0.5278816804623107,0.19993931998496783,7657,-6.471297791265475,3.5134174280229646,-12.619956774990996,3.955534598139082,8136
Bucal,2024,3,0.46132379070736373,0.25176288459233404,0.3720009223600272,1.0362000629369772,-0.44350927194055517,0.18872943765009623,7463,-6.747470646267897,3.6093057455259556,-12.526008883179403,3.8319842520111274,8143
Bucal,2024,4,0.4625169876894888,0.27934711086502373,0.3357192726204697,1.3153503492275824,-0.47146601516865355,0.2183416323203371,8144,-6.87831065450968,3.734274613187658,-13.10006988417377,4.325927834864658,8134
Bucal,2024,5,,,,,,,0,-6.7431767912603275,3.6177607738288704,-12.798304707276717,3.9699775457888187,8143
Bucal,2024,6,0.5508533789055975,0.12498608235025926,0.7831116150789375,0.2295109498760357,-0.4570678984987196,0.11844682770631493,406,-5.980646467072265,3.237312354559701,-12.115987918927924,3.2956166053562956,8144
Bucal,2024,7,0.5781099168965109,0.16873387189653424,0.5523134565517114,0.19611204387495693,-0.5112010766733884,0.13893775462523822,3331,-6.0508488461448,3.262308368962325,-12.389776491703309,3.2652738133725343,8140
Bucal,2024,8,0.4893284632411498,0.1539672853231456,0.5771924524673021,0.24571408736665576,-0.4287394782303768,0.1260555992027291,3499,-5.430528918179867,3.2823351584204215,-11.577895858154438,3.159612786079674,8144
Bucal,2024,9,,,,,,,0,-5.950933328041261,3.3497028724880082,-12.306286181343696,3.576422856350302,8137
Bucal,2024,10,0.5848652464491183,0.284973503601866,0.44858665037756795,0.5900180717234155,-0.5465123069435196,0.2239495440051923,8093,-5.913409121091998,3.64191924960136,-11.980134563060222,3.7850867718120327,8137
Bucal,2024,11,0.6376205750204849,0.2724307114885558,0.5198269490448926,0.23218140267665996,-0.5692677728154444,0.23914228110907484,33,-6.4505669792919695,3.508770982764996,-12.540215702872725,3.846592736241602,8128
Bucal,2024,12,,,,,,,0,-5.417166877854534,3.4771689216677246,-11.596309120021253,3.570962126261041,8143
Bucal,2025,1,0.5362092348729022,0.2567826669830268,0.3891581263826294,0.6130938980955093,-0.520475635470085,0.2036348651770127,6522,-5.789019991373018,3.4892209413512463,-11.957114172173982,3.877046332366446,8140
Bucal,2025,2,0.550989390470546,0.255612365388767,0.43660245204553644,0.32785188977657187,-0.5047873058414236,0.1980707676085606,8001,-6.314686537221051,3.507557013781048,-12.396984027290053,3.7793468262812695,8143
Bucal,2025,3,0.5479689985823639,0.26658946706180076,0.4143933496724842,0.31996514024330264,-0.5221650743862629,0.2059497626393182,8144,-6.309281992449382,3.3684781281119753,-12.407462579694887,3.760820449966648,8134
Bucal,2025,4,0.5037642709103395,0.238696530744985,0.4063064194832426,2.1128202859765266,-0.4897387659736262,0.1799000221404936,8066,-7.588472481790185,3.5058253758564097,-14.050569826250367,3.685726052723043,8144
Bucal,2025,5,,,,,,,0,-6.479290139298532,3.5445750374390625,-12.527823594949895,3.6505748358213825,8142
Bucal,2025,6,,,,,,,0,-5.882657990069,3.5312333467924772,-12.30928505418305,3.312389105412022,8144
Bucal,2025,7,,,,,,,,-6.349519055656896,3.3416790999990247,-12.722419764431011,3.6403329206933863,8140
Bucal,2025,8,0.5267162287519093,0.18465210589209452,0.5191886039628159,0.21963316238317815,-0.4636243562258424,0.1404274166825082,84,-5.653513263291323,3.596878447696505,-11.98983111306552,3.549011101556466,8144
Bucal,2025,9,0.5655898208661323,0.2660507890223038,0.4177177507732072,4.145180047921311,-0.5108183240623603,0.21585239735274717,8144,-5.5746575195945525,3.5606578413150825,-11.91435093451691,3.3044378546353497,8144
Bucal,2025,10,,,,,,,0,-5.888766592812685,3.707691155368694,-12.165736745043931,3.6323645061673195,8144
Bucal,2025,11,0.5462263415576356,0.26809139659825953,0.4822820251502886,6.4571877825559225,-0.5044262971599744,0.2192355775487661,6780,-6.195458820655142,3.408574549124156,-12.69426948778647,3.636279083361625,8143
Halang,2020,1,0.48703857822612573,0.27881710545521277,0.3120403053068292,0.2116834791103261,-0.47238202972636223,0.20721747628515075,2573,-5.594071688981102,3.4771856840310895,-12.344762206489483,3.7684512697355244,2573
Halang,2020,2,0.44638804618863603,0.2583611973604018,0.37349795166753097,0.24321253171805834,-0.4257439231865863,0.19654391213910807,2569,-6.20307753548558,3.7635937219627578,-12.741083426384362,3.75768101789459,2573
Halang,2020,3,0.4484705123149546,0.2852394861363204,0.3261888855546689,0.23841794486761939,-0.45247827509913413,0.21278719302006383,2573,-6.046882125286239,3.649149625282423,-12.458137302463284,3.5492900399957827,2573
Halang,2020,4,0.42224450806479996,0.2707009134248521,0.3411174360520968,0.250723148032104,-0.41564293399395635,0.20526811020055627,2573,-5.9272233749943135,3.424799343154445,-12.637465074610027,3.5434479096097533,2573
Halang,2020,5,0.4309930528648375,0.2837452047704019,0.3345302060691493,0.25461520358817114,-0.41170252278568864,0.21745764622630728,2569,-5.539655615182969,3.6191556415948964,-12.10989484756178,3.84282606559352,2573
Halang,2020,6,0.47151707350660077,0.30327719674940345,0.346086164138256,0.2631767194450615,-0.44991949518078056,0.2288219387883137,2573,-5.8094001760439555,3.4509463930983295,-12.521619924788466,3.8702257383878425,2573
Halang,2020,7,0.4363735717589448,0.25608823105008494,0.39710271356079135,0.2608702296408272,-0.4093180547800731,0.19115001930914058,2144,-5.621570690497723,2.9554897507355324,-10.736517754861172,3.946617153184303,2573
Halang,2020,8,0.571109295766739,0.1966780376442535,0.49836142925020016,0.1932004684952669,-0.5238173205859323,0.13837716604559458,1182,-5.652513245934321,3.458014530930104,-11.958711399631975,3.3628972401202817,2573
Halang,2020,9,0.5235356078448298,0.18537724182496707,0.5518330400042676,0.23740018630698664,-0.44355465664782323,0.14454420296174736,935,-5.321970980023703,2.7018363245940678,-10.538107593543474,3.6673708198888573,2573
Halang,2020,10,0.45074097225010246,0.27268125440153484,0.30937758685773753,0.22763611638723164,-0.4393160137947548,0.20678907876514102,2573,-4.206428635011487,3.2856204195888457,-10.939676435087334,3.080967094763911,2573
Halang,2020,11,0.42131235344069345,0.049067774294922935,0.43369949715478084,0.06936545356848077,-0.34294340653078903,0.0428707394009114,14,-5.436223707209291,3.6871662428405987,-12.291870423023399,4.154149960867915,2572
Halang,2020,12,0.3837349590645254,0.2337784898656074,0.2539514627343706,0.20339847425282173,-0.4128022251957267,0.19057288578334827,1416,-5.724054383093093,4.089412813244663,-12.515561466838973,4.32318804182276,2573
Halang,2021,1,,,,,,,0,-5.584588852939429,3.7122174564969024,-12.600198928753974,4.36762203715364,2573
Halang,2021,2,0.4588295228410701,0.29145713842078025,0.30960513810814394,0.23328587593213643,-0.4531163785861253,0.22342254617038343,2573,-5.254428806728243,3.9192131904145,-12.179583956242586,4.196905794207786,2573
Halang,2021,3,-0.0021376317677398522,0.04418766298686059,-0.005328597563008465,0.11911677607820145,0.01574311877290408,0.04387507561142771,15,-5.721012590175772,3.525569169581811,-12.650628940353972,3.915208346590539,2573
Halang,2021,4,,,,,,,0,-5.671067752510789,3.7413851394245015,-12.249474385980573,3.573339277223801,2573
Halang,2021,5,0.4662094219233064,0.28281425813807104,0.3824494942391377,0.26145351384726867,-0.44846144226624735,0.20984847164775022,2573,-5.892781072132523,3.731390833945836,-12.527236571177157,3.6175657623192334,2573
Halang,2021,6,,,,,,,0,-5.4149472834876375,3.475990878078833,-12.238472906829902,3.7101725293316843,2573
Halang,2021,7,,,,,,,0,-4.766981711866506,3.3100580541348763,-11.810542780525154,3.5052183500541796,2573
Halang,2021,8,0.35913370499166397,0.06240500260956805,0.4502525708432925,0.15668527824532275,-0.27420913112365597,0.05444093056736117,59,-5.905448885668015,3.0785429640188937,-11.047567394796257,3.985278589414624,2573
Halang,2021,9,0.4867491755808311,0.2951914205691572,0.345495896870614,0.24085868722185383,-0.47332789923697466,0.22074484701155694,2573,-5.632015368023076,3.5255114926148186,-12.157302650636424,3.4227837850722675,2573
Halang,2021,10,0.4960948173364457,0.27237813848544185,0.3717334196079932,0.23897077936673322,-0.48496861268150615,0.2042474724148926,2147,-5.865716740156358,2.8261985558097393,-10.708231034280725,3.712123159935728,2573
Halang,2021,11,0.18951317560659453,0.19066534045048952,0.13696148378707995,0.155405831013328,-0.21023538632950345,0.19074101931941673,175,-4.691555152258639,3.4035085438374386,-11.628663987141643,3.3108097224079582,2573
Halang,2021,12,0.4552938231751103,0.29836750957626523,0.30461003687775595,0.2682072723858237,-0.46581117150145684,0.2334076497527679,2098,-6.066810125857302,3.23989572979633,-11.337746538133777,4.776465289877327,2572
Halang,2022,1,,,,,,,0,-6.129579301402293,3.1894135199386477,-11.433576767365759,4.7406772030285795,2573
Halang,2022,2,0.7549606115575513,0.1457340992217068,0.6668209809590787,0.20188739949857612,-0.6442412213805844,0.11429092678322068,1020,-5.798115747790012,2.9753035979100715,-10.993532617445732,4.000614267961977,2573
Halang,2022,3,0.4959402646384809,0.31545839244657553,0.379348821290016,0.28420373645443947,-0.48646045414761185,0.23317424593585734,2573,-6.304111455113646,3.0980049787934933,-11.045952748146009,3.966427824863929,2573
Halang,2022,4,0.43363588288991745,0.2614673978607473,0.3742910222260461,0.2628171013313939,-0.41554423206371854,0.1959636068124153,2424,-5.390686029805037,2.8354126812419573,-10.332722853869239,3.6364061591833603,2573
Halang,2022,5,0.46755686048536876,0.2882712145593535,0.34902969058927064,0.25476678385082097,-0.4528241766097929,0.21540479885938638,2573,-5.496456459636609,2.8170042504516424,-10.66714022335018,3.8144664355519446,2573
Halang,2022,6,,,,,,,0,-5.606156912853966,3.29537317386396,-11.149759679858674,4.615151305734008,2568
Halang,2022,7,0.31104375050950145,0.29249864613874,0.28445653147285893,0.36664135227366906,-0.2817251277599661,0.26850151108324405,63,-5.169106097622998,2.9605659145519705,-10.47320729892251,4.02361719075376,2573
Halang,2022,8,0.30735060561826266,0.12120097769740414,0.27134871814885875,0.1140761700899345,-0.3262226183129392,0.10031674825999862,138,-5.9442597056474495,3.1808612699411154,-10.976100467854911,3.893442548858164,2573
Halang,2022,9,0.48862549550406725,0.27019162193082685,0.40412248812078255,0.26977923125709324,-0.4540609071918148,0.20219325954257386,2570,-5.493812279204927,3.0907407050951994,-10.466451025249762,3.7345289205046295,2573
Halang,2022,10,0.19163179397583008,0.0,0.18658338487148285,0.0,-0.16562072932720184,0.0,1,-5.076265808664344,2.9852386883855098,-10.239188175639054,3.6995134372198697,2573
Halang,2022,11,,,,,,,0,-4.939674974346771,3.182610665558818,-10.352801629152394,4.103758173447978,2572
Halang,2022,12,0.4598447215919637,0.2894730331492958,0.3176182343315473,0.24630682868686488,-0.4443628082414991,0.2246120548763943,2573,-6.271360174471752,3.2372337711214625,-11.20112179509868,4.471883042568343,2573
Halang,2023,1,0.2223854195954783,0.18159791485870794,0.16205663211812646,0.2634741533007746,-0.26540172393660894,0.18419429205770085,164,-6.241937282873622,3.028396272603504,-11.071568958898519,4.360461591784785,2573
Halang,2023,2,,,,,,,0,-6.034658740616292,2.929654820991743,-10.943738332907946,4.005432711749509,2573
Halang,2023,3,0.2702284914758335,0.1869706138159026,0.22103714286271534,0.16662456661370484,-0.3079316606802645,0.15851216372149388,1675,-6.219414087720399,3.0192925621191082,-10.928218369571637,4.12222985649834,2573
Halang,2023,4,0.4593579424110472,0.2806783312270294,0.38042825056654717,0.2763105810683721,-0.45069102251731563,0.2090532787887173,2573,-6.137690929103349,3.187740089322799,-10.983869663781253,3.9795163144978396,2573
Halang,2023,5,0.4688241814440387,0.27959107394500227,0.3921301935506824,0.27281123423696535,-0.4430260355270665,0.2090300214422781,2573,-5.942388603838016,3.109548129786608,-10.71194139554997,3.999506688415076,2573
Halang,2023,6,0.449617913965676,0.2577716589715765,0.3850485588664292,0.2539236366025571,-0.42057373983630203,0.19575119380032321,2573,-5.880530831860692,2.9855260263311285,-10.895686786608062,4.212360127548192,2573
Halang,2023,7,,,,,,,0,-5.333310206717161,3.1183062629964713,-10.53756033457609,3.9218746851121713,2573
Halang,2023,8,0.36934088788665376,0.2009379119876147,0.4670315505028134,0.3135174072872916,-0.32021082618569086,0.1531079741718087,164,-5.790620151555382,3.064800996584362,-10.746569219097106,3.86696858115116,2573
Halang,2023,9,0.5012020975768449,0.3180811330452012,0.35267633432741335,0.33036133095407577,-0.49026361502856697,0.2377573592771644,2573,-5.407126694930893,2.823216644583479,-10.308726506363465,3.676900217163908,2573
Halang,2023,10,0.33978352483391033,0.12142035799961674,0.2588339406989692,0.10431079510675625,-0.3273438597141647,0.09875303173023141,640,-4.923572201797584,2.950475256204979,-10.097955555793698,3.6867204259587933,2573
Halang,2023,11,,,,,,,0,-5.488931250825316,3.173479963865089,-10.5214146747331,4.04492365041698,2573
Halang,2023,12,0.456539800806116,0.29264269631928796,0.32630366741073413,0.47500408553102463,-0.44760532900305583,0.22591152947153167,2199,-5.558721358032274,3.396695996856356,-10.821934051299147,4.610738184873549,2573
Halang,2024,1,0.4667126111190054,0.27027847371604746,0.3494812718870426,0.26839480913243857,-0.45728860671483523,0.20415748552767624,2396,-5.882365938583361,3.0580144106905633,-10.844788076948932,4.233037518330453,2573
Halang,2024,2,0.5078120388447234,0.298804620940643,0.37101677931761234,0.3365702528124648,-0.5038826017535238,0.22410532556241516,2428,-6.0730208224709905,2.955051372680947,-10.884693912727386,4.008883667653519,2573
Halang,2024,3,0.435306148341301,0.29356543892287223,0.33633146020129734,0.39122763708948055,-0.42763528573054344,0.22033606289447674,2516,-6.184107213149704,3.107618504588382,-10.71009222664489,3.9681251040142778,2573
Halang,2024,4,0.4257035064332055,0.297573680522511,0.3113861753176562,0.8037588021242476,-0.4405366392011045,0.2275800821309585,2573,-6.1659232230348975,3.1386589465659314,-11.135993612702158,4.192066630120308,2573
Halang,2024,5,,,,,,,0,-6.1819838568671885,3.161320288925898,-10.990087658916858,4.234512302345493,2573
Halang,2024,6,0.7191053920087229,0.12724331823991797,0.7877662112167226,0.21110371113844795,-0.5985325258132543,0.1106922359854255,804,-5.747425993643405,2.8297710780006273,-10.564474445553078,3.9047820737804773,2573
Halang,2024,7,,,,,,,0,-5.154470758559677,3.953986817053096,-11.766814032728066,3.6115385327232046,2573
Halang,2024,8,0.27226602911772263,0.07961861216900862,0.300652212631897,0.1245448699269857,-0.265379002262515,0.06927791460464795,337,-5.357091425019481,3.0121832907615604,-10.20600616853625,3.559111650189293,2573
Halang,2024,9,-0.01466914862394333,0.03923854835422961,-0.07720929831266403,0.15958067095772738,0.02536465195007622,0.04083771758766644,5,-5.632039442717424,2.961004201576125,-10.594383577371616,3.81238770375637,2573
Halang,2024,10,0.46680382203327114,0.29652850650986273,0.3421405010698873,0.4114060840552174,-0.46133381677332835,0.2258863609157436,2573,-5.930869687746818,3.941680925986959,-10.67925476265713,4.652059442752257,2573
Halang,2024,11,0.23096134204862884,0.3243780988632951,0.10657839489716063,0.5367825545327706,-0.20534758944995699,0.2884595562315479,46,-6.115146123463739,3.410035275929456,-10.973276979468684,4.519852810698072,2569
Halang,2024,12,,,,,,,0,-5.38672512316073,3.6060896363251835,-10.479920986757469,4.648559584402754,2573
Halang,2025,1,0.43846081231074596,0.27049165180685536,0.38452618804870503,2.6774855467030982,-0.44408603079931896,0.2062766514812487,2301,-5.358558953273127,3.1102386947361174,-10.611541423623734,4.374914711404801,2573
Halang,2025,2,0.4862322688134498,0.27827933884196504,0.3927368248693043,0.2600958798593048,-0.456707899495988,0.20700495715232783,2573,-5.744024708413413,2.9620629452754375,-10.821828607414682,4.144665819824041,2573
Halang,2025,3,0.48893193499932097,0.29858921495187996,0.38758026963156744,0.8081532910804063,-0.4801640080263978,0.22233613300326394,2573,-5.877816595286253,3.0280927764051873,-10.660831342206944,3.977940057284917,2573
Halang,2025,4,0.43174001486410796,0.26070961513496316,0.36966900207353265,0.2633632573749359,-0.43442641291616374,0.19615244171646218,2573,-6.0603505314674,3.8695291165944172,-12.97594767427191,3.73242900643191,2573
Halang,2025,5,,,,,,,0,-5.911400380564998,3.2712517396290433,-10.839150975694686,4.242811676652666,2573
Halang,2025,6,,,,,,,0,-5.222082383473552,4.518345208557106,-12.36445005512275,4.439846196261936,2573
Halang,2025,7,,,,,,,,-5.290015557409053,4.0486500250356885,-12.150369399300697,4.319290868871677,2573
Halang,2025,8,0.6021993475419691,0.21874722754907847,0.6066676362829071,0.25335268725415155,-0.5214962493674338,0.16146461469746462,657,-5.41906285539068,3.3796715271414914,-10.584826969397207,4.087532662966623,2573
Halang,2025,9,0.46663303376756604,0.2857484561156736,0.3796415855673304,0.7335575613613179,-0.440031244414493,0.21561728621063225,2573,-4.557836393995471,4.068902941201018,-11.188222506637317,3.5151307441016435,2573
Halang,2025,10,,,,,,,0,-5.3448181628416735,3.2276950160850912,-10.547057013601078,3.9433137872406245,2573
Halang,2025,11,0.4557429717501943,0.29054464966281207,0.3120995322646526,0.2668142859817855,-0.44538163055314234,0.21875856910737512,2240,-5.1672178851411585,4.082925282089376,-11.943326007826158,3.833548198408887,2573
Lecheria,2020,1,0.5672996493438422,0.27453939767658136,0.371227811618258,0.22806297301302797,-0.5066440568565027,0.22610249052343123,6081,-7.252313842109824,3.607812412174892,-14.493556235092294,3.817296891322947,6074
Lecheria,2020,2,0.5759736430282152,0.2255454356279275,0.4972525062737094,0.23305695983355876,-0.5027504360670275,0.17915204991143735,4596,-7.783066861994292,3.6451529602496535,-14.839776287508927,3.7309862393216267,6079
Lecheria,2020,3,0.5282869540003533,0.2781803258923609,0.3934936252004669,0.23082739148572673,-0.49537172202583624,0.21738368912904055,6081,-7.811272302891381,3.5133947461933683,-14.520379934352103,3.322791459296275,6080
Lecheria,2020,4,0.4961023972589448,0.261991666531707,0.40695508843033873,0.24362903852014983,-0.454420575028861,0.19897948394232454,6081,-7.912357402593087,3.533108470354394,-14.608319209567039,3.2702995783426454,6077
Lecheria,2020,5,0.5103616314305908,0.2517389438199029,0.39636047254081647,0.2367611155093152,-0.44707543151730406,0.19944045596918664,5986,-6.870485988587279,3.4802217268361493,-13.465593163523957,3.08419320475595,6081
Lecheria,2020,6,0.5387219152018969,0.2896685397871608,0.40474114639660624,0.28917237605261187,-0.4739009575035164,0.2350352666232873,6081,-7.183745338864585,3.391068895923847,-14.569374464125405,3.655821899770628,6080
Lecheria,2020,7,0.5548157973918656,0.25355645192051,0.4837616798415723,0.24511246370363457,-0.48421924076923833,0.1957343411866167,4593,-7.2883575664367255,3.0721525861199046,-13.366741548089433,3.585464439668614,6073
Lecheria,2020,8,0.5272433650319346,0.22820245870033304,0.491656312245425,0.23622602236444298,-0.47647407596930924,0.18648932380311817,1650,-7.388343454581582,3.6713291827826553,-13.902973080049604,3.3153788800969632,6077
Lecheria,2020,9,0.5215051827613101,0.19565446609243084,0.5481559813291514,0.23734248758710777,-0.43947642807096643,0.15524694572268383,3942,-7.136299520822403,3.132067007344806,-12.796041553384429,3.239480841805041,6071
Lecheria,2020,10,0.5323344116446977,0.2606284667518806,0.3719624315386864,0.2361866102782001,-0.48156516313541936,0.20446471915790285,6081,-5.403140524313413,3.5149111795732613,-12.366541788376605,3.1553427817336495,6079
Lecheria,2020,11,0.43096239844622886,0.17480042344097804,0.4284798006660173,0.18557416367681068,-0.3272648637907374,0.1609172353518225,378,-6.865425142421457,3.6276042161652637,-14.196205217539344,4.074473933199161,6075
Lecheria,2020,12,0.4509558516646081,0.2926592752728308,0.327594364583654,0.2323851052940896,-0.4360187266502697,0.25237302497065683,2256,-7.270928957785023,4.039848164760115,-14.895935927693857,4.525882854170894,6065
Lecheria,2021,1,0.16343581570046287,0.02397202728607806,0.13128253657902988,0.025501579716164086,-0.14209250999348505,0.021452218037287786,14,-7.168224735809352,3.593047231768114,-15.078690097525326,4.259272794346115,6078
Lecheria,2021,2,0.5757429891280456,0.2868051861992773,0.40150932991152544,0.2420071247889945,-0.5043180499189017,0.2540838565109421,6081,-6.962879874517235,4.412830331007628,-14.06541413056123,4.0445243588350035,6068
Lecheria,2021,3,0.0920359343290329,0.0068464502692222595,0.22982320934534073,0.010601215064525604,-0.09593754634261131,0.007761407643556595,2,-7.766749300757174,3.723739153035268,-14.718962477116348,3.855154016606651,6057
Lecheria,2021,4,0.3605190796025713,0.2373401352215547,0.39091699441399325,0.2578868869708761,-0.2721640799886659,0.23088133736839048,109,-7.438993870822484,3.877685784896518,-14.380383367145528,3.677092271019536,6060
Lecheria,2021,5,0.5130661606784348,0.2667430671450648,0.4256756093207757,0.2516349044570983,-0.4662014771916648,0.21392348436053388,6081,-7.6324852770677145,3.830333651168063,-14.541104545922236,3.6787234493072147,6059
Lecheria,2021,6,,,,,,,0,-6.912605555418671,3.5905998678057256,-13.930149702516792,3.7280057734310867,6053
Lecheria,2021,7,,,,,,,0,-6.566065318048794,3.7129076915956416,-14.104668721300738,4.070945028400369,6056
Lecheria,2021,8,0.39197966413225366,0.2062199686904112,0.3812070682046728,0.22502974451570937,-0.33441702490196107,0.16502506161454697,958,-7.652326736890091,3.2337675033592657,-13.672793285344037,3.785000971835423,6051
Lecheria,2021,9,0.6154271644484147,0.29565485775639844,0.46145583958177866,0.24762319272865663,-0.5391186571110448,0.24488590801238883,5882,-7.3588191624818435,3.6073962688039862,-14.018139027940498,3.5772265278271447,6065
Lecheria,2021,10,0.5534389912408001,0.2702012629848462,0.40371525114647555,0.24313863686413026,-0.5046107924022517,0.21106266043789465,5710,-6.999085391862855,2.8504187217846417,-12.929404705319213,3.620060134479392,6046
Lecheria,2021,11,0.35839860616115876,0.2518654074757992,0.25985466784574124,0.20248976546219427,-0.36509639559395224,0.21918560074424046,274,-6.361250779013992,3.562412212368297,-13.238264745121601,3.3994105158252395,6066
Lecheria,2021,12,0.5788597737065505,0.3006779777430763,0.42975182167562825,0.2635180757324423,-0.5264470077968575,0.24708470240213354,4167,-7.463963141944327,3.062613518196362,-13.797524648834846,4.281788615811687,6052
Lecheria,2022,1,,,,,,,0,-7.66834120351792,3.4086369202271958,-14.004458957113975,4.2890996688111445,6040
Lecheria,2022,2,0.6062035869323069,0.2635331029297017,0.4899952716804108,0.24942703703317196,-0.5151768785269913,0.2181894108768242,4845,-7.464755074140134,2.9891784876690637,-13.37960975654879,3.6661417198235817,6061
Lecheria,2022,3,0.5938546334806775,0.3043286354567917,0.46954537881588976,0.28095369359750144,-0.5289327288228919,0.2445929433817509,6081,-7.9477839743296395,2.998516597674689,-13.56554427275801,3.7878500019971626,6059
Lecheria,2022,4,0.5445862665635518,0.23431989350365523,0.48283869172989097,0.24996799137935855,-0.4776856129605606,0.1729715918897181,5929,-6.949854252006741,2.932977806312438,-12.701498735340401,3.5621694809321864,6054
Lecheria,2022,5,0.5913499127734627,0.27443748149656916,0.46770172314839303,0.25181017497703173,-0.5167266913093431,0.22109085046633842,6081,-7.0807044774859875,2.896491954774373,-12.835188775998098,3.3563055126545622,6062
Lecheria,2022,6,,,,,,,0,-6.853312938632816,3.2112188526606786,-13.343403754496768,4.240405185944443,6061
Lecheria,2022,7,0.5377018820191733,0.24114402963309692,0.5361460564564916,0.29052013941894667,-0.462560260310129,0.18642784661479886,200,-6.638525511966991,3.204551334171034,-13.067897706196765,3.9576866996726303,6064
Lecheria,2022,8,0.4469481595429461,0.1932769144191874,0.4241926495799145,0.20962928061849337,-0.40370511434491885,0.15542732476638302,442,-7.514861749526611,2.991663321333322,-13.304322511022942,3.6190394515145528,6054
Lecheria,2022,9,0.4986902830794095,0.21275444086756926,0.43688638102092775,0.3007358821363724,-0.445132698051446,0.16632425821697358,3213,-7.098599660445142,3.3394553980367507,-12.757484898049983,3.4083215342148185,6049
Lecheria,2022,10,,,,,,,0,-6.2971377068833965,2.791058087242734,-12.293645238213173,3.359392695043541,6057
Lecheria,2022,11,,,,,,,0,-5.9109811378396895,3.1426300387266535,-11.95871049450029,3.620559897970156,6055
Lecheria,2022,12,0.5093219595084926,0.2949962754597872,0.3635630863674552,0.31264465355302373,-0.45279301377506337,0.24465036124152617,6081,-7.502280497334101,2.875338957210688,-13.555247651812378,4.089729321246644,6074
Lecheria,2023,1,0.544889224735909,0.2612965069826389,0.4056410503975559,0.25821633844142455,-0.4952808894901775,0.2022722947420723,3140,-7.676737725287083,3.013915602780445,-13.794702613967093,4.348988103503392,6069
Lecheria,2023,2,,,,,,,0,-7.700042980231761,3.4308628667144423,-13.542550516837274,3.84283276338148,6050
Lecheria,2023,3,0.4111176867816215,0.2114701676476541,0.3449481914615461,0.19263367432071743,-0.3902668125436814,0.16527914996383145,4281,-8.079180805606523,3.145329640560933,-13.642264199705892,3.8493197391712806,6040
Lecheria,2023,4,0.5332526951669331,0.26060072684325936,0.4562073282467908,0.2525167092076588,-0.48706613585084013,0.20119676407802028,6081,-7.894908984007962,3.102036474509209,-13.62386799542619,3.9838104639460106,6050
Lecheria,2023,5,0.538405686281591,0.26832649500696043,0.4719431837663639,0.274835405865145,-0.4691366486291475,0.22035112672536628,6081,-7.601280258072243,3.1426397898313874,-13.320556112187887,3.7907143457395738,6037
Lecheria,2023,6,0.5458589587335765,0.28163781178334635,0.47263009614972623,0.2858473039798686,-0.46448769583551197,0.2395100871208765,6081,-7.621871821651325,3.1371410388949075,-13.756467733966506,4.097436368512645,6056
Lecheria,2023,7,,,,,,,0,-7.047544774116192,3.2012124120808467,-13.114022180175436,3.957806945696829,6058
Lecheria,2023,8,0.24327005951149425,0.2765768157904804,0.48342437656904536,0.5712258129436419,-0.11045043505460242,0.2787087430984085,139,-7.589998104693387,3.4726433972694055,-13.394529630656582,3.8458266781105293,6065
Lecheria,2023,9,0.5937238833278652,0.36487676979740824,0.4583836921667435,0.4662488917816351,-0.5295692755335942,0.3097984300827141,6081,-7.003236514535737,3.275726163385992,-12.767971364874564,3.4595439192012742,6049
Lecheria,2023,10,0.39210886728405653,0.1457485823123953,0.3523355596782716,0.1509266703223953,-0.35561603470777886,0.11735415527181854,4496,-6.484237171016009,3.2869555403535835,-12.297574219065956,3.5537277761248536,6059
Lecheria,2023,11,4.083517059269874e-05,0.016953337614434877,0.00013636641152617096,0.016802392977750224,0.09506567153665754,0.013370786868071846,9,-6.7868008285546235,3.2230593735858535,-12.510874750774704,3.7919412015626546,6075
Lecheria,2023,12,0.562509897991854,0.28119611168371644,0.42924030460786355,0.24452648840297814,-0.49770164164757213,0.22963327834788017,4171,-6.943567569413862,3.4092794375922373,-13.128271537719446,4.244121537186515,6058
Lecheria,2024,1,0.6061782108745255,0.2345100073576446,0.49140757050375306,0.22158434074033173,-0.5381072517275091,0.19222463321123892,3876,-7.244961377626284,2.8404451369857022,-13.276678347623525,3.820307269657004,6076
Lecheria,2024,2,0.5931947585421218,0.2827230250356984,0.43675191432332017,0.2360629172297325,-0.5416921431931109,0.2204581895967645,6081,-7.750172810557963,3.0600137138802497,-13.437413386451832,3.8237647308164715,6056
Lecheria,2024,3,0.5112177041146558,0.266998628029185,0.40941477666349213,0.24399425378454456,-0.46663248125371776,0.1988746372237637,5571,-7.95566915242899,3.1280406823553304,-13.266632879178937,3.5794237062979266,6079
Lecheria,2024,4,0.5002549351014949,0.2912964204512248,0.4038167944580749,0.2635488006989466,-0.4842785962990981,0.22605181914794692,6071,-7.980988426330611,3.242091225628703,-13.803169612614818,3.907918370011136,6055
Lecheria,2024,5,,,,,,,0,-7.743918815252386,3.0906379244900655,-13.588128421987095,3.7256663767850453,6077
Lecheria,2024,6,0.6414971500391646,0.2468805359056506,0.6780827533170306,0.29241676557959767,-0.5308665505062325,0.22072723190258925,2486,-7.484272919423561,3.1759651334784444,-13.46974669829748,3.8952674170640034,6081
Lecheria,2024,7,0.5456352640282022,0.12499863852081892,0.565502753989263,0.18375183770725198,-0.43376978876238514,0.11356974311620122,88,-6.806958382713745,3.8597359322995506,-13.836737750205522,3.7271193715857787,6053
Lecheria,2024,8,0.23876681423993126,0.10669457310556979,0.25670245042716955,0.11032335037551756,-0.23110241917133026,0.09485080117045014,196,-7.16755882561227,3.3477110796659653,-12.647199501579191,3.4884502238102963,6078
Lecheria,2024,9,0.015727472212165597,0.06192013142327328,0.04752290174365044,0.2773571010837903,0.00231288131326437,0.058294630495897296,10,-7.251710313700246,3.21290299530841,-13.052749347131636,3.6031867374456144,6061
Lecheria,2024,10,0.5470616459850686,0.317621246924749,0.45823094384332086,2.275601277909038,-0.49627186379031896,0.26816739434663955,6081,-7.158909936780305,3.506904942402689,-13.084377010429652,3.9980674498256725,6068
Lecheria,2024,11,0.4146030805486039,0.25766239126226625,0.3081590187418871,0.2220995202978852,-0.40266916854894386,0.215641328403585,332,-7.4028892549201855,3.1886307573924944,-13.277612841393351,3.976181495773688,6051
Lecheria,2024,12,0.19972107975959105,0.10310403567439604,0.19018795630054278,0.10078076438538523,-0.15024634414649765,0.0959992125727086,307,-6.940790735114549,3.4127095898965516,-12.99488568386196,4.11059313677556,6074
Lecheria,2025,1,0.5731045388918348,0.263602749850081,0.46866803310656163,0.24985101891607772,-0.5106502543450552,0.2259374932213533,3663,-6.993809159685179,3.180741118403126,-13.20838945299047,3.997247893988662,6053
Lecheria,2025,2,0.5725991444861444,0.23853751181491412,0.5160759746906516,0.21937147746874444,-0.4978263090036677,0.192799414736399,5742,-7.619861990256187,3.0716708951882965,-13.415451262136408,3.7077221681705748,6072
Lecheria,2025,3,0.5786496816013892,0.2899294277208383,0.4596257422650446,0.256645957553628,-0.5230365132653533,0.23150736266068767,6081,-7.55495744065355,3.0753600561782,-13.329140101994048,3.63866736973716,6063
Lecheria,2025,4,0.5106742008177421,0.25352313856388997,0.45523392493876874,0.25592442777193936,-0.47810265476185415,0.19553516802622614,6081,-8.148423763365178,3.754274642632936,-15.025634764034839,3.513881772509528,6077
Lecheria,2025,5,0.4550135592907347,0.2504076352576481,0.4616065402612247,0.2880104249212281,-0.41153480578948753,0.19952940589924958,1212,-7.486179059024602,3.3347563191420955,-13.1935981404736,3.6076329822188224,6070
Lecheria,2025,6,,,,,,,0,-7.209953463710746,4.865072469542652,-14.249569172797761,4.39849196722875,6081
Lecheria,2025,7,,,,,,,,-6.749743358864571,4.084036278966138,-14.17087256196724,4.5400516631148315,6074
Lecheria,2025,8,0.5739044988600125,0.2724363216716383,0.516702619869213,0.29395166117196425,-0.4950763398484046,0.2234988212120888,4690,-7.215564858698657,3.9880672780241837,-13.113284292881591,3.8253599421643827,6081
Lecheria,2025,9,0.5899881552135516,0.282048250559037,0.4824574595690688,0.2500356647590606,-0.5025201986092894,0.2453417919053389,6081,-6.471172403363443,4.218089424688652,-13.036973364387405,3.6680009468778763,6080
Lecheria,2025,10,,,,,,,0,-7.067850712566476,3.6740038758417946,-12.826871031036767,3.696327404282285,6077
Lecheria,2025,11,0.5532620772656405,0.3282303083773444,0.42130480064798836,0.2669006762055288,-0.4855566701083631,0.277764062796145,4400,-6.970051793693964,3.8968537427391676,-14.096619089114355,3.957626429670017,6074
Lingga,2020,1,0.4627084741269504,0.26182938921411286,0.279728966176373,0.23484156836427755,-0.42294245430456395,0.21120836985641725,2536,-7.614436880766711,3.4152124107156614,-15.627413652669475,5.074909287411147,2531
Lingga,2020,2,0.5363783812727319,0.23192874751859788,0.41752148751895124,0.227565937116883,-0.4624726644780549,0.17753044989191707,1866,-8.070236262144197,3.468897274211112,-15.468337078113276,4.196226284409573,2535
Lingga,2020,3,0.6469170415714032,0.2776330535758889,0.499039026889417,0.2362664366574603,-0.5732299900218574,0.201527839473889,2536,-8.156082620814843,3.3156535236080322,-14.871088896761199,3.521275848006928,2534
Lingga,2020,4,0.5514054058415013,0.2681175088444429,0.47155586667889327,0.26900336319460455,-0.4906333788588506,0.19516168792137123,2536,-8.28162345707458,3.5155180072903303,-14.695737253420448,3.6770691030235536,2535
Lingga,2020,5,0.5185721861955405,0.2781810067356278,0.38918455473909513,0.2793973417901426,-0.45744233476609947,0.21272288629104727,2536,-7.086219105331521,3.1218897499322313,-13.563463330080838,3.228254620316913,2536
Lingga,2020,6,0.5794114933742669,0.27743665450413885,0.43187975751082086,0.28344636429667525,-0.5156613948714752,0.20099514178931915,2536,-7.380660868239372,3.2344196390454436,-14.221800199313185,3.538185524520222,2536
Lingga,2020,7,0.4667067705829201,0.23632037611966644,0.44373069975951995,0.27166031403116914,-0.41217107054428215,0.1711835653513236,600,-7.396403495646179,3.6861666398714346,-14.721744708825963,4.586719935267271,2527
Lingga,2020,8,0.4696440865206045,0.25666637000718073,0.41728518663266256,0.2560675020985292,-0.43789779713945176,0.18567007476363523,1140,-7.345888186729272,3.3418781422966735,-14.17301779687995,3.639711269513641,2535
Lingga,2020,9,0.531743261964764,0.22504461218033744,0.5112303321856139,0.2543163894021044,-0.4433730039210554,0.16821323075268652,2511,-7.022428585829695,3.4139255439082152,-13.304965889616835,3.144794789117504,2533
Lingga,2020,10,0.5722149457563626,0.25584320194200805,0.3805708626151679,0.2279181575556201,-0.4981365585802047,0.18566205818079537,2536,-5.952350806615288,3.071226337553725,-12.680488268330647,3.014547654338867,2536
Lingga,2020,11,,,,,,,0,-8.297306973236141,4.357006016315974,-16.786236579469133,6.077983105522038,2527
Lingga,2020,12,0.2850314657833573,0.28070257763751694,0.19185431488223295,0.18634560343604714,-0.3224117096633385,0.252148410688152,606,-9.182123370295722,5.110541344087223,-16.724639959665822,6.131413243000442,2525
Lingga,2021,1,,,,,,,0,-8.59917960191781,4.123462379651745,-17.24945898045505,6.042354686939315,2521
Lingga,2021,2,0.4350909279429501,0.27524956983437204,0.2790897264624475,0.25836244032005823,-0.3761796132795074,0.24509042551961224,2536,-8.874905686708397,5.540631385150254,-16.416671712957573,5.883004187769799,2529
Lingga,2021,3,,,,,,,0,-8.142918561599318,3.437395704584739,-15.85243731960003,4.655641016872578,2514
Lingga,2021,4,,,,,,,0,-8.451470828824462,3.9195754556388778,-14.940643736419473,4.241139878979257,2518
Lingga,2021,5,0.5563069516957231,0.2679725541840754,0.48123023577179863,0.26137775664158874,-0.5071638033131118,0.20518736470354976,2536,-8.401235018848169,3.9758693818632582,-14.857786184417451,4.068235930563583,2531
Lingga,2021,6,0.47512845108763135,0.26959153212114306,0.4712588041304397,0.28980219081262565,-0.4017558443906288,0.21966816566851083,156,-6.780767408226905,3.4345344573869387,-13.81436230568342,3.7605350443745396,2527
Lingga,2021,7,0.21835280228647053,0.14710201378788682,0.4648477186143784,1.63013880947434,-0.22385182527118713,0.08639260849813592,29,-7.815417567659292,4.450861848842944,-15.880654176005361,6.008543109880225,2523
Lingga,2021,8,,,,,,,0,-7.906409458467266,4.299852459075418,-15.24092299591495,4.973049508294579,2510
Lingga,2021,9,0.5923834705242113,0.3515545634011833,0.4121028329988655,0.2712371096732275,-0.49981523561823965,0.311651387151921,2536,-8.075240475970848,4.117095081957329,-15.175188653925037,4.895729464066615,2510
Lingga,2021,10,0.5550241452057972,0.32984185863086646,0.42155078514829747,0.28246099702703287,-0.48924970820431174,0.2689726183442821,2536,-6.986919958959228,3.779004066316788,-14.23608890335435,4.729724123470505,2502
Lingga,2021,11,0.2917759312182817,0.17886303792476752,0.20655395328952303,0.14392244224212244,-0.319263568403174,0.1402572209654816,292,-6.7406624490299185,3.7519737434789335,-13.563448196692082,4.363446123527303,2522
Lingga,2021,12,0.42832044549553266,0.3137792575940899,0.28901121410067454,0.2665050840680404,-0.41530163010662424,0.26185607464814586,2041,-7.876604801769637,4.126885978919213,-15.40352848631429,4.846032669253566,2509
Lingga,2022,1,,,,,,,0,-7.902153409004909,4.307643527960585,-15.91197618581189,5.142066526058019,2487
Lingga,2022,2,0.5338090381142354,0.2752412133862791,0.3729075103332699,0.24159919245786945,-0.4663320670301619,0.21604671876553835,2536,-7.492874942825722,3.7509568635208694,-14.731782456426238,3.9953899202883445,2521
Lingga,2022,3,0.6427054590862021,0.3120246714316673,0.5213475084866199,0.2623641818941171,-0.5711608012822431,0.24096154242074463,2536,-8.167503049227058,3.7229100069054235,-14.461593376376275,3.794024890237332,2514
Lingga,2022,4,0.5007342283666917,0.23038542160757491,0.44917991720107,0.25070783665862045,-0.4571688279717798,0.15756399789035982,2406,-7.062590627692811,3.65325255101285,-13.334728293743192,3.8241659336373854,2520
Lingga,2022,5,0.5398769637500971,0.2734120181787294,0.39685819680948575,0.2678178399172543,-0.48750894210707735,0.20899467245535072,2536,-6.515321131435532,3.4691824880689746,-13.31502156464761,3.504397560482832,2528
Lingga,2022,6,,,,,,,0,-7.486020758058294,4.258023147830351,-15.379423250057018,5.502435481284331,2506
Lingga,2022,7,0.36176238822707457,0.19431628043777133,0.3945970066541503,0.26270687087677397,-0.3086384103156974,0.1474447865862926,430,-6.707153120095641,3.8372469290962505,-14.244953304906428,4.627875869010396,2528
Lingga,2022,8,,,,,,,0,-7.305158564968291,3.4791150861805025,-13.95418868161581,3.7797209584836184,2521
Lingga,2022,9,,,,,,,0,-7.048844284027183,3.9765676413767856,-13.308121108245407,3.6889074541719666,2522
Lingga,2022,10,,,,,,,0,-6.023303532980316,3.1833052595530518,-13.207761236704116,3.68878493959601,2524
Lingga,2022,11,,,,,,,0,-6.712147674412967,4.468563487057031,-13.669613255196044,4.743681030524423,2507
Lingga,2022,12,0.43245895378290844,0.3316632153471795,0.2991992683646436,0.2652573451645497,-0.3765246150779662,0.2875764336739928,2536,-7.559000928032889,3.8928287912498396,-14.681324475433025,4.750916818054804,2520
Lingga,2023,1,0.46429220498365803,0.27640991411083954,0.34619126741961564,0.2401975549770273,-0.4388542415890237,0.19495254191813333,831,-7.8275780771352546,3.865845354024088,-15.472443315786002,5.49450020547663,2499
Lingga,2023,2,,,,,,,0,-7.986017526732101,4.512213262470052,-15.659895100537875,5.074634804678861,2515
Lingga,2023,3,0.38437840311341304,0.23351569450598522,0.33739427409768297,0.22390399970742864,-0.3744435465934235,0.17149454725593374,1082,-8.105229653862217,3.986213762082204,-14.934707707865188,4.355695625146914,2513
Lingga,2023,4,0.5821156682425288,0.27988172916206927,0.5006598092944273,0.26406277450044435,-0.5222998121116177,0.21261075698834492,2536,-8.656151613138945,4.240518350370373,-14.813045790326019,4.109568752502893,2505
Lingga,2023,5,0.5340490986956219,0.2639157977836173,0.4680429907680761,0.28066170215026376,-0.477799917123764,0.20744319841550904,2536,-7.196673896917492,3.9408221475477023,-13.729822483288308,3.8683820575660404,2526
Lingga,2023,6,0.4738037695885175,0.3044710034314263,0.37262959342606417,0.31235218764218275,-0.4401179026813324,0.24693618163441075,2536,-7.108581712787801,3.774882971236828,-13.92905647693195,3.7417544041757567,2516
Lingga,2023,7,,,,,,,0,-7.666401261365159,4.491863680663006,-15.36477063896595,5.434127139772189,2503
Lingga,2023,8,0.36386508545920027,0.20328308543029366,0.6003856681387822,0.6021817770981922,-0.26446012958314724,0.17473078508286427,1011,-7.528304710573514,4.164051550436035,-14.665036667946453,4.550792854785279,2517
Lingga,2023,9,0.6308983548895813,0.3738679604671621,0.4522522404106538,0.252684785583763,-0.5518460020067221,0.3126001896388845,2536,-7.11977416208971,4.008634025379659,-13.494673699282695,3.6092410189647595,2516
Lingga,2023,10,0.37135719838322406,0.14197399192818552,0.36866750455618663,0.1705482943191607,-0.3388763102522577,0.11083885844781266,1925,-6.359519427048021,3.718886053517869,-12.930758171524145,3.679865539167154,2525
Lingga,2023,11,0.013199795357650146,0.030633597241163237,0.014466383552644404,0.03161207241140108,0.06859395978972316,0.021499701766772367,8,-6.233113381284844,3.4689008930605,-13.130072048219374,3.5529589055299002,2532
Lingga,2023,12,0.48548987940541455,0.3386522871383206,0.3858033797405093,0.2864803148484791,-0.4477719163373619,0.27593665343256274,1179,-7.474767064213946,4.224420214570718,-14.666991071403311,5.029492542893959,2497
Lingga,2024,1,0.4762313919642608,0.28980468331924714,0.38346656112965866,0.27477509204010697,-0.44350942195375126,0.23332274197001604,1491,-7.387789582857446,3.6738840486468196,-14.880370137796124,4.444125989929014,2533
Lingga,2024,2,0.6067863210117632,0.2914633002983432,0.4422568934629641,0.24506787528366764,-0.5461298669914434,0.22278241846011396,2534,-7.657558000308038,3.766969731300587,-14.31704887476083,4.111856464127633,2523
Lingga,2024,3,0.5813070663815418,0.27453862773354265,0.4718250203879834,0.2467400529895565,-0.5071653075042893,0.19903858912090983,2304,-8.056040442230898,3.6850411972892116,-14.114197730735919,3.5047162921607957,2535
Lingga,2024,4,0.4899647202070207,0.2801198344352365,0.40342893753650094,0.2690289092083084,-0.48965538131374287,0.196624652903736,2536,-7.380000193874549,3.4806244367033443,-14.225132805425163,3.5395946426546914,2517
Lingga,2024,5,,,,,,,0,-7.1279267645574915,3.3862424920708953,-14.021713981359307,3.5381876435342536,2535
Lingga,2024,6,0.6407276320751921,0.16704631192789654,0.6295782591421916,0.19445949792076908,-0.5261178671849996,0.14728747167427866,711,-7.094202096089619,3.551510838522619,-14.08062120975941,3.8147103623823964,2536
Lingga,2024,7,0.3975032262549672,0.16876701318770085,0.36619895227845833,0.18858631728427783,-0.31631967063070443,0.1312285283056336,327,-7.085069818929923,3.8887489865663003,-14.66575996192812,4.740916672191273,2524
Lingga,2024,8,,,,,,,0,-7.161548499081682,3.89218393516673,-13.285756584760938,3.333601812862925,2535
Lingga,2024,9,0.29942855735619867,0.21179398678488687,0.22579796363910037,0.16070394817441883,-0.32723919798930484,0.1937668412204466,3,-6.759975042897706,4.183956007591235,-14.509070864310365,4.2445527916801655,2524
Lingga,2024,10,0.5526788065004713,0.3098541501353841,0.4003410764748684,0.2783430262981839,-0.48523011317032994,0.25701376514018587,2536,-8.85596072696574,5.997496429167914,-16.246693375480593,6.220973645716992,2478
Lingga,2024,11,0.4877971671521663,0.40681972164166685,0.43663357850164175,0.3216266377455348,-0.3827680144459009,0.3922339221627616,16,-7.991381242990433,4.726182366839352,-14.838297832057174,4.998626113313719,2517
Lingga,2024,12,0.058874838054180145,0.0,0.03054160438477993,0.0,-0.09814563393592834,0.0,1,-8.734678661745486,5.743660005728445,-15.725857021638124,5.724329226254022,2531
Lingga,2025,1,0.38682540246713526,0.22747282652331435,0.2755573197639853,0.2191856556347865,-0.3592351491350829,0.17117806830294877,1038,-8.125529038068464,4.977244516210846,-15.937562586161913,6.235474875442623,2505
Lingga,2025,2,0.49176009860915515,0.29336470754211225,0.3953080111689495,0.2717261742389974,-0.433563846664533,0.23787023891353046,1972,-7.6022883117489926,3.9466896765731625,-15.157100143310487,5.039712735246799,2523
Lingga,2025,3,0.5292892800694778,0.30284169480701795,0.39316280959884337,0.26526158158682317,-0.4717714196707836,0.24612567939724816,2536,-7.617485159675188,3.841304340292742,-14.869360787413774,4.518775676679446,2518
Lingga,2025,4,0.5707956223606608,0.2766328648603098,0.5202842964206622,0.28769425918508285,-0.5154968756159171,0.2054701721052313,2534,-8.927669910346726,3.6972393247647033,-15.72119966576423,3.9682987826741227,2533
Lingga,2025,5,0.46237183727546327,0.2937297552610363,0.45432313650161815,0.32552967307307,-0.4340546069016913,0.22159571686362173,1555,-7.2243051501175435,4.090628496957758,-13.547193855774276,3.598033994173135,2526
Lingga,2025,6,,,,,,,0,-7.704974301752124,4.731184781953622,-14.488238248551013,4.860725326761151,2536
Lingga,2025,7,,,,,,,,-9.287124123130827,5.751000454991735,-17.033645252122778,7.040359069204854,2526
Lingga,2025,8,0.48454432910548006,0.40911006430291985,0.49864465466672825,0.3842787403564384,-0.4104686522957787,0.36248289562836655,404,-9.124945654394194,6.637151684573138,-15.762096000869823,5.592203757422693,2535
Lingga,2025,9,0.44936883954398094,0.3656990070434321,0.35117276251162094,0.3121924210330442,-0.3467306934922044,0.3462354920176203,2536,-8.983503879268797,6.006579615440825,-15.28149410077882,5.725482033799897,2534
Lingga,2025,10,,,,,,,0,-8.83075556098993,6.2237452265013635,-15.42312819867758,5.566459585131691,2529
Lingga,2025,11,0.4589361819074424,0.4029118560204755,0.35324397743759717,0.3111482795094563,-0.4084768989739821,0.3560052638293633,1322,-8.718742073883023,5.259068755228644,-16.12565370877084,5.96620291755535,2536
Pansol,2020,1,0.5708416308140751,0.2844854811552795,0.41892781499779286,0.242165085604698,-0.5170321004062903,0.2588918138606348,8089,-6.183806155173926,4.079206977411137,-12.963042880304302,4.0330801888001595,8237
Pansol,2020,2,0.5228441381718671,0.2733799732574474,0.4260834938256565,0.43901348587234623,-0.4686940441563994,0.233639650597957,7164,-6.369025128745213,3.6924685585537453,-13.284079029672023,4.049328899632919,8248
Pansol,2020,3,0.5108380659205801,0.29950117413801475,0.38773602965758874,0.2715012727692398,-0.4845673929436117,0.2576094720438557,8273,-6.432106580333819,3.575313183277158,-13.16640578128696,4.002607069299606,8266
Pansol,2020,4,0.360961171012981,0.32192493344235296,0.35449094281072696,0.2908799082250358,-0.29202934777027995,0.32645675601917035,1082,-6.709249519876601,3.8623598484341963,-13.402282185005781,3.932719879656855,8263
Pansol,2020,5,0.5457051991863524,0.2894620078472718,0.46678389764004485,0.29246119094788303,-0.48080499745537525,0.24141591437066473,7625,-5.990249068930282,4.140260611806473,-12.400272286848928,3.739694947240575,8268
Pansol,2020,6,0.5736750217806421,0.3033109340893375,0.47491053250355864,0.33323311476183853,-0.5213422391702179,0.25052506999261076,8159,-6.3506651127459035,3.5635504148428794,-13.12188755058561,3.7990205819735987,8264
Pansol,2020,7,0.5142099764978812,0.24461104298726025,0.5409236594031436,0.30792194545168605,-0.4408805104778594,0.22267411804093082,5608,-5.648107450467173,3.6545955840851776,-12.412300609058715,3.533446561647363,8227
Pansol,2020,8,0.5678665418019313,0.26982998798570806,0.4746626323413634,0.23795432648214476,-0.5132818063470018,0.226570527133666,8019,-6.0374632403626105,3.6705420919865226,-12.688453163699572,3.7974483156359002,8246
Pansol,2020,9,0.5227863368372786,0.2325382611682472,0.5414042138557127,1.0538331172343116,-0.4580734238851922,0.1832207389057442,7989,-6.026856010923485,3.8139903958477364,-12.563835123336451,3.5061252398716616,8247
Pansol,2020,10,0.3304457218615232,0.22079956332188558,0.3065378852659076,0.1697967482042121,-0.28210579651357587,0.21849617084682307,4546,-4.942162838414204,4.092716361686274,-11.861085740509383,3.8765106814366095,8267
Pansol,2020,11,0.3080065827339124,0.10543875841338565,0.36270247915616405,0.19718015831700386,-0.22400390127530467,0.08594230804470229,39,-5.513351731239499,3.5144111521006236,-12.743905803160652,4.089449110401779,8270
Pansol,2020,12,0.610442378320359,0.25172609312466987,0.525929846478844,0.5476786606070883,-0.5523533775712167,0.20183626253615533,2558,-5.871439214233554,4.2961944226043745,-12.891415711969723,4.238323115164122,8256
Pansol,2021,1,-0.01321755224004543,0.02724482594043128,-0.07120617067751785,0.7166741352972406,0.03752814700904612,0.017573022438314677,24,-5.925068045041586,3.6434680796280134,-13.045346950317256,4.233849591512801,8265
Pansol,2021,2,0.5358698530757487,0.34301121664998624,0.40063700846502126,1.6879769256130237,-0.4856894028545645,0.3202006145819378,7716,-5.674431047237637,4.525086104319729,-12.601767415393958,4.220704315508117,8260
Pansol,2021,3,0.7067371784712857,0.192580844801654,0.7035648202502812,0.20090134290550113,-0.621554419640659,0.16461087105658723,269,-6.310621325210191,3.9630619810019656,-13.441825224656931,4.60449395725374,8214
Pansol,2021,4,,,,,,,0,-6.2223800152819315,3.9346255903543246,-13.22631750921664,4.2847689790523855,8217
Pansol,2021,5,0.5108134296900071,0.2849955011583675,0.4290714687912862,0.2881223218603986,-0.4697789228924309,0.24245282912060245,8270,-6.466384710849913,3.963273457203765,-13.419538107121472,4.198024492418528,8219
Pansol,2021,6,0.0941955465823412,0.06564298085868359,0.21531274169683456,0.1192069724202156,-0.0923846885561943,0.07557933777570724,2,-6.088523583916772,3.9606551525795264,-13.045996036513372,4.367865837176159,8218
Pansol,2021,7,0.05304973380164787,0.0764890623968165,-0.06826610757464852,0.18517007644771202,0.03332178581816455,0.04034765093733022,24,-5.390069804195155,3.811193908536399,-12.480268647602797,3.991097007213226,8218
Pansol,2021,8,0.5022009618248151,0.12041239988478186,0.652702432339358,0.20949768590122866,-0.41376698785906374,0.09360014161449275,314,-6.134823120751241,3.95257414760273,-13.088002881084021,4.022012964151621,8203
Pansol,2021,9,0.5731547110188221,0.32716319597829663,0.4804659330083963,0.3012378770140571,-0.5118587958856831,0.2858190432797991,7457,-6.020198252981258,4.11529495271788,-13.067828700133317,4.2670763244864816,8210
Pansol,2021,10,0.5487064037293103,0.32358102850718234,0.46684877126754726,0.3010107273307092,-0.49579801889512515,0.2808734356293297,6314,-6.125518593053839,3.8173863495750964,-12.941116295517386,4.074440599570204,8196
Pansol,2021,11,0.10019027208909392,0.11974071680110139,0.044920682441443205,0.19098368466703822,-0.09183771448442711,0.14032895169190154,8,-5.491232255843086,4.047199014973879,-12.504377812423456,4.282799400966387,8224
Pansol,2021,12,0.471442742655925,0.3586288493630822,0.3559191878116438,0.5295770716898698,-0.43557314638541733,0.34200629515148695,4706,-6.062873963627216,3.89556936862939,-12.988138726267387,4.115410843640316,8224
Pansol,2022,1,0.31170063528683933,0.22750876922290353,0.24043652131492826,0.17358770509582327,-0.2341167176607062,0.2123580825988456,998,-6.353764698984931,4.292575937877777,-13.138165006486322,3.991410214818893,8198
Pansol,2022,2,0.4918534817003318,0.26756750049476624,0.4371312172073358,0.25294089253523444,-0.4477687955600601,0.23836049589433891,8013,-5.753529137999637,3.8726948730466355,-12.54897849715459,3.879465090803793,8234
Pansol,2022,3,0.5296690859557381,0.3314952585467553,0.4303938759825333,0.5543221999404,-0.4880436426810617,0.2942322425747015,7967,-6.2816996110700165,3.7395216322914058,-13.02205805481752,4.018011717836844,8205
Pansol,2022,4,0.523188908849825,0.20048949206954478,0.5004438065212753,0.23447807734611126,-0.4562181197469195,0.154650438792448,1767,-5.6263939130371,3.722973044675964,-12.53678636232119,3.880286406774977,8208
Pansol,2022,5,0.5562003404794229,0.31285786995983567,0.46111711595692234,0.29731638222923534,-0.49458192420181757,0.2747321959516364,7875,-5.6561824319241865,4.068542625839735,-12.671422021658051,3.731653702428817,8205
Pansol,2022,6,,,,,,,0,-5.210308737118245,3.779852398341477,-12.227003431826084,3.9014498121431713,8206
Pansol,2022,7,0.10734936843315761,0.1312780710912222,0.1727078954378764,0.4992424203319543,-0.07864911357561748,0.14895143448437792,3,-5.1549836362598995,3.7655931269049807,-12.026956959119744,3.7239859283455514,8242
Pansol,2022,8,0.5501317279590633,0.2055399467035002,0.5471194599257633,0.23470047854180573,-0.48667932893040033,0.16110342229855718,893,-5.7460897481081465,3.6974263568034007,-12.561161162205284,3.8531847539810538,8222
Pansol,2022,9,0.5653200032906376,0.30364718841305377,0.5209476879714723,0.3532813692907678,-0.49094550146636234,0.2667204877953612,8209,-5.65675912366604,4.008180728924626,-12.441971391613276,3.795800261834324,8207
Pansol,2022,10,0.3495908619269081,0.10177606440517757,0.344397792349691,0.12631823451043103,-0.2992788125639376,0.08072313628789599,23,-5.15860837888981,3.7160735002495993,-11.996345252961524,3.9350538022355104,8214
Pansol,2022,11,,,,,,,0,-5.021954938176348,3.970729801353799,-12.039366243818126,4.0470587605783015,8212
Pansol,2022,12,0.48178620231631747,0.3305871363822775,0.3608623341993511,0.3848681008770576,-0.43835448982172553,0.2886867488427401,6020,-5.9433737636983714,3.55553399932417,-12.796554359842853,3.9795897925648784,8239
Pansol,2023,1,,,,,,,0,-6.098060364631147,3.633160745966771,-12.86254933332413,4.060937840397074,8218
Pansol,2023,2,,,,,,,0,-6.122243738511496,4.374896793035448,-12.789182502224802,4.159765860231324,8219
Pansol,2023,3,0.1348813443328254,0.17423431150031646,0.14250181429088118,0.1753296876949026,-0.0870774478535168,0.16241925810100752,16,-6.349129679952178,3.775022546691908,-12.992639233289704,4.025079983418133,8199
Pansol,2023,4,0.5125142366528608,0.28028547236093887,0.42257565275686015,0.2507815119481831,-0.4763331014471695,0.23369477306951797,8273,-6.153303957476352,3.8189241269455896,-13.000143572052892,4.18975978498112,8193
Pansol,2023,5,0.5456700589799063,0.311417356614155,0.48201394634309874,0.29507769267583556,-0.4825329546289378,0.26850523473486676,8235,-5.978530418039221,3.8470255112922453,-12.805648881720536,4.042715772000723,8174
Pansol,2023,6,0.47420620588792867,0.2748174508201653,0.45890346001377735,0.3307196154824905,-0.4142031820576851,0.24987876814604748,5741,-5.8562229235995344,4.065766026588663,-12.730114124475561,4.065626276275465,8210
Pansol,2023,7,,,,,,,0,-5.235333321770633,3.933889313315924,-12.200082593958877,3.8703061481585124,8207
Pansol,2023,8,0.42357143695433686,0.19914381765351424,0.5484639503491825,0.4954951970544902,-0.34070793233430174,0.19080775351592075,1437,-5.487370642154475,3.9786692334584552,-12.383000241248313,4.0845285082708696,8210
Pansol,2023,9,0.5793224297910778,0.3986072962728627,0.45056911647604836,0.296342059886456,-0.5171192299721477,0.35876779368946854,8273,-5.4372354858496195,3.8648700739941018,-12.393724663684951,3.8398734999062207,8202
Pansol,2023,10,,,,,,,0,-5.143928737632361,4.207545389037857,-12.016392296263184,3.8963091528255562,8229
Pansol,2023,11,0.3884752507848912,0.21901279292391723,0.3873393610837949,0.23060009386718328,-0.3041528226605739,0.2085053929690918,830,-5.611600706247998,3.9682431633889,-12.277184946987608,3.9463839767358184,8255
Pansol,2023,12,0.4157512899501986,0.3982938636758544,0.37569364605959976,0.2987096209173854,-0.35799596523479493,0.38474074665185454,2096,-5.488355868334163,3.9834691382248346,-12.289692163871493,4.156578538487179,8205
Pansol,2024,1,0.4050947933148544,0.3546138808793258,0.3360916288891885,0.2707690432506864,-0.37168635537533357,0.33494870311134556,2218,-5.924085376529145,3.561263470687206,-12.709289757582852,3.8576611195542063,8261
Pansol,2024,2,0.548637759058089,0.30464276068769,0.3953919691993978,0.2777564271905369,-0.5226790141120359,0.25730125676397175,8273,-6.047480853145121,3.770586502400539,-12.782211935600724,3.9798199160586276,8214
Pansol,2024,3,0.42857843525362976,0.2788838543606704,0.36173182813596555,0.46119295619160317,-0.3935037078596145,0.24542240340436228,5866,-6.296837064800587,3.981403495658946,-12.742638921789654,3.753347806613117,8258
Pansol,2024,4,0.4644399917764128,0.3041949710281789,0.36540440251335554,0.2821534072907249,-0.4528766958030775,0.26449021873496925,8273,-6.1620547702198945,3.8210445845059944,-12.939184458169999,3.9819372545881575,8189
Pansol,2024,5,,,,,,,0,-6.200265138218707,3.845457999719453,-12.833170609610633,3.943365835912004,8261
Pansol,2024,6,0.5071167650883445,0.2783458596726313,0.5195899306642058,0.28980037938106373,-0.39932423178088344,0.2869662531697424,1277,-5.629359502225957,3.8887175264454106,-12.369017889310658,3.5805916758874914,8263
Pansol,2024,7,0.46126687046535025,0.20151182051649438,0.41995148770162716,0.20933394589663556,-0.40312260793846133,0.1666282409936042,6603,-5.410547988865866,4.0356868327203586,-12.478780002514394,4.122680846942796,8184
Pansol,2024,8,0.4910823339260903,0.22581030670793054,0.5001078787579395,0.27178013391411515,-0.42860933574385374,0.1913310161959731,6660,-5.160370029307452,3.7183514641143494,-11.95831526832114,3.704292265320147,8268
Pansol,2024,9,0.07414056609074275,0.2738079432959054,0.1823555330435435,0.06664713758323332,0.11551889777183533,0.3409448386588858,3,-5.665694611667114,3.994532442045009,-12.762795718208272,3.967479313843912,8222
Pansol,2024,10,0.5714634177624185,0.3669428773491891,0.4742464546809551,0.2984342731141631,-0.5087322917539373,0.33755727748630643,7741,-5.595858279704903,4.216953049721912,-12.335003130581837,4.054107538525698,8241
Pansol,2024,11,0.5717600506619963,0.251810041208917,0.47372982794534163,0.2100714253986557,-0.5149670405236562,0.22073918213844773,194,-5.9662643289683395,3.926603540703239,-12.751630600278837,4.238542011575189,8216
Pansol,2024,12,,,,,,,0,-5.146599116901067,4.095225830517674,-11.960264961769518,3.92361673652987,8267
Pansol,2025,1,0.4205724484803204,0.24966205923480134,0.3327522607316933,0.5385478225577882,-0.3822687215674585,0.23505654191147832,5023,-5.368422278531015,4.012272041635575,-12.193202006915199,4.041799958365489,8217
Pansol,2025,2,0.5022476909461311,0.30657412391624383,0.4209294515293445,0.3219672709241964,-0.4541527198421958,0.26029499914813525,6232,-5.939279030728809,3.972876285671041,-12.557206714754109,4.059583446035745,8249
Pansol,2025,3,0.5152092544453705,0.3211715373733229,0.410877655462753,0.4843111990639084,-0.48138765157208113,0.27572142710912584,7898,-5.796245161639452,3.827402322441279,-12.702790767978556,4.115446991935039,8224
Pansol,2025,4,0.48540448463852154,0.2710563195100698,0.403009240825078,2.6467818567368067,-0.44901068761233937,0.23195065993525704,4426,-6.761701287698339,4.000338420558316,-13.939556415821665,4.324952587179772,8265
Pansol,2025,5,-0.04251989040640183,0.031189610576956343,0.5864645129593554,4.151774260500378,0.07247119899839162,0.01971079592734715,80,-6.158468490255259,4.335608637271191,-12.792724275448547,3.9704544440906093,8253
Pansol,2025,6,,,,,,,0,-5.328311039131663,4.6645071848916375,-12.220228999698861,4.0343962843436785,8269
Pansol,2025,7,,,,,,,,-5.876814280160676,4.412572957789868,-12.937387553031476,4.629421281736702,8264
Pansol,2025,8,,,,,,,0,-5.718699255627522,4.80917239683231,-12.557489307662133,4.20888551935878,8272
Pansol,2025,9,0.5386025627518078,0.33762969426361444,0.4613786999495752,0.3892320009533599,-0.4612287809601104,0.3154198159266672,8269,-5.577565405181337,5.1106468698772165,-12.38816594566572,4.4085852133674415,8271
Pansol,2025,10,,,,,,,0,-6.080830620315771,4.985792419187129,-12.854041043763067,4.41187129783829,8265
Pansol,2025,11,0.5298279185312169,0.3536840037028029,0.41343018336387055,0.30371503752969153,-0.4709494408478166,0.31864441014583794,7537,-5.87503048765763,4.430596216522972,-12.96734194945367,4.521379456054887,8268
Parian,2020,1,0.45661660488591566,0.28012572445724615,0.2963297365598443,0.2079724430869245,-0.45543844589148214,0.21593095284683161,4826,-5.175880308386725,3.3794153223364063,-11.17195476911818,3.604782938215006,4826
Parian,2020,2,0.47189717604216763,0.2557894669221412,0.33479838382225047,0.2075211049311578,-0.4706232719356015,0.2010882114025628,2401,-5.573941666611188,3.531544520501222,-11.550281552103847,3.720220768872503,4826
Parian,2020,3,0.3866671785268626,0.2611657195904341,0.25995288093670554,0.20135239344893638,-0.41245338389648994,0.20463900892443207,4826,-5.568454499592848,3.584230067261342,-11.550285529371536,3.7151930885558735,4826
Parian,2020,4,0.36279583057501713,0.2390188186582035,0.2845598430492207,0.20316990477971864,-0.3671855475645693,0.19072502167600083,3817,-5.684505270848245,3.6360446180769674,-11.68540064064138,3.76831133148489,4826
Parian,2020,5,0.411923067058309,0.2875741910713256,0.310644238210955,0.23205223888646978,-0.4047861606651804,0.22073346003028751,4826,-5.087400579252114,3.5475813327768817,-10.967437355478465,3.6429228386535217,4826
Parian,2020,6,0.4577048334711416,0.31229713370052264,0.3504999598847081,0.26521202575324676,-0.4528485619669343,0.24017263654914056,4826,-5.240749863850094,3.410121400142845,-11.255697365200977,3.6486595823145853,4826
Parian,2020,7,0.4144612333917791,0.28686224279450445,0.3733969134593441,0.28104286694823505,-0.39661059216263006,0.2209837504526486,2585,-4.9117202012795,3.009523244546871,-10.712660346972166,3.232321791836632,4826
Parian,2020,8,,,,,,,0,-4.909902896750415,3.3281027075767216,-10.99946746297902,3.4969033274801005,4826
Parian,2020,9,0.4587343648493054,0.292860360970414,0.41301831906371966,0.29070742802738103,-0.4316314915509807,0.2382015703168608,3480,-5.114483796161885,3.0029972890145236,-10.832577519083284,3.235567699996689,4826
Parian,2020,10,0.4407344566699821,0.298231669009235,0.30267620847596394,0.22142740704864639,-0.43851937373088656,0.23382582169398577,4826,-3.595663717284626,3.4073671085838333,-10.096957882561373,3.2834944936395467,4826
Parian,2020,11,,,,,,,0,-4.774548563871164,3.4735526653837367,-10.945671762340206,3.560184820608982,4826
Parian,2020,12,0.4724584851426551,0.2974584723284104,0.31168352877048294,0.22675527429525466,-0.47268789869588357,0.2308084433713426,4769,-4.973828417225653,3.5432184303918164,-11.16028422798274,3.601863378481414,4826
Parian,2021,1,0.39766647687903817,0.16615704259623243,0.36354750098848837,0.18037245002640848,-0.36200357914296843,0.13628238848543395,1326,-5.083507648959404,3.483065972382325,-11.220024941208859,3.593115092188237,4826
Parian,2021,2,0.4500473371234311,0.2888920029195147,0.31486136190646613,0.22963690492802522,-0.45578564851192316,0.2213195797523912,4803,-4.471081428806287,3.468408169951421,-10.84516809866375,3.4786039528322252,4826
Parian,2021,3,0.0330451259921704,0.07927059005643257,0.03817912457244737,0.13695995703229527,-0.03438320257035749,0.08454901461698043,7,-5.369714251316059,3.569469879915134,-11.294179550018146,3.711445550817703,4826
Parian,2021,4,,,,,,,0,-5.258640051056527,3.500323826284482,-11.367710021835101,3.739056810705447,4826
Parian,2021,5,0.36501524603529284,0.24172547332503205,0.27604791069065293,0.1964900747065462,-0.3825373969436744,0.1871561007128655,4826,-5.48876854040657,3.5986076700847516,-11.440136445685466,3.7152268492600578,4826
Parian,2021,6,,,,,,,0,-5.07303726105862,3.4396424223808575,-11.179015405165005,3.638483742965459,4826
Parian,2021,7,0.4832640940004845,0.21868481506857418,0.6353328887158672,4.772025991592445,-0.43318298560148616,0.1626732062561452,1247,-4.493980211691098,3.4348073087838054,-10.682809368370286,3.536820912855807,4826
Parian,2021,8,0.3322357676004646,0.18156274356936905,0.36346951503962377,0.4219038304471529,-0.3157184123132529,0.1424276776430492,3682,-5.444081423270482,3.2007092208573353,-11.148571767691072,3.5260514884925684,4826
Parian,2021,9,0.4508507158429826,0.30576440646094977,0.32652370682171494,0.24413157022729018,-0.453471821124961,0.23520449767711674,4826,-5.16869210442964,3.4763538355886765,-11.328912460460772,3.686221698041435,4826
Parian,2021,10,0.43448786805174444,0.2620614243220355,0.34146459514067334,0.2365492937953493,-0.44256465929786615,0.20408334848240825,4518,-5.470089049787884,3.1332361201422683,-11.13833645362385,3.574124877825886,4826
Parian,2021,11,0.46475693016050085,0.2457805272417736,0.35016048575962955,0.20721176317432408,-0.45079902213492545,0.1891813765287241,1383,-4.3435188800657745,3.404944619568168,-10.684982292472217,3.4299994888751844,4826
Parian,2021,12,0.4689273411253508,0.2946291527184767,0.31804427646332567,0.22606577116895077,-0.47497247464665077,0.22896955517671924,4751,-5.611532476666962,3.059446311160938,-11.07236312141073,3.4078778214153163,4826
Parian,2022,1,,,,,,,0,-5.58412438178982,3.1120982479484556,-11.132683951662372,3.528935012249612,4826
Parian,2022,2,0.36408749474817503,0.1921087638269287,0.26010241602104767,0.14717831546313287,-0.35314494295808824,0.15627884878696838,3879,-5.5647772280139165,3.0423202539938985,-11.027874899505527,3.3941575726949984,4826
Parian,2022,3,0.416561383973891,0.28854782015539804,0.28433777440439933,0.21595154148064227,-0.44003803821369314,0.22515739678213148,4826,-5.639980766205382,3.0126368234495717,-11.121187789612678,3.343997611786827,4826
Parian,2022,4,0.402662133535061,0.22986605417713712,0.33082646531812954,0.20201478577856882,-0.3955727778072448,0.17768948901711595,4446,-5.043663564553689,2.9415212892332554,-10.576243252886728,3.2945248991000153,4826
Parian,2022,5,0.4470069674287188,0.296719598921144,0.3387277478003466,0.24407407947346624,-0.44095109420701506,0.22387556101117492,4787,-4.8649199634022535,2.8591728249695194,-10.790179737137667,3.1344003959377695,4826
Parian,2022,6,,,,,,,0,-4.656569429244493,3.002626692353117,-10.631914935156173,3.3188248792824817,4826
Parian,2022,7,0.5127044359101528,0.3232832776236635,0.36736595444422493,0.26882868665186604,-0.4989102499205379,0.25452161064170714,2401,-4.0978126234672585,2.8709066627152726,-10.2000151807423,3.0297526293065498,4826
Parian,2022,8,0.4079939150476645,0.24564447313309795,0.34134135007482824,0.22094611070067877,-0.39310405728017533,0.19199383230838474,4208,-5.128556775294084,2.9574688152656163,-10.847876343961063,3.261734930702106,4826
Parian,2022,9,0.3990837189745365,0.2862319664015122,0.3142822606083819,0.2606825172134979,-0.4001875717256485,0.21500719044168065,1869,-4.700748971759523,2.9274290043989404,-10.46105987478432,3.1970334403789233,4826
Parian,2022,10,0.43577770564221613,0.19474413034768123,0.3902619791027316,0.19000890091927014,-0.4278931717586278,0.1513924910652508,574,-4.563168833488643,3.094300873403091,-10.406645588591452,3.372582996782014,4826
Parian,2022,11,,,,,,,0,-4.32590873535187,3.057058118986621,-10.263404706479912,3.2620588004293722,4826
Parian,2022,12,0.4339721017380787,0.28591535263226914,0.298896810414664,0.23931101675124086,-0.439637983191921,0.2255872613169582,4826,-5.634383691602851,3.1146770628829064,-11.080650916052127,3.458635411373369,4826
Parian,2023,1,0.4440635645158759,0.2812019642739232,0.30198506680158277,0.22038582440456353,-0.45320663131848815,0.2154814176796345,4368,-5.762888309355393,3.234307494549291,-11.224105984747567,3.541088513885569,4826
Parian,2023,2,,,,,,,0,-5.358923797532104,3.1140986108187234,-10.957665418130697,3.510666356889352,4826
Parian,2023,3,0.36193827528644285,0.24185005791162245,0.2806415623063903,0.24831181968677013,-0.3814551354653942,0.19009874465130583,4804,-5.6045570088520655,3.225135436180018,-11.133587522067096,3.498487650047122,4826
Parian,2023,4,0.40908420618963676,0.25590280155720335,0.31705854998282545,0.2184143898706228,-0.41836438927964636,0.19475376285168156,4826,-5.409186163085551,3.1905457096693897,-10.993509905619842,3.425584512006184,4826
Parian,2023,5,0.405488036274665,0.25424343613891465,0.356127268028467,0.2523410739060899,-0.3875592061010091,0.1952368409078113,3784,-5.318940750277936,3.3197932580544256,-10.98209592776616,3.5545029480745716,4826
Parian,2023,6,0.4345150799815819,0.28709118527326455,0.3814375597357173,0.2773280274355528,-0.4242571305907002,0.21841828577044017,4424,-5.043039830141506,3.0821561635887167,-10.850432957692776,3.3526556662377924,4826
Parian,2023,7,0.5095880711032198,0.31770590627933726,0.4681806842118262,0.29793154843329644,-0.4643417348191381,0.2567427714074524,1084,-4.463379977161526,3.129426113492652,-10.370729440462686,3.280435187836418,4826
Parian,2023,8,0.447401446400931,0.1532198873158449,0.5957902734706688,0.2640395475260057,-0.3797866257364323,0.12189270873195555,261,-4.998554904467751,3.1975944056524863,-10.795298484500242,3.3597253369112163,4826
Parian,2023,9,0.4785293685307796,0.33336143532495266,0.33129685863788044,0.2564983363433481,-0.4828017385085572,0.2564420369812529,4826,-4.754957018218463,3.071278331145766,-10.577266835630345,3.2582801707903566,4826
Parian,2023,10,0.40880493625517866,0.21121004891503484,0.3676215640390765,0.20674052758005101,-0.3942879588266432,0.1654539411672108,4140,-4.361305140663159,3.174851696389224,-10.216295637258584,3.3001805310475048,4826
Parian,2023,11,,,,,,,0,-4.751699868720735,3.156827569654838,-10.446850564296064,3.3150405289027516,4826
Parian,2023,12,0.47465226084430867,0.2903391946654142,0.34043132826136435,0.2986891740057393,-0.46670650587279816,0.22565172175733894,4824,-4.613205003307528,3.1446297868112825,-10.465910393330233,3.3405934633265733,4826
Parian,2024,1,0.02399795690240959,0.07044943370881515,0.03868787282456954,0.20330478509689767,-0.005567264820759496,0.07815244271046004,15,-5.351426113689329,3.1541083194126402,-10.81054214784439,3.3177341572855674,4826
Parian,2024,2,0.42493754426221575,0.26667165331513193,0.2722083502499393,0.19298155972026665,-0.45257599848986246,0.20926744929876917,4826,-5.3377298305732195,2.99020104805615,-10.844441539395314,3.2166118092010962,4826
Parian,2024,3,0.3708965433240002,0.2630623705652282,0.25060666869403164,0.2374816875125497,-0.388382616374992,0.20818889670041926,4826,-5.4141556726252515,3.1149259580410105,-10.840442010808236,3.2809323724080994,4826
Parian,2024,4,0.35955000597227493,0.26278208026621325,0.24246307542412793,0.19630490873696552,-0.4086624606221628,0.21567672145947886,4826,-5.517473614615235,3.2357246129686827,-11.227334268207402,3.5260836740639503,4826
Parian,2024,5,,,,,,,0,-5.451032057437897,3.2375733947357315,-10.997388038779585,3.4348739384302984,4826
Parian,2024,6,,,,,,,0,-5.065939574404948,2.983999733998139,-10.660148130537593,3.27588210486375,4826
Parian,2024,7,0.3895368039473097,0.16619203693888465,0.40423678267559165,0.19284511263689186,-0.3495405696548159,0.13669781686069532,1278,-4.590790094836259,3.479960483138364,-10.823790002332442,3.672096805992431,4826
Parian,2024,8,0.19227007379134495,0.11067365645082332,0.1809732899069786,0.11903133480367659,-0.23371497889359794,0.09498283391530556,15,-4.446697495160029,3.1008123132712706,-10.433125055288164,3.1123307467633756,4826
Parian,2024,9,0.47219471786856,0.3147741869193235,0.3422067949793078,0.25516190289350354,-0.4578315824035428,0.24403717474803674,2919,-4.962946959958167,3.107743701928455,-10.788541032936894,3.379859641334881,4826
Parian,2024,10,0.47441792803542476,0.32294667835780133,0.3446380796860933,0.2831128447399333,-0.47517421172398666,0.2506842839128792,4826,-4.698570123086285,3.183077937420048,-10.49138075809568,3.276223034442977,4826
Parian,2024,11,0.4200410851556326,0.24517446246945204,0.29093732380283055,0.2186608810642148,-0.4230811948214687,0.2042153035053172,629,-5.552903771026266,3.3218151851986453,-11.121247120061112,3.7217940376479985,4826
Parian,2024,12,0.38400279115095154,0.27999302263681697,0.30784448818515386,0.2650129746813487,-0.37173663406528057,0.22595946390305888,2831,-4.386895372708932,3.2063157683803913,-10.12378801664646,3.3605193253612464,4826
Parian,2025,1,0.45756075429919746,0.2596918520168586,0.33405900108699227,0.2226179915359151,-0.457452592605345,0.2119894668210063,1823,-4.707949005617944,3.2024312672990596,-10.58448054786838,3.449969691966744,4826
Parian,2025,2,0.4337916050125261,0.0947607775859965,0.37572830226050963,0.10676455992903279,-0.3843785261763782,0.08446625619594086,589,-5.285051681487967,3.235648945727193,-10.857377520072705,3.4946629294810894,4826
Parian,2025,3,0.424654752627832,0.28399519176105753,0.3088296438526652,0.23565851090065723,-0.43663186619670563,0.22149224682772636,4826,-5.286767612753411,3.088320281436011,-10.798863526217573,3.396267996033953,4826
Parian,2025,4,0.36875056969088726,0.23242411312344993,0.28818554185724976,0.19933478127730675,-0.39210184402443066,0.18461391420099918,4826,-5.916231800878745,3.5564627959405666,-12.01354597730506,3.809965744600805,4826
Parian,2025,5,0.40898127077768864,0.30829828505855533,0.3437331717612588,0.3066339944323453,-0.40880346650281624,0.24133090515128597,4814,-5.199201552499798,3.1643695491011106,-10.864858829517456,3.438437461632931,4826
Parian,2025,6,,,,,,,0,-4.28286752724226,3.5246514749012494,-10.81382988658498,3.524028192940784,4826
Parian,2025,7,,,,,,,,-4.829058569119009,3.5467897104656063,-10.788870762760366,3.711231327919203,4826
Parian,2025,8,0.41340434805375864,0.24510973954147058,0.33500724125667913,0.22080083037082796,-0.42771617722392546,0.18855715669105416,1484,-4.5171009205112185,3.2498736610214434,-10.459261344829144,3.347080969117168,4826
Parian,2025,9,0.38836335813548695,0.2918463601765876,0.32292517710684154,0.2776986550902843,-0.3933154187491528,0.223067818833907,2425,-4.2000891638028595,3.4366580729592084,-10.606502448141855,3.526503901483763,4826
Parian,2025,10,,,,,,,0,-4.815839100860989,3.2133904819375707,-10.75492491083525,3.4083371371775355,4826
Parian,2025,11,0.45155607672037296,0.2955505800445016,0.3026281696297396,0.22785887353782575,-0.451853030700162,0.22958595438822965,4462,-4.603323657565058,3.4466518191254147,-10.831610886507839,3.577710862999576,4826
Real,2020,1,0.43409116383097984,0.276344841788957,0.27449833403270507,0.1994478473141662,-0.4219676572203684,0.22051472353291754,5006,-5.573835603045238,3.6647974394062572,-11.82102150463056,3.7918104546362987,5006
Real,2020,2,0.45034094905526684,0.26792714630258335,0.3085599862729594,0.20452852011661743,-0.44072516236381326,0.21807002586505736,1837,-5.96288685231737,3.8462958597807533,-12.344583135064777,3.912803320583121,5006
Real,2020,3,0.37441858707086395,0.2666306158567707,0.24634024910913743,0.18990209997333854,-0.38616726338971524,0.2179417800288079,5006,-6.141842545709865,3.8283544555034195,-12.291962479743146,3.9344250681531197,5006
Real,2020,4,0.3325706887675768,0.24098984477298094,0.24126605324095277,0.1881042909068329,-0.3366774649908005,0.19990519379146093,4992,-6.2052564995381685,3.9007640847077805,-12.410611705513716,3.894458816302178,5006
Real,2020,5,0.39339647840644,0.2748100967469053,0.28848409200148123,0.21573950715788343,-0.3711619422832309,0.21925464792622718,4761,-5.443047741739683,3.7500030088978735,-11.840373168901507,3.7559489305256886,5006
Real,2020,6,0.43988249183499695,0.3156726969878833,0.32725255286751115,0.26172769962284936,-0.42311897116942315,0.2542555318187659,5006,-5.832399853089448,3.7301938944006108,-12.127281907923546,3.785155085344734,5006
Real,2020,7,0.47206786128480877,0.24353573669279238,0.4744613646170098,0.2747688361919502,-0.4168375234674496,0.19053384061388373,1983,-5.671543575216255,3.1939503438209176,-11.387546036834475,3.6833821668926667,5006
Real,2020,8,0.4337581575400924,0.23777836683210396,0.3826930559260368,0.22658570013275423,-0.4129095292070123,0.18926231242565134,2290,-5.5704126900020565,3.5878176441267264,-11.831602327501738,3.7494250128122575,5006
Real,2020,9,0.4655290437497,0.2533694573018981,0.3029612290818583,0.18407285099107235,-0.4291582154913814,0.21205698878892995,1997,-5.526078038119929,3.1351620504576987,-11.209957569974495,3.6049770940817645,5006
Real,2020,10,0.4595931551384793,0.2972599416707596,0.30925152914159204,0.2348346696775331,-0.43745530972826624,0.24155302994039937,5006,-3.9473539821232464,3.679270894853606,-10.54245576715372,3.418454102288795,5006
Real,2020,11,,,,,,,0,-5.228160323864534,3.6101459015770923,-11.578575113458607,3.633754327208811,5006
Real,2020,12,0.46163648445239647,0.2968308150386264,0.3150533530103117,0.23843119427857987,-0.4476526529125441,0.23926273716149302,4395,-5.345592063668472,3.5704400704356396,-11.734049675904936,3.6324137070328124,5006
Real,2021,1,,,,,,,0,-5.490159410709282,3.530917512471344,-11.804294480361374,3.576366897746473,5006
Real,2021,2,0.43670694617608813,0.2856996197955262,0.29433053087163585,0.21883024379188232,-0.42722908211115657,0.2302208957157725,5006,-4.752590015516549,3.669745035625755,-11.421065766348407,3.6147634480639224,5006
Real,2021,3,0.015212095226161182,0.03895418802096547,0.0321865749376064,0.08843861048101602,0.010159411658109588,0.04927153231419344,22,-5.84824817446892,3.7474857550896177,-12.148561725375808,3.8626830780363797,5006
Real,2021,4,,,,,,,0,-5.639490139998293,3.6650123408221256,-11.969766691217698,3.7613216394703053,5006
Real,2021,5,0.3499332561568424,0.24032283416844738,0.2584172204311717,0.19043696510448474,-0.3575957547687334,0.19680290972286793,5006,-5.961637550753421,3.928248972184101,-12.374111777700625,3.9570013315751074,5006
Real,2021,6,,,,,,,0,-5.642026751780595,3.8368651205475857,-12.072099726462952,3.9256544681803356,5006
Real,2021,7,,,,,,,0,-5.0111821938215595,3.737483933236064,-11.452081113072905,3.7647166906880187,5006
Real,2021,8,0.22608117994075397,0.16191902354524712,0.2852991269987971,0.21175296297100307,-0.19800769504825774,0.13141747265860967,316,-6.155779019734684,3.374727314068195,-11.894523039623149,3.795786244984206,5006
Real,2021,9,0.4657991372648646,0.3117081975090866,0.33636135389666055,0.2718865358195066,-0.44578330015220957,0.2502116419864564,5006,-5.689294465469623,3.744265742985625,-12.111383200242496,3.8017315045332434,5006
Real,2021,10,0.45138492966348415,0.2757300909867707,0.3524280732963234,0.25455426502866635,-0.4390235255269307,0.22491047830123714,4973,-6.21447125422096,3.388121621824405,-11.842527096035077,3.8192180900402994,5005
Real,2021,11,0.46280687231905476,0.2805093928819767,0.381736255489123,0.261785720006778,-0.4141119817975603,0.23742738494072668,859,-4.655686375116135,3.6840927170415148,-11.336291398835385,3.6013501182739156,5006
Real,2021,12,0.4630333888780624,0.30951257004856697,0.3113601590343026,0.24454597985879026,-0.45341805685076264,0.25270322927458644,4785,-6.059468527391295,3.267173461982557,-11.604838993175983,3.6352168304551715,5006
Real,2022,1,,,,,,,0,-6.370733821341847,3.3525499806154517,-11.890933228986006,3.891633447587331,5005
Real,2022,2,0.33706110038698844,0.06711114996623334,0.285032838983374,0.08067190188658688,-0.29742828081144357,0.05511477895099972,428,-6.143974257767122,3.288881344989038,-11.612632561815861,3.7742919658025786,5006
Real,2022,3,0.4123469421093857,0.2941193375933813,0.26418931459693906,0.26284101347928557,-0.4176204878302942,0.24131427114015216,5006,-6.440903475027575,3.25375366238389,-11.827306400049842,3.6574198517430374,5006
Real,2022,4,0.39445288870626977,0.2634282693634104,0.3112138026820328,0.2629801602888173,-0.3759708922911578,0.21180748257801385,4996,-5.751075495472392,3.2229868167502613,-11.396357382278968,3.658007584287419,5006
Real,2022,5,0.44606075011795737,0.3023136713148282,0.32434189394261925,0.24575734502177654,-0.4228287518185989,0.2402482563218423,5006,-5.773076435797754,3.1966966540003927,-11.53366863714848,3.5483468038410053,5006
Real,2022,6,,,,,,,0,-5.438058442102584,3.461595528013408,-11.46783167100432,3.7025058733647134,5006
Real,2022,7,0.5343602759552988,0.32676466434367935,0.39334793320611794,0.26666955261620273,-0.49925041129592146,0.2635292454266678,1650,-4.840185147516569,3.2424213355125997,-10.878304535178511,3.5511269753324317,5006
Real,2022,8,0.4027195052895209,0.22935981962009605,0.3769347994712044,0.23639662375613793,-0.37004503293368307,0.18693278358241147,2701,-6.0680235131211,3.1849961613923794,-11.677680485613628,3.655032353603241,5006
Real,2022,9,0.4395973359767042,0.28791030884784774,0.36221186480296186,0.2937645822054429,-0.4074683068766428,0.2320852124299372,3382,-5.453431792278741,3.234433598714902,-11.226342456325249,3.535840245635579,5006
Real,2022,10,0.4721405348712757,0.24221695738087984,0.4130187035846529,0.2378962177071552,-0.4232421527604148,0.19702629708778024,1300,-5.339717893186995,3.2944526037644546,-11.132204375390128,3.58023912249398,5006
Real,2022,11,,,,,,,0,-4.807634336995184,3.2697259923431137,-10.695987028824758,3.4890137808724564,5006
Real,2022,12,0.44424985180245935,0.29692627973266955,0.29963434644561954,0.24879927810079908,-0.4282923108066185,0.2451289924209598,5006,-6.3475254120184506,3.2049878005401964,-11.77320092419015,3.694714443223857,5006
Real,2023,1,0.35919887561845365,0.27460645570762976,0.23552897799631384,0.21519507035056717,-0.3669679572561555,0.2348666761813891,1146,-6.385948881639554,3.2919582500223536,-11.708726724164741,3.7765234686937004,5006
Real,2023,2,,,,,,,0,-6.1413494624307825,3.327606676032119,-11.746139056155293,3.718102458095636,5006
Real,2023,3,0.34683389347813,0.2368503185456646,0.2663462612559299,0.20309578464565284,-0.3556840822358462,0.19816081295363916,4866,-6.504678100541064,3.3967658674487127,-11.820246955076797,3.7990944750902713,5006
Real,2023,4,0.37748305740358323,0.24455005235738544,0.2794359783233038,0.1949848157742626,-0.38254774093448923,0.19869626052962464,5006,-6.382718358031096,3.3848163126644533,-11.955801978999,3.947481550625748,5006
Real,2023,5,0.39760455478877615,0.2542917280855008,0.3335234610652068,0.23641491661177333,-0.3791968958764669,0.2017737216752846,5006,-6.424713154239162,3.6263962686600477,-12.11642824347177,4.232260862206653,5003
Real,2023,6,0.371095358149308,0.23500200185908957,0.3695652817258679,0.25551549581244326,-0.33824073941557586,0.18669172871260936,2185,-6.043606490400055,3.3660783789568653,-11.882413032598427,3.9574251330347674,5006
Real,2023,7,0.4348332100107057,0.270576540753814,0.35308123525837926,0.23502124226284507,-0.4049317684597752,0.21755436795730432,1030,-5.3938499329515075,3.3879299991316008,-11.367367605295863,3.7023882630670064,5006
Real,2023,8,0.475547038223211,0.24190796715325386,0.4437307391889653,0.29426817263345484,-0.42839042127016996,0.1938246571896411,1118,-5.970369567279942,3.502861243207568,-11.83325477041338,3.9524912362741915,5006
Real,2023,9,0.46895814866739355,0.33319026293063086,0.3295103659508353,1.3946649159186066,-0.4603285855645758,0.2696590639107918,5006,-5.598908563550721,3.322259264592433,-11.429995555094274,3.699114884068873,5006
Real,2023,10,0.3945122783574412,0.2611259183684852,0.299765618027951,0.20565620900473913,-0.3683535758420022,0.21750038433517654,2395,-5.018964744817527,3.2872506113517854,-11.019032819131503,3.6651358603162496,5006
Real,2023,11,,,,,,,0,-5.486207211067058,3.283817530940112,-11.153209400669683,3.6775907272111503,5006
Real,2023,12,0.4377282799146102,0.28544817849837034,0.2975639277295487,0.2368664943493186,-0.41703386538419035,0.23552623250802893,4742,-5.367010236352473,3.3130841735625354,-11.272658929254085,3.773246118474345,5006
Real,2024,1,0.2244559487082607,0.25659001386657015,0.14205001251598415,0.21168884877719893,-0.23882429810870778,0.24373011710041384,177,-6.349320286055161,3.4776696107481073,-11.801132913518162,3.9112562120533343,5006
Real,2024,2,0.388867659245284,0.26337926292285485,0.24398707331814617,0.18883734317100392,-0.4064830602346945,0.21895430325801662,5006,-6.376090475849599,3.374927196771676,-11.78995064189611,3.9558029092600333,5006
Real,2024,3,0.32918429211520905,0.2535368421662227,0.21251717260477956,0.2002418267440988,-0.335998751229965,0.2120057983744638,5006,-6.587606630407555,3.4293567041669255,-11.7495747298671,3.8778905048733487,5006
Real,2024,4,0.3228254176239419,0.2603729307540202,0.20752289208838345,0.21754918854907423,-0.3612740299311373,0.22531194263596543,5006,-6.596119775887501,3.5265517426123982,-12.072851493005084,4.130184222307353,5006
Real,2024,5,,,,,,,0,-6.562821702925944,3.4438802207092682,-11.852869769751441,3.9805822214091835,5006
Real,2024,6,,,,,,,0,-6.035141764034174,3.2636300780627816,-11.66390646079034,3.7418296326951923,5006
Real,2024,7,,,,,,,0,-5.197586489082274,3.849976320377453,-11.607329788984643,3.929363761355902,5006
Real,2024,8,0.3345856814735043,0.15329274510030874,0.3651353501531355,0.17245762446608823,-0.3053587096324793,0.1300886398814801,1602,-5.2091345795591515,3.2837828812309127,-11.245084219159562,3.5682357162036964,5006
Real,2024,9,-0.030608309225903615,0.07191952217263323,-0.10981590300798416,0.1373427867230974,0.04952726182010439,0.08929948393881236,9,-5.9938573161098745,3.411857463304777,-11.794867880667725,3.89716106790214,5006
Real,2024,10,0.4427273078650847,0.3236063541858327,0.3323881798280485,1.0828569061802993,-0.43271844760463535,0.262430595511152,5006,-5.5864514289308564,3.082157634628708,-11.122579491580062,3.519933360443489,5006
Real,2024,11,0.36973900628795736,0.27388368149285686,0.25625569893403694,0.3077880262798999,-0.35792832452031054,0.23490722965201088,674,-6.314436116704815,3.38334306067683,-11.780473737796756,3.8950840300151532,5005
Real,2024,12,0.28190696483439426,0.22909700548025602,0.2174218036356601,0.19423304461259983,-0.25143220843401975,0.19710484840738815,381,-5.070298109050304,3.090834245205567,-10.835538088269248,3.4232687087310087,5006
Real,2025,1,0.3919970228323407,0.25996908625975845,0.29356733110145955,0.22664677661117322,-0.3965530068877158,0.21737246089762569,4991,-5.430165082320645,3.138206795150002,-11.291890966996736,3.7233187883309724,5006
Real,2025,2,0.35714368067647845,0.1726256456488934,0.33118704353334744,0.17078099302493874,-0.3431952702649813,0.14326044974999746,4427,-6.246690271190848,3.312649883361341,-11.671029008174875,3.9122153164447124,5006
Real,2025,3,0.3974934120053716,0.27767017742464445,0.28219357869863576,0.22916383002286986,-0.39628520733804057,0.22571337866380523,5006,-6.148143577255133,3.2648787741291754,-11.684576073571431,3.878079053020122,5006
Real,2025,4,0.34144672319919744,0.2376034097478698,0.2663987403471056,0.19843100793198443,-0.3548032208856388,0.19448885832406243,5006,-6.459860976475837,3.9046798126566618,-12.860894316016331,3.8909925892325306,5006
Real,2025,5,0.4361529392035058,0.18485105782369787,0.3720109343140698,0.17703619925778008,-0.37739192203929023,0.15214377020443193,120,-6.14036024885593,3.3204920199726438,-11.710355066998334,3.7182358086178957,5006
Real,2025,6,,,,,,,0,-4.79907973602193,3.622656556161719,-11.755278662614371,3.4531564197518136,5006
Real,2025,7,,,,,,,,-5.557490702124668,3.72348465703804,-11.741469879271559,3.7694681948408313,5006
Real,2025,8,0.3933450186161547,0.2742421443195631,0.3487273051814169,0.2939187470946773,-0.37113384951979533,0.21917936661043735,2375,-5.28858129792562,3.2316498274280088,-11.15435138563548,3.5891394515595385,5006
Real,2025,9,0.3934429715182836,0.27718956549672197,0.3336837575876057,0.26335850842412595,-0.3716774755587929,0.2226492223989746,3381,-4.6357878550714355,3.6275004196997576,-11.173589865285233,3.4877606849188707,5006
Real,2025,10,,,,,,,0,-5.490322158309696,3.1708929027820636,-11.318306565187239,3.5558639367552196,5006
Real,2025,11,0.40984455446487233,0.29359616177722336,0.27616614290206787,0.22793657749935364,-0.3975245820402134,0.23921521447899746,4321,-4.992461129817623,3.591765914703737,-11.433984596997213,3.5153028607974495,5006
San Jose,2020,1,0.37865396255105255,0.2224568750853689,0.2150756257144409,0.18965075746927196,-0.366142146762115,0.1754230257735064,1573,-6.4975893128457125,3.7248956139199323,-15.866304329461387,4.579124698839851,1572
San Jose,2020,2,0.498561183543994,0.2002758841241496,0.36776387177096326,0.17638054793197142,-0.4306024309631343,0.13655064741785597,1328,-6.67198462029611,3.6012482231604905,-15.153003071988373,3.4432623546659253,1573
San Jose,2020,3,0.6250935989689286,0.2758325071827213,0.447972342250567,0.21528164201037817,-0.5639146923499609,0.1898572859818469,1573,-7.61374077379635,4.046070044293937,-14.800841304692044,2.975231457602003,1573
San Jose,2020,4,0.5275034474035252,0.23630438370681395,0.44739216697561857,0.2224930390082263,-0.47210832734077707,0.15436684251744018,1573,-7.3970048087829525,4.1681113501517215,-14.787963218631752,3.071368370255238,1573
San Jose,2020,5,0.4748630164617707,0.2467740920337348,0.35712889869959696,0.21475173658080096,-0.4500764220341977,0.16310037768014882,1573,-7.020903105919187,3.949924406103534,-13.72651978340105,2.7088498826016485,1573
San Jose,2020,6,0.45207995803296624,0.2580679141302928,0.3240703691045165,0.2351631175449444,-0.441070936238611,0.18703114516280012,1573,-6.576634078572557,3.896521464021799,-14.800265360280195,3.7961504400801753,1573
San Jose,2020,7,0.3483933050592214,0.22882381674317023,0.28973000785413405,0.22186400166770157,-0.36549324041371717,0.1690989375121909,428,-7.646451230536279,3.3004167576926173,-14.772764660693609,4.810160070405015,1568
San Jose,2020,8,0.5865196018120801,0.22381783553413012,0.47489124325160714,0.19975806758718423,-0.5204757125492524,0.16179018496090353,419,-7.057174375485679,3.947346275077785,-14.838187391013014,3.4619843260759553,1573
San Jose,2020,9,0.5288086577621178,0.17632826351847283,0.5345473339695803,0.1932810859952818,-0.445400662575855,0.12192235007705628,1342,-7.82331355994962,3.316922204790641,-13.002801768050702,3.2837152521261,1573
San Jose,2020,10,0.4564290480785606,0.23536176174201595,0.3031456791136192,0.2030150253281648,-0.44779775046565284,0.16220953342166453,1573,-4.608412701096878,3.5577837659976246,-12.0293870825156,2.1688018009848182,1573
San Jose,2020,11,,,,,,,0,-5.750466478866931,3.676745659972992,-13.233132260018508,3.0122647459079728,1573
San Jose,2020,12,0.5372850708220037,0.22268303435894488,0.36202444965811187,0.18622505474703369,-0.4958808042538663,0.1441944900363447,1293,-5.8065304520089365,3.4786046724806967,-13.511157360754401,3.23423855725325,1573
San Jose,2021,1,0.17625312320888042,0.040764830355268886,0.17998647317290306,0.05879489190733265,-0.13039852678775787,0.029142587341152607,4,-6.716786598774063,4.005938084072719,-16.241955811327152,4.771278812912545,1573
San Jose,2021,2,0.5180946271440647,0.23438640161229746,0.3007388149585511,0.18187740817974563,-0.4655168889860404,0.1660384733216612,1573,-6.43895344351237,4.056285413996183,-15.076895867620628,4.037604927166572,1573
San Jose,2021,3,-0.03603150695562363,0.0,-0.05591968446969986,0.0,0.05301284044981003,0.0,1,-7.351326400539625,4.0285183335114025,-14.830893882087887,2.986957240833343,1573
San Jose,2021,4,,,,,,,0,-7.504440133889708,4.364603716353416,-14.51792825071657,2.8674594149308947,1573
San Jose,2021,5,0.3992090594884813,0.20550659800410928,0.31873773914667025,0.18878536387816414,-0.42087517138712643,0.1405143837885871,1573,-7.07313163182772,3.97219513742864,-14.633366399200096,2.956550320369777,1573
San Jose,2021,6,,,,,,,0,-6.209005329974923,3.6614283618814185,-13.7037202096713,2.989463947274772,1573
San Jose,2021,7,0.17298595021877974,0.10650967654102762,0.12683372310407104,0.08406781235950093,-0.24202032706567222,0.10135637624100137,21,-6.258455444210802,4.095314031808216,-15.491922632020824,4.671783187166588,1573
San Jose,2021,8,0.23757733673011594,0.07791688064704329,0.27128400365972183,0.21331169312493498,-0.18563398349611362,0.054987350765541,338,-7.847188171207825,3.14903365562249,-14.081955305208233,3.771326492299439,1572
San Jose,2021,9,0.6312425484190977,0.2722955156199488,0.4447115275149449,0.20719124491453753,-0.5703562207677507,0.18961572984991684,1573,-7.088861281156801,3.981151290726643,-14.475846128977548,3.078271267268694,1573
San Jose,2021,10,0.42338093663148085,0.23897655639092266,0.3298173801211132,0.22332565369326213,-0.44137880308141836,0.1574646414686418,1572,-6.423483378324341,2.7476842525947296,-12.508875136632522,3.0627940147529285,1573
San Jose,2021,11,0.23497137482267588,0.12863828324449486,0.1658548193151822,0.11605545069357968,-0.299399277564201,0.10617784098265977,89,-5.65097669813855,3.5753729027962677,-12.888876002293745,2.325236692944385,1573
San Jose,2021,12,0.448670861588148,0.24452566218764227,0.29445108072989545,0.20767649361929355,-0.43643413881393006,0.1783407412524916,1545,-7.227818443224976,2.9851735340769334,-13.96875008316893,4.288729162197959,1573
San Jose,2022,1,,,,,,,0,-7.920435127591051,3.760059348136394,-15.272837267177703,5.585650806769979,1557
San Jose,2022,2,0.5644049622132985,0.25867178962680554,0.3914181583546139,0.21446825900570252,-0.49965236601712765,0.17043259991973841,1573,-7.5743752607349935,3.033402287418145,-13.760590399781824,3.6897926799355796,1573
San Jose,2022,3,0.5940409693532458,0.2722636266678839,0.4540837300091436,0.22576227715739888,-0.5402768518660545,0.17991273963087243,1573,-7.99825272987907,3.1016638148964755,-13.431765812488813,3.3832367575740667,1573
San Jose,2022,4,0.42355577260223826,0.21889408528443702,0.35439862846857406,0.20772756116795865,-0.4121913771331071,0.1441683978878642,1542,-6.748806027232535,2.7099569538947605,-12.009205921319207,2.8150078051601346,1573
San Jose,2022,5,0.5049836515183741,0.23340094829210167,0.36937657748621383,0.2010875515814379,-0.4717492950313184,0.15583639693513354,1573,-6.857099860510949,2.9078461485593152,-12.361209464372516,2.886051900596061,1573
San Jose,2022,6,,,,,,,0,-6.76671447781174,3.114229747474551,-13.243862333842396,4.3198335665170395,1567
San Jose,2022,7,0.4420751417513754,0.09971802298696124,0.3534304957653656,0.0947683382378555,-0.32269765473291534,0.07655319511525098,122,-6.7519026171835375,3.3468508325667856,-13.803049320748444,5.032732377837953,1572
San Jose,2022,8,-0.119984932243824,0.0,-0.16034838557243347,0.0,0.128032848238945,0.0,1,-7.508610043748119,3.0050182002621435,-13.500177887277244,3.6455661236473973,1573
San Jose,2022,9,,,,,,,0,-6.941092774333542,2.9765889685923823,-12.347127471239949,3.1288378231537504,1573
San Jose,2022,10,,,,,,,0,-6.142280469349984,2.8019692052810727,-11.881777414037261,2.985079856129051,1573
San Jose,2022,11,,,,,,,0,-5.757478386059501,2.6268244204159372,-11.374793692240324,2.7472214589546278,1573
San Jose,2022,12,0.4717947857791752,0.23063433643642078,0.3275749948613526,0.20205359005845774,-0.44638273678335166,0.17160160557344115,1573,-6.883746688665152,2.644942401626633,-12.846624787700305,3.580678033504414,1573
San Jose,2023,1,0.503639713342538,0.24856661341680727,0.3565380786146384,0.21188838728160853,-0.47842557884183384,0.17177625596753446,831,-7.185867537308612,2.9441203400770406,-14.504196651415082,4.819676334169451,1571
San Jose,2023,2,,,,,,,0,-6.903405407284595,2.9156615812226923,-13.44905977709917,3.6777582162944715,1573
San Jose,2023,3,0.4923586974348837,0.2583511795368636,0.4103813488460217,0.22794741783464154,-0.4589376266787441,0.17810115548134528,1280,-8.022398432613718,3.1628873956624677,-13.59963225635348,3.657150481118011,1573
San Jose,2023,4,0.5053507278822517,0.22811458623465797,0.4207774031839158,0.21200171289037847,-0.47640470852492184,0.15325563355077806,1573,-8.36118392878758,3.4099312984481105,-13.574781142577796,3.7774761556476126,1573
San Jose,2023,5,0.5012014378205608,0.21686249471266272,0.42158245111330717,0.22223498887666965,-0.45985939558086264,0.14458747613207265,1573,-7.224847523274113,3.3039848455706586,-12.737639306573751,3.3965397881422517,1573
San Jose,2023,6,0.46014156719910715,0.2811230173597972,0.34589320538550056,0.2760875674983916,-0.4303440161376151,0.20666158581023883,1573,-6.739580303861586,3.0450743891213645,-13.010788611901916,3.5248242622863675,1573
San Jose,2023,7,,,,,,,0,-7.231777869101817,3.471482153484932,-14.494048364749757,4.842248601509694,1571
San Jose,2023,8,,,,,,,0,-7.331564268008478,3.128044082536564,-13.153173585615928,3.5615115540059077,1573
San Jose,2023,9,0.6183424562681897,0.27938877210840396,0.42143624458457263,0.22163566552564848,-0.5624616029343718,0.19143861876924706,1573,-7.268424500551847,3.222524410922098,-12.479446764951307,3.0240401393530014,1573
San Jose,2023,10,0.36569970631786236,0.1687564212543283,0.30228407399203544,0.15452812092400867,-0.34146927112177466,0.12687181575179912,1404,-6.046131916989223,2.9027501838877843,-11.54649431275017,2.925591366188785,1573
San Jose,2023,11,,,,,,,0,-6.018006840811956,2.768122532690244,-11.71579388880987,2.9099536587657258,1573
San Jose,2023,12,0.48600434487967636,0.27269527600337506,0.3680600133259441,0.2557736373120639,-0.4609761027612156,0.19460919489307177,789,-6.27116399493307,2.9650554336592645,-12.24941398237002,3.495822384473921,1573
San Jose,2024,1,0.43203572912121907,0.21309118422978665,0.3143138627162984,0.22634518195843883,-0.4016773268817383,0.17621166002994354,849,-7.118004980381607,3.224050763121168,-13.975835002977712,4.410515507018553,1573
San Jose,2024,2,0.6261579299600786,0.25560935933578305,0.42846977619575116,0.20266355395909416,-0.5620558597903835,0.16801452056160884,1573,-7.275586020508433,2.8099640570327904,-13.040016683096793,3.3414048259373867,1573
San Jose,2024,3,0.5941651056010022,0.26543365637257427,0.454785649753594,0.2232266273611631,-0.5259958252369075,0.18059962995250992,1573,-7.851405720444939,3.237043752298128,-12.872216244507044,3.250751061119977,1573
San Jose,2024,4,0.4219722027542417,0.23348208892067707,0.32634732276025274,0.2052142694003082,-0.452914194717865,0.16478989941214428,1573,-7.754955024729041,3.195992139344993,-13.296134987664852,3.577151214333861,1573
San Jose,2024,5,,,,,,,0,-7.7584064767979655,3.186242156557748,-13.309406289490955,3.480634790229422,1573
San Jose,2024,6,0.39458651808816436,0.22072407029166058,0.4030544429861658,0.2579912153114693,-0.36590840561959886,0.16413303747942945,526,-6.442844381396054,2.623757832465948,-12.71708253925953,3.3203573114980256,1573
San Jose,2024,7,0.36576390763123834,0.20647714032674497,0.367421243339777,0.27763007196563017,-0.31682974596818286,0.158928458572003,6,-5.960234854105705,3.997916619823965,-14.640222829600203,4.064797478459231,1573
San Jose,2024,8,,,,,,,0,-7.419624103498463,3.2442022226191694,-12.840354621940877,3.299469683583177,1573
San Jose,2024,9,0.3526500931807927,0.207905188993255,0.2625890581735543,0.19418066152098085,-0.382835114640849,0.13986008752191448,14,-7.177559597306413,3.1458834045525585,-12.705642361684118,3.0897839034571644,1573
San Jose,2024,10,0.4682766737937998,0.25433161951917016,0.3472467650064281,0.23646154348008117,-0.4694036333874993,0.1726199015587028,1573,-6.629278178126075,2.971806892390538,-11.966108800704848,3.2287329221119534,1573
San Jose,2024,11,0.5023595947643806,0.1723863424243136,0.365920889223444,0.15597129084206046,-0.47729226278847664,0.12005568034069893,29,-6.8023169651767885,2.797856606237077,-12.774379853943088,3.226797865403618,1573
San Jose,2024,12,0.22254285628304765,0.054590255304866234,0.21553094682886312,0.07492385653395175,-0.1688774896456915,0.041727922291957285,170,-6.853594426383031,3.5667007180000136,-12.960331771984588,4.384714783937502,1573
San Jose,2025,1,0.39221986649291846,0.1799343826082703,0.29700786708666166,0.17570350832676918,-0.3535865091932763,0.13725012718963467,322,-6.70263925321443,3.0691944480024307,-13.933434984354252,4.798330475251775,1573
San Jose,2025,2,0.582930588684663,0.15096449561532194,0.5329193667078213,0.14766070134872383,-0.5067000682113545,0.10697894172898595,1190,-7.2570564245777875,3.087346262082081,-13.03360789340731,3.448303511094897,1573
San Jose,2025,3,0.6389322619653118,0.26744766252329377,0.4948582439670061,0.23539086705203616,-0.5731750950846325,0.18384996546322885,1573,-7.352579370568504,2.9977190609153324,-12.999143191349766,3.332768564741272,1573
San Jose,2025,4,0.44251541695359126,0.21804857779401665,0.37824283399025893,0.2147767280955357,-0.45008630559066837,0.14686779431334362,1573,-7.393918193469103,4.030328845340349,-14.957497791066848,2.9009179280955566,1573
San Jose,2025,5,0.4968214052434127,0.25275909848980077,0.4696413348569668,0.2826514058420408,-0.4652260272158296,0.17623045226247147,1559,-6.897807665056759,2.868068808660789,-12.761373042548765,3.181469375496508,1573
San Jose,2025,6,,,,,,,0,-7.445216589098714,5.992364349552564,-15.356197741330222,5.123440094821315,1573
San Jose,2025,7,,,,,,,,-6.199825230049834,4.3587982944888966,-14.965669848626376,4.590594712940332,1573
San Jose,2025,8,0.539000941619642,0.2806508276095196,0.4605202529125586,0.2728713928952084,-0.48554653415698795,0.1953050278737615,1022,-6.972805685016174,3.259496027914056,-12.901034927148388,3.568819470524533,1573
San Jose,2025,9,0.5793177343206918,0.24974345745971507,0.4358113354408861,0.21569305177835574,-0.518105292418579,0.17802784343562514,1573,-5.671305461831096,4.028967836726628,-12.8380301625427,2.5329850046463944,1573
San Jose,2025,10,,,,,,,0,-6.331718816787235,2.7037584853301873,-12.157337575393049,2.930095248930443,1573
San Jose,2025,11,0.5189378938720508,0.24038428632630315,0.3498439047809852,0.1979522703940499,-0.47331976550521054,0.1662942820223641,1357,-5.301162384977965,3.821022736156716,-13.51784140322516,3.122485181033391,1573
Uwisan,2020,1,0.5668050740107036,0.3142666775694877,0.38479657924009936,0.2331976612114097,-0.4963473221882819,0.26489916744238157,1497,-7.658907848890011,3.362855134714352,-15.126058282583893,3.7948695436786175,1493
Uwisan,2020,2,0.539910771318751,0.22526506431407664,0.4153897758517457,0.19413433593446977,-0.4701994881985209,0.16433901931030376,1351,-8.295880468768374,3.252182755701811,-15.643083839749096,3.9621780484497773,1491
Uwisan,2020,3,0.4658517177038938,0.2970503178038739,0.34866235949306396,0.23177248724601404,-0.45466218009147363,0.22376058277678879,1497,-8.403538482502608,3.2584491895560266,-15.63641418331497,4.243043075870123,1489
Uwisan,2020,4,0.22860008499624576,0.23306489826898283,0.1975815074582552,0.2014190943404206,-0.2683235732035647,0.17847210212410256,87,-8.57060244120781,3.374481906229049,-15.981906784480607,4.026602345162579,1497
Uwisan,2020,5,0.5295147882532532,0.28832278354829943,0.4152596672532543,0.2562299290013163,-0.467666610736343,0.22230086288036066,1497,-7.690897145342763,3.4161363351959224,-14.796869921700187,3.746000701820982,1497
Uwisan,2020,6,0.5332180887146194,0.31624006099120594,0.4197824213146048,0.2682858830896174,-0.4718851701990413,0.25863635492086606,1497,-7.630698188696111,3.010937049764494,-15.040855866543119,3.492498612447459,1496
Uwisan,2020,7,0.5037004395261153,0.2784824224624231,0.3926771183890302,0.25431297154112564,-0.42812345481360875,0.22950513882130139,1497,-7.691804471037145,3.011858209340765,-14.15664851773796,3.8080395714614688,1486
Uwisan,2020,8,,,,,,,0,-7.473654078064888,3.180826147870857,-14.600240497764528,3.6630738188856338,1495
Uwisan,2020,9,0.5168391925003448,0.24585297807365603,0.4850857501037966,0.24258078808504183,-0.4342900582760568,0.18627691329162158,1462,-8.013702751406901,3.2544295042463283,-13.541183647851632,3.5681417073468786,1489
Uwisan,2020,10,0.4858683377835082,0.312549693284716,0.34789245444578665,0.22683005382365984,-0.42715772484550824,0.2755290736018984,1497,-5.336556263379041,4.084441392360094,-12.874858347590788,3.1527455668500677,1497
Uwisan,2020,11,,,,,,,0,-6.886030658079664,3.4115649519342246,-14.94088800365187,4.073927035883507,1494
Uwisan,2020,12,0.41457247690147714,0.3571287207842473,0.26440184211772744,0.22824407945215064,-0.3644275343910428,0.3172511243784619,1497,-7.756465581394812,4.054674105195238,-15.705939587377834,4.385428444295675,1493
Uwisan,2021,1,,,,,,,0,-7.436002697883967,3.046478376899083,-15.539506582872983,4.100096636886855,1497
Uwisan,2021,2,0.5254446539969375,0.2762666468152197,0.3465734856273499,0.208482457941526,-0.47164752385308445,0.21368675948915278,1497,-7.154769031992529,4.678695739104195,-14.789702486274235,3.73802522615377,1495
Uwisan,2021,3,,,,,,,0,-7.975168336924902,3.1397931373951806,-15.45331352652319,3.8199117902566027,1486
Uwisan,2021,4,,,,,,,0,-7.553501891948639,3.5288779017477174,-15.160581075055607,3.9884723350902456,1488
Uwisan,2021,5,0.4007911290039846,0.26679552004236984,0.3329457617058624,0.2424701706824403,-0.39432185621514976,0.20816321139560928,1497,-7.866235938160554,3.8317992179329172,-15.235991755881445,3.918279117215113,1491
Uwisan,2021,6,0.1277900905814022,0.26930304451553305,0.1165495894732885,0.2452280832377099,0.031024222013851018,0.27605582647827764,60,-6.96433055717973,3.81138434214331,-14.523187174403699,3.5327499685404984,1491
Uwisan,2021,7,0.19648288480109646,0.2339790405953332,0.18156979534597625,0.2054247956599927,-0.18096690151160433,0.18090111142050133,63,-6.1364239279045965,3.987916340202889,-14.67655812472366,4.127287522776294,1493
Uwisan,2021,8,,,,,,,0,-7.425257511945633,3.413672288989067,-13.063315657683116,4.590638625822846,1477
Uwisan,2021,9,0.5344338821968182,0.3368114721740821,0.3691831967705843,0.24056844039573766,-0.46670250579778244,0.2768603205487444,1497,-7.118077968635815,3.949580478510199,-14.674276238884028,3.904987047471965,1489
Uwisan,2021,10,0.49569481563199025,0.30790009438978927,0.41004272056964114,0.2553841913920169,-0.43223064442200687,0.25816399637420345,971,-7.275443768261976,3.306376321024665,-12.859293589798304,4.780872305630472,1482
Uwisan,2021,11,0.269983514283712,0.10869332437723808,0.19656407088041306,0.07942717827653474,-0.35120308857697713,0.07045617159495172,26,-6.227860986717332,3.8918029901582134,-14.266525919836663,3.851862514682374,1487
Uwisan,2021,12,0.4645398641474865,0.35753275619950386,0.3052331708573174,0.22410062572595424,-0.4069969487629558,0.33079641026187606,1497,-7.259547494099775,3.124224972405422,-12.86970887338168,4.619651011614606,1486
Uwisan,2022,1,,,,,,,0,-7.596703990966458,3.893909380927634,-13.003786657073569,4.528940889736036,1479
Uwisan,2022,2,0.5031610637255898,0.3066478675009389,0.35709693339055565,0.22577533463058433,-0.44329460354602157,0.25224476972602744,1497,-7.477003580107736,3.4748126355504776,-12.787158491033804,4.240558122286091,1493
Uwisan,2022,3,0.4912501271581122,0.2938279825344429,0.36095420260053285,0.23659222350829415,-0.46568587376349196,0.2287854873126405,1497,-7.6514379752496335,3.189663527422968,-12.7658853606649,4.008295892781979,1479
Uwisan,2022,4,0.4961715734444027,0.2237509719204184,0.4139326507899179,0.2209214195287968,-0.44652071903193613,0.1588539629197049,700,-7.100944683015865,2.97964616508662,-12.174386101443552,3.91846008144233,1487
Uwisan,2022,5,0.48627265855293944,0.27742346610000895,0.3464090719410958,0.2295570296810012,-0.4400958939932617,0.22564866746314305,1497,-6.878195335335977,3.346462384810566,-12.349525746723163,4.26244259200624,1490
Uwisan,2022,6,,,,,,,0,-6.846445989181661,3.617658266439476,-12.653541734171716,4.506748307255665,1488
Uwisan,2022,7,0.40215090446198654,0.13954322872854083,0.4648071322443063,0.16052084080075021,-0.32784239516446456,0.11565271442258487,95,-6.521751805709773,3.4035050483236162,-12.168416857920379,4.178831848289135,1483
Uwisan,2022,8,,,,,,,0,-7.3182318703509495,3.296656956849082,-12.46668896580767,4.251009139264023,1491
Uwisan,2022,9,,,,,,,0,-7.07116199453622,3.9683360578785685,-12.133376535146112,4.232376772811896,1485
Uwisan,2022,10,0.1375416194787249,0.06523587316292317,0.19415450660744682,0.13881518630311362,-0.026070062827784565,0.03171304988903654,8,-6.414606554885288,3.4858555541368994,-11.903214704422982,4.155343236091797,1489
Uwisan,2022,11,,,,,,,0,-6.469286523042146,3.912766611177764,-11.94669986716227,4.609004884592068,1479
Uwisan,2022,12,0.4305276818738643,0.2438257902756805,0.2923969639100546,0.19796425185469865,-0.38734435123667416,0.19420642182942038,1404,-6.878004868047922,2.789942424491329,-12.806309426298242,4.7347261138738,1492
Uwisan,2023,1,0.37254718026497713,0.22670686686664637,0.23437973346186422,0.17136783960364885,-0.35157057758427135,0.17457374084773597,579,-7.434891303427125,3.1439903992969525,-13.160464441471426,4.906911938354553,1486
Uwisan,2023,2,,,,,,,0,-7.459669976132078,4.152167442000553,-13.017722942315116,5.28432320541123,1485
Uwisan,2023,3,0.43502657640619286,0.2598624362434865,0.3316212867241759,0.216759349385639,-0.40000252977873535,0.2037310244041955,1497,-8.077072717409843,4.00620261983368,-13.165690081326906,4.721763108629657,1486
Uwisan,2023,4,0.4493152589447618,0.25786352976369775,0.36616583741227987,0.23582936381481434,-0.4117973578970014,0.20671560086862562,1497,-7.604905574250882,3.520633390055597,-12.77328164843024,4.455535648245546,1468
Uwisan,2023,5,0.4303400360908828,0.2439926322143402,0.35879413718444175,0.22950070916317594,-0.3893694708713944,0.19849862192934475,1010,-7.363448982366645,3.4816903386465743,-12.438789131260211,4.351656292503347,1473
Uwisan,2023,6,0.4907210797861403,0.3847038939451134,0.40168012274151915,0.2716009088519556,-0.4320235331091751,0.3465497807110258,1497,-6.952769637304575,3.722041675015215,-12.08843286004556,4.281157064583363,1477
Uwisan,2023,7,,,,,,,0,-6.406179370361106,3.763694050949752,-12.2078815180909,4.875799137750846,1480
Uwisan,2023,8,-0.07057758605676809,0.10251465378758952,-0.03535735995845042,0.19708818473602535,0.24477232185502845,0.08552810236013511,36,-7.313285750901764,4.003144890434802,-12.600780310766956,5.54994961857335,1484
Uwisan,2023,9,0.49287958186320163,0.44488134972392696,0.34027072335668035,0.24281854505004827,-0.4329267457499601,0.3927203211145534,1497,-6.870399658996583,3.8252576330667822,-12.078240716261247,4.85551011934013,1474
Uwisan,2023,10,0.5161156059668269,0.2386326487782162,0.4096974202036882,0.22554143159230947,-0.453268222985203,0.1807018449006933,1414,-6.484506463214136,3.889363204322038,-11.580004199181452,4.909554716124455,1480
Uwisan,2023,11,,,,,,,0,-6.712235630346649,4.08876451769317,-11.55160696327666,5.03721930602978,1489
Uwisan,2023,12,0.39469454774024404,0.15078043879368544,0.3503762864993703,0.1573463158159993,-0.36525830660084113,0.12261225158820836,1192,-6.53745117936081,3.7933502200557947,-11.873412982618596,5.261154746888034,1480
Uwisan,2024,1,0.46259382300688845,0.2850794659578315,0.3423498676623238,0.2188603070184422,-0.4146543440838358,0.2566600704095453,1026,-6.910417402928146,3.0186222191702208,-12.01387265723285,4.883763770688934,1495
Uwisan,2024,2,0.441943581104521,0.28943567082282856,0.2901492794067646,0.20894236713844364,-0.4238141116816192,0.2329570468318678,1497,-7.157124954836097,3.466760479198603,-12.207099456814591,5.168997801008616,1476
Uwisan,2024,3,0.45891532766926324,0.28087943634064466,0.3251349126618998,0.22260007232901857,-0.4209445723105076,0.21579193440930747,1497,-7.143323442890584,3.247940844021425,-12.150179292166891,4.864746036779634,1495
Uwisan,2024,4,0.46206082414811445,0.34123010167413415,0.3538838512345537,0.25450389105559007,-0.45033127398274625,0.2682090936367996,1497,-7.163149102211193,3.5855038138943875,-12.284922317209396,4.815103001599892,1486
Uwisan,2024,5,,,,,,,0,-7.2640264230365394,3.452030661387985,-11.927492641061834,4.580196473605003,1497
Uwisan,2024,6,0.3889345457078892,0.2011970140172944,0.35051700545351666,0.2186115619004666,-0.3601376301353322,0.15127920273566733,1020,-7.227936126433878,4.045051329073076,-11.967659070269967,5.001330440696558,1494
Uwisan,2024,7,0.24828916242389792,0.07853189291660996,0.2516831434440852,0.08680669828523871,-0.20937655268106176,0.05819237693500074,299,-6.097785123574392,4.1128860481766765,-13.952805683106599,3.9950801774928717,1493
Uwisan,2024,8,,,,,,,0,-6.855862525471775,3.879329426465923,-11.898967197995914,5.307964191806043,1495
Uwisan,2024,9,0.5243840923683756,0.27976054413173224,0.3460146922847352,0.2227961759769335,-0.4688082095161277,0.2043964946238666,1316,-6.881334391509701,4.129622910179446,-11.931142700191726,5.179465295724311,1483
Uwisan,2024,10,0.48396346065322726,0.3752414537307456,0.35329378861249644,0.25646031284057036,-0.4265684411595358,0.3277503390873495,1497,-6.93628701816591,3.8580194007432587,-11.941720613540237,5.354843766461326,1480
Uwisan,2024,11,0.42664175183409153,0.2575498301987158,0.3045530858333043,0.21829086463852396,-0.4050065249563506,0.19113782438357335,1282,-7.181275025381626,3.361572970894444,-12.27530597419933,5.288882355809148,1484
Uwisan,2024,12,0.3339688326970052,0.31375515454544134,0.27432997346695487,0.2708291975178207,-0.3188473561712599,0.2791328775758791,874,-6.373844040756955,4.065947653736526,-11.540859101270453,5.2503119470917285,1496
Uwisan,2025,1,0.4263243858402151,0.2948658434303672,0.31309441503080726,0.23505800336982918,-0.396779933241343,0.25194220646915466,1497,-6.653976246317991,3.72641578720451,-11.956262867031848,5.554502903879019,1480
Uwisan,2025,2,0.310320869771826,0.10994009489145082,0.26834996954617807,0.11003166420763243,-0.27202210583651776,0.0934608767103105,863,-6.886514761782282,3.2134482807725036,-12.269913538007058,5.355484565157767,1492
Uwisan,2025,3,0.4791530938453556,0.3118802707738054,0.3495789397608687,0.2461602000768096,-0.4420726434081924,0.25263591378376893,1497,-7.149941911189869,3.9193309904328495,-11.957806707409917,5.585221746900424,1488
Uwisan,2025,4,0.43168560675465256,0.23599220718311845,0.3458723954765688,0.21264053439229313,-0.4242899477692999,0.17263314620790546,1429,-7.440011075813558,3.740197215658393,-15.146124140453388,3.6467658798248683,1497
Uwisan,2025,5,0.47961250656024945,0.31252877439301546,0.4033750262278121,0.2903650308495345,-0.44258641879168786,0.24305443440593508,1497,-7.004854578106205,4.073973639814976,-11.77835545377263,5.028303244517778,1495
Uwisan,2025,6,,,,,,,0,-5.0892940703336995,4.981765085219888,-13.281027604519076,3.736911430985599,1497
Uwisan,2025,7,,,,,,,,-6.683966286195984,4.613442773539151,-14.738447573387775,4.646331327664377,1493
Uwisan,2025,8,0.40277989369458955,0.33057190763862687,0.29811409938845346,0.270866779561355,-0.3477382585702414,0.29621323812169015,1494,-6.996176179194448,4.917440191470154,-12.168501126193608,5.501716233305519,1497
Uwisan,2025,9,0.45569224409153575,0.333808230182889,0.3321889399918647,0.2535869770296552,-0.38752940183386525,0.29220257020040896,1497,-6.5055426373059335,5.445212790916287,-14.2147896410866,4.4242347960112935,1497
Uwisan,2025,10,,,,,,,0,-7.130681784528237,4.417721959409045,-12.134436060393531,5.7349930210275915,1495
Uwisan,2025,11,0.3379585438392137,0.3507838142192946,0.2372587071809545,0.23481220952755746,-0.33992721074681664,0.3182822557221705,942,-6.318188922842695,4.8056325421072295,-14.537054652995618,4.585885158502276,1496
