municipality,year,month,ndvi_mean,ndvi_std,ndvi_min,ndvi_max,s2_valid_px,vv_mean,vv_std,vh_mean,vh_std,s1_valid_px
Alaminos,2018,1,0.7435397859575571,0.1473849699817555,-0.17695213854312897,0.9252201318740845,29279,-5.730454876255691,2.1664517401831684,-12.150481518899925,2.154407462923377,150293
Alaminos,2018,2,0.7888835875615291,0.10720907395027887,0.059001512825489044,0.9123279452323914,36054,-6.0534399289936065,2.3185376182081354,-12.653917566197682,2.156278420677444,150286
Alaminos,2018,3,0.766086459178217,0.15864246682641434,-0.2930390536785126,0.9418604373931885,88084,-6.261686279322462,2.223328498536579,-12.982311689570496,2.0739698002794262,150285
Alaminos,2018,4,0.6704707909305652,0.18733540286880432,-0.21463415026664734,0.9335931539535522,46475,-6.546564428335136,2.1929784226003908,-13.021744266134778,2.0401821656332593,150287
Alaminos,2018,5,0.7087469857857358,0.11684169263801643,-0.08579754829406738,0.8586171269416809,25467,-6.082251281895327,2.320544358102414,-12.341552459289126,2.362766596536801,150292
Alaminos,2018,6,0.7978070058835129,0.143904786932091,-0.35868626832962036,0.9334380626678467,63481,-5.999386507350708,2.3370537499513278,-12.80787353976585,2.1880539491618443,150287
Alaminos,2018,7,,,,,,-5.454776463755554,2.184242530192977,-12.168127531716609,2.167203440774814,150289
Alaminos,2018,8,,,,,0,-6.251848869295582,2.0942209589618903,-12.973558897823706,1.9727508743033955,150285
Alaminos,2018,9,0.7649330543694148,0.12020454129517538,-0.004843918140977621,0.9080216884613037,46142,-6.129646727319168,2.214061006369143,-12.812485539564426,2.0933263024169957,150286
Alaminos,2018,10,0.66151269190856,0.17168543823459478,-0.01831238716840744,0.9225743412971497,33297,-6.233904560872154,2.213642734114792,-12.99771751795367,2.094742996765962,150285
Alaminos,2018,11,0.8212117812309108,0.16415359297754017,-0.514379620552063,0.9716363549232483,62333,-6.32153691476946,2.200266471073437,-13.151614266170329,2.0947846528291167,150286
Alaminos,2018,12,0.7067476011087398,0.16468411864585225,-0.1798298954963684,0.9225925803184509,42713,-5.415078631384699,2.1937906201165744,-12.148730486191425,2.0461846129038825,150285
Alaminos,2019,1,0.8192801355810245,0.15607609047230453,-0.43065133690834045,0.9465844631195068,68839,-6.370127566578739,2.2234755419107186,-13.1043749892532,2.1016689470586587,150285
Alaminos,2019,2,0.7668120599909818,0.14789453456914103,-0.7442765831947327,0.9233796000480652,63008,-6.523250074950137,2.3548573622900224,-13.221440288272332,2.266824877333749,150284
Alaminos,2019,3,0.7183035665192719,0.1395550411686233,0.03935040533542633,0.9059572219848633,11124,-6.8569082154536165,2.4196809089862676,-13.315743484162482,2.339725690549286,150286
Alaminos,2019,4,0.6357583784609259,0.1628331759412552,-0.04522271454334259,0.8917981386184692,11305,-7.265105959875047,2.451581357127346,-13.547628882694184,2.4096392578648413,150283
Alaminos,2019,5,0.780765726782359,0.16319575468946268,-0.3899745047092438,0.9801889061927795,108740,-6.617340800829008,2.4201326253654716,-13.25578518028238,2.331165917169551,150285
Alaminos,2019,6,0.8001902662614903,0.1556414004754956,-0.156215101480484,0.944436252117157,75226,-6.375726374534436,2.218814337393324,-13.249078505226421,2.0627939712483183,150284
Alaminos,2019,7,0.7840719219733794,0.16287563536108285,-0.20000000298023224,0.9507198333740234,66503,-5.6642883863897495,2.1277137546214444,-12.532990375936908,1.9409933691313455,150284
Alaminos,2019,8,0.7957779231707593,0.12374363262970622,-0.11013567447662354,0.9239543676376343,56149,-5.828693316672378,2.242841297932188,-12.688238473201586,2.279093994997698,150286
Alaminos,2019,9,0.5858595466523929,0.12037540217199301,0.25661805272102356,0.8430502414703369,2787,-6.172386331821737,2.239000949297232,-13.011524670916891,2.104105411609062,150285
Alaminos,2019,10,0.835305539784605,0.10626223312987405,-0.10555794835090637,0.9348666667938232,45830,-5.545544220817968,2.105343453161885,-12.24774720494176,1.9568019315512615,150286
Alaminos,2019,11,0.7532390583077303,0.1406140522486897,-0.24405092000961304,0.8894259929656982,54416,-5.899768404613812,2.123276535571187,-12.721424397937044,1.9515696419962756,150286
Alaminos,2019,12,0.771089969998177,0.14642621022042793,-0.21176470816135406,0.9401144981384277,63890,-6.293204695634598,2.217306111756549,-13.008345165493274,2.103236899353588,150286
Alaminos,2020,1,0.8222461470742738,0.14509083492948782,-0.37223973870277405,0.9504345059394836,143980,-6.235190104625292,2.254290439466248,-13.033406352011076,2.1829308838624244,150284
Alaminos,2020,2,0.7426312714754124,0.16474042951522613,-0.2497461885213852,0.9051480889320374,86465,-6.578542963237082,2.4120015051013923,-13.3544347652691,2.35315621118347,150285
Alaminos,2020,3,0.7388827945019968,0.1402389611911617,-0.2149639129638672,0.9213905334472656,83184,-6.589693609578719,2.443767762344947,-13.189667507499957,2.393823918365506,150285
Alaminos,2020,4,0.5408634750470175,0.12926481895754593,0.012891344726085663,0.8843069672584534,12959,-6.876967112035677,2.491003271357309,-13.504842599783915,2.3949778777885435,150285
Alaminos,2020,5,0.7689362082331812,0.15498333260027536,-0.2365056872367859,0.9473364353179932,97775,-6.091655138949891,2.328624460216083,-12.715134937325201,2.2477024687768066,150285
Alaminos,2020,6,0.83061684845084,0.15820486447670426,-0.3147410452365875,1.0,122730,-6.135467327220968,2.3001949387572314,-13.070244294515113,2.195830533240131,150284
Alaminos,2020,7,0.7292318960033005,0.17518374042376136,-0.03674634173512459,0.9020085334777832,30323,-5.571029800450547,2.233562951463105,-12.528080640275633,2.2823905247642706,150291
Alaminos,2020,8,0.8279704026568355,0.16540616940074923,-0.28611111640930176,0.964751660823822,139048,-5.984311181433441,2.2939100950158373,-12.819765149375293,2.183290874588085,150285
Alaminos,2020,9,0.637944970416756,0.1317863893426377,-0.01963690295815468,0.8415617942810059,30474,-5.495955132189244,2.3680574675183506,-12.526881797166045,2.4061941750124225,150285
Alaminos,2020,10,0.7392846123217495,0.1732939613566637,-0.2996426820755005,0.904416024684906,90778,-5.368255562151034,2.196507057659984,-12.182723698231026,1.99660435377686,150286
Alaminos,2020,11,0.7023935402891212,0.16909125188363358,-0.0029606011230498552,0.9075874090194702,4745,-6.18396096600636,2.2541965139177544,-12.746762925921738,2.219876146635532,150285
Alaminos,2020,12,0.7824615442029272,0.17612651286614306,-0.2722298204898834,0.9345366954803467,43639,-6.141108375647108,2.2719936075437697,-12.9071554022279,2.2420243017585886,150285
Alaminos,2021,1,,,,,0,-6.282929134890472,2.216658940113529,-13.036331004214333,2.1607749619578116,150286
Alaminos,2021,2,0.8202543269315723,0.1456395727643385,-0.3474756181240082,0.9400578737258911,81736,-5.611363946799396,2.4057187955650483,-12.429726187603187,2.2604531561345227,150284
Alaminos,2021,3,0.7381334075149341,0.1374948330202028,0.03199104964733124,0.8899810910224915,25507,-6.1294092211823035,2.304135877922892,-13.011625482299328,2.2329094581331166,150286
Alaminos,2021,4,0.6942902641936741,0.1788885578363843,-0.17946645617485046,0.8958002328872681,90543,-6.315632854891367,2.330526362091693,-13.098954554155277,2.269145559043916,150284
Alaminos,2021,5,0.7391009582109872,0.17553919888516512,-0.16435477137565613,0.9328048229217529,132226,-6.539418029232023,2.495607812358394,-13.425328464644348,2.429194624625904,150284
Alaminos,2021,6,0.7862515767193266,0.12122932211137384,0.06141285225749016,0.935201108455658,29867,-6.31399230813414,2.53187677867709,-13.26465412701328,2.4461006702231365,150284
Alaminos,2021,7,0.7486815956946091,0.13361699706265745,0.11543644219636917,0.9130151271820068,5142,-5.910704311353645,2.2567225753482787,-12.746198993079705,2.101156488085146,150284
Alaminos,2021,8,0.6361036354631888,0.0798905442716888,0.46532437205314636,0.7576280236244202,127,-5.614989643920776,2.427722019425377,-12.752917564834345,2.5387836203611673,150283
Alaminos,2021,9,0.8071628525736954,0.14542743978433215,-0.16638369858264923,0.9515260457992554,102241,-6.272769651215228,2.3589228191360485,-13.046251137385525,2.259282536310438,150284
Alaminos,2021,10,0.6316126457425763,0.14712381232863897,-0.13388898968696594,0.9078493118286133,21258,-6.120303174148847,2.3699716051543294,-13.075361436954033,2.5316532884971674,150262
Alaminos,2021,11,0.7367480253156328,0.14877089493857124,0.14073094725608826,0.8649991750717163,844,-6.070062044658641,2.3623198371175813,-12.956424373604355,2.2411024265134696,150285
Alaminos,2021,12,0.7940976776755119,0.21183009136490905,-0.4278026819229126,0.9656851291656494,52626,-6.054530414844651,2.2646102060186886,-12.96817062460058,2.4449988326988277,150284
Alaminos,2022,1,0.6703092796476599,0.1502469820386532,-0.2727415859699249,0.8557446599006653,18458,-5.847566055060809,2.4252336194548763,-12.893030258684798,2.622118584066782,150272
Alaminos,2022,2,0.6037855969035044,0.19590810177652643,-0.17271535098552704,0.9246711134910583,22805,-6.026423225807314,2.319006897499908,-12.901853114647496,2.477383021279414,150279
Alaminos,2022,3,0.7869464347482966,0.1827226356904004,-0.3590010404586792,0.962280809879303,95126,-6.173178301593615,2.2699479067213777,-13.061815707373277,2.4375679460264705,150287
Alaminos,2022,4,0.7203734620757142,0.17874375013502078,-0.3955029547214508,0.9093953967094421,40594,-5.805301708806337,2.3272471380265247,-12.825140244544219,2.4782055331955486,150273
Alaminos,2022,5,0.7936148431874088,0.1709919884384955,-0.17416086792945862,0.9364375472068787,97449,-5.454136127728355,2.2498105676259765,-12.711844104114691,2.3380193962432108,150289
Alaminos,2022,6,0.7154503240727409,0.17236514072421213,-0.10391177237033844,0.9117705821990967,35352,-5.520828725402317,2.424439792087791,-12.568014593858225,2.5129628184016624,150278
Alaminos,2022,7,0.7288040415980158,0.17615194666620884,0.008966493420302868,0.9174208045005798,4920,-5.231997951253391,2.259568617483974,-12.390151479867704,2.314964439923066,150289
Alaminos,2022,8,0.7333380703907483,0.18675249427188217,-0.16596639156341553,0.8917246460914612,46822,-5.68649018072688,2.3001119283198985,-12.62530771793844,2.406988576738643,150287
Alaminos,2022,9,0.6962124132260749,0.13074503866350684,0.054114632308483124,0.8732205033302307,19718,-5.781033857467801,2.2915040171756487,-12.627149832920585,2.39286217074599,150287
Alaminos,2022,10,0.7530374461620425,0.20024274770737294,-0.09962169080972672,0.9424035549163818,31973,-5.678188077267241,2.3710637289835432,-12.475788353163805,2.5133714706752253,150285
Alaminos,2022,11,0.6342125386807267,0.15773566386087182,-0.18066157400608063,0.8528308272361755,17287,-5.5862696695112195,2.245345700311333,-12.38625432309706,2.366705609681406,150288
Alaminos,2022,12,0.7928878269965189,0.11072315452149994,-0.08788005262613297,0.9030612111091614,13372,-6.256710476397694,2.283554818629875,-13.046960164904542,2.435412186474979,150289
Alaminos,2023,1,0.8115947156132204,0.17429816585343422,-0.3903966546058655,0.9526739120483398,115643,-6.298162141367204,2.4018024110393594,-13.045295362648591,2.5594186342760556,150274
Alaminos,2023,2,0.5485645873206002,0.017738588730019874,0.5169143080711365,0.5670995712280273,7,-5.91867140011265,2.312826481884415,-12.850862776351246,2.4780858481389534,150290
Alaminos,2023,3,0.5964846263623093,0.1637926240483496,0.13754358887672424,0.7989736199378967,338,-6.554788804596732,2.381474346500003,-13.153353114670335,2.5753086367023332,150270
Alaminos,2023,4,0.6825171209000641,0.1633065627434694,-0.282728374004364,0.9077818989753723,37086,-6.189294833693371,2.378257524982821,-13.052936408446008,2.59082030094631,150268
Alaminos,2023,5,0.6269540432825086,0.1830879760284271,-0.06954243034124374,0.898749828338623,19869,-6.054307649733328,2.461944089536003,-12.98868688393724,2.6719119876546507,150247
Alaminos,2023,6,0.7909369140605768,0.15791346710325974,-0.24092741310596466,0.9845613837242126,87641,-5.658513612311576,2.3101473689060295,-12.802282753930895,2.4124372082172107,150288
Alaminos,2023,7,0.7004040178428533,0.16496264170969005,-0.09051954746246338,0.8481383919715881,2884,-5.456641458838062,2.3300717456406392,-12.394296699850289,2.3886080990976812,150287
Alaminos,2023,8,0.6787907076215735,0.2108827333586494,-0.13037189841270447,0.9073243737220764,16765,-6.019234886344722,2.452771113241601,-12.902368442255835,2.565083287016955,150271
Alaminos,2023,9,0.7751208584394248,0.19898509100817477,-0.2860492467880249,0.9558730721473694,98624,-5.604173049860789,2.3158078853926427,-12.570513906736897,2.409878618291966,150278
Alaminos,2023,10,0.7554209601663704,0.17704372991007022,-0.2570815980434418,0.916721761226654,53412,-5.365947158842979,2.400544461272072,-12.318229470726608,2.5114079434580776,150280
Alaminos,2023,11,0.6084154394243432,0.210878551822507,-0.19716951251029968,0.9387478828430176,45312,-5.673642485788224,2.4200821913935697,-12.466552594107826,2.481491921248272,150281
Alaminos,2023,12,0.7124512938353492,0.17325764279251546,-0.37235227227211,0.9655568599700928,96291,-5.516642104451631,2.4237364481183064,-12.482528604547454,2.5129836037996744,150263
Alaminos,2024,1,0.7173014366753886,0.2234233419117076,-0.24166947603225708,0.9338070154190063,59388,-6.075694995564048,2.4501374045165183,-12.911287290001976,2.5221070398145526,150290
Alaminos,2024,2,0.7896027608472996,0.17598980669888478,-0.285969614982605,0.9434250593185425,138331,-6.159162068985298,2.292124439952746,-13.071951000078668,2.4200855004073065,150286
Alaminos,2024,3,0.5601747357092446,0.22588003466699683,-0.177204892039299,0.902123749256134,10522,-6.476327373233241,2.416569485347545,-13.092849456619074,2.5237849033403683,150289
Alaminos,2024,4,0.64128272061365,0.17315023485506184,-0.13397860527038574,0.9208965301513672,43435,-6.850490215060977,2.552775959534647,-13.62845268355612,2.836271035505699,150250
Alaminos,2024,5,0.6518265291538421,0.1591967342652253,-0.1598609834909439,0.8918123245239258,54960,-6.8076940839548845,2.4656475999821845,-13.346750160003797,2.6110024373249128,150288
Alaminos,2024,6,0.6987073193694864,0.1911257338083958,-0.05223653465509415,0.9456955790519714,23161,-5.713941954667662,2.2213163874281174,-12.510531702116955,2.285897137190691,150293
Alaminos,2024,7,0.7232104061138731,0.14009855754151337,0.00891600176692009,0.9041643142700195,106829,-6.076195276089726,2.3994728466429525,-12.933181347923162,2.3415554423380347,150274
Alaminos,2024,8,0.4740470976630369,0.07101344700787449,0.1858513206243515,0.6900155544281006,2071,-5.514312874973562,2.298330885147417,-12.08679127833283,2.302586305758579,150291
Alaminos,2024,9,0.7495267496423041,0.15917574276887092,-0.20114122331142426,0.9519800543785095,58027,-5.6940003785072335,2.425668666673619,-12.700878121496027,2.5135963064736213,150279
Alaminos,2024,10,0.7712599628850559,0.18684783630811988,-0.18961624801158905,0.9447035193443298,53789,-5.7460191749057605,2.2672206089215226,-12.177552885027572,2.3330402237924406,150284
Alaminos,2024,11,0.6219586812196602,0.18164395307466963,-0.03699136897921562,0.8726869225502014,11772,-6.312016376006455,2.382483438348398,-13.033244455455364,2.569492832827923,150260
Alaminos,2024,12,0.46785460391714695,0.08594703462946875,0.2797794044017792,0.7873563170433044,2939,-5.47683756963113,2.269336613221591,-12.174256739963097,2.336303114893685,150289
Alaminos,2025,1,0.6963364447505428,0.21900148175848697,-0.3176422417163849,0.9565450549125671,37002,-5.576639130023283,2.295778150667261,-12.457767728356703,2.4017939281411396,150284
Alaminos,2025,2,0.5672945555785424,0.12535016490241102,0.24461105465888977,0.8247531056404114,920,-6.129643961816657,2.419562621163904,-12.821811870228442,2.5076346625579835,150291
Alaminos,2025,3,0.748275183327832,0.18682777728442704,-0.23515579104423523,0.9262003302574158,37698,-5.908464390350609,2.2948553105259126,-12.842862449463533,2.3708532848674673,150286
Alaminos,2025,4,0.7140170459673786,0.17682348045483232,-0.20144927501678467,0.9426689743995667,107044,-7.299000067021749,2.541680753209971,-14.127299994219237,2.372370497363198,150287
Alaminos,2025,5,0.7908532189958181,0.15779489188536663,-0.18354912102222443,0.95158851146698,65606,-5.933959527883573,2.382074012959355,-12.821429678607656,2.447005420291369,150290
Alaminos,2025,6,0.821277015365993,0.16098965252988487,-0.4512471556663513,0.9467408657073975,75214,-6.005485629379374,2.3647982688382374,-12.87700922646883,2.1188250795780306,150286
Alaminos,2025,7,,,,,,-6.358933046893975,2.4334638199885688,-13.09929575178033,2.2626227425986025,150285
Alaminos,2025,8,0.7655456948040373,0.18957808605452936,-0.2063789814710617,0.9357317686080933,52783,-5.649258450530568,2.375824539645212,-12.522667044230282,2.3492649756606068,150293
Alaminos,2025,9,0.756362753182114,0.18094713181993402,-0.10517869889736176,0.9371806979179382,44183,-5.729476657844174,2.437750394427549,-12.52074039966645,2.2167813483086443,150285
Alaminos,2025,10,,,,,0,-5.697903454562974,2.3574256285742847,-12.675715514120606,2.37435673052783,150291
Alaminos,2025,11,0.7528850530130576,0.13215945329022674,0.0,0.8997018933296204,29123,-6.364495609348353,2.409835617915802,-13.071198403378698,2.235582474771651,150285
Bay,2018,1,0.6719552388076656,0.21712762890688792,-0.5208938717842102,0.9153439402580261,64241,-6.928048388828759,2.9734073988669683,-13.689309839820034,3.3113641692816533,97382
Bay,2018,2,0.7336627744666611,0.20052186847503314,-0.5193798542022705,0.9172264337539673,52495,-7.28526722575235,2.884388923785491,-13.877214796040871,2.944056208987893,97386
Bay,2018,3,0.6084244869934559,0.2133648951873835,-0.4244881272315979,0.9244755506515503,55246,-7.454606132586367,2.775674516150998,-14.00850549275519,2.745879978898445,97385
Bay,2018,4,0.5800240045733515,0.21898378710364816,-0.4798019230365753,0.929474413394928,64332,-7.66382597094036,2.7710192649091163,-13.933728000518466,2.6617403967706537,97385
Bay,2018,5,0.42356160287516853,0.21395485090212868,-0.23860208690166473,0.8663154244422913,10883,-7.1752558460559275,3.057090567146911,-13.385863060436437,3.181788560371876,97332
Bay,2018,6,0.5551187153331371,0.2748594741769912,-0.5629405975341797,0.9073330760002136,50292,-7.361322768749925,3.2422794120807072,-14.390850828038886,3.7009271282305156,97379
Bay,2018,7,,,,,,-6.754563688900824,3.2718149639582377,-13.710325532204406,3.6061984967265066,97259
Bay,2018,8,0.5104881345663062,0.12870068269904428,-0.1807228922843933,0.7974413633346558,768,-7.4849587019182815,2.86608529181097,-14.195522243988185,3.2325772391712047,97347
Bay,2018,9,0.5781832346842699,0.21957341908056388,-0.3545454442501068,0.8898409008979797,52583,-7.17394112654477,2.95185937345277,-13.531475595901654,2.844637652186338,97360
Bay,2018,10,0.7937034223294103,0.17622228395577774,-0.48198971152305603,0.9209396839141846,29549,-7.3236451526407995,2.820068016324077,-13.761089605382589,2.7379202456177674,97343
Bay,2018,11,0.5839622789853582,0.2821608385591185,-0.8008298873901367,0.9579579830169678,73430,-7.447516015190278,3.0788090870842244,-14.431139578594612,3.5191676474769165,97340
Bay,2018,12,0.6104480972038938,0.22555116603313738,-0.4312994182109833,0.9096189141273499,47186,-7.541958986731825,4.12276131030715,-14.706447898721667,5.024856145678479,97169
Bay,2019,1,0.6712863239298864,0.23000711280865893,-0.39253997802734375,0.9251191020011902,25124,-7.532090113533425,2.907458624753985,-14.722333734654455,3.505971642852023,97324
Bay,2019,2,0.7375331096984704,0.16555693097223348,-0.4253997504711151,0.9219123721122742,28544,-7.697262734492459,2.896651720637181,-14.559420622651187,3.2468497362974302,97301
Bay,2019,3,0.5686806395108792,0.22825985644991997,-0.4441901743412018,0.9254394173622131,41016,-7.959731505582835,2.9255989323184717,-14.305368975955698,2.9617521985045303,97340
Bay,2019,4,0.5579291821523646,0.20648614012773783,-0.3551705479621887,0.9266324043273926,85991,-8.064765584966283,2.8776793761061374,-14.343030735772555,2.945884679503988,97344
Bay,2019,5,0.6889791798429523,0.22238558444520273,-0.5907473564147949,0.9706422090530396,67711,-7.588092587319273,3.0286679244778774,-14.160717200905996,3.2166359826641946,97347
Bay,2019,6,0.6137928110512231,0.28685437426293964,-1.0,0.9644588232040405,77520,-7.043091684334134,2.89595623504746,-14.02283282489634,3.3086671686634417,97373
Bay,2019,7,0.7001273288538533,0.2468905057684266,-0.49626287817955017,0.9555555582046509,43350,-6.911940166764886,2.996374123117799,-13.965118354634608,3.4739357453666146,97371
Bay,2019,8,0.6231568021035886,0.21535969478598602,-0.11954459547996521,0.9024954438209534,13773,-6.659955737886519,3.0530725909109795,-13.471469128526326,3.1361429350944867,97239
Bay,2019,9,0.46800945119598014,0.1428621500368446,-0.15299877524375916,0.8663839101791382,18534,-7.168360863448674,2.8393623546521813,-13.720071306238177,2.78089632654441,97357
Bay,2019,10,0.6623987667533601,0.24610953691897242,-0.6858974099159241,0.960578203201294,82917,-6.358363953017627,2.597550027186508,-12.607058268752073,2.3921232123847225,97377
Bay,2019,11,0.5873674746414222,0.2307803743863043,-0.47009360790252686,0.8905405402183533,63234,-6.797762159381653,2.862018287991635,-13.55012336729563,3.0899665877171865,97377
Bay,2019,12,0.4223083256761089,0.1979988579813184,-0.19634702801704407,0.9081023931503296,19827,-7.491542182961997,3.036878023853809,-14.633050646019315,3.83368503337761,97331
Bay,2020,1,0.6884051388988403,0.23750100405417188,-1.0,0.9356933832168579,88339,-7.264043896665809,2.820503757801155,-14.355956142150255,3.4867919030121737,97285
Bay,2020,2,0.6950610911928602,0.1840589225104031,-0.5332999229431152,0.9037643074989319,51379,-7.551360578133788,2.849589411428646,-14.34428923682084,3.1242178691739992,97358
Bay,2020,3,0.6269213634435491,0.21567250634544416,-0.39649122953414917,0.9238373041152954,86866,-7.68750579309131,2.872984808554751,-14.019969750023755,2.801317801180871,97368
Bay,2020,4,0.5476136085553557,0.19412531215947446,-0.3780019283294678,0.9188888669013977,57405,-7.758890228842844,2.874985284550592,-14.153597643989208,2.7732753196084996,97373
Bay,2020,5,0.5432544158565652,0.27039421331011243,-0.6072086691856384,0.944615364074707,63109,-6.815773082277162,3.197503322184713,-13.270706813188024,3.413812708275381,97373
Bay,2020,6,0.6520692445847274,0.2550898103242494,-0.6325358748435974,0.9731543660163879,64301,-7.2195907881521295,2.87152239919622,-14.284098667820281,3.4182439614010853,97359
Bay,2020,7,0.5824161815752917,0.20011079676435994,-0.2813141644001007,0.8808736205101013,4413,-6.7841267085710575,3.057549072120145,-13.712748448446357,3.211934300908451,97234
Bay,2020,8,0.7594679541380214,0.19034350158436103,-0.4652956426143646,0.9525911211967468,65608,-7.206249109044788,2.9491726039841133,-13.628534729493383,2.7843104108229912,97361
Bay,2020,9,0.5678460995441689,0.21238554363562406,-0.20618556439876556,0.9042839407920837,23756,-6.374973739644754,2.7556308529777223,-12.807444372214563,2.493170462997378,97351
Bay,2020,10,0.549484073203375,0.24853392413393058,-0.60317462682724,0.9269023537635803,48853,-5.611452569895207,2.380027463009814,-12.164381389803655,2.336816193849638,97384
Bay,2020,11,0.4617450886464899,0.3170663471043899,-0.6375929713249207,0.9255750775337219,42156,-7.447818565432795,3.343808551355564,-14.456535193939096,4.327327749188882,97303
Bay,2020,12,0.6609756355351367,0.2545268345864081,-0.6047773957252502,0.9456067085266113,45227,-7.307054756683332,3.137321241826125,-14.621074345494597,4.179568776767282,97295
Bay,2021,1,,,,,0,-7.299394443515566,2.8162097152208396,-14.23201061642768,3.4220266879416497,97336
Bay,2021,2,0.6994249411724052,0.24947261491367007,-0.6829268336296082,0.9541301727294922,88176,-6.72420651604954,3.20538236760634,-13.195468239829214,3.1124131338945227,97360
Bay,2021,3,0.6061676534884005,0.22013503358838826,-0.40423673391342163,0.8866076469421387,57721,-7.207024278088313,2.7546107452652455,-13.849983434467878,2.8922737728960484,97231
Bay,2021,4,0.6471151125415355,0.21471067255821716,-0.3858737647533417,0.8579654693603516,6186,-7.078085454597982,2.6979365964836064,-13.68295235067478,2.7435693712190976,97302
Bay,2021,5,0.6985860352055608,0.2050566903301516,-0.43246930837631226,0.9258358478546143,43310,-7.4152675203420975,3.153971409690421,-14.35622641606182,3.611696761425773,97244
Bay,2021,6,0.5536028445765672,0.25369280643858017,-0.5155155062675476,0.9012889266014099,58168,-7.150538206974378,3.0310255492597893,-14.426383097852211,3.8150177553076063,97267
Bay,2021,7,-0.056655098450724445,0.020766566627353378,-0.12421825528144836,0.022932592779397964,1917,-6.849607529798897,2.931356708486766,-13.86353359469834,3.5895803727414126,97274
Bay,2021,8,0.6041728084724253,0.20018525011893018,-0.32478055357933044,0.8612040281295776,50342,-6.770850548076995,3.0536680545511814,-13.655737046083713,3.0178822853100837,97138
Bay,2021,9,0.6630088930955994,0.22750419219809098,-0.5720930099487305,0.9766082167625427,66241,-6.938058036610857,2.851694267654855,-13.547194255265543,2.8014708015687213,97296
Bay,2021,10,0.43371940309817003,0.14108166330421915,-0.03451075777411461,0.8934810161590576,1214,-6.5378058569678235,2.78417718453703,-13.388714337520188,2.918856464493106,97092
Bay,2021,11,-0.14089664408896607,0.10986465626154768,-0.3236750364303589,0.03871292248368263,23,-7.122877072836885,3.2706737773119965,-14.163860883655962,3.808021320199969,97207
Bay,2021,12,0.7466006170222913,0.2528250199480539,-0.7335092425346375,1.0,51464,-6.852952157461635,3.1777152568795843,-14.510776647848747,4.372213945461028,96575
Bay,2022,1,0.5247035063391575,0.11314636374341493,-0.011051985435187817,0.7766552567481995,2715,-6.837124064544287,3.0392837989392523,-14.282169822256408,3.7703886097987787,96836
Bay,2022,2,0.6455981321040131,0.19159325694425205,-0.42095381021499634,0.9253514409065247,29065,-6.843704975624782,2.8401517258482585,-13.46621250295706,2.822685498483462,97235
Bay,2022,3,0.6794142908500077,0.2260464727599135,-0.47861507534980774,0.946260929107666,60828,-6.9525200269618885,2.7648009968286895,-13.502128714612798,2.6294640041444857,97209
Bay,2022,4,0.6183599753520701,0.18869549208279518,-0.15023721754550934,0.8957486152648926,36870,-6.4647141598240685,2.787141018559896,-13.203708985320857,2.7782289618716574,97165
Bay,2022,5,0.7006411382477516,0.22600623826040894,-0.4206647574901581,0.9417312741279602,53865,-6.331887706637866,2.897323266803884,-13.473690296875201,3.052705167995323,97136
Bay,2022,6,0.5397063252225099,0.26793985602849923,-0.3340757191181183,0.9028906226158142,22333,-6.427284909032223,3.380638631468966,-13.90337889644778,4.181928859751582,96631
Bay,2022,7,0.6640543353585024,0.23897426414885267,-0.5479452013969421,0.9264083504676819,50310,-6.280080217161171,3.03204539252544,-13.466952519288858,3.5197656023442554,97077
Bay,2022,8,0.693439979048042,0.17215326675969655,-0.41774794459342957,0.865543782711029,14497,-6.760004646927705,2.9945027222000005,-13.544449006681004,2.9895698210384194,97177
Bay,2022,9,0.22686330511364158,0.26562100026130375,-0.16211745142936707,0.7911646366119385,223,-6.483993114017741,2.8804856937384944,-13.095256379637588,2.73700140269361,97229
Bay,2022,10,0.7385713868350162,0.21147657948297674,-0.6884735226631165,0.943138837814331,22954,-5.974508915826612,2.8859049908810865,-12.642328522246675,2.873227058502618,97142
Bay,2022,11,0.3834169553039648,0.25773473185273876,-0.4414607882499695,0.834825873374939,6526,-6.395747559998144,3.42779955042647,-13.280962772848678,3.897273751564319,96735
Bay,2022,12,0.776731271259209,0.12011897818634602,-0.42811399698257446,0.8968058824539185,6229,-7.127847634402756,3.013000929472788,-14.471630417536508,4.022295410108979,96849
Bay,2023,1,0.7381921996706748,0.21571280822609804,-0.5258637070655823,0.9420977830886841,57620,-6.985017403305154,2.9366465732719766,-14.223962250296026,3.7166032538699127,96943
Bay,2023,2,0.6157559011545447,0.1424480030435234,0.387300044298172,0.7940976619720459,72,-6.801740367798078,2.916995656459175,-13.784267136778956,3.174498834133132,97151
Bay,2023,3,0.5781247042575659,0.19394191988262618,-0.023066485300660133,0.7813608646392822,147,-7.472728423431703,2.9453723943563705,-13.935824657967462,2.965170032041635,97063
Bay,2023,4,0.625906994436955,0.1942636321995559,-0.4899214804172516,0.9298121333122253,42392,-7.0871869106182945,2.859055438537879,-13.699599996802325,2.8800789302250642,97129
Bay,2023,5,0.5974333363558502,0.23159706521275855,-0.5162094831466675,0.9239635467529297,74156,-6.93184216493727,3.039270812361456,-13.83391164796359,3.380407806343379,96909
Bay,2023,6,0.6118137712904248,0.26688852013635983,-0.7591463327407837,0.9343544840812683,51868,-6.614659625987756,3.1088109951086613,-13.9718115485448,3.613740900807417,96916
Bay,2023,7,-0.13058992155960628,0.054365199481711146,-0.21044467389583588,-0.04490689933300018,7,-6.476933211972622,3.124413424867551,-13.749074882587143,3.710407508623029,96887
Bay,2023,8,0.6661883174557546,0.2258274819308524,-0.5366289615631104,0.9109604358673096,57557,-6.573901977880976,3.2000583375773406,-13.46606477688987,3.3838834786214695,97058
Bay,2023,9,0.7180745606077655,0.24316102757432062,-0.8809523582458496,0.9620456695556641,97386,-6.127876909324311,2.9544167594179687,-12.873192751258264,2.869199888244994,97154
Bay,2023,10,0.6439949368105997,0.2277958344422881,-0.404558390378952,0.9111835956573486,57951,-5.86798129924722,2.9141259173020106,-12.611079995327897,2.763414810333964,97201
Bay,2023,11,0.6520158034883936,0.23387871395747284,-0.5498077869415283,0.931034505367279,39830,-6.384901087661171,3.253997447714877,-13.188750419565386,3.3655665058046553,97199
Bay,2023,12,0.6999396767916007,0.22211586319941862,-0.5521206259727478,0.9490908980369568,51873,-6.637843931040002,3.3720848030373656,-13.964691068577785,4.219828219039836,96456
Bay,2024,1,0.7753413098057137,0.17573290092885915,-0.5412843823432922,0.9192824959754944,18513,-6.8891415615625595,2.979100681508753,-13.970153264487575,3.396397833432098,97266
Bay,2024,2,0.6787386478448961,0.22992792799948414,-0.49276086688041687,0.9362549781799316,54751,-7.021319533695232,2.8596584790249273,-13.807695743290541,2.980692348957355,97174
Bay,2024,3,0.5452866715886339,0.16264476904573127,-0.16200527548789978,0.8953578472137451,27812,-7.279791994440039,2.9205891371544697,-13.568833810290425,2.793653739979091,97328
Bay,2024,4,0.5423797016660864,0.22866212320216736,-0.4939712882041931,0.9272951483726501,59347,-7.430567342456747,3.0317957408858898,-14.133363615192891,3.149724236112157,97177
Bay,2024,5,0.4742987916167573,0.19591406255881844,-0.2551867365837097,0.8883000612258911,19753,-7.119185689084699,2.841875508865396,-13.622428211395881,2.901382582626087,97315
Bay,2024,6,0.5365982852180416,0.25968117048469463,-0.5875281691551208,0.9413408041000366,27777,-6.69220216830647,3.0390380791582463,-13.669519870836508,3.305530770159228,97321
Bay,2024,7,0.4483039645409891,0.17401617890133195,-0.1950310617685318,0.8402138352394104,30420,-7.015263468810446,2.935684869993109,-14.084054373963445,3.764884618330724,97184
Bay,2024,8,0.27497714537236334,0.15936457753414257,-0.1307913064956665,0.5845959782600403,184,-6.349786772889832,3.1991041991493403,-12.738550978598987,2.959084938412537,97320
Bay,2024,9,0.6989958112984659,0.205784599513657,-0.4877232015132904,0.9265266060829163,66923,-6.4522219565469525,3.0460872669912398,-13.229187710018435,2.8897267271348603,97160
Bay,2024,10,0.697211651567415,0.2453297319500445,-0.6239794492721558,0.9489872455596924,62323,-6.463140405621463,2.8365048756839912,-12.677604498484722,2.9195321296093972,97102
Bay,2024,11,0.6499613129700917,0.20077953523957176,-0.43822985887527466,0.8822316527366638,46866,-6.8063706854904025,2.9049842149917486,-13.682918587647286,3.281024472105277,97043
Bay,2024,12,0.38998250131096157,0.06492759509223223,0.2906220853328705,0.5216374397277832,28,-6.643996182794779,3.5475002728548333,-13.705281015652451,4.069195906507151,97189
Bay,2025,1,0.6374227697220128,0.26874457888640874,-0.5465529561042786,0.9361442923545837,51550,-6.383030034228145,2.9719558862089026,-13.582392859917721,3.5746348893062554,96969
Bay,2025,2,0.6617704305185315,0.22187181599451014,-0.09561976045370102,0.8890695571899414,1259,-6.827091888861624,2.950025425643745,-13.495637396620406,3.052260389180789,97301
Bay,2025,3,0.7128951666786896,0.2034213732174767,-0.5214414596557617,0.9282748103141785,71905,-6.661692094409365,2.814686537758118,-13.312220756487907,2.753099044900529,97194
Bay,2025,4,0.6081631728223345,0.22874837042181043,-0.49335575103759766,0.9230384826660156,74312,-8.158625603178644,2.987279970537845,-14.731417734045781,2.909667352551132,97363
Bay,2025,5,0.47170437855287317,0.266822130082571,-0.49928057193756104,0.9234972596168518,16295,-6.748086985035758,3.024362015232362,-13.561784504583528,3.0512066784275937,97310
Bay,2025,6,0.6974668064989389,0.24775290409309073,-0.4273504316806793,0.9271421432495117,17230,-6.939689400596073,3.343328399421024,-13.76111592900148,3.6097817342080694,97384
Bay,2025,7,,,,,,-7.262091602969434,3.1235127057808323,-14.065682088101171,3.736147118668136,97341
Bay,2025,8,0.6239204525757726,0.2470635512122446,-0.33797910809516907,0.9225479364395142,15023,-6.50124917146087,3.3807714743715396,-13.334061283343722,3.1477955536319326,97347
Bay,2025,9,0.6797992694549484,0.2501712110193818,-0.5502590537071228,0.923420786857605,46184,-6.4947394820771445,3.058442151624252,-12.72181842452619,2.8178793294734774,97377
Bay,2025,10,,,,,0,-6.195431945404223,3.0403930275735935,-12.993173353489688,2.886853938207899,97307
Bay,2025,11,0.6411699191516974,0.27392904661912126,-0.6155717968940735,0.9035854935646057,25221,-7.08398915621329,3.1142706204457604,-13.770424587395427,3.382400141731139,97371
Calauan,2018,1,0.7396046551890261,0.15823286786175905,-0.44092220067977905,0.9119675159454346,78419,-6.6763248545262055,2.651515534331892,-13.094993836285159,2.852097150007151,189010
Calauan,2018,2,0.7604945510548791,0.17083459755123923,-0.7246752977371216,0.9215165972709656,33976,-6.662787231398431,2.728538063950803,-13.28796338954368,2.635637446203299,189012
Calauan,2018,3,0.7318595800347921,0.17909143430095278,-1.0,0.9335950016975403,87307,-6.775787360226712,2.7018397665674874,-13.494688895014173,2.524255853351565,189012
Calauan,2018,4,0.6408989817035188,0.21856345205605912,-1.0,0.9474605917930603,109410,-7.093235654467822,2.5672524273210247,-13.582696294205665,2.447579535007318,189012
Calauan,2018,5,0.5877397955560089,0.21786295693733732,-0.6325823068618774,0.8910552859306335,58296,-6.739996230004414,2.805001024897558,-12.99711190257508,2.943542211453775,188970
Calauan,2018,6,0.6929190583250262,0.24139034065325032,-0.9863013625144958,0.9273645877838135,88273,-6.581241762343073,2.927197744768345,-13.677155797906497,3.206055576335041,189011
Calauan,2018,7,,,,,,-6.293428637365764,2.8049385856116484,-13.095336398046014,3.0484004773442246,188922
Calauan,2018,8,0.5571440349476494,0.13326465723272654,0.014558332040905952,0.8478108644485474,4128,-6.867863498894672,2.63941521051764,-13.625858724079148,2.7302597287252093,188963
Calauan,2018,9,0.6853581885925939,0.18971025732292657,-0.7038216590881348,0.8953872919082642,95889,-6.627471930618359,2.6988492567674025,-13.18978979070509,2.5219708103669976,189000
Calauan,2018,10,0.7749149057356917,0.1593607327740768,-0.4339834451675415,0.9213048815727234,28832,-6.715979657599833,2.5625371028749764,-13.361372951699838,2.455737236851292,188999
Calauan,2018,11,0.7506650629385874,0.23827436357657963,-1.0,1.0,142167,-6.72018675691132,2.7208279403379136,-13.711754548959915,2.934307886910919,188996
Calauan,2018,12,0.6764574915416863,0.18611671332808644,-0.2753623127937317,0.9254071712493896,89203,-6.403492108501597,3.492936077928461,-13.528106494908116,4.0861825276279315,188825
Calauan,2019,1,0.772351535252888,0.18871903839406792,-0.9234972596168518,0.9551257491111755,115234,-6.915233246720294,2.725568245355314,-14.066794999064918,3.21773287904405,188987
Calauan,2019,2,0.7605914641276618,0.1623586686834144,-1.0,0.9411025643348694,91852,-7.106207839391239,2.749760338299652,-13.973644367459196,2.8790193742952974,188978
Calauan,2019,3,0.6664394558982175,0.20522814915274545,-1.0,0.9271198511123657,117296,-7.476491711165257,2.775991293995652,-13.914059241283306,2.727252398548088,188992
Calauan,2019,4,0.6513807975522462,0.19289905020107492,-1.0,0.9491745233535767,174880,-7.564146488592691,2.7404200581628815,-13.91551937855525,2.7104423877576083,189008
Calauan,2019,5,0.7661559564736297,0.16451716010603526,-1.0,0.9643515944480896,93700,-6.945191381370156,2.7571006279935104,-13.666697785447395,2.798809166964528,189001
Calauan,2019,6,0.719386812238099,0.2535070332251491,-1.0,0.9721142649650574,162088,-6.543754104688874,2.6767442690527985,-13.547326005182304,2.90363336582429,189011
Calauan,2019,7,0.7648061311781892,0.21658942133507406,-1.0,0.9500884413719177,144862,-6.379281154203248,2.6544550061450796,-13.501318569784086,2.951522705579486,189006
Calauan,2019,8,0.7312227067778262,0.18335879260434887,-0.565891444683075,0.9209948778152466,91231,-6.278971812262385,2.7469302239761264,-13.000452237916896,2.8126411786457064,188932
Calauan,2019,9,0.4945882160177277,0.13515550749212663,-0.01658163219690323,0.8779956698417664,16493,-6.6576515244447805,2.616628105340346,-13.410704006543707,2.48765326587247,189005
Calauan,2019,10,0.7474672868160308,0.2146644394399757,-1.0,0.9587313532829285,153312,-5.895365750474432,2.3909323379718352,-12.45078631140059,2.1538948296364833,189012
Calauan,2019,11,0.6627738342304256,0.20507448824227043,-0.4877505600452423,0.8989142775535583,93599,-6.283558413337611,2.630279233025555,-13.20471790131705,2.7485507916349086,189007
Calauan,2019,12,0.6588779503670271,0.2404758128562699,-1.0,0.9359010457992554,87988,-6.799768613187345,2.663156690766883,-13.880232352439293,3.18772300244725,188998
Calauan,2020,1,0.7639189492136053,0.17848897614995554,-1.0,0.9317048788070679,126464,-6.645002259337174,2.5624591649860897,-13.665223398850575,2.9283138735849255,188969
Calauan,2020,2,0.7657935525213838,0.1361681930794779,-0.7324633002281189,0.9052492380142212,111597,-7.027753720447561,2.6835093882247447,-13.835501729272924,2.7040232033992146,189010
Calauan,2020,3,0.6918867192655951,0.19797913850227222,-1.0,0.9337958097457886,158309,-7.143566844003355,2.7149846125167976,-13.645916714591479,2.5866948090837862,189004
Calauan,2020,4,0.6105503450373915,0.19763864969358197,-0.9848484992980957,0.9084868431091309,63972,-7.270243628059985,2.6886649404383083,-13.84138710094615,2.5775179229957073,189012
Calauan,2020,5,0.6730271160543726,0.22967913566409057,-0.5976676344871521,0.9345055818557739,57911,-6.361498655222499,2.6473444546844194,-12.940377871408236,2.62873530892617,189005
Calauan,2020,6,0.7188086164523833,0.2130324022023974,-0.8778135180473328,0.9778812527656555,99014,-6.4901907496506,2.58014218994491,-13.59313925781047,2.872100701180671,189008
Calauan,2020,7,0.6288100156858272,0.18126284751211177,-0.47215497493743896,0.8919084668159485,11653,-6.342134812422887,2.700103613141186,-13.310409390763542,2.896724760057038,188924
Calauan,2020,8,0.803348494672629,0.16320211827794162,-1.0,0.94786536693573,135471,-6.491801397168665,2.705326450294438,-13.26663708101886,2.567652291702479,189010
Calauan,2020,9,0.6903210723851023,0.1744113673221874,-0.125,0.9042417407035828,12519,-6.111582560547515,2.649900053652774,-12.664027903400385,2.4484645581151647,188966
Calauan,2020,10,0.6641737661487463,0.21236606249679554,-1.0,0.9232708215713501,119018,-5.510410991632738,2.38490096587619,-12.214796721254121,2.257199095070601,189012
Calauan,2020,11,0.7016056921324678,0.2429393702696636,-1.0,0.947296679019928,74397,-6.6973719921429895,2.821547589792556,-13.539098371493047,3.394965736249415,188964
Calauan,2020,12,0.7483377047510875,0.22543135950139462,-1.0,0.9517566561698914,67965,-6.55582340615354,2.662788153175691,-13.70963339438085,3.386165312008099,188942
Calauan,2021,1,0.530331956657851,0.09408514553824013,0.3387821912765503,0.7794871926307678,428,-6.661445886451479,2.49661331436867,-13.647753955358406,2.858954654741135,188998
Calauan,2021,2,0.7651602705917864,0.1833102861707371,-1.0,0.9464252591133118,79203,-6.0101272409188145,2.7482039702211565,-12.723299713036656,2.631926690264882,189006
Calauan,2021,3,0.7242958775088687,0.18170773532384654,-0.23555555939674377,0.9123121500015259,78838,-6.582308378195633,2.549188775418749,-13.435497208034166,2.4855666319432843,188972
Calauan,2021,4,0.6915693315853213,0.15386957902939624,-0.4066937267780304,0.8858568072319031,24108,-6.5877631997674495,2.5290952652186585,-13.394176899880732,2.4442279750940825,188985
Calauan,2021,5,0.745643415935916,0.17626789602025916,-0.9308855533599854,0.9446354508399963,108564,-6.764433716450374,2.782806434407052,-13.84239569634963,3.0821262624530954,188960
Calauan,2021,6,0.6975173444592113,0.22623457844355466,-1.0,0.9239010214805603,112026,-6.602366260377104,2.8246227258640184,-13.879020502414756,3.2395099389731663,188940
Calauan,2021,7,-0.007943074997528445,0.17529716437774276,-0.22383566200733185,0.7881165742874146,1511,-6.260443547144945,2.57760167396112,-13.264347791417984,2.807286486743127,188956
Calauan,2021,8,0.65824107752874,0.16737330857295904,-0.4599156081676483,0.8638665080070496,26771,-6.404239266973417,2.7271543589534564,-13.260955094094836,2.7062223422141023,188891
Calauan,2021,9,0.7366612653195133,0.17051206292033413,-0.6298269033432007,0.945188045501709,100032,-6.526679321672031,2.592255810517169,-13.331447027116498,2.5097888361633705,188973
Calauan,2021,10,0.679079774904777,0.18387800121456485,-0.1836555302143097,0.9348088502883911,79716,-6.436195558937235,2.5813804310346233,-13.22955317856327,2.711044098507374,188835
Calauan,2021,11,-0.032701922437319425,0.1865488187124178,-0.2937168776988983,0.1846575289964676,13,-6.328937307959512,2.7772788475846557,-13.385919195416674,2.9979481828574817,188950
Calauan,2021,12,0.8142187197870251,0.15669041649771093,-0.5293555855751038,0.9564192891120911,59811,-6.556890147115609,2.7461038600516123,-13.689792314224377,3.4168136919076884,188519
Calauan,2022,1,0.6746215206745709,0.15314293102884677,-0.30106040835380554,0.8699558973312378,15459,-6.448516372240541,2.7721125064119816,-13.605143621091313,3.214980650701096,188769
Calauan,2022,2,0.717653799786271,0.16303810894262316,-0.5938461422920227,0.9309037327766418,70409,-6.566299915886569,2.5840309135065627,-13.226867990371652,2.6035108709727512,188940
Calauan,2022,3,0.770377567263202,0.18789628755034268,-1.0,0.9633650183677673,131883,-6.609414252246729,2.541757715621475,-13.214532587478901,2.4272069697989553,188950
Calauan,2022,4,0.6882806847090539,0.2042966609415104,-0.2811501622200012,0.9230642914772034,103210,-6.188159690959522,2.553461930425965,-12.95096564949374,2.5487706081213264,188915
Calauan,2022,5,0.7781725469775742,0.17481068044869072,-0.5596330165863037,0.9400174617767334,103199,-6.037594141445997,2.6220784839488975,-13.051138122191142,2.6745553300124945,188892
Calauan,2022,6,0.7619289637708906,0.15312076449516035,-0.4600760340690613,0.9000922441482544,36558,-6.032759722427066,3.024600233493578,-13.153568797721444,3.3703092592289177,188592
Calauan,2022,7,0.7008493026619493,0.23533669717536254,-0.5027933120727539,0.9177336096763611,15045,-5.9090252830822845,2.6733523535832155,-12.851785762103937,2.9197591583942457,188859
Calauan,2022,8,0.7752890373854314,0.11457048614632381,-0.46283915638923645,0.8755172491073608,18914,-6.28841604745281,2.692504467769616,-13.06238147594292,2.6541594587007853,188923
Calauan,2022,9,0.541493969497559,0.24810440720986615,-0.1079445630311966,0.7768718600273132,355,-6.264852147070274,2.6215269390967095,-12.845753060791656,2.5459983775262574,188929
Calauan,2022,10,0.78385583341299,0.20076817158531998,-1.0,0.9755838513374329,108500,-5.915723729064104,2.634075013227605,-12.563898153407061,2.6668134587867858,188867
Calauan,2022,11,0.5715876381065744,0.16593866529382684,-0.31182241439819336,0.8382595777511597,7806,-6.103455215340125,2.8389741804810904,-12.769214824787442,3.0961625711948093,188687
Calauan,2022,12,0.7081877538212782,0.15728388223009054,0.30811807513237,0.8746234774589539,222,-6.849936991630991,2.6138872571027365,-13.721672713113875,3.2265252644080213,188726
Calauan,2023,1,0.7948398669909731,0.17088138144285941,-0.6974790096282959,0.9418870210647583,98656,-6.8107146282505155,2.6477792227002195,-13.68592221669589,3.201869162315091,188730
Calauan,2023,2,0.4348802664508559,0.09389778179984226,0.25951388478279114,0.6649556756019592,73,-6.551280649476494,2.581789854451171,-13.37236372498459,2.805014004880755,188894
Calauan,2023,3,0.6517676515887075,0.17289134172265352,-0.12175102531909943,0.8539919853210449,15883,-7.140154512916234,2.657751659906438,-13.5370931854418,2.684254136860842,188914
Calauan,2023,4,0.7053739384208204,0.1706796240074592,-0.28934887051582336,0.9094445109367371,75407,-6.853096787449488,2.600553470821206,-13.428217614853356,2.6151266493349623,188909
Calauan,2023,5,0.726349253360087,0.18565800605284494,-0.49255749583244324,0.9234814047813416,135908,-6.617183724102638,2.73078224466744,-13.384145666212676,2.8795347841851733,188796
Calauan,2023,6,0.758452265946386,0.1873857837869414,-1.0,1.0,83849,-6.271850454396051,2.7768452792636733,-13.418782394375045,3.0764898545254367,188714
Calauan,2023,7,0.7309944798885762,0.0640013637533436,0.09948761761188507,0.7959800362586975,295,-6.179610539638885,2.7900262792230044,-13.161504317560086,3.103871674280084,188724
Calauan,2023,8,0.7093916672854566,0.18128086024464177,-0.6475771069526672,0.907501220703125,103732,-6.25939617546424,2.8303511400125103,-13.02082671131646,2.890666047753086,188873
Calauan,2023,9,0.7839165406735382,0.19138211677868514,-1.0,0.9516635537147522,176366,-5.905096144012483,2.6383798003594525,-12.59779150372663,2.525408475130671,188932
Calauan,2023,10,0.7284782626481809,0.1893780116237109,-0.7091988325119019,0.9202609658241272,142391,-5.714360767706371,2.6311380904788706,-12.423310417612878,2.5694008405906534,188925
Calauan,2023,11,0.7053518451236709,0.21841118795201184,-1.0,0.9460621476173401,91964,-6.17428126227298,2.8241690152310657,-12.884771633650537,2.9372532714903383,188851
Calauan,2023,12,0.6973880245426455,0.2185753172235468,-0.6855670213699341,0.9511233568191528,157810,-6.278082101492607,3.0316478999837275,-13.269734797639156,3.4767035429393913,188262
Calauan,2024,1,0.7951661525473546,0.16324712073274553,-0.2910431921482086,0.9333553314208984,9619,-6.6425204065436905,2.732523656103363,-13.557353599722846,3.06578088070951,188888
Calauan,2024,2,0.7323966456688868,0.18661073790151161,-0.829959511756897,0.9399141669273376,97130,-6.830567019425955,2.551241789814498,-13.528209366660466,2.622582038618549,188932
Calauan,2024,3,0.6056752608666123,0.17366450310241083,-0.2433975785970688,0.8995939493179321,52560,-7.062736723071792,2.643937650561157,-13.41668576001953,2.6159921163701196,188958
Calauan,2024,4,0.6355640785389466,0.2135985260924271,-1.0,0.9443401098251343,60898,-7.260040976319506,2.7994218858714466,-13.915985032689655,2.930154408489301,188858
Calauan,2024,5,0.6198310768558104,0.16631703801096911,-0.4677206873893738,0.8646681904792786,21723,-7.077321948317073,2.564028698859447,-13.552079320532448,2.7342207208225595,188982
Calauan,2024,6,0.5540180719077094,0.2573697868619407,-1.0,0.9147287011146545,32155,-6.493220037209194,2.7333406444734765,-13.324700338981664,2.993765611583723,188899
Calauan,2024,7,0.4848567277664741,0.13784430714364262,-0.18951132893562317,0.8261096477508545,45000,-6.488277352814933,2.6090656209297367,-13.556668438048607,3.0764616508973406,188872
Calauan,2024,8,0.5804832187204744,0.12192654960427221,0.0032667876221239567,0.8131279945373535,2368,-6.009995672316065,2.7114739441399913,-12.430929979608608,2.5801690219277686,188978
Calauan,2024,9,0.7432037166372395,0.1657832882108356,-0.8577777743339539,0.9258182048797607,97043,-6.170759528438075,2.751707586685089,-12.968269585383826,2.64238862768349,188910
Calauan,2024,10,0.7647332963506751,0.174956250997256,-1.0,0.9469374418258667,71803,-6.241185542975484,2.346115895349145,-12.486827021858032,2.4081750574669325,188917
Calauan,2024,11,0.7106086698686336,0.18199457208009664,-0.7514451146125793,0.9076923131942749,113721,-6.697170469268823,2.5096827086495446,-13.35565239429871,2.758304889804778,188889
Calauan,2024,12,,,,,0,-6.44013623092549,3.099291607447187,-13.194807605397964,3.492792817922197,188687
Calauan,2025,1,0.6585113963353582,0.23390988276554553,-0.6957123279571533,0.9384356141090393,95650,-6.22400923674091,2.6206972408301272,-13.195737003180698,3.039696261672832,188806
Calauan,2025,2,-0.03329208706501197,0.025881971787125337,-0.11870182305574417,0.04132663086056709,430,-6.682907151151342,2.6326812707678773,-13.324450983291708,2.754270040976279,188953
Calauan,2025,3,0.7436650315686762,0.17808403862380937,-0.5248041749000549,0.9267626404762268,102005,-6.499138707891443,2.5214455987789677,-13.138869187781724,2.4322504011181016,188948
Calauan,2025,4,0.7091734893421244,0.19041676940567284,-0.7888386249542236,0.9425761699676514,132994,-7.743041892046529,2.7592959648215905,-14.41579632227477,2.5675156210635652,189008
Calauan,2025,5,0.6714638982780025,0.22832158376549297,-0.49180328845977783,0.9438073635101318,35718,-6.587160868496457,2.665423977217439,-13.382697441983598,2.762318493305345,188931
Calauan,2025,6,0.7914370302351792,0.16571243814069844,-0.6646706461906433,0.932284414768219,43540,-6.481975206326922,2.816491212221775,-13.290320071319504,2.8679130769896855,189012
Calauan,2025,7,,,,,,-6.736101671875466,2.6543611457700647,-13.495738269034739,2.8398899299443228,188981
Calauan,2025,8,0.676767901378742,0.22943065915255537,-1.0,0.9224202036857605,59563,-6.229013135936023,2.7342453134200597,-12.979886162936564,2.6916326603612473,188971
Calauan,2025,9,0.679967277341657,0.18087226591939537,-1.0,0.9208278656005859,139525,-6.021492457181317,2.570665260045355,-12.524400084862485,2.2967902042951422,189009
Calauan,2025,10,,,,,0,-6.046599299459287,2.533497268918646,-12.815625850803332,2.4554679022571224,188956
Calauan,2025,11,0.6764682369383049,0.19088917835587763,-0.5739644765853882,0.9067220091819763,21232,-6.577205809548746,2.564496877198086,-13.321397127847861,2.559394403847601,189009
Cavinti,2018,1,0.6426587589047028,0.21941062037358625,-0.4816513657569885,0.9069470763206482,83878,-6.912182803124155,3.4582140461165136,-13.281113499887734,3.3652869934492555,292157
Cavinti,2018,2,0.7439003970189232,0.27148489093266304,-0.549591600894928,0.9365079402923584,125813,-7.056670741569406,3.2414973343079194,-13.495588452312687,3.2197460265265896,292282
Cavinti,2018,3,0.7510661879047335,0.25673299765127344,-1.0,0.9639472365379333,174210,-6.674661096301146,3.1116353288754675,-13.307208968847272,3.3220692262597873,292182
Cavinti,2018,4,0.7487977488825538,0.23226475865388824,-0.682539701461792,0.952364981174469,164131,-7.435291250448524,3.005036484361889,-14.063313271841443,3.2892266555417553,292143
Cavinti,2018,5,0.6927828678883217,0.2195315077054989,-0.39371979236602783,0.9374247789382935,157127,-7.190973081216131,3.1482994906396358,-13.45839274766383,3.402688517528891,291390
Cavinti,2018,6,0.7171323820158509,0.29244350644322104,-1.0,0.9211412668228149,137873,-7.429496527258528,3.2719184556185894,-14.065352566333946,3.434262344860745,292006
Cavinti,2018,7,,,,,,-6.816462235975549,3.622519733530645,-13.47666774209989,3.4240990441813,291226
Cavinti,2018,8,0.701950393518331,0.2562246203302967,-1.0,0.9465717077255249,49746,-7.455063096481196,3.0170380859339674,-14.088408703717018,3.3327485496190286,292046
Cavinti,2018,9,0.7259002978790923,0.17925741586256957,-0.3998391032218933,0.8858001232147217,91483,-7.477317357282135,3.5099239677173233,-13.911635787066079,3.4708823700697953,291938
Cavinti,2018,10,0.7427827514550469,0.2400698046222893,-0.547307550907135,0.9204134345054626,138404,-7.245874952852188,3.199355464791582,-13.93625429256631,3.4432626513125104,291968
Cavinti,2018,11,0.77118526171764,0.2027763731303543,-0.3598750829696655,0.9402427673339844,61783,-6.984019082931115,3.3793438822312782,-13.639582795512824,3.503514965723464,292055
Cavinti,2018,12,0.6577569325696848,0.17494111913237612,-0.2622429430484772,0.9206798672676086,75945,-6.705162148611138,3.5282139844668436,-13.384252955165527,3.6261435666833073,291999
Cavinti,2019,1,0.7692442197990098,0.2449712879581939,-1.0,0.9461615085601807,132146,-7.301908410071724,3.266075857773349,-14.11689382634895,3.559516090819064,291959
Cavinti,2019,2,0.5907202388545545,0.37323079487861427,-0.6132858991622925,0.9132473468780518,23807,-7.659836605579399,3.2849804576120563,-14.454249882454054,3.632456395266591,291682
Cavinti,2019,3,0.7461250949623095,0.24485918685617994,-0.8942917585372925,0.970172107219696,131604,-7.853199278544947,3.2007490402332257,-14.483349170156938,3.5569200476471363,291678
Cavinti,2019,4,0.736399101131072,0.22137085645500584,-0.4513390064239502,0.9500796794891357,260179,-7.9619225750607034,3.1759155927547504,-14.447052374473701,3.550367017819839,291724
Cavinti,2019,5,0.7103494148134419,0.26481413790556285,-0.8584070801734924,0.9300984144210815,121375,-7.701179643881471,3.220609437915108,-14.275392982197383,3.5108762524464048,291771
Cavinti,2019,6,0.7069949266353786,0.41520581688278685,-1.0,1.0,142525,-7.676937975698404,3.338275836382385,-14.303301412281884,3.3462358104502794,292002
Cavinti,2019,7,0.767421508184041,0.20962834245238127,-0.815523087978363,0.9538690447807312,112750,-7.326339957653457,3.1260394755142964,-14.004644943282642,3.284248762092191,292073
Cavinti,2019,8,0.7397638949906492,0.22558187742852512,-0.4643765985965729,0.9188908338546753,140334,-6.9350653537686755,3.1382648132862765,-13.590089448784646,3.38964177955426,290826
Cavinti,2019,9,0.6182024932060106,0.14205112611188253,0.16661417484283447,0.8953405022621155,9970,-7.464025991546519,3.238342091478979,-14.189453009076644,3.427954883017312,291876
Cavinti,2019,10,0.6797015049637343,0.34733855610337855,-1.0,0.9401257634162903,112979,-6.9084965695099205,3.3718712216358537,-13.34140382204761,3.3025340255775903,292112
Cavinti,2019,11,0.7052750778499319,0.21567327518696142,-0.4777803421020508,0.8987254500389099,91171,-6.878389764857096,3.0821108404583843,-13.592452278038728,3.367523246313496,292120
Cavinti,2019,12,0.46842594474730587,0.0873393349692635,-0.04389452189207077,0.6718812584877014,11819,-7.336872726006604,3.3285990722223615,-13.910373665169276,3.5744742539755165,291972
Cavinti,2020,1,0.7531898709579621,0.30749131576297206,-1.0,0.9494491219520569,124952,-7.47557941251549,3.2850986647887748,-14.086999274294232,3.5781227609372026,291616
Cavinti,2020,2,0.6337078275781466,0.15867415034817942,-0.33382460474967957,0.8632323741912842,17748,-7.498785400817568,3.2054339352642365,-14.33027585497399,3.5753537833488322,291807
Cavinti,2020,3,0.7593403285555744,0.24139215491712596,-0.849056601524353,0.9476658701896667,258970,-7.6281929096616015,3.14076250703567,-14.296009173408484,3.495447952264405,291826
Cavinti,2020,4,0.6968309529415586,0.26924995533344726,-0.7942857146263123,0.9475933909416199,151168,-7.598362463208136,3.046835197490575,-14.40094016652391,3.446138838137012,291867
Cavinti,2020,5,0.7640153541552352,0.23834375009314687,-1.0,0.931034505367279,189141,-7.257075208606419,3.4525423245419753,-13.628119353074988,3.4973440059262377,291997
Cavinti,2020,6,0.7680429229281253,0.23103673671753208,-1.0,0.942426323890686,131193,-7.373071115908359,3.217294447732728,-14.022818222012926,3.441075292665689,292012
Cavinti,2020,7,0.8203244690431433,0.09546384273997571,0.04518072307109833,0.9065895080566406,23850,-6.966380828372638,2.9941730201226595,-13.61935237807893,3.317049712458782,291702
Cavinti,2020,8,0.7850217069853247,0.23528213698393247,-1.0,0.9604055881500244,161466,-7.298497811876227,3.216805991173885,-13.949628701731863,3.4283718214747716,291950
Cavinti,2020,9,0.7621346478881316,0.10579420813307015,-0.02349570207297802,0.8862264752388,53947,-6.862605670689783,3.316272265308968,-13.553778972736266,3.397453856634063,291114
Cavinti,2020,10,0.7229951260927706,0.15204084767114023,-0.2766798436641693,0.8963248133659363,117887,-6.55859050670806,3.402064309055231,-13.024658039334101,3.4392153442599445,292133
Cavinti,2020,11,0.7859564206422864,0.1664948381114853,-0.7129032015800476,0.9514451026916504,49265,-7.1467571339784,3.043332706929427,-13.674157693676454,3.52065747107044,292037
Cavinti,2020,12,0.7029694504996137,0.27044754698087925,-0.7634730339050293,0.9329538345336914,105804,-7.2924635811622585,3.3978303606131415,-13.819154239003,3.568146311197085,291948
Cavinti,2021,1,,,,,,-7.23295404525751,2.897248766129681,-14.006595048155129,3.475353793664422,292056
Cavinti,2021,2,0.6976726762347966,0.3048656671844354,-1.0,0.9600170254707336,124646,-6.734035389542639,3.3432773987139983,-13.32333799199677,3.5758056615480385,291981
Cavinti,2021,3,0.7018873007712022,0.23699239001208924,-0.5610859990119934,0.9515660405158997,241357,-7.374146323953705,3.1722418735825904,-14.11244535508491,3.4423736306299246,291948
Cavinti,2021,4,0.667798017661555,0.22882696530139815,-0.589007556438446,0.8722023963928223,98510,-7.292255492882149,3.1673665351440587,-14.016911460458086,3.380170758947757,292032
Cavinti,2021,5,0.6997836068071782,0.2499213846538907,-0.5689008235931396,0.9080459475517273,119893,-7.3553274921453395,3.2356663223774875,-14.242427499660133,3.4193881426686694,291965
Cavinti,2021,6,0.791472584573131,0.1827850809777247,-1.0,0.934482753276825,222590,-7.4623216062925355,3.2160761400638553,-14.215458331134212,3.4895363942532396,291829
Cavinti,2021,7,0.6430411516055673,0.18784459019320587,-0.17710371315479279,0.8719183206558228,9408,-7.03744088484906,3.0830344734251116,-13.713851455410273,3.4075103387411705,292062
Cavinti,2021,8,0.7607299685918357,0.15989293688296755,-0.5606557130813599,0.9098187685012817,88751,-7.11033915183266,3.5315181497459687,-13.971634410369001,3.454175463901173,290968
Cavinti,2021,9,0.7593156740788934,0.25805622529289046,-0.8064516186714172,0.9369422793388367,85659,-7.371124840577239,3.338442116908458,-14.144263808397026,3.563933239676153,291823
Cavinti,2021,10,0.7547543787508001,0.27081146679581775,-1.0,0.9310924410820007,146099,-7.203885152502137,3.0393255391397607,-13.99305765398387,3.525036597909493,290568
Cavinti,2021,11,,,,,,-6.881599353007727,3.544004865611681,-13.602420553312916,3.5995073544911826,291922
Cavinti,2021,12,0.7625273284741638,0.28138120337548106,-1.0,0.9542736411094666,163797,-7.2536380481814735,3.038387177134638,-13.894441243322376,3.507262947936707,291107
Cavinti,2022,1,0.7597302191652081,0.20953616677791867,-0.6225680708885193,0.9351909160614014,104634,-7.110334923491182,3.3903737638662466,-13.775688735098864,3.564603314781344,290724
Cavinti,2022,2,0.5210553721829984,0.22809543475995037,-0.257831335067749,0.9082050323486328,15169,-6.844092009389703,2.989033106774583,-13.445992482745098,3.409589484493034,291204
Cavinti,2022,3,0.7759211352683003,0.1684558233453237,-0.56175297498703,0.9481435418128967,64868,-6.814451535238866,3.225086452214283,-13.573907166623549,3.392249829117148,291413
Cavinti,2022,4,0.6862328460841465,0.2606408869768648,-0.4163822531700134,0.9039692878723145,85350,-6.8116841635878735,3.1695106277440916,-13.427250101942374,3.4564910924789674,291147
Cavinti,2022,5,0.7665104573735757,0.2744033735967891,-1.0,0.9448835849761963,181911,-6.765334464279754,3.1154566315797854,-13.720592046365741,3.370300975515465,291304
Cavinti,2022,6,0.7750967803223588,0.19236273974743465,-0.5806451439857483,0.9287749528884888,129120,-6.776875186332801,3.272247962440413,-13.533420320154441,3.492171703777993,291077
Cavinti,2022,7,0.5701046178249822,0.1711337337037691,-0.12141453474760056,0.8812351822853088,65059,-6.651262262891276,3.2505574612342416,-13.251881446560713,3.342383128069706,291627
Cavinti,2022,8,0.7793508352418257,0.10435942020617626,-0.11013215780258179,0.8953763246536255,54523,-6.895091900752227,3.473675266637557,-13.414245887394127,3.377893209223925,291384
Cavinti,2022,9,0.7048955312277476,0.20416938499202417,-0.2292490154504776,0.8816112279891968,147772,-6.958332985960929,3.121241619297123,-13.585794391630785,3.3703372400860627,291270
Cavinti,2022,10,0.8004365534191549,0.2723949832216716,-1.0,1.0,182556,-6.7719157627077005,3.0685148275770393,-13.307893128715577,3.4166523120526127,291169
Cavinti,2022,11,0.6924682832490561,0.21204715064983098,-0.3513513505458832,0.8847907185554504,151481,-6.4998130079746,3.071970469788368,-13.174271283602057,3.4868475489402466,291416
Cavinti,2022,12,,,,,,-7.2543579172057155,2.8337840485371215,-13.831583931213395,3.4634673713435715,291340
Cavinti,2023,1,0.6969079187743512,0.3480566329329257,-0.7299578189849854,0.9325626492500305,124325,-7.084205815722998,3.0100957841585605,-13.680132112245667,3.56209138890436,290707
Cavinti,2023,2,,,,,,-7.004212378448433,3.5344485605772165,-13.76854730117614,3.5214634470711874,290669
Cavinti,2023,3,0.6200397408752676,0.21411799396040848,-0.460829496383667,0.9054170250892639,84726,-7.125118359189529,3.428158775651058,-13.67613971252953,3.4354747513449935,290987
Cavinti,2023,4,0.7462322423775424,0.16958351797617013,-0.42075255513191223,0.9113339781761169,138407,-7.084920002232237,3.2876845989643675,-13.649872848451626,3.407790987584688,290896
Cavinti,2023,5,0.7326173002278535,0.24194633623640346,-1.0,0.9720559120178223,186469,-7.153623446485072,2.89425557640433,-14.057398044858395,3.425393754227775,290544
Cavinti,2023,6,0.7390468974955027,0.37053845261558016,-1.0,0.947682797908783,142504,-6.720669910509574,3.4222998166281426,-13.601424891323328,3.321385802831871,291529
Cavinti,2023,7,0.7320291691795232,0.2266261265162234,-0.5691609978675842,0.922848641872406,177089,-6.855878804473292,2.9609003525033626,-13.646294376256687,3.334613207480444,291178
Cavinti,2023,8,0.7510429506723784,0.19069477548962882,-0.42694804072380066,0.9056179523468018,162060,-6.998285749217117,3.3204302777273242,-13.623770797319079,3.4295101312513943,290945
Cavinti,2023,9,0.776134569356426,0.2763990364877385,-1.0,1.0,228296,-6.880883529429696,3.351230160516588,-13.575393242287314,3.326174953199475,291215
Cavinti,2023,10,0.6564631973043729,0.17388600359022932,-0.23677581548690796,0.9070122241973877,47875,-6.7731337392127084,3.2935283956949006,-13.386319547090627,3.3773328170546675,291019
Cavinti,2023,11,0.6360110732907372,0.17452753009647703,-0.22768047451972961,0.9027026891708374,16564,-6.618708989904009,3.0831491999694576,-13.273390428414096,3.5754673911258337,291060
Cavinti,2023,12,0.6643296444589175,0.3153730916774308,-0.8641975522041321,0.9262012243270874,91878,-6.878977022175975,3.2745399233131995,-13.55190243263112,3.6195181564965377,290882
Cavinti,2024,1,0.3813687374395485,0.30398362749726576,-0.03851919621229172,0.8387733697891235,1577,-6.942883685014621,3.1146253621197277,-13.641163588369741,3.571714948452854,290790
Cavinti,2024,2,0.7900832861928562,0.23056826666227492,-0.6875,0.9477250576019287,226667,-6.9966065638425015,2.954247616107234,-13.7694176205238,3.4019597788084774,290953
Cavinti,2024,3,0.6385441974660421,0.16387886588984035,-0.16875872015953064,0.914168119430542,82985,-6.994273553917845,2.8991567619991927,-13.573943981227226,3.3416973200960065,290941
Cavinti,2024,4,0.756859977310928,0.22706748581828762,-1.0,1.0,145220,-7.013512665060695,3.2782036177950076,-13.806718508421364,3.4624148158340438,290803
Cavinti,2024,5,0.7129706777230779,0.2550101854952361,-0.8578199148178101,0.9499813318252563,134261,-7.043397870608664,3.0511614105435747,-13.623452086230914,3.373926256418455,290813
Cavinti,2024,6,0.7387607708918345,0.21570582412939865,-0.6279650330543518,0.9215952754020691,99778,-6.770209972568876,3.1540982785543132,-13.473771916997554,3.4265416257803785,290696
Cavinti,2024,7,0.5782041057622556,0.13757890999506395,-0.489075630903244,0.9102706909179688,200517,-7.179132768643465,3.2394193402440026,-13.8012667381274,3.5753010384198296,291462
Cavinti,2024,8,0.6390257019242002,0.22160837789839963,-0.18052256107330322,0.893689751625061,100925,-6.913014629124841,2.9926834646106024,-13.628470530395386,3.420155323236187,290404
Cavinti,2024,9,0.6046590642324425,0.13307687282544362,0.19033974409103394,0.8194620609283447,554,-7.008806635038072,3.2681438303482544,-13.87592804416994,3.4752571599062314,290638
Cavinti,2024,10,0.6851198785770082,0.26519008024171115,-0.5101214647293091,0.9105045795440674,41919,-6.6298159451334335,3.1476412457408958,-13.166559805243887,3.4551387825439566,291395
Cavinti,2024,11,0.6577638713430991,0.20390017461416696,-0.2851985692977905,0.8920818567276001,56233,-7.156004857447128,3.155344981550729,-13.837233072639373,3.5227077674604566,290007
Cavinti,2024,12,,,,,,-6.632085172704851,3.2226340214189877,-13.126694365358382,3.5892030610309256,290938
Cavinti,2025,1,0.5035952472059606,0.12824422073294353,-0.2141176462173462,0.8691855072975159,21495,-6.760581116007436,3.1358228467357474,-13.292662646652419,3.5709756444913596,290945
Cavinti,2025,2,,,,,,-7.097543678452446,2.9227680793309334,-13.74564865057115,3.5060811094516127,290560
Cavinti,2025,3,0.7499958476989351,0.2213655508667071,-0.3839285671710968,0.9240701198577881,104552,-6.851055650911465,3.2555648975030858,-13.536755047900888,3.4886805426131273,290912
Cavinti,2025,4,0.7607962112202924,0.12959831136254474,-0.24167460203170776,0.9103589653968811,150997,-8.388285940148117,3.2362740323934616,-15.016430218802974,3.4883289562949114,291986
Cavinti,2025,5,0.7887446462227119,0.22138078976739978,-1.0,0.9623026251792908,150183,-7.194007960187594,3.471827479341102,-13.970258641545986,3.487068503486826,290288
Cavinti,2025,6,0.7921338170296374,0.258086446019187,-1.0,0.958183765411377,232106,-7.6523010355842525,3.3598371181739473,-14.090079764082157,3.361704360353838,292229
Cavinti,2025,7,,,,,,-7.654229689360395,3.0563940717272833,-13.865125602656102,3.412327113390824,292210
Cavinti,2025,8,,,,,0,-7.182210317122085,3.9559593599129674,-13.588030368705414,3.5195327099768083,291895
Cavinti,2025,9,0.8113503524995528,0.12336908149279835,0.18832890689373016,0.9313572645187378,5337,-7.058981282357009,3.5405201055893207,-13.294061854906968,3.3802087067809747,292266
Cavinti,2025,10,,,,,0,-7.022057185492496,3.4288631097267728,-13.659575934058084,3.667291456961258,291835
Cavinti,2025,11,0.7485929029030394,0.3078586428542332,-1.0,1.0,214903,-7.21087414105621,3.446334362925832,-13.525532737552904,3.4681340473453828,292228
City of Biñan,2018,1,0.42303469266336113,0.298929930754202,-0.6683416962623596,0.9468273520469666,87200,-6.461392564733133,3.7324753177727326,-11.998014002285466,3.846265549090256,95448
City of Biñan,2018,2,0.3814929099574749,0.2689686823291167,-0.6174386739730835,0.9307233691215515,85422,-6.354613352274653,4.237448875087187,-13.013512083598764,3.851226177585344,95450
City of Biñan,2018,3,0.3346527828357553,0.2389732910049877,-0.5120399594306946,0.9250347018241882,94147,-6.354513516747013,4.193189087563313,-13.234364644958838,3.97683529762081,95444
City of Biñan,2018,4,0.288812810635818,0.22678166496715013,-0.6068214178085327,0.9370707273483276,79748,-6.60603423245276,4.376622961909322,-13.441707766194623,4.118003240503843,95446
City of Biñan,2018,5,0.30967063022755836,0.2614712550735505,-1.0,1.0,95450,-7.232367046004186,4.214378710693015,-12.836949309284675,4.5405121007548015,95416
City of Biñan,2018,6,,,,,,-5.587910796042742,4.230158147401677,-12.652855066073801,3.715096785447239,95444
City of Biñan,2018,7,,,,,,-6.050117540686844,3.699996820923345,-11.790834591916607,3.8395698235811833,95423
City of Biñan,2018,8,,,,,,-5.915254454440455,4.03261367164863,-12.914653347289073,3.851606062002033,95395
City of Biñan,2018,9,0.42238172760261306,0.23729893831862386,-0.23516353964805603,0.8063369989395142,17001,-5.960119283947168,4.171921254713311,-12.81339768087534,3.9008129105322142,95387
City of Biñan,2018,10,0.4312907311605422,0.2872412597908441,-0.6679803133010864,0.9474582076072693,57866,-6.158406601708722,4.197533839318112,-12.98535453459133,3.9506924518774102,95372
City of Biñan,2018,11,0.4036703635058903,0.2888745508165778,-0.5936436057090759,0.9585230350494385,65842,-6.234670695245686,4.187319767404759,-13.06626002396459,3.9358306858955725,95395
City of Biñan,2018,12,0.40057253329327036,0.2670260749610154,-0.5857461094856262,0.9197158217430115,78627,-4.702361703821067,4.197573293215041,-11.884111275157668,3.6507223136592866,95409
City of Biñan,2019,1,0.3528244775776175,0.20847390907062496,-0.208166241645813,0.8600823283195496,9356,-6.201869645465856,4.235877385924458,-13.194008035615704,4.014684159277624,95400
City of Biñan,2019,2,0.3991014633910328,0.2537425323077715,-0.2977461516857147,0.8699600696563721,18655,-6.408246797743817,4.343793752053187,-13.457557081183726,4.23095522857844,95353
City of Biñan,2019,3,0.3224652428163592,0.2610809333128021,-0.6829590201377869,1.0,92070,-6.6081479061739525,4.535674351534947,-13.538834579953788,4.350531421807111,95376
City of Biñan,2019,4,0.30770409599212395,0.21252711940732644,-0.5317894816398621,0.8943116664886475,73490,-6.712888567798988,4.544332010907441,-13.63673474995587,4.398168775794695,95366
City of Biñan,2019,5,0.4092467002499378,0.3052108025143476,-0.8796561360359192,0.9935041666030884,78434,-5.161978960904089,4.313236027268767,-12.266276257073741,3.7675039808676827,95401
City of Biñan,2019,6,0.38466096262027427,0.2571653245938038,-0.3648889362812042,0.8998614549636841,44207,-5.422303734762337,4.242871181466546,-12.534821250043661,3.7050113117671755,95416
City of Biñan,2019,7,0.4124908092253177,0.3099587910123972,-0.9369085431098938,0.941540002822876,61749,-4.986729967961157,4.191225344430681,-12.207858137045177,3.6092060931564798,95407
City of Biñan,2019,8,0.4389634885649792,0.2688580267794453,-0.4752475321292877,0.9114565849304199,45346,-6.036501422071742,3.7604456719085655,-12.007402434775479,3.936774655674757,95373
City of Biñan,2019,9,,,,,,-5.777868930157308,4.104075136494882,-12.709704812879256,3.798854575021137,95399
City of Biñan,2019,10,0.37543728436525875,0.278300645093677,-0.5434173941612244,0.9370866417884827,66189,-5.527619664609861,4.109155222155471,-12.447844455789962,3.642851908463137,95388
City of Biñan,2019,11,0.3008819750905877,0.15023249045239442,-0.09026549011468887,0.7256317734718323,16743,-5.562702560975594,4.052715049893989,-12.588068910247623,3.7019340802417506,95378
City of Biñan,2019,12,0.4033633476752959,0.2651473391513086,-0.537746787071228,0.9478393197059631,36586,-5.985251114618649,4.129979079425982,-12.856883147458255,3.862023886898043,95385
City of Biñan,2020,1,0.3877040962347743,0.28824319071113136,-0.7644539475440979,0.9367836117744446,63911,-5.971298676224869,4.159368036448298,-12.888203858079002,3.960985260162733,95287
City of Biñan,2020,2,0.36443326705199336,0.25245893246162554,-0.5161616206169128,0.9279884696006775,95285,-6.35228675565037,4.337464973203668,-13.33765597491088,4.128399652956028,95377
City of Biñan,2020,3,0.3165556397696669,0.24820151384669373,-0.667711615562439,0.9414452314376831,66749,-6.446854076905662,4.443067825638869,-13.346914817605992,4.204089142902381,95360
City of Biñan,2020,4,0.28126816807042043,0.22431629009479512,-0.6127221584320068,0.9293970465660095,84190,-6.564793773962969,4.54326757392826,-13.536718816667216,4.254036644412397,95381
City of Biñan,2020,5,0.3787118653617791,0.2995840138113284,-1.0,0.9802403450012207,67179,-5.775690630351839,4.4023659948245655,-12.722549215473213,3.9665255321842112,95406
City of Biñan,2020,6,0.4242283500280605,0.29775250899701355,-1.0,0.9930521249771118,56368,-5.919711936222367,4.208704977778078,-12.91061527855869,3.8262598714154974,95423
City of Biñan,2020,7,0.39494315597983326,0.2866399490824932,-0.7165354490280151,0.9360852241516113,64789,-5.431211790265172,3.705669271754593,-11.443573526906318,3.7414912475320343,95363
City of Biñan,2020,8,0.44149362380717644,0.28102619074949786,-0.38235294818878174,0.9091295003890991,66981,-5.65094294824261,4.078217140692611,-12.548280854990745,3.7411753927451197,95398
City of Biñan,2020,9,0.4156161364214958,0.2923051792865477,-0.9171270728111267,0.948931097984314,58529,-5.847969645516881,3.646656272111614,-11.776126398289138,3.839404112699947,95306
City of Biñan,2020,10,0.40550009962957695,0.27090520043190597,-0.5685903429985046,0.9336617588996887,62343,-4.028144718394172,4.18162070976816,-11.403419276151476,3.48706852127259,95418
City of Biñan,2020,11,0.3540342001405188,0.3323541933176588,-1.0,0.9509595036506653,13382,-5.297002941536495,4.202144451620819,-12.395154571535235,3.841019453486152,95323
City of Biñan,2020,12,0.4321766330778706,0.28608067090657957,-0.4695107936859131,0.931846022605896,52836,-5.545321807143342,4.25367129439478,-12.577323162752874,3.904601414607495,95311
City of Biñan,2021,1,0.39290194421626057,0.2638136167237797,-0.44779983162879944,0.8899348378181458,75165,-5.5743043185755825,4.098946129422101,-12.717133289808421,3.927251548237964,95391
City of Biñan,2021,2,0.3966665688445398,0.29727032731980574,-0.7453083395957947,1.0,82955,-5.046017005009339,4.467405784335,-12.291214841288799,3.8434452506463317,95386
City of Biñan,2021,3,0.0027854042699410825,0.07348199023704732,-0.22418135404586792,0.29765334725379944,112,-5.979853163015386,4.346643897798043,-13.080026689716117,4.157702561136787,95208
City of Biñan,2021,4,0.2987500508252336,0.24737861448031262,-0.5111111402511597,0.9039332866668701,36532,-6.009662343559429,4.33978582594652,-13.053133923758555,4.145630381065924,95336
City of Biñan,2021,5,0.29933199356085627,0.2453249579820044,-0.44486692547798157,0.9353307485580444,75252,-6.2101168047977735,4.536879695245803,-13.299319000619587,4.296173353589153,95339
City of Biñan,2021,6,0.3179530796131169,0.21202908755853656,-0.2886543571949005,0.7771701812744141,36629,-5.835763075367341,4.29924551929797,-12.92716296982625,4.0412240048761525,95351
City of Biñan,2021,7,0.5681064283011587,0.2907696833529069,-0.49007633328437805,0.9264261722564697,13118,-4.605887022203873,4.218186095206474,-11.936581045111044,3.739274082502027,95316
City of Biñan,2021,8,0.08866027976631213,0.20864261039856288,-0.3694145977497101,0.7907542586326599,3060,-6.061455463435493,3.9125311508347687,-12.037819572945905,4.067017029969988,95216
City of Biñan,2021,9,0.4391326346089244,0.3198251254302061,-0.5770609378814697,0.9824700951576233,95372,-5.504348667093287,4.34156437932399,-12.518468768825796,3.84653413621943,95319
City of Biñan,2021,10,0.43553167545547683,0.3133117889075907,-0.6044250726699829,0.9639103412628174,94453,-6.106964683115206,3.7490155684534563,-11.988515940677525,4.143891935222789,95139
City of Biñan,2021,11,0.0005574752022525417,0.06615621722713172,-0.1812940388917923,0.21130076050758362,177,-4.9955996272902174,4.277822031520134,-12.29339322788801,3.8172330322803174,95344
City of Biñan,2021,12,0.3872951884086655,0.3202219332158037,-0.7344497442245483,0.977342963218689,50617,-6.132915575863679,3.7091717183731427,-12.040134771227907,4.073993162901271,95258
City of Biñan,2022,1,0.28657657032556383,0.2391671656195437,-0.4526573121547699,0.9034737348556519,35012,-6.309246272037042,3.926855580742108,-12.146663599154698,4.184716448610579,95285
City of Biñan,2022,2,0.3564277013724339,0.27786278966330535,-0.4146341383457184,0.9206013679504395,62514,-6.217943640579658,3.861813910208678,-12.014630844113537,4.180353781586199,95252
City of Biñan,2022,3,0.33498075236115427,0.26940708736753755,-0.6330274939537048,0.9684826731681824,72998,-6.405597916652315,3.8547458939806445,-12.203524261612184,4.175214670613433,95269
City of Biñan,2022,4,0.1312487299089711,0.24022566738666282,-0.28070709109306335,0.8558307886123657,16587,-5.930527928876979,3.723736754758685,-11.868351265502787,4.059171555582071,95236
City of Biñan,2022,5,0.39466353599032783,0.29437279774686387,-0.5427841544151306,0.9493908286094666,79324,-5.385098288385701,3.7210767746928517,-11.519828776696126,3.84446517706942,95329
City of Biñan,2022,6,,,,,0,-5.3749056357786635,3.7587063801407226,-11.507310377347581,3.898134760907592,95298
City of Biñan,2022,7,0.43456781447374404,0.34184936546323674,-1.0,1.0,94645,-5.244888014105649,3.7233266369979696,-11.32719048081407,3.7941355359239664,95355
City of Biñan,2022,8,0.3692917530155117,0.26287618964741105,-0.34964028000831604,0.9237170815467834,49080,-5.897425438096811,3.7643250019431043,-11.768406201600975,3.939073262804518,95294
City of Biñan,2022,9,0.4158521417267001,0.2856272233166297,-0.5423122644424438,0.9802777171134949,59053,-5.233470796734752,3.8160812910454776,-11.238543341214324,3.8357142250057463,95331
City of Biñan,2022,10,0.37844593017242756,0.24605099620361098,-0.5186335444450378,0.9088186621665955,17340,-4.976043571774961,3.8557945547443406,-10.964893634931014,3.877312765610007,95355
City of Biñan,2022,11,0.3800638912299958,0.2575255554931543,-0.6010383367538452,0.9072388410568237,42861,-4.535831259066143,3.6780672869012245,-10.800414729780973,3.750679788075376,95370
City of Biñan,2022,12,0.40723049247535775,0.3091123368404393,-0.6333985924720764,0.9633997678756714,85000,-5.963202431554401,3.67804507945748,-11.842006064508972,4.051310513017642,95341
City of Biñan,2023,1,0.4422912412004801,0.3018486304592893,-0.5480226278305054,0.9391459822654724,88277,-6.183444969995292,3.9177159172622904,-11.982240140893843,4.2285329706921795,95309
City of Biñan,2023,2,0.3397126638080082,0.2320940819426227,-0.3240152597427368,0.9082920551300049,22058,-6.114984455342015,4.035434626005401,-11.926411730287725,4.212668415867553,95331
City of Biñan,2023,3,0.309824327333319,0.24186707313323347,-0.5399719476699829,0.9240506291389465,92490,-6.361686146778106,4.09431935989249,-12.136526950734586,4.382891548984535,95306
City of Biñan,2023,4,0.36256680361213844,0.25399942434589723,-0.4433497488498688,0.8899980187416077,81054,-6.075675399152437,3.9291926012623586,-12.017017166323756,4.302376051088061,95236
City of Biñan,2023,5,0.38402302833202195,0.2605591067438587,-0.40946322679519653,0.9021885991096497,63842,-5.995627602469558,4.0135658990914065,-11.946743019926856,4.329882336865051,95244
City of Biñan,2023,6,0.41905222192441755,0.3426780973137411,-1.0,1.0,63474,-5.223705645722101,3.843608831261452,-11.276682173278601,3.9095137731965606,95339
City of Biñan,2023,7,0.39821294222229825,0.29076421939371205,-0.8282828330993652,1.0,70432,-4.967982405728014,3.771202678451395,-11.193757086785252,3.9747688940774664,95361
City of Biñan,2023,8,0.3811492358335505,0.2570903223915195,-0.410745233297348,0.8675632476806641,31122,-5.207129960284663,3.976020442497376,-11.365023660255082,4.056146140565568,95281
City of Biñan,2023,9,0.3988120145972721,0.31440520610212463,-0.6969696879386902,0.9658759832382202,48428,-5.236718701029688,3.9255781000074275,-11.290955986520139,3.976857082206857,95356
City of Biñan,2023,10,0.4046447587907215,0.21055918505288512,-0.224238783121109,0.8537999391555786,10921,-4.769526821551583,3.940290687696387,-10.957453165266712,3.956664034977834,95300
City of Biñan,2023,11,0.37385688256119054,0.24151133141154493,-0.46528974175453186,0.9038759469985962,41265,-5.22797324758178,3.878458622066679,-11.243670227800498,4.00660343651925,95372
City of Biñan,2023,12,0.35437611058268154,0.2896631662326448,-0.6850174069404602,0.9627329111099243,43239,-5.238259432719657,3.8491488208992193,-11.348934896340133,4.060862721612053,95248
City of Biñan,2024,1,0.3866996969926392,0.27309165838827093,-0.42096278071403503,0.9096215963363647,36921,-6.007011576225055,3.9391682749523733,-11.78061620754083,4.231505511150708,95394
City of Biñan,2024,2,0.33981252540868506,0.24970233725297974,-0.595400333404541,0.9099236726760864,93453,-6.0913477910517075,3.993884238978714,-11.996475420459937,4.366586307046267,95240
City of Biñan,2024,3,0.2766648136423544,0.22863706288015367,-0.4612794518470764,0.9051251411437988,48991,-6.209326860736147,4.106123577171441,-11.881795324121741,4.264804419456984,95415
City of Biñan,2024,4,0.2939756671157775,0.26166732071997023,-1.0,1.0,95450,-6.379959916017341,4.231814696738851,-12.392417991768736,4.659712664377562,95158
City of Biñan,2024,5,,,,,0,-6.22788090212344,4.140565256104386,-12.054957747915044,4.3551609750912155,95411
City of Biñan,2024,6,0.3693261600183863,0.23610305427022626,-0.5200856924057007,0.9521813988685608,17159,-5.384732021372206,3.791043016868131,-11.207834569880255,3.844470528247861,95431
City of Biñan,2024,7,,,,,0,-5.075799720395944,4.3104433818406545,-12.178975191204964,3.9861998427642913,95350
City of Biñan,2024,8,0.3724567304130406,0.2515637853837593,-0.44992050528526306,0.8801332116127014,34271,-4.748502264700033,3.95883577013976,-10.877353115699792,3.794671205328397,95432
City of Biñan,2024,9,0.42196333884187526,0.3008987934065585,-0.8443113565444946,0.9485628008842468,57189,-5.542004892359646,4.038577569629641,-11.58547325731722,4.10780690474269,95267
City of Biñan,2024,10,0.38525713385605026,0.33591077529592805,-1.0,0.9825258255004883,72174,-4.584607368622469,3.935893944984834,-10.759373751601533,3.7987927828679826,95357
City of Biñan,2024,11,0.38495668701096436,0.2940480546633795,-0.6278365850448608,0.9380281567573547,70071,-5.8263320930797935,3.9110397809096833,-11.788613859324784,4.20602891919144,95288
City of Biñan,2024,12,0.38211582510766273,0.27101826141063134,-0.7504104971885681,0.9474908709526062,32194,-4.695056792675126,3.955603944516452,-10.69547432650454,3.874367807718856,95438
City of Biñan,2025,1,0.3921145140282474,0.30609269409533557,-0.682285726070404,0.9702048301696777,77323,-5.241428514766398,3.8469399023361337,-11.336401797616814,4.07831505526903,95190
City of Biñan,2025,2,0.3773739409588341,0.29164279998274695,-0.5146036148071289,0.945514976978302,94826,-5.903549244312398,3.9686397889910427,-11.714940314224553,4.2055792097971025,95403
City of Biñan,2025,3,0.3503847747777434,0.2667822020465963,-0.431511253118515,0.9147717952728271,81738,-5.894878366748147,4.002496690439213,-11.812988596060817,4.270132039639163,95321
City of Biñan,2025,4,0.29342039089203287,0.2100249470912389,-0.4343968331813812,0.8794025182723999,63170,-6.451497278573616,4.55636788276544,-13.68097933124752,4.261804610749489,95406
City of Biñan,2025,5,0.32204212886865324,0.2692184478482246,-0.6195706725120544,0.9774696826934814,70519,-5.551117959245701,4.037221655783099,-11.449732936434133,4.082096038800518,95418
City of Biñan,2025,6,,,,,0,-4.141066181831164,4.502279273498566,-11.753696958423058,3.754062366322267,95442
City of Biñan,2025,7,,,,,,-5.328227413174103,4.332173955016327,-12.375865217322485,4.051136103377747,95435
City of Biñan,2025,8,0.38039882107081957,0.3463861244542063,-0.7777777910232544,0.9474855065345764,27054,-5.350362972472916,4.105186006463935,-11.548544224547035,4.042659722294344,95447
City of Biñan,2025,9,,,,,,-4.577941647462039,4.4410477782062,-11.881796384653956,3.7540324618485457,95449
City of Biñan,2025,10,,,,,0,-5.3189066647949215,3.944181583863635,-11.513062391606224,4.078877094471976,95439
City of Biñan,2025,11,0.3987782064534836,0.31780977842037633,-0.6521739363670349,0.9394577741622925,80405,-5.102191507213964,4.36799888912855,-12.202482186421443,3.8625258415779657,95449
City of Cabuyao,2018,1,0.47166389807529574,0.2530818612044511,-0.8714653253555298,0.9448412656784058,75836,-6.770120201451504,3.1858723778755347,-12.281471907936877,3.5344118541157283,120252
City of Cabuyao,2018,2,0.5143215289326618,0.2939809848411337,-0.9567901492118835,0.9395642876625061,108773,-6.3599311210589216,4.173040491490167,-13.587279669880862,3.2346985873891234,120253
City of Cabuyao,2018,3,0.3787988066317255,0.2502520014374322,-0.33875229954719543,0.8898832201957703,47969,-6.532524516225756,4.264523694674301,-13.899276980160247,3.306011572598194,120252
City of Cabuyao,2018,4,0.3559167613367649,0.24930233535545804,-1.0,0.933502733707428,98805,-6.740279643128388,4.3108343809480605,-14.005549335992027,3.337948332252534,120252
City of Cabuyao,2018,5,0.4156639368099655,0.29512532677832526,-1.0,1.0,102840,-7.670051006877187,3.5340104414255804,-13.131888136560246,4.030746904258627,120247
City of Cabuyao,2018,6,0.40998188886183,0.24973711906587276,-0.7649880051612854,0.8736754655838013,24612,-5.834049480697954,4.313170514319071,-13.509930280721381,3.388943163919845,120253
City of Cabuyao,2018,7,,,,,,-6.6230241037710424,3.3167382621053725,-12.412700247865423,3.8242401005822044,120243
City of Cabuyao,2018,8,0.410940059870901,0.18589879930853653,0.005451713223010302,0.7913222908973694,932,-6.175608926146927,4.137318586145161,-13.797896717801988,3.3359749287294855,120236
City of Cabuyao,2018,9,0.6496504456865871,0.20846424587706172,-0.3486350178718567,0.8608595728874207,16870,-6.161966556052687,4.339981322195188,-13.537258475205622,3.3329290835362544,120229
City of Cabuyao,2018,10,0.49486505515992585,0.2956827907411338,-1.0,0.9328858852386475,98183,-6.403504983685766,4.279014819344929,-13.775275383319089,3.3443024627187716,120230
City of Cabuyao,2018,11,0.4854795021172805,0.2736500276869283,-1.0,0.9809523820877075,76049,-6.336030343178416,4.192645143729835,-13.9005637913619,3.354412440806834,120248
City of Cabuyao,2018,12,0.3607253905784897,0.24223779499454565,-0.3783857822418213,0.9065420627593994,25181,-4.978440378688877,4.218496530629749,-12.68131168637955,3.214964814364404,120236
City of Cabuyao,2019,1,0.5271735782648642,0.2283673441400821,-0.6134787201881409,0.9147217273712158,41502,-6.2639165018525915,4.228391947137767,-13.942764334596982,3.457252916391143,120238
City of Cabuyao,2019,2,0.6961959226841768,0.1454622165254087,-0.6263736486434937,0.8974645733833313,15269,-6.526294827696837,4.341092223529201,-14.146134993446804,3.5566515585871894,120234
City of Cabuyao,2019,3,0.4231934372955152,0.285191686450536,-1.0,0.973846971988678,105819,-6.740940672052841,4.451708457063156,-14.21485456782269,3.6115532253433065,120239
City of Cabuyao,2019,4,0.41867757652378235,0.2491974243414,-0.46944645047187805,0.9072295427322388,100189,-6.962859408398642,4.5190082280962045,-14.34341668976058,3.701361210637469,120236
City of Cabuyao,2019,5,0.5252570801251336,0.3245903498032791,-1.0,0.9768625497817993,105705,-5.860219953195521,4.299456529062964,-13.457558697335825,3.263094311763708,120251
City of Cabuyao,2019,6,0.4938547108375737,0.27922996644598475,-0.9218390583992004,0.9128372073173523,96334,-5.701706580472236,4.21668508441468,-13.420264963252775,3.126127168464025,120253
City of Cabuyao,2019,7,0.49547331348843165,0.3037044163982929,-0.9347826242446899,0.9524245262145996,86736,-5.280997993431729,4.417046610886259,-13.201448181629646,3.438889117357509,120248
City of Cabuyao,2019,8,0.5258310992959867,0.284428129684667,-0.7201834917068481,0.9076229929924011,58681,-6.824282626009335,3.3332826153998134,-12.70951507677543,3.7916291229520573,120240
City of Cabuyao,2019,9,,,,,0,-6.049885604354648,4.22588497993299,-13.635769043712902,3.358101129901204,120239
City of Cabuyao,2019,10,0.48019460700221805,0.2925572327551799,-1.0,0.9399642944335938,85479,-5.273381790132688,4.198581865180495,-12.758068098692199,2.8897619041098084,120250
City of Cabuyao,2019,11,0.4421022001766788,0.2253356717278159,-0.2973265051841736,0.8548282384872437,68976,-5.467934352260931,4.13476795609455,-13.133898712375112,3.0201372656408165,120253
City of Cabuyao,2019,12,0.49381089279280965,0.26457269015218177,-1.0,0.9522041082382202,68146,-5.915863181523482,4.083723631960606,-13.55181854995443,3.1962146373790237,120253
City of Cabuyao,2020,1,0.44611150707470015,0.2857097645824388,-1.0,0.9453645944595337,100390,-5.868876450636186,4.114466268955157,-13.299491351154021,3.328950677568247,120235
City of Cabuyao,2020,2,0.4557126453079981,0.25650723054978847,-1.0,0.9295186400413513,88563,-6.384426008505953,4.294070448159475,-13.983306572727983,3.3853445971425833,120244
City of Cabuyao,2020,3,0.45929426527038925,0.27445067904411724,-1.0,0.9452054500579834,114616,-6.541110637470568,4.382820230762893,-13.99117859121901,3.381498866358959,120251
City of Cabuyao,2020,4,0.3985758192164971,0.2524433772775898,-1.0,0.9289319515228271,103426,-6.720018014707519,4.519701486366921,-14.318891256137903,3.552568897122693,120252
City of Cabuyao,2020,5,0.45486947635573977,0.3006882580962218,-1.0,0.9676997065544128,84593,-5.999346487102933,4.380126139621146,-13.572917405789271,3.32707517695201,120252
City of Cabuyao,2020,6,0.5276624189258362,0.31624510270678735,-1.0,0.9977272748947144,85122,-6.045531594459198,4.292968324320765,-13.808662863803026,3.335323546992333,120252
City of Cabuyao,2020,7,0.4790492820930732,0.28912840451025495,-1.0,0.9430569410324097,97443,-6.268567289650373,3.2179994300498915,-12.186855289915846,3.6289891096813864,120240
City of Cabuyao,2020,8,0.5358258060066544,0.2925553971041697,-1.0,0.9253945350646973,84896,-5.859861697570613,4.241318744054728,-13.512520125153227,3.3317072185838357,120253
City of Cabuyao,2020,9,0.4419196601690779,0.2554069949173933,-0.4141732156276703,0.9787039756774902,94778,-6.710577191613894,3.2292778721660915,-12.41523673561504,3.5722466164177,120247
City of Cabuyao,2020,10,0.5324166899081704,0.2972912657568676,-1.0,0.940536618232727,83485,-4.187553879202906,4.335090147808509,-12.068617034346206,2.9419348512439663,120253
City of Cabuyao,2020,11,0.5632083107363821,0.26295812544743713,-1.0,0.9361578822135925,13026,-5.346319039477942,4.214404285220634,-13.13106217038672,3.288097166344136,120228
City of Cabuyao,2020,12,0.47298795674877175,0.31256203035684244,-1.0,0.94838947057724,95106,-5.531099534636819,4.197903933753074,-13.351424509794429,3.375083612863596,120227
City of Cabuyao,2021,1,0.42141911743346744,0.23456568097029,-0.4170461893081665,0.8511486649513245,24873,-5.663055661527771,4.182818658904687,-13.524237149623703,3.3293310873293165,120244
City of Cabuyao,2021,2,0.5058202974729462,0.3062484908845557,-1.0,0.9519335031509399,103972,-5.064815700094837,4.488954918316639,-12.876322443969626,3.238492349857415,120240
City of Cabuyao,2021,3,-0.001823360907120545,0.06020219859545408,-0.13594040274620056,0.18509969115257263,89,-6.13769183285891,4.416360016423879,-13.922431286195273,3.473148551559513,120192
City of Cabuyao,2021,4,0.4686455518713422,0.25406288495480417,-0.5886076092720032,0.8941308856010437,40887,-6.117770255086351,4.464718418753039,-13.885016147045457,3.5081025853940666,120221
City of Cabuyao,2021,5,0.3660490645600679,0.2542985911079133,-1.0,0.9370805621147156,93951,-6.285992176785783,4.56049385367178,-14.088507423277028,3.6646423804706663,120226
City of Cabuyao,2021,6,0.36981410471364234,0.21694309437338027,-0.2983725070953369,0.826147198677063,41217,-5.732685939985164,4.55719810714809,-13.72028273056998,3.7473833503810012,120203
City of Cabuyao,2021,7,0.4341297113815322,0.3223464305930937,-0.781333327293396,0.9434458613395691,50517,-4.949453208716376,4.424852185188953,-13.121806291844084,3.587694466947195,120201
City of Cabuyao,2021,8,0.43914430694425893,0.32743239813591773,-1.0,0.9708147644996643,28793,-6.867128845629249,3.425201621379682,-12.746689456270378,3.857086356182324,120192
City of Cabuyao,2021,9,0.5471094824804306,0.3271272161985759,-1.0,0.9776632189750671,112932,-5.884937430828833,4.388907189586877,-13.57431340073421,3.3801017903210626,120216
City of Cabuyao,2021,10,0.4768675306134362,0.30507435257143944,-0.7854077219963074,0.9795249700546265,54485,-6.665610136007441,3.2248471527101668,-12.48058407539629,3.774289747363196,120172
City of Cabuyao,2021,11,0.6766124944752177,0.21137283530681003,-0.20912547409534454,0.872389018535614,6831,-4.966553313839861,4.377336286186823,-12.992508500584401,3.2080627145142553,120202
City of Cabuyao,2021,12,0.5024754644997775,0.3130731573094337,-1.0,0.9661017060279846,86099,-6.791962829738626,3.2163657733484863,-12.648911906636249,3.8316583467237724,120195
City of Cabuyao,2022,1,0.20798815193120385,0.1740215112690647,-0.29053229093551636,0.731697678565979,772,-6.835818448274235,3.3377843870769235,-12.697142084878424,3.897894103658489,120191
City of Cabuyao,2022,2,0.437257341897713,0.2860206040328361,-0.8277680277824402,0.922835648059845,96822,-6.910921916284764,3.299106285879739,-12.58368422791506,3.816682210594136,120227
City of Cabuyao,2022,3,0.470455785795317,0.3013385017673795,-1.0,0.9768844246864319,100591,-7.0782721946993625,3.267178074227097,-12.759800207317657,3.7922249096067686,120230
City of Cabuyao,2022,4,0.43087680528032046,0.2660628527393444,-0.443093478679657,0.8850706219673157,94694,-6.506527860394799,3.239746151443664,-12.283403728974125,3.7038757333001238,120220
City of Cabuyao,2022,5,0.47948775255345616,0.30914072583299956,-1.0,0.9541438817977905,99850,-6.218328721396927,3.152112776497613,-12.18998953139704,3.534112864931376,120235
City of Cabuyao,2022,6,,,,,0,-6.118786667752374,3.3674819642380722,-12.188717754805554,3.8219577169608403,120209
City of Cabuyao,2022,7,0.47730997095006605,0.3438072865001663,-1.0,1.0,69559,-5.994931564695809,3.186458471129896,-11.949109982199479,3.618716557254979,120241
City of Cabuyao,2022,8,0.4721877184809851,0.27766171213779395,-0.985401451587677,0.8745464086532593,72353,-6.465885231342577,3.2965860220953656,-12.247660248491716,3.673829784414585,120204
City of Cabuyao,2022,9,0.5642800467113886,0.2935379712949336,-1.0,0.9556093811988831,39324,-6.167106134535794,3.3570682864332784,-11.860806158353853,3.5838442571579523,120225
City of Cabuyao,2022,10,0.45169007273466205,0.23269013044687228,-0.20776014029979706,0.887418270111084,9059,-5.79047780703195,3.3522381856974057,-11.543025833714946,3.6431536429037106,120209
City of Cabuyao,2022,11,0.33379607737459926,0.18548776745924495,-0.3345864713191986,0.7761147618293762,6211,-5.516747359100594,3.2819742485068706,-11.416291668593729,3.5620847885808002,120209
City of Cabuyao,2022,12,0.45445186471246274,0.301847909921301,-0.8550724387168884,0.9473291635513306,79120,-6.673838630356429,3.192650359122075,-12.387051641931995,3.7668300548010403,120204
City of Cabuyao,2023,1,0.5191772359015469,0.30874648885503386,-0.5245220065116882,0.9494783282279968,103453,-6.855194909576021,3.384307243523376,-12.56632531856834,3.9653518901080225,120170
City of Cabuyao,2023,2,0.5061734671444454,0.1054201208082807,0.04827586188912392,0.8297779560089111,15619,-6.65779398374151,3.340145702716942,-12.391316345333202,3.8155576610787243,120223
City of Cabuyao,2023,3,0.41032370005001095,0.26290536091450384,-1.0,0.8968021273612976,101606,-7.129593382035414,3.427701669128053,-12.770963192264896,4.002408182510576,120204
City of Cabuyao,2023,4,0.4434155001589849,0.2675266028251385,-0.4429723620414734,0.8859559893608093,108701,-6.921871337321062,3.386075659201005,-12.682808263317044,3.943015864899633,120188
City of Cabuyao,2023,5,0.4027669915927732,0.23423380167493277,-0.8248175382614136,0.9015138745307922,57355,-6.8574570094997345,3.5178233922904676,-12.662283329305888,4.078217708550825,120191
City of Cabuyao,2023,6,0.5348755568733895,0.3314827115114876,-1.0,1.0,101718,-6.39621502736249,3.26758051571103,-12.33807567274412,3.76358567279189,120238
City of Cabuyao,2023,7,0.4998549618751151,0.32322691322612745,-1.0,0.9663049578666687,65320,-6.132460655885412,3.442694358407157,-12.133147523546883,3.9054172578098316,120200
City of Cabuyao,2023,8,0.3739010906486827,0.19667841166751024,-0.2898351550102234,0.7664434313774109,44373,-6.519626827284159,3.4992102787082526,-12.389988197398397,3.9350237498717586,120210
City of Cabuyao,2023,9,0.525986438960925,0.3437920058759804,-1.0,1.0,106192,-6.039507856968953,3.3157292008343577,-11.809858157159516,3.6235031290650777,120198
City of Cabuyao,2023,10,0.4697432106803523,0.24816833739622982,-0.9389830231666565,0.915232241153717,49857,-5.610767263327307,3.3407662846453046,-11.44372719172443,3.616731152452978,120226
City of Cabuyao,2023,11,0.2029072113288702,0.2186768321392293,-0.14490358531475067,0.695702314376831,892,-5.895803072468329,3.2680067457696134,-11.576574899482775,3.6138861970476994,120247
City of Cabuyao,2023,12,0.46810905050867657,0.22311976673038852,-0.2461538463830948,0.9014951586723328,12869,-5.928591673011535,3.260981028216479,-11.778982966728334,3.677859043232621,120207
City of Cabuyao,2024,1,0.5730862001589596,0.2842796959874711,-1.0,0.9272814989089966,38761,-6.6382339341973555,3.3364090821540704,-12.235536305428251,3.768233988349705,120247
City of Cabuyao,2024,2,0.46007364272259627,0.28358530710252,-1.0,0.9510822296142578,101937,-6.6961293817654886,3.232664018745111,-12.421696820532546,3.7966530248925263,120235
City of Cabuyao,2024,3,0.352795862999134,0.26772839201881227,-1.0,0.908211350440979,83255,-7.017761770574315,3.403333934765924,-12.419738461976321,3.8352147181630603,120252
City of Cabuyao,2024,4,0.39559009921585486,0.2915879149370725,-1.0,1.0,114944,-7.19236100136647,3.583768832979548,-13.012675367084624,4.2604541443679755,120176
City of Cabuyao,2024,5,,,,,0,-7.17208861054577,3.5451385988173714,-12.80204318562338,4.087291917595341,120243
City of Cabuyao,2024,6,0.4968196795127288,0.2864292719593748,-0.4831356704235077,0.9342969655990601,73462,-6.209142018700735,3.2326854490988355,-11.950909255108497,3.625532656084872,120253
City of Cabuyao,2024,7,0.3344979475605718,0.22219011608121614,-0.33176174759864807,0.8287262916564941,17488,-5.244697941393802,4.483959089321539,-13.253947988223915,3.741629651605298,120192
City of Cabuyao,2024,8,0.47329876870160414,0.24786505641887296,-0.4124700129032135,0.8912216424942017,52624,-5.996167134952101,3.471973438673591,-11.728343072135566,3.645057481220772,120250
City of Cabuyao,2024,9,0.5079110202060425,0.3322427318458606,-1.0,0.9655011892318726,103126,-6.409061819165265,3.5215374668927564,-12.232760051463044,3.862686201912525,120206
City of Cabuyao,2024,10,0.51317673141729,0.33019321338149343,-1.0,0.9695919752120972,99044,-6.035729275730712,3.341330085590547,-11.580650058712967,3.558036631136478,120232
City of Cabuyao,2024,11,0.48223974465260444,0.2906695022610323,-0.803056001663208,0.9129235148429871,86459,-6.565903767446802,3.348532065171626,-12.32708920457141,3.9197571533823177,120193
City of Cabuyao,2024,12,0.43834510952028455,0.29033343330761313,-1.0,0.9532356858253479,68214,-5.576148254620097,3.3661873793851003,-11.3229101476352,3.671294823723884,120246
City of Cabuyao,2025,1,0.45696937405784865,0.2957082402377575,-1.0,0.9343712329864502,64122,-5.982505933829802,3.282517484645212,-11.84419707252411,3.7703155587931345,120174
City of Cabuyao,2025,2,0.42293862787772596,0.2893411572883394,-0.7654321193695068,0.9293924570083618,75396,-6.608814430457472,3.384066768331883,-12.22966922584782,3.842469868503529,120245
City of Cabuyao,2025,3,0.4296439822610513,0.294766552232111,-0.6309012770652771,0.9271413683891296,94664,-6.523381434400615,3.2705699897740335,-12.302633776409412,3.844740515143631,120211
City of Cabuyao,2025,4,0.42226203099892273,0.260730460827296,-0.5146198868751526,0.9006656408309937,104452,-6.6052631055777855,4.707562975847736,-14.432062101795822,3.5757807790096408,120247
City of Cabuyao,2025,5,0.38033163553028587,0.3012640549028779,-1.0,0.9884530901908875,86823,-6.546051877850317,3.3703192592546585,-12.268372512241099,3.8107205902540136,120250
City of Cabuyao,2025,6,0.04081396758556366,0.0,0.04081396758556366,0.04081396758556366,1,-4.418640352051048,4.903843537917346,-12.636970722316908,3.418915412600608,120252
City of Cabuyao,2025,7,,,,,,-5.421893864435164,4.517931212257756,-13.24048800847648,3.7187916870218283,120245
City of Cabuyao,2025,8,0.45708929685559685,0.32007191400445356,-1.0,0.9450305104255676,31056,-6.191219913284074,3.654414779604707,-12.095386456745535,3.869829381148196,120251
City of Cabuyao,2025,9,0.4696769979055498,0.29728704049347726,-0.9149659872055054,0.9213070869445801,25363,-4.741543212489144,4.586631423581918,-12.60705758016626,3.2472450459726763,120251
City of Cabuyao,2025,10,,,,,0,-6.114315268805732,3.395634646251155,-11.947809496776454,3.7264695023321903,120252
City of Cabuyao,2025,11,0.453211085630255,0.32978674514835965,-1.0,0.9386605620384216,87375,-5.0165619671038195,4.391989193007058,-12.88484444322178,3.359866419629244,120248
City of Calamba,2018,1,0.557428177916727,0.2525742427671141,-1.0,0.9448412656784058,235420,-6.893022150732967,2.957743309871611,-12.669501863281534,3.1455557165150254,349802
City of Calamba,2018,2,0.555825282997113,0.2694785100584651,-1.0,0.9434897303581238,236915,-7.1605465559346415,3.5084478095147147,-13.659739381894802,3.2810092188344724,349803
City of Calamba,2018,3,0.47700293057359905,0.2589358105853515,-0.5903083682060242,0.928838312625885,262689,-7.400729771557703,3.524253144525126,-14.025499011449027,3.358172138254316,349803
City of Calamba,2018,4,0.4091749714122332,0.25419710570376647,-1.0,0.9350585341453552,240817,-7.687874122958891,3.648747444854338,-14.221346773831344,3.5047453807447257,349797
City of Calamba,2018,5,0.4180717440247209,0.27664287405793414,-1.0,0.9957143068313599,237922,-7.929387818377087,3.356103964898167,-13.762637813667807,3.7567416802510034,349755
City of Calamba,2018,6,0.47041715525342936,0.25928917441421134,-1.0,0.8880770802497864,42566,-6.639297297570759,3.4575622791070124,-13.409871568423874,3.18138963795901,349786
City of Calamba,2018,7,,,,,,-6.473708908078759,3.0045665858268418,-12.597883309741063,3.18065733866381,349729
City of Calamba,2018,8,0.47341163619798116,0.23781883243115431,-0.5534940958023071,0.9153071641921997,5887,-6.954290581950601,3.312757410561726,-13.65098858729742,3.178248913503329,349712
City of Calamba,2018,9,0.5866473553355981,0.22032835309604187,-0.20998573303222656,0.8696151375770569,103741,-6.73020209817174,3.5243205463215443,-13.323263635852305,3.202147826278017,349750
City of Calamba,2018,10,0.5767312331576389,0.28017585314514704,-1.0,0.9314530491828918,267376,-7.127600141649675,3.4866235089007787,-13.683821440255057,3.243904340257427,349744
City of Calamba,2018,11,0.5775740416354607,0.27616226367127433,-1.0,0.9699732065200806,255773,-7.126137045863984,3.4370300751996194,-13.78310056118098,3.2476670706123096,349775
City of Calamba,2018,12,0.49102310451320097,0.23547131406519428,-0.3946343660354614,0.9125683307647705,106389,-5.877875841499079,3.496136963657288,-12.638622846750161,3.228689404744896,349678
City of Calamba,2019,1,0.5365816868551957,0.23846687222826088,-0.6414141654968262,0.9157401919364929,172860,-7.094850733720887,3.488080251807024,-13.873894960667437,3.350882422647025,349761
City of Calamba,2019,2,0.6192425015403081,0.21914094886246693,-0.6017650365829468,0.9062174558639526,68473,-7.412728072339131,3.6334080972440606,-14.166699212082136,3.5371125217052355,349681
City of Calamba,2019,3,0.44669681765897135,0.2754633700244044,-1.0,1.0,293571,-7.685229655585517,3.8048037878057186,-14.35208216858545,3.7052488619210733,349690
City of Calamba,2019,4,0.45681742766771943,0.24172442348015483,-0.7688679099082947,0.9019825458526611,302981,-7.866043581881845,3.8175123411676273,-14.484430448728387,3.782978956099776,349692
City of Calamba,2019,5,0.5959922597121354,0.29974072697404586,-1.0,1.0,202549,-6.697510836374582,3.5620312637954488,-13.416580348974213,3.2342283413227295,349710
City of Calamba,2019,6,0.5949391104261827,0.26695692897195056,-1.0,0.9226577877998352,256695,-6.889324013828083,3.491574888700612,-13.748599551123883,3.178090316448955,349770
City of Calamba,2019,7,0.5866966495267124,0.31042017471866756,-1.0,0.9936536550521851,257174,-5.887070298872768,3.3980260454880784,-12.770173841509923,3.0723606186755057,349764
City of Calamba,2019,8,0.5871275402124637,0.26787837534505615,-0.5561719536781311,0.9325486421585083,196531,-6.798293690581446,3.0733389667607005,-13.000746797814768,3.2265200222016612,349669
City of Calamba,2019,9,0.47435442271364386,0.1208230989774163,0.09447004646062851,0.8261844515800476,2298,-6.818839900936355,3.413829063035585,-13.50294050223791,3.1617355029211507,349729
City of Calamba,2019,10,0.5699731882118313,0.2847627612113843,-1.0,0.9444682002067566,263167,-5.895948367691804,3.3293194896777196,-12.520128160052426,2.8233299718180285,349783
City of Calamba,2019,11,0.5267470530214251,0.22906960733105844,-0.4233333468437195,0.8811880946159363,126391,-6.067204611057036,3.301563324670177,-12.82996395557765,2.924673547178647,349761
City of Calamba,2019,12,0.5588588596280017,0.2532887230723438,-1.0,0.947862982749939,194277,-6.762198719649494,3.372234677195092,-13.480360404340908,3.2050031726716077,349750
City of Calamba,2020,1,0.48026718339565716,0.27437062456388656,-1.0,0.9403232336044312,260635,-6.688148526313366,3.417208314861577,-13.250473360151029,3.3606061450531253,349637
City of Calamba,2020,2,0.5099333504214223,0.24135322579034826,-0.8861788511276245,0.9181088805198669,286364,-7.255483633979963,3.5863984504107105,-14.050360092433364,3.462400124626411,349703
City of Calamba,2020,3,0.4913921363099206,0.270171436916467,-1.0,0.9604922533035278,325215,-7.449950431179356,3.664592024289252,-14.122844219553508,3.508382972670941,349728
City of Calamba,2020,4,0.42091654547142726,0.24263025371069644,-1.0,0.9297557473182678,253143,-7.704420644576846,3.7979307110854768,-14.474582445949226,3.656372856227926,349724
City of Calamba,2020,5,0.5237529303782611,0.28660761331130374,-1.0,0.9488519430160522,153735,-6.799164903516487,3.6142236653680495,-13.479894569578061,3.3332076098935306,349754
City of Calamba,2020,6,0.6015282068851537,0.30773088434473983,-1.0,0.98573899269104,257844,-6.646637613827193,3.4706632253900995,-13.51754969052684,3.1825310952509485,349745
City of Calamba,2020,7,0.5731998098615707,0.2452782770006766,-1.0,0.9068710803985596,154399,-6.3226943988656705,2.9628369953202367,-12.591917404225892,3.116717574225322,349572
City of Calamba,2020,8,0.6296970013561924,0.24670818476337214,-0.7695167064666748,0.9182804226875305,159126,-6.675286311807274,3.408893590479978,-13.361831883123234,3.11458872590045,349722
City of Calamba,2020,9,0.5672738328378748,0.26749341722238495,-1.0,0.9726612567901611,242594,-6.602260095914594,3.0143629867459527,-12.772622102996689,3.1493062147746516,349618
City of Calamba,2020,10,0.580936261228272,0.2864702917342234,-1.0,0.9683544039726257,305164,-5.17992899331759,3.314631572002173,-11.888073184401375,2.7731145579021987,349775
City of Calamba,2020,11,0.617745355246403,0.23232009587748292,-0.9890710115432739,0.9475774168968201,47801,-6.289184683250548,3.3653504463483954,-13.016093938634837,3.164812400488342,349745
City of Calamba,2020,12,0.5565377135510015,0.2943425428118081,-1.0,0.9425466060638428,159135,-6.455843090089815,3.4724636688085746,-13.222979843279223,3.247980543289399,349692
City of Calamba,2021,1,0.4577364669141679,0.20210919570194344,-0.3382699489593506,0.8418843746185303,38986,-6.639219135131624,3.3871590281641457,-13.476580821332561,3.271770923854362,349743
City of Calamba,2021,2,0.5698829895393858,0.28825549948170276,-1.0,0.9594808220863342,300438,-5.942909983933257,3.5846899751826293,-12.764779734719186,3.1675835017558813,349736
City of Calamba,2021,3,0.6956737761337609,0.21350845173211672,-0.188399538397789,0.8686915040016174,4539,-7.039965752752473,3.581199854852133,-13.915176287369992,3.480344815145865,349529
City of Calamba,2021,4,0.522056925669503,0.2427649610273544,-0.2426229566335678,0.8810450434684753,27244,-7.02799619649477,3.6289478876089207,-13.865543346347813,3.4849339674521587,349533
City of Calamba,2021,5,0.45232818739001374,0.2682891845650405,-1.0,0.9278367161750793,226265,-7.072727651716531,3.6451239904237975,-13.983353707109254,3.5353292740332183,349615
City of Calamba,2021,6,0.47640243633501655,0.19411887930891797,-0.5682730674743652,0.8627266883850098,37447,-6.727830231452187,3.57989569398579,-13.679370358352159,3.4352811504316483,349556
City of Calamba,2021,7,0.5315010261313473,0.2559368772026888,-0.5899945497512817,0.9278988242149353,16834,-5.886625720937993,3.374453365921953,-12.843701595238889,3.127726164521253,349580
City of Calamba,2021,8,0.5256060372956737,0.24006772944224486,-0.3871781826019287,0.9321950078010559,76473,-6.641075547280189,3.112673141791479,-13.00072140623951,3.342826766253691,349461
City of Calamba,2021,9,0.6112436796214287,0.3129359658069732,-1.0,0.977066695690155,304333,-6.748972434465593,3.5326127812046377,-13.552183288785674,3.3147224409673925,349543
City of Calamba,2021,10,0.5783789636358325,0.29758343260372616,-1.0,0.9919354915618896,218242,-6.853684089462524,3.066690166230934,-13.107325489411625,3.4384443674573575,349384
City of Calamba,2021,11,0.5486032855692201,0.25504947728879235,-0.35334521532058716,0.8657125234603882,26612,-5.808117959907238,3.4552520173210803,-12.766984279646886,3.095064083551501,349574
City of Calamba,2021,12,0.5979483241019774,0.29731719315359534,-1.0,1.0,248779,-6.866120408599306,2.998727228647748,-13.060225134680824,3.387304390374951,349501
City of Calamba,2022,1,0.3104372546854169,0.20282231928643862,-0.19884726405143738,0.7273918986320496,2405,-7.018657483483528,3.19316871484789,-13.28481876720628,3.5747784450884716,349344
City of Calamba,2022,2,0.509250861884067,0.24415652722539338,-1.0,0.9367445111274719,277902,-6.770480430020534,3.075093982866086,-12.959671783116454,3.3956095679143083,349630
City of Calamba,2022,3,0.5281402203423154,0.29723011846235337,-1.0,1.0,300458,-7.27911850047086,3.0998503361019716,-13.42432065884053,3.526754862333213,349518
City of Calamba,2022,4,0.49241673562448945,0.25999650041496797,-0.619854748249054,0.8840858340263367,188748,-6.33073285290456,2.968810716379565,-12.61564994423134,3.24714452537398,349509
City of Calamba,2022,5,0.5931881248968564,0.2925908400113194,-1.0,0.9544399976730347,255920,-6.2268810998309165,2.923036777404562,-12.661270919795264,3.1211425061545195,349520
City of Calamba,2022,6,0.3879560932512098,0.3664667153752483,-0.09226932376623154,0.8641554713249207,47,-6.005719643948097,3.104635675676673,-12.421216360998587,3.3182972560852693,349497
City of Calamba,2022,7,0.5414492251361737,0.3363451928408081,-1.0,1.0,111954,-5.733238916082564,2.9806449948740408,-12.02522704757607,3.087485372248484,349597
City of Calamba,2022,8,0.5720296868124894,0.24042517201483954,-0.38827526569366455,0.8808701634407043,93748,-6.438186284651993,2.985062201355427,-12.668008786111487,3.1735233992072693,349578
City of Calamba,2022,9,0.6451276621378228,0.26940652582952695,-1.0,0.964699923992157,205666,-6.148292237478457,3.072480059658566,-12.311190918723865,3.1278177041842157,349551
City of Calamba,2022,10,0.5298487675731585,0.2714557638181741,-0.4028749167919159,0.9022666811943054,81417,-5.891107459591982,3.0653184851406143,-12.044466233154711,3.2009497949075754,349556
City of Calamba,2022,11,0.4915907533000469,0.16751075419740233,-0.24528302252292633,0.8047327399253845,10845,-5.588948180547433,3.0478110166964125,-11.81109403422535,3.144716337092403,349457
City of Calamba,2022,12,0.5571397436986837,0.29653910296401365,-1.0,0.9366738200187683,212629,-6.8926093119082585,2.948809385352388,-12.945392525892547,3.338547280051477,349599
City of Calamba,2023,1,0.6074200964040068,0.27703349551318374,-0.8771929740905762,0.9516602754592896,223981,-7.027418264215187,3.1022958367875395,-13.044677750932589,3.5147258204665883,349496
City of Calamba,2023,2,0.5138732987766514,0.16900904029889374,-0.3260727524757385,0.857384443283081,92634,-6.764473448970879,3.132190045505836,-12.971557012521354,3.4388048145678014,349522
City of Calamba,2023,3,0.43303753474325,0.24961864884341914,-0.834645688533783,0.9161033630371094,257264,-7.391345203789162,3.263249431012526,-13.420256791796444,3.6900094862438064,349415
City of Calamba,2023,4,0.5167099270327958,0.2622460945849691,-1.0,0.9138826727867126,336186,-7.14784784312776,3.192308066653162,-13.367920936229089,3.6453606168969004,349327
City of Calamba,2023,5,0.5298864229848435,0.265894646435086,-0.8077858686447144,0.9086521863937378,171888,-6.995948203354292,3.2885909794772137,-13.282394272947275,3.681801847755424,349330
City of Calamba,2023,6,0.567944888834245,0.27976467495477475,-1.0,0.9603692889213562,175887,-6.480002709780658,3.0756633226660655,-12.927811296749155,3.3539362482820625,349495
City of Calamba,2023,7,0.5977370686007012,0.2801038506498317,-1.0,0.9403502941131592,92125,-6.103041184872538,3.1391962843857315,-12.44070591937152,3.311363932215278,349482
City of Calamba,2023,8,0.544792427166683,0.24803104415448618,-0.46684005856513977,0.8892045617103577,128314,-6.562733696567669,3.2711887634621704,-12.90052860321907,3.483329385949707,349458
City of Calamba,2023,9,0.6190559194315437,0.33388119697646806,-1.0,1.0,304894,-6.170249795181405,3.1095278727183606,-12.461543721117874,3.2119839465794766,349489
City of Calamba,2023,10,0.5132329169501773,0.24248630369895194,-1.0,0.9252555966377258,88982,-5.738834830658877,3.145925266337808,-12.013577203540288,3.2276584617801087,349567
City of Calamba,2023,11,0.49611270138471575,0.22182786409440886,-0.4110701084136963,0.8965243697166443,43420,-6.0861642321541725,3.1327688236451725,-12.208123163891239,3.262888345409079,349685
City of Calamba,2023,12,0.5557739096006554,0.2735307957498985,-1.0,0.9332411885261536,192063,-6.0180303164029345,3.1140220525025337,-12.292198490056855,3.3559404481411517,349460
City of Calamba,2024,1,0.5673039271541558,0.2604532326536937,-1.0,0.9320235848426819,191673,-6.934360603462922,3.1695936027422746,-12.929308372558003,3.4856989875129725,349721
City of Calamba,2024,2,0.5244207824742476,0.2801394642734077,-1.0,0.9532433152198792,312238,-7.006250218645133,3.1488020625137394,-13.164624564522507,3.567324422582365,349496
City of Calamba,2024,3,0.41829970145501644,0.27260855482236174,-1.0,0.9350141882896423,227236,-7.378381507121343,3.3390272717489253,-13.239136375848009,3.672503640960512,349753
City of Calamba,2024,4,0.4254743205547418,0.28591163727196606,-1.0,1.0,325063,-7.641018851769494,3.5340891317343206,-13.880070129050985,4.160648370486419,349257
City of Calamba,2024,5,,,,,0,-7.62505600607356,3.4956552527559563,-13.6899026036227,3.9669399152823988,349736
City of Calamba,2024,6,0.5586057242856459,0.222939465264252,-1.0,0.9560657143592834,137756,-6.296035919165389,3.0547755897741147,-12.537337565557896,3.2475647471072078,349764
City of Calamba,2024,7,0.515123505039444,0.2343809429422404,-0.3238552510738373,0.8784386515617371,100263,-6.21326394732481,3.6464663915279423,-13.102171838608458,3.398933146883669,349555
City of Calamba,2024,8,0.5390270080642456,0.20980031983916977,-0.36251920461654663,0.8767789006233215,69029,-5.936752894137454,3.1753391566927145,-12.065830552482801,3.118293325757153,349760
City of Calamba,2024,9,0.5959892331578732,0.27218233094989774,-1.0,0.9582191705703735,111995,-6.389402186094261,3.2221916037084157,-12.749915849805118,3.4166385626104367,349534
City of Calamba,2024,10,0.5958926972637508,0.32282426248985197,-1.0,1.0,290739,-6.125216872451732,3.137626131007777,-12.051270692487694,3.284716991305646,349529
City of Calamba,2024,11,0.5579776316160362,0.27333737759001137,-0.8227847814559937,0.9432682394981384,197419,-6.770484165693833,3.204284992328159,-12.941815674910663,3.5745050061142796,349490
City of Calamba,2024,12,0.5100992147164438,0.27417546633045875,-0.9728997349739075,0.9378109574317932,85717,-5.736604673864139,3.145893940285873,-11.869913268331343,3.251272984123735,349765
City of Calamba,2025,1,0.5649534139786172,0.28958887176122367,-1.0,0.949215829372406,280497,-6.008979437049858,3.111348732225105,-12.26280441582277,3.3768247479432754,349438
City of Calamba,2025,2,0.5016579108965517,0.2412005295526023,-0.6327160596847534,0.9334037899971008,162338,-6.751794346149776,3.1927308021237066,-12.82144179314938,3.4723807819518098,349721
City of Calamba,2025,3,0.5415122770283982,0.29028122115617355,-1.0,0.933845043182373,264466,-6.721199059042076,3.115715500305568,-12.928291460764061,3.493744985125412,349566
City of Calamba,2025,4,0.4706928017733787,0.25571345349737995,-0.969111979007721,0.9122306704521179,312682,-7.690527032431074,3.8851229086240666,-14.599063266534518,3.554297139969255,349775
City of Calamba,2025,5,0.4920360605300132,0.3047922912085028,-1.0,1.0,120783,-6.829176333494797,3.2655805224932806,-13.072147827771715,3.5239995469048844,349706
City of Calamba,2025,6,0.11089444980025291,0.05012343526247869,0.03357112780213356,0.16600872576236725,5,-5.638996839140266,3.7784301850911985,-12.684924518593808,3.11176356246705,349794
City of Calamba,2025,7,,,,,,-6.468537401754744,3.673570631148058,-13.163648768859005,3.4316948140192465,349720
City of Calamba,2025,8,0.5195220983979728,0.30838254211820837,-1.0,0.9567004442214966,79309,-6.227760954462452,3.3235301874154324,-12.562981723183784,3.322247673972676,349800
City of Calamba,2025,9,0.5607238817911656,0.3125395791766968,-1.0,0.9337887763977051,99403,-5.718524354735262,3.6854186902223103,-12.540816391562718,3.104738220878453,349790
City of Calamba,2025,10,,,,,0,-6.200407406880234,3.22822981052304,-12.503732122864335,3.297450696872781,349762
City of Calamba,2025,11,0.5303601713593599,0.3042334171102492,-1.0,0.9298933148384094,203519,-6.131361549957226,3.586921706937345,-12.976041863217054,3.2068223127551168,349783
City of San Pablo,2018,1,0.6941209789014527,0.17094413805254693,-0.1831146627664566,0.9301972389221191,247880,-6.6637206671400655,2.5948913795953374,-12.73619815262624,2.568075311593595,468378
City of San Pablo,2018,2,0.7559855615441566,0.16305966922623077,-0.33803117275238037,0.9160913228988647,181895,-6.550091100667904,2.63544567696174,-13.003170117140321,2.574447761075197,468374
City of San Pablo,2018,3,0.7434048107134055,0.18797807570209005,-1.0,0.9378673434257507,321751,-6.630948207034074,2.623321834142267,-13.24654431708715,2.535734603309805,468365
City of San Pablo,2018,4,0.6274181027018545,0.2249296193055803,-0.4858490526676178,0.9425837397575378,204470,-7.1118520431814165,2.5609344098780142,-13.555999845368975,2.583594230777272,468377
City of San Pablo,2018,5,0.6101580661023657,0.1882863370035173,-0.27976879477500916,0.8706528544425964,131873,-6.846384049476598,2.72286762554929,-12.918809079912284,2.7356335256298157,468098
City of San Pablo,2018,6,0.751922169880624,0.182610983448674,-0.46409371495246887,0.9487684965133667,206461,-6.230563793276338,2.783086372083546,-12.84305417022012,2.6266582738160973,468354
City of San Pablo,2018,7,,,,,,-6.253127009505819,2.638799517758728,-12.806843685710016,2.5940486143321744,468226
City of San Pablo,2018,8,,,,,0,-6.55684515194321,2.5284643858733324,-13.28030707640673,2.552888567982584,468340
City of San Pablo,2018,9,0.7427215682406956,0.17509915514179006,-0.3695652186870575,0.9304430484771729,262822,-6.508023240206421,2.6771175191648955,-13.078293354478133,2.560586654845291,468323
City of San Pablo,2018,10,0.6583948222909752,0.18539144889091727,0.04636168107390404,0.9213283061981201,35237,-6.579818791732452,2.6182884749683897,-13.178344169283662,2.552338542221435,468324
City of San Pablo,2018,11,0.7297668129554569,0.2803284758698507,-1.0,0.965848445892334,239681,-6.649539423576955,2.6107353009354037,-13.334570254531242,2.595772359446109,468323
City of San Pablo,2018,12,0.6721440610590605,0.17106707246273453,-0.4141414165496826,0.9305806756019592,190085,-5.876463502986551,2.617808995841168,-12.473124314513417,2.5869260851312474,468328
City of San Pablo,2019,1,0.7797285856513126,0.2150302431401533,-1.0,0.9482586979866028,386727,-6.84459773068628,2.623210551145051,-13.479755189964095,2.739100387260377,468314
City of San Pablo,2019,2,0.7351223340061159,0.18616855111991554,-1.0,0.9338638186454773,264899,-7.161997777129708,2.759756457752375,-13.781656971938116,2.8575501035752837,468283
City of San Pablo,2019,3,0.6285651684761373,0.18529468672073177,-0.5699541568756104,0.9233449697494507,77810,-7.584230621445758,2.926568349907891,-13.999868282102103,2.943966281561263,468258
City of San Pablo,2019,4,0.5607324523074267,0.21616987707586346,-0.8120805621147156,0.9380438327789307,216638,-7.952824875372357,3.011537398148739,-14.279504546686914,3.0972107302081433,468195
City of San Pablo,2019,5,0.6882386280722531,0.21336239281572916,-1.0,0.9486215710639954,251271,-7.29465836736999,2.931703477761182,-13.920073449254236,2.9593341818149983,468231
City of San Pablo,2019,6,0.6817765090571569,0.2721600218221422,-1.0,0.9543338418006897,191431,-7.240047980922056,2.836466995213187,-13.977448502378374,2.785295281522834,468324
City of San Pablo,2019,7,0.7754337414504623,0.23937056716083827,-1.0,0.9781083464622498,450439,-6.05800112883562,2.5833684662878316,-12.711782319916399,2.4265967491581257,468341
City of San Pablo,2019,8,0.7487590930174788,0.17480174153641326,-0.4799289405345917,0.9268460869789124,205920,-6.342047026260202,2.6184218859180324,-12.921587513456306,2.638256512231859,468080
City of San Pablo,2019,9,0.6102376813930825,0.14450389754424578,-0.036344755440950394,0.8976357579231262,30419,-6.544128906714534,2.610526583207037,-13.214117560677602,2.5853290542537293,468322
City of San Pablo,2019,10,0.7449552924570493,0.24719116898382715,-1.0,0.9460061192512512,303527,-5.8468482584513914,2.5607694025186594,-12.381971668550937,2.4040792003034204,468353
City of San Pablo,2019,11,0.7253996608048262,0.1692505276502616,-0.34820032119750977,0.9054321646690369,234256,-6.2431074931938575,2.531951871242293,-12.886204843009565,2.4313301788191204,468352
City of San Pablo,2019,12,0.7583879007977428,0.17908696878046576,-1.0,0.9361119270324707,193536,-6.731647004146771,2.5877048673952086,-13.257990342767362,2.6501673902319474,468325
City of San Pablo,2020,1,0.7573148106651367,0.19405146213761582,-1.0,0.9451885223388672,319033,-6.677414081558145,2.6757068093237883,-13.324423679315155,2.7341471998256317,468016
City of San Pablo,2020,2,0.7149541194848619,0.18787329456084573,-0.5184049010276794,0.9227010011672974,387565,-6.947910644508024,2.668442622734819,-13.59378116346278,2.7299121506197204,468256
City of San Pablo,2020,3,0.6494284555467629,0.2078859312799916,-0.6116731762886047,0.932057797908783,265672,-7.139381042101233,2.719205700855651,-13.593540905053235,2.7216843722590824,468294
City of San Pablo,2020,4,0.5814070380261124,0.1786012553793508,-0.18267929553985596,0.9234589338302612,84122,-7.490592230925013,2.807158353797322,-14.018586438053445,2.8839430811078333,468312
City of San Pablo,2020,5,0.6886817727205101,0.2093428700602464,-0.8086956739425659,0.9523523449897766,200241,-7.010551386278769,2.87884541789522,-13.525157999185057,2.832786096984428,468296
City of San Pablo,2020,6,0.7414050614483385,0.19603023847724574,-0.6106032729148865,0.9389426708221436,266867,-6.681858930532,2.6585491605535108,-13.43367333241673,2.6437208838332187,468320
City of San Pablo,2020,7,0.6479503620077814,0.18831166893121354,-0.21069858968257904,0.8978626132011414,55643,-6.330348927737106,2.6077889289345095,-12.987122422160995,2.6053975149254978,468165
City of San Pablo,2020,8,0.7773434069020204,0.21249499720776088,-1.0,0.9601517915725708,386679,-6.322425898539119,2.6081940954342695,-12.992496674589388,2.5417580667492485,468318
City of San Pablo,2020,9,0.6591825089191204,0.16359234475231207,-0.17583732306957245,0.8687770962715149,118796,-6.261500620666496,2.7003948507936832,-12.85744814931898,2.6756066416581983,468030
City of San Pablo,2020,10,0.6907251633469016,0.18184755748786427,-0.4338997006416321,0.9105339050292969,241185,-5.545875256025513,2.526368443787218,-12.049381538411778,2.391610255565784,468358
City of San Pablo,2020,11,0.740146995160462,0.249513301834565,-1.0,0.9395515322685242,237572,-6.239226032392832,2.530372676092612,-12.705200168491158,2.5329905956718903,468312
City of San Pablo,2020,12,0.76890044141473,0.21439071076352545,-1.0,0.9429559111595154,286275,-6.366535116537815,2.679165866370561,-12.984900540076223,2.617660663332054,468311
City of San Pablo,2021,1,,,,,,-6.450615413850951,2.4725104282442016,-13.104011104988052,2.6236377539266122,468318
City of San Pablo,2021,2,0.7467304823274588,0.18342814740313898,-0.6426035761833191,0.9428157806396484,125981,-5.98379602378159,2.744491297767419,-12.61335169482076,2.687020828203407,468333
City of San Pablo,2021,3,0.7166528102674682,0.15304530619922474,-0.3128131628036499,0.9040902853012085,137234,-6.63743363777965,2.589466289978162,-13.328524317415724,2.6186152027059366,468183
City of San Pablo,2021,4,0.5948766880222233,0.17031649907035126,-0.2816635072231293,0.8731707334518433,57464,-6.811733764189541,2.6793195740638756,-13.468991475825511,2.667566443899513,468219
City of San Pablo,2021,5,0.656613987657605,0.2065429268271014,-0.3967871367931366,0.9211052656173706,337135,-6.956445087652501,2.8201522290526424,-13.717630236062043,2.8645956458712543,468202
City of San Pablo,2021,6,0.7593456419748157,0.2176761611268943,-1.0,0.9435528516769409,324231,-6.743232255502275,2.8223943991272638,-13.576086736312226,2.8781252283981704,468128
City of San Pablo,2021,7,0.8002808835077523,0.14007258891336513,-0.5234042406082153,0.9382386803627014,20797,-6.0878377794412115,2.5761565628540213,-12.860331966453469,2.600607362362792,468212
City of San Pablo,2021,8,0.6198132680750718,0.22414072210321803,-0.3221476376056671,0.8522379994392395,698,-6.364912479758307,2.789014449205198,-13.136485590564345,2.769121348842531,467929
City of San Pablo,2021,9,0.7607242207473617,0.1546135021994822,-0.2896748185157776,0.9324324131011963,129238,-6.45657849856055,2.6525935999689163,-13.098213204189221,2.6179027396086103,468212
City of San Pablo,2021,10,0.7323220629727842,0.20147459323199043,-0.5590909123420715,0.9354217052459717,301350,-6.7222108633805435,2.6411580726572796,-13.223261337465447,2.7656567937557868,467891
City of San Pablo,2021,11,,,,,,-6.211580586062265,2.6656029151043596,-12.917542111600381,2.584906437635914,468242
City of San Pablo,2021,12,0.7960338068230915,0.15416011836368065,-1.0,0.9463059306144714,223953,-6.617609923349505,2.638717447556427,-13.148225126649393,2.765311726074343,468043
City of San Pablo,2022,1,0.6740462911546881,0.19919100590608455,-0.5,0.9169952869415283,209289,-6.560112187010853,2.7903587416407563,-13.224034129588793,2.89484715523336,467898
City of San Pablo,2022,2,0.6742340416187765,0.2576171795417866,-1.0,0.9361936450004578,186218,-6.706051721838266,2.597230908034722,-13.212949092418135,2.775293894932153,468021
City of San Pablo,2022,3,0.732420075786624,0.24031870173675962,-1.0,0.9685863852500916,363085,-6.7183010353257275,2.6654123332964974,-13.265477975481483,2.689060732606135,468090
City of San Pablo,2022,4,0.7226606864309408,0.2017074797329861,-0.49253731966018677,0.9208523631095886,244440,-6.404812490398979,2.6656265016877074,-13.02250049334554,2.721470032387146,467923
City of San Pablo,2022,5,0.6911346958383165,0.24123110673616835,-0.7409326434135437,0.9316340684890747,213437,-6.162084750430228,2.6369208004048037,-12.948164185109913,2.621783752855038,468147
City of San Pablo,2022,6,0.668248892318466,0.21636797553702225,-0.4418181777000427,0.9042090177536011,80779,-6.056573385603265,2.8226746675896366,-12.690368472925247,2.803031214494954,468004
City of San Pablo,2022,7,0.7264874139655392,0.1618705634678201,-0.2862488329410553,0.9203997850418091,86644,-5.861939603023834,2.6823827680908288,-12.613726062250464,2.649540774461145,468171
City of San Pablo,2022,8,0.7358570536080915,0.10798111656825217,-0.11089423298835754,0.8483904600143433,6414,-6.298203443141145,2.6790500798688974,-12.882557950700356,2.6708814029463377,468025
City of San Pablo,2022,9,0.6706863748669933,0.17352729605767425,-0.2575210630893707,0.8927829265594482,122293,-6.36219013879796,2.6981826737917474,-12.839365397775065,2.6764034363544673,468046
City of San Pablo,2022,10,0.7365727775759087,0.26740253486800347,-1.0,1.0,252920,-6.288063310388819,2.695321396606517,-12.707349457563824,2.751755909022082,467980
City of San Pablo,2022,11,0.6447409028021963,0.14879245539080108,-0.08241191506385803,0.8658766746520996,30635,-6.15503762231892,2.626271266592511,-12.657968290105112,2.7115226679787727,468019
City of San Pablo,2022,12,,,,,,-6.817630673096881,2.505627749358079,-13.22901466542226,2.76916480328589,468033
City of San Pablo,2023,1,0.7793969572392975,0.19846603996019174,-0.9318181872367859,0.9458064436912537,365571,-6.893667371293638,2.64729029266797,-13.331654591263558,2.9190133145848174,467942
City of San Pablo,2023,2,,,,,,-6.573188688837874,2.7150794524282986,-13.167494592828309,2.7870808835314342,467971
City of San Pablo,2023,3,0.5847410082571,0.15913139136242155,-0.2529550790786743,0.8742169737815857,27195,-7.242702937499665,2.8116755796914865,-13.554983747604487,2.869131939389062,467960
City of San Pablo,2023,4,0.6663915912628485,0.19875044392407282,-0.2669365704059601,0.9049999713897705,293966,-6.790912415999263,2.7589148144537248,-13.366399573444777,2.8412760038324008,467911
City of San Pablo,2023,5,0.7140523598457218,0.22132197190812172,-1.0,0.9359676837921143,376890,-6.7396122984945475,2.8510687750762247,-13.383041340175666,2.946942931092735,467822
City of San Pablo,2023,6,0.7212282203536362,0.1757887387284677,-0.25473684072494507,0.9375476241111755,268692,-6.490362587033393,2.694847204776789,-13.264458531881674,2.727870005333085,468124
City of San Pablo,2023,7,0.6557849291295641,0.17571852142665087,-0.2283286154270172,0.9016064405441284,84544,-6.186726938819844,2.6866008201189553,-12.807765884565768,2.6780381983345465,468073
City of San Pablo,2023,8,0.7280412411896933,0.14471669561548553,-0.37780511379241943,0.8873504400253296,165412,-6.50730315716763,2.749240089488799,-13.08852935016133,2.811091138559259,467978
City of San Pablo,2023,9,0.7141342529245523,0.21587860776063883,-1.0,0.9477866291999817,199954,-6.151072875268361,2.72099272829103,-12.764428305040845,2.6693373378942025,468079
City of San Pablo,2023,10,0.732308213755784,0.19332149404418147,-0.339627742767334,0.9159607887268066,346817,-5.995717903095189,2.7293462195545573,-12.56498321992975,2.7682558512504785,467946
City of San Pablo,2023,11,0.7582390567665702,0.2211173989809538,-1.0,0.9470899701118469,334127,-6.023429629424667,2.712499195811767,-12.576356210539346,2.772437984625042,467961
City of San Pablo,2023,12,0.770890924510674,0.22466746465926166,-1.0,0.9710144996643066,432990,-6.131302287026066,2.8156558450679867,-12.769660786414741,2.8212351945268757,467899
City of San Pablo,2024,1,0.4622670530851747,0.11766963150904367,-0.06363020837306976,0.8421267867088318,5073,-6.817798665258609,2.6958419178038158,-13.343604426441685,2.9143847910092715,467950
City of San Pablo,2024,2,0.6968626553081818,0.22111475624875243,-0.9215686321258545,0.9401518702507019,334410,-7.0486615347086765,2.720709580472339,-13.58600358089351,2.829323931498791,467997
City of San Pablo,2024,3,0.6158275740957831,0.17647542218775075,-0.2222222238779068,0.9008779525756836,117074,-7.367500919032729,2.8708717227430864,-13.778522370646062,3.007491124159652,467848
City of San Pablo,2024,4,0.5490675199602739,0.2310543926326551,-0.7360405921936035,0.9182445406913757,87820,-7.862805488142219,3.1011877685334697,-14.448861500088833,3.3239143773150652,467695
City of San Pablo,2024,5,0.529681953163802,0.1991789474012125,-0.4269387722015381,0.8933271765708923,184739,-7.90434772540763,2.9993826795247043,-14.368166937912791,3.2875400108274664,467735
City of San Pablo,2024,6,0.5066986348912763,0.31832634308990104,-0.22181282937526703,0.9091633558273315,16332,-6.621021466806805,2.670257741900374,-13.189628722342674,2.710727634962106,467898
City of San Pablo,2024,7,0.6047619701812915,0.16545696884004116,-0.12906403839588165,0.9123777151107788,261805,-6.443590097485057,2.7316596116668537,-13.180764036131716,2.7544927015766896,467805
City of San Pablo,2024,8,0.49759792594572444,0.13010884809782078,-0.04087919369339943,0.873666524887085,48459,-5.990384934879398,2.552060910348861,-12.462580673888422,2.6743392074489174,468050
City of San Pablo,2024,9,0.6892668575824394,0.197867024534597,-1.0,0.9209611415863037,141331,-6.242122320100624,2.795519373931442,-12.996724243168405,2.8114029849957127,467835
City of San Pablo,2024,10,0.736355212337465,0.19295650631231584,-0.3339649438858032,0.9385119080543518,209533,-6.273867675957436,2.6745407756019386,-12.637573991437186,2.660540272731053,467947
City of San Pablo,2024,11,0.6761221820830137,0.19916732571494633,-0.24003596603870392,0.8932902216911316,144515,-6.768522555257214,2.683300403928477,-13.30687501390672,2.8287135576894857,467836
City of San Pablo,2024,12,,,,,,-6.03993178164175,2.6500808374105973,-12.498893208499531,2.7127634144781405,468023
City of San Pablo,2025,1,0.6917281516878666,0.21756630434166477,-0.42953020334243774,0.9558541178703308,233073,-6.289400416256604,2.7147205894789757,-12.793991392385724,2.7883608683398173,467930
City of San Pablo,2025,2,,,,,,-6.885679565254279,2.668654758810582,-13.306252551302938,2.8994193365083585,467847
City of San Pablo,2025,3,0.7210264921925171,0.21680827299170766,-0.5706214904785156,0.9265515208244324,309257,-6.760239671165772,2.701630905046076,-13.259215760117124,2.729677968483757,468013
City of San Pablo,2025,4,0.675581559753045,0.19333275582338957,-0.3157290518283844,0.9299719929695129,391220,-7.765454273903069,2.868667064351571,-14.43726186616196,2.797120931646674,468334
City of San Pablo,2025,5,0.6761737747711165,0.18791562570650186,-0.2467362880706787,0.9423368573188782,123795,-6.885879368139288,2.792895777183331,-13.46691331691224,2.8867607561858324,467799
City of San Pablo,2025,6,0.7342474109796856,0.21446966529423145,-0.597169816493988,0.9485943913459778,236920,-6.473040907925455,2.836565217713051,-13.127110469563828,2.6348883258129185,468364
City of San Pablo,2025,7,,,,,,-6.698383481897371,2.7831064120096074,-13.269654975872223,2.776556324065112,468329
City of San Pablo,2025,8,0.7266626671218391,0.19378525511649905,-0.5887207984924316,0.919050931930542,92094,-6.226659354089879,2.7729238526427413,-12.703147520922979,2.811127520360893,468140
City of San Pablo,2025,9,0.6391443657763799,0.18938241497043093,-0.30000001192092896,0.9065040946006775,221815,-6.0141316451637445,2.7875162674925673,-12.588636552015348,2.6296694650566654,468359
City of San Pablo,2025,10,,,,,0,-6.226581175226443,2.7564266166115545,-12.777558482498117,2.740819853724401,468008
City of San Pablo,2025,11,0.6283010413510541,0.1994384133786209,-0.3525046408176422,0.8994777798652649,95398,-6.573407235233085,2.754143782563895,-13.145350454670911,2.6537919485555848,468339
City of San Pedro,2018,1,0.3812246031342102,0.32030152357883285,-0.6345177888870239,0.9721670150756836,52683,-5.962501396108994,3.9977956426802455,-11.088413524554355,4.265265034976013,61056
City of San Pedro,2018,2,0.3432808497209691,0.28583957397530035,-0.49445128440856934,0.943950355052948,44212,-5.495024656043612,4.060305727150125,-12.104918009704338,4.071434597564331,61065
City of San Pedro,2018,3,0.31990841310311835,0.23339091758531944,-0.3308924436569214,0.9325629472732544,61065,-5.428209018569036,3.913244026900265,-12.260538024813922,4.162526394466817,61057
City of San Pedro,2018,4,0.28297107580554043,0.22467507147982493,-0.43990206718444824,0.9374340772628784,56361,-5.629889764701881,4.138073502193349,-12.303308614117627,4.182450211938814,61059
City of San Pedro,2018,5,0.3188972928699726,0.2701672410130332,-1.0,0.9929181337356567,60397,-6.292763286512976,4.132831979968336,-11.512612740442664,4.578931537538737,61036
City of San Pedro,2018,6,,,,,,-5.050777001414179,4.408622207028592,-11.836481536244463,3.998759535177143,61056
City of San Pedro,2018,7,,,,,,-5.467570141908811,4.122795844646137,-10.875941242347704,4.352783549985981,61007
City of San Pedro,2018,8,,,,,,-5.3143596992252045,4.04720512321189,-12.168705032502132,4.3046882218995055,60970
City of San Pedro,2018,9,0.3891910901711513,0.2104310046622267,-0.15970756113529205,0.795887291431427,27990,-5.286140325916736,4.161554945114497,-12.060631738389967,4.327143985448637,60924
City of San Pedro,2018,10,0.4047912895327437,0.313043231398767,-0.6491677165031433,0.9245283007621765,60859,-5.416679119890328,4.102204539177031,-12.202345551329044,4.323543600014053,60934
City of San Pedro,2018,11,0.3951776419828682,0.32900979901862126,-0.7284403443336487,0.9757281541824341,60934,-5.4151190373307125,3.9973583041898557,-12.249893053779148,4.275259896881061,60939
City of San Pedro,2018,12,0.3886995276032069,0.28017445875901575,-0.3789551258087158,0.9141978025436401,60428,-4.203521380274889,4.390721476842175,-11.239079751678844,4.174638800563848,60979
City of San Pedro,2019,1,0.3515094573665809,0.19570551161104738,-0.271529883146286,0.8550920486450195,10630,-5.417545477539338,4.083893942496909,-12.34130160786689,4.386131763847929,60967
City of San Pedro,2019,2,0.1979067559166194,0.2791379113351207,-0.3684210479259491,0.8360190987586975,2798,-5.560806414154411,4.088326114022275,-12.518753562329085,4.499089585012985,60911
City of San Pedro,2019,3,0.3173904018829079,0.2732766765101266,-0.6356275081634521,0.978761613368988,58970,-5.713372835292875,4.32633540971187,-12.499373284262461,4.480519041846428,60970
City of San Pedro,2019,4,0.327310234116051,0.204663617539189,-0.34318211674690247,0.8798380494117737,31796,-5.744072650708955,4.207475466798068,-12.459960948501127,4.354711174929646,60953
City of San Pedro,2019,5,0.37360333726735173,0.32243659972476946,-1.0,1.0,48969,-4.732370963003013,4.334060388985468,-11.488578650428309,4.012842312687044,60990
City of San Pedro,2019,6,0.36828070113305356,0.294958339763009,-0.24897287786006927,0.8779841065406799,14660,-5.1041006509538,4.226564318468475,-12.000390999830653,4.107139209189885,60996
City of San Pedro,2019,7,0.36875785355342194,0.31888146180044513,-1.0,0.949245810508728,40349,-4.62993863063111,4.305798460367488,-11.629562698749071,4.032427356869978,60964
City of San Pedro,2019,8,0.39059440265918,0.2797619066756615,-0.3372093141078949,0.890770673751831,27694,-5.471874003486809,3.900700177867207,-11.11414744538183,4.43139042245079,60919
City of San Pedro,2019,9,,,,,,-5.153753695227044,4.122649550054512,-12.05061999164977,4.323651507514982,60970
City of San Pedro,2019,10,0.3927250638742595,0.3033248142186499,-1.0,0.9399389624595642,56926,-4.91769114287456,4.219676642280223,-11.783670639716796,4.140650950479656,60966
City of San Pedro,2019,11,0.2852065803793184,0.14597125323311652,-0.0674300268292427,0.6629044413566589,8059,-5.139403684985062,3.9754581263128874,-12.070287441810681,4.15106041081255,60927
City of San Pedro,2019,12,0.33468243616611143,0.286260142943137,-0.5849056839942932,0.9587894678115845,35002,-5.252833894177405,3.8632005555215914,-12.04976466904244,4.116371126005178,60981
City of San Pedro,2020,1,0.3378941073798208,0.32007886533460733,-0.9185750484466553,0.9406411051750183,36140,-5.266480507069688,4.097274940169364,-12.024536016844596,4.2982945482167585,60866
City of San Pedro,2020,2,0.35445092360843294,0.2541518222914736,-0.44498950242996216,0.9389687776565552,61065,-5.54138043222276,4.1152667713605,-12.463522165954934,4.415743108401954,60950
City of San Pedro,2020,3,0.30774184171818436,0.2639408884273876,-0.6658711433410645,0.9596136808395386,57424,-5.624979319450984,4.169158026734517,-12.364533511901067,4.339892821392128,60947
City of San Pedro,2020,4,0.2724982946801749,0.23211824268588177,-0.3872472643852234,0.9438740611076355,46316,-5.693200758015484,4.263059314156035,-12.453804694324477,4.335883278615081,60949
City of San Pedro,2020,5,0.3644605867363779,0.296788481262445,-1.0,1.0,54666,-5.027228053239544,4.282276765670927,-11.8164012185268,4.1381903122281365,60997
City of San Pedro,2020,6,0.410545937268451,0.305247487311716,-0.5975000262260437,0.9959726333618164,52619,-5.169472585250589,3.986705435476498,-12.040649838876679,4.1484824604027635,61018
City of San Pedro,2020,7,0.35510955247201864,0.2853403582890096,-0.7897727489471436,0.9457202553749084,48367,-4.829592457728058,3.9526156731992033,-10.505773385867291,4.175172769423009,60965
City of San Pedro,2020,8,0.40756150005323494,0.267438391884649,-0.3153795599937439,0.9140490889549255,46234,-5.035431400465424,4.085757615182215,-11.837340884077262,4.191633942058035,60958
City of San Pedro,2020,9,0.34702972633361906,0.3605761578182468,-1.0,0.9631479382514954,37639,-5.50345214280859,3.916633108225479,-11.058661019627555,4.379247050216259,60835
City of San Pedro,2020,10,0.3665439854649252,0.29447034126585336,-0.6891891956329346,0.8989351391792297,46958,-3.7704805205577134,4.195151592526138,-11.025450242205814,4.05290308552351,60999
City of San Pedro,2020,11,0.3851260555238493,0.3409649452936104,-0.8379746675491333,0.9710474014282227,55629,-4.741981705271735,4.124123971997744,-11.768546282125962,4.364173156327464,60932
City of San Pedro,2020,12,-0.015457362619211353,0.10316087500464578,-0.5951675176620483,0.8029881119728088,370,-4.966340544896444,4.291798463676398,-11.889509000135657,4.359123370872649,60917
City of San Pedro,2021,1,0.3778630225576716,0.2931908235965208,-0.45517241954803467,0.88603675365448,53747,-4.877763757129452,3.8391876674288183,-11.992425493330584,4.335419713207531,60958
City of San Pedro,2021,2,0.36527000898477885,0.33457916061209486,-1.0,0.9541547298431396,60385,-4.775396207217932,4.731302814886552,-11.81737368901714,4.350643380664245,60987
City of San Pedro,2021,3,0.34659524047158896,0.24817895722263092,-0.18921618163585663,0.8142033219337463,1577,-5.194782274120028,4.19840803108091,-12.139020367675986,4.433769773009973,60692
City of San Pedro,2021,4,0.31861255602052163,0.25727677094470386,-0.3119918704032898,0.8371161818504333,11597,-5.245187922982381,4.22435249488114,-12.119877020674462,4.456165937365239,60863
City of San Pedro,2021,5,0.30064044254221356,0.2459549507942302,-0.40466925501823425,0.9384359121322632,60772,-5.420152886454645,4.482471314578474,-12.364307710571643,4.569442067455323,60912
City of San Pedro,2021,6,0.3371850882406064,0.23082069135539277,-0.3186221718788147,0.7457767724990845,17694,-5.176290942852717,4.296181824463351,-12.117290095663598,4.333316355335128,60907
City of San Pedro,2021,7,0.5668880257918067,0.30609169782336004,-0.4049761891365051,0.9500198364257812,22837,-4.266606268058848,4.363136531636375,-11.387313498447632,4.263377210793016,60853
City of San Pedro,2021,8,0.42153037032524265,0.20822104178281442,-0.10380267351865768,0.8735429048538208,8115,-5.393956427336397,4.084484175816583,-11.095573140383994,4.485146654198163,60641
City of San Pedro,2021,9,0.4089021625111321,0.3252735947646016,-0.6825542449951172,1.0,59875,-5.142147177470187,4.474022330081076,-11.97965948316588,4.239047370939906,60907
City of San Pedro,2021,10,0.3910467364435352,0.32075567885566514,-0.5469613075256348,0.9661590456962585,50460,-5.576045000341432,3.7386553831131684,-11.217386056613117,4.621333259231618,60578
City of San Pedro,2021,11,0.02554428649436796,0.1568732310364391,-0.295072466135025,0.7781628966331482,398,-4.410159354269616,4.270863687859584,-11.634945902998489,4.328432866387513,60909
City of San Pedro,2021,12,0.40004860031283546,0.33859352130262754,-0.7783375382423401,0.9860990643501282,54085,-5.5941850327530505,3.6628904062195944,-11.237379823457232,4.61980380228692,60761
City of San Pedro,2022,1,0.1851786667476096,0.282733704078815,-0.5015460848808289,0.8691090941429138,17300,-5.816828562632917,4.020352545853258,-11.366531912390643,4.652216154462968,60852
City of San Pedro,2022,2,0.2963290390360272,0.25828263850645883,-0.43866172432899475,0.8889524936676025,44779,-5.630244765770618,3.8760564471938475,-11.121060307995197,4.665406589358694,60758
City of San Pedro,2022,3,0.3340484305034942,0.2888479555164503,-0.6133768558502197,0.9692880511283875,61064,-5.759343499563541,3.840389355218481,-11.273813353532233,4.580355066772217,60738
City of San Pedro,2022,4,-0.010542576651113088,0.07229544213717445,-0.1344105303287506,0.45339319109916687,1720,-5.526285111462869,3.6935859997115226,-11.110916659132975,4.519604719986224,60664
City of San Pedro,2022,5,0.3460961224710515,0.28150662517946873,-0.5252918004989624,0.9629883766174316,46008,-4.968298531652299,3.9931007000611882,-10.731001839214743,4.350203666598401,60907
City of San Pedro,2022,6,,,,,0,-5.120411886640817,4.019826722117454,-10.882289345263146,4.402485889324119,60814
City of San Pedro,2022,7,0.38601936757510835,0.34279905324147397,-1.0,1.0,55804,-5.0822279913883195,3.908490878522499,-10.73339859220883,4.375681617735483,60906
City of San Pedro,2022,8,0.3420128397874132,0.28238028172812907,-0.3599182069301605,0.8884952664375305,38700,-5.418231486098391,3.860518590618297,-11.059693839914507,4.506292588670204,60844
City of San Pedro,2022,9,0.4462605358600651,0.27703861221711523,-0.41013824939727783,0.9800443649291992,35657,-4.8803954495334025,4.151128835210176,-10.531608238465306,4.453963362010231,60910
City of San Pedro,2022,10,0.2864339898724935,0.24993954351490186,-0.453125,0.9014373421669006,11930,-4.648592464894803,4.092900786260179,-10.27674378948315,4.342949393833904,60905
City of San Pedro,2022,11,0.37395898624252405,0.2587101146760401,-0.3509714901447296,0.9055253267288208,32271,-4.320526850652202,3.6716017522135163,-10.222391736367397,4.262892925657068,60910
City of San Pedro,2022,12,0.40734515884751615,0.31956010887822717,-0.7934272289276123,0.9561085104942322,61065,-5.408193374820685,3.5308743649394954,-11.051631365883352,4.466009935510304,60857
City of San Pedro,2023,1,0.40728301975752895,0.30952276576616555,-0.45236286520957947,0.9450028538703918,58709,-5.71104572244996,3.9567312811190707,-11.172368236056725,4.6066032909946015,60844
City of San Pedro,2023,2,0.25446717394607926,0.24467868306341037,-0.36327457427978516,0.9016024470329285,16772,-5.645801653189095,4.283656430543283,-11.043855753997189,4.635819117642589,60788
City of San Pedro,2023,3,0.3083448708440087,0.24482624805275427,-0.3284589350223541,0.8992950916290283,61065,-5.831633348931079,4.167909983143554,-11.194812272394712,4.74280551426119,60830
City of San Pedro,2023,4,0.35832373689970004,0.2521964224375002,-0.3028085231781006,0.9304152727127075,60108,-5.573439710514555,3.8989339436375365,-11.114786268804123,4.648551942691095,60722
City of San Pedro,2023,5,0.32260656859722375,0.2783524598962902,-0.5006877779960632,0.9038336873054504,34469,-5.444803415643043,4.024427605677921,-11.08466637077331,4.642070758007062,60783
City of San Pedro,2023,6,0.37124446643026027,0.35470258986525904,-1.0,1.0,43611,-4.791622067048444,4.084469174880095,-10.43809812313462,4.328893768253129,60909
City of San Pedro,2023,7,0.38275495430744894,0.28306380232755096,-0.4481658637523651,0.9635091423988342,50365,-4.531795271258752,3.724583159764735,-10.419469077115252,4.354502652084704,60860
City of San Pedro,2023,8,0.3784391615924914,0.3138735969942463,-0.34906429052352905,0.8579418063163757,4938,-4.945780898399884,4.021717170495663,-10.67896918396262,4.498332960880559,60785
City of San Pedro,2023,9,0.36827060593716227,0.319943204247395,-0.6598984599113464,0.9453588724136353,39871,-5.011000639622689,4.179226511463243,-10.627624515856247,4.382859685312647,60877
City of San Pedro,2023,10,,,,,0,-4.496372058557755,4.083677259226736,-10.305572806546001,4.407451975256401,60808
City of San Pedro,2023,11,0.4500884177773312,0.264189752283332,-0.4064023792743683,0.9063507318496704,35292,-4.969526261316458,4.02902219501484,-10.590977181033486,4.5000070442584885,60897
City of San Pedro,2023,12,0.37970802659354547,0.3213437997495224,-0.6387559771537781,1.0,59148,-5.040641608142484,3.866456639260325,-10.7597109951569,4.582026459377125,60799
City of San Pedro,2024,1,0.3543024879445813,0.2494187687802217,-0.4582924544811249,0.8837974071502686,58543,-5.4645775628631865,3.6789948202193665,-11.048927556857738,4.55768876490083,60998
City of San Pedro,2024,2,0.32487420398078115,0.23957754386435445,-0.3417882025241852,0.9350088238716125,61065,-5.605481450607421,3.9316656812400197,-11.082913846415948,4.68129961022396,60727
City of San Pedro,2024,3,0.26079306463292357,0.22193800229113197,-0.49275362491607666,0.9201151728630066,55142,-5.725661904673732,3.988272111006216,-11.025024980937483,4.548752223403873,61026
City of San Pedro,2024,4,0.2840874657075415,0.24622895876916207,-0.7181347012519836,1.0,60699,-5.815141712180206,4.096122072238282,-11.339376681204977,4.801278835971291,60657
City of San Pedro,2024,5,-0.02679912217528276,0.04116419621609747,-0.08273615688085556,0.06913486868143082,23,-5.682975360664668,4.001542504577162,-11.067178009101074,4.505728312825464,61006
City of San Pedro,2024,6,0.38614488283929255,0.30357000190221073,-0.6116152405738831,0.9902074933052063,55977,-5.07600610130502,4.014005557850099,-10.511258158973904,4.2411123665827795,61035
City of San Pedro,2024,7,,,,,0,-4.637556602936026,4.354652398880407,-11.570677982504323,4.337348945492521,60911
City of San Pedro,2024,8,0.40114841689890646,0.24765214868504387,-0.47546011209487915,0.8825510144233704,35856,-4.472196061701195,4.069387403938812,-10.185030016660798,4.18409950549209,61036
City of San Pedro,2024,9,0.4396248275067915,0.28710483410837123,-0.3448959290981293,0.9332088828086853,32261,-5.1811296308379795,4.332254681340449,-10.850880126447555,4.5283907532740395,60827
City of San Pedro,2024,10,0.3232186317279285,0.3842967924802228,-1.0,0.9491466283798218,40029,-4.820993533628531,4.106976769765525,-10.544148871072611,4.434132698749585,60928
City of San Pedro,2024,11,0.37802111437787983,0.32123246952772705,-0.7047184109687805,0.9305227398872375,60392,-5.39366318708947,3.7622541334822373,-11.041872898122454,4.599176596272084,60816
City of San Pedro,2024,12,0.43394102301400017,0.28265887553565694,-0.48919254541397095,0.9410802125930786,21993,-4.600118369467998,4.184095668202176,-10.159670418765767,4.3988727238137955,61038
City of San Pedro,2025,1,0.3513237206190955,0.3298932806755085,-0.7593123316764832,0.9407222867012024,55372,-4.955999748238345,4.023252666078273,-10.629797205407431,4.5684023614077205,60682
City of San Pedro,2025,2,0.3510994966229506,0.2823919967417425,-1.0,0.9189552664756775,61065,-5.5670000754418645,3.9790439494601992,-10.985186596731957,4.687617650232598,60994
City of San Pedro,2025,3,0.3334444712626955,0.2590691808435497,-0.35206130146980286,0.9163089990615845,57955,-5.537342501176964,4.105262067848064,-10.992228169385323,4.7609254081421035,60881
City of San Pedro,2025,4,0.3053375966324771,0.21690549747998797,-0.3077484369277954,0.876369297504425,59564,-5.739404891786927,4.280955617964633,-12.923447262047517,4.547057739657102,60984
City of San Pedro,2025,5,0.32474301795192606,0.28699349744759617,-0.39638811349868774,0.9941577315330505,56666,-5.156351532475119,4.277071697985839,-10.620004462065097,4.478128580024813,61021
City of San Pedro,2025,6,,,,,0,-4.182780157964154,4.645958272607695,-11.44040767021614,4.224936957563995,61049
City of San Pedro,2025,7,,,,,,-4.866843210883214,4.325279741041541,-11.840798994795808,4.451873564380229,61031
City of San Pedro,2025,8,0.2882351920651859,0.35741707045016136,-0.7909091114997864,0.9421965479850769,24193,-5.1133436072369385,4.424136256789885,-10.892066643995047,4.522654785291363,61057
City of San Pedro,2025,9,,,,,,-4.385256058196094,4.678133228170308,-11.436811349843108,4.188890619163437,61063
City of San Pedro,2025,10,-0.020354945229418157,0.060015800845669515,-0.2573976516723633,0.094922736287117,45,-5.108094850995014,4.075793257095721,-10.965421956912536,4.6856622466219005,61016
City of San Pedro,2025,11,0.3899723910852355,0.3407567720407986,-0.6084573268890381,0.9387274384498596,60501,-4.76537624890403,4.497378531740094,-11.70298635582142,4.276660034068123,61063
City of Santa Rosa,2018,1,0.5120973082651786,0.28579060324693933,-0.5031503438949585,0.9417644739151001,133688,-6.83218794043169,3.548637197259899,-12.487002842233037,3.595629762306994,141836
City of Santa Rosa,2018,2,0.466136554060869,0.2685772318933748,-0.5383872389793396,0.9272122383117676,126211,-6.879446496254893,4.34353029378905,-13.656607142384392,3.665663968065514,141836
City of Santa Rosa,2018,3,0.3881329208435678,0.24007502280954074,-0.3976575434207916,0.9230769276618958,120029,-6.97380471639884,4.412927279689596,-13.950179017684317,3.780574646622609,141835
City of Santa Rosa,2018,4,0.3445601187152146,0.2348598758154935,-0.43096235394477844,0.9281957745552063,134160,-7.211534482257197,4.51364874616687,-14.177275718946907,3.927952478618507,141836
City of Santa Rosa,2018,5,0.3579954732523797,0.25857331985995474,-1.0,1.0,141082,-7.87670672284878,4.0473521516784645,-13.662558387791167,4.38008062213819,141828
City of Santa Rosa,2018,6,,,,,,-6.117995343732397,4.2475341102966455,-13.233790563343796,3.5313707348482692,141834
City of Santa Rosa,2018,7,,,,,,-6.473731788141556,3.4946961456892347,-12.378159833111543,3.582310640945396,141835
City of Santa Rosa,2018,8,,,,,,-6.371125925931224,4.034995097744838,-13.490131734696565,3.516527777446752,141834
City of Santa Rosa,2018,9,0.4490817063343655,0.2427840505948638,-0.21924518048763275,0.8531374931335449,70094,-6.379918200400153,4.177486062117773,-13.382324204822691,3.625133802694064,141834
City of Santa Rosa,2018,10,0.48077042318006763,0.2651736012428031,-0.4501018226146698,0.9372392296791077,91378,-6.653670717405572,4.270934198190873,-13.612783589859793,3.6957355055980314,141824
City of Santa Rosa,2018,11,0.46576559613941537,0.2462945400415737,-0.3691128194332123,0.9458972215652466,52776,-6.725589529341004,4.246539750873351,-13.714784047367804,3.663769388277585,141830
City of Santa Rosa,2018,12,0.4972126927580516,0.24927548059962149,-0.4501855671405792,0.9197918772697449,99236,-5.260306856133282,4.157009191070696,-12.455963450160173,3.3529743666172185,141828
City of Santa Rosa,2019,1,0.4327206782925183,0.2054227790328332,-0.17570850253105164,0.8728123307228088,10336,-6.72324434336829,4.34274751450229,-13.87586194919008,3.7889217384448384,141825
City of Santa Rosa,2019,2,0.4027502953861446,0.20993404563087506,-0.2885545492172241,0.8768283128738403,13639,-6.950020782240759,4.466925076867579,-14.109929530261304,3.9566130338484413,141819
City of Santa Rosa,2019,3,0.39343745042698064,0.259607442633209,-1.0,1.0,130795,-7.213296443654243,4.647722527638481,-14.295839871101451,4.137411069827319,141811
City of Santa Rosa,2019,4,0.3614716198058164,0.2199365532861399,-0.44624656438827515,0.879149854183197,90244,-7.392594851361278,4.715181374123194,-14.474671896667482,4.263009483037215,141812
City of Santa Rosa,2019,5,0.5027181996765954,0.30844857664107317,-0.7650429606437683,0.9873780608177185,118450,-5.891283702970857,4.284443537026098,-13.03498224967827,3.524694595954318,141832
City of Santa Rosa,2019,6,0.45601934641018693,0.2609704337089558,-0.3447485566139221,0.8932778835296631,82775,-6.415760433267312,4.348334399353785,-13.60701285064826,3.610092265079206,141830
City of Santa Rosa,2019,7,0.4552876654256925,0.2985873789284181,-0.5213464498519897,0.9353419542312622,85669,-5.393286778108773,4.18747332109819,-12.699486216789449,3.339654076318411,141834
City of Santa Rosa,2019,8,0.522212802631198,0.27587804904470986,-0.4389107823371887,0.9325142502784729,99624,-6.657841781230253,3.7024717486210226,-12.699475786507753,3.7679511121499503,141830
City of Santa Rosa,2019,9,,,,,,-6.3246453739628485,4.208608254029244,-13.384388358814354,3.585080706873217,141830
City of Santa Rosa,2019,10,0.45997039718751637,0.2789135691257315,-0.44360268115997314,0.9330301880836487,88548,-5.853227013470023,4.113466006246996,-12.885000649961846,3.3098850308438323,141835
City of Santa Rosa,2019,11,0.4429347817555932,0.19783110934958686,-0.17259958386421204,0.7919655442237854,39474,-5.933635042486099,4.138343018689956,-13.067445048376237,3.3528158056575954,141834
City of Santa Rosa,2019,12,0.5069677162615246,0.2682687034590529,-0.6172335743904114,0.9359837174415588,113245,-6.4103991548246855,4.221577437040769,-13.449761122463572,3.5796725799427738,141834
City of Santa Rosa,2020,1,0.452581121111862,0.2607047556317651,-0.6339285969734192,0.9455999732017517,119379,-6.386811220102222,4.239959522339027,-13.378926234730086,3.7202591988912457,141807
City of Santa Rosa,2020,2,0.43709191239141976,0.25130966529868,-0.4150136113166809,0.8980733156204224,136782,-6.861098962759142,4.475790295319963,-13.99484433807481,3.8692513077975645,141824
City of Santa Rosa,2020,3,0.40904729434155085,0.2508483966416234,-0.5705521702766418,0.9505244493484497,119279,-6.998846178060947,4.546567737775512,-14.039349331842143,3.9460174984090175,141832
City of Santa Rosa,2020,4,0.3489491186613213,0.22584316586381684,-0.3617784082889557,0.9257849454879761,112824,-7.208047723993629,4.71012108013908,-14.323547538468308,4.0904420587728145,141832
City of Santa Rosa,2020,5,0.4249447955059787,0.2823741683208646,-0.5775281190872192,0.9584372639656067,84762,-6.382496786802628,4.392971590708999,-13.41081658810949,3.7118533290456313,141825
City of Santa Rosa,2020,6,0.5346209856900688,0.2867924658350967,-0.44326019287109375,0.9585657119750977,67207,-6.509322872356488,4.3683358948300945,-13.631736578903887,3.652919418256441,141834
City of Santa Rosa,2020,7,0.4551648234815094,0.2820874878754738,-0.4163368046283722,0.9405868649482727,101961,-6.002485131023926,3.5364404426488623,-12.10820391829811,3.5662832579546517,141816
City of Santa Rosa,2020,8,0.5324798683888989,0.27243337722704813,-0.32656943798065186,0.9094324707984924,104656,-6.12436654563502,4.179586369489576,-13.13900183026943,3.4956237444997744,141830
City of Santa Rosa,2020,9,0.4862184981961424,0.2547860641462806,-0.3964686989784241,0.9707576632499695,125180,-6.424673482408251,3.558779357463436,-12.454906731873736,3.6737148228498477,141816
City of Santa Rosa,2020,10,0.5440894478106305,0.2303578734996584,-0.4724220633506775,0.9540389776229858,65238,-4.468601720224516,4.136199179522281,-11.783667069853362,3.10180319214942,141834
City of Santa Rosa,2020,11,0.5681712473259285,0.23520171836129658,-0.5577557682991028,0.9581817984580994,42892,-5.776762121125277,4.201822766756008,-12.877350558324384,3.4737396827904807,141831
City of Santa Rosa,2020,12,0.4992981586627525,0.29584416379145795,-0.8218533992767334,0.9392112493515015,113451,-6.01603929821271,4.212753351572177,-13.115750578431635,3.549280088380643,141831
City of Santa Rosa,2021,1,0.4664398714241084,0.25331313314001314,-0.45232120156288147,0.8973890542984009,92593,-6.088867709615029,4.214848409270068,-13.30251286550847,3.58494696927675,141830
City of Santa Rosa,2021,2,0.4991030980341208,0.28998136223966187,-0.517241358757019,0.9525926113128662,127950,-5.345241801942306,4.285496030451351,-12.59876438595901,3.405439323417338,141832
City of Santa Rosa,2021,3,0.007171641763956617,0.05571907821850657,-0.10456010699272156,0.17745423316955566,84,-6.577071481602096,4.478712931955608,-13.803744104068732,3.8849235302147935,141801
City of Santa Rosa,2021,4,0.363864953736312,0.2373529429184125,-0.32190078496932983,0.8920780420303345,53808,-6.611280197355799,4.538024720658405,-13.832915790765897,3.9664896601057853,141803
City of Santa Rosa,2021,5,0.3698702618493428,0.24575383840390747,-0.35191425681114197,0.940441906452179,127866,-6.915076723640874,4.719800599999073,-14.153526989897403,4.176454322974,141805
City of Santa Rosa,2021,6,0.34949695787401414,0.19276041822838172,-0.22351233661174774,0.8356550335884094,41824,-6.219826693373117,4.356494774864321,-13.503717725017355,3.7688938003172754,141809
City of Santa Rosa,2021,7,0.619610158972522,0.25983537040593824,-0.24949289858341217,0.9538053870201111,45267,-5.157795175515046,4.189680632968079,-12.565112460091258,3.4358413335246607,141829
City of Santa Rosa,2021,8,0.5482120097938479,0.24347467909154724,-0.34276387095451355,0.9435498118400574,61177,-6.6435719984067285,3.7090448584141673,-12.728835477620205,3.864043767571131,141786
City of Santa Rosa,2021,9,0.5296289010531138,0.311589442707191,-1.0,0.9797446131706238,140873,-5.988431960361706,4.376615837209677,-13.184482709793048,3.6539222376476523,141816
City of Santa Rosa,2021,10,0.5042670511153348,0.2990572065844455,-0.4997084438800812,1.0,118236,-6.642372755641098,3.6618919310254863,-12.704219934469895,3.9526481153811934,141754
City of Santa Rosa,2021,11,-0.008053770027389487,0.07320694305072963,-0.21860221028327942,0.20693255960941315,175,-5.427393069503276,4.061538458349512,-12.757103145590175,3.3597274142454743,141822
City of Santa Rosa,2021,12,0.4915907029375258,0.3053692482034791,-0.6801968216896057,0.9730554819107056,93262,-6.684547934594717,3.613286944636,-12.692776608279367,3.8724664545782397,141807
City of Santa Rosa,2022,1,0.2952240766769398,0.20897698880150434,-0.41535526514053345,0.8779342770576477,29584,-6.7721774208818095,3.741427836240705,-12.819304227107676,4.016905077678195,141780
City of Santa Rosa,2022,2,0.4425548319797491,0.27016379935817236,-0.5957688093185425,0.9132828712463379,130188,-6.757656826453663,3.7235326728402285,-12.736703579251104,3.996620894105211,141799
City of Santa Rosa,2022,3,0.4315422116423842,0.27434216478344814,-0.7400419116020203,0.9747262001037598,120267,-6.98349075119512,3.733300020876417,-12.973050405332723,4.020105390438374,141804
City of Santa Rosa,2022,4,0.4749612130847783,0.24909897179873808,-0.30528008937835693,0.8894141912460327,80350,-6.298305714986785,3.5565185551940615,-12.357081625386092,3.7766712988797777,141806
City of Santa Rosa,2022,5,0.4803405229388034,0.2939457418283423,-0.5167785286903381,0.9500542879104614,115061,-6.018596898528337,3.5579453149205507,-12.249772542246669,3.674642766454751,141814
City of Santa Rosa,2022,6,,,,,0,-5.848663604463591,3.620480275409483,-12.082082142234874,3.7232284443275887,141811
City of Santa Rosa,2022,7,0.5360345203330897,0.3309727731688868,-1.0,1.0,140459,-5.778749455173804,3.5011454238035156,-11.947805569055543,3.5811734655346594,141830
City of Santa Rosa,2022,8,0.4424788961022387,0.2725736374017403,-0.4238578677177429,0.8954983949661255,76172,-6.258809879017376,3.495264587901046,-12.270489154962027,3.6501270413766074,141811
City of Santa Rosa,2022,9,0.4936179591836554,0.2749494360280283,-0.41815972328186035,0.9732072353363037,93328,-5.816413750042876,3.5922279514944235,-11.853459105077091,3.589907253793181,141829
City of Santa Rosa,2022,10,0.5632091775359109,0.21005773822490054,-0.42256638407707214,0.8929708003997803,14276,-5.543988282999184,3.6549697732019157,-11.613824975825155,3.692605937078772,141810
City of Santa Rosa,2022,11,0.36538154634736575,0.2598753307277663,-0.4290045499801636,0.8935031890869141,48222,-5.168869717654589,3.5631740443726065,-11.398174792904445,3.5088022935910512,141821
City of Santa Rosa,2022,12,0.4991695427076923,0.306616272915501,-0.569705069065094,0.9583131074905396,113178,-6.483281040328266,3.578638436674857,-12.440758590087727,3.7897000630685143,141820
City of Santa Rosa,2023,1,0.5820560571505214,0.2818275309743736,-0.44950151443481445,0.9446870684623718,109559,-6.662580028095668,3.740443313272837,-12.626771430917477,3.9938375110367836,141785
City of Santa Rosa,2023,2,0.3799352188948961,0.16807376277022862,-0.18344607949256897,0.8884210586547852,20795,-6.510444344568439,3.736663624647279,-12.538426293249872,3.9364025381333816,141805
City of Santa Rosa,2023,3,0.39438371979306364,0.2486172792517553,-0.3732718825340271,0.918181836605072,141824,-6.997722411504412,3.9484594417787044,-13.004989693418572,4.257073475023233,141782
City of Santa Rosa,2023,4,0.4376447951176324,0.2506236233086367,-0.42671898007392883,0.892665445804596,130739,-6.7514742138475965,3.8380179576224753,-12.87773842610364,4.137097291946551,141793
City of Santa Rosa,2023,5,0.3823264296134264,0.2443819454971855,-0.3845686614513397,0.9113923907279968,76478,-6.653437968231777,3.9275436941835333,-12.776228696849289,4.131884852954591,141779
City of Santa Rosa,2023,6,0.5298764671795088,0.32694363778622854,-1.0,1.0,115379,-5.988334144111589,3.6543825934463503,-12.243169130652317,3.7755759313855353,141819
City of Santa Rosa,2023,7,0.44705464981493354,0.30982784088267845,-0.761904776096344,0.963777482509613,80895,-5.717424966975391,3.744545858819908,-11.974669757632633,3.7328513876203635,141805
City of Santa Rosa,2023,8,0.378655424967348,0.22636527795520794,-0.27945470809936523,0.8230966925621033,33955,-5.979612683930585,3.8100326126328756,-12.165313457368079,3.8275535181692284,141806
City of Santa Rosa,2023,9,0.5219012519744256,0.31079042601760265,-1.0,1.0,116143,-5.7437341896181815,3.6801758721006346,-11.907541282068392,3.6912159065493046,141805
City of Santa Rosa,2023,10,0.45294508283937374,0.2117645280887481,-0.3497537076473236,0.9219351410865784,36616,-5.363624230790869,3.737862965873085,-11.622244809386812,3.715004482864258,141812
City of Santa Rosa,2023,11,0.33523616173860565,0.1782628615850454,-0.15907497704029083,0.7509781122207642,5420,-5.720790573153652,3.668561243376676,-11.777938446396302,3.6924387094229645,141825
City of Santa Rosa,2023,12,0.4024155560038748,0.28603011395679134,-0.5442042946815491,0.9372822046279907,25769,-5.737853595152587,3.681611665045481,-11.897975354698964,3.760695797553328,141804
City of Santa Rosa,2024,1,0.5538918403642908,0.24460941275556508,-0.36578860878944397,0.9182561039924622,63619,-6.5061158373282,3.8189869012815376,-12.359306952093624,3.880387784869802,141828
City of Santa Rosa,2024,2,0.43399958199568733,0.25298222966172895,-0.4193853437900543,0.9265971779823303,128195,-6.604596107619011,3.8012906089574936,-12.676447464825406,4.037840866700657,141814
City of Santa Rosa,2024,3,0.4031770088912915,0.24572906530167193,-0.45253613591194153,0.9011764526367188,46725,-6.888777873173049,3.988444747875972,-12.653997701355603,4.077257085164919,141835
City of Santa Rosa,2024,4,0.3585674184041565,0.2637648504068826,-1.0,1.0,141825,-7.142442352446479,4.1753457069580895,-13.384775937345129,4.621775363842833,141752
City of Santa Rosa,2024,5,,,,,0,-7.042164095495017,4.074847657590803,-13.063565547909102,4.313133494060115,141831
City of Santa Rosa,2024,6,0.3725743338515997,0.21572981182769052,-0.07250162959098816,0.8584163784980774,1611,-5.882674107150624,3.549953978955425,-11.867723521954886,3.5666166315503136,141836
City of Santa Rosa,2024,7,0.6635649886350529,0.11443590524609551,0.09891598671674728,0.8393059372901917,8416,-5.479044057962162,4.363407301271366,-12.842927919129862,3.7254455798196626,141801
City of Santa Rosa,2024,8,0.39304978446495836,0.23193950101941868,-0.2670835554599762,0.8554551601409912,51138,-5.451449349367931,3.751105116750525,-11.582859047594312,3.5381716725260817,141835
City of Santa Rosa,2024,9,0.512145264255546,0.3122163832608029,-1.0,0.9535799622535706,120615,-6.0617431066479135,3.7824279299032515,-12.270028749769507,3.8778867632496126,141814
City of Santa Rosa,2024,10,0.5135182838359477,0.31807895512141937,-0.6966824531555176,0.9699851870536804,124071,-5.59853135360158,3.6186040702345825,-11.628920421027205,3.535859915971036,141827
City of Santa Rosa,2024,11,0.4998370153227813,0.27652499753935617,-0.5025906562805176,0.926731288433075,112074,-6.319982719678997,3.7490643969282895,-12.387334562514683,3.9170626430716973,141774
City of Santa Rosa,2024,12,0.494786458770295,0.28434077139872943,-0.7359009385108948,0.9397394061088562,63852,-5.175180179368104,3.6372756837318865,-11.252798944577913,3.5586467958005987,141834
City of Santa Rosa,2025,1,0.5679650898556646,0.2724560966988799,-0.540229856967926,0.9390966892242432,54777,-5.72823182961707,3.5953015134178687,-11.941262877670232,3.728598100797295,141780
City of Santa Rosa,2025,2,0.4573239066763626,0.28222561669267127,-0.437742680311203,0.9345870614051819,122741,-6.391277029708529,3.8074784105078563,-12.344188624134256,3.9041415904776846,141833
City of Santa Rosa,2025,3,0.45813904529688404,0.27012560604480695,-0.3569277226924896,0.9128751158714294,118658,-6.396993797121631,3.754776022488299,-12.515941897306533,3.937475878995458,141810
City of Santa Rosa,2025,4,0.4104534052346854,0.2269116520369632,-0.3227047920227051,0.8830721974372864,76305,-6.987234289632422,4.832719143037785,-14.356242984322197,4.012295737822812,141833
City of Santa Rosa,2025,5,0.36857012285521196,0.27951207042301685,-0.5286624431610107,0.9940476417541504,112791,-6.1825935822234985,3.808032741760202,-12.233895960431392,3.8613842132991985,141833
City of Santa Rosa,2025,6,0.6147556727413944,0.2031908492938054,-0.09815950691699982,0.8721208572387695,2520,-4.508270562492434,4.524265150630891,-12.178409860522699,3.379750321186366,141836
City of Santa Rosa,2025,7,,,,,,-5.594543185485773,4.3554406961512155,-12.80411546494576,3.6608293359047326,141832
City of Santa Rosa,2025,8,0.4929038975311801,0.315186940088388,-1.0,0.9534287452697754,106208,-5.826067847535926,3.819402955952359,-12.079990949276267,3.694597288599662,141835
City of Santa Rosa,2025,9,,,,,,-4.923534995236668,4.372273088848357,-12.312543505848776,3.343946524664606,141836
City of Santa Rosa,2025,10,,,,,0,-5.834793336687384,3.7007454033223843,-12.112492717650946,3.7225121407531008,141835
City of Santa Rosa,2025,11,0.46638066079226126,0.30785440193590846,-0.5979151129722595,0.9414099454879761,106152,-5.413331527288271,4.362868817301355,-12.6831428776614,3.498418312152597,141836
Famy,2018,1,0.5331329275765162,0.15998438357656608,0.17889907956123352,0.8713952898979187,15652,-6.839860024675122,2.0896759931091373,-13.107565697596062,2.3282518177742855,84700
Famy,2018,2,0.7996262761890145,0.13743748339579495,-0.2033008188009262,0.9401680827140808,57136,-6.986895627654144,2.2292247844487,-13.37464372459719,2.2406322690961624,84700
Famy,2018,3,0.8093884526841435,0.10971843525460802,-0.18069307506084442,0.9397357106208801,70684,-6.753689146451711,2.148579329364695,-13.358058522946655,2.132169122859551,84699
Famy,2018,4,0.7650325596478701,0.14490803667434507,-0.03227931633591652,0.9226292371749878,36266,-7.4865396247645934,2.2091806957695996,-13.757978223821242,2.1546306373677626,84700
Famy,2018,5,0.7100568386626048,0.18228593922688893,-0.13956834375858307,0.9229024648666382,71955,-6.599146515982459,2.254525010022369,-12.562820405837236,2.280910384348402,84698
Famy,2018,6,0.6036658772278019,0.19300534257227653,-0.0385756678879261,0.8450479507446289,1053,-7.045460411333019,2.5488041400099966,-13.6403501880016,2.651910431527481,84697
Famy,2018,7,,,,,,-6.780357491974029,2.114083199689229,-13.490695838447794,2.3406445902978903,84695
Famy,2018,8,0.70447998986166,0.11578187015106722,-0.17841726541519165,0.8353958129882812,20605,-6.800073524611062,2.0770192379952754,-13.470898655327723,2.282175848357616,84694
Famy,2018,9,0.7910913015555049,0.09503213161595359,0.12785901129245758,0.9117177724838257,31328,-7.05601697911961,2.2015623817304424,-13.478977037672955,2.231355774706473,84693
Famy,2018,10,0.76143727494216,0.19088193049924795,-0.16430020332336426,0.9483810663223267,43599,-7.163861345249863,2.2028299631164168,-13.766266022628185,2.2159483597966836,84693
Famy,2018,11,0.8357185519576388,0.10565611264482583,-0.06811819225549698,0.9450364708900452,46526,-6.72146145837104,2.2735053195584785,-13.452357672429864,2.3918004456944324,84690
Famy,2018,12,0.4806863870310616,0.1919314498716455,0.04829210788011551,0.893401026725769,6359,-6.667701631869059,3.051754859705223,-13.41036579581072,3.3733300835397473,84491
Famy,2019,1,0.6627201860848703,0.27331290458868585,-0.36289381980895996,0.9387882351875305,25076,-7.139578752667996,2.2192331103112277,-13.884731498000447,2.585501792587178,84690
Famy,2019,2,0.7692689670590757,0.1379896620194062,-0.32460373640060425,0.9382465481758118,33215,-7.446876343318333,2.3082281742802984,-14.110171775245602,2.5723092956588247,84657
Famy,2019,3,0.754711079324597,0.12970950980376125,-0.0716591328382492,0.9138208627700806,30364,-7.605999899042007,2.313128505443103,-14.032322872917351,2.3657760736961113,84688
Famy,2019,4,0.7077460921777505,0.19391719737965474,-0.1170114204287529,0.9442231059074402,61177,-7.8745420611887225,2.374550326330479,-14.137657926544316,2.5276635627880406,84680
Famy,2019,5,0.7767364210025045,0.1441943824353138,-0.17458049952983856,0.9307692050933838,31047,-7.304659470555377,2.289452541826342,-13.778667305629392,2.4174952106952907,84680
Famy,2019,6,0.7869429195344994,0.2024195201760197,-0.20309050381183624,1.0,52317,-6.779526554731122,2.2003460550503653,-13.478347822840055,2.417261710521291,84685
Famy,2019,7,0.7823854349950997,0.17880287699353958,-0.23845326900482178,0.935147225856781,52528,-7.157292001074767,2.174878737199202,-14.005915925183517,2.4458304557937987,84689
Famy,2019,8,0.7598334955281907,0.13079168306240566,0.027956988662481308,0.8956384062767029,7892,-6.59505549078847,2.191583559071692,-13.189055661457983,2.2048965218724037,84698
Famy,2019,9,0.7846746812634545,0.13382096057220677,-0.03195923939347267,0.9288198947906494,69837,-7.11432872457341,2.2137246226449188,-13.676791259134434,2.265129153429116,84689
Famy,2019,10,0.7894945020584336,0.17121262923348243,-0.1603773534297943,0.9626352190971375,72133,-6.4638362396125135,2.0385820250661673,-12.983803119144984,2.079484619630389,84697
Famy,2019,11,0.6239785068913513,0.07413236339088584,0.41506707668304443,0.7304391860961914,95,-6.678736915187206,2.137727785080118,-13.406569331066716,2.2155337854308295,84694
Famy,2019,12,0.7751305974107997,0.16911028410546391,0.041827768087387085,0.9327678084373474,18710,-6.922587501327695,2.2956326057994794,-13.604740606014282,2.638642274978871,84685
Famy,2020,1,0.8308733107620736,0.10797705543002778,-0.03722721338272095,0.9462704658508301,55162,-7.051451029743721,2.137824853507911,-13.69856505714165,2.4838293741297237,84675
Famy,2020,2,0.806961157258127,0.10798404416409876,0.11846522986888885,0.9336493015289307,19114,-7.3710177923659685,2.266864386215594,-13.965397941086307,2.3931181612821617,84685
Famy,2020,3,0.7825186283433349,0.1562574714474555,-0.1361665278673172,0.9439071416854858,66603,-7.518912241688721,2.2955546388970745,-13.900353536851929,2.32157512278173,84686
Famy,2020,4,0.7193238719410735,0.1325452691262026,0.05016181245446205,0.9015490412712097,48505,-7.413986735583829,2.2656841348287506,-14.04226126118754,2.359211215947097,84688
Famy,2020,5,0.7934833740596499,0.1434946304428233,-0.24327418208122253,0.9502487778663635,66545,-7.179524937618199,2.3483272158080166,-13.646428980295031,2.577389358440841,84677
Famy,2020,6,0.7916665128698692,0.14417081395389175,-0.3267882168292999,0.9314086437225342,24499,-6.632924490354044,2.2282701180291165,-13.322151317464147,2.579829186010155,84694
Famy,2020,7,0.733891137488734,0.1091777052779335,0.25537121295928955,0.8851646780967712,13110,-6.626193108719739,2.1612068975962555,-13.350903571812006,2.113352672763881,84699
Famy,2020,8,0.8377465071733953,0.10708706428878721,-0.0942000299692154,0.9489840269088745,48111,-7.08644821618581,2.2331559981570033,-13.503559086098095,2.1906272390235655,84695
Famy,2020,9,0.5302489501658186,0.08914627357244556,0.21366742253303528,0.8297516107559204,17457,-6.737353040685166,2.1637840322544797,-13.27600645238274,2.132740009161242,84699
Famy,2020,10,0.6038101392830602,0.1458633983406105,-0.0816797986626625,0.9138631820678711,41491,-6.199638807010732,2.093254173146401,-12.732614709940156,2.1188108662918532,84693
Famy,2020,11,0.6780674022963066,0.2749024894240832,-0.6548797488212585,0.9188118577003479,39755,-6.913881124175493,2.3684848912427583,-13.38531287257717,2.798198027005972,84636
Famy,2020,12,0.004779837094247341,0.10142842117388577,-0.09474824368953705,0.17443634569644928,4,-6.9361782622757,2.3082672674223503,-13.57348294538792,2.820213392668803,84668
Famy,2021,1,0.4692820038084965,0.1126175817308789,0.17507191002368927,0.7788819670677185,6973,-6.9797360541196625,2.1369989114459775,-13.56503800176847,2.4604717760225205,84691
Famy,2021,2,0.7104009467074134,0.16870206770842974,0.05748403072357178,0.9288349151611328,28157,-6.559246401161797,2.2831936618606785,-13.011412117338269,2.398518613848283,84698
Famy,2021,3,0.7925042099502032,0.14323175703074095,-0.077860526740551,0.9346092343330383,62901,-7.061275811240526,2.1688918603000595,-13.604247315593991,2.2117802909688176,84681
Famy,2021,4,0.5916301829194822,0.20755246922711007,-0.11094050109386444,0.8835979104042053,19379,-6.995994148336285,2.1256563482693904,-13.638081502409857,2.23837296197779,84686
Famy,2021,5,0.7484539877811056,0.21083190956957573,-0.2528019845485687,0.9290603399276733,58572,-7.154480828722915,2.4046168101311145,-14.03707046823187,2.701676718956046,84614
Famy,2021,6,0.8403930695422727,0.09140014811020526,-0.07805236428976059,0.9455114006996155,43460,-7.157830901444583,2.313484526649412,-13.941448043101007,2.714301810927139,84650
Famy,2021,7,0.7261065675076882,0.20038120974329454,-0.45259544253349304,0.9334341883659363,24107,-6.496909581022887,2.1129799655606107,-13.208640391300518,2.4301942077250978,84676
Famy,2021,8,0.7709645379176555,0.16045374044648186,-0.1650071144104004,0.9391891956329346,37489,-6.944655381737419,2.323542320556481,-13.767649843497034,2.265517260429866,84693
Famy,2021,9,0.6276726552542481,0.13779595703400163,0.051948051899671555,0.8448087573051453,33901,-6.862841769496532,2.1998129641964157,-13.537410282532536,2.284910786831777,84691
Famy,2021,10,0.768333406604314,0.18060428342566792,-0.04675442725419998,0.9274575114250183,29002,-6.79401778589445,2.174476463320256,-13.486357936390826,2.2354653065962364,84690
Famy,2021,11,0.8271831379025093,0.12077317965869072,-0.053684212267398834,0.9429760575294495,45157,-6.359405643233942,2.240268066697211,-13.127058104616614,2.357973131063936,84678
Famy,2021,12,0.8368554576865463,0.13133386754666077,-0.19094602763652802,0.9718459248542786,51621,-6.841935296452184,2.2117714489262736,-13.55855713803937,2.6131938955244487,84681
Famy,2022,1,0.7435056592823024,0.19782900145579613,-0.2366044521331787,0.9457808136940002,26531,-6.405583349702782,2.358423307207859,-13.093028208400094,2.754193300101792,84662
Famy,2022,2,0.5555620935601493,0.13951710742503975,0.2275323122739792,0.8299473524093628,5224,-6.824712228110306,2.1189032162758594,-13.416580916866195,2.2266041920570454,84696
Famy,2022,3,0.7308072754587011,0.152320994997099,-0.003105590119957924,0.9469847679138184,29768,-6.651091633195545,2.088091792570028,-13.091996626435717,2.0202433331261727,84700
Famy,2022,4,0.78369098646138,0.13418324965732167,0.04567699879407883,0.9201322197914124,20873,-6.270239510907552,2.079751982655243,-12.777185032606,2.079728108733193,84698
Famy,2022,5,0.824685531944832,0.1363002761870294,-0.07038512825965881,0.9437280297279358,40420,-6.161043599995668,2.1150785163768844,-13.071985254091867,2.125210419755265,84700
Famy,2022,6,0.8095262837348557,0.1706630324795787,-0.28781262040138245,0.958655059337616,70514,-6.6235270491156575,2.5472330299165074,-13.733232355092042,2.830103508779591,84625
Famy,2022,7,0.8694959178866353,0.09745210961105599,-1.0,0.9962894320487976,56733,-6.449342549178602,2.2136318045746823,-13.24797927499731,2.4088333659888335,84688
Famy,2022,8,,,,,0,-6.430919801368823,2.2169296695424103,-13.041928818474666,2.18474203946294,84697
Famy,2022,9,0.7157853806546219,0.15799737693073726,-0.030727984383702278,0.8872677087783813,15859,-6.499371528807,2.1713559187348594,-13.005852761028253,2.1407678040665195,84699
Famy,2022,10,0.7777533694310135,0.14379605569844317,-0.16077786684036255,0.9170570969581604,48652,-6.328935360561461,2.291991196558451,-12.957219571274958,2.4209612194228214,84671
Famy,2022,11,,,,,0,-6.334854849250527,2.2827570831876938,-13.022191535317612,2.4081117993173575,84687
Famy,2022,12,0.7087477510169489,0.18314013748592528,-0.2813667953014374,0.8988926410675049,61942,-6.92117337288157,2.2819541834117665,-13.507537273438533,2.6969328194769955,84668
Famy,2023,1,0.7811023000653332,0.21014141824507002,-0.5550628304481506,0.9532585740089417,28550,-6.868895032296099,2.2160693894247983,-13.548960748449108,2.6592118603261636,84673
Famy,2023,2,,,,,,-6.757712059574727,2.139491677582723,-13.501773981281156,2.249671601393252,84699
Famy,2023,3,0.7843008172573127,0.146641623127419,-0.10524927824735641,0.9561516642570496,75952,-7.226856319047083,2.1806842381038223,-13.662440959691363,2.214674566575777,84697
Famy,2023,4,0.7399101107803941,0.17569985210008518,-0.13259457051753998,0.9208053946495056,62744,-6.872515455872752,2.1860565999135124,-13.369944371151611,2.2012222986751246,84698
Famy,2023,5,0.7730774351144013,0.11862099886597173,-0.02224969118833542,0.9155435562133789,14327,-6.750279389032951,2.3194597691852943,-13.601677921784479,2.4328756191537746,84682
Famy,2023,6,0.8123976784269261,0.16239778892551104,-0.3793679177761078,0.9362651109695435,38653,-6.674262461651869,2.223268397940898,-13.78984088014714,2.4257868038586348,84673
Famy,2023,7,0.7466119238626209,0.1380575914351224,0.20465640723705292,0.9169428944587708,39494,-6.5250274773562165,2.2234899515995052,-13.348478441759182,2.3858087257516005,84698
Famy,2023,8,0.8102654696446042,0.10856852691926247,-0.09519391506910324,0.9263136982917786,47491,-6.73647451755213,2.352587855206772,-13.48431866305789,2.363579117573469,84697
Famy,2023,9,0.7957885303927835,0.12833961484963635,-0.09070548415184021,0.9344080090522766,69606,-6.327262030303478,2.1708974837002657,-12.966359124003112,2.1151643686758947,84697
Famy,2023,10,0.6032993350895614,0.22050906760294323,-0.11972753703594208,0.9048160314559937,8803,-6.118600166731116,2.2198342588806983,-12.803785830558757,2.2265849800141257,84697
Famy,2023,11,0.8101936845473873,0.15259486931970848,-0.03013508766889572,0.9509803652763367,52858,-6.346162586987929,2.5002575764265096,-12.955093890602951,2.595626335955197,84664
Famy,2023,12,0.7923920776615587,0.14473942069626286,-0.07397737354040146,0.9609977602958679,55737,-6.54436171534401,2.697800701209567,-13.2917064718476,3.003025456909813,84621
Famy,2024,1,0.6722380089972985,0.15613106719228115,-0.055767763406038284,0.8911769390106201,5095,-6.656892659735441,2.2483722174974288,-13.39180686301439,2.5867672719008534,84688
Famy,2024,2,0.8319820351533512,0.1189834732218896,-0.2794612646102905,0.9650837779045105,75173,-7.0060816113863895,2.0722075093694947,-13.651083125697124,2.119205532298191,84696
Famy,2024,3,0.7717024526204762,0.11606523756041075,0.013777635060250759,0.9158433675765991,45727,-6.716845024688993,2.1629888258874646,-13.102056584367668,2.1429859130781677,84695
Famy,2024,4,0.7534137614815157,0.1956935463134848,-0.21053607761859894,1.0,77568,-7.170954706928919,2.34713233638804,-13.970075840158575,2.450448085723317,84693
Famy,2024,5,0.7223783700608634,0.19172021197464573,-0.12229970842599869,0.9622059464454651,52383,-7.087636368321429,2.2719147112689053,-13.833050808750198,2.474913650872742,84684
Famy,2024,6,0.7428643290269724,0.11259675487068993,0.216197669506073,0.8823529481887817,6644,-6.679583066813204,2.227274956469779,-13.646723323407596,2.517425127894536,84684
Famy,2024,7,0.7027601707413597,0.18612554530244368,-0.186660036444664,0.9012829065322876,20825,-6.80417148330976,2.286699956138363,-13.490901006846414,2.5550784962278725,84676
Famy,2024,8,0.6815586883630715,0.13037716474162067,0.054182007908821106,0.9093610644340515,53691,-6.547958032197862,2.2751878730525075,-13.028816399912294,2.209578912272604,84699
Famy,2024,9,0.7235260207937222,0.22196911488194995,-0.36131933331489563,0.949062168598175,19719,-6.510327487770389,2.3319234203247907,-13.408947145816605,2.2672576423776376,84693
Famy,2024,10,0.642455885187882,0.18000929400375856,0.13326109945774078,0.8999360203742981,8543,-6.246607608722548,2.0514740904700757,-12.869547537713247,2.0467740482184187,84698
Famy,2024,11,0.8186331125760584,0.1184900722308635,-0.10679611563682556,0.9315560460090637,42217,-6.71510540467483,2.2396362757607378,-13.490541535904322,2.3113731135068925,84689
Famy,2024,12,,,,,,-6.3048777606394655,2.724084803145093,-12.943519233362268,2.9560377256567434,84598
Famy,2025,1,0.7913125755652763,0.11030424164709554,-0.09945549815893173,0.9157788157463074,43609,-6.1916953388929805,2.224278820179088,-12.755856527836569,2.494616116868293,84694
Famy,2025,2,,,,,,-6.920893791335463,2.223968347815561,-13.50699794394864,2.3701539838258285,84689
Famy,2025,3,0.7975152462240483,0.13488397333233357,-0.11411818116903305,0.9291760325431824,44881,-6.741540874640797,2.0834000435600672,-13.296052712677024,2.020660807010961,84700
Famy,2025,4,0.7042659622426154,0.2268675057678363,-0.14571745693683624,0.9387142062187195,36515,-8.046203965307873,2.3433322676318085,-14.664982395771325,2.3757465530627053,84689
Famy,2025,5,0.8156543691162274,0.1625334740654707,-0.38437002897262573,0.9546846151351929,66954,-6.78931842041034,2.3613400659960613,-13.59290061171734,2.426631782179967,84671
Famy,2025,6,0.8044974004313076,0.18619478603678954,-0.3307633101940155,0.9512194991111755,65915,-6.700861136836975,2.3960336197573144,-13.265387171166255,2.6279712549986947,84697
Famy,2025,7,,,,,,-7.0403358310359785,2.208291581668898,-13.474439650087412,2.5395813819628903,84691
Famy,2025,8,,,,,0,-6.515077416042847,2.257989790703703,-13.195229381131627,2.228133780269559,84699
Famy,2025,9,0.7770004510468321,0.13876797581012523,-0.0830659568309784,0.9338296055793762,59351,-6.311351447653871,2.064965017220213,-12.63910744512763,1.9830221625956241,84700
Famy,2025,10,,,,,0,-6.280385353001345,2.1363219379012954,-12.923380415181924,2.0991265609747143,84699
Famy,2025,11,0.8064586743488371,0.16289975984417707,-0.9844961166381836,0.9736098051071167,44481,-6.386735002015811,2.219861203872538,-12.796665965977972,2.2303803706628407,84699
Kalayaan,2018,1,0.6376700262740225,0.1755641928108135,-0.5318182110786438,0.875308632850647,44223,-7.118655003548558,3.0490604230679548,-13.459892167118195,3.2000958208425727,135402
Kalayaan,2018,2,0.76635218610408,0.2276528461893173,-0.8302469253540039,0.942788302898407,71344,-6.968085787383232,3.040181497191103,-13.235090728388371,2.886025211926863,135517
Kalayaan,2018,3,0.7186688025652936,0.27563438886518227,-0.7217676043510437,0.9319992065429688,43899,-6.76182539505827,2.6956150970288926,-13.292069868521981,2.817311774760008,135437
Kalayaan,2018,4,0.7453619953381008,0.1860050557292776,-0.5632184147834778,0.9415313005447388,65034,-7.501237873704021,2.4071091554974986,-13.920464508034565,2.6128542427830217,135490
Kalayaan,2018,5,0.6947611595866666,0.19035339322188677,-0.4732142984867096,0.923692524433136,98533,-7.193416951070453,2.635464082635756,-13.24714316532774,2.765747658797342,135378
Kalayaan,2018,6,0.6089366248802986,0.26405537664809525,-0.6164020895957947,0.8904770612716675,10487,-7.212989612428082,2.6710289493422055,-13.659783305010603,2.742845954122029,135471
Kalayaan,2018,7,,,,,,-7.078285720176282,2.830730616404446,-13.758095277452934,2.930474222489552,135296
Kalayaan,2018,8,0.7564099841253858,0.3005976565956694,-1.0,0.9438596367835999,96506,-7.089371526287709,2.507345353794263,-13.653286101726163,2.878869185333841,135094
Kalayaan,2018,9,0.7256802368904547,0.17011981274446986,-0.34505495429039,0.8747553825378418,88301,-7.353486782931966,2.9256100113725085,-13.65003607880011,2.89030373561657,135004
Kalayaan,2018,10,0.6975074206714005,0.24786167029766265,-0.5352112650871277,0.9212037324905396,59652,-7.346656621484997,2.595442382816061,-13.842025743897521,2.9943813900732192,134840
Kalayaan,2018,11,0.7571997670128287,0.2800184665760135,-1.0,0.9548197984695435,62170,-6.836859815638628,2.796622352161664,-13.443427023953285,3.0053831430425326,135173
Kalayaan,2018,12,0.5927595148925878,0.15886323303366284,-0.16393442451953888,0.887129545211792,34960,-6.658129697996924,3.116316920081254,-13.317792605263984,3.3951111993324083,134742
Kalayaan,2019,1,0.746888653747963,0.23260999494357376,-0.6891064643859863,0.9453689455986023,28100,-7.052111707492537,3.0630731589067106,-13.7388353160243,3.299158797740353,134900
Kalayaan,2019,2,0.6945325590613985,0.2505198873866022,-0.5885328650474548,0.911213755607605,29098,-7.5667221971512015,2.6701547283112363,-14.345727415663713,3.1866092587677874,134840
Kalayaan,2019,3,0.7726453344036128,0.18651330576709593,-1.0,0.9416282773017883,70672,-7.869344327189507,2.5591054480884763,-14.380516189601476,2.898237499236169,135282
Kalayaan,2019,4,0.7278222331502217,0.17576875568587247,-0.4313186705112457,0.9299555420875549,94472,-8.085923998459146,2.6792781964458907,-14.346385874284765,2.898037635482382,135288
Kalayaan,2019,5,0.7540256389263108,0.1755580573508628,-0.9096385836601257,0.9314368963241577,56551,-7.6024482152794635,2.5399645973000884,-13.958446868833425,2.674680184271737,135426
Kalayaan,2019,6,0.7851346879916068,0.22771855269422614,-1.0,1.0,119329,-7.227636704930336,2.3453523414046127,-13.656143378272626,2.362908201823018,135455
Kalayaan,2019,7,0.7804448982422095,0.20892828692458917,-1.0,0.9590613842010498,112209,-7.153923298066896,2.2657880141175153,-13.698382881264576,2.3519729722851634,135481
Kalayaan,2019,8,0.7252213923844963,0.1826840718443136,-0.47268906235694885,0.90218585729599,84558,-6.8100633718884565,2.4955451249347194,-13.382432983479331,2.592443123174341,135399
Kalayaan,2019,9,0.6443408947514097,0.2147503073407246,-0.39455094933509827,0.8974854946136475,17801,-7.310586182380278,2.672461321975212,-13.850414919318933,2.7055032502187624,135248
Kalayaan,2019,10,0.7778299458665624,0.20071760538677433,-0.8365384340286255,0.9488784670829773,82632,-6.744608413100628,2.773996696935078,-13.06794796636529,2.707165500734425,135231
Kalayaan,2019,11,0.7066110812769006,0.222178658930008,-0.5684754252433777,0.908998966217041,40438,-6.8480607635526765,2.7136726021296425,-13.383938466499943,2.778375848000838,135358
Kalayaan,2019,12,0.0005175981362369333,0.014692932461765,-0.04023636505007744,0.034334149211645126,208,-7.145091865599738,2.8770384616978864,-13.638606048842979,3.062569916251719,135169
Kalayaan,2020,1,0.7731127891981309,0.2367905702627638,-1.0,0.963981032371521,85657,-7.34784807159507,2.476021004543615,-13.952138935155833,2.996776541564536,135090
Kalayaan,2020,2,0.498815237680371,0.2893966574703087,-0.4585987329483032,0.8460571765899658,9176,-7.523121406298148,2.6310831471910086,-14.185814973531263,2.8646408129922762,135269
Kalayaan,2020,3,0.7845362289982377,0.1841951569812223,-0.7924944758415222,0.9504504799842834,130805,-7.632458163202205,2.648476890393126,-14.076613962422503,2.778249797113303,135334
Kalayaan,2020,4,0.7048171317382002,0.17277270204674705,-0.6053068041801453,0.9236121773719788,34754,-7.5889730348178315,2.5893903348393903,-14.12136565534244,2.663582267408729,135377
Kalayaan,2020,5,0.7836296049089256,0.20930431688597587,-1.0,0.9444820284843445,61086,-6.794756714853483,2.639790293487892,-12.904450183884128,2.5661692104345124,135430
Kalayaan,2020,6,0.7629370106718304,0.20997688736568992,-1.0,0.9388166069984436,40778,-6.931347877844513,2.548484416191289,-13.400866420455085,2.6833261006348317,135417
Kalayaan,2020,7,0.7611940435317704,0.15654054235892664,-0.1895604431629181,0.9004494547843933,45544,-6.887511450612137,2.511226172039134,-13.573274794436907,2.6191623840149787,135406
Kalayaan,2020,8,0.7978327767323425,0.16944637809341104,-1.0,0.9510005712509155,117104,-7.106014739124712,2.28580227465998,-13.58482713292288,2.40012185073321,135500
Kalayaan,2020,9,0.6872462893819344,0.14248243289477708,-0.016759777441620827,0.8718849420547485,16399,-6.933427094299815,2.5648210787749113,-13.650415463047795,2.632966721949907,135301
Kalayaan,2020,10,0.7104706763207944,0.15267682601569868,-0.33675214648246765,0.8777310252189636,50044,-6.32695278696258,2.6425916318692626,-12.758659557110118,2.6708333847455306,135303
Kalayaan,2020,11,0.6905998842362497,0.3599350192548919,-1.0,0.9383143782615662,38934,-7.177760072031147,2.9149067485974696,-13.54174035726913,3.2328054064130867,134935
Kalayaan,2020,12,0.7666549029534159,0.15879911294093477,-0.6443867683410645,0.9204572439193726,76233,-7.239522760970829,3.1446286736369546,-13.691347093459854,3.327660748694353,134762
Kalayaan,2021,1,,,,,,-7.3218552194891044,2.8976482138472726,-13.891842116108373,3.1876178437624607,134888
Kalayaan,2021,2,0.7264531402282146,0.2916318833688641,-1.0,0.9596593379974365,66881,-6.809373665870767,3.3054101543405325,-13.192428704915281,3.0882120567830236,135241
Kalayaan,2021,3,0.7638309966232305,0.21383822189718973,-0.5793184638023376,0.9407146573066711,107252,-7.291947871910759,2.455392962141052,-13.922146583071662,2.8896495871259527,134621
Kalayaan,2021,4,0.7099877732931794,0.1570953979615737,-0.20172733068466187,0.8728639483451843,36968,-7.166926389226326,2.4316176775080347,-13.845256572783384,2.8441578499153377,134724
Kalayaan,2021,5,0.7702630878641201,0.20742897642986474,-0.5038461685180664,0.9023599624633789,26646,-7.264417826642567,2.5350732600516017,-14.05218925430406,2.826965245406716,134821
Kalayaan,2021,6,0.7814486034716946,0.18856389987109268,-0.8885449171066284,0.9438103437423706,125364,-7.367993281359849,2.7151573434132215,-13.912782747621371,2.9195868057913237,134929
Kalayaan,2021,7,0.21354415321512174,0.3720678600958729,-0.5857242941856384,0.8359082341194153,1177,-6.820258238904869,2.528100067303165,-13.474526537662468,2.91597580782293,134799
Kalayaan,2021,8,0.725394176837755,0.3232398614488498,-1.0,0.927469789981842,77427,-7.110338986561069,3.083750895392228,-13.950129312019541,2.9976353617003904,134959
Kalayaan,2021,9,0.7853714655801456,0.25479045428467534,-1.0,0.9389002323150635,87776,-7.27282968212422,2.8377343936711243,-13.862101416752065,2.9006418221309507,134546
Kalayaan,2021,10,0.7622577148950235,0.26224122628900515,-0.6077419519424438,0.9355078935623169,54639,-7.317552133048259,2.927134103967745,-13.98866565752391,2.9977442333934547,134717
Kalayaan,2021,11,,,,,,-6.886283130590594,3.0844368341600474,-13.503037942551085,3.0483510737682304,134499
Kalayaan,2021,12,0.7263610780313315,0.27822901808881384,-0.843478262424469,0.9383571743965149,34520,-7.366458138505198,2.963545879710782,-14.011381210856722,3.4053560817809054,134956
Kalayaan,2022,1,0.709486976704759,0.2756613972005349,-0.9790356159210205,0.9589514136314392,63404,-6.949307443048889,2.9231426043019524,-13.645572351150308,3.382847581220359,134867
Kalayaan,2022,2,0.675010086532962,0.22770273154575738,-0.5682888627052307,0.9085967540740967,19864,-7.032915813662753,2.6064639425722413,-13.657480621358673,2.947723421985183,135031
Kalayaan,2022,3,0.6587521789193762,0.2694094377305887,-0.6059113144874573,0.9261130690574646,20521,-6.826729338170401,2.5759333882909297,-13.507114768491471,2.784903113112926,135232
Kalayaan,2022,4,0.7084778442284217,0.19552235384539496,-0.40733399987220764,0.9056057333946228,72952,-6.5798963389537795,2.6142744175988053,-13.124968212164214,2.747566626027507,135173
Kalayaan,2022,5,0.7888071328025799,0.23400199106100636,-0.9295393228530884,0.9552814364433289,74679,-6.623188542113617,2.7347047523253094,-13.592885694800948,2.7282392178415873,135255
Kalayaan,2022,6,0.7767839917243133,0.1503464553182888,-0.4553990662097931,0.9356136918067932,84255,-6.792238341979733,2.9483945219754144,-13.620804070227123,3.000098575349461,135126
Kalayaan,2022,7,0.7202280091382071,0.21060858306914734,-0.26141732931137085,0.8878822326660156,3242,-6.604377544114735,2.7892097433075693,-13.222090284548115,2.8513886262431325,135298
Kalayaan,2022,8,0.7659506102403005,0.007374449837387156,0.7529493570327759,0.7760765552520752,6,-6.954541610852435,2.669568393292943,-13.55208152132293,2.8388446472811837,135224
Kalayaan,2022,9,0.7190380010092337,0.18046178588627634,-0.316541850566864,0.8921738862991333,96402,-6.998051410207049,2.6256489591750625,-13.562152431201307,2.7040702174045714,135215
Kalayaan,2022,10,0.7892241299513559,0.2437431204176507,-1.0,0.9672406315803528,86624,-6.743057561560877,2.774993082537296,-13.202537219152902,3.101440343412934,135091
Kalayaan,2022,11,0.6203794358613346,0.17826394084784614,-0.41204819083213806,0.8476420640945435,10474,-6.700376690903842,2.998867575079456,-13.276812796345844,3.2180812933263994,134923
Kalayaan,2022,12,,,,,,-7.3694663195605505,2.661821152879559,-13.904030317738327,3.2658956036063937,135006
Kalayaan,2023,1,0.6564350769299443,0.2875297952168322,-0.8002322912216187,0.9318385720252991,52265,-7.292804306265572,2.8112980701580934,-13.910688476153135,3.4093658787177423,134760
Kalayaan,2023,2,,,,,,-7.0116664462710325,3.0029701417842665,-13.862835329329519,3.0945715763656096,134752
Kalayaan,2023,3,0.7195224060090375,0.18707504557362067,-0.42021721601486206,0.8902419805526733,64094,-7.222117334795811,2.9489501177869415,-13.804451631553334,3.0398477076174646,134979
Kalayaan,2023,4,0.7169228038023142,0.18707940363467615,-0.49793267250061035,0.9152827262878418,72345,-7.050694243575368,2.6229803621447108,-13.486326701166362,2.8938108579433957,134956
Kalayaan,2023,5,0.6898837306906256,0.23780700765828844,-0.5423105359077454,0.9366058707237244,33805,-7.085089422975682,2.657475060225548,-13.732969063481377,2.8887340216926423,135040
Kalayaan,2023,6,0.7978689884225083,0.18638438929245382,-0.6460176706314087,0.9409061074256897,32579,-6.671187484574844,2.7170856465552395,-13.498066934330058,2.7455532570353154,135188
Kalayaan,2023,7,0.7243696945264689,0.18140028572100705,-0.6161137223243713,0.9021739363670349,126166,-6.962476578724717,2.6894072786941265,-13.728767283979463,2.9628409440338235,135140
Kalayaan,2023,8,0.7351026718103092,0.19476653182498127,-0.42626261711120605,0.896616518497467,118498,-7.020810260627644,2.919833712835595,-13.625087491924598,3.0580325079013613,135097
Kalayaan,2023,9,0.7772230569521327,0.21922291446221315,-1.0,0.9783491492271423,48818,-6.886992434733349,3.0352943855936045,-13.53197090081346,2.8598902167086107,135061
Kalayaan,2023,10,0.630158927793985,0.3080705090364511,-0.6194563508033752,0.9205971956253052,27916,-6.758734340307877,2.952185550101718,-13.356851909651345,3.007613616232375,135023
Kalayaan,2023,11,0.6130457704048292,0.25610706728449545,-0.7307060956954956,0.9398326277732849,27434,-6.701285551557176,3.0234196670165736,-13.211802667422502,3.1290284621743827,135046
Kalayaan,2023,12,0.4357655367542649,0.13036971576323964,-0.06296440958976746,0.8363959789276123,3385,-6.926693788024755,3.0157816348874897,-13.599510540132155,3.28698591788928,134889
Kalayaan,2024,1,0.5833734105868904,0.21560158021924372,-0.5634301900863647,0.8795034885406494,35266,-7.052879285431317,2.6828491332442663,-13.811473602503815,3.183012297154008,134979
Kalayaan,2024,2,0.7822656237825176,0.20596152924860883,-0.5629138946533203,0.9451637268066406,67372,-7.052425917170438,2.41162917048958,-13.872597521075107,2.742096940466738,135138
Kalayaan,2024,3,0.4645543572101499,0.09967295070835694,-0.1467832624912262,0.8087146878242493,8604,-7.1047895929030656,2.551497033684108,-13.654621389765703,2.76196017237201,135200
Kalayaan,2024,4,0.7740068246459415,0.2014467630130911,-1.0,1.0,79066,-6.885378867963769,2.7836252375054853,-13.600140419625365,2.736428830794064,135230
Kalayaan,2024,5,0.7750897937143497,0.19182454766063128,-0.9509202241897583,0.9587283730506897,132056,-6.886758438782368,2.444211543816584,-13.40651567286581,2.5395841183490644,135285
Kalayaan,2024,6,0.7067501633718754,0.1646236922834107,-0.09965035319328308,0.9096486568450928,11084,-6.683315501822144,2.5998941027976312,-13.490970060360604,2.6783348786814343,135209
Kalayaan,2024,7,0.6956063405463845,0.20491181254637258,-0.5867944359779358,0.9162390232086182,105642,-7.04071396476186,2.7011434342807306,-13.579879111400126,2.962242678298965,135145
Kalayaan,2024,8,0.6225613965144364,0.14543668948051644,-0.0922401174902916,0.8893095254898071,22635,-7.0228493121317275,2.5443589417404673,-13.587852074407472,2.727378902165366,135263
Kalayaan,2024,9,0.12135147050877948,0.4698505914994347,-0.3807339370250702,0.9366196990013123,268,-6.895308847612565,2.7803861550695377,-13.726353527419215,2.7563801351890347,135246
Kalayaan,2024,10,0.5619699510284094,0.36895688339456006,-0.543379008769989,0.9179894328117371,575,-6.682654687071914,2.7851724420119752,-13.22671797462791,2.9505453336420415,135063
Kalayaan,2024,11,0.6054711634096398,0.27926966187182906,-0.6166418790817261,0.9187241196632385,26153,-7.195315570262124,2.837941334967413,-13.81299100784392,3.1539940937961095,134730
Kalayaan,2024,12,,,,,,-6.73037007007621,3.198323472926697,-13.213837148627459,3.541213181194505,134890
Kalayaan,2025,1,0.5995346870165922,0.17835000278106095,-0.29113924503326416,0.9075544476509094,29024,-6.743067043294426,3.1150264072531924,-13.18840096480956,3.402595839786401,134771
Kalayaan,2025,2,,,,,,-7.299674483869535,2.722011034998456,-13.961625202083521,3.2567395473038445,134715
Kalayaan,2025,3,0.7290430537699186,0.2674236927737162,-0.648421049118042,0.9772878885269165,38274,-6.81860715652033,2.9404657694263805,-13.485360829516171,2.9408787397543446,134817
Kalayaan,2025,4,0.7127546106333491,0.14776590899335226,-0.1388455480337143,0.8981158137321472,40350,-8.368216537978668,2.862675332746208,-14.807317335377983,2.9014069138342364,135255
Kalayaan,2025,5,0.7748168213084585,0.2204896016793251,-1.0,0.9626417756080627,93383,-7.039259889644162,2.8973868115149064,-13.684127988323048,2.891393301917051,134966
Kalayaan,2025,6,0.796197088942582,0.1997069618290159,-0.8556700944900513,0.9532075524330139,59584,-7.518820707297547,2.745789268320668,-13.935191049765299,2.8167059100782894,135292
Kalayaan,2025,7,,,,,,-7.449659708267242,2.6574761893236514,-13.634183121676049,3.1999018542414532,135048
Kalayaan,2025,8,0.014589677564799786,0.011593871749937534,0.0029958058148622513,0.02618354931473732,2,-7.00141791648012,3.4071078850485974,-13.483891857236758,3.2307179424968164,135178
Kalayaan,2025,9,0.766977123641944,0.2396958376982802,-0.4202898442745209,0.9629343748092651,18806,-6.822470778209675,3.2713996133576964,-13.023275300180767,3.083896205858206,135293
Kalayaan,2025,10,,,,,0,-6.841836790365725,3.2146381788087792,-13.42515809033181,3.469728845898802,135130
Kalayaan,2025,11,0.7479766946352878,0.34960381482707636,-1.0,0.9811634421348572,105711,-6.973277184968102,2.7022078444150166,-13.340550946402605,3.3421607287738913,135323
Liliw,2018,1,0.769651740391396,0.15550441520121008,-0.16744083166122437,0.9353348612785339,53238,-6.554645346836789,2.2764659403325798,-12.95393046754957,2.368065201200202,108411
Liliw,2018,2,0.8090988888771181,0.142776908606211,-0.8576778769493103,0.944130003452301,85246,-6.432159764687113,2.426006584719999,-13.058621210011072,2.3049244301050895,108528
Liliw,2018,3,0.7886349678236761,0.1600598777986536,-0.2471994012594223,0.9379498362541199,61775,-6.227601230810167,2.348079045092549,-12.986698495791602,2.2009402883119655,108528
Liliw,2018,4,0.7497095189155016,0.17693999242560104,-0.33565622568130493,0.9360451698303223,75979,-7.061052231228356,2.289836933936031,-13.637174844197919,2.248982744922737,108528
Liliw,2018,5,0.7148032888651192,0.18073017262355814,-0.4153074026107788,0.9127504229545593,81723,-7.127558290927661,2.465266502393154,-13.485893081468678,2.6669881691584414,108353
Liliw,2018,6,0.7113232503889372,0.16029789170837716,-0.4392191767692566,0.9049133658409119,18961,-6.546057271227402,2.513673951292402,-13.332335944632359,2.5443798380822176,108527
Liliw,2018,7,,,,,,-6.428504471108994,2.2793733660189464,-13.003572535542975,2.299011851206072,108314
Liliw,2018,8,0.5367226182306464,0.10486367083762022,0.15667207539081573,0.8127909898757935,2098,-6.938514119274705,2.319701776681928,-13.554305946780511,2.2637610970216397,108527
Liliw,2018,9,0.7355712451047943,0.14539831704799894,-0.0848231241106987,0.8927766680717468,50467,-6.699581594594554,2.3552627745185113,-13.320323915984549,2.3295177799366305,108526
Liliw,2018,10,0.7550492149463163,0.1539713212294445,-0.20570264756679535,0.9175434708595276,37630,-6.757548861523705,2.3659661940557397,-13.484098953807264,2.302333416255616,108524
Liliw,2018,11,0.824356083183218,0.14535995202042987,-1.0,0.9691577553749084,67339,-6.349025899333788,2.4586196534177707,-13.185503138140104,2.5115761338164564,108524
Liliw,2018,12,0.6298196721674142,0.20759469127206784,-0.06608496606349945,0.9145625829696655,17781,-6.129522806011428,2.5482578987616282,-12.971982030600682,2.7031683638457524,108520
Liliw,2019,1,0.7914128248898666,0.16012008594099683,-1.0,0.9383354783058167,31186,-6.732067388528314,2.302198696612616,-13.61696138746242,2.406346789377619,108521
Liliw,2019,2,0.7850513150474393,0.12474393892642895,-0.7887789011001587,0.9257998466491699,29319,-7.179425786192799,2.499815928344124,-13.988374862714346,2.5564710417838046,108513
Liliw,2019,3,0.6897544852902375,0.1725825711984898,-0.13618788123130798,0.9268566966056824,39519,-7.41421701451985,2.506938148385652,-14.009478548303788,2.5093666165366026,108514
Liliw,2019,4,0.7442403526452259,0.1644550158851128,-0.5785006880760193,0.9308935403823853,108157,-7.411721962209747,2.511618363707315,-13.947903380742456,2.528977431709719,108520
Liliw,2019,5,0.7615217062234965,0.12953706645966095,-0.0943855345249176,0.9062984585762024,21231,-6.9089204921018785,2.545202787676336,-13.677077518060553,2.625081745391823,108512
Liliw,2019,6,0.7788067873836346,0.18085893186594007,-1.0,0.9649859666824341,41681,-6.647704338624418,2.3065686133523955,-13.538730797466037,2.3881281166505293,108526
Liliw,2019,7,0.7986514828925303,0.17859267180640417,-0.18340164422988892,0.9554540514945984,39544,-6.481891008002683,2.3086207609194718,-13.324179403952233,2.2468689604566645,108525
Liliw,2019,8,0.8141149048035973,0.1124369687971915,-0.07440633326768875,0.9253758192062378,43827,-6.36931614555271,2.2927073194249026,-12.990013762215959,2.3443697423770575,108491
Liliw,2019,9,0.5703651166272669,0.13029763233818456,0.17330463230609894,0.8924660682678223,15398,-6.789381262976561,2.3762851881055154,-13.495676494736966,2.328362836670945,108521
Liliw,2019,10,0.7836054461133947,0.17067359202757076,-0.21635884046554565,0.9430105686187744,43191,-6.0500890207620595,2.2210413443521873,-12.652276254313119,2.1667741789906416,108528
Liliw,2019,11,0.7387989005337277,0.14457835065329108,-0.19085311889648438,0.9037739038467407,42955,-6.331710657847682,2.329857400580103,-13.128641431298519,2.3172390440506248,108526
Liliw,2019,12,0.6743216084931211,0.17829084316736657,-0.21864211559295654,0.9233612418174744,43067,-6.739754352376023,2.3212866989877297,-13.523004529626238,2.4294018917589284,108525
Liliw,2020,1,0.7663837342783324,0.15797227965688163,-0.08902480453252792,0.9694041609764099,14625,-6.709286998486125,2.3228040342672087,-13.536110265202517,2.486532091779188,108501
Liliw,2020,2,0.6989441289774276,0.14894223066953627,-0.18370883166790009,0.8902968764305115,43024,-6.774739781770731,2.4450557057246805,-13.618001102740708,2.458116650534562,108523
Liliw,2020,3,0.7599345360399566,0.16066199627040334,-1.0,0.929294764995575,101350,-7.169101144525343,2.4156972319010253,-13.75830550683196,2.413519447610488,108523
Liliw,2020,4,0.6629834524262495,0.17204765514333564,-0.033023737370967865,0.9222003817558289,47657,-7.200163391172423,2.4248696526334768,-13.940197588727724,2.447288510979269,108526
Liliw,2020,5,0.7559981772432652,0.19319453117529,-1.0,0.9433962106704712,74743,-6.6216247390883165,2.474405418182703,-13.29551643817822,2.491919232252811,108518
Liliw,2020,6,0.7467454667265858,0.1649501247582211,-0.5845410823822021,0.9228308200836182,34479,-6.453846525320038,2.2782113070655807,-13.285137133016637,2.33538295928756,108527
Liliw,2020,7,0.7757744514107848,0.11639581374740451,-0.12729576230049133,0.9010809063911438,31434,-6.390504611329082,2.242147452298083,-13.151812095172533,2.2751503159766635,108521
Liliw,2020,8,0.8132214302589946,0.14452630965612742,-1.0,0.9427928924560547,89094,-6.57033078193836,2.3396937341472297,-13.2839894990821,2.284708716985071,108523
Liliw,2020,9,0.6949465650658325,0.14194610159907203,-0.056648124009370804,0.8600807785987854,174,-6.329606271703144,2.285457355596217,-13.028089604331484,2.370256268121275,108505
Liliw,2020,10,0.721191621805373,0.20377170979893192,-1.0,0.933571457862854,67662,-5.637054582813593,2.297676147982944,-12.23615275250274,2.206216788226244,108528
Liliw,2020,11,0.7517308462602513,0.20803336980554768,-1.0,0.9267532229423523,55217,-6.376598267976684,2.441249517792251,-13.07536219888131,2.5449878186973414,108521
Liliw,2020,12,0.7763565092139582,0.1970554757909359,-1.0,0.9478463530540466,57701,-6.525900938735495,2.380278805286459,-13.347851576380387,2.6067171176335973,108520
Liliw,2021,1,,,,,,-6.589275269341002,2.2858989797748763,-13.427086311187248,2.3756228171921174,108525
Liliw,2021,2,0.7562609964077965,0.16744455520227547,-0.09291628003120422,0.9256865978240967,25256,-6.182147087139263,2.5217014581243036,-12.871077313413952,2.4663752439565068,108524
Liliw,2021,3,0.7767969115182063,0.1539713611530232,-0.7560975551605225,0.9212971329689026,89255,-6.729903010724024,2.30661540561839,-13.531907083233829,2.325887609446722,108521
Liliw,2021,4,0.6703243833914867,0.1571320089673286,-0.13210399448871613,0.8634188771247864,40679,-6.7413095964863405,2.2976166095472097,-13.546374079991992,2.3482049304341,108518
Liliw,2021,5,0.6369763245467083,0.18683819436301546,-0.5616045594215393,0.879848837852478,29552,-6.846362903080437,2.492945319138003,-13.869458218182926,2.694645109448739,108494
Liliw,2021,6,0.7635260620140524,0.1620255931327881,-0.16498740017414093,0.9180353879928589,54027,-6.759786502794198,2.477461413894181,-13.736446430096654,2.680429886499267,108499
Liliw,2021,7,,,,,0,-6.370280906190417,2.3103022247647536,-13.094069788393348,2.335026091644022,108521
Liliw,2021,8,0.7218645438161787,0.18982077160388375,-0.2693333327770233,0.8949055671691895,7857,-6.613015709689654,2.40795525971813,-13.382049463322272,2.4727924439953313,108488
Liliw,2021,9,0.7904181855178467,0.15653724802056848,-1.0,0.9294413924217224,27224,-6.6539906145185075,2.4050414611520825,-13.424087070184479,2.4168957408922536,108509
Liliw,2021,10,0.7692986506434382,0.149830635016318,-0.24099722504615784,0.9162675738334656,31571,-6.564493789528015,2.305666306732303,-13.261703259920413,2.4420879530774986,108488
Liliw,2021,11,,,,,,-6.028246751471001,2.4921276634794727,-12.919774342397664,2.544446977454023,108516
Liliw,2021,12,0.8159494144012674,0.17710695482043348,-0.42419078946113586,0.9609325528144836,87609,-6.529523694123741,2.334969373770417,-13.280678314431649,2.645442853305204,108510
Liliw,2022,1,0.7867161559573917,0.17853908363227514,-1.0,0.954163134098053,55925,-6.579371780812951,2.3995229765469617,-13.453359219538077,2.6556223310575766,108481
Liliw,2022,2,0.581696022442463,0.15245007786964437,-0.7564841508865356,0.9110667705535889,34802,-6.4465711060502935,2.284891561293895,-13.10935252372311,2.40730202711838,108505
Liliw,2022,3,0.7825202072100537,0.15908229807730453,-1.0,0.9507459998130798,59350,-6.694770871995164,2.216180583447139,-13.367382472871299,2.3018603484876494,108507
Liliw,2022,4,0.7289670403247229,0.17363544726294214,-0.12123115360736847,0.9095607399940491,42215,-6.4102740614536815,2.264403803201196,-13.084244485613956,2.399839670243921,108490
Liliw,2022,5,0.7052025242983151,0.17607349157652435,-0.15481728315353394,0.9069846272468567,13775,-6.26396696860184,2.2777190182924207,-13.141235520807413,2.402380645966458,108508
Liliw,2022,6,0.784813934644728,0.16544911418960104,-0.2518159747123718,0.9278301000595093,70725,-6.154260369351893,2.5114831986075923,-13.056447137764113,2.7021343790377337,108485
Liliw,2022,7,0.7264078721872835,0.17283116386943564,-0.08154962211847305,0.892923891544342,3908,-6.138032124519923,2.2076080446481368,-12.905011933411188,2.3368344183645893,108521
Liliw,2022,8,0.6961404092677425,0.11447580629312,-0.02366560883820057,0.8450556993484497,8288,-6.195295862835661,2.3062729293296425,-12.808999197536668,2.3381553974731295,108513
Liliw,2022,9,0.6820977436987974,0.14493384723413888,-0.029745476320385933,0.8441597819328308,22138,-6.495833198133375,2.29162860231053,-13.116128940715129,2.370421793017386,108501
Liliw,2022,10,0.806416464809459,0.18023409330807036,-1.0,1.0,77733,-6.128301322811039,2.3429683794382115,-12.766081641205107,2.4660468567862774,108514
Liliw,2022,11,0.6873183924989875,0.15134881538912545,0.08354219049215317,0.880557656288147,14621,-6.267931249565065,2.4768802338063223,-12.936107143806137,2.6800236798304367,108497
Liliw,2022,12,,,,,,-6.67005051679902,2.3373154252222017,-13.330927398061517,2.6835230430279435,108512
Liliw,2023,1,0.7582572957159989,0.16614341831006388,-0.5259875059127808,0.9141660928726196,16370,-6.402036952217754,2.3501230129769026,-13.089876237247832,2.662908141698446,108499
Liliw,2023,2,,,,,,-6.576972378028699,2.2682262356756375,-13.399873457926764,2.4673120618485638,108502
Liliw,2023,3,-0.006232889535580429,0.009082837725506452,-0.030268143862485886,0.03195614367723465,641,-7.02851663385103,2.332489036261525,-13.549265477150211,2.4736114610968407,108503
Liliw,2023,4,0.7164261550442483,0.17118549895196877,-0.43617022037506104,0.9094119668006897,41169,-6.903192305656764,2.289543921862318,-13.50867166310438,2.4780890309190324,108490
Liliw,2023,5,0.7756928128098541,0.18568944103215546,-0.2862595319747925,0.9239798784255981,42683,-6.72316139013984,2.4685921407941045,-13.527332255659664,2.71611828234434,108474
Liliw,2023,6,0.7439600878177591,0.14474011751984817,-0.6157480478286743,0.9050279259681702,23301,-6.444866030230222,2.281628811179345,-13.37100927390754,2.491101792179499,108516
Liliw,2023,7,0.7199679966104899,0.13589901283490396,-0.05672970041632652,0.9110569357872009,24511,-6.430161258954208,2.320873368247128,-13.141800407534971,2.423582369268492,108513
Liliw,2023,8,0.7323931942179981,0.13473416880193714,-0.08552074432373047,0.8806027770042419,34096,-6.380967925119838,2.400247964974796,-12.987945322093609,2.4911102826441707,108495
Liliw,2023,9,0.7717099133180273,0.17620430362978332,-1.0,0.9484902024269104,72255,-6.203985244327409,2.280701454691147,-12.907246217244975,2.3701373234402734,108502
Liliw,2023,10,0.6774760959056049,0.17455225511232525,-0.849686861038208,0.9131506085395813,30022,-6.128430304296019,2.3727031743177234,-12.817878151233717,2.4713630829841056,108498
Liliw,2023,11,0.7589057033716873,0.19115441496394378,-0.29160529375076294,0.9397632479667664,81487,-6.14606007976132,2.443370870482102,-12.855878254043382,2.591510477235498,108496
Liliw,2023,12,0.7943625664844793,0.17587312784819825,-1.0,0.953193187713623,82181,-6.385415363997096,2.5383051667571124,-13.185787047795836,2.805463031911086,108481
Liliw,2024,1,0.547297333276924,0.14620067951727275,0.16001734137535095,0.8776456117630005,11826,-6.427650281755673,2.384364214299101,-13.226651689240285,2.610809975511863,108511
Liliw,2024,2,0.8000452258823733,0.15008459452350748,-1.0,0.9545970559120178,81200,-6.772761037971062,2.2090467820428916,-13.46301579663879,2.3482020488299695,108512
Liliw,2024,3,0.7117993366244972,0.14390604418911151,-0.38787877559661865,0.8982765674591064,59772,-6.947618881372731,2.3167057826210016,-13.426065284724723,2.4681804848343254,108491
Liliw,2024,4,0.7213424457592033,0.194354643192952,-1.0,0.954917311668396,72094,-7.365527981401633,2.5141513280258176,-14.035484387767191,2.7450463629056543,108470
Liliw,2024,5,0.6178084847552314,0.1943466024043377,-1.0,0.9113468527793884,57785,-6.975996291567916,2.2953064348599117,-13.545305675185656,2.5648021220149397,108499
Liliw,2024,6,0.6547127348431695,0.21604792561641134,-1.0,0.9189944267272949,21017,-6.548498304779694,2.2441998456400922,-13.317997691176828,2.505934498493483,108488
Liliw,2024,7,0.47168822586073256,0.09639270164393311,0.20205411314964294,0.8368340730667114,22514,-6.67611300566047,2.46393470466061,-13.494694715359651,2.591027744055197,108482
Liliw,2024,8,0.6506109247041624,0.16138589859532268,-0.9009009003639221,0.8672659397125244,23133,-6.173234734267518,2.282679059415363,-12.749067679589682,2.3976257781928085,108506
Liliw,2024,9,0.784304897013027,0.1691739404060098,-1.0,0.9315734505653381,81868,-6.484079336475652,2.4123630714188393,-13.28938093906707,2.5425798845278007,108479
Liliw,2024,10,0.7606738068064289,0.1786791742031337,-0.06708689779043198,0.9092376232147217,7197,-6.233950876253399,2.204852853828324,-12.627184253024994,2.3761912158586225,108508
Liliw,2024,11,0.7058999428924435,0.17811379262143356,-0.6463223695755005,0.9040840268135071,32611,-6.819916208897624,2.368480770311741,-13.41624428680743,2.6112766259104974,108485
Liliw,2024,12,,,,,,-6.270996015270526,2.397820472907026,-12.917353356574626,2.7028550125696627,108498
Liliw,2025,1,0.3260845417463328,0.06809025099945006,0.2170928418636322,0.5343456268310547,79,-6.220012023917605,2.265120890969524,-12.928810211070198,2.5294614086111356,108497
Liliw,2025,2,,,,,,-6.627287750427475,2.346021497913317,-13.227425862981036,2.566690898672305,108494
Liliw,2025,3,0.7690288574625389,0.17076928809927572,-0.9262472987174988,0.9176838994026184,69099,-6.53331900678503,2.225797561339248,-13.169666701876515,2.329558820513229,108494
Liliw,2025,4,0.7156195578599437,0.1592712949856537,-0.0330788791179657,0.9066929221153259,24632,-7.900667873774082,2.540895453660461,-14.748017966908515,2.551069648579671,108528
Liliw,2025,5,0.7671779617657101,0.19605016795066416,-1.0,0.9492385983467102,77925,-6.785471232015183,2.360250604469717,-13.54693991985777,2.5546855082021183,108486
Liliw,2025,6,0.7457739450004444,0.19882288115913987,-1.0,0.9280377626419067,36383,-6.916873480952937,2.446426198587101,-13.74015080957382,2.4658413913798007,108528
Liliw,2025,7,,,,,,-7.038866500479089,2.4657043237016616,-13.553068434973333,2.4997487985001214,108524
Liliw,2025,8,0.7134631713236027,0.17007569987578242,-0.045359835028648376,0.9105898141860962,13221,-6.51760930135679,2.341422691759759,-13.053141882054952,2.379476849084791,108525
Liliw,2025,9,0.5911894890043285,0.25703381015734633,-0.07298044115304947,0.907611072063446,11218,-6.327250943000387,2.447830570153276,-12.898913212798364,2.302152509396061,108525
Liliw,2025,10,0.3384357009032004,0.03995434204513971,0.2439281940460205,0.437336802482605,73,-6.444082630026626,2.309001652168216,-13.074565293317217,2.3891354129288023,108524
Liliw,2025,11,0.7607180040385222,0.1583584414384318,-1.0,0.9188007712364197,49157,-6.678679391980717,2.461380290969403,-13.389351357836288,2.4299874345094135,108524
Los Baños,2018,1,0.6942530388493814,0.2122618627402827,-0.4854070544242859,0.9256359934806824,68174,-6.118357576855186,2.738424694651493,-12.360473245661515,2.7717692085882155,140071
Los Baños,2018,2,0.7145210182541998,0.20640452507617127,-0.3566841781139374,0.9145150780677795,50258,-6.240457693333399,2.778734469569732,-12.79285842485971,2.657407670471528,140082
Los Baños,2018,3,0.6417552823000133,0.22226726123901197,-0.3701431453227997,0.9169836044311523,33294,-6.432902485861232,2.6574178271300464,-13.103597409757326,2.597140669718034,140077
Los Baños,2018,4,0.5510587384103217,0.24935706164858618,-0.7277227640151978,0.9313536286354065,34379,-6.635491973911711,2.641481482900528,-13.112215865843778,2.5419884103699624,140078
Los Baños,2018,5,0.746498566516405,0.13278924044898371,-0.1513289362192154,0.870328962802887,4371,-6.47727725124645,2.818851573551974,-12.569962844131696,2.8809412473729057,140044
Los Baños,2018,6,0.5923644436568802,0.22317413569054376,-0.5335397124290466,0.8948101997375488,27432,-6.456167354547118,2.8291644401248286,-13.007027196497724,2.685520960268322,140074
Los Baños,2018,7,,,,,,-5.846748270595081,2.694531976923474,-12.366106332871594,2.7579028765534614,140011
Los Baños,2018,8,0.5839151351361443,0.18905397598381515,-0.39579349756240845,0.8571851849555969,895,-6.607120658503173,2.5586643639139317,-13.171149547798205,2.636002016873834,140043
Los Baños,2018,9,0.6164883499812204,0.205294894975034,-0.3653770983219147,0.8781173825263977,64434,-6.438883751967727,2.732973137399384,-12.954127752369896,2.682148947322006,140054
Los Baños,2018,10,0.8359429949624313,0.14132157892781647,-0.3101503849029541,0.9278011918067932,65739,-6.656875501205657,2.743035402283397,-13.26237116153789,2.68369981135093,140040
Los Baños,2018,11,0.6311502345679461,0.24990434001281422,-0.6214689016342163,0.9809737205505371,49100,-6.530605537220694,2.7057840567980453,-13.250142508825006,2.6733307266646547,140053
Los Baños,2018,12,0.6557153482906404,0.18704475818176353,-0.2926315665245056,0.9202704429626465,30998,-5.804904819749981,2.732641528739991,-12.550203495395381,2.699631330652158,140041
Los Baños,2019,1,0.5553720709327975,0.25969309703594,-0.3584313690662384,0.9190332293510437,15086,-6.55080453062523,2.7106291947275514,-13.350343564993596,2.7306847162919143,140027
Los Baños,2019,2,0.760297549250894,0.1394570091535158,-0.33997344970703125,0.9145739674568176,28983,-6.794106062024267,2.8129784899788937,-13.52578876969914,2.875084689675852,140015
Los Baños,2019,3,0.5571987727944706,0.2661909376664276,-1.0,0.9458483457565308,34348,-6.917830151857462,2.864424874239518,-13.440331129827971,2.8683022089072674,140016
Los Baños,2019,4,0.674854371530467,0.21367831838871582,-0.3472803235054016,0.9279778599739075,114584,-7.075941291900332,2.8299653522000843,-13.442793231950386,2.8625470805160504,140025
Los Baños,2019,5,0.7762008669422824,0.20848402281638415,-0.473053902387619,0.9617245197296143,74764,-6.739721928693774,2.8375662260763233,-13.253478948719984,2.7642626033749864,140038
Los Baños,2019,6,0.7147692611662629,0.23705215335549448,-1.0,0.9761958122253418,91242,-6.354013862862409,2.6267345020108284,-13.12383856622737,2.5216885039529657,140056
Los Baños,2019,7,0.8109448725349898,0.21918976880712654,-1.0,0.9809750318527222,82093,-6.039686974630577,2.6619335640746233,-12.726231117839657,2.5572070518978247,140061
Los Baños,2019,8,0.7861077872061228,0.13096524594150058,-0.1619461476802826,0.9235668778419495,46000,-6.01286122019063,2.7023095435250046,-12.709460322653,2.8494339650431804,139950
Los Baños,2019,9,0.5037597889146895,0.11155084985496144,0.2565104067325592,0.8094302415847778,1209,-6.548655616472365,2.7092610970275746,-13.256923811587521,2.689471125672419,140043
Los Baños,2019,10,0.7382760371125436,0.22933289130342036,-0.5836065411567688,0.9479553699493408,74315,-5.859514349540758,2.6406392010771964,-12.453674732512642,2.4753441171870945,140054
Los Baños,2019,11,0.6294206782834589,0.20093635421574146,-0.38087520003318787,0.8985049724578857,58626,-5.98639548717427,2.5989748371609758,-12.745855404349944,2.4872219802496245,140063
Los Baños,2019,12,0.42178698319823,0.2066789821455605,-0.5540616512298584,0.9200000166893005,12268,-6.483578310591654,2.6809051932638477,-13.17731751350919,2.6305890682399373,140045
Los Baños,2020,1,0.735273054255891,0.2143779806167887,-0.7333333492279053,0.9446670413017273,106328,-6.4829578891381585,2.694659898848823,-13.1825592324874,2.7401951291629922,139964
Los Baños,2020,2,0.6923762570626939,0.18991243421241094,-0.19452054798603058,0.905063271522522,35332,-6.690425482016776,2.7413309673555344,-13.43398252791,2.77338261206455,140010
Los Baños,2020,3,0.66966109721314,0.23172641271056846,-0.7416141033172607,0.9476616382598877,93054,-6.714678387378408,2.7160898678858953,-13.242015609660248,2.7023876596255616,140049
Los Baños,2020,4,0.6703563482466871,0.20095286651831556,-0.3734590411186218,0.9168447256088257,57714,-6.881762061905572,2.7604810609465593,-13.483858133065965,2.692772579565078,140054
Los Baños,2020,5,0.6800851353440245,0.22997385884091262,-0.4137931168079376,0.9347244501113892,70715,-6.098243639821987,2.7383770609064015,-12.481602533199062,2.5828207038973483,140069
Los Baños,2020,6,0.7673084971791034,0.21279975040331078,-0.31899312138557434,0.9672350287437439,86580,-6.534296127327686,2.618778635813404,-13.216015917378456,2.5834020660978876,140048
Los Baños,2020,7,0.5786211049535733,0.21891837263393935,-0.3796159625053406,0.871399462223053,16282,-6.0998163300173,2.620076704933435,-12.840435035104163,2.813677316383852,139909
Los Baños,2020,8,0.7785042048110248,0.20305026247826913,-0.5227272510528564,0.9520531892776489,117335,-6.356485800225719,2.602130889644285,-13.07535402154614,2.567403714431545,140039
Los Baños,2020,9,0.5963656385863636,0.20962449088615961,-0.2794361412525177,0.8701117038726807,46544,-6.108325241695963,2.689158368454083,-12.753175408904303,2.8168714685493117,139928
Los Baños,2020,10,0.6218315022182797,0.24419398739657522,-0.6539399027824402,0.9332790970802307,55259,-5.489501821373549,2.6001745151853823,-12.004797136943617,2.448567012725721,140074
Los Baños,2020,11,0.5885447083412156,0.29725937320952794,-0.6760082244873047,0.9311087131500244,27218,-6.235558540269558,2.626805280009914,-12.82646769671464,2.6772137674712218,140041
Los Baños,2020,12,0.7172621100771832,0.2379658588294151,-0.609375,0.9434746503829956,51025,-6.26717120636024,2.7166600777361496,-12.952962011799357,2.7023667731067507,140062
Los Baños,2021,1,-0.01575110358230415,0.018256747818162705,-0.06479626148939133,0.020649472251534462,42,-6.362331261585842,2.602106042248745,-13.09044271961279,2.652633406100991,140055
Los Baños,2021,2,0.7111732260601863,0.24462120715639765,-0.7338709831237793,0.9464831948280334,85473,-5.874584420581495,2.8871761168118515,-12.530215738099724,2.707422572801252,140055
Los Baños,2021,3,0.6727801629692558,0.2158571158441133,-0.3392963707447052,0.9148291349411011,80295,-6.439844089343473,2.6388735257187794,-13.197473798392254,2.6918957471729748,139912
Los Baños,2021,4,0.6633837073128468,0.20337150061925507,-0.23692992329597473,0.8696525692939758,18725,-6.423378036733621,2.615260807250015,-13.13876699912906,2.645482045542496,139968
Los Baños,2021,5,0.7466352384995987,0.21076474727122063,-0.33085501194000244,0.943337619304657,100142,-6.508849750015602,2.789442218566066,-13.342608919554548,2.7750226711391455,139978
Los Baños,2021,6,0.7053640827195187,0.17037582310639968,-0.10472972691059113,0.8872110843658447,19296,-6.442593497902385,2.7741908984834462,-13.256701433318538,2.844804874820448,139955
Los Baños,2021,7,-0.05266842257742153,0.019709507875118243,-0.1613883376121521,0.09765270352363586,4265,-6.186029501946005,2.5757006649090863,-12.723881095323405,2.6417357202676297,140007
Los Baños,2021,8,0.5691811115828586,0.20411913051213512,-0.30249109864234924,0.861748218536377,29372,-6.19738272303718,2.818548041740849,-13.076480301032403,3.0264452171389085,139742
Los Baños,2021,9,0.704256032640624,0.23524546896134071,-0.6351791620254517,0.9534883499145508,69603,-6.438180753603953,2.782363925265185,-13.191851165376622,2.7579031957171387,139954
Los Baños,2021,10,0.48629123203861163,0.28739874784557257,-0.769911527633667,0.9450171589851379,2751,-6.286823378349632,2.750375051079548,-13.075301748424371,3.0173544607162746,139678
Los Baños,2021,11,0.44283318617159395,0.22894438529623934,-0.22428330779075623,0.7898305058479309,231,-6.021091889517048,2.7712639483834236,-12.931794676069748,2.7369363095805896,139955
Los Baños,2021,12,0.7242624056168746,0.25922906298605325,-1.0,1.0,80944,-6.051759225560474,2.683230046781977,-12.88048936725284,2.916745337163459,139801
Los Baños,2022,1,0.5222112783262522,0.1844014953004893,-0.35187166929244995,0.8295503258705139,5530,-6.231795192544272,2.854440949423775,-13.055402741851212,3.1109931176081584,139738
Los Baños,2022,2,0.534719431038949,0.20363504484005626,-0.34179893136024475,0.9149380922317505,39908,-5.990357668065602,2.6787029243880767,-12.647917094947147,2.9027850210817037,139880
Los Baños,2022,3,0.7121877473167272,0.23350112062878706,-0.7931034564971924,0.9437915086746216,33795,-6.3755964883855905,2.665207633781499,-13.001900298387985,2.8701281197534905,139833
Los Baños,2022,4,0.6113974740840348,0.18502557553504326,-0.22445081174373627,0.8868424296379089,15830,-5.9450503705580475,2.6888889334227906,-12.67604473525383,2.898081142727912,139754
Los Baños,2022,5,0.7615405333263414,0.2201053194752735,-0.5192307829856873,0.9486987590789795,101871,-5.977321180236998,2.6575555805704916,-12.926066471064358,2.8248053237443633,139856
Los Baños,2022,6,0.5258623904664006,0.25716884933457235,-0.4165366590023041,0.9101654887199402,19467,-5.818400372941331,2.8051745829202823,-12.683121725633683,3.013263778246021,139816
Los Baños,2022,7,0.7400753468480759,0.20093300524689522,-0.4019801914691925,0.9261528253555298,76754,-5.624175679683382,2.61108510308552,-12.302940497131237,2.7391257687096693,139883
Los Baños,2022,8,0.7124037533458335,0.12667893436766142,-0.18453039228916168,0.8433969616889954,19523,-6.118799295684101,2.696366786180072,-12.846914478681256,2.9036516682513827,139812
Los Baños,2022,9,0.6559022647971734,0.211692200327718,-0.1241217777132988,0.9044973254203796,21255,-6.05111140601877,2.684239780547042,-12.713889848198477,2.8676699845358806,139787
Los Baños,2022,10,0.6507528225074042,0.2585942902730413,-0.41511499881744385,0.9423806071281433,22490,-5.709500391719563,2.764080080215867,-12.371981297858692,2.978152141576462,139842
Los Baños,2022,11,0.30594685907611446,0.2025043273317011,-0.06796116381883621,0.6898616552352905,480,-5.545623084726643,2.688275670733651,-12.167600414388078,2.853346319126912,139805
Los Baños,2022,12,0.7316649370935743,0.19219936461382978,-0.35273241996765137,0.922463595867157,25034,-6.3105347015871756,2.669345416260498,-13.011446509451785,2.9383180587746436,139836
Los Baños,2023,1,0.7716803605449397,0.17874525237245564,-0.36714211106300354,0.9427381753921509,46957,-6.36540621738497,2.814246638547409,-12.985164444227424,3.100784532577627,139800
Los Baños,2023,2,0.5139959222283464,0.21486824777758157,-0.3313468396663666,0.8720217943191528,10867,-6.1864746121040755,2.7905806921787684,-12.85574810015378,2.9841231064291196,139870
Los Baños,2023,3,0.11539083879963473,0.1320821786985309,-0.13867120444774628,0.5989058017730713,328,-6.562054114514979,2.785134334804064,-13.008209316777231,3.036692571808767,139775
Los Baños,2023,4,0.6817268500413141,0.21388131507893626,-0.30560579895973206,0.910361111164093,64388,-6.358709350321578,2.7230602670554243,-12.939251708901532,2.993762194330898,139731
Los Baños,2023,5,0.6679820599794062,0.22276179274758628,-0.5260323286056519,0.9177810549736023,86819,-6.273176862443254,2.8169618846608016,-12.943434557747912,3.0852405757802046,139663
Los Baños,2023,6,0.6677829147254073,0.24292320790809,-0.5512528419494629,1.0,71690,-6.078593995822917,2.7372265528341564,-12.928105730941395,2.892651825836606,139796
Los Baños,2023,7,,,,,0,-5.9138353614027475,2.747055002187476,-12.648521457674624,2.9348158280664696,139778
Los Baños,2023,8,0.6645811886313728,0.22225473424124398,-0.25518572330474854,0.9123091697692871,61651,-5.861177258060757,2.8049922084065444,-12.525606964734179,3.002941990417272,139754
Los Baños,2023,9,0.7859916403522457,0.23941475795751338,-1.0,1.0,128771,-5.72682505592655,2.7151209498494455,-12.5200759590909,2.8916421339662275,139832
Los Baños,2023,10,0.6142524788217193,0.24709037400820424,-0.3664122223854065,0.9359012246131897,36415,-5.566295942349001,2.7828599335846778,-12.367247071049162,2.966907810699963,139862
Los Baños,2023,11,0.6052792691190148,0.22418499850363174,-0.46702924370765686,0.9283140301704407,33543,-5.7715308225756345,2.814076737471759,-12.415632651185852,2.9402601475544023,139966
Los Baños,2023,12,0.7233061076093624,0.20567360667612533,-0.44349679350852966,0.9355559945106506,57234,-5.785489053367513,2.7912014180521747,-12.595795872046528,3.024779290422933,139773
Los Baños,2024,1,0.7770223707850868,0.16152694194697492,-0.2670050859451294,0.9168187975883484,28920,-6.264429881023067,2.8096889207949154,-12.917013536075327,2.9891306772446953,139966
Los Baños,2024,2,0.7101832942806489,0.23212905373631043,-0.5709969997406006,0.9501100778579712,92142,-6.230778203235468,2.6583280702826397,-12.918724752995132,2.899014838826643,139793
Los Baños,2024,3,0.629612341104713,0.2326967147579588,-0.31561821699142456,0.9381868243217468,37786,-6.496734703005246,2.7635050632866576,-12.783548499816636,2.8765009614959265,140030
Los Baños,2024,4,0.6134831030515604,0.2535408711061269,-1.0,1.0,68567,-6.677095364439539,2.877160109114435,-13.223522724652883,3.1649950489233456,139740
Los Baños,2024,5,0.4474406573865153,0.205776575289914,-0.4036809802055359,0.8743152022361755,14329,-6.54189450029431,2.8034308447979033,-12.901766981792127,2.9423952640846993,140032
Los Baños,2024,6,0.6993898938027967,0.18604581778029658,-0.020140515640378,0.9248611330986023,24936,-5.956852284405839,2.7135603301240723,-12.502883479287185,2.747663143383286,140036
Los Baños,2024,7,0.4598409158288778,0.13230241947238355,-0.24982278048992157,0.7992088794708252,47099,-6.394186575411755,2.7811488370141197,-13.009896122181178,2.8627104766927136,139883
Los Baños,2024,8,0.4664905914349925,0.17649121833469186,-0.217342346906662,0.8486055731773376,5005,-5.630339291596681,2.708074890614233,-11.984574690263827,2.7700743232190064,140037
Los Baños,2024,9,0.7474236944813043,0.1910271407164446,-0.7647058963775635,0.9275879859924316,48781,-6.098138088463394,2.8373863935899837,-12.857641629920082,3.0292013625337697,139878
Los Baños,2024,10,0.7394091500351736,0.25364444599288394,-1.0,0.9507462978363037,68712,-6.13959470193258,2.6968312602500264,-12.309582970821767,2.849299216562212,139934
Los Baños,2024,11,0.66817521899378,0.19355868992158426,-0.24551422894001007,0.8804780840873718,14504,-6.31405670512104,2.832764940176759,-12.864714467321894,3.072900413333081,139770
Los Baños,2024,12,-0.026045090724649125,0.012931094366697283,-0.05333484336733818,-0.002543378621339798,43,-5.491526563244426,2.756164729283037,-12.05581943173462,2.8409267536994562,140029
Los Baños,2025,1,0.6051181552897493,0.2459986169859605,-0.6014981269836426,0.9389830231666565,43695,-5.720432036543747,2.7254788668276966,-12.453436995265418,2.9498886568933185,139816
Los Baños,2025,2,0.6265690832225602,0.24607581765348824,-0.44629013538360596,0.9231805801391602,18275,-6.1786395463267,2.816326773870511,-12.724996529232744,2.987265049561034,140008
Los Baños,2025,3,0.7272826537904714,0.2232809427872594,-0.4053497910499573,0.9315188527107239,105033,-6.038065673562088,2.6546955651932334,-12.756909720930548,2.8769443422295886,139889
Los Baños,2025,4,0.7082937106010917,0.2094233716559768,-0.20906487107276917,0.9343016743659973,72957,-7.289840373333132,2.8231930421587146,-14.052679627098083,2.7462231575731666,140057
Los Baños,2025,5,0.5225668038500304,0.2702011188198677,-0.33154362440109253,0.9110751748085022,5190,-6.265967556568039,2.803868783608653,-12.914640215339196,2.9190576789953,140013
Los Baños,2025,6,0.7226531719811077,0.22937462977846226,-0.20857378840446472,0.9311769008636475,8862,-6.077514875490717,2.75223119023343,-12.748180749419289,2.5657385366272742,140074
Los Baños,2025,7,,,,,,-6.569684798305126,2.7758316316951746,-13.039129250702263,2.739483189499329,140056
Los Baños,2025,8,0.6341304566879215,0.2346639929544018,-0.4888369143009186,0.9229620695114136,23595,-5.950307981621891,2.8715077897682795,-12.679439152253375,2.8348457870293564,140062
Los Baños,2025,9,0.6871094496956763,0.24743820372508535,-0.5462185144424438,0.9311797618865967,75688,-5.974569879106195,2.8475608922198496,-12.509038459617207,2.619218672913993,140081
Los Baños,2025,10,,,,,0,-6.00007622370564,2.829135445673466,-12.780323593416533,2.8934315476801786,140032
Los Baños,2025,11,0.7005772797164337,0.20812923921308737,-0.5195467472076416,0.9244980216026306,27522,-6.3664549644393675,2.754941415041467,-12.979179025260352,2.648556648856645,140074
Luisiana,2018,1,0.6822235066638577,0.1623249756933994,-0.10933997482061386,0.8928496837615967,29149,-6.19429432688085,2.242309295622188,-12.872231731996672,2.3052714936030325,188870
Luisiana,2018,2,0.8283873484460548,0.08937691695715862,-0.014101778157055378,0.9392701983451843,67547,-6.369834245506992,2.2467050061420237,-13.032258335623164,2.2274050208383414,188860
Luisiana,2018,3,0.8071566195083463,0.10903250702507244,-0.010116731747984886,0.9324787855148315,52899,-6.1340710205108095,2.145950708751646,-12.868579559173872,2.1002965838132774,188861
Luisiana,2018,4,0.7985410888717958,0.13553676116564004,-0.2993420958518982,0.9532821774482727,133669,-6.811468443316081,2.092770700806168,-13.497005712205299,2.0248422063206992,188862
Luisiana,2018,5,0.7661914464733198,0.12798665048189994,-0.1956009417772293,0.9290780425071716,102667,-6.682751074880635,2.2881180893792434,-13.06279323572448,2.3077393438703973,188866
Luisiana,2018,6,0.7907223493671367,0.11587936354779481,-0.055381398648023605,0.9263228178024292,60871,-6.772111091055395,2.349929144829848,-13.468386001283408,2.3128829578237386,188857
Luisiana,2018,7,,,,,,-6.247745869462929,2.120500689003564,-13.076749717166932,2.1661624407961044,188869
Luisiana,2018,8,0.6228298098257529,0.1614762135697092,-0.1527625173330307,0.9023284316062927,28093,-6.862876744678921,2.0770033097736422,-13.616739126946426,2.1430558582181654,188850
Luisiana,2018,9,0.7711028736996607,0.10125471922856304,-0.11492948979139328,0.892503023147583,106689,-6.744247412056219,2.202505907195494,-13.441558027944145,2.2407913820079313,188859
Luisiana,2018,10,0.7359681180185825,0.15799726990420151,-0.18839244544506073,0.9160058498382568,45816,-6.61407653650763,2.248086212885097,-13.383478547200536,2.247154233621894,188856
Luisiana,2018,11,0.8253675745848142,0.1412471758196033,-0.18585911393165588,0.9502052068710327,62989,-6.491208610484418,2.327559986557955,-13.289242681998441,2.3272751711785054,188853
Luisiana,2018,12,0.672155733216674,0.1751326122067665,-0.19257837533950806,0.9301712512969971,84199,-6.174042418245352,2.4723156173207723,-12.956295437512235,2.4768607294261975,188840
Luisiana,2019,1,0.7823506537697872,0.1479665611493186,0.11082307249307632,0.946183443069458,25816,-6.6518999888476875,2.2437524101888733,-13.611829605870968,2.3451514129160707,188858
Luisiana,2019,2,0.8004984586870856,0.10498037839398768,0.029996629804372787,0.9270814657211304,51220,-7.046069087009808,2.321527487798289,-13.97609818385414,2.4355454419741487,188840
Luisiana,2019,3,0.7643637018997403,0.1282986998394932,-0.0396503284573555,0.9356251358985901,34852,-7.2908284822889255,2.3600603214751597,-13.954023783216885,2.372436667886786,188841
Luisiana,2019,4,0.78165409322177,0.12995267786273387,-0.19144532084465027,0.9419806599617004,140868,-7.376307209809148,2.3807952205597345,-13.912562408540932,2.3924489988985584,188849
Luisiana,2019,5,0.7687980028823214,0.12382875802679265,0.0849384292960167,0.9096125960350037,59028,-7.1074478862558434,2.357216015987759,-13.795517221061058,2.363412892837526,188851
Luisiana,2019,6,0.8324689023811271,0.13012961655911576,-0.5969868302345276,0.9753086566925049,82365,-6.995215211364397,2.1474794107862194,-13.826807021537906,2.1244063606988983,188851
Luisiana,2019,7,0.8121174017245132,0.13316120029283007,-0.23529411852359772,0.9452725052833557,67834,-6.509244994302113,2.1150038074431596,-13.327619756030643,2.1176262147923532,188852
Luisiana,2019,8,0.8135406025254646,0.11758481700894784,-0.14788731932640076,0.9443092942237854,103640,-6.378707302714108,2.196806838058381,-13.237358005518407,2.2471699025451937,188868
Luisiana,2019,9,,,,,0,-6.7964624953918555,2.22033263765336,-13.660393281227188,2.2623500044148,188857
Luisiana,2019,10,0.7967696340724681,0.13316830100513238,-0.0633074939250946,0.9292641282081604,33190,-6.224217125516929,2.1705369526238245,-12.871169776201361,2.154889360398488,188857
Luisiana,2019,11,0.743786882758291,0.14393409799386586,-0.046552326530218124,0.8996167182922363,61463,-6.426968175333901,2.270607215667076,-13.273282523860138,2.2510204575594903,188853
Luisiana,2019,12,-0.02326850278333631,0.021181418376812665,-0.07958228141069412,0.0461278036236763,97,-6.834030396064959,2.3110282507336133,-13.59363544066441,2.36386814712526,188857
Luisiana,2020,1,0.8317420909357397,0.11753772824036725,-0.6217948794364929,0.9551842212677002,103187,-6.7351241124732155,2.221194294681317,-13.568374102956252,2.4259541694151507,188825
Luisiana,2020,2,0.68282764427315,0.1363444736068528,-0.0009472686797380447,0.8893041610717773,60993,-6.686483579009784,2.3340980120538535,-13.714110975632181,2.3911089104116923,188845
Luisiana,2020,3,0.8195566448486294,0.11421521477889757,-0.27731093764305115,0.9396770000457764,145762,-7.026879804667786,2.238069186965046,-13.740994283426067,2.2334312200101323,188855
Luisiana,2020,4,0.7790617683517855,0.11973062801322848,-0.17796111106872559,0.9395427107810974,66247,-7.040097284241887,2.2521559371705444,-13.87490009094873,2.237552975123524,188855
Luisiana,2020,5,0.8202207665744692,0.11595274121013867,-0.22887979447841644,0.9561222791671753,94537,-6.5449376541970175,2.234379570333132,-13.132796576829769,2.248320996085747,188851
Luisiana,2020,6,0.8180547015823734,0.12592984488847353,-0.3027026951313019,0.9302178025245667,129288,-6.745859544903974,2.1859890466925562,-13.550848347001795,2.216629248246627,188851
Luisiana,2020,7,0.8250090916445301,0.060459579713908994,0.37885943055152893,0.8832659721374512,1099,-6.370302930438732,2.1021535356455376,-13.168214844779104,2.1454874493632325,188868
Luisiana,2020,8,0.8474976589714528,0.09538037394622322,-0.08887840062379837,0.9393369555473328,70988,-6.332230798033533,2.112205365154352,-13.07792857731432,2.1342757991238335,188853
Luisiana,2020,9,0.21045931847766042,0.07110086295754783,0.06020503118634224,0.3030996322631836,8,-6.413662769421729,2.2069665164718093,-13.298440660447184,2.274063484085907,188867
Luisiana,2020,10,0.772672160522303,0.14994172045546023,-0.3036065697669983,0.9207760691642761,102963,-5.88134724543303,2.204159020292593,-12.454309048817398,2.174832316339644,188854
Luisiana,2020,11,0.8223589948253124,0.12560842380902465,-0.2568739056587219,0.9410620927810669,42722,-6.561857727076113,2.371338517697122,-13.105182409483067,2.407800604014672,188847
Luisiana,2020,12,0.804270100138723,0.14349270227083716,-0.27107521891593933,0.9418951869010925,98661,-6.612055372900254,2.3416989527189904,-13.292149445402648,2.4260719382185982,188847
Luisiana,2021,1,,,,,,-6.607299493878851,2.1654846651950286,-13.449213074378449,2.2798220948597465,188857
Luisiana,2021,2,0.7980866856407974,0.1377822247041092,-0.18867924809455872,0.953260600566864,108640,-6.088146112246364,2.354476559235101,-12.802087742567657,2.3956622732610553,188854
Luisiana,2021,3,0.5750541614955033,0.15199985894513018,0.242562934756279,0.9125607013702393,103622,-6.703528211892431,2.1197361325956234,-13.575046498905149,2.1878258197066263,188834
Luisiana,2021,4,0.644620749730803,0.1239354374692379,-0.1823248416185379,0.8243088722229004,12966,-6.619549572778723,2.1107015768720223,-13.458603131005745,2.1461212851824283,188845
Luisiana,2021,5,0.7910223665446561,0.10261627081517291,-0.01595405302941799,0.913284957408905,97212,-6.693577320938519,2.2471419456585444,-13.721530241588944,2.280885120513662,188838
Luisiana,2021,6,0.804741624962044,0.12399991027398527,-0.2520802617073059,0.9233987927436829,158945,-6.7861041764660435,2.329221307775781,-13.661610664936354,2.4046136143307706,188832
Luisiana,2021,7,0.8107595345300227,0.0994708194358864,-0.15549597144126892,0.9173553586006165,40124,-6.429040358941734,2.114319573289334,-13.213236907355478,2.211498171637521,188847
Luisiana,2021,8,0.8074998573010874,0.08596204685451292,0.012317085638642311,0.9098753333091736,28058,-6.432744836180289,2.2964886373871254,-13.419446200726048,2.3284761119098705,188867
Luisiana,2021,9,0.8299281543880994,0.12042113504784122,-0.24202045798301697,0.9301913976669312,118023,-6.651960648499618,2.2633469400882813,-13.53235786042865,2.3153488741415913,188830
Luisiana,2021,10,0.8161582945169927,0.12259204395622746,-0.1477627456188202,0.9271623492240906,88147,-6.632351831206557,2.325355930023163,-13.435327554914387,2.3742148967243253,188864
Luisiana,2021,11,,,,,,-6.193513749058824,2.416175490396583,-12.997321256656162,2.4380799442951546,188820
Luisiana,2021,12,0.822727127148643,0.14918801037251217,-0.14076782763004303,0.9631820917129517,68109,-6.575970361415318,2.370147513754645,-13.308437077623875,2.4414993092087283,188868
Luisiana,2022,1,0.798416914847605,0.15210125597394245,-0.3996569514274597,0.9587491750717163,104528,-6.534439341517421,2.391657961428861,-13.318953666836217,2.5213632737212768,188862
Luisiana,2022,2,0.5050731800056055,0.1445394500888729,0.2773359715938568,0.8266384601593018,389,-6.389634909173891,2.188497580538503,-13.209912616558004,2.280467425916025,188867
Luisiana,2022,3,0.756942058911354,0.18879045798045307,-0.054715510457754135,0.9457976222038269,21374,-6.24405232160858,2.093885318806362,-13.119319955318534,2.0938045790670583,188869
Luisiana,2022,4,0.7716010261192047,0.13351209890874013,-0.13812339305877686,0.9064416885375977,53040,-6.234263894352831,2.2000835009163096,-12.994999101974544,2.2364490744865866,188869
Luisiana,2022,5,0.805677328575728,0.13675526437703617,-0.3783714473247528,0.9364475011825562,113061,-6.085612115247143,2.0783078366594663,-13.046259661760867,2.0964661464869647,188870
Luisiana,2022,6,0.7998469311910359,0.1327669291876188,-0.09411413222551346,0.9336714744567871,73471,-6.048250779975,2.353619248092748,-12.950738385215066,2.373420763344997,188868
Luisiana,2022,7,0.7660329028953008,0.12597422794556304,-0.06862356513738632,0.9044852256774902,47165,-5.942378107068836,2.1105614146610634,-12.749795155427861,2.114768133488847,188870
Luisiana,2022,8,0.7666321828094746,0.10196813026557995,0.010696733370423317,0.8974273800849915,88499,-6.213541064656545,2.2051968677734,-12.98859812881621,2.2280539625053306,188866
Luisiana,2022,9,0.732446356926693,0.10175900884532017,0.036882393062114716,0.8697627186775208,66538,-6.463573014572773,2.2138145546220995,-13.275321691560684,2.262505437638492,188869
Luisiana,2022,10,0.8533140947134977,0.12550580091738495,-0.20841121673583984,0.9719142913818359,101778,-6.268685189600657,2.360101556824203,-12.908458604897868,2.396234277592769,188866
Luisiana,2022,11,0.564384722164443,0.22701504725535304,-0.12909090518951416,0.8419361710548401,5631,-6.1504890345679,2.350116911712721,-12.909206064983456,2.3898213223984737,188868
Luisiana,2022,12,,,,,,-6.708499851105358,2.296044990711595,-13.397916606908934,2.3918474903420517,188865
Luisiana,2023,1,0.7258451630906573,0.1775928795574934,-0.09441489726305008,0.9246640205383301,31804,-6.414134581834699,2.3799059827396385,-13.14342981443677,2.5090971639536774,188865
Luisiana,2023,2,,,,,,-6.376262659296592,2.2170977177399775,-13.343667077592984,2.3158940624540647,188870
Luisiana,2023,3,0.6143226002134531,0.127223039154832,0.1103798970580101,0.8883021473884583,92422,-6.407082873887399,2.1969830550019664,-13.125675936407498,2.2236441889697356,188869
Luisiana,2023,4,0.7815398500735056,0.10281215968995784,-0.04810495674610138,0.9083232879638672,62591,-6.590408975240806,2.2061573592628827,-13.381116712165545,2.260751306847811,188863
Luisiana,2023,5,0.7961049065615825,0.1370016977649725,-0.09803921729326248,0.9462164044380188,93757,-6.628491797506294,2.31661843866671,-13.4741224668817,2.367108924438441,188862
Luisiana,2023,6,0.8264264130642771,0.11606104686531976,-0.15814171731472015,0.9391987323760986,85919,-6.0537635394079485,2.1209551339236667,-13.109224883217514,2.1207152043489153,188870
Luisiana,2023,7,0.7758740217633308,0.10994868322923658,-0.06148222088813782,0.9155524373054504,109368,-6.245342677233313,2.2202326879330436,-13.111438385163462,2.2394585773830995,188869
Luisiana,2023,8,0.7572560261595573,0.10317672275079547,0.03532548248767853,0.8805369138717651,68959,-6.296269341358314,2.3281482646102907,-13.048875683373184,2.363264994677049,188869
Luisiana,2023,9,0.8344036098926181,0.12723055285411514,-1.0,0.9689366817474365,149787,-6.2626977230100636,2.2202960760101065,-13.175327228290103,2.230971831700321,188866
Luisiana,2023,10,0.7038205146635413,0.15954814010796176,-0.04152381047606468,0.9039487838745117,23822,-6.191046989783107,2.3407781416122506,-13.019301251841272,2.3732736456855794,188864
Luisiana,2023,11,0.702244116872323,0.13909146286552726,-0.11711711436510086,0.8977909684181213,17070,-6.194775831957659,2.414036524651153,-12.93659418725315,2.4454500665887244,188863
Luisiana,2023,12,0.8186542360024953,0.1401047195240676,-0.2800423502922058,0.9428845643997192,139496,-6.369200056895769,2.437106381356129,-13.17988013151185,2.4788636165964375,188863
Luisiana,2024,1,0.5599811571188793,0.21372329895619735,-0.03651019558310509,0.8744630813598633,7319,-6.40022184280779,2.3815687879611294,-13.229785783722857,2.486816987793607,188866
Luisiana,2024,2,0.8428659390775606,0.1005036312592812,-0.3007945418357849,0.9415376782417297,119832,-6.449773883259635,2.092194105046203,-13.311107481154359,2.143748425865077,188867
Luisiana,2024,3,0.6936209235135107,0.13787377099778114,-0.004981319885700941,0.8939288258552551,56136,-6.565238417834499,2.194592450018041,-13.218759844756864,2.2622960705550037,188866
Luisiana,2024,4,0.8145912104927909,0.1356899442709998,-0.9057239294052124,0.9690844416618347,116413,-6.561399955984788,2.331874532199971,-13.30746130728874,2.365227995307902,188864
Luisiana,2024,5,0.7775082641347795,0.1279356349816715,-0.11787565052509308,0.9408017992973328,101598,-6.568425132238674,2.22688400426644,-13.164516416680698,2.2612302036811864,188867
Luisiana,2024,6,0.7872287537400533,0.1206019171044025,-0.07696554064750671,0.9251047968864441,42160,-6.104133524425462,2.105534488291576,-12.920502040238276,2.152890830258953,188868
Luisiana,2024,7,0.5463200090616431,0.11790455996505035,-0.012398460879921913,0.8918157815933228,70002,-6.568151183839353,2.3263440137488667,-13.305543599994973,2.4413536054944087,188799
Luisiana,2024,8,0.7145603387868482,0.12039701540598567,0.0014044943964108825,0.8836330771446228,30176,-6.008224891532729,2.2170311983836046,-12.756144091713638,2.251344217218787,188869
Luisiana,2024,9,0.8206940889146377,0.10174747105888912,0.18390804529190063,0.9285106658935547,19668,-6.419078505229163,2.333412791731312,-13.316282579462273,2.3740171668559187,188863
Luisiana,2024,10,0.8034987035611785,0.08939367375425927,0.2088644802570343,0.904495358467102,8638,-6.157614007190857,2.18653500052033,-12.713849979752078,2.1967893727894046,188870
Luisiana,2024,11,0.7255537671418063,0.12673333404132459,-0.08738131076097488,0.8795620203018188,44151,-6.506644572477905,2.3593821496788325,-13.246543105389108,2.4091370220962545,188861
Luisiana,2024,12,,,,,,-6.207151872166821,2.3495380488267066,-12.81099890780228,2.3692304480627273,188865
Luisiana,2025,1,0.48719004116614034,0.12466630996888159,0.19137819111347198,0.8536585569381714,9382,-6.295421921190614,2.2661707459803266,-12.947833911879389,2.3475973254063645,188868
Luisiana,2025,2,,,,,,-6.557764130503496,2.3214353957704867,-13.273578382590706,2.425354552405961,188864
Luisiana,2025,3,0.8014343977443781,0.10218618144046251,0.012856344692409039,0.9173553586006165,68642,-6.208172764258863,2.1190926971609656,-13.006867274762874,2.130721935254693,188865
Luisiana,2025,4,0.7719140279355017,0.11476689262477575,-0.11763569712638855,0.903126060962677,110358,-7.737850893073357,2.3354352837112176,-14.446514005306009,2.300423477352915,188857
Luisiana,2025,5,0.829078445754613,0.1310765191927391,-0.1781076043844223,0.955359935760498,115657,-6.5930423904902,2.252455488990307,-13.451577425392982,2.280637635813801,188868
Luisiana,2025,6,0.8455523650404926,0.11679686135217655,-0.5105336904525757,0.9482641220092773,124389,-6.891002790022748,2.219221421725141,-13.550697574534144,2.156477598645787,188860
Luisiana,2025,7,,,,,,-7.038818536725382,2.266653104589286,-13.31136514313073,2.285830630112068,188850
Luisiana,2025,8,0.7130503294998609,0.1559576926325615,0.22426265478134155,0.8917696475982666,611,-6.3670005107242815,2.2507538679994115,-12.930390972669883,2.2116693275407204,188870
Luisiana,2025,9,0.6162165985181083,0.16930519514791803,0.28230130672454834,0.9244270324707031,2492,-6.336793685538178,2.252107939442799,-12.80649597068427,2.160237707904641,188856
Luisiana,2025,10,,,,,0,-6.389736419458458,2.2514061646205654,-12.978484043672225,2.2361844411271825,188870
Luisiana,2025,11,0.8015783773248106,0.13308559206380915,-0.391014963388443,0.9362568855285645,57806,-6.6938389387172395,2.3133120117340327,-13.16743738378876,2.257475376028802,188858
Lumban,2018,1,0.5827796352638331,0.18571483492152382,-0.5494505763053894,0.8853721022605896,41669,-7.560733040099189,3.8053290746374784,-13.74513357923221,3.7565317501996955,211905
Lumban,2018,2,0.6952667847803455,0.32436289288211584,-0.6784870028495789,0.9538624286651611,130428,-7.442293709329999,3.4690175511611017,-13.801203931821245,3.3714692653274585,212161
Lumban,2018,3,0.6933979249955362,0.3071369569394176,-0.7740113139152527,0.9404513835906982,133828,-7.36291702314374,3.1819168591392013,-14.054946128344302,3.502771666342209,211961
Lumban,2018,4,0.6996401054749067,0.23235892583415768,-0.57421875,0.944615364074707,88706,-8.092147565060177,3.11915545786662,-14.472004429704059,3.2410290867252027,212065
Lumban,2018,5,0.5810545138354969,0.22833516261432185,-0.3588162660598755,0.9433907270431519,109294,-7.776093891702206,3.214975890607477,-13.751418866682139,3.3597469953745485,211498
Lumban,2018,6,0.6627996058540343,0.2754385424284307,-0.5759493708610535,0.9146961569786072,93926,-7.631934653600571,3.2481353292718094,-14.047231721536457,3.2185117264492615,211973
Lumban,2018,7,,,,,,-7.314868612475041,3.443286093681939,-13.92040226507604,3.628564206444122,211231
Lumban,2018,8,0.7004367956603504,0.33861676377002536,-1.0,0.9612690806388855,150818,-7.750331474202536,3.169663132153411,-14.485812697028061,3.9023837904211747,210546
Lumban,2018,9,0.6669188749982575,0.24818904531358593,-0.36118364334106445,0.8868911266326904,140646,-7.908664708699143,3.7584575524440025,-14.237331364296331,3.8227028446167934,210388
Lumban,2018,10,0.6921540187255858,0.2631718343222507,-0.5463917255401611,0.9394333958625793,131262,-7.917974407588664,3.3497310174500443,-14.399091457802532,3.758325387648439,210187
Lumban,2018,11,0.6794386082175858,0.40751136761591045,-1.0,1.0,64090,-7.415429383076965,3.2256559484706004,-14.161547743629443,3.8633744687214158,210897
Lumban,2018,12,0.4656772997606438,0.27832940849859916,-0.644444465637207,0.9059680104255676,20582,-7.153468768332591,3.874813996556137,-13.940116745692915,4.330471294607975,209584
Lumban,2019,1,0.6771380712411824,0.36032898545248665,-0.8023715615272522,0.9493939876556396,85743,-7.673252496555557,3.4866011554623237,-14.502222630651008,3.8917122006879885,210538
Lumban,2019,2,0.6366046306233508,0.2812822127347525,-0.6272600889205933,0.9414175152778625,17926,-8.111085669351917,3.202489689770438,-14.859878013498314,3.812465226100161,210092
Lumban,2019,3,0.7090042263875667,0.2676159321874681,-1.0,0.9748458862304688,137391,-8.237329988758061,3.0166294357222205,-14.897811359636853,3.5875632614061863,211066
Lumban,2019,4,0.6874914188810962,0.2288604470718504,-0.442827433347702,0.9428779482841492,166003,-8.37631337294694,3.085765120859425,-14.792499103823523,3.5253478904627245,211059
Lumban,2019,5,0.7321534165914703,0.23321481966845534,-0.7511380910873413,0.9496012926101685,86589,-7.926176181863919,2.8542126096120635,-14.330243278284094,3.150724830132936,211733
Lumban,2019,6,0.7364189554338804,0.30394502747576074,-1.0,0.9923664331436157,182925,-7.864271705305489,2.9542976959442475,-14.345341617689185,2.961027489709267,211759
Lumban,2019,7,0.7344312747831332,0.2762224202885742,-1.0,0.9651837348937988,152187,-7.535270438109814,2.975700810551207,-14.144200365803856,3.138591085464619,211694
Lumban,2019,8,0.6972282746368679,0.23989553010383427,-0.41137123107910156,0.9305349588394165,132720,-7.1972594606440765,2.99232528749313,-13.695607947631084,3.2222160208064037,211477
Lumban,2019,9,0.5537262482317072,0.16173573975373814,-0.021964360028505325,0.8859989047050476,33144,-7.71190815572145,3.1922564127178683,-14.287557982767327,3.4148214877338487,211092
Lumban,2019,10,0.7244778924609976,0.29400869156463727,-1.0,0.9830268621444702,123969,-7.080457463404778,3.137481341281949,-13.325076694436467,3.1163912736681487,211303
Lumban,2019,11,0.6663106226594703,0.25923181041467025,-0.800000011920929,0.93543541431427,80640,-7.110803373978728,2.975723272476383,-13.604769598838427,3.239370965892774,211340
Lumban,2019,12,0.13760945688350892,0.15651455579398868,-0.23956593871116638,0.5166822671890259,2467,-7.599624307791945,3.238551388505756,-14.103642235558814,3.63031188922072,210842
Lumban,2020,1,0.7062194444352818,0.3477195955706455,-1.0,0.967268168926239,141307,-7.819208260660204,3.183269580786088,-14.484282788031248,3.770004749675335,210469
Lumban,2020,2,0.5228591521108318,0.27629376415302903,-0.3789868652820587,0.8536155223846436,26620,-7.9919168484301935,3.1876580385513726,-14.846134482319478,3.732779014846764,210741
Lumban,2020,3,0.7292468438432884,0.2559922608998213,-0.8110598921775818,0.9490131735801697,203336,-8.197430702680023,3.225427802217327,-14.727756071765608,3.551130179456926,211054
Lumban,2020,4,0.687724326160215,0.22234540772381006,-0.5411764979362488,0.9364131093025208,100970,-8.251237570465591,3.1326320478186314,-14.802960959597192,3.3816514740086068,211159
Lumban,2020,5,0.7098813607684593,0.30007406756272564,-1.0,0.9436869025230408,117062,-7.247565070010761,3.294780403539658,-13.320222118804365,3.2096582366523037,211646
Lumban,2020,6,0.7028555535773418,0.3130179958535722,-0.9523809552192688,0.9529120326042175,114453,-7.502957062290911,3.071638289935866,-13.923191501542215,3.2411275046894232,211526
Lumban,2020,7,0.7716223193813295,0.23602598677853648,-0.45069393515586853,0.9317512512207031,43042,-7.305554117670373,2.9640776369088244,-13.894540653255666,3.2797863014750934,211507
Lumban,2020,8,0.7704983780682627,0.2489414384067604,-1.0,0.9688385128974915,173725,-7.450308281962348,2.8908744419743932,-13.982023236561547,3.1809233662118594,211444
Lumban,2020,9,0.7847050667109166,0.08899774074118164,-0.15833625197410583,0.8696560859680176,33400,-7.404267083253307,3.0834896192837227,-13.811600640240746,3.1790522484522037,211301
Lumban,2020,10,0.6967873867254681,0.1609895941403384,-0.308270663022995,0.8819345831871033,44668,-6.695537790239926,3.172622902905982,-13.18502992131519,3.347223879582895,211237
Lumban,2020,11,0.4877783380668331,0.4949479425062617,-1.0,0.9434472322463989,104988,-7.652535101016292,3.375430507040873,-14.393876888554177,4.32691103899623,209587
Lumban,2020,12,0.7318897270706212,0.2587021834702161,-0.6887994408607483,0.9349384307861328,108567,-7.849545247557455,4.018538490865082,-14.516460861182802,4.3591851573344105,209652
Lumban,2021,1,,,,,,-7.901037060222592,3.4201549385512084,-14.666807728794474,4.210961113636346,209904
Lumban,2021,2,0.6960373054140372,0.3465097888147989,-0.8950276374816895,0.9982285499572754,116609,-7.496032647581146,4.378807915465735,-13.762221622783276,3.8456734098587106,211310
Lumban,2021,3,0.684476322848076,0.30267532796528746,-0.5411089658737183,0.9481707215309143,164784,-7.851273388753454,3.1891955083703882,-14.54401638746237,3.6842464746360886,209032
Lumban,2021,4,0.6297052534066458,0.25320359592187197,-0.40031152963638306,0.8854337334632874,101349,-7.516097826843827,2.98403673140697,-14.300968452449071,3.544181754283878,208903
Lumban,2021,5,0.6334725507845982,0.3191474526577597,-0.4575471580028534,0.911769688129425,65070,-7.929366346115523,3.297862231461203,-14.6093498842621,3.58123770886227,209533
Lumban,2021,6,0.7820611463233188,0.19542782350838295,-0.9437751173973083,0.9350299835205078,139983,-7.788322954800673,3.241700008542654,-14.291580628438172,3.45425609368645,210158
Lumban,2021,7,0.6510304936115894,0.3105906044154863,-0.8194946050643921,0.9411264061927795,42885,-7.1926036575835495,3.2292021567664477,-14.07137642746888,3.8866520446940553,209275
Lumban,2021,8,0.6866038226964187,0.31715509646045326,-1.0,0.9513513445854187,154632,-7.645710110678796,3.680900889003447,-14.371751077733178,3.7356284995083096,210283
Lumban,2021,9,0.7698882116377562,0.29724847330785537,-1.0,0.9435498118400574,86289,-7.791115651950353,3.411555852441297,-14.50016080483041,3.785994095640462,208814
Lumban,2021,10,0.7017614723323008,0.3320884857654606,-0.5717131495475769,0.9364794492721558,91959,-7.757977166163752,3.3433196059448855,-14.409708655181106,3.871019167749211,209810
Lumban,2021,11,,,,,,-7.294282405841746,3.717353149270811,-13.955265562701628,3.774044178786378,208777
Lumban,2021,12,0.6978890115352046,0.3423374357484826,-0.9354838728904724,0.9785330891609192,85548,-7.717661030819691,3.286256435252372,-14.350493847078694,4.002992436934775,210173
Lumban,2022,1,0.6901909458893887,0.323436840372168,-1.0,0.9425341486930847,61136,-7.615759200246923,3.7162539523787292,-14.204774352739948,4.039853556201526,209884
Lumban,2022,2,0.5496659568471048,0.3216816320063615,-0.5802171230316162,0.9091079235076904,28834,-7.477044191089179,3.1094820953329054,-14.041880463899465,3.750748602741757,210241
Lumban,2022,3,0.6900720267700673,0.2762949502500507,-1.0,0.9478012323379517,73684,-7.54478914969584,3.4359168996144964,-14.086654024378719,3.6499702905297107,210563
Lumban,2022,4,0.657659868317108,0.27023511436596964,-0.46550217270851135,0.8999062776565552,101334,-7.222769037537053,3.3355282343141965,-13.566480863971034,3.579416032755119,210576
Lumban,2022,5,0.7224678628390235,0.33304475383218535,-1.0,0.9474196434020996,163526,-7.2397091238538165,3.464007477740139,-13.94702735504951,3.4924500760691477,211153
Lumban,2022,6,0.781336492971306,0.17981785550626006,-0.6316916346549988,0.9271835684776306,112864,-7.2984912550569065,3.676538348858178,-13.892937630871721,3.672409489149187,210461
Lumban,2022,7,0.48718696761185176,0.1634610987170652,-0.17256885766983032,0.8394489884376526,17407,-7.144508161303406,3.6561035021565016,-13.539497096848368,3.5914983577108153,211199
Lumban,2022,8,0.6849197364695631,0.1333892313693441,-0.03755674883723259,0.8395041823387146,14575,-7.352674629727239,3.3971536498804724,-13.762730968727004,3.545325962352731,210892
Lumban,2022,9,0.7154097186890743,0.20731603459125034,-0.33172690868377686,0.8822321891784668,147789,-7.383259059440246,3.197467411228774,-13.766294246675637,3.339205192540493,211172
Lumban,2022,10,0.7213137195441818,0.34630356874831747,-1.0,1.0,131242,-7.037328232870659,3.134809072811894,-13.40065522176497,3.6441733772406404,210640
Lumban,2022,11,0.6867203279411341,0.16279978211018678,-0.49597856402397156,0.8684604167938232,41515,-7.182420562010901,3.7473194106705403,-13.632918851494006,4.170438551175874,210079
Lumban,2022,12,,,,,,-7.882329805040968,3.25528911930919,-14.380145512388307,4.1130526567996,209994
Lumban,2023,1,0.634557665782604,0.34029926705511404,-0.8525826930999756,0.9374037981033325,85638,-7.916426017291302,3.4712093638721093,-14.44611788993407,4.228711341665928,209190
Lumban,2023,2,,,,,,-7.693243288345832,3.8542330244201644,-14.359764522103514,4.09044617028492,209256
Lumban,2023,3,0.6289535973505992,0.26112376445861984,-0.4527580440044403,0.9021490812301636,65974,-7.901837780481287,3.721693731071964,-14.36002731609432,3.891143971569544,209918
Lumban,2023,4,0.6629249430467457,0.2683553143011196,-0.48335975408554077,0.9152150750160217,112557,-7.527435039167156,3.266840160685184,-13.882418709961591,3.8538275890822935,209845
Lumban,2023,5,0.6896577192258434,0.25559414460822977,-0.650446891784668,0.9751367568969727,108107,-7.8681523264506135,3.1937424903840204,-14.485074567731907,3.748084181599415,210031
Lumban,2023,6,0.6480035074338277,0.3666183854933816,-0.6788511872291565,0.9353340864181519,55611,-7.500488879844446,3.7776518624695017,-14.076161566128526,3.709826678400773,210562
Lumban,2023,7,0.6878826941563931,0.24049636206978067,-0.8999999761581421,0.902644693851471,174768,-7.409564397773199,3.2754831586049753,-14.140862571905206,3.794769762367805,210446
Lumban,2023,8,0.6565200289435649,0.2883765507991935,-0.46289753913879395,0.898245632648468,161047,-7.580804628836472,3.765709399345971,-14.033133871794838,3.9833270253970796,210104
Lumban,2023,9,0.758862987190027,0.3067175826971589,-1.0,0.9927007555961609,133947,-7.466865003722787,3.833243805267535,-14.028598185229862,3.7907137789322083,210346
Lumban,2023,10,0.5511464535813606,0.37335268779847675,-0.5335195660591125,0.9208226203918457,40434,-7.234315708599121,3.467672631474345,-13.712526571289036,3.7522773383959556,210190
Lumban,2023,11,0.6234981310111868,0.3552479626988669,-0.7638553977012634,0.9446428418159485,78087,-7.040159388841488,3.3479635421061493,-13.479803568203797,3.8606215551067256,210383
Lumban,2023,12,0.7064982495422482,0.196363172025898,-0.45747125148773193,0.9042199850082397,16640,-7.3470852146379935,3.5223633436551522,-13.865903289283354,4.004011897499733,210129
Lumban,2024,1,0.557878649588374,0.15887109365194296,-0.09280885010957718,0.8800897598266602,13562,-7.448850255547235,3.2089311630967696,-14.154542585481448,3.9738955452388978,210096
Lumban,2024,2,0.7188507986558931,0.2904455218374081,-0.586869478225708,0.9918588995933533,158362,-7.619653382852651,3.2503859971877556,-14.241263542193614,3.6690305196059696,210252
Lumban,2024,3,0.601336060930045,0.23206869484622697,-0.5474956631660461,0.9116842746734619,82408,-7.67928169846625,3.34566892285725,-14.09244198313026,3.61007930391681,210323
Lumban,2024,4,0.7242250244361589,0.2599367717350764,-1.0,1.0,158216,-7.5723711144480745,3.4612083285536284,-14.156550175253368,3.460302674245248,210702
Lumban,2024,5,0.6957123403482447,0.27007205281853536,-1.0,0.9561846852302551,178993,-7.361089564660452,3.087097801551049,-13.687246002844118,3.2421576113434947,210706
Lumban,2024,6,0.7257239303584623,0.2113157174017142,-0.6287769675254822,0.9338321089744568,50352,-7.230906888220213,3.2611096426206023,-13.81025326343519,3.422827056666288,210616
Lumban,2024,7,0.6396315103665167,0.23905416118789052,-0.6056954860687256,0.9249166250228882,184412,-7.417040349576909,3.410610837460243,-14.242425165665505,3.838277259164297,209992
Lumban,2024,8,0.6477669205946341,0.16320442943274216,-0.2494393289089203,0.8945132493972778,52617,-7.555593194239655,3.2324934136722496,-14.039544816212771,3.6070576563784402,210280
Lumban,2024,9,0.5207603809047254,0.34841624321281206,-0.5979381203651428,0.9686346650123596,35207,-7.501891876952843,3.605865231777406,-14.2706164062001,3.6639516607221165,210596
Lumban,2024,10,0.6688059491104411,0.3017702626104836,-0.6521739363670349,0.9338327050209045,56839,-7.5780317006200635,4.063689451270658,-14.008374292455661,4.366324330975731,209948
Lumban,2024,11,0.6014349828539215,0.346339628942108,-0.9230769276618958,0.9353233575820923,100816,-7.65435468169976,3.5009028130592044,-14.271938977129027,4.036421353094869,208988
Lumban,2024,12,,,,,,-7.392852844348129,4.13407522412609,-13.805407888848789,4.429802686162757,209454
Lumban,2025,1,0.41086916700266424,0.29040023139577287,-0.6041666865348816,0.9014117121696472,47979,-7.471136811455863,3.844950647841593,-13.877521582649274,4.233372336120482,209645
Lumban,2025,2,,,,,,-7.781704607761819,3.119613479694118,-14.452005461393696,4.081165865442012,209618
Lumban,2025,3,0.6648102838694371,0.3378930407217057,-0.531360924243927,0.9292193055152893,96417,-7.589282981312375,3.8985942168282945,-14.064951049415663,3.866950142322596,209849
Lumban,2025,4,0.7489681310654743,0.1534466844578276,-0.21160821616649628,0.8990256786346436,60048,-8.988883031588884,3.44427298332689,-15.58137762725594,3.8532443659170657,211032
Lumban,2025,5,0.7478972289240421,0.26401084719802737,-1.0,0.9833333492279053,168802,-7.8088941549616235,3.6853547263802526,-14.277171031645619,3.6498463599926545,209723
Lumban,2025,6,0.750782718424748,0.29718950086006485,-1.0,0.9527432918548584,152901,-7.887814414743566,3.3973568043565585,-14.378259202865141,3.62265636008124,211488
Lumban,2025,7,,,,,,-8.181178299952768,3.615490241335448,-14.856568564114806,4.765625947042693,210093
Lumban,2025,8,0.3695350363234842,0.04370864657725037,0.28015953302383423,0.6124030947685242,121,-8.005108483577365,4.716730053847565,-14.449072563983217,4.6121248980078065,210618
Lumban,2025,9,0.380585986576386,0.4050324357151895,-0.6522476673126221,0.9473962783813477,19897,-7.982562613915664,4.700264966700372,-14.2541612059476,4.622561896007275,211303
Lumban,2025,10,,,,,0,-7.803287024724938,4.215075580653763,-14.518133617761697,4.877391824228564,210066
Lumban,2025,11,0.5563708242854882,0.5334120186476826,-1.0,0.9909909963607788,160595,-8.283233143995663,4.52641611731735,-14.834462835209505,5.143554454367073,210604
Mabitac,2018,1,0.6210494223229203,0.21007730356950013,-0.33190271258354187,0.9265343546867371,49704,-8.281612497335427,3.9996692827527833,-14.683549690455513,3.9159287811052153,120104
Mabitac,2018,2,0.6952920108998824,0.33224767235780606,-1.0,0.943498969078064,59970,-8.282475177367889,3.422164742769539,-14.789981121347296,3.488930423545371,120294
Mabitac,2018,3,0.3975330480470174,0.3778864413045562,-0.7966101765632629,0.8940788507461548,12445,-8.014242068915499,2.8742773532254637,-14.86646734382914,3.469434023455406,120230
Mabitac,2018,4,0.6734331217609746,0.19399322821327572,-0.36864960193634033,0.9471516609191895,37190,-8.515338974494954,2.8887315335815336,-14.795121987724873,3.093635567772657,120263
Mabitac,2018,5,0.5709925463579465,0.23836917101553062,-0.5182723999023438,0.9429250955581665,80662,-7.626885690204921,2.88581734689718,-13.159571732824658,3.103159819431586,120073
Mabitac,2018,6,0.6571101018852,0.2218869097214814,-0.6741721630096436,0.9104262590408325,28727,-7.75138799430399,3.604077449418633,-14.390195533197334,3.664618563874264,120234
Mabitac,2018,7,,,,,,-7.963278182699196,3.8601995135566094,-14.890812585646026,4.311652460012443,119463
Mabitac,2018,8,0.6328130696946146,0.13874251643490565,0.0003428179770708084,0.8356401324272156,15068,-8.098616928619082,3.347000946754394,-15.457843489956748,4.307495791082322,119331
Mabitac,2018,9,0.7191673664003579,0.1019584992550611,-0.18560180068016052,0.8423547744750977,31101,-8.312364997599987,4.162936912176285,-14.830666752440855,4.0217163177250805,119648
Mabitac,2018,10,0.594330223137546,0.3010190935435975,-1.0,0.9308096170425415,81913,-8.47771352895017,3.9053374005584356,-14.97805128103506,3.936969014611523,119540
Mabitac,2018,11,0.7054125252454782,0.3265908440444662,-1.0,0.946997344493866,46493,-8.051093465379305,3.3166769991538536,-14.885244777986372,3.8370103976477155,119658
Mabitac,2018,12,0.437011422207117,0.2809293353603006,-0.8287671208381653,0.9118573069572449,35473,-8.545789273551403,5.111679381219968,-15.368934250681452,5.50086822788746,118396
Mabitac,2019,1,0.6175319733142687,0.38178964750098915,-1.0,0.953085720539093,102643,-8.484593713747802,3.846333317901467,-15.782193247833233,4.337556446614634,119652
Mabitac,2019,2,0.7282764265171349,0.22951540495741213,-1.0,0.9474512338638306,86419,-8.452502161933442,3.0793646256363143,-15.625161154825022,3.986332347821593,119523
Mabitac,2019,3,0.6890804853791286,0.20021326792551875,-1.0,0.932748556137085,46330,-8.676175004020848,2.939248981149091,-15.203375240146482,3.338634483070521,120110
Mabitac,2019,4,0.6076132387276034,0.2112153145341479,-0.49142858386039734,0.9292821884155273,92270,-8.851401203410283,2.8922248243118336,-15.132909561528795,3.2862537959217506,120097
Mabitac,2019,5,0.7249855116097089,0.23872187466028508,-1.0,0.9497487545013428,73835,-7.555122653562782,2.7306459848402875,-14.004600002451491,3.050892560170295,120157
Mabitac,2019,6,0.7115088778053648,0.26582342673599224,-1.0,0.970637321472168,101294,-7.875392962946322,2.732367445649185,-14.66399468506032,2.913069244176466,120170
Mabitac,2019,7,0.6089725562250103,0.2884009313245755,-1.0,0.9288955926895142,25662,-7.573081538935434,3.026145926837218,-14.797318571238078,3.3576816032219186,119984
Mabitac,2019,8,0.7343785913426971,0.2196975697372846,-0.6962025165557861,0.9153140187263489,89972,-7.512949843602789,3.612613702632298,-14.202576801919093,3.7765191286551674,119575
Mabitac,2019,9,0.6656769589708887,0.1652131199625069,-0.1614583283662796,0.8993349671363831,40170,-7.879122039194339,3.2942536185027045,-14.726772945810959,3.5922026895855215,119758
Mabitac,2019,10,0.6788770472110364,0.3203721011316613,-1.0,0.9631664156913757,99694,-7.488225635715902,3.3836410904236494,-13.753595794524331,3.3794784686333266,119833
Mabitac,2019,11,0.6281059888182441,0.2863760448729198,-1.0,0.9044903516769409,64577,-7.727074765467274,3.2287400324381665,-14.413733672992482,3.584049467699417,119869
Mabitac,2019,12,0.4033872692727718,0.2503055943726888,-0.09784168004989624,0.9341185092926025,4094,-8.240559194310462,3.6824394476979934,-15.219841353642602,4.192656470664852,119635
Mabitac,2020,1,0.6577416302434547,0.34826129092338565,-1.0,0.9552238583564758,98380,-7.986542492125691,3.3802225191983997,-15.101171075454788,4.099977969352969,118946
Mabitac,2020,2,0.6810795512230262,0.12399085415643257,0.21417172253131866,0.9179053902626038,2858,-8.33466666829439,3.0675067682095367,-15.369470429041911,3.750596722276767,119692
Mabitac,2020,3,0.6909348346543349,0.22924855175279263,-1.0,0.9448692798614502,114485,-8.50455585937629,3.021672334270432,-15.008346851962992,3.2970124451576055,119855
Mabitac,2020,4,0.4968060935053097,0.18252900772936764,-0.03320158272981644,0.8505077362060547,544,-8.720996585019968,3.0349216470190945,-15.137188649124868,3.217215493365513,120016
Mabitac,2020,5,0.6188235383714338,0.3007583508600434,-1.0,0.957228422164917,93829,-7.8068300517466716,3.006190029012644,-14.175528313987911,3.220566639095577,120062
Mabitac,2020,6,0.6668442686568831,0.28451736147487583,-1.0,0.9441320300102234,107308,-7.685747058057576,2.9760101158784162,-14.705278758112764,3.5409590668219435,120059
Mabitac,2020,7,0.783214040000712,0.14484984128494627,-0.5588235259056091,0.9126426577568054,44329,-7.248555397017939,2.8359476079523986,-14.122454089223169,3.1152090631983707,120027
Mabitac,2020,8,0.7447337024751431,0.17148682873870133,-0.12004875391721725,0.9239688515663147,1957,-7.556734230169662,2.7915211223176053,-14.356363710691534,3.1365746345095507,119950
Mabitac,2020,9,0.7371374174687483,0.13111574636478823,0.04240554943680763,0.8731171488761902,11723,-7.231107785966555,3.0268493362809656,-13.715630544431564,3.051869750797616,119790
Mabitac,2020,10,0.10973611484993907,0.33644441681906506,-0.36044490337371826,0.6099193692207336,51,-6.874398764079938,3.3367668050810457,-13.555079849781654,3.438206276927118,120149
Mabitac,2020,11,0.365097677824987,0.5335794317338692,-1.0,0.9346405267715454,47689,-8.246127019629274,3.622332960355951,-15.55179811106866,5.098968508235494,119006
Mabitac,2020,12,-0.03197553777038895,0.1125489124033844,-0.38021811842918396,0.23202469944953918,120,-8.531115766972139,4.156858414685445,-15.91612337103488,5.227113815286113,118605
Mabitac,2021,1,0.7253628188619085,0.10307099039084378,0.2549366354942322,0.8517284393310547,4288,-8.422664545919483,3.787062071486259,-15.71724022769999,4.71524115432127,119111
Mabitac,2021,2,0.6392124052011361,0.4118762421720365,-1.0,0.9481312036514282,66805,-7.959471776697775,4.1697899663894304,-14.564525411116813,4.449418418754568,119712
Mabitac,2021,3,0.625828603137591,0.3329124231264733,-1.0,0.9343293905258179,77721,-8.160938969449578,3.6128213822552886,-15.012542951796467,3.9084513448446887,118413
Mabitac,2021,4,0.7180615260519524,0.17906160004069735,-0.3720693290233612,0.8949487805366516,62396,-8.077643349103246,3.148695691932819,-14.896622268741504,3.620491567076128,119537
Mabitac,2021,5,0.6654919231136966,0.2690110507891318,-1.0,0.9277538061141968,58115,-8.289564540216563,3.3635021668056804,-15.047148846726092,3.539493159540046,119306
Mabitac,2021,6,0.4055669559190584,0.2584159413143555,-0.1107502430677414,0.8682882189750671,929,-7.794019747386954,3.3166738448426876,-14.644363672744042,3.5525074774590677,119467
Mabitac,2021,7,0.5717401512875265,0.3373986571442479,-1.0,0.9437856674194336,57804,-7.632869136675151,3.755373933378029,-15.09888954187645,4.680335359808706,118486
Mabitac,2021,8,0.6350552400832448,0.34618776335592183,-1.0,0.9472534656524658,99010,-7.793681437652016,3.5772920516738536,-14.895943205302125,3.9304442751083446,118984
Mabitac,2021,9,0.5839174472860874,0.2917852742495085,-0.6957383751869202,0.8977820873260498,82203,-7.917225560197638,3.6995915534071533,-14.902593268323553,3.939136130369257,119056
Mabitac,2021,10,0.671989943988169,0.347069988810191,-1.0,0.9372128844261169,107849,-7.712547668374574,3.462168137509058,-14.559172209789278,4.07257438820734,118498
Mabitac,2021,11,0.49060262002568844,0.33697489587439466,-1.0,0.9165329337120056,27249,-7.511314198158038,4.067224054089133,-14.357779419312813,4.221580042778745,118195
Mabitac,2021,12,0.7866770224654416,0.2981956945769745,-1.0,1.0,70827,-8.113534453218227,3.5316295319234086,-15.392248209981123,4.556077840347078,118606
Mabitac,2022,1,0.631413353028714,0.3066640922406227,-0.9305210709571838,0.9453366994857788,32458,-7.680046089668171,3.7209483352427695,-14.966910575955463,4.638413915128935,118486
Mabitac,2022,2,0.6220007395034955,0.14384788024758507,0.26618704199790955,0.9030235409736633,7293,-7.902030264187707,3.140595332165881,-14.639656583054899,3.6372552864105607,119157
Mabitac,2022,3,0.6832266933220115,0.1922539949249246,0.13712593913078308,0.9327008724212646,26110,-8.244729525470932,3.2278673451355604,-14.52254419836505,3.2555582796160274,119526
Mabitac,2022,4,0.6723393606789506,0.23484833155434776,-1.0,0.9223132133483887,86993,-7.458832937663996,3.145248893071042,-13.870877819413769,3.171768557811781,119601
Mabitac,2022,5,0.7085903827849214,0.33143654841230474,-1.0,0.952343761920929,88489,-7.102139253277039,3.349369734576715,-14.030999330075561,3.6149403269501543,119745
Mabitac,2022,6,0.6180265371832179,0.3230161736064841,-0.8791540861129761,0.9367777109146118,39624,-7.400649093156525,3.516420316456472,-14.769879738130289,3.9760320751559073,119270
Mabitac,2022,7,0.6296011184443945,0.25872575615502513,0.20420348644256592,0.905424177646637,119,-7.628510514887298,4.035466867216612,-14.647491910535692,4.140230648735584,119413
Mabitac,2022,8,0.6800034051219459,0.13681028557690839,-0.0589849092066288,0.819500744342804,2055,-7.502002966225811,3.618317698285844,-14.053623572970773,3.596243778628059,119423
Mabitac,2022,9,0.7474975429321746,0.14707913868687317,-0.03191295266151428,0.8976882696151733,44016,-7.427697402016572,3.5897956353304323,-13.90694930039989,3.7213654900737674,119294
Mabitac,2022,10,0.6912342907378779,0.283975387910371,-0.8425605297088623,0.9153456687927246,56634,-8.272937021360248,4.9036800586671125,-14.943092767863005,5.227616016337887,117339
Mabitac,2022,11,,,,,0,-7.98888328952745,4.282732301225898,-14.814289170135611,4.939371200355107,118011
Mabitac,2022,12,0.5400198496209628,0.37353532247195187,-0.6421725153923035,0.8941912651062012,74663,-8.353772415458224,3.6836602069952775,-15.521330298338874,4.724271457951345,118185
Mabitac,2023,1,0.4884749117656649,0.43442234740939173,-1.0,0.9502177834510803,98797,-8.304959998096454,3.5942785489315354,-15.555590241232112,4.666241939403323,117585
Mabitac,2023,2,,,,,,-7.9165815232090475,3.63688233606578,-14.999776878531534,4.402846464442412,118075
Mabitac,2023,3,0.6706379938951834,0.24869051672850986,-1.0,0.9184866547584534,83865,-8.454472564280504,3.4505881948994945,-14.946239065074883,3.7739010017218666,118950
Mabitac,2023,4,0.659701982581732,0.2376479910841862,-0.5484633445739746,0.9167360663414001,105039,-8.283574198082624,3.400807450392076,-14.704349418780104,3.566272607057925,119082
Mabitac,2023,5,0.6100024482365678,0.19862884665571787,-0.31345900893211365,0.8946924805641174,4178,-7.866507817892447,3.0272724191025526,-14.718730781303261,3.577331210085599,119117
Mabitac,2023,6,0.5815065168235206,0.30725518422551545,-1.0,0.9182757139205933,51511,-7.748601101528476,3.361176075349981,-14.822446303499142,3.6670503875449785,119462
Mabitac,2023,7,0.7207261595433042,0.29650661812529955,-0.15913556516170502,0.9097065329551697,118,-7.617075442011804,3.3520711671830683,-14.760387861809745,4.228089319971624,119218
Mabitac,2023,8,0.7335815680957466,0.2552478599921384,-0.775768518447876,0.9280464053153992,89303,-7.787070761887033,3.5828536256407206,-14.660317452253683,4.085430582430562,119054
Mabitac,2023,9,0.3895718892092609,0.47502684724725164,-1.0,0.9332816004753113,9739,-7.381851439291327,3.7314011184300897,-14.058114009520091,3.8180560132168853,119121
Mabitac,2023,10,0.6179466095521212,0.23114195898305326,-1.0,0.9260743856430054,66876,-7.119171973100302,3.6668717986464925,-13.755961685233954,3.8989017630067804,119080
Mabitac,2023,11,0.5973790843962636,0.35937572611557844,-1.0,0.9281696081161499,66823,-7.616298471269148,4.149163234451287,-14.361529689266748,4.233262400768482,118977
Mabitac,2023,12,0.3078360962024065,0.3511740814841908,-0.08418077230453491,0.8490523099899292,170,-8.13006876038872,4.380465304865145,-15.091770519261575,4.703195953411985,118616
Mabitac,2024,1,0.4287297024207289,0.12209041644337496,-0.08208296447992325,0.7304622530937195,1329,-7.912491260373316,3.2396289461872376,-15.276670497754623,4.155977410465237,119079
Mabitac,2024,2,0.7137574056193708,0.24740462978933261,-0.960414707660675,0.9328223466873169,82839,-8.222456122233018,3.015132887645882,-14.798081201018102,3.338890231336374,119473
Mabitac,2024,3,0.5550325822601561,0.17602890981611663,-0.3976878523826599,0.9154837727546692,61344,-8.103993544497515,3.0216974160756247,-14.506822798472857,3.1764480417908287,119596
Mabitac,2024,4,0.5902704565339676,0.2635269493565708,-1.0,1.0,76084,-8.457894172496585,3.1853346368903974,-14.964937126679173,3.2439116431565655,119706
Mabitac,2024,5,0.5465692996473009,0.26109292689261093,-0.7487179636955261,0.9385231137275696,65672,-8.471451534755987,3.13232033709729,-15.125638148917334,3.4151746169770556,119717
Mabitac,2024,6,,,,,0,-7.437132323823168,2.9981288570919853,-14.706046514051453,3.6182277249512005,119623
Mabitac,2024,7,0.6125979773643583,0.27636644407937716,-0.6950146555900574,0.8888304233551025,111386,-7.787888818101417,3.3906275738229206,-15.133407768361817,4.371137088272276,119016
Mabitac,2024,8,0.6745028316625173,0.185701182807276,-0.9054945111274719,0.9067337512969971,71383,-7.623514252415977,3.602517674394646,-13.98629961023728,3.7138849270403758,119214
Mabitac,2024,9,0.7711852917989465,0.25999428535032915,-1.0,0.9453125,92007,-7.637195112617869,3.7663253169284663,-14.500647619709712,3.9296184057389922,118794
Mabitac,2024,10,0.5045520468625291,0.1559162160965264,-0.08059865236282349,0.8875623345375061,10597,-7.975403707631442,4.157641712327267,-14.679334373030901,4.9142617369311,118023
Mabitac,2024,11,0.6405094185601822,0.35430826846799984,-0.9392096996307373,0.9416030645370483,100890,-8.103398245177342,4.099616730293356,-14.994448811166952,4.682103756741783,117288
Mabitac,2024,12,,,,,,-8.90431425200436,5.362370831242973,-15.789732218595379,5.619883685377447,116707
Mabitac,2025,1,0.6301505859148768,0.3688015706175519,-0.6735057830810547,0.9209473729133606,75515,-8.198102650859372,4.642742812242136,-15.026857415367376,4.807361744782148,117577
Mabitac,2025,2,,,,,,-8.188295946756616,3.43889085128868,-15.231206936822925,4.414231250823226,117919
Mabitac,2025,3,0.6960789394660903,0.2911748753150464,-0.7024911046028137,0.9222842454910278,90828,-7.958121487871985,3.4931860459691384,-14.586335099062666,3.90252870597579,118849
Mabitac,2025,4,0.630858799470508,0.24005506218503872,-0.6293103694915771,0.9442442655563354,93420,-9.32045730348078,3.385325151713366,-16.031083443138527,3.76307739044177,119831
Mabitac,2025,5,0.660454844921346,0.287411547766414,-1.0,0.9524098038673401,56136,-7.689111992920573,3.573572850307205,-14.11271864138533,3.6713930080811155,119253
Mabitac,2025,6,0.6948997782788514,0.2609699357196902,-0.7704917788505554,0.9390797019004822,48097,-8.089862669957808,3.4557820179835406,-14.974490309785724,3.9790413636430206,119858
Mabitac,2025,7,,,,,,-8.654945706228467,4.329862573900585,-15.804417819489947,5.356288551777226,118381
Mabitac,2025,8,0.10989557206630707,0.0,0.10989557206630707,0.10989557206630707,1,-8.373397422253978,5.062594533423222,-15.13394888779045,5.303231102866334,118555
Mabitac,2025,9,0.6491826298181896,0.32370379726941323,-0.8904991745948792,0.9269536733627319,25086,-8.412147932289162,5.387818148470677,-14.682917590351176,4.9837138848876865,119825
Mabitac,2025,10,,,,,0,-8.041618471416491,4.62000482499999,-14.840262320741175,5.323024101048739,118256
Mabitac,2025,11,0.5644620884934195,0.5335299469204043,-1.0,0.9666543006896973,49236,-8.784895230788846,4.610394878358092,-15.579031005881134,5.420467103867076,119596
Magdalena,2018,1,0.5078499313409925,0.14294578819370016,0.013388259336352348,0.8251762986183167,2522,-6.609307737211597,2.196193059551337,-13.058732303284033,2.211202147507005,82287
Magdalena,2018,2,0.7946828421684256,0.14117158666274113,-0.8747553825378418,0.9373279809951782,35460,-6.804043784285813,2.465953284985509,-13.336875174989599,2.2026963312622208,82287
Magdalena,2018,3,0.7021860272744288,0.18721824063794787,-1.0,0.9410519599914551,51543,-6.534571960637717,2.3927027016254576,-13.198425994147398,2.15109667329734,82286
Magdalena,2018,4,0.644453803443278,0.20352092528051083,-1.0,0.9593908786773682,49588,-7.636813418692586,2.4638654018902,-14.075480584105792,2.297028614141472,82287
Magdalena,2018,5,0.5726596130738544,0.19048947216504614,-0.4153074026107788,0.9251317381858826,66824,-7.731915490782589,2.4514022852502286,-13.993388957954531,2.5696775381282655,82277
Magdalena,2018,6,0.7080157361006704,0.16458899187302875,-0.5477257966995239,0.9150248169898987,36418,-6.604295798168972,2.4471516586368245,-13.339063870392122,2.294775711711971,82287
Magdalena,2018,7,,,,,,-6.305113998287458,2.2081805840101425,-12.930977388643408,2.0974044352438046,82287
Magdalena,2018,8,0.6086804463771376,0.10528175386292643,-0.09251101315021515,0.8900308609008789,58137,-7.11133179514844,2.2767346265756996,-13.710441175688343,2.1076858840291433,82284
Magdalena,2018,9,0.7213084927271324,0.13850018805719427,0.041009463369846344,0.8914105892181396,34093,-6.846916906584752,2.2922639455298213,-13.409019129189316,2.1330012829230367,82287
Magdalena,2018,10,0.6917324766584254,0.17862448259257496,-1.0,0.9117449522018433,44422,-7.244205584774522,2.4184397736756496,-13.875221378879841,2.2708681939777122,82286
Magdalena,2018,11,0.7650348440037303,0.1955593937347616,-1.0,0.9778188467025757,45753,-6.842906540918092,2.55991163550862,-13.727723531539421,2.676441243550931,82281
Magdalena,2018,12,0.6613666984100277,0.16950469053355555,-0.2282780408859253,0.9142894744873047,21649,-6.252948777308907,2.7548904825983014,-13.173313397721431,2.8923261294351135,82274
Magdalena,2019,1,0.765265076721622,0.1758429952638096,-1.0,0.9359162449836731,22288,-7.176996326845248,2.331534287778876,-14.00426720178224,2.368520115813691,82280
Magdalena,2019,2,0.7458119079585231,0.14159736038985532,-0.6428571343421936,0.9242942929267883,19854,-7.640022488008587,2.5547220121049112,-14.341533411533353,2.5004721362548943,82278
Magdalena,2019,3,0.5522448989129556,0.20153590220048864,-0.8636727929115295,0.8947184681892395,5762,-8.034843595361037,2.641794544067675,-14.638726119331864,2.6324708572511306,82282
Magdalena,2019,4,0.6259862133203027,0.1865493084361306,-1.0,0.948387086391449,82287,-8.05148071278772,2.6302289065397035,-14.617531536345583,2.657168026742283,82275
Magdalena,2019,5,0.7090444747851266,0.15973620090845322,-0.612269937992096,0.9066666960716248,38924,-7.2450440154555515,2.5403186359143426,-13.988353925836188,2.525801293798819,82280
Magdalena,2019,6,0.7471020700947916,0.2121549086652061,-1.0,0.9964476227760315,65954,-7.0812738043253365,2.4956940864903303,-13.969398114178103,2.463297660255742,82285
Magdalena,2019,7,0.7793917972083956,0.17516599532989205,-1.0,0.9588512778282166,43714,-6.626025851673094,2.3833228827939297,-13.598321387497986,2.3428213077743285,82286
Magdalena,2019,8,0.7755426154080194,0.15032039643884013,-0.42626261711120605,0.9204862713813782,23607,-6.446885565391153,2.2902453150104622,-13.09219893845674,2.233448625788515,82285
Magdalena,2019,9,,,,,0,-6.989981709620089,2.4073468984658635,-13.713537848296047,2.2455321610404195,82286
Magdalena,2019,10,0.792345377450122,0.15290878880653871,-0.21635884046554565,0.9461660385131836,21588,-6.144572170426289,2.2337769470960063,-12.712577349398332,2.011949330528872,82287
Magdalena,2019,11,0.7230965375836784,0.167916272001337,-0.2650602459907532,0.8963804244995117,38805,-6.285461462227968,2.3072040489685754,-13.046103765171713,2.187004413541764,82287
Magdalena,2019,12,0.3735517882923199,0.08187049440973773,0.18113547563552856,0.6996383666992188,1105,-7.135210312563444,2.4453423809176864,-13.939295474513765,2.6505408409913906,82271
Magdalena,2020,1,0.7647831934339254,0.15792901926469888,-0.6130895018577576,0.9406710267066956,29006,-6.973406399408788,2.3145868174357456,-13.782321957963882,2.4773193600436145,82270
Magdalena,2020,2,0.7149925280021582,0.1404929769512383,-0.3839479386806488,0.8815720677375793,69526,-7.426347625270293,2.4904782811048825,-14.255118523827077,2.4696375196852096,82277
Magdalena,2020,3,0.6751292275162155,0.19600667049915346,-1.0,0.9547359347343445,77613,-7.657342633922595,2.502807003302066,-14.212883986425439,2.3883403563856302,82285
Magdalena,2020,4,0.5994428843783345,0.17071165425518817,-0.6546310782432556,0.9373485445976257,49778,-7.72694839950443,2.524343678792022,-14.48484580655082,2.4589576833891207,82283
Magdalena,2020,5,0.7198932024507407,0.1970972277060582,-1.0,0.9450773000717163,66153,-6.776710197794331,2.4832253748837156,-13.456739043316498,2.407040009735654,82287
Magdalena,2020,6,0.7515881130219737,0.1803911181752561,-0.9354005455970764,0.9314436316490173,46058,-6.927865661987921,2.3598796650721474,-13.852354135124942,2.4110267405798282,82286
Magdalena,2020,7,0.7296330316260273,0.1426839129144884,-0.12729576230049133,0.8901360630989075,16918,-6.437428887141089,2.2866997144304255,-13.172957429084054,2.1778540442529164,82287
Magdalena,2020,8,0.7832746183992658,0.16993530681953176,-1.0,0.9485257267951965,55370,-6.7481852875194654,2.46310430013696,-13.407951719106478,2.2371419414560116,82285
Magdalena,2020,9,0.7168414298361407,0.16831788994675753,-0.16650390625,0.8505549430847168,312,-6.630332077017949,2.3025824153016115,-13.344565491295967,2.2225167063654876,82283
Magdalena,2020,10,0.7191044142549052,0.2208237445445197,-1.0,0.9325674176216125,79837,-5.6847319017371385,2.4085640175659653,-12.326569419838044,2.2000626250358937,82285
Magdalena,2020,11,0.7215795245311278,0.2311248457214512,-1.0,0.9398654103279114,73946,-6.6798470525682365,2.5287463572303253,-13.405012243987285,2.65835166669419,82275
Magdalena,2020,12,0.7579763981817202,0.22052479741636066,-1.0,0.949614405632019,77927,-6.74967724320862,2.4231610031845334,-13.605916418364295,2.654475486551318,82284
Magdalena,2021,1,,,,,,-6.870439216566237,2.256588468078919,-13.700666561819233,2.3074574646085595,82285
Magdalena,2021,2,0.6868622601412218,0.19047619667986004,0.038211967796087265,0.9096062779426575,2451,-6.232184840257276,2.5376510416566096,-12.874087259849565,2.3203698793356127,82282
Magdalena,2021,3,0.7012347719175234,0.17829830767775684,-0.9007444381713867,0.9475200176239014,76419,-7.064240949126461,2.3995057450830988,-13.899867544620742,2.309865204026173,82268
Magdalena,2021,4,0.606412087836808,0.16508787541609884,-0.34779661893844604,0.8691869974136353,21981,-7.050852070213444,2.423754671865181,-13.915393811913942,2.400808592944536,82279
Magdalena,2021,5,0.6312176636424506,0.18737322788373093,-0.5235456824302673,0.9059081077575684,62585,-7.489277586773513,2.69019803516052,-14.644099981015941,2.9555367142421014,82240
Magdalena,2021,6,0.7683785424441464,0.16017439467572178,-0.5385735034942627,0.931073009967804,45723,-6.969435411072664,2.5697744706892043,-14.067766752196576,2.7687572919405676,82266
Magdalena,2021,7,0.5666173583423475,0.13942354002124502,-0.027761369943618774,0.8142125606536865,251,-6.53541345482099,2.418309543208706,-13.393402685403492,2.3349368002321604,82280
Magdalena,2021,8,0.7656723784002603,0.1405477792182607,-0.5528942346572876,0.9129423499107361,37808,-6.655115874012305,2.3802793911014364,-13.424933204762752,2.2698672416078485,82284
Magdalena,2021,9,0.7720699162145886,0.16933529648436538,-1.0,0.9361799359321594,42787,-6.738117277796107,2.3885561823009107,-13.556351852805886,2.3151154478780613,82273
Magdalena,2021,10,0.7747898475647145,0.16621164651615647,-1.0,0.9295870065689087,43893,-6.788405428585585,2.4196641655095448,-13.445487439321433,2.460523835115233,82278
Magdalena,2021,11,,,,,,-6.456351778277095,2.7702639719984616,-13.515939896628964,2.8802747013420253,82222
Magdalena,2021,12,0.798640501274043,0.17559972771275018,-0.9763205647468567,0.9596695899963379,51409,-6.669259047496055,2.3491267757640713,-13.507490845734823,2.5862944164748987,82284
Magdalena,2022,1,0.7925191555624764,0.19399652502865608,-1.0,0.954675555229187,80609,-6.7726396533090165,2.3560644270032864,-13.55804990017699,2.5057378860523856,82282
Magdalena,2022,2,0.6412794240932319,0.1518496390981754,-0.04545454680919647,0.9158121943473816,18347,-6.662975088254208,2.2787867909479425,-13.223077833794864,2.2304801036078907,82287
Magdalena,2022,3,0.7314274664675984,0.19366922145769538,-1.0,0.9630231857299805,68802,-6.909029922074585,2.2305698947279677,-13.540751368240965,2.116184731362715,82285
Magdalena,2022,4,0.7269415383871003,0.1594144274549816,-0.4514285624027252,0.9000895023345947,26269,-6.398414264710632,2.29338453394649,-13.055204529196121,2.254194088749611,82283
Magdalena,2022,5,0.7331698698438517,0.18978561424080748,-1.0,0.9298798441886902,46461,-6.2659425334740435,2.4360213995791185,-13.10923278860681,2.3484716492396824,82285
Magdalena,2022,6,0.7539439645471552,0.16537672131182532,-0.6027972102165222,0.928123950958252,23266,-6.138887703910176,2.5813524483088472,-13.163166061326507,2.675249711408959,82283
Magdalena,2022,7,0.4227460655417754,0.08467891335377031,0.20637328922748566,0.5808416604995728,137,-6.09988465969394,2.251762472531932,-12.854988050180792,2.2094135466604437,82287
Magdalena,2022,8,-0.031528519466519356,0.013793965801596642,-0.045322485268116,-0.017734553664922714,2,-6.2912195919131975,2.3917390961975826,-12.89334119212338,2.1716559674013007,82284
Magdalena,2022,9,0.6784516732022918,0.15093810812734426,-0.3322884142398834,0.858472466468811,22654,-6.254968785269104,2.269759921661013,-12.848215568390307,2.1357456901599607,82287
Magdalena,2022,10,0.7990092497669153,0.19082770573159613,-1.0,1.0,69593,-6.027948687628557,2.426112524603871,-12.671745148780012,2.3692044498167038,82279
Magdalena,2022,11,0.4658246964119089,0.16521376256185244,0.02636534906923771,0.7591925263404846,3260,-6.266109620495235,2.6993066471178944,-12.971097411970707,2.747999842104753,82277
Magdalena,2022,12,,,,,,-6.952543831997999,2.3817299301585853,-13.689831074387747,2.6287302398967975,82283
Magdalena,2023,1,0.7765127383227566,0.16002841542580698,-0.5983935594558716,0.9295088052749634,60442,-6.8447208993172906,2.3339106704350865,-13.573192574625635,2.5171270867991566,82282
Magdalena,2023,2,,,,,,-6.782130481048064,2.24617031875258,-13.532043617058784,2.2757088674359847,82286
Magdalena,2023,3,0.527464760541948,0.14281289002975417,-0.001552795059978962,0.8438078761100769,8309,-7.369866779642148,2.341980130213805,-13.87703394262991,2.3261078792111896,82285
Magdalena,2023,4,0.6766903594348161,0.18146482794110472,-0.4793028235435486,0.9111847877502441,52048,-7.2076203579320905,2.306889056782332,-13.85965772583139,2.349671101304172,82278
Magdalena,2023,5,0.6260867077351674,0.2472425846382381,-0.16363635659217834,0.8956165909767151,3340,-7.142642702130142,2.53286920890612,-13.923534420300857,2.621934774632526,82274
Magdalena,2023,6,0.756037834001682,0.1740024451668708,-1.0,0.9240564107894897,40030,-6.557837004473332,2.3194066566086464,-13.481204770544238,2.3133812159036946,82286
Magdalena,2023,7,0.7210774781857614,0.162217772299242,-0.7599244117736816,0.9076331257820129,53291,-6.387713610578287,2.352787666850824,-13.157988117539185,2.3104223447156818,82286
Magdalena,2023,8,0.7414780763784533,0.12916276659475684,-0.3728395104408264,0.8851298093795776,50261,-6.537784484110212,2.517505739705487,-13.10598495249779,2.4844246366492517,82285
Magdalena,2023,9,0.7840378717018932,0.19123608594524627,-1.0,1.0,70542,-6.168959173662267,2.293265084937703,-12.884697879753356,2.2049801863505643,82287
Magdalena,2023,10,0.7010254409408921,0.1680455135270202,-1.0,0.920722246170044,55569,-6.102876333077024,2.4104886655780207,-12.81789278104408,2.3364622274424742,82287
Magdalena,2023,11,0.7116201799823519,0.18250547114131932,-0.6759098768234253,0.9340136051177979,49946,-6.135547954973976,2.6423408125021703,-12.865027354607781,2.665117018710871,82269
Magdalena,2023,12,0.7701186053479744,0.20283263976790447,-0.949999988079071,0.9319702386856079,68419,-6.347576475803058,2.570417599123748,-13.163657948294288,2.6836160953946573,82277
Magdalena,2024,1,0.5877355047606697,0.14480442639707883,0.294545441865921,0.8390851616859436,913,-6.7087080712565506,2.444644924246406,-13.474632959024232,2.513528753014101,82285
Magdalena,2024,2,0.7501648138709223,0.1741075548833627,-1.0,0.9457231163978577,73241,-7.18195021878871,2.2685453556033797,-13.804569866006021,2.2446238459004104,82287
Magdalena,2024,3,0.5972242925269214,0.15282400995049938,-0.6086105704307556,0.8843061923980713,56520,-7.429918117389465,2.3765653308832233,-13.855123057961093,2.432963735707746,82283
Magdalena,2024,4,0.5991713047985707,0.19184219794145904,-1.0,0.9634011387825012,25665,-7.850438753184621,2.6000161824099908,-14.600328117149328,2.798574141537305,82271
Magdalena,2024,5,0.5697834568328999,0.1993533705239353,-1.0,0.939296543598175,68684,-7.020555393070278,2.374387206082187,-13.5497124406682,2.520716699175058,82277
Magdalena,2024,6,0.7372225399814516,0.19548109524670476,-1.0,0.9303549528121948,56859,-6.644746634986907,2.246704759824979,-13.577756443957925,2.3792211915356987,82283
Magdalena,2024,7,0.5042298786651663,0.10012222654694353,0.1480846256017685,0.8531153798103333,20220,-6.730476485676974,2.631560349062918,-13.707572410165106,2.6659941069333266,82234
Magdalena,2024,8,0.6903678624819977,0.1625234262878558,-0.3450865149497986,0.8841488361358643,38978,-6.257617558574947,2.3725532219397687,-12.78975816859935,2.253274163661636,82284
Magdalena,2024,9,0.7742179406218288,0.16934671586552766,-1.0,0.9358837604522705,74482,-6.424524893163761,2.427331905179782,-13.26192371729424,2.370182349602386,82280
Magdalena,2024,10,0.7692912856915165,0.18400497132270183,-0.0656934306025505,0.8985663056373596,252,-6.092643933696089,2.185299358240729,-12.564351111602704,2.2049989561817913,82282
Magdalena,2024,11,0.6590408754979222,0.19716044206562644,-0.4311648905277252,0.880120575428009,7588,-6.864099807994579,2.4095009157381084,-13.591812237725916,2.540083538211239,82265
Magdalena,2024,12,,,,,,-6.40363218229595,2.5528791747254767,-13.18835551985936,2.783116971986143,82278
Magdalena,2025,1,0.43338953400335045,0.11338433433183236,0.0548953041434288,0.8472727537155151,5161,-6.462727735326228,2.2792004709427927,-13.249778013222027,2.414022671424205,82280
Magdalena,2025,2,,,,,,-6.907312474313733,2.361028547987322,-13.543109080139892,2.4457219518824505,82281
Magdalena,2025,3,0.7668664648617136,0.17225328930996675,-0.8035714030265808,0.9246278405189514,70798,-6.674182713707876,2.207186923191353,-13.363790308521262,2.1995924620509326,82283
Magdalena,2025,4,0.7336659962165956,0.1306817618012284,0.00032605152227915823,0.9114218950271606,1655,-8.065046806954035,2.596098088263856,-15.039697017898668,2.4398762966174656,82287
Magdalena,2025,5,0.7523881177578559,0.21133270308886545,-1.0,0.9658883213996887,68043,-6.881356231354792,2.4590252866047324,-13.750400413872239,2.4728041133369665,82281
Magdalena,2025,6,0.7708739004558897,0.208286167808119,-1.0,0.9465997219085693,70709,-7.037400842621221,2.5707086020001264,-13.961796126856989,2.4456529914362872,82284
Magdalena,2025,7,,,,,,-7.031244355141088,2.4939522804110124,-13.617787647309022,2.473332080176201,82286
Magdalena,2025,8,0.7834082313963163,0.1619570791977421,-0.5101625919342041,0.936149001121521,23689,-6.431496308753984,2.391223701312377,-12.943892560928703,2.309667711693456,82286
Magdalena,2025,9,0.7337020349450522,0.1510030760462041,-0.2922917604446411,0.9498922228813171,32001,-6.188910342391897,2.4070545489166806,-12.741610552581829,2.1015796946559746,82287
Magdalena,2025,10,,,,,0,-6.3850848715895925,2.250202881196997,-12.944312010812114,2.187726353614351,82287
Magdalena,2025,11,0.750575060318167,0.18555831099091416,-1.0,0.9354279637336731,22542,-6.852245093864081,2.6077459222903725,-13.580727863397845,2.4935236975263373,82285
Majayjay,2018,1,0.7587982210750482,0.15626752951973544,-0.03688933327794075,0.9326978921890259,59494,-6.600968809137483,2.403829427836914,-13.09523015988818,2.4793001332460447,151560
Majayjay,2018,2,0.8199456972441758,0.12218674258625896,-0.6427184343338013,0.9391198754310608,116985,-6.514205918749254,2.569244185198275,-13.145401217579632,2.433157171693611,151540
Majayjay,2018,3,0.8039608938134954,0.13429695847837628,-0.8414414525032043,0.9447368383407593,78431,-6.266972388144528,2.4915469637763246,-13.00384880942349,2.325550472124542,151534
Majayjay,2018,4,0.7702855619946826,0.17503317620418649,-0.8394495248794556,0.9602811932563782,85322,-7.2500865352424375,2.4631606129862793,-13.741713919684335,2.319401135336089,151533
Majayjay,2018,5,0.7507655655035104,0.1660014318725618,-0.639072835445404,0.9250609874725342,110324,-7.0531696244204936,2.475681099327908,-13.320676391014725,2.5061923799104795,151549
Majayjay,2018,6,0.7400337594681979,0.15722186276746833,-0.49543219804763794,0.9225570559501648,35297,-6.862273254427213,2.6800127251695804,-13.546429932532122,2.6538138805889018,151529
Majayjay,2018,7,,,,,,-6.499181948003583,2.342446337036689,-13.20457020311575,2.3460194713519495,151557
Majayjay,2018,8,0.4721379394200961,0.07579195717484548,0.21699313819408417,0.7025657296180725,9171,-7.1140676024237965,2.4012963076496794,-13.742436067636026,2.3979187784161717,151523
Majayjay,2018,9,0.7596325935743824,0.12435294728898717,-0.3532668948173523,0.9063510894775391,77880,-6.978722603979194,2.5440240326387267,-13.476356049697202,2.4699100164692127,151521
Majayjay,2018,10,0.7195586884048457,0.18700893860923398,-0.12222640216350555,0.9129969477653503,22940,-6.798329696536922,2.487576289449456,-13.394085973552475,2.399771481289814,151518
Majayjay,2018,11,0.8270814616722616,0.14955268467890132,-0.6552250385284424,0.989276111125946,52191,-6.441060248732816,2.517574156119056,-13.175049743861653,2.4759985173510177,151517
Majayjay,2018,12,0.6694356791538715,0.20920596007021663,-0.49550896883010864,0.9219427704811096,18653,-6.273305513871033,2.7089058231986898,-13.037638725107499,2.7170355299987854,151517
Majayjay,2019,1,0.7345294159515583,0.18017934574453975,-0.39427515864372253,0.9322879314422607,21766,-6.822888269390135,2.505286907125958,-13.711625786011203,2.605477232136384,151513
Majayjay,2019,2,0.8172667965922378,0.11954928420324311,-1.0,0.9399699568748474,47027,-7.3004080973380665,2.631688635098081,-14.14866028617249,2.727571761209376,151467
Majayjay,2019,3,0.6985597221889924,0.15280693147797536,-0.5053763389587402,0.9320651888847351,61777,-7.557372276203313,2.6588309842857485,-14.104435110322997,2.6517054823357906,151479
Majayjay,2019,4,0.7781270408662929,0.14803757486211627,-0.6320754885673523,0.9484736323356628,131270,-7.621488749818997,2.6837319673174607,-14.046786428631988,2.6366320043801896,151461
Majayjay,2019,5,0.7936036803062481,0.13166125157375133,-0.21579961478710175,0.9162322878837585,53172,-6.999027690963389,2.6138430643672486,-13.702226754015957,2.604822435574357,151473
Majayjay,2019,6,0.8213050038484494,0.1596382876430828,-1.0,0.958730161190033,48262,-7.090429363054492,2.451693768577119,-13.92951528473955,2.4521934145484576,151519
Majayjay,2019,7,0.8000908506038292,0.17421601744913234,-0.655102014541626,0.9701715111732483,69974,-6.469562107990992,2.411551208224519,-13.277199316634208,2.3882865080658453,151523
Majayjay,2019,8,0.795782930640985,0.1378462097580548,-0.5795981287956238,0.9325658082962036,99739,-6.399177397856394,2.3579238578291095,-13.159407838073323,2.3878566924304785,151549
Majayjay,2019,9,0.5428015744792564,0.1140259836892278,0.09115341305732727,0.8741850256919861,13128,-7.032803424048596,2.5500999743954087,-13.698400311244121,2.474793240287486,151515
Majayjay,2019,10,0.7936549380460605,0.15619663000689268,-1.0,0.947833776473999,56660,-6.123433957616013,2.3498829860802473,-12.743149068135935,2.2626990709558195,151523
Majayjay,2019,11,0.7442686217296762,0.12828074663648525,-0.07943925261497498,0.8940697312355042,54295,-6.44360993696872,2.3763223038350896,-13.189175083808495,2.296206883075924,151524
Majayjay,2019,12,0.5172441621527663,0.13223088041616213,0.1661614030599594,0.8881213068962097,9005,-6.807726709157757,2.5268663779697125,-13.568785563294787,2.574175045754699,151517
Majayjay,2020,1,0.8079719594630336,0.1518808016411186,-1.0,0.9757738709449768,78636,-6.803404452226108,2.4623370336552814,-13.62512416091759,2.6457024594949594,151404
Majayjay,2020,2,0.6925726606418505,0.136629536744195,-0.13149021565914154,0.8595381379127502,30196,-6.739041505492733,2.59852979485588,-13.635444847295126,2.5753699815386324,151501
Majayjay,2020,3,0.8054722874276697,0.14107352468823706,-1.0,0.9529070854187012,151560,-7.2862383057584585,2.5730220736882723,-13.877698765051088,2.536702246223048,151512
Majayjay,2020,4,0.7382889877562565,0.14874806330637746,-0.1001494750380516,0.9330638647079468,98694,-7.315294987069981,2.5425668830903767,-14.017951270421024,2.49888240808025,151494
Majayjay,2020,5,0.7652614785631527,0.1770937601692674,-1.0,0.9436251521110535,71628,-6.606895935113247,2.5174186536050036,-13.17184583296338,2.483962269743978,151510
Majayjay,2020,6,0.7876745906642587,0.14747284736082916,-1.0,0.9311136603355408,56887,-6.635313270778288,2.4301949901523487,-13.415686843011404,2.4559921005975096,151520
Majayjay,2020,7,0.7948625288803148,0.09995166476136272,0.01308139506727457,0.9017412662506104,28362,-6.328501990974063,2.2771307013842255,-13.175157391414427,2.262445436805522,151553
Majayjay,2020,8,0.8247461881617153,0.12896114656113647,-0.3489583432674408,0.9429318308830261,63947,-6.690619751603821,2.418283917264002,-13.345196877896948,2.3641959323213113,151497
Majayjay,2020,9,0.25291128619263564,0.23970132129930258,-0.07040555030107498,0.5301286578178406,75,-6.366780655594963,2.385249557686741,-13.149390629998889,2.385416855794241,151546
Majayjay,2020,10,0.7327758917570615,0.17839194338380523,-0.9352996945381165,0.9354094862937927,81885,-5.7328447574241705,2.372444986791287,-12.244551005794108,2.2910893354278734,151522
Majayjay,2020,11,0.7861584306710161,0.16032626648171683,-0.5237483978271484,0.9416581392288208,62869,-6.410842692481591,2.5038896479755923,-12.990864427024848,2.537370479402527,151516
Majayjay,2020,12,0.8076348010969424,0.17089407458960754,-1.0,0.9578414559364319,105598,-6.689142789604037,2.548769075361859,-13.381255064812589,2.659741642437576,151514
Majayjay,2021,1,,,,,,-6.682550867943302,2.4023636047769306,-13.491405983431443,2.508800587619462,151511
Majayjay,2021,2,0.7663603582177497,0.16025136939547488,-1.0,0.9347057342529297,21948,-6.264682248588374,2.6212147671254744,-12.936446867108515,2.5896261258060216,151506
Majayjay,2021,3,0.7022972009668339,0.14520250453969474,-0.43488943576812744,0.9493634104728699,122235,-6.932128100655503,2.4184084248221427,-13.639502956968325,2.4163524054299224,151435
Majayjay,2021,4,0.7023443227046062,0.11001347317649975,0.10529729723930359,0.8613138794898987,37520,-6.878627544418817,2.4141480963080117,-13.618105368617472,2.410078082201331,151467
Majayjay,2021,5,0.7405710107920097,0.14912230890142764,-0.21182265877723694,0.9059081077575684,40098,-6.930773748144432,2.5227316383165252,-13.907889288683613,2.600119242335002,151443
Majayjay,2021,6,0.755445225277895,0.1610660472781173,-0.4939172863960266,0.9339289665222168,107520,-6.952612413449494,2.6014329976380566,-13.82150629724813,2.7286752569438786,151425
Majayjay,2021,7,,,,,0,-6.496221449402024,2.3638537495487943,-13.176970339754515,2.4341028505484013,151472
Majayjay,2021,8,0.8079236337172099,0.14740997223261504,-0.008462212048470974,0.8958153128623962,733,-6.611870635802621,2.453014390908463,-13.46424822528993,2.4421364733700344,151546
Majayjay,2021,9,0.8193957305542332,0.12522029115300326,-0.5968858003616333,0.9353023767471313,94115,-6.842244400771417,2.5325675280526014,-13.52145967953438,2.5366955436680807,151446
Majayjay,2021,10,0.8212281124205192,0.12597083779261525,-0.4274570941925049,0.9255813956260681,30161,-6.561186438656323,2.3616872060880887,-13.27110118231017,2.409335767690642,151534
Majayjay,2021,11,,,,,,-6.068394309668754,2.5290916397320022,-12.843469457024748,2.50644410458025,151497
Majayjay,2021,12,0.800355021391439,0.18119926835181943,-0.4939369559288025,0.9602879285812378,95553,-6.60765076522738,2.511779696834851,-13.291799462459121,2.6265459515401446,151551
Majayjay,2022,1,0.8259637579513485,0.17087648330874666,-1.0,0.9487507939338684,65641,-6.643313521990912,2.53310472475679,-13.452521356503565,2.700640056030723,151547
Majayjay,2022,2,0.5421822359538886,0.16397800551170022,-0.07921462506055832,0.9034624695777893,32944,-6.446756352263319,2.363639044961631,-13.1492386636224,2.419204825787698,151545
Majayjay,2022,3,0.7917519726491516,0.14677252805718036,-0.760765552520752,0.9632590413093567,56111,-6.692135918731371,2.25805364937909,-13.395485810285393,2.2389269161643677,151550
Majayjay,2022,4,0.7654667589523055,0.1459683497084326,-0.643203854560852,0.9172675609588623,71757,-6.390956751672514,2.345486396256903,-13.014470881871853,2.364491013008146,151544
Majayjay,2022,5,0.7535155987667812,0.16277937046124902,-0.52187180519104,0.9219689965248108,22373,-6.177852212013443,2.2446208415912987,-13.003529968048595,2.241001222180142,151552
Majayjay,2022,6,0.7861163616593642,0.17342820386916122,-0.8989899158477783,0.9390756487846375,110563,-6.12929972488711,2.5526133390458368,-12.994254997075053,2.583343225280927,151548
Majayjay,2022,7,0.7815004534053857,0.12937634522810154,-0.015993906185030937,0.9172556400299072,12250,-6.135656554380464,2.275527502564351,-12.90075286405614,2.3008466430204724,151552
Majayjay,2022,8,0.6988961297899082,0.1311486010516252,-0.1099000871181488,0.8558027148246765,27909,-6.2183385247639835,2.3399275865569096,-12.875667523467632,2.3362876092318476,151552
Majayjay,2022,9,0.7171821588307485,0.10472087722865057,-0.3379446566104889,0.8650387525558472,46489,-6.5799177411958825,2.3459335189709125,-13.297231115973384,2.347341906753221,151548
Majayjay,2022,10,0.8357607983943701,0.14470396873313024,-1.0,1.0,74310,-6.20509964041374,2.422286524135103,-12.820290581471497,2.442087686186666,151548
Majayjay,2022,11,0.6726719412295322,0.1580324374532374,-0.027739251032471657,0.8835736513137817,22732,-6.241848380855004,2.4047612811748693,-12.882962848073038,2.4530204648914786,151546
Majayjay,2022,12,,,,,,-6.644997595290102,2.454192945643758,-13.294965889024239,2.5603605502083537,151548
Majayjay,2023,1,0.7701002581305844,0.16225604653768472,-0.27234041690826416,0.9255205988883972,19331,-6.293176418105401,2.5026817094083555,-12.951648706319762,2.6739501006406803,151539
Majayjay,2023,2,,,,,,-6.531026590007938,2.3587864172439423,-13.371607717485325,2.4326365945448787,151542
Majayjay,2023,3,0.4621010188824776,0.18220085330292696,-0.06810865551233292,0.7933059334754944,14325,-6.895572439870661,2.3631589295231428,-13.452235681567725,2.382065706073514,151543
Majayjay,2023,4,0.7438933304899642,0.1476187777464154,-0.9006211161613464,0.9183608293533325,67667,-6.930568395883405,2.3871527371228947,-13.508631440066303,2.3885671351121753,151535
Majayjay,2023,5,0.7631491537815438,0.16857823541590689,-1.0,0.9289417862892151,52347,-6.7500559721592275,2.4661381081311506,-13.529097249004456,2.5114436383402663,151534
Majayjay,2023,6,0.7725127612533182,0.16335195425900398,-0.7539682388305664,0.9176800847053528,45874,-6.388638005802577,2.3149626753939287,-13.321852795786524,2.3449900522702065,151552
Majayjay,2023,7,0.7688948731041957,0.12268804290477045,-0.5424688458442688,0.9146016240119934,51959,-6.380937045743729,2.3549644038548014,-13.174333634532573,2.3706639727979932,151555
Majayjay,2023,8,0.768940673740052,0.11672031010349869,-0.2725694477558136,0.8908616304397583,58165,-6.257469990398097,2.454293886015021,-12.908298948859384,2.475456637570174,151551
Majayjay,2023,9,0.7811060763787255,0.15558724950181907,-1.0,0.978672981262207,79458,-6.277918805419799,2.3698381226038636,-13.098075146860756,2.3522042176514284,151546
Majayjay,2023,10,0.7323632422865206,0.1747404975966907,-1.0,0.9233226776123047,14892,-6.169888346388745,2.4488967284840246,-12.879907474689983,2.4514620404156107,151532
Majayjay,2023,11,0.7196362065850814,0.2036753123088466,-0.3700440526008606,0.9359785318374634,67068,-6.137231492617435,2.439353419245181,-12.79742472699824,2.4797946981097425,151541
Majayjay,2023,12,0.8114103695152552,0.17007279894253463,-1.0,0.9649614691734314,78563,-6.419158298168329,2.598670821556126,-13.139638249376208,2.675608239632508,151535
Majayjay,2024,1,0.5453700134386399,0.14990916538077678,-0.06282158941030502,0.8772706389427185,15322,-6.417442470056015,2.5187501262913545,-13.22248773537178,2.653273946823515,151544
Majayjay,2024,2,0.8187318980861686,0.1284644822758049,-0.700141429901123,0.9492385983467102,89993,-6.623535319205589,2.2759901949731063,-13.369659893965236,2.2828944004384524,151552
Majayjay,2024,3,0.7047325312771696,0.13189782138043207,-0.011197243817150593,0.8982865214347839,50896,-6.742130348870695,2.374495337219855,-13.243779622824661,2.360765684708082,151544
Majayjay,2024,4,0.7791677186050169,0.18065691590276733,-1.0,0.9634011387825012,125981,-7.193574622244497,2.507314867906858,-13.790769649321032,2.5563079823429633,151540
Majayjay,2024,5,0.7112537074807749,0.17746787839720155,-0.6658031344413757,0.9393521547317505,115003,-6.847735967448757,2.3387452358976017,-13.339800866624616,2.3795141261157813,151539
Majayjay,2024,6,0.7559196451521318,0.16365823961588433,-0.5286195278167725,0.9200621843338013,34460,-6.565961631961809,2.2597795699723844,-13.315894701791388,2.351144337371962,151543
Majayjay,2024,7,0.5337409816472427,0.11496317330492976,0.22411710023880005,0.892126202583313,36064,-6.770294414674187,2.5033542985048753,-13.529707297981275,2.6348050383834445,151331
Majayjay,2024,8,0.6453745970577204,0.11725075466474577,0.19786730408668518,0.870239794254303,23809,-6.039069216220656,2.3301578546352792,-12.784297108362665,2.353888465526991,151547
Majayjay,2024,9,0.8079335748230917,0.12692109399982918,-0.830866813659668,0.9313983917236328,113636,-6.4740447450326,2.4523930832515353,-13.358457676864914,2.4721060727715423,151541
Majayjay,2024,10,0.14437278353570127,0.29429117552811807,-0.08169727772474289,0.8631452322006226,625,-6.280588430098951,2.2668727241053093,-12.661230706452171,2.2886589024235042,151547
Majayjay,2024,11,0.6746462195849194,0.13885553950012072,-0.21304991841316223,0.8706803321838379,26475,-6.684934152356957,2.406619562314428,-13.270237513237138,2.468083458888001,151524
Majayjay,2024,12,,,,,,-6.233585026176704,2.4409987179504626,-12.773540611712507,2.5336773341031034,151551
Majayjay,2025,1,,,,,0,-6.258275140817502,2.386108375716015,-12.93152338741931,2.5633478702391606,151545
Majayjay,2025,2,,,,,,-6.603855581718343,2.4407506768759255,-13.246636862870197,2.541340967908562,151542
Majayjay,2025,3,0.7854956438981048,0.12919774573483453,-0.37791600823402405,0.9143847227096558,49117,-6.541330953835797,2.297899866483031,-13.221087794682846,2.265598339791606,151549
Majayjay,2025,4,0.726567034961855,0.1448751784569126,-0.0040655736811459064,0.9260312914848328,45405,-8.102333308381922,2.677941640547907,-14.789049003789808,2.5815811190802944,151517
Majayjay,2025,5,0.8019373111970929,0.1699846866219366,-0.9108527302742004,0.9631514549255371,83450,-6.680599636033412,2.3688927512186773,-13.494899524503744,2.4175112021506107,151539
Majayjay,2025,6,0.8026654824488264,0.17448260153090384,-1.0,0.9471458792686462,93215,-6.968448930407107,2.4810116041721924,-13.706574664930843,2.399792208740485,151525
Majayjay,2025,7,,,,,,-7.196516879407486,2.5244135609592906,-13.567335744144634,2.5685900835590814,151510
Majayjay,2025,8,0.7858403336338743,0.14068565079334022,-0.7885196208953857,0.9268255829811096,18264,-6.342377194047126,2.3767636521142292,-13.010165225952866,2.3357592481712346,151560
Majayjay,2025,9,0.7135966313201169,0.16547472575275274,-0.06483138352632523,0.9271290898323059,22039,-6.457779360220606,2.508858675143995,-13.005476595116624,2.3965376936254206,151533
Majayjay,2025,10,0.37286146426642375,0.04242037843277106,0.26583239436149597,0.45070651173591614,108,-6.512074733855543,2.3506593482513893,-13.107737047374801,2.3519275732970923,151555
Majayjay,2025,11,0.7684914371006665,0.16817254437372947,-1.0,0.9355067610740662,101042,-6.792827842577437,2.5131076924080578,-13.368201327215544,2.4470229242711876,151523
Nagcarlan,2018,1,0.7503989020752585,0.15521506420836215,-0.05253104120492935,0.9241286516189575,92323,-6.193567202251397,2.1114663973678756,-12.714980438748036,2.1671148521134214,189949
Nagcarlan,2018,2,0.8169610081379047,0.12468884758257266,-0.30209729075431824,0.932068407535553,139871,-5.987566556539531,2.334285647358926,-12.81480933666649,2.141718096547404,190201
Nagcarlan,2018,3,0.7864011331351026,0.14040091296413126,-0.1576308310031891,0.9349805116653442,100582,-5.766678926726785,2.272063505435663,-12.78173009258473,2.03049841781661,190201
Nagcarlan,2018,4,0.7714784633892697,0.16442394211811026,-0.268560528755188,0.9467849135398865,138570,-6.512096618418658,2.209858176494828,-13.29510379695519,2.0201811269872123,190201
Nagcarlan,2018,5,0.749005264422169,0.14680321062502408,-0.205852672457695,0.9112290143966675,110363,-6.539319707004487,2.2127849675510767,-13.007254353062761,2.2692446838974547,189880
Nagcarlan,2018,6,0.7635430597402344,0.14796255230547797,-0.08385481685400009,0.9155782461166382,69214,-6.090276691230706,2.3953167318627915,-13.053895607618166,2.2515607892899556,190200
Nagcarlan,2018,7,,,,,,-5.8811743924500535,2.129434486856611,-12.75651125274554,2.1431488694147367,189847
Nagcarlan,2018,8,0.5658154981786555,0.12615308375320003,0.3145935833454132,0.8277861475944519,275,-6.406518089731054,2.1707428145277796,-13.341027500599543,2.045009742972591,190200
Nagcarlan,2018,9,0.7675162972043653,0.1237945620867798,-0.17598243057727814,0.902148425579071,103283,-6.2812136718623455,2.2750159089094653,-13.192030213220042,2.133648244203639,190201
Nagcarlan,2018,10,0.7739688611880907,0.13786772206768652,-0.21637684106826782,0.9157464504241943,38861,-6.397876247884463,2.2899216838279144,-13.355099610824087,2.1153137920931107,190201
Nagcarlan,2018,11,0.8400350341368362,0.15339355029059226,-0.3963838517665863,0.9963833689689636,148001,-5.8786489003672955,2.2367194591280373,-12.889818542435519,2.042829032493506,190201
Nagcarlan,2018,12,0.6340811782005337,0.19534167254412244,0.08206245303153992,0.9053063988685608,36530,-5.6531621758948,2.31175428313912,-12.635426299071538,2.198088020463046,190200
Nagcarlan,2019,1,0.8277540431325386,0.1189841132864239,-0.36592236161231995,0.944527268409729,75308,-6.377616649688314,2.247885813552278,-13.382989055307487,2.178382161833579,190200
Nagcarlan,2019,2,0.8212365322275996,0.1101720246021758,-0.1498470902442932,0.9314237236976624,124245,-6.666938936502181,2.3868348091950096,-13.629266994966759,2.318745373791401,190199
Nagcarlan,2019,3,0.7652597557854725,0.15160111623309627,-0.1385520100593567,0.9357444643974304,95943,-6.905943028683807,2.420932866449413,-13.626124943790598,2.2648232194318045,190198
Nagcarlan,2019,4,0.7771024349844697,0.13526757007015666,-0.2607578635215759,0.9435498118400574,170323,-6.9458043120507424,2.440463406445125,-13.5888421569309,2.270434100220663,190200
Nagcarlan,2019,5,0.7920202215127949,0.1351452557289045,-0.11819273233413696,0.9189422130584717,55162,-6.551157275255045,2.3958193186527494,-13.420063493641315,2.229033511378594,190200
Nagcarlan,2019,6,0.8418933185739291,0.12883460590138052,-0.10121256858110428,0.9773070812225342,86012,-6.006519968125333,2.1952542978233907,-13.004447501249027,2.0050716566420386,190201
Nagcarlan,2019,7,0.8500217274206121,0.1420024040822457,-0.28358209133148193,0.9832797646522522,149295,-6.025346665691028,2.174936029244667,-13.092221968982347,1.9904989071784438,190201
Nagcarlan,2019,8,0.8080657308060862,0.1380450600471927,-0.23885561525821686,0.9377393126487732,122762,-5.984848442306393,2.1535666245265572,-12.801935365715144,2.2121212279135554,190075
Nagcarlan,2019,9,0.5588047611065929,0.13996209208489746,0.21425999701023102,0.8805674910545349,8451,-6.378818461130517,2.3089723714168597,-13.397340334214038,2.1890015576009763,190201
Nagcarlan,2019,10,0.826641793708774,0.141076777225085,-0.15527011454105377,0.9391100406646729,102292,-5.6983174416916516,2.164639784601883,-12.549154974947605,1.9579147306513802,190201
Nagcarlan,2019,11,0.7590888220302574,0.13073713249940538,-0.2706165015697479,0.9000852704048157,97014,-5.887523829928152,2.200553881188949,-12.859920742633404,1.9779047947370492,190201
Nagcarlan,2019,12,0.7860031553048737,0.1461003423143487,-0.26139089465141296,0.9343026280403137,143274,-6.362907764139974,2.2524875759290377,-13.285085099128212,2.125029424831195,190201
Nagcarlan,2020,1,0.8131503284677751,0.10931148933494675,-0.01938983052968979,1.0,63594,-6.313909506448141,2.2686056538772066,-13.304758331306983,2.213339344699747,190195
Nagcarlan,2020,2,0.7137004609242962,0.1700166002831946,-0.27980294823646545,0.9031578898429871,25800,-6.501572081041556,2.3670845831807306,-13.503709271382998,2.234353978732637,190200
Nagcarlan,2020,3,0.7914348365622552,0.13707785413448767,-0.28679654002189636,0.9458975791931152,155881,-6.630874665245763,2.3345718597291936,-13.431689039645924,2.157323200379403,190200
Nagcarlan,2020,4,0.7391203341496184,0.1405861329736258,-0.09567336738109589,0.9219462871551514,93404,-6.704337517309163,2.3506363791627654,-13.602875613430074,2.1907700032939093,190200
Nagcarlan,2020,5,0.7776403477495843,0.1401823867420657,-0.26449474692344666,0.9186684489250183,97904,-6.244245894910728,2.347303903417315,-13.065233198023785,2.1697272623093564,190201
Nagcarlan,2020,6,0.7858115544482644,0.13198822891244075,-0.267011821269989,0.9213973879814148,75885,-5.998406921006745,2.2131049879447033,-12.987580113242881,2.05281245123399,190201
Nagcarlan,2020,7,0.7545861652318793,0.12770893607235892,-0.005752636585384607,0.8868928551673889,40014,-6.135134913513246,2.0650834496541774,-13.07998475601401,2.0973796002575713,190196
Nagcarlan,2020,8,0.8257435586263698,0.1319389463988625,-0.2761801481246948,0.9407855272293091,130171,-6.1145857956850005,2.246764258754854,-13.096708655728813,2.0545962864650504,190201
Nagcarlan,2020,9,0.6750641178031546,0.1512368008782537,0.15694092214107513,0.8673612475395203,2043,-5.9983240164803595,2.13664271664411,-12.783566436859974,2.153286341094815,190188
Nagcarlan,2020,10,0.7969451303033682,0.14623387291323653,-0.4094412326812744,0.9277364611625671,121305,-5.349054952592921,2.2103246258010056,-12.157326325055475,1.9824183646741904,190201
Nagcarlan,2020,11,0.8023019320684219,0.142882427879638,-0.3361838459968567,0.9339308738708496,82052,-6.04306154359653,2.328667183416815,-12.839506851085664,2.2518470833489745,190200
Nagcarlan,2020,12,0.8264881047996322,0.1298614936201526,-0.4062875807285309,0.9424999952316284,101628,-6.118198970993093,2.3034058526002514,-13.042643151924468,2.25436380085059,190201
Nagcarlan,2021,1,,,,,,-6.248376750420786,2.217839703332905,-13.162349998512743,2.0828380196862435,190201
Nagcarlan,2021,2,0.801790671179689,0.11555386355558243,0.004460771568119526,0.9280747175216675,23675,-5.79654428077524,2.4315723895333132,-12.671522395503423,2.2084943672778516,190200
Nagcarlan,2021,3,0.7734294457272074,0.15273150476813524,-0.2972579598426819,0.9291837215423584,102346,-6.249478620153865,2.208508012933428,-13.24065930691576,2.0516843174622257,190197
Nagcarlan,2021,4,0.6981790342422051,0.14397782483924879,-0.11590761691331863,0.8652482032775879,52810,-6.241924526701815,2.2416083404148286,-13.287545160260748,2.0899528352691035,190201
Nagcarlan,2021,5,0.7636457900227744,0.1483748210011623,-0.13313667476177216,0.9076923131942749,60913,-6.300370052062822,2.342262639848781,-13.388489292324772,2.2356167006613092,190194
Nagcarlan,2021,6,0.7769142761605369,0.14254771337346703,-0.2144436240196228,0.9252273440361023,67067,-6.263390266273626,2.3976769789745376,-13.362140855769672,2.336873840228323,190197
Nagcarlan,2021,7,0.5540053993463516,0.044292000741928815,0.5033246874809265,0.6066845655441284,4,-5.961489790910791,2.2385983286803857,-12.93368245347941,2.0980992059430084,190201
Nagcarlan,2021,8,0.782149512560289,0.1635388864754677,-0.07427938282489777,0.8968542814254761,8673,-6.254810231036935,2.2643265830388324,-13.266659839466604,2.3024085839577966,190185
Nagcarlan,2021,9,0.787189168992526,0.1436658222833458,-0.41035160422325134,0.9245209693908691,31431,-6.219105033472611,2.332242008916063,-13.26418928458651,2.1957862229776666,190198
Nagcarlan,2021,10,0.8240089533609252,0.1088726662797353,0.03448275849223137,0.9273049831390381,58499,-6.359426811122542,2.187238998940011,-13.206653348208562,2.2828639005899656,190176
Nagcarlan,2021,11,,,,,,-5.687548463728724,2.332466060819761,-12.848863351912001,2.192866951805812,190197
Nagcarlan,2021,12,0.8242769379986191,0.15964311209705884,-0.3177586495876312,0.9607031941413879,106321,-6.2941429806179245,2.159785492502532,-13.102698011191704,2.3145768327095224,190189
Nagcarlan,2022,1,0.7789960343797209,0.16215755514477678,-0.3784891664981842,0.9558209180831909,105835,-6.2075965433355,2.235121344520684,-13.21070263994873,2.4017839279191784,190170
Nagcarlan,2022,2,0.6346617891374254,0.1740704304620718,-0.15263395011425018,0.9249505996704102,46202,-6.24687788441122,2.1270761131638283,-13.019485594982978,2.201562253227123,190187
Nagcarlan,2022,3,0.8218727612949305,0.1256121789793233,-0.05223625898361206,0.9508270025253296,97637,-6.304727868790244,2.053474001171093,-13.134153467925938,2.0703713685104126,190188
Nagcarlan,2022,4,0.760680544581736,0.14665128439525654,-0.10631117224693298,0.9158316850662231,124559,-6.043166696900604,2.1219415550167167,-12.87159931037377,2.174309280186112,190188
Nagcarlan,2022,5,0.7672302398909726,0.13008705874734183,-0.07635009288787842,0.9050769209861755,48563,-5.895324995231239,2.040165421192596,-12.956108783537822,2.079776530748992,190194
Nagcarlan,2022,6,0.7526113042063589,0.18431189751413102,-0.19270072877407074,0.9202783107757568,52766,-5.75214461095161,2.3097723118396245,-12.801698203260507,2.4195751930015468,190188
Nagcarlan,2022,7,0.7091333134091058,0.13590784036357786,-0.11793910712003708,0.8941114544868469,18881,-5.802668692534117,2.050003463947339,-12.747406011104312,2.148327114756243,190200
Nagcarlan,2022,8,0.6704713350004328,0.09792795469899356,0.25452351570129395,0.8152046799659729,2305,-5.897397964978584,2.160218760402349,-12.74366570728084,2.178580797074486,190193
Nagcarlan,2022,9,0.7034271540345514,0.1209509969777214,-0.10777626186609268,0.8373494148254395,52331,-6.145491712008955,2.159294434516415,-12.952817035169748,2.1905942502535085,190190
Nagcarlan,2022,10,0.8521930482786149,0.13134923231826687,-0.39261746406555176,1.0,151044,-5.828034631463282,2.2306859071507614,-12.597742342498123,2.282337312415038,190193
Nagcarlan,2022,11,0.6445266493960919,0.13954943183374252,0.02589600160717964,0.8621902465820312,15061,-5.907486229559493,2.1567059717109354,-12.6055216267634,2.232320874357449,190190
Nagcarlan,2022,12,,,,,,-6.38734339168511,2.1084119259852416,-13.065578013899453,2.275602197058655,190187
Nagcarlan,2023,1,0.47824345976915905,0.2644440192705968,-0.14618459343910217,0.8839049935340881,1429,-6.241680155600671,2.190691707205805,-12.929018708273086,2.3468416678286816,190187
Nagcarlan,2023,2,,,,,,-6.275620328241065,2.1249777846256097,-13.124217480524232,2.202053342043733,190192
Nagcarlan,2023,3,0.5621030467055658,0.22966144047423737,-0.038482654839754105,0.8627451062202454,2750,-6.636669070689192,2.1425084281629516,-13.278893820321692,2.2144581212885863,190194
Nagcarlan,2023,4,0.7613167451983323,0.14721870230313516,-0.28045976161956787,0.9081019759178162,96440,-6.547147788530655,2.117792019461349,-13.3013988933655,2.2350016970837188,190184
Nagcarlan,2023,5,0.8040277659891342,0.14699054536067985,-0.2733224332332611,0.9264612197875977,115818,-6.333582011496398,2.2475469922920825,-13.242183453735676,2.3495649377481373,190179
Nagcarlan,2023,6,0.7261700465009506,0.13035111341312022,0.04712041839957237,0.877701461315155,23847,-6.067062852499688,2.0688599626956266,-13.1343943239548,2.1348548836791617,190200
Nagcarlan,2023,7,0.7558738233618522,0.13420763637480732,-0.06796116381883621,0.9045951962471008,52179,-6.052848400028922,2.171235608181234,-12.91802144304652,2.235259531410082,190194
Nagcarlan,2023,8,0.7513695846901596,0.12443574979948627,-0.21065089106559753,0.886016845703125,56878,-6.053064657427741,2.2493116205381147,-12.830362874636231,2.317755418660904,190192
Nagcarlan,2023,9,0.7648813745096701,0.15509754464844228,-0.395749568939209,0.9547511339187622,133801,-5.894444649510429,2.1506086487130087,-12.751500142163234,2.193103627831289,190194
Nagcarlan,2023,10,0.738068002919559,0.14722239556773942,-0.03407984599471092,0.9074982404708862,71337,-5.797167680364753,2.2533621762948894,-12.656107364879038,2.304082034098017,190182
Nagcarlan,2023,11,0.7818806853857222,0.17569360076091156,-0.22103598713874817,0.9344632625579834,121580,-5.846656466864237,2.261098597351638,-12.652751821216015,2.331189492428285,190181
Nagcarlan,2023,12,0.824606057226235,0.14342355037630616,-0.3863845467567444,0.9358893632888794,163534,-5.962172065483222,2.2803457550352437,-12.87464180797539,2.403922160024513,190174
Nagcarlan,2024,1,0.4153376660071234,0.08582124670529737,0.0019699325785040855,0.6918032765388489,6412,-6.186783022830472,2.2358979156743612,-13.04655897687506,2.36516710572718,190189
Nagcarlan,2024,2,0.8073849797218573,0.1380734136630559,-0.19728246331214905,0.9412830471992493,126205,-6.523431509695152,2.050304176331298,-13.275968606343874,2.1339140498895417,190191
Nagcarlan,2024,3,0.7291022828407565,0.1334190866698222,-0.2673112154006958,0.9041025042533875,88816,-6.700056455723919,2.155873456326,-13.281494915020595,2.255665626026297,190175
Nagcarlan,2024,4,0.7375915245646879,0.16846504299697315,-0.28205129504203796,0.960212230682373,99724,-7.0133141258551515,2.314879627980944,-13.731894614462822,2.4407718332393147,190180
Nagcarlan,2024,5,0.6837462054167892,0.13276585333510452,-0.37673357129096985,0.9016270637512207,69911,-6.763724777336414,2.142461543932999,-13.325074782378234,2.2580697421001115,190178
Nagcarlan,2024,6,0.5930129870252381,0.2976879784793443,-0.3308839499950409,0.9151431322097778,13903,-6.210131191032928,2.0701384230259356,-13.025506808750851,2.1621856412663627,190194
Nagcarlan,2024,7,0.5013102514923985,0.09501449179699008,0.13641662895679474,0.8468130826950073,78167,-6.221438151267558,2.3890294169716184,-13.261733416340492,2.329486650241136,190185
Nagcarlan,2024,8,0.6164804232202273,0.1346315649673172,0.03467762470245361,0.8740969896316528,27551,-5.79811376998589,2.155039189953154,-12.51345760514707,2.200403364070987,190186
Nagcarlan,2024,9,0.8035791890483203,0.1367599633233609,-0.3784056603908539,0.9229516983032227,123247,-6.104347849338401,2.283250525138307,-13.116013876120276,2.342953263330296,190181
Nagcarlan,2024,10,0.773355959432437,0.13617788620135962,-0.047331925481557846,0.9162479043006897,24792,-6.088769571844199,2.1023074803548853,-12.569823152947501,2.117854435974202,190194
Nagcarlan,2024,11,0.7319999467477153,0.14154780055123817,-0.3496364951133728,0.901214599609375,77789,-6.551449559035867,2.226463066120365,-13.220458547096596,2.356162668388566,190173
Nagcarlan,2024,12,,,,,,-5.965381327037234,2.2352533763657982,-12.6480922278145,2.3560274863458965,190186
Nagcarlan,2025,1,0.6303361964511836,0.1761655173367199,0.20158103108406067,0.9114260673522949,9314,-5.896138258759048,2.144466164816082,-12.667673726137998,2.25315641072843,190191
Nagcarlan,2025,2,,,,,,-6.3975061489050695,2.2274478870041525,-13.078557695811007,2.3500738644203896,190177
Nagcarlan,2025,3,0.7920952390497598,0.1391479761141778,-0.30323800444602966,0.9194296002388,108244,-6.208935271329795,2.0718019327723214,-13.005257709111541,2.102486089372864,190195
Nagcarlan,2025,4,0.7586952251186022,0.1548799723946278,-0.1834350973367691,0.9279538989067078,92787,-7.361925758775493,2.482138540865873,-14.38389133976431,2.218966331422178,190201
Nagcarlan,2025,5,0.797767361563822,0.15732582726588068,-0.33961278200149536,0.9522431492805481,121714,-6.513694873179392,2.172831414721251,-13.369022839276106,2.28425773758097,190179
Nagcarlan,2025,6,0.7768035902322502,0.15957536092291946,-0.16421109437942505,0.9243061542510986,57901,-6.341211777534769,2.3525551528914046,-13.271347462607908,2.0901790337303057,190201
Nagcarlan,2025,7,,,,,,-6.575713125733259,2.3983545924732983,-13.32092785497218,2.2457445381304035,190201
Nagcarlan,2025,8,0.7172281714784794,0.19856413255090805,-0.07026597857475281,0.9193758368492126,10800,-6.164346266705436,2.2026264038533006,-12.908972441052478,2.206648601764819,190197
Nagcarlan,2025,9,0.6209977337287135,0.19296290240267888,-0.07396052032709122,0.8810427784919739,26247,-5.928127477754499,2.3926085028442916,-12.753725453480754,2.106450459670951,190201
Nagcarlan,2025,10,,,,,0,-6.100034491826321,2.1812178538094757,-12.920599522624372,2.179514693784784,190198
Nagcarlan,2025,11,0.7108709708115847,0.1625651998046459,-0.16208453476428986,0.9068707227706909,12712,-6.3379514491080675,2.3891553406275734,-13.215868624800535,2.1376849044171142,190201
Paete,2018,1,0.4553655294332452,0.15089443094747854,-0.34209537506103516,0.7868998646736145,3816,-6.566912418703779,2.5155023489389996,-12.739599148782336,2.5392996932295655,121713
Paete,2018,2,0.783115820242709,0.2215073823271027,-0.7138364911079407,0.9295834898948669,57309,-6.328045624530444,2.526689730618768,-12.605822410743105,2.438916277064952,121769
Paete,2018,3,0.7689580036184899,0.2398561649180673,-0.7874321341514587,0.928214967250824,42287,-6.182237889707893,2.3859116171630843,-12.698476978900468,2.4430849860263604,121716
Paete,2018,4,0.8143773231168988,0.12274530284712178,-0.48746517300605774,0.9378455877304077,68653,-6.841963701487245,2.0768461646571974,-13.354524886654394,2.2263256635893587,121745
Paete,2018,5,0.7958741308424617,0.13219855498715566,-0.5257142782211304,0.9355840086936951,88767,-6.661846067929587,2.1849447507955384,-12.77252302195594,2.302394585553664,121722
Paete,2018,6,0.13343110936406394,0.2515610740678077,-0.2527964115142822,0.4793650805950165,81,-6.63243024555743,2.2654320297812927,-13.112810302605793,2.2716182952041746,121742
Paete,2018,7,,,,,,-6.674272117802838,2.0830594240946274,-13.188531591033453,2.1609620150138595,121691
Paete,2018,8,0.7993213477816856,0.2505208512020754,-1.0,0.9547720551490784,63849,-6.667532206030022,2.179869269869005,-13.140745065124658,2.4608046403689037,121437
Paete,2018,9,0.7717072903741724,0.12772928285612178,-0.36107710003852844,0.8724604845046997,81807,-6.791784556942434,2.282957734573491,-13.10522973440148,2.3588010248862896,121592
Paete,2018,10,0.7700551225416699,0.2165352803981719,-1.0,0.9165987968444824,39149,-6.822333763183014,2.226513411926776,-13.38547849510242,2.561930856100359,121424
Paete,2018,11,0.8210675067752542,0.22365537395996804,-1.0,0.9820716977119446,57524,-6.334056338527916,2.3448552725631435,-12.896004303202979,2.4836282502144114,121624
Paete,2018,12,0.5746353337922127,0.13061327956664362,0.08931750804185867,0.8683347105979919,19975,-5.895505041122916,2.400263379317477,-12.525060424596573,2.5053638852231797,121398
Paete,2019,1,0.8015369496620056,0.22589957703611763,-0.7283372282981873,0.9353966116905212,36515,-6.374243688956281,2.4918884645703985,-12.996161694182787,2.5391155103878535,121419
Paete,2019,2,0.7416928567952988,0.25041175147072553,-0.7331356406211853,0.9261171221733093,24422,-6.996739430640934,2.3294293047489947,-13.626032342518926,2.593594869191617,121473
Paete,2019,3,0.8129410901451672,0.15031420657439337,-0.9769357442855835,0.9442993998527527,61698,-7.067551571540364,2.162073582913246,-13.623882499197826,2.3851333558567296,121687
Paete,2019,4,0.7952924718934963,0.12599763749744725,-0.37300434708595276,0.931909441947937,86690,-7.226147525410134,2.2058543964157984,-13.565587093948189,2.319381828024988,121704
Paete,2019,5,0.7929235524950918,0.1484231283002534,-0.918367326259613,0.942740261554718,47987,-6.860532043710371,2.1887204145586394,-13.210949208661996,2.177966595092887,121757
Paete,2019,6,0.8518528764570693,0.14247549914638485,-1.0,1.0,96420,-6.648551935237077,2.0042325793895164,-13.095761655913275,1.9661219010749276,121750
Paete,2019,7,0.8525894379655561,0.13809733682680256,-1.0,0.9654205441474915,102653,-6.7176508897132745,1.9227718408359495,-13.272426192828915,1.907285087860875,121769
Paete,2019,8,0.7941761240417673,0.10991711674472521,-0.4843907356262207,0.9165710806846619,34504,-6.443854308342911,2.1325185385984415,-13.0393610374428,2.2007644316875856,121700
Paete,2019,9,0.7322303487691793,0.1493904690660753,-0.3861892521381378,0.9024154543876648,33007,-6.880318174156335,2.4406799620898236,-13.387516495345698,2.420387077219764,121585
Paete,2019,10,0.7987304721647281,0.2055398516026341,-1.0,0.9347003102302551,33012,-6.288759171946349,2.4241952804495117,-12.675210398879281,2.3383186246420458,121577
Paete,2019,11,0.7390130402603379,0.1886269279094779,-0.815330982208252,0.9139571785926819,46442,-6.336725003307506,2.2780683703609177,-12.93478958835516,2.270458619186246,121636
Paete,2019,12,-0.0020071774429901153,0.013214533329647905,-0.03910762816667557,0.06582525372505188,1164,-6.4859372540048215,2.4022876558717425,-12.951959687302596,2.4300499749415585,121620
Paete,2020,1,0.833468206560015,0.1822987552119696,-0.8868552446365356,0.9877862334251404,78387,-6.7831801711011375,2.1677989978146837,-13.282544378425944,2.4173732090978732,121515
Paete,2020,2,0.6959953911073917,0.11360961245256108,-0.09709135442972183,0.8364115953445435,10147,-6.947888334296655,2.332318829616357,-13.568083483199416,2.468790074109738,121597
Paete,2020,3,0.8371618728347335,0.13464521559902226,-1.0,0.9317963719367981,107654,-6.955232872413376,2.2304508655966813,-13.463673371134304,2.305801046059717,121682
Paete,2020,4,0.7149357953879548,0.13548902995621084,-0.0031014620326459408,0.9070780277252197,26761,-6.918384390371667,2.237104495074373,-13.519377595043409,2.2288334509369623,121710
Paete,2020,5,0.831985493978031,0.1257150249097649,-0.7632850408554077,0.940099835395813,52469,-6.447633638611731,2.1865656841619,-12.660113291682023,2.1550399922484824,121742
Paete,2020,6,0.8087333871444199,0.1599997002075063,-0.7210884094238281,0.919827938079834,29003,-6.416849232977554,2.100048132386374,-12.900207444708938,2.0875482022876213,121735
Paete,2020,7,0.8229108353484513,0.09746313858019871,-0.6049193143844604,0.9118432998657227,53274,-6.395696834648086,1.9386419270721977,-13.000151025295649,2.0403116716584275,121720
Paete,2020,8,0.8411824847636555,0.12817157983724128,-1.0,0.9475832581520081,84349,-6.616483910721551,1.9526162731545889,-13.099784576840975,1.9635118027711322,121756
Paete,2020,9,0.691397970070863,0.19253770583660607,-0.1066804751753807,0.8764045238494873,17557,-6.496386228007498,2.1060356928137107,-13.198635003160607,2.215917269462139,121690
Paete,2020,10,0.6681433921713182,0.17781089348952575,-0.07803374528884888,0.8526379466056824,12875,-5.988544512999831,2.181789035730931,-12.435966085751629,2.1648136667215248,121680
Paete,2020,11,0.7648165918359665,0.2513393799916993,-0.6872963905334473,0.9388568997383118,48097,-6.623819698270936,2.4935129659714628,-12.928253847757423,2.5557393920863536,121449
Paete,2020,12,0.8007244737848417,0.09498086447741547,-0.08460237085819244,0.9133117198944092,18874,-6.619696458339852,2.565090949651467,-13.041863023726425,2.591939483983791,121511
Paete,2021,1,,,,,0,-6.777836603164486,2.4437409291524794,-13.25005299866517,2.557348514418037,121415
Paete,2021,2,0.7612402357046599,0.22112085472483242,-1.0,0.9354507923126221,38391,-6.280723245728036,2.846551902345752,-12.695483668001012,2.641378518158696,121541
Paete,2021,3,0.8015216523202235,0.18487101063768835,-1.0,0.9183019399642944,93120,-6.659660342728587,2.0415755272969007,-13.321320530216655,2.4247971770771226,121134
Paete,2021,4,0.7274414046258458,0.17272259660562309,-0.4035874307155609,0.8687145709991455,58424,-6.556195707538262,2.1138382229154353,-13.13253881009793,2.3933795183576287,121315
Paete,2021,5,0.8283613852289019,0.10334040357407287,-0.5151199102401733,0.9140257239341736,56652,-6.719894238741488,2.2160250165287008,-13.510334648174311,2.3280736864473606,121436
Paete,2021,6,0.8373803725744862,0.1310700780271132,-1.0,0.9332678914070129,97521,-6.7875284219208725,2.2591443915342118,-13.29818052189826,2.303889340703677,121541
Paete,2021,7,,,,,0,-6.261950127054457,2.1197838063247656,-12.72382678470074,2.269070988874767,121501
Paete,2021,8,0.7763427241378695,0.33278345385350916,-1.0,0.9466310739517212,41654,-6.62383390562791,2.509851387841663,-13.451717675498871,2.537447620832795,121470
Paete,2021,9,0.8113148175209178,0.181093734907116,-1.0,0.9421166181564331,62401,-6.736391656181594,2.3190628560290865,-13.374377183278128,2.4952870297842775,121343
Paete,2021,10,0.7981450556006564,0.20603179871493707,-0.6723300814628601,0.932137668132782,63119,-6.938622409306148,2.522054841259153,-13.63382552276425,2.587835383612606,121265
Paete,2021,11,,,,,0,-6.177312588199981,2.5098138561535346,-12.877869837877943,2.4541866652325406,121284
Paete,2021,12,0.8192639189618565,0.2009274994102638,-1.0,0.9453409910202026,56027,-6.670772802640528,2.33421508341973,-13.296520389460735,2.5857881196445693,121449
Paete,2022,1,0.7674309857749918,0.21567999866500898,-1.0,0.9552699327468872,59450,-6.354245102342557,2.4580009967802847,-12.962948665605609,2.660032634469859,121493
Paete,2022,2,0.5321542323248868,0.11487738151160391,0.25332045555114746,0.8480150103569031,486,-6.642489724832773,2.1396321293014418,-13.213032154615917,2.3816706029688968,121536
Paete,2022,3,0.6668126950671714,0.2063637323578395,-0.0650048479437828,0.9335611462593079,14662,-6.267170859528508,2.034608758170468,-12.9703106614317,2.23345344171621,121673
Paete,2022,4,0.753794160689184,0.15437797681139753,-0.5725806355476379,0.9037168025970459,57716,-6.288307153113851,2.101942691224319,-12.854605762641572,2.212520482608172,121698
Paete,2022,5,0.8399635859306657,0.17411376404438444,-1.0,0.9430814385414124,66692,-6.109975740581885,2.0344073967278598,-13.03031547372255,2.107974201691245,121705
Paete,2022,6,0.8392592917500078,0.08769963515203169,-0.3802816867828369,0.9328829646110535,82720,-6.269722780484324,2.2055892260436987,-13.073615406087143,2.3263214385632254,121696
Paete,2022,7,0.6590859454607714,0.10896675192701592,-0.2393617033958435,0.8736120462417603,31877,-6.161631916287177,2.02858938604224,-12.772665002775046,2.1109475287571295,121725
Paete,2022,8,,,,,0,-6.502638708377715,2.1291288492185134,-13.066081250073536,2.2704970661245385,121695
Paete,2022,9,0.7310801387516552,0.13568138943507785,-0.7453415989875793,0.8927419185638428,48161,-6.5780160776903,1.9905453082850848,-13.193622094073142,2.0782440622782192,121752
Paete,2022,10,0.7806692437559138,0.2578250681035999,-1.0,0.9567734599113464,37341,-6.341078115622706,2.3635807715285355,-12.794552048668184,2.5387223328293733,121546
Paete,2022,11,,,,,0,-6.193225196120604,2.4026315366558655,-12.813304208108724,2.5540757659678466,121524
Paete,2022,12,0.7932589366615592,0.08880814869405665,-0.17142857611179352,0.8969563841819763,32272,-6.804485652387475,2.207454032523699,-13.226696826477642,2.542963469168588,121560
Paete,2023,1,0.6432549415370548,0.2292754026791811,-0.5958904027938843,0.9255775213241577,27032,-6.8161228903404405,2.3132319105594727,-13.256897348937686,2.629713927068888,121486
Paete,2023,2,,,,,,-6.483246994248754,2.3995685987283606,-13.26246370290675,2.454165320989624,121510
Paete,2023,3,0.7575029659337923,0.16319893182011405,-0.5771084427833557,0.9061427116394043,49860,-6.4356784233622175,2.250507082246653,-13.076864689961868,2.3898485011799213,121635
Paete,2023,4,0.7843010550146686,0.13102018511520033,-0.5938461422920227,0.9098621606826782,85361,-6.640871130828354,2.0620428724821367,-13.205341461532415,2.2739557137561985,121650
Paete,2023,5,0.7831172866447439,0.10296993022716505,0.25520962476730347,0.9143389463424683,40528,-6.569625765437596,2.193211258478619,-13.245438755607362,2.3431682602806414,121686
Paete,2023,6,0.8274451423165239,0.1887419261927753,-1.0,0.9367870092391968,48442,-6.129907768635904,2.0352345849878173,-12.873907196979859,2.0918263462755236,121713
Paete,2023,7,0.7832820658282668,0.07640151059831865,-0.2821997106075287,0.8843698501586914,113023,-6.495057468406689,2.108354652206309,-13.204464746002168,2.2352549129353587,121697
Paete,2023,8,0.8081994833826068,0.13039268458374223,-0.8847457766532898,0.9010600447654724,116020,-6.489387297498267,2.2134030143751198,-13.068600053234562,2.3437467046117235,121672
Paete,2023,9,0.7889854302258272,0.21698869155735473,-1.0,0.957716703414917,51652,-6.3101527584446435,2.3957780233358585,-13.053920921141849,2.3848700340142295,121605
Paete,2023,10,0.6418040780721862,0.2156799373433539,-1.0,0.9035432934761047,14318,-6.314356566899069,2.456096121553516,-12.970185139549004,2.464719953536779,121583
Paete,2023,11,0.693620677853112,0.22050478113843736,-0.5680981874465942,0.9320865869522095,36350,-6.292722139170321,2.33548371096513,-12.878101134777975,2.4348111348006154,121616
Paete,2023,12,0.5511960151286481,0.14708336953264112,0.21968680620193481,0.8817771077156067,23936,-6.304622216746305,2.3506871795314166,-12.991433871461155,2.441928077575384,121603
Paete,2024,1,0.7250930595579553,0.14959629868885965,-0.6338514685630798,0.8975164890289307,48424,-6.6692599917852595,2.188265983266546,-13.304271117356043,2.4538295353039916,121652
Paete,2024,2,0.8221267940092104,0.15452766524108047,-1.0,0.9472021460533142,80863,-6.49730192119829,1.9347811309429805,-13.289710089531734,2.160746888407232,121713
Paete,2024,3,0.5171577690365411,0.12960020626992988,-0.2135416716337204,0.8268242478370667,4046,-6.590061713331179,2.0187079240586865,-13.138006043970316,2.1573251960000053,121699
Paete,2024,4,0.8238937984417436,0.15688573247407928,-1.0,1.0,51946,-6.336737309621312,2.137455909225503,-13.055417972193663,2.206021633019261,121726
Paete,2024,5,0.8430376061647098,0.12200168582235807,-1.0,0.9523268938064575,113337,-6.517380742001518,2.007182321736782,-13.040644914353008,2.091398430623722,121746
Paete,2024,6,,,,,0,-6.111379144300429,1.9226888094865549,-12.86890577521106,2.0066659064053662,121707
Paete,2024,7,0.7491934449614273,0.15888097877102722,-0.8150086998939514,0.9136845469474792,77077,-6.556329516892895,2.2033778474137846,-13.015431833235322,2.303032621556147,121685
Paete,2024,8,0.809303105059588,0.09600068599971272,-1.0,0.9001275897026062,19228,-6.569558505896918,2.1556021297803984,-13.139566335146947,2.2513735150742087,121677
Paete,2024,9,0.8044221969477156,0.16575466728571892,-0.4838709533214569,0.8985653519630432,5201,-6.449514827107422,2.365074748671945,-13.319814409368687,2.469583215981291,121586
Paete,2024,10,0.7128918552656515,0.23563784486042802,-0.06744513660669327,0.8845999240875244,5631,-6.292052081247862,2.246534929844724,-12.925846460522092,2.3826438975939337,121641
Paete,2024,11,0.5476749719837728,0.3719742190580002,-1.0,0.9131537079811096,18083,-6.800503255535422,2.4478153737113644,-13.450689068901882,2.66377484921654,121314
Paete,2024,12,,,,,,-6.065149322359508,2.4423964393262785,-12.544995757290701,2.60346022232489,121477
Paete,2025,1,0.7456781435477333,0.1516753281219486,-0.3447619080543518,0.9171625971794128,35135,-6.186099886481434,2.4522314999484416,-12.604727406048928,2.5741136046877866,121393
Paete,2025,2,,,,,,-6.812555357076742,2.38167874797265,-13.287580813268784,2.7215526406169146,121443
Paete,2025,3,0.7549654506837503,0.2461469227935765,-1.0,0.9151375889778137,43791,-6.191452734428892,2.334947936001902,-12.899222372227955,2.3899320973638774,121545
Paete,2025,4,0.7760568160013737,0.11326575084608817,-0.0898175910115242,0.8940373063087463,26768,-7.764049200111049,2.3931181865162734,-14.319621036269577,2.4560835105956347,121633
Paete,2025,5,0.8314593726621997,0.1766279894560034,-0.8972331881523132,0.95859295129776,95466,-6.6315923289337055,2.248726210335887,-13.310769462829033,2.3204438554842253,121659
Paete,2025,6,0.8341878377117175,0.17466638336832543,-1.0,0.9462550282478333,83675,-6.9685225732481,2.2143154611556337,-13.39616890100067,2.2273861854343986,121714
Paete,2025,7,,,,,,-7.00277221112795,2.376692149495023,-13.098582090979464,2.6196361499346654,121507
Paete,2025,8,,,,,0,-6.611081790651476,2.741791295519737,-13.113933734347894,2.6829866406588017,121650
Paete,2025,9,0.7333207232302232,0.3046067047728835,-1.0,0.9467455744743347,20778,-6.389078625831867,2.779018330510902,-12.639772078307491,2.708032374834681,121641
Paete,2025,10,0.4469344715277354,0.007224323649483368,0.4349040687084198,0.45771324634552,6,-6.48199834509374,2.6440002855881413,-13.04456438158539,2.896399643931436,121547
Paete,2025,11,0.7819627654382,0.3155084114913718,-1.0,1.0,77700,-6.340911224674087,2.258134761145525,-12.733625309051213,2.725448050100306,121669
Pagsanjan,2018,1,0.5436751267142182,0.14654713207179934,0.12635378539562225,0.8775510191917419,9298,-7.107128114973901,2.6788626136996685,-13.59859422476797,2.8131862907749103,71395
Pagsanjan,2018,2,0.7633832007490704,0.1963657533245498,-0.6427481174468994,0.9441109299659729,57067,-6.8971436100166095,2.975181425863214,-13.546336299155028,2.6029844804111706,71395
Pagsanjan,2018,3,0.7073212324904987,0.21540031776472623,-0.8540372848510742,0.9452435970306396,64326,-7.147903813063923,2.968709591395559,-13.955338746411476,2.5662140283804784,71393
Pagsanjan,2018,4,0.5715692088028654,0.23497505795895213,-0.742222249507904,0.9511682987213135,29256,-7.586207891202569,2.789336330355828,-14.177441607271811,2.4865790195100543,71395
Pagsanjan,2018,5,0.5115797348114661,0.1962697733749562,-0.1413150131702423,0.9380281567573547,39511,-7.847582042936082,2.7870932347250523,-13.927777331354006,2.6754014551663152,71389
Pagsanjan,2018,6,0.7435213582221375,0.15515537477954003,-0.12234580516815186,0.9097118377685547,21723,-6.951714550924916,2.753240458569433,-13.591397971341811,2.392162338148699,71395
Pagsanjan,2018,7,,,,,,-6.640506545997864,2.4426548007041804,-13.093600674298981,2.329402980132109,71394
Pagsanjan,2018,8,0.669418464332595,0.20211261671921738,-0.6623668074607849,0.9343233704566956,56132,-7.09026666152761,2.6324444452732805,-13.719531337667503,2.3378448313992117,71390
Pagsanjan,2018,9,0.6504087960790164,0.16741577976452804,-0.16795866191387177,0.8779576420783997,35843,-7.012524243028699,2.726410622285322,-13.53654128441558,2.424882929305209,71391
Pagsanjan,2018,10,0.6594616572707311,0.21495112206438186,-0.4214285612106323,0.9274873733520508,60671,-7.309322061148554,2.759785529369202,-14.029295248486717,2.588033412196319,71392
Pagsanjan,2018,11,0.7132299557610962,0.21505776387244746,-0.41152092814445496,0.9490962624549866,19916,-7.09857475021544,3.0079533908462706,-14.284310492400174,3.29085682996616,71367
Pagsanjan,2018,12,0.6068361545266884,0.15865772342109322,0.00538357999175787,0.9242498874664307,17177,-6.938785421173219,3.9491631589197587,-14.260087232983174,4.324391641558382,71144
Pagsanjan,2019,1,0.7417693086468152,0.22249972047145203,-0.6349892020225525,0.9507789611816406,46745,-7.210319388236294,2.85094969284492,-14.446825438762698,2.914435663081316,71381
Pagsanjan,2019,2,0.701913236769498,0.1694992697114776,-0.18673883378505707,0.923004686832428,10839,-7.759543051261175,3.0415959574499554,-14.64306517754731,2.8779214273658735,71371
Pagsanjan,2019,3,0.5933439870503104,0.23965514995791234,-0.8482293486595154,0.9348469972610474,30295,-7.807107046205162,2.952540189100063,-14.549531355924723,2.77797103075684,71385
Pagsanjan,2019,4,0.6099389387853857,0.20470171801313355,-0.4340527653694153,0.9464004039764404,70866,-7.872688439481511,2.930338749611315,-14.521360114955451,2.8187287122118976,71377
Pagsanjan,2019,5,0.6660561543401619,0.18945013449865028,-0.5096201300621033,0.9191333055496216,54825,-7.0443317231732285,2.774856788847858,-13.732423557120438,2.580721328742896,71389
Pagsanjan,2019,6,0.6923957847508705,0.23850191005352406,-1.0,1.0,53617,-7.3057907050271185,2.702779222851646,-14.20677169993364,2.536735324834425,71394
Pagsanjan,2019,7,0.6858011519281233,0.24283818191500378,-0.6305220723152161,0.9546558856964111,43051,-6.980446758908457,2.9299283260128615,-14.268956895776936,3.1538384972999225,71380
Pagsanjan,2019,8,0.7051028419555413,0.183428534048068,-0.07369942218065262,0.9144817590713501,32730,-6.912534379615036,2.7815788028153237,-13.699908364817684,2.9723161723796867,71383
Pagsanjan,2019,9,0.38570019432312375,0.05897762761943815,0.1868569552898407,0.643410861492157,1556,-7.180693284111299,2.850454778429628,-14.198375717247476,2.7314064515194993,71394
Pagsanjan,2019,10,0.6929645312737464,0.18484270749104934,0.008315098471939564,0.937523365020752,5758,-6.519747530725354,2.761779338300569,-13.065481213745453,2.3249760108875503,71395
Pagsanjan,2019,11,0.6988679393818458,0.16728027767892203,-0.31624406576156616,0.902181088924408,33309,-6.340938742759653,2.6438257669481815,-13.118289607970754,2.2762514012350628,71392
Pagsanjan,2019,12,0.35192360767907255,0.07529219753667632,0.08716323226690292,0.6474074125289917,3847,-6.995291274069049,2.851297920542282,-14.02017062514198,2.872384194417307,71381
Pagsanjan,2020,1,0.7025852200431445,0.23300881139344926,-0.43035992980003357,0.9447246193885803,38256,-7.068537258540285,2.958218129288258,-14.362420697568512,3.499849882426105,71278
Pagsanjan,2020,2,0.6635037357083592,0.15899905640461215,-0.1090393215417862,0.883388340473175,34775,-7.397279734888678,2.980996176435233,-14.740622463603664,3.1591189430990774,71367
Pagsanjan,2020,3,0.7118769144147314,0.19669692133927014,-0.6472222208976746,0.9526509046554565,71395,-7.714638273817099,2.972858831210693,-14.48826043484695,2.7890300895601823,71384
Pagsanjan,2020,4,0.6152118758940133,0.18332999252836463,0.04669060930609703,0.9513759016990662,10861,-7.779741623035714,2.970145756134068,-14.622117430778424,2.762922673852878,71380
Pagsanjan,2020,5,0.6987132728590282,0.206625720238147,-0.47725245356559753,0.9264588356018066,55032,-6.49491992554682,2.8497122779990622,-13.129274667065202,2.543763571796183,71391
Pagsanjan,2020,6,0.6743147590236197,0.23864777457867678,-0.44548287987709045,0.9365956783294678,34399,-6.899289839868342,2.8861365216534955,-14.193718851297229,3.0302040682808777,71385
Pagsanjan,2020,7,0.6262704026297735,0.2295096957972751,-0.036340851336717606,0.8911523222923279,3384,-6.9618125610142085,2.7552021884309603,-13.79626161479595,2.867043398462781,71385
Pagsanjan,2020,8,0.7902153878448477,0.17715495337984627,-0.5458391904830933,0.94830721616745,54491,-7.108120923633786,2.9188362941744237,-14.064082282938989,2.8714526602304877,71381
Pagsanjan,2020,9,0.6620313138833257,0.15893184498195861,-0.06274370849132538,0.8734824061393738,6655,-7.161174334837178,2.723473431722284,-13.604526427231775,2.4657180965899754,71381
Pagsanjan,2020,10,0.6686560177698576,0.22325033769934105,-0.6028586030006409,0.9227967858314514,54687,-5.955490895542053,2.880245507183239,-12.761119473419352,2.4779710377958453,71393
Pagsanjan,2020,11,0.6883802276072113,0.2760327470020095,-0.8229755163192749,0.9403051137924194,69269,-6.521693956928425,2.9046449382303163,-13.527229765796088,2.9181213713425422,71380
Pagsanjan,2020,12,0.7310977692028852,0.21156870897806407,-0.5654135346412659,0.9376986622810364,23855,-6.895297696848344,3.1175938203370497,-14.231723746366743,3.5415599338267794,71345
Pagsanjan,2021,1,,,,,,-6.84346913817471,2.832956373564429,-14.245370672786915,3.180682292837151,71373
Pagsanjan,2021,2,0.6744711535761907,0.1953395800729163,-0.43693238496780396,0.9171597361564636,5338,-6.496994629904187,3.177429608227212,-13.315885106403433,2.8671395667841058,71395
Pagsanjan,2021,3,0.6826089177437442,0.2177531705903691,-0.618686854839325,0.9365994334220886,68556,-7.249813414408026,2.895232679972668,-14.173564516744813,2.712594423605802,71363
Pagsanjan,2021,4,0.5796601162752323,0.19979361879981963,-0.1113467663526535,0.8858019709587097,36103,-7.020250683938073,2.772629586743602,-13.991451437332715,2.6105367079487523,71367
Pagsanjan,2021,5,0.6273206077756917,0.20583603130096723,-0.31831830739974976,0.9002577066421509,28011,-7.2653451355906995,2.9337255853755493,-14.649966762038545,3.163900553988167,71333
Pagsanjan,2021,6,0.7036843366302586,0.23132229198305745,-0.5253790616989136,0.9337985515594482,22482,-7.008236628791246,2.9545572891586347,-14.430957143068568,3.2793020080649704,71302
Pagsanjan,2021,7,0.5727613457800765,0.2347262876238327,-0.34170153737068176,0.8943220376968384,17272,-6.701903347680395,3.04216243045884,-14.156464057596162,3.40151405237683,71292
Pagsanjan,2021,8,0.703352835047579,0.2145927731195381,-0.7245901823043823,0.9228828549385071,46038,-7.114548490437445,2.7963688460367044,-13.825816805545026,2.631102920444113,71382
Pagsanjan,2021,9,0.7446263314587838,0.1668354751900313,-0.24399493634700775,0.9178410768508911,26187,-6.855386437080394,2.922755341354257,-13.833329616920704,2.71812647159404,71342
Pagsanjan,2021,10,0.7354561208130772,0.2157157617280824,-0.6157950758934021,0.9373970627784729,60753,-6.808289615503033,2.6703213944871136,-13.514100554538905,2.5954078342439972,71369
Pagsanjan,2021,11,,,,,,-6.520893787316439,3.078991964203944,-13.824084497871624,3.260050873305179,71303
Pagsanjan,2021,12,0.7070660947770323,0.26774456540324176,-0.783203125,0.963707685470581,47860,-7.102428510534065,2.957268907746337,-14.068651706550588,3.32078036862524,71348
Pagsanjan,2022,1,0.7624724014148154,0.1738203570428483,-0.5427435636520386,0.9426681399345398,50607,-7.214289240403376,2.887894893124617,-14.109798034384275,3.1952290189674253,71334
Pagsanjan,2022,2,0.6994992536997598,0.19261604588391842,-0.49250534176826477,0.9188191890716553,22401,-6.853508049262498,2.7734649008680985,-13.30169618819047,2.5647067812765885,71389
Pagsanjan,2022,3,0.7132835685767112,0.23075204653225967,-1.0,0.9617321491241455,65431,-7.193689685983625,2.5735292641303236,-13.626769100009007,2.3652202758847403,71394
Pagsanjan,2022,4,0.7092642854325254,0.1600996479818237,-0.3216783106327057,0.9041022658348083,12586,-6.387494021109654,2.5787713565965174,-12.843224082001033,2.439172305112047,71390
Pagsanjan,2022,5,0.6899615092233972,0.2443128987603731,-0.8482758402824402,0.9423226714134216,63747,-6.335973292504783,2.5287557696357656,-13.119386193306363,2.4136790583679866,71391
Pagsanjan,2022,6,0.7032789894123928,0.22511547868070034,-0.48073023557662964,0.9181669354438782,19007,-6.629436369861249,3.0895449831347688,-13.647926972103324,3.2903615803639292,71357
Pagsanjan,2022,7,0.7690054417675359,0.057303371250522,0.44979506731033325,0.844622015953064,3276,-6.542238190710679,2.8080160873254347,-13.410521612706818,2.9492713501103003,71390
Pagsanjan,2022,8,,,,,0,-6.620256090287047,2.773653115654538,-13.212570620272697,2.6417988400183336,71387
Pagsanjan,2022,9,0.6246550083385579,0.17395866788262204,-0.3042912781238556,0.8583512306213379,22248,-6.646274148934722,2.675225118163375,-13.091229265628051,2.448889669729433,71387
Pagsanjan,2022,10,0.7589111951391321,0.22615993790582198,-1.0,0.9632139205932617,47281,-6.225763824824745,2.695291542688552,-12.747062220542327,2.5771442197835412,71393
Pagsanjan,2022,11,0.47887851986348345,0.253627743216557,-0.13350635766983032,0.7946813106536865,1228,-6.365106142179499,2.8973620106174596,-13.003109489477152,2.8441279735170713,71387
Pagsanjan,2022,12,,,,,,-7.37708222597895,3.031357115152282,-14.24974770167511,3.39637312389037,71350
Pagsanjan,2023,1,0.6889721293667611,0.2408616230622821,-0.5240328311920166,0.9417309165000916,55634,-7.203258027622443,2.7846504438963025,-14.125433146205404,3.2568924883949677,71340
Pagsanjan,2023,2,,,,,,-7.072172272927878,2.708552429816713,-13.799665979096853,2.7282984286560983,71366
Pagsanjan,2023,3,0.4864911001639351,0.12901445782447424,-0.028953230008482933,0.8418844938278198,17713,-7.48143845066187,2.7317483413833767,-13.804683600877235,2.537731965197683,71374
Pagsanjan,2023,4,0.643901433659847,0.21316092626957936,-0.3513513505458832,0.9105651378631592,57947,-6.843509627743598,2.6882167240753847,-13.254362870823412,2.5042477877186355,71387
Pagsanjan,2023,5,0.7277086390599388,0.15787141488896816,-0.012736661359667778,0.9118545651435852,14143,-7.20782307532104,2.792905521687393,-13.904917319499964,2.728190591209985,71365
Pagsanjan,2023,6,0.7475403053085575,0.1836175202295285,-0.29241877794265747,0.9351314306259155,22526,-6.787037413162827,2.5507112593472474,-13.469041799122051,2.3875033837168242,71391
Pagsanjan,2023,7,0.6255408814074532,0.229926553717147,-0.4084661900997162,0.9020782113075256,59648,-6.687644917195258,2.8982272298692675,-13.461881119759365,2.899121168751771,71378
Pagsanjan,2023,8,0.6359118179817647,0.2363640533378436,-0.42385321855545044,0.8872557878494263,44899,-7.13525193971597,3.4032363700247217,-13.90584139314153,3.6494483139088985,71304
Pagsanjan,2023,9,0.7906052026640841,0.17699702049061106,-1.0,0.9950860142707825,49707,-6.684085804859498,2.755065886000033,-13.43993050149778,2.6717861772272804,71391
Pagsanjan,2023,10,0.7233580569110483,0.18077173257993892,-0.3824999928474426,0.9261767864227295,59679,-6.572158946139153,2.842195856908439,-13.10836537261218,2.6274059488358175,71374
Pagsanjan,2023,11,0.6386366932266496,0.2088779599586127,-0.641873300075531,0.9163857102394104,35097,-6.073097062960316,2.7898925151418417,-12.627078960170198,2.634396683008173,71380
Pagsanjan,2023,12,0.7891218495512395,0.1569335506314,-0.4431372582912445,0.9381703734397888,8233,-6.723513059371728,3.1415505294225423,-13.474940284820182,3.245803210870885,71344
Pagsanjan,2024,1,0.6516948322118339,0.14411626033314562,0.23747016489505768,0.8371926546096802,236,-7.0970840816188865,2.9684742385657947,-14.063338394899068,3.2974594877004546,71333
Pagsanjan,2024,2,0.7315155316563426,0.19808972344275327,-0.6441893577575684,0.9565321207046509,63467,-7.215303411284405,2.694259799286943,-13.893716108210967,2.6432167249643603,71386
Pagsanjan,2024,3,0.668716459767842,0.18732883164191647,-0.40044742822647095,0.9247905611991882,57534,-7.491079612507399,2.797717871179283,-13.907441851913449,2.6536516726865367,71379
Pagsanjan,2024,4,0.6166347586587578,0.2328176316358584,-0.6928746700286865,0.9516766667366028,26910,-7.672524632477238,2.8756121439390023,-14.313217747058944,2.8968583820176237,71379
Pagsanjan,2024,5,0.5941756414885119,0.2289299822889992,-0.6244131326675415,0.946656346321106,45626,-6.898034119034481,2.7134477644816926,-13.328137903572586,2.7103315267373187,71382
Pagsanjan,2024,6,0.7122994971338272,0.24079406384420132,-0.598951518535614,0.9331128001213074,11645,-6.93168044936514,2.8466988809583387,-13.916704511302209,3.0336350567818373,71356
Pagsanjan,2024,7,0.4726928851240528,0.11073360379744679,-0.36503684520721436,0.8905684351921082,55303,-6.831926818446609,3.191569197497271,-14.267944537868866,3.4916344010932376,71269
Pagsanjan,2024,8,0.663514821896536,0.17158894723717083,-0.22631579637527466,0.8916256427764893,50101,-6.61789426778639,2.8696200931741767,-13.159449535893597,2.7154268577002196,71378
Pagsanjan,2024,9,0.7238004665728849,0.2054813836648461,-0.8382978439331055,0.9405747652053833,41810,-6.900955424765131,2.903873784653709,-13.580328317278596,2.685327117570381,71364
Pagsanjan,2024,10,0.7364495206696084,0.166006042900895,0.0328102707862854,0.9035030007362366,1193,-6.132272042618141,2.5942003513910064,-12.442802980771136,2.3745058258185945,71392
Pagsanjan,2024,11,0.6514112951157391,0.2513290180692086,-0.5494327545166016,0.9202418923377991,45744,-6.7619838776306525,2.7529782001894105,-13.56262258559337,2.7861246262843005,71351
Pagsanjan,2024,12,,,,,,-6.802129628179392,3.2898096640567993,-13.692822060224339,3.58908802792002,71345
Pagsanjan,2025,1,0.4529423915714652,0.19081281961210075,-0.11719214916229248,0.8670143485069275,13062,-6.716028847871692,2.787300412180777,-13.623612675113026,3.0382355127662524,71366
Pagsanjan,2025,2,,,,,,-7.152391439332634,2.829731651020541,-13.686412682623324,2.7602328995486753,71374
Pagsanjan,2025,3,0.7414540754538906,0.187548555088169,-0.42073169350624084,0.9192582368850708,50764,-6.910612421553922,2.6312037799865178,-13.410125409650876,2.4156909494422245,71388
Pagsanjan,2025,4,0.5771688246353528,0.20181084882014835,-0.16406084597110748,0.9115044474601746,17254,-8.009730458301302,3.060753780248619,-15.118720788473505,2.7715470976150964,71389
Pagsanjan,2025,5,0.6729841445936868,0.275916265702521,-1.0,0.9576185941696167,38098,-6.994285941370857,2.7901052976315053,-13.842283385663208,2.795529294947043,71371
Pagsanjan,2025,6,0.7056026287347577,0.25596235523325256,-0.7025641202926636,0.9532393217086792,48735,-7.0228332289327895,3.0954764636407064,-14.329160646834607,2.9567633337000547,71394
Pagsanjan,2025,7,,,,,,-7.049336218839452,3.125720579785515,-14.100035123204814,3.2152357160408442,71367
Pagsanjan,2025,8,0.01703834384679795,0.3661919370904692,-0.28806036710739136,0.7061855792999268,5,-6.734738820725285,2.877570763940221,-13.224003317148394,2.7526139458736503,71394
Pagsanjan,2025,9,0.7227788756359863,0.19523401734503854,-0.2708333432674408,0.9492612481117249,31502,-6.153920176913963,3.005854462037915,-12.884097548576694,2.4230507332482834,71391
Pagsanjan,2025,10,,,,,0,-6.497547736844218,2.693676554883559,-13.046084978501172,2.519569233085832,71387
Pagsanjan,2025,11,0.6988254674564882,0.27498611781390514,-0.887884259223938,0.9525641202926636,64932,-6.710648555243289,3.0652377792603094,-13.748083196775003,2.8172694212233655,71392
Pakil,2018,1,0.5025121574225349,0.1765554744358709,-0.28485336899757385,0.9085685610771179,11074,-7.2194154108162145,3.3117048783572787,-13.363196219166475,3.1812918321260577,120123
Pakil,2018,2,0.7436947869870268,0.27667963237434967,-0.578575611114502,0.9306358098983765,70697,-6.894584829371419,2.9585324657805083,-13.290603968223367,2.9342613844482464,120257
Pakil,2018,3,0.7349036488807457,0.22516046410594517,-0.6455894112586975,0.9204505681991577,85816,-6.7739981127325954,2.656217690544942,-13.46254648567488,2.9121064568986266,120187
Pakil,2018,4,0.725525153672743,0.18913491661636794,-0.4254473149776459,0.9288120865821838,60791,-7.318627740920238,2.446822025689576,-13.709643983324778,2.660039178179435,120234
Pakil,2018,5,0.7275148438759628,0.1806591833835159,-0.35353535413742065,0.9170288443565369,79551,-7.172113794728381,2.583568465826957,-13.1968079449913,2.6971790034549152,120073
Pakil,2018,6,0.7744717285525635,0.13091973068139728,-0.2511013150215149,0.9196878671646118,18470,-6.857512462849478,2.7044776780099857,-13.304044115763498,2.603023557417861,120203
Pakil,2018,7,,,,,,-6.952867657484191,2.6109734349001017,-13.547961859329652,2.5791339637720387,120077
Pakil,2018,8,0.6818145541184185,0.3249226092058574,-1.0,0.9588679671287537,39223,-7.026795032222416,2.6969566510663805,-13.697348687508601,3.1236338060906808,119535
Pakil,2018,9,0.7157891302792595,0.22401070700265627,-0.33678755164146423,0.8628981113433838,71664,-7.150146663334022,3.042354041604327,-13.550644693264118,3.100860928137385,119806
Pakil,2018,10,0.7183858475360845,0.22201670762111564,-0.5497382283210754,0.915123701095581,46813,-7.265280941615023,2.840131542228967,-13.83005884702948,3.185831621377907,119790
Pakil,2018,11,0.8147501454091902,0.22739843838122895,-0.9396985173225403,0.9541984796524048,72400,-6.9366842313911175,2.683677866865462,-13.598543827467324,2.976348685077182,119974
Pakil,2018,12,0.689324994542983,0.20310069021900207,-0.6421052813529968,0.9360929727554321,40490,-6.202237022086485,2.8246580307138,-12.8726192041835,3.0363721352780337,119737
Pakil,2019,1,0.7769368027611762,0.26481650728330963,-0.5735607743263245,0.9458461403846741,57112,-6.945072814809153,2.9919490987421686,-13.68171705090052,3.2288169349273823,119833
Pakil,2019,2,0.6835175722777044,0.2738740981688068,-0.5650969743728638,0.92642742395401,34628,-7.358430511559231,2.641086044981948,-14.05701470038937,3.06229239915509,119842
Pakil,2019,3,0.7689710795863901,0.16138671758108572,-0.5017793774604797,0.9358288645744324,55656,-7.4609349797459785,2.46547267512504,-13.971476286857849,2.814890445157554,120085
Pakil,2019,4,0.7476606655414553,0.17124764626705072,-0.34457477927207947,0.9321655035018921,112072,-7.6720386085854955,2.579793562209783,-13.915154716468974,2.731986767823543,120107
Pakil,2019,5,0.7588726034403719,0.21544195406720448,-0.7201645970344543,0.9603349566459656,56060,-6.921752730312732,2.5743863505413493,-13.244009174628966,2.554016005991615,120123
Pakil,2019,6,0.8178640523207417,0.19824515094751702,-0.7402597665786743,1.0,84424,-7.02962134573395,2.4592194024160148,-13.610919153436544,2.380913306951344,120172
Pakil,2019,7,0.8048033299936908,0.20003719016635968,-0.8064516186714172,0.9774358868598938,58603,-6.843963063587426,2.1944063731482837,-13.518521702048822,2.167734422122934,120231
Pakil,2019,8,0.7766328796265277,0.15852332473935773,-0.5243317484855652,0.9234423041343689,44552,-6.552206729258969,2.6468625672928447,-13.178521310720159,2.6620689645724975,119965
Pakil,2019,9,0.7123114031140436,0.17881815811162274,-0.3656998872756958,0.900140643119812,45796,-7.076754618880613,2.8590507828039273,-13.668548383069105,2.842611881550278,119913
Pakil,2019,10,0.8007297363375447,0.2378883056707286,-0.7354709506034851,0.9551122188568115,74438,-6.51434202092112,2.9755346568887093,-12.93091041856068,2.776413911038255,120030
Pakil,2019,11,0.6626238894321594,0.2277820587999033,-0.5266821384429932,0.9118082523345947,48927,-6.679792126833065,2.7147922221980245,-13.318464144593149,2.7404079224466504,120056
Pakil,2019,12,-0.011513377888123767,0.018714748381181083,-0.07144396752119064,0.08187171071767807,832,-6.914731398596187,2.7500172958807965,-13.47078161237663,2.870820324140672,120032
Pakil,2020,1,0.8133394109299281,0.20820329321217482,-0.5822291374206543,0.9580197930335999,83778,-7.035551103132975,2.514282724323342,-13.635666805050871,2.8876501504198706,119780
Pakil,2020,2,0.6108792914767642,0.1713977287531681,-0.12566517293453217,0.8736215829849243,11081,-7.29750428391528,2.6066235106134754,-13.927729840579154,2.8205133774434894,120065
Pakil,2020,3,0.7742386557353834,0.1940278051085968,-0.5437430739402771,0.9437500238418579,102909,-7.324734146769306,2.502772842813543,-13.787490813817156,2.6691152149566215,120066
Pakil,2020,4,0.68645912575578,0.18149190895568726,-0.37552741169929504,0.9235457181930542,51091,-7.418811526323938,2.538411615704699,-13.907655110517073,2.5934888144593558,120159
Pakil,2020,5,0.7833756024972339,0.19075825282198464,-0.908433735370636,0.9502794146537781,74426,-7.036799979925414,2.556730193558895,-13.230883863915505,2.5276486710618125,120188
Pakil,2020,6,0.8109138749658138,0.1652672535631303,-0.6351351141929626,0.942307710647583,66348,-6.784313963842829,2.357634096882484,-13.328867742240242,2.3125618829137653,120161
Pakil,2020,7,0.7940264438156721,0.14872250062839837,-0.4932975769042969,0.9344816207885742,61473,-6.513617708923195,2.217082966749152,-13.31028123521007,2.328688262242058,120164
Pakil,2020,8,0.8087943830842017,0.18442650964708338,-0.4908424913883209,0.9428360462188721,48900,-6.745272390413675,2.320732865257803,-13.31743460829708,2.400745986074076,120157
Pakil,2020,9,0.7739057480225116,0.11230410023026312,0.16385452449321747,0.8827238082885742,12551,-6.6061972321477445,2.4760949732416924,-13.264443141595038,2.4697795516797787,120050
Pakil,2020,10,0.525059747311179,0.17694316263990986,-0.3753637373447418,0.8546829223632812,16853,-6.201438190442516,2.6307753373340783,-12.65654962596049,2.5897733931705815,120162
Pakil,2020,11,0.6939130132234369,0.31116291282048375,-0.689538836479187,0.9360582828521729,65579,-6.833117233104402,2.7119552657252113,-13.277590406080842,3.134876094583859,119885
Pakil,2020,12,0.7199296240542379,0.27640994778703704,-0.5023399591445923,0.9169027209281921,727,-6.9209951757362465,3.0804987763498195,-13.429489524915686,3.1080171521488036,119870
Pakil,2021,1,0.5641772550501694,0.14391425912314482,0.2883371114730835,0.8322147727012634,2085,-7.011001038643774,2.775555397542789,-13.637766194641578,3.118817629687468,119852
Pakil,2021,2,0.7589487567720788,0.2634451384250777,-0.7168949842453003,0.9513353109359741,61690,-6.570183700289298,3.260493995820359,-13.079204112849991,3.2243914675867367,119946
Pakil,2021,3,0.7806454814346145,0.21621646138288758,-0.4649476110935211,0.9277511239051819,90533,-6.8460444623135865,2.2770264066380066,-13.751714776082515,3.0069148265045924,119226
Pakil,2021,4,0.7592762019343245,0.14335480818407387,-0.3451652526855469,0.9001446962356567,90300,-6.9822995375000705,2.5198493360541914,-13.652133433541502,2.937071839073349,119567
Pakil,2021,5,0.7645960285250931,0.1807828655484295,-0.5181769132614136,0.9250814318656921,69178,-7.152634442197496,2.634748237294645,-13.861271540935519,2.872738022794027,119723
Pakil,2021,6,0.8363713346955303,0.13053276842472958,-0.6302652359008789,0.9298596978187561,56675,-6.955113674630744,2.645319163215524,-13.577756982114852,2.7325417347074037,119800
Pakil,2021,7,0.7008426923823079,0.17329496192034402,-0.43328747153282166,0.917180597782135,6363,-6.457758431733107,2.657698528097277,-13.034769613138721,2.8006497629914753,119760
Pakil,2021,8,0.7376955961665911,0.31032242837825713,-1.0,0.9618293046951294,53606,-6.845458177493487,2.9576114992318034,-13.784599532975891,3.0009738034432227,119647
Pakil,2021,9,0.7722890804486324,0.236939897451017,-0.897777795791626,0.9401463270187378,87938,-6.943019762635522,2.8400415025425776,-13.637851243824796,2.971612532832501,119535
Pakil,2021,10,0.7493518500832484,0.2988342855528196,-0.5415019989013672,0.9329672455787659,67325,-7.128944467349671,2.9364118767417144,-13.940841201603439,3.188948137903072,119381
Pakil,2021,11,0.8356659100829448,0.06709384676917267,0.27294397354125977,0.9081613421440125,4471,-6.474476373684788,3.1269876472512186,-13.27867225593426,2.9922870715237857,119189
Pakil,2021,12,0.7851190490218137,0.27872043971946625,-0.7133277654647827,0.9562398791313171,64946,-7.154756231791492,2.7590925067961485,-13.80423666581375,3.2069325293743667,119501
Pakil,2022,1,0.7180251759185258,0.2896520568153364,-0.6969696879386902,0.9512194991111755,33733,-6.690015772688708,2.8594922037769193,-13.34538090614201,3.2316939779697673,119526
Pakil,2022,2,0.4993360714799321,0.11347177455783522,0.2967374324798584,0.839385449886322,4448,-7.02868582949492,2.5534660982454334,-13.645333928860731,2.9262339763327065,119705
Pakil,2022,3,0.7411858480307714,0.17343376001876085,-0.44142746925354004,0.950240433216095,63491,-6.965777274367294,2.6128411153132873,-13.53066087588718,2.8115478673747356,119874
Pakil,2022,4,0.7375908638664121,0.19790953827980773,-0.3885088860988617,0.9115670323371887,55524,-6.614597190535765,2.582787410555502,-13.218882715514276,2.7491534924952776,119905
Pakil,2022,5,0.8212074366706885,0.21595977446212625,-0.7524752616882324,0.9553831219673157,85773,-6.311748286928158,2.5229233878280737,-13.280936588611864,2.61656608667388,119957
Pakil,2022,6,0.8219693723191929,0.14163592657551807,-0.40819424390792847,0.9351962804794312,84400,-6.455181436323499,2.737402059148258,-13.438573870185387,2.731261754145548,119839
Pakil,2022,7,0.5833570153769578,0.09252172176114713,-0.10099337995052338,0.846726655960083,48587,-6.272646666316575,2.6227850804854342,-12.885527675280564,2.601366959190573,120011
Pakil,2022,8,0.770284247197983,0.0663691676459104,0.3349607586860657,0.8606172204017639,5800,-6.495508695243141,2.724559046374237,-13.124868649694953,2.7827866515648365,119883
Pakil,2022,9,0.747445290904274,0.15269952536089945,-0.25273579359054565,0.8918918967247009,18024,-6.685446769175759,2.7148631476630847,-13.344699362458824,2.7604588134203385,119894
Pakil,2022,10,0.8044756097888499,0.20500162325909696,-1.0,1.0,73815,-6.526716715187078,2.6879967829185953,-13.066125415609829,3.010245399172486,119657
Pakil,2022,11,-0.020204711084564526,0.01120688456356925,-0.035989079624414444,-0.011074918322265148,3,-6.511499770825712,2.7740487423342968,-13.23836296760469,3.220328517741971,119483
Pakil,2022,12,0.7222232568331173,0.19839636883106232,-0.37752965092658997,0.8793926239013672,40084,-7.139115261358124,2.5695890205442917,-13.692016100133904,3.1999535975228803,119601
Pakil,2023,1,0.7819635031729607,0.2457551474630497,-0.6257833242416382,0.9387326836585999,58322,-7.219944460615375,2.7604185921564692,-13.817544425702666,3.2815198609758,119387
Pakil,2023,2,,,,,,-6.90705796576432,3.1488073319174763,-13.669297774544921,3.122176519228149,119416
Pakil,2023,3,0.7575698298337762,0.18103502239975147,-0.38992926478385925,0.9148518443107605,91154,-7.110838518894697,2.8913443699192767,-13.64346897284216,2.9585449714597205,119651
Pakil,2023,4,0.7634734015706183,0.1679433052076958,-0.39047619700431824,0.9118781685829163,106116,-7.132462804390096,2.6872366217406034,-13.730772455281045,2.896920928368678,119753
Pakil,2023,5,0.6905744291570289,0.20716067100004334,-0.3030927777290344,0.9088295698165894,5859,-7.012420715153423,2.533948662847539,-13.777586632429587,2.8736093578665787,119743
Pakil,2023,6,0.7735645266149823,0.26208837211822994,-0.6870229244232178,0.9388083815574646,44663,-6.668472411917348,2.8565467827689415,-13.50494223446354,2.7673591186798725,119908
Pakil,2023,7,0.7626319014859902,0.08305343885671852,-0.004286589100956917,0.8664383292198181,53233,-6.604133120628244,2.4801363169819624,-13.43613007959606,2.786125162639745,119864
Pakil,2023,8,0.7650188441210393,0.20116322811482054,-0.4482758641242981,0.9062104225158691,93232,-6.591182802933748,2.680638250499935,-13.266231820192447,2.90379127488514,119804
Pakil,2023,9,0.7912711482196486,0.2195024130346157,-1.0,0.9412176609039307,68851,-6.497022260949158,3.1223867400286895,-13.338294386569272,3.008935746972481,119686
Pakil,2023,10,0.7187225160083663,0.22213462823340144,-0.5328859090805054,0.9230930805206299,53799,-6.405561379836759,3.0957267311537477,-13.144477149729793,3.0396457939156165,119697
Pakil,2023,11,0.6500839560935618,0.21155101589958628,-0.3952542245388031,0.9444742798805237,42508,-6.60456345588196,3.0298998735226594,-13.367928007499724,3.0763357551227877,119745
Pakil,2023,12,0.37273139291339424,0.04270119607421728,0.2830289304256439,0.47401294112205505,495,-6.618715941721977,2.7418847754082143,-13.448603979356818,3.121437239760922,119700
Pakil,2024,1,0.510864563480737,0.244115719796397,-0.4880382716655731,0.8728904724121094,7908,-7.0224823732815995,2.5170354862078153,-13.774603721972523,3.032749042488124,119842
Pakil,2024,2,0.7871090077549153,0.19982509275398652,-0.5504652857780457,0.9410526156425476,88099,-6.982089909237132,2.431508422141418,-13.738901946402235,2.6714248099883107,119845
Pakil,2024,3,0.4925595670818316,0.12025388978069951,-0.3088757395744324,0.8506731986999512,12891,-6.965755312998127,2.3778288095879847,-13.509774653511396,2.7062754680684407,119937
Pakil,2024,4,0.7309515707468418,0.2138170442221865,-0.7345132827758789,1.0,79438,-7.030707891348444,2.7387600100084737,-13.652964968025127,2.7733389321536275,120006
Pakil,2024,5,0.7474530476098705,0.2045889787667548,-0.39463087916374207,0.9576470851898193,104206,-7.215466066378694,2.600243038937519,-13.643740844955584,2.648159189018855,119979
Pakil,2024,6,,,,,0,-6.419203442075116,2.4491936749669203,-13.284484209930714,2.5080651246612624,119949
Pakil,2024,7,0.7180610032738205,0.1938903061336437,-0.40909090638160706,0.9189731478691101,87329,-6.819924676147942,2.708560610954432,-13.408804172805455,2.9267642518000003,119679
Pakil,2024,8,0.7597066371075001,0.145902688236738,-0.2279013842344284,0.8938446044921875,32397,-6.606383136535942,2.61786007624482,-13.268291588317364,2.8059475399516915,119841
Pakil,2024,9,0.7961633296590769,0.21398113558398274,-0.5344644784927368,0.9308693408966064,48583,-6.6540092453737785,2.9909635486955706,-13.652245142746077,3.0494261513423133,119592
Pakil,2024,10,0.707154916398887,0.17855294926378792,-0.4422018229961395,0.9241265654563904,20009,-6.553325297355928,2.678619641050352,-13.169285347799951,2.9591899006484383,119842
Pakil,2024,11,0.7511979795912374,0.29685055458959925,-0.5838926434516907,0.9399742484092712,68405,-7.037315547568918,2.878164267282542,-13.79817240333622,3.21983991305215,119140
Pakil,2024,12,,,,,,-6.554544013366567,3.0580779027116174,-13.172098531187624,3.35738397891191,119458
Pakil,2025,1,0.7394151048234913,0.17220501169483907,-0.5685279369354248,0.9272030591964722,59912,-6.654274590152617,3.005834483889832,-13.263216030171158,3.457187418971453,119348
Pakil,2025,2,,,,,,-7.0881692155149,2.750756386201651,-13.745416645757846,3.2595538621293434,119323
Pakil,2025,3,0.7610590818561525,0.2465112169461782,-0.5603864789009094,0.9224555492401123,66281,-6.765007675973239,3.00818508605529,-13.484882443591925,3.048470628750012,119549
Pakil,2025,4,0.811308240530683,0.08201451515177331,-0.1889880895614624,0.9140245318412781,75276,-7.951759937557621,2.7648201579217537,-14.631981371255797,2.9991823630864913,120045
Pakil,2025,5,0.7785272128816597,0.1938182637701837,-0.467980295419693,0.9616204500198364,66676,-7.02041058631644,2.8385714306246252,-13.693590946344381,2.857647292916489,119731
Pakil,2025,6,0.8237066584079142,0.19215849723844367,-0.6891566514968872,0.9430829882621765,93983,-7.195110161062291,2.5973198528211294,-13.788580574846845,2.796763489793856,120026
Pakil,2025,7,,,,,,-7.2278855552484815,2.911718950118271,-13.617840999437238,3.485999715407063,119559
Pakil,2025,8,,,,,0,-6.80877993655184,3.724396527040051,-13.42191808680178,3.6423310942852027,119730
Pakil,2025,9,0.6010274950680937,0.3393392534898475,-0.5770020484924316,0.9380888342857361,27248,-6.719154937481102,3.7384893707540727,-13.071607485290539,3.372948686204204,120005
Pakil,2025,10,,,,,0,-6.695239378831079,3.2320782378040547,-13.44564983439062,3.58455618457829,119542
Pakil,2025,11,0.766363071159019,0.3412490448935788,-0.8826406002044678,1.0,86885,-6.666498740755471,2.6713923851978465,-13.333284620140393,3.4925201825406753,120074
Pangil,2018,1,0.5958306396632768,0.15189070180759867,-0.3106876611709595,0.8462441563606262,5556,-7.486616891616949,3.8080346339730693,-13.60085130410846,3.5708855890431606,126702
Pangil,2018,2,0.7993013742254585,0.19579176425360872,-0.5688005685806274,0.9359015822410583,60873,-6.961986910654071,3.2377080393615874,-13.476211791441765,3.2690339151788366,126850
Pangil,2018,3,0.738390624023808,0.22824078602606557,-0.5947786569595337,0.9207800030708313,84638,-6.676889044558251,2.690046181550718,-13.415028505059604,3.1161974850213046,126773
Pangil,2018,4,0.7600069057685598,0.1845724137507743,-0.38461539149284363,0.9359895586967468,28023,-7.4179716265962,2.604114523634101,-13.813759034775567,2.668401571394698,126829
Pangil,2018,5,0.7387158701369724,0.17099429148978046,-0.19290928542613983,0.9286980628967285,71943,-6.9083968493458725,2.574016516930204,-12.835563926809924,2.656744726201017,126722
Pangil,2018,6,0.619921683035283,0.24367465405929428,-0.27272728085517883,0.8940632939338684,2463,-6.8160118980387265,2.6366724580445426,-13.370783141900416,2.611916530246777,126832
Pangil,2018,7,,,,,,-7.050364352499617,2.9623551014409943,-13.702885231077795,3.024797677278779,126491
Pangil,2018,8,0.7346487091498081,0.09619500411033516,-0.5520684719085693,0.9091718792915344,18595,-7.053023785971503,2.792015207790485,-13.860909227980102,3.4293950780833167,126127
Pangil,2018,9,0.7458758550361763,0.13257996837626557,-0.2886115312576294,0.8831638693809509,54595,-7.330368578903195,3.3536813172990123,-13.692140629398114,3.428035938526932,126274
Pangil,2018,10,0.7607528887297967,0.2274581386397946,-0.4804646372795105,0.921484649181366,33560,-7.422497105513605,3.0825675101795,-13.925610360651925,3.3371737239581067,126386
Pangil,2018,11,0.7968746384145767,0.2301306439178217,-0.947826087474823,0.9509351253509521,49252,-6.736078052219602,2.771504902649029,-13.453891217455984,3.2338228795843436,126440
Pangil,2018,12,0.5664695862132789,0.26861058250483527,-0.5949855446815491,0.9314036965370178,6541,-6.583627306163238,3.4158588405913295,-13.302151891303806,3.575618042418858,126199
Pangil,2019,1,0.73879944918996,0.32585184413729723,-0.7003154754638672,0.9506217241287231,49894,-7.212200930742312,3.136701848764011,-14.021409411493826,3.488402386113283,126500
Pangil,2019,2,0.7111932636524922,0.2520864918757575,-0.5880721211433411,0.9408441185951233,40513,-7.394094269701993,2.6902886409977462,-14.310056132012008,3.380327720021074,126277
Pangil,2019,3,0.7520096947823041,0.2005831254231548,-0.6006768345832825,0.9414862394332886,56382,-7.543160093234274,2.5594906438561833,-14.124330018391104,2.8939336249119063,126715
Pangil,2019,4,0.7580983298662212,0.15739455556589524,-0.21283255517482758,0.93930584192276,95441,-7.822465558205042,2.6994365693584013,-14.063084786934278,2.8251684295281625,126661
Pangil,2019,5,0.7532746110742553,0.20130399551830924,-0.65450119972229,0.9405063390731812,58042,-7.135338946473209,2.539757822228424,-13.471223107157737,2.5677879706200466,126745
Pangil,2019,6,0.7869916381070962,0.215011719490494,-0.7150259017944336,1.0,86544,-7.120345568210119,2.470597811595109,-13.717812663119176,2.478357683785732,126747
Pangil,2019,7,0.8048020384547606,0.18002711633547278,-0.8468468189239502,0.9383314847946167,59895,-6.940189779046496,2.3247907100989593,-13.648889357866436,2.3251684673423307,126786
Pangil,2019,8,0.7456211470697865,0.20349450552608173,-0.47455868124961853,0.9070128798484802,38961,-6.620965863158587,2.7409404336885816,-13.23252577515515,2.6948637590759708,126577
Pangil,2019,9,0.6878663175115982,0.18455662951223584,-0.23341140151023865,0.9224555492401123,69786,-7.090794291656132,2.8065898528000552,-13.684637106903352,2.7732037301745347,126552
Pangil,2019,10,0.7923339081215893,0.22542527347476288,-1.0,0.9597156643867493,98967,-6.499065779361326,2.852445327728571,-12.910196321445817,2.6808892039995245,126657
Pangil,2019,11,0.6019851097705368,0.2564150943822491,-0.501089334487915,0.9053435325622559,45828,-6.549151919079699,2.5966904504436514,-13.199015766278945,2.7764028857075824,126639
Pangil,2019,12,-0.026526354388246152,0.017313468471055908,-0.08302462100982666,0.034109972417354584,730,-7.119391900647189,2.7675997259382497,-13.733740930626482,3.0888279073434775,126587
Pangil,2020,1,0.8184856046147231,0.2116531486577072,-0.6226804256439209,0.9599562883377075,76492,-7.191887182686146,2.7914630228157415,-13.939316548202598,3.308735658946274,126172
Pangil,2020,2,0.5305225810725767,0.2067278100259673,-0.055986788123846054,0.8390651345252991,1161,-7.357239981928446,2.676520580231621,-14.216609305436354,3.1412070698720713,126607
Pangil,2020,3,0.7971293578368097,0.16972911302890192,-0.5497267842292786,0.9435498118400574,117591,-7.3990316923435335,2.5405265427516857,-13.977411942766127,2.7733962955767044,126694
Pangil,2020,4,0.7391727275174295,0.12241414758773665,-0.015186378732323647,0.8987472057342529,37466,-7.445914903234593,2.5787524810188254,-13.965680063368598,2.606883259482151,126782
Pangil,2020,5,0.7644778280498651,0.2125220241310793,-0.874794065952301,0.9489744901657104,57230,-7.040384056229572,2.5363371328251407,-13.318317134278878,2.4692861921171243,126797
Pangil,2020,6,0.7877211276314229,0.1754640475984224,-0.5457721948623657,0.9301014542579651,46148,-6.755852725284025,2.4157083348074524,-13.37559325263079,2.4861045431021913,126773
Pangil,2020,7,0.8077517442147536,0.13831162340862316,-0.46717655658721924,0.9123958349227905,34771,-6.600926298344944,2.322952303014676,-13.382055501706935,2.4657449895833694,126765
Pangil,2020,8,0.8005499666102351,0.17543900904458318,-0.4262877404689789,0.9381120204925537,54860,-6.89594050584082,2.388459935065311,-13.56026721172198,2.537022090551279,126700
Pangil,2020,9,0.6015886356674534,0.17511594178620174,0.08424365520477295,0.8508177399635315,6772,-6.727635447920634,2.532212034632449,-13.245200162878904,2.4889096489113482,126629
Pangil,2020,10,0.46517366104129104,0.2950169510044371,-0.4091857969760895,0.8738623857498169,5281,-6.247221689967881,2.548322712369259,-12.772079109453403,2.5120875716190385,126779
Pangil,2020,11,0.6039135619201106,0.42017085961859046,-0.7758620977401733,0.9332718849182129,70256,-7.059244641480421,2.9434607315516,-13.56551305920703,3.5141309973805215,126397
Pangil,2020,12,,,,,0,-7.272903736277517,3.579315235512351,-13.781556664395213,3.5560992647541867,126301
Pangil,2021,1,0.43940700648224895,0.0858455269287474,0.28441181778907776,0.7517206072807312,1138,-7.240617948125025,2.954629382015768,-13.924187159726623,3.4779219849585865,126448
Pangil,2021,2,0.7062520526559353,0.2839178474686835,-0.76778244972229,0.9491052627563477,44114,-6.840887800722627,3.5612246230896436,-13.37765241051971,3.494713858087835,126511
Pangil,2021,3,0.7365040385792065,0.2575512616445825,-0.48862746357917786,0.9236427545547485,84693,-7.138692389427246,2.688344318192846,-13.911016374923442,3.1386377246894646,125780
Pangil,2021,4,0.7135405018189208,0.2003865351100761,-0.3502935469150543,0.8901098966598511,79511,-7.173239769148817,2.6689852531948786,-13.736062770872557,2.934637163323021,126410
Pangil,2021,5,0.8020085927325853,0.18666488754267963,-0.5111111402511597,0.9275766015052795,76060,-7.191611635778042,2.7930324441972942,-13.93888344983215,2.887433878132037,126403
Pangil,2021,6,0.7713223754778651,0.19540956460610553,-0.19210678339004517,0.9264639019966125,37389,-7.116384827221908,2.7551682379573417,-13.778428051295972,2.8806791414242556,126466
Pangil,2021,7,0.3449249652031859,0.20132500762740518,-0.1527244746685028,0.8626636862754822,148,-6.464147326663846,2.65435757323758,-13.25905233645579,3.048432590760452,126331
Pangil,2021,8,0.719758481514051,0.3040946851772176,-0.84555983543396,0.9562841653823853,55539,-6.972151397279919,2.925601122819234,-13.909960276399827,2.992014460945665,126243
Pangil,2021,9,0.6701256455560034,0.2353343222554313,-0.5875081419944763,0.9268641471862793,73061,-7.032097936724989,2.867861318345761,-13.771118372875904,3.00878498839895,126258
Pangil,2021,10,0.705966750396556,0.34759011665698497,-0.5579515099525452,0.9296641945838928,19408,-7.064312370445887,2.848452120476703,-13.843487420213856,3.1426292842319565,126037
Pangil,2021,11,0.7710647295851273,0.17939351070955972,-0.4886113107204437,0.9249201416969299,14021,-6.647662297620345,3.243898059600599,-13.477270614138087,3.251909895482762,125779
Pangil,2021,12,0.7940715028487201,0.23474965877184886,-0.6842105388641357,0.9595233798027039,70424,-7.146548404582281,2.9992984060292764,-13.913288857563947,3.630941759799447,126153
Pangil,2022,1,0.7172070416763641,0.31891591594694163,-0.8003630042076111,0.9539849162101746,38565,-6.859954336838969,3.0804409412616955,-13.640886123191356,3.5553845298360662,126149
Pangil,2022,2,0.6634955236510583,0.17010349720636622,0.13064460456371307,0.8980979919433594,9193,-6.90684132171181,2.573783732780872,-13.559541363299559,2.981676277663056,126401
Pangil,2022,3,0.7178104744537261,0.18340432392630873,-0.2539682686328888,0.9336192011833191,28088,-6.930617488169282,2.6106404796548035,-13.43848965852709,2.7103020145866625,126538
Pangil,2022,4,0.6002374733998772,0.24323272836504548,-0.32346969842910767,0.8956654071807861,19460,-6.565062537869794,2.5619216220816976,-13.02182106469005,2.5883232793087645,126571
Pangil,2022,5,0.7692880164919007,0.2600859271533849,-0.8655462265014648,0.9438339471817017,47526,-6.266035109091462,2.415396210775589,-13.104112946491195,2.477040499771666,126635
Pangil,2022,6,0.8193056360582606,0.16460242897361124,-0.5,0.9464422464370728,72082,-6.577150627276839,2.7638092956900215,-13.565114833875784,2.9239526288160165,126476
Pangil,2022,7,0.5630547520255414,0.07807600901698326,0.22956964373588562,0.9491371512413025,78845,-6.382178379235052,2.6407653160186855,-13.077805378105063,2.7953922150923365,126567
Pangil,2022,8,0.05583871714770794,0.010284209623932838,0.0455545075237751,0.06612292677164078,2,-6.523045152765009,2.687944593857264,-13.173922521157431,2.767331391955261,126497
Pangil,2022,9,0.7237443650087036,0.1744935063191932,-0.43309739232063293,0.8689101934432983,20405,-6.650951145148093,2.772640936151693,-13.273739383842251,2.764478291743934,126429
Pangil,2022,10,0.7913236276334953,0.16091639877720232,-0.5715155005455017,0.9339396953582764,38447,-6.571145370519217,2.7471083010721147,-13.084319604174794,3.0444877448500236,126214
Pangil,2022,11,,,,,0,-6.646120474513428,3.0914925179253707,-13.317688108366466,3.5511400615776405,125947
Pangil,2022,12,0.7030049015930013,0.24117265773124216,-0.4341675639152527,0.9086965322494507,97978,-7.192325292876967,2.9715273140668885,-13.802983105486307,3.6036039276594773,126106
Pangil,2023,1,0.6442735020901463,0.36714820357042144,-0.615015983581543,0.9378882050514221,36710,-7.235446979657294,3.0582231140408855,-13.93697175293751,3.8401372748094245,125695
Pangil,2023,2,,,,,,-7.033489823956324,3.228927920980511,-13.924852295540042,3.4969521358688485,125855
Pangil,2023,3,0.7607320252032167,0.16784824082772723,-0.4135020971298218,0.9100196957588196,60951,-7.1853131527085266,2.8525072312882362,-13.791788951400274,3.058779847801827,126326
Pangil,2023,4,0.7452870608258889,0.17687699082341332,-0.29168152809143066,0.9059666991233826,84355,-7.271208810894101,2.848059059048157,-13.755780976841265,2.8925696053887275,126418
Pangil,2023,5,0.672719881715862,0.1721332883849415,0.005045408848673105,0.8907209634780884,5428,-7.039402421886952,2.5952615481725245,-13.76256455278961,2.818953681056597,126369
Pangil,2023,6,0.7920430522864172,0.21116797658975733,-0.47005075216293335,0.936540424823761,27362,-6.697087372703538,2.8144052302628992,-13.557964081886311,2.6878815701503433,126453
Pangil,2023,7,0.7233547829952749,0.09408321892321411,0.10485132783651352,0.8619883060455322,43819,-6.680648521571067,2.63511241334505,-13.605314301946827,3.0703465494100324,126444
Pangil,2023,8,0.7260268684238611,0.2070299711934298,-0.3795326352119446,0.8929741382598877,82071,-6.783996020987944,2.777994453591949,-13.566611990707091,2.9986643574429603,126421
Pangil,2023,9,0.7967509444904268,0.19093183360472685,-1.0,0.945661723613739,22853,-6.562410748623257,3.162624095068748,-13.284283620322572,2.9494728121744673,126288
Pangil,2023,10,0.6803098752236956,0.1425720992473427,-0.18011410534381866,0.9214780330657959,64164,-6.5024458589989305,3.1403542163911906,-13.089492112327656,3.002343021201191,126208
Pangil,2023,11,0.5827920214042522,0.2852817957710319,-0.6186636090278625,0.9386134147644043,29878,-6.655497906886751,2.896408723648551,-13.30892074587793,3.164719974142413,126299
Pangil,2023,12,0.8021589357868516,0.19099849414391423,0.3117436468601227,0.9452812671661377,765,-6.838898907985048,3.276903919118256,-13.634451827526494,3.5273563048733507,126164
Pangil,2024,1,0.6255460739715075,0.2080534970292312,-0.5033887624740601,0.8823529481887817,9135,-7.074167426660793,2.7485919873605624,-13.95031068816149,3.494892160397107,126315
Pangil,2024,2,0.8094667637832342,0.17432518924645546,-0.5525113940238953,0.9621710777282715,104889,-6.926441194573275,2.387825313488254,-13.768701377211162,2.8233346930021845,126569
Pangil,2024,3,0.5981963692741035,0.19790126138269418,-0.25735294818878174,0.8871245384216309,14456,-6.89627445161694,2.3938943490450137,-13.442531297001683,2.702861603713815,126646
Pangil,2024,4,0.7389848374115945,0.2142180268816982,-1.0,0.9746031761169434,72422,-7.037514819833193,2.6478146851745517,-13.642842578800881,2.579308742057818,126666
Pangil,2024,5,0.7614544418221852,0.19401269347311711,-0.4442836344242096,0.9451170563697815,119589,-6.987863291456439,2.525757484125531,-13.477481018416933,2.4798193128346138,126636
Pangil,2024,6,0.8474981599436029,0.014910524422876844,0.7648337483406067,0.8762570023536682,508,-6.620751687643389,2.4459939545078697,-13.524564894560346,2.730749412687792,126593
Pangil,2024,7,0.7452368243579967,0.20649873361832718,-0.41654136776924133,0.9138858914375305,97507,-6.94563033918691,2.663947895058814,-13.74373086500816,3.2262511235268527,126354
Pangil,2024,8,0.7235259215602747,0.1668380710144195,-0.17425082623958588,0.8971948623657227,39812,-6.628609121687338,2.5985571567367134,-13.217648457522372,2.769109361384698,126478
Pangil,2024,9,0.7429400584558904,0.2505341342977976,-0.5897058844566345,0.9379444122314453,48851,-6.731602002856166,2.83441007034349,-13.704261392058758,2.959572545682305,126310
Pangil,2024,10,0.7424786345770111,0.14708766282767238,-0.04778594151139259,0.9048851728439331,36704,-6.655665636033717,2.96010114550431,-13.377449148915774,3.526378936982574,126268
Pangil,2024,11,0.7171837596749544,0.32243859924537827,-0.6172927021980286,0.9337969422340393,18516,-7.112013772332455,2.9590377173424924,-13.885228554726591,3.408520953803819,125677
Pangil,2024,12,,,,,,-6.572608997798417,3.3372173746590343,-13.208671683281903,3.8277552071208287,125854
Pangil,2025,1,0.7092562181210593,0.27059054939504706,-0.544910192489624,0.9069286584854126,51135,-6.870915094815185,3.721476852213559,-13.399355257091718,4.022036363592632,125716
Pangil,2025,2,,,,,,-7.167127648995572,2.8573339387333525,-13.963674620861875,3.599259031989776,125892
Pangil,2025,3,0.7450329259568873,0.21519312226051573,-0.4668659567832947,0.9174511432647705,42160,-6.797749176622885,2.79133738866826,-13.531830609668521,3.0670117619510333,126258
Pangil,2025,4,0.7855998059987387,0.1410101951374774,-0.2515793442726135,0.9320241808891296,91618,-8.28464562201088,2.8799985097277068,-14.852967488263133,2.977191521496377,126692
Pangil,2025,5,0.7539018700090925,0.22614962741158628,-0.3537757396697998,0.964821994304657,72411,-6.961598929463707,2.784434259023333,-13.542843528906326,2.6917626778057646,126497
Pangil,2025,6,0.796111668190932,0.2083129385440262,-0.6009852290153503,0.9523715972900391,84059,-7.194901943044019,2.517676641679929,-13.785139171260314,2.6298074929859516,126685
Pangil,2025,7,,,,,,-7.646669007432897,3.511983448052161,-14.12528237396318,4.244298902921028,125625
Pangil,2025,8,,,,,0,-7.082634920106728,3.730827768916148,-13.825864316735466,3.9337744937595156,126065
Pangil,2025,9,0.5545266269222607,0.35632814427302456,-0.4138655364513397,0.9340329766273499,17356,-7.192132188432683,4.423823535144193,-13.454056532659258,4.0188525887076985,126429
Pangil,2025,10,,,,,0,-7.11201385027662,3.8975190793631826,-13.798742361484186,4.285282201915974,125855
Pangil,2025,11,0.740556426627338,0.3876041155838913,-0.7727272510528564,1.0,97836,-6.910589172376036,3.2592063982317088,-13.561739648751466,4.148853368200581,126397
Pila,2018,1,0.2853410805582497,0.16907151106442303,-0.12611879408359528,0.8540318012237549,3406,-7.8555687514976205,2.8791307975558516,-14.822177229359387,3.797065430195792,64750
Pila,2018,2,0.7327128234708349,0.19678877171705866,-0.5965746641159058,0.9375866651535034,43839,-8.15718729021649,2.9367906378788446,-14.657083037075266,2.961898125863519,64756
Pila,2018,3,0.5966674167920744,0.1973151193154193,-0.5677320957183838,0.8951194286346436,27691,-8.341645382150263,2.810554380381788,-14.687502730929836,2.6275766856512224,64756
Pila,2018,4,0.47069335598241935,0.21028504978714288,-0.23298560082912445,0.9291380047798157,32878,-8.747004468989548,2.895947936573708,-14.831193390520003,2.645742651107426,64756
Pila,2018,5,0.5057548667787719,0.20889571928790937,-0.4359577000141144,0.9279466867446899,61095,-7.999626272080167,2.8988124997885776,-13.828443290150204,3.0662400397949106,64753
Pila,2018,6,0.4450987154777337,0.28556385847258714,-1.0,0.9116261005401611,52953,-8.034817332997473,3.377683803729785,-15.256713725127655,3.9863496817725936,64750
Pila,2018,7,,,,,,-8.249156312831428,3.4082991863602703,-15.47007485040181,4.474699188578406,64667
Pila,2018,8,0.48020406873132143,0.16587685841980418,-0.23636363446712494,0.8986784219741821,18694,-8.36191328073774,2.9094145591308385,-15.551190602033792,3.5179177631910243,64710
Pila,2018,9,0.6641589421671078,0.1994408610298085,-0.6773333549499512,0.9093782901763916,57570,-8.363363974156195,3.2087511141830425,-14.417958146159936,2.930030904418528,64721
Pila,2018,10,0.4569425793622756,0.17551996172461998,-0.4521072804927826,0.9019549489021301,5802,-8.20830149016238,2.9960841782190366,-14.383920039995607,2.834945882033714,64719
Pila,2018,11,0.5618345553767713,0.2498621160337976,-1.0,0.9754052758216858,30362,-7.4817878062059195,2.6492688446690003,-14.362640291773182,2.9645108461411205,64735
Pila,2018,12,0.2773504683093444,0.15222143778418695,-0.1658962517976761,0.561087429523468,148,-9.476323086611705,4.896597419515474,-17.5871919526331,6.509562467571889,63644
Pila,2019,1,0.6184216202252276,0.2535684993043862,-0.48792269825935364,0.9336405396461487,16605,-8.371963384330202,3.0116929590139088,-16.522307094314595,4.237472492475169,64701
Pila,2019,2,0.715438552642211,0.12569562273231108,0.20267802476882935,0.870877206325531,557,-8.637568675030227,2.905906326513015,-15.652522170447657,3.248696344944035,64738
Pila,2019,3,0.5891081886654375,0.20165064014332382,-1.0,0.9232505559921265,42752,-8.883570858887426,3.049632430007654,-15.10637483520686,2.8200244142051867,64755
Pila,2019,4,0.49893226619179476,0.20705098984263687,-0.25881651043891907,0.9318629503250122,64752,-8.648984599219892,2.9433618084671,-14.851181726339222,2.822228416379782,64754
Pila,2019,5,0.5528399034653957,0.19583398915874692,-1.0,0.9393678903579712,40566,-8.042785735759551,2.7297729348596587,-14.088234990576822,2.5455416087025076,64755
Pila,2019,6,0.5992216842016598,0.22396232873208252,-0.5247524976730347,0.991416335105896,61778,-6.8321327001994705,2.3976102248369258,-12.856692051467235,2.2049750598389166,64755
Pila,2019,7,0.5042045485780753,0.2600193443741373,-0.6260720491409302,0.95241379737854,54640,-7.982438325389895,3.271526547513337,-15.705888022197612,4.420914011073764,64720
Pila,2019,8,0.4897637084399086,0.2422725543678628,-0.3511904776096344,0.9099889993667603,45103,-7.691321703492094,3.022583772986431,-14.885570422240814,3.9370689379370436,64707
Pila,2019,9,0.622205230367765,0.18051913089310853,-0.4768786132335663,0.9029298424720764,55762,-8.246336216650064,2.9609714432173555,-15.139108210243322,3.1825553108403195,64740
Pila,2019,10,0.7158088226472884,0.19385104203879566,-1.0,0.9594478011131287,30045,-7.578454377860822,2.7878609457854955,-13.47194487302866,2.4442156716597534,64752
Pila,2019,11,0.5337603090760629,0.22542334605745057,-0.5703479647636414,0.9197385311126709,46577,-6.861901038656229,2.614723283425702,-13.236127773477675,2.4479415820141304,64749
Pila,2019,12,0.4400374556395338,0.26886436133752506,-1.0,0.9197207689285278,62327,-8.17733585564001,3.238509529533897,-15.928573591753317,4.321787885061459,64692
Pila,2020,1,0.5865357557154742,0.24137377092840598,-1.0,0.9213392734527588,21312,-8.009711613291158,3.0142994425842824,-16.27281963381694,4.68814120481345,64542
Pila,2020,2,0.6485271729082874,0.1787295261062869,-0.13011381030082703,0.8929240107536316,49319,-8.407786363516509,2.890344078856674,-15.635245064796182,3.353802621795431,64740
Pila,2020,3,0.6680792853876099,0.18938236053201452,-0.597687840461731,0.9259766936302185,63139,-8.846440775561883,3.0644053790405703,-15.04403504142489,2.8695049053982604,64754
Pila,2020,4,0.4582671035482568,0.18383029738529194,-0.21169590950012207,0.9070142507553101,35900,-8.480952456848785,2.9286929398514574,-14.922093996935164,2.8045298638724607,64754
Pila,2020,5,0.5318917876175528,0.24778665746720233,-1.0,0.9632432460784912,64756,-6.853261346395759,2.562521566661393,-13.139711997344154,2.4220741613062784,64755
Pila,2020,6,0.46949882567121914,0.28950402993063507,-0.7948718070983887,0.9380466341972351,64063,-7.958228082281213,3.078326013631545,-15.808451952334309,4.3403346764947015,64711
Pila,2020,7,0.5962890587645295,0.21675822247479765,-0.307879775762558,0.8996021747589111,47550,-7.8541681441459055,3.141768011418381,-14.795319728168483,3.8466221589401037,64733
Pila,2020,8,0.734793865128485,0.19580575393730607,-0.32404181361198425,0.9529336094856262,61479,-8.306561835101286,3.1210510815662604,-14.806044483580374,3.0548818889888762,64756
Pila,2020,9,0.5895887298801107,0.21508340363608378,-0.3121301829814911,0.8973701000213623,54289,-7.800941704915437,2.9915390844895873,-13.318856627199775,2.7449086159139657,64755
Pila,2020,10,0.5089164700155469,0.2775399757626199,-0.6036697030067444,0.9459683895111084,56330,-6.2966542836634085,2.8711027313423134,-13.150350713437376,2.9519312651784517,64744
Pila,2020,11,0.4789152973679373,0.28384790658633663,-0.9222903847694397,0.9206706285476685,30687,-8.297084169309393,3.7876205551404585,-16.381223610336907,5.440221455215093,64097
Pila,2020,12,0.4887272754154395,0.30150247770569033,-1.0,0.9530424475669861,59203,-8.479295453746529,3.798847407866007,-16.98537421479692,5.428906308028625,64212
Pila,2021,1,,,,,,-8.24426570197326,3.231762007256772,-15.970312130844045,4.310151294472379,64465
Pila,2021,2,0.6752539360586826,0.24987630703618852,-1.0,0.9445537328720093,54267,-7.832472691273673,3.573221910826414,-14.417892804742156,3.6411752686094805,64687
Pila,2021,3,0.5632003530796696,0.23896016316467406,-0.7325842976570129,0.915618360042572,51950,-7.729278244595837,2.8473927363224925,-14.66747231269487,3.062962917916605,64684
Pila,2021,4,0.4693203610934894,0.21670240009761713,-0.49280574917793274,0.895239531993866,48583,-7.724195568284573,2.8152369575309772,-14.704489531200204,3.0757112195620255,64718
Pila,2021,5,0.5186829778989842,0.22247351549906344,-0.6488339900970459,0.8826606869697571,25962,-7.910189863785607,2.9936552690355045,-15.327771505608002,3.767619304688558,64661
Pila,2021,6,0.714608827033985,0.1637982671750597,-0.014557670801877975,0.9024683833122253,4547,-7.760673966454837,3.0086549686317396,-15.780735007861011,4.273145748572363,64560
Pila,2021,7,,,,,0,-7.591625823948835,3.0379227799157573,-15.304574408908348,4.044275466276896,64585
Pila,2021,8,0.6702064225881664,0.20437093163312994,-0.3415929079055786,0.9134374856948853,43283,-8.08620439298396,3.2068059626604515,-14.149478235273513,3.2516420230919927,64731
Pila,2021,9,0.6509061118755061,0.2281284219499204,-1.0,0.9350478649139404,36765,-7.34475169209214,2.99395875960922,-14.148294174899062,3.053139404820217,64620
Pila,2021,10,0.6048442825683303,0.20387525546851806,-0.5856873989105225,0.9288026094436646,9017,-7.005230402322443,2.787901564711755,-13.294146676502685,3.016019577292932,64708
Pila,2021,11,,,,,,-7.363965131708449,3.2119423288237874,-14.608078247786034,3.904589301934697,64542
Pila,2021,12,0.6300898113368052,0.2776237894786889,-0.6281062364578247,0.9566666483879089,22191,-8.005793917035472,3.372054831483275,-15.583445180653944,4.667118212923134,64653
Pila,2022,1,0.6049726863467237,0.21362105371609186,-0.3487699031829834,0.9164226651191711,20050,-7.682911733225063,3.0061265976554767,-15.077036616757706,4.09587495663425,64684
Pila,2022,2,0.5400728197440824,0.18657708631100176,-0.1154002994298935,0.8851096034049988,5700,-7.5350463086060575,2.935200264865693,-13.532223672997782,2.9473577583520143,64749
Pila,2022,3,0.6037132291806689,0.2299625248304821,-1.0,0.9594137668609619,56761,-7.90553140103003,2.8244777888251846,-13.533329629965953,2.673176688776601,64756
Pila,2022,4,0.4232511195269498,0.07780577895664555,0.2584695518016815,0.6815476417541504,110,-6.826405138292757,2.5941242952021093,-12.648435259944529,2.547449192523627,64755
Pila,2022,5,0.5285097172052797,0.21246984697146862,-1.0,0.9269195199012756,47001,-6.720412648925914,2.5987228606966677,-12.831137021245437,2.6084566590145806,64756
Pila,2022,6,0.5043971333040866,0.23276973677629115,-0.9189873337745667,0.9303441047668457,30699,-7.775111222015849,3.7225064829805863,-14.698730781815746,4.537214870970875,64613
Pila,2022,7,0.4910258626536323,0.2203911617237493,-0.2992056608200073,0.8583961725234985,3147,-7.542350997562733,3.17350851704492,-14.656171978622615,4.155217075246169,64732
Pila,2022,8,0.7274885027032153,0.09143061318274395,0.34283143281936646,0.8103487491607666,95,-7.614961770695846,3.0134496291277757,-13.819244695791792,3.2017837661824675,64751
Pila,2022,9,0.5551939097301565,0.15903075990269896,-0.0981675386428833,0.8264402747154236,7390,-7.547568338086042,2.9480581678784974,-13.400965323677692,2.9202621579266386,64744
Pila,2022,10,0.6430701876636056,0.23870888074720237,-1.0,0.9564602971076965,47625,-6.669810209637792,2.804279139564245,-12.661912165056929,2.9063784027324684,64741
Pila,2022,11,0.11510943578554772,0.06055972882377443,-0.09274350106716156,0.40025657415390015,669,-7.177152121938149,3.5221968180201,-13.644443633536888,3.9200630460569834,64631
Pila,2022,12,,,,,,-8.10339871902453,3.3156016852154457,-15.45891158192058,4.647768174715452,64579
Pila,2023,1,0.5885773693027507,0.267492889819982,-0.5059952139854431,0.911119282245636,11391,-8.009281568831302,3.211181932955578,-15.47180703549409,4.464421888103492,64543
Pila,2023,2,,,,,,-7.660672593220393,2.9836007625662577,-14.372356272245915,3.4971903479526545,64665
Pila,2023,3,0.4172981133063634,0.0954819351958959,0.3331654369831085,0.6427487730979919,12,-8.163466178883837,2.9085230238567883,-13.880573025534835,2.9397839838504964,64743
Pila,2023,4,0.5320840777254746,0.20486042610233007,-0.27164769172668457,0.8849044442176819,37031,-7.760243909134339,2.863839596607916,-13.635988202223237,2.860370443646724,64748
Pila,2023,5,0.39982685084227004,0.1732758523716482,-0.4755876958370209,0.8843610882759094,11257,-7.681193226972652,2.922378326807625,-13.856559796921191,3.095372655956539,64737
Pila,2023,6,0.515970250153074,0.2451658731417082,-0.7157360315322876,0.9316882491111755,44160,-7.6111629331281,2.917808062146712,-14.239285592361027,3.4940456579090173,64743
Pila,2023,7,0.6549617343279255,0.10418064608088691,0.2209944725036621,0.7964816689491272,415,-7.742685782553037,3.3348406795223338,-14.750665028946113,4.156632744694065,64712
Pila,2023,8,0.5648508911966614,0.2301353958656563,-0.42404472827911377,0.8849493265151978,61550,-8.111457561000401,3.560765581993464,-14.757237798005796,4.332836970433923,64610
Pila,2023,9,0.6497154168609028,0.2168692281205664,-1.0,0.9539652466773987,42705,-7.416052370372556,3.179155250209056,-13.60929293686593,3.3549549937154053,64715
Pila,2023,10,0.6338500774616881,0.19168043391075312,-0.49130433797836304,0.9138899445533752,33883,-6.920378885012046,2.9724759094578643,-12.92030359822405,2.9555426445566044,64733
Pila,2023,11,0.5637192099494762,0.23249730603593574,-0.8620689511299133,0.927142858505249,31286,-6.901561034090507,3.237266323783303,-13.419347632145696,3.6272451429689405,64698
Pila,2023,12,0.5335240973290787,0.3042490610874565,-0.3136899471282959,0.9055814146995544,6803,-7.882890324002619,3.6873061887449796,-14.937234705133912,4.7072493370016435,64599
Pila,2024,1,-0.02089364295769032,0.05116743426349147,-0.1213345006108284,0.06440624594688416,31,-7.7028860800934424,3.006327783132776,-15.071386906267257,4.119829236757879,64671
Pila,2024,2,0.6951078155578758,0.20179360649947758,-0.45743146538734436,0.9450520277023315,58908,-7.974366983828844,2.810615375111927,-14.282629183538752,3.122873455266074,64751
Pila,2024,3,0.6131136638774539,0.18386605684255436,-0.22505414485931396,0.902920126914978,48149,-8.134005888917173,2.9211524239135644,-13.945412369027968,3.0051328380231856,64754
Pila,2024,4,0.4659271262401297,0.225412883861157,-0.6786324977874756,0.9672526717185974,13277,-8.390685243126612,3.0984149881837806,-14.503071040711943,3.2603974342531004,64755
Pila,2024,5,0.4272603138826374,0.20319584871233554,-0.6163366436958313,0.8948377966880798,29339,-7.778944277951448,2.7609538170961168,-13.496298206826589,2.83782690755798,64755
Pila,2024,6,0.408820806245881,0.1720933596942965,-0.05884946137666702,0.8468689918518066,1823,-7.285718378136925,2.8891832565382174,-14.129470896246362,3.739687951097173,64727
Pila,2024,7,0.38294064773405684,0.12875045780766586,-0.0957256630063057,0.7612631320953369,29771,-7.868513544362308,3.356552288511806,-16.23759371403221,4.998008042937681,64375
Pila,2024,8,0.5357055525815994,0.07316526753406802,0.26309433579444885,0.7119376063346863,1052,-7.631050467611662,3.202675178312153,-13.785299394032753,3.4260131282364803,64732
Pila,2024,9,0.7065491867069895,0.1748202775840669,-1.0,0.9151029586791992,27424,-7.890073556854715,3.2712896641415687,-13.93988714371645,3.243954140460184,64701
Pila,2024,10,0.636438423668347,0.21619915289715527,-1.0,0.9238145351409912,26991,-6.968257598209154,3.0608558239130885,-12.659433502669216,3.305012828236859,64647
Pila,2024,11,0.5665406871423546,0.2234723215134225,-1.0,0.9456394910812378,34690,-7.2826390378025705,2.8921740677950085,-13.583527465889855,3.2905537203212702,64631
Pila,2024,12,,,,,,-7.986629461336672,4.396418687658361,-14.543973134436063,5.046089303982576,64286
Pila,2025,1,0.2309041496180946,0.21940665906966403,-0.6744186282157898,0.900562047958374,7248,-7.561657309315756,3.429777653689832,-14.625632463652284,4.360941676498372,64575
Pila,2025,2,,,,,,-7.7246544816553575,3.003112619330571,-14.468885699095571,3.8447151760213476,64639
Pila,2025,3,0.66000624210859,0.209042677835022,-0.31462332606315613,0.9151515364646912,49641,-7.772522666655343,2.8868981152633215,-13.751764331289687,3.0604240077415295,64743
Pila,2025,4,0.5288822546879586,0.21535390782803263,-0.19413407146930695,0.902222216129303,56000,-9.10910183926567,3.231674765382766,-15.69827393218892,3.0067427138333183,64750
Pila,2025,5,0.5510813670650462,0.24584730397933363,-0.48969072103500366,0.949999988079071,43679,-7.853897715151737,2.9711443201902545,-13.962062467271762,3.1190062705805532,64742
Pila,2025,6,0.5325139931849359,0.24152198557849072,-1.0,0.9323357343673706,35155,-7.296277594297401,3.0109205700380515,-14.198215797890075,3.369618550916117,64752
Pila,2025,7,,,,,,-8.352333322477628,3.8671377402068328,-16.322190621819242,5.227064412478037,64440
Pila,2025,8,0.4753685025434203,0.27992681510918593,-0.7485207319259644,0.9362008571624756,19804,-7.8865895664961485,3.655582458808459,-14.636218549012865,4.261484129772908,64668
Pila,2025,9,0.5971979417863904,0.23039308028166455,-0.5660377144813538,0.9277145862579346,47306,-7.638617373029573,3.8319611808683245,-14.02734388699544,3.6814736371956633,64737
Pila,2025,10,,,,,0,-7.249375586242145,3.465353774039199,-13.210069260448643,3.6803962810544384,64644
Pila,2025,11,0.5290072571638802,0.2803468162770377,-0.8681055307388306,0.9277837872505188,22294,-7.540352328250144,3.7965278632682677,-14.702563301234628,4.183313855019317,64669
Rizal,2018,1,0.7337178565411281,0.18487226403728774,-0.004935021977871656,0.9301345348358154,24269,-6.519019231669124,2.119318616058016,-12.734405740710173,2.0790016977116417,58877
Rizal,2018,2,0.8163317891423332,0.0943215454042788,0.03210349753499031,0.9171961545944214,22018,-6.2409881950580495,2.204342992209915,-12.890572074893683,2.0844365224079118,58877
Rizal,2018,3,0.8035489648075381,0.14730616418019762,-1.0,0.9427509307861328,33563,-6.0662588590450754,2.099541803445558,-12.918158654217349,1.9757789850662995,58877
Rizal,2018,4,0.8011705543936889,0.1424420638247547,-1.0,0.9473684430122375,47767,-6.70318762329739,2.0709767683542917,-13.408565241796206,1.9580006619031938,58877
Rizal,2018,5,0.7463498515540868,0.10889634496679297,0.2922291159629822,0.8708507418632507,2411,-6.638595322894686,2.2319347202638564,-13.11824708645739,2.2401672748565695,58874
Rizal,2018,6,0.7441268190747305,0.15437339176216483,-0.5311958193778992,0.9052644968032837,8993,-5.951948532138664,2.23032059276695,-12.65195195782342,2.134429234449007,58877
Rizal,2018,7,,,,,,-6.062344022638657,2.1042136398840796,-12.867310957001704,2.0722056186684727,58876
Rizal,2018,8,,,,,0,-6.536531983182664,2.009850176926034,-13.28417969779201,1.9505814279382225,58877
Rizal,2018,9,0.7455935634031828,0.17458327433485102,-0.017250973731279373,0.9116809368133545,31504,-6.444001754026146,2.141979543223959,-13.152110435332341,2.032683143005294,58876
Rizal,2018,10,0.7744686426670753,0.1358817841178367,0.07422775775194168,0.9141124486923218,29349,-6.5134318123104995,2.14446124700216,-13.333399868745248,2.046383657430523,58877
Rizal,2018,11,0.8398928508893346,0.1498733342058874,-1.0,0.9635599255561829,43166,-5.879758419584332,2.0774552136438045,-12.718868186307782,1.9876826392570606,58877
Rizal,2018,12,0.6618652669024363,0.1200375283641724,0.12222222238779068,0.9015443921089172,16664,-5.756056583942724,2.165782866802379,-12.522361838567363,2.0765169980902045,58877
Rizal,2019,1,0.843449742686161,0.12385278102420484,-1.0,0.9566473960876465,58792,-6.676823946940224,2.125146755772343,-13.371708859524714,2.058348817645593,58877
Rizal,2019,2,0.803540069544175,0.14090757172436022,-1.0,0.9309210777282715,45314,-6.883021114492335,2.2581582016310815,-13.616509616567566,2.2063657033046455,58877
Rizal,2019,3,0.729970168144471,0.17074110366763648,-0.5127272605895996,0.9373964667320251,22914,-7.205666072824859,2.3163915638419557,-13.78815539705349,2.266108862846173,58877
Rizal,2019,4,0.7450333449198995,0.1514114503607157,-0.6964285969734192,0.9413450360298157,42699,-7.346424958819004,2.342042477696759,-13.806125137479274,2.306761863245149,58873
Rizal,2019,5,0.7910311042299194,0.13625847579530886,-0.07972858101129532,0.8980103731155396,8074,-6.762080824057371,2.262331399374569,-13.468278126079756,2.167010662875693,58877
Rizal,2019,6,0.8261973038999239,0.13819701270730184,-1.0,0.938266396522522,27301,-6.283417105467227,2.0718644738712526,-13.180012210220681,1.9496173058686894,58877
Rizal,2019,7,0.8682029161452656,0.13811938459670373,-1.0,1.0,58871,-6.0618728187494275,2.039514138562259,-12.891830981976348,1.9204502430474204,58877
Rizal,2019,8,0.8208862551181888,0.09516007644891451,-0.10791366547346115,0.9204126596450806,22241,-6.2197125026786075,2.151251727401573,-12.933227075815855,2.132881558246042,58875
Rizal,2019,9,,,,,0,-6.50160329570406,2.134370841240276,-13.279375716592066,2.0382576295890753,58876
Rizal,2019,10,0.8389229305136906,0.14062893358766163,-1.0,0.9427472949028015,44634,-5.799628398150714,2.009314111436129,-12.457235639625127,1.9092060535802253,58877
Rizal,2019,11,0.7457436512819078,0.13759201540084123,-0.12506486475467682,0.885845422744751,23152,-6.130503944895697,2.0278701107444337,-12.897180179033652,1.9280246262838032,58877
Rizal,2019,12,0.7728742817071321,0.162367372569786,-0.08425145596265793,0.9277434349060059,26090,-6.572885330585948,2.09722905125608,-13.222474814570866,2.0552236230637964,58877
Rizal,2020,1,0.7822046401399065,0.13639178756426357,-0.5348837375640869,0.9128994345664978,19583,-6.501775602007072,2.1174811016785675,-13.26324695511843,2.088035771124897,58872
Rizal,2020,2,0.6181909763336355,0.15490700212221087,-0.045597612857818604,0.8300729990005493,4763,-6.691790893185721,2.233395730485106,-13.486098831227194,2.1563252427690016,58875
Rizal,2020,3,0.7665945784302143,0.1622522189838341,-0.24466338753700256,0.9323322772979736,18192,-6.846047199399222,2.1980182780018858,-13.510563578988338,2.092323113513832,58877
Rizal,2020,4,0.6998671132847076,0.17941215949355857,-0.076944999396801,0.9194610714912415,9310,-6.993883115734379,2.2296046125769333,-13.734023514947449,2.147035835965288,58877
Rizal,2020,5,0.7748581895705873,0.08970302529345704,-0.05370471626520157,0.8719054460525513,6355,-6.5000156883928035,2.184363303237376,-13.151136484412383,2.0804605346913556,58877
Rizal,2020,6,0.7671363577409198,0.13157052110426415,-0.07378336042165756,0.9110875129699707,19708,-6.230303274161123,2.0313216627629394,-13.151035660414964,1.9704794625863076,58876
Rizal,2020,7,0.5145903219995293,0.138986737991254,0.12147505581378937,0.7968282699584961,368,-6.402246975444079,2.076319720520152,-13.31444382369719,2.0811604670283472,58874
Rizal,2020,8,0.8396238671959954,0.12608472588788022,-0.6171003580093384,0.9469547867774963,45014,-6.3096952477673005,2.054190746836459,-13.102526442791184,1.9722360367403045,58875
Rizal,2020,9,0.4317063475482639,0.12753198687062095,-0.011134517379105091,0.7743337154388428,348,-6.260992815637189,2.1480450823572372,-12.87231950989283,2.1546745826703093,58873
Rizal,2020,10,0.7440327919829419,0.1751574139810366,-0.5056818127632141,0.9029585719108582,18681,-5.486571161647614,2.019383541971297,-12.08308871710612,1.9044996320852583,58877
Rizal,2020,11,0.8155994707503054,0.11203630160436416,-0.3863636255264282,0.9366869330406189,20207,-6.194151592230041,2.1638064556008705,-12.732203251489095,2.076816156763686,58877
Rizal,2020,12,0.8020914343860165,0.1620518401213695,-1.0,0.9362785220146179,26765,-6.2795219379106175,2.1575720938854914,-12.973094141518542,2.128272439169301,58877
Rizal,2021,1,,,,,,-6.456043244419423,2.0803372671401124,-13.191910250592315,1.9947351338612878,58876
Rizal,2021,2,0.7036519569456575,0.198472167536908,0.039935458451509476,0.8837417960166931,625,-6.049357877753066,2.295852719397209,-12.759721024595745,2.139099607647356,58876
Rizal,2021,3,0.7691124199299721,0.14864009758339208,-0.10039456188678741,0.9135446548461914,15583,-6.5133740554921635,2.080978465473461,-13.30608290421437,1.9952029970603202,58877
Rizal,2021,4,0.6462744106797933,0.11510068233672943,0.2344518005847931,0.8432546854019165,9139,-6.54260662721642,2.1267170646562623,-13.431856053790169,2.041294774290168,58876
Rizal,2021,5,0.7549041628689985,0.14482433769306566,-0.15838761627674103,0.8999999761581421,24635,-6.547002458561476,2.2074221345977936,-13.431503365355304,2.1574795592236367,58875
Rizal,2021,6,0.796595584265601,0.1511230232329649,-0.14429651200771332,0.9189931750297546,19165,-6.549255008158658,2.2589809424628964,-13.432952964024343,2.2362831756341985,58875
Rizal,2021,7,,,,,0,-6.151367193227504,2.075963648586756,-12.860541055353828,1.9844638227287752,58876
Rizal,2021,8,0.7459141006875211,0.10663852882180629,0.20078125596046448,0.8721243739128113,5630,-6.48748812550753,2.285858511224025,-13.463842296435555,2.318024171763027,58871
Rizal,2021,9,0.6732760548092611,0.18532354874737736,-0.08087905496358871,0.8966883420944214,7668,-6.412085073487933,2.1910829471614623,-13.234304345370298,2.1112546668787964,58877
Rizal,2021,10,0.7586805479764561,0.1641122522920937,-0.737864077091217,0.92527174949646,12943,-6.725219563425932,2.2398604700439897,-13.430531681824963,2.307139727253873,58870
Rizal,2021,11,,,,,,-6.003258782384588,2.2171355859234434,-12.936659497661784,2.1236092665834287,58874
Rizal,2021,12,0.8097865618476637,0.18274136999303583,-1.0,0.9617486596107483,21175,-6.551668058636938,2.206971710422794,-13.100206600504226,2.283156466702869,58876
Rizal,2022,1,0.6916669403874998,0.18869316755742885,-0.10097719728946686,0.9145276546478271,10356,-6.411816979159922,2.2965115468702986,-13.256033218091172,2.388296090730904,58871
Rizal,2022,2,0.7388701683220033,0.17783379689252543,-1.0,0.924206018447876,36715,-6.591170342561943,2.1776719190117784,-13.209838172369624,2.2218861064923843,58869
Rizal,2022,3,0.8278492497770275,0.1273240277871021,-0.04583333432674408,0.9540572762489319,23553,-6.387146367335961,2.133312073923999,-13.228445167218464,2.0951301606815527,58877
Rizal,2022,4,0.7473396670022675,0.1752932573060621,-0.4035087823867798,0.9160943031311035,24075,-6.342946065209251,2.179176062455834,-13.161417959549816,2.219790825858485,58871
Rizal,2022,5,0.6732624818730318,0.1353890446958869,0.1211777999997139,0.846993088722229,1151,-6.2262929679006245,2.129068040786079,-13.256823828411905,2.1485981636891123,58874
Rizal,2022,6,0.7570650727530014,0.17378607708209676,-0.24750733375549316,0.905276894569397,13754,-6.057684978816674,2.333838896632456,-12.949033064380563,2.367138766435499,58872
Rizal,2022,7,0.7512205983788914,0.12694370863564491,0.17755894362926483,0.9048631191253662,16671,-6.063067942751997,2.1084059870377794,-12.940017708308526,2.1111603447394005,58877
Rizal,2022,8,,,,,0,-6.253589429636832,2.2090971272300304,-12.912385439954262,2.172296996006619,58876
Rizal,2022,9,0.6934832171319879,0.13395011491573514,-0.03933851048350334,0.8430145978927612,16174,-6.399586470754797,2.214751117792504,-13.11649518374795,2.2216626309700453,58872
Rizal,2022,10,0.8583563052859103,0.1161698021341749,-1.0,0.9556103348731995,45828,-6.245129797660121,2.3077812542162457,-12.805478868125876,2.295025144304436,58873
Rizal,2022,11,0.6585160309518715,0.1300547086659196,0.024164317175745964,0.8555372357368469,5118,-6.235606432240419,2.234548293621231,-12.782697847276118,2.255779043558692,58871
Rizal,2022,12,,,,,,-6.615519206102419,2.193078527854649,-13.16171828919299,2.278950358040204,58872
Rizal,2023,1,0.8034233348819314,0.09078236666833747,-0.05080510675907135,0.904855489730835,9157,-6.417743117263352,2.2590352930050965,-12.869875922594241,2.375966809690756,58870
Rizal,2023,2,,,,,,-6.524883200614631,2.229095716409408,-13.277460465887561,2.296227178904131,58872
Rizal,2023,3,0.6301991806046761,0.12621468360911717,-0.04182741045951843,0.8500360250473022,2416,-6.865741810596193,2.2568613628322565,-13.520861783473094,2.3012957225986477,58874
Rizal,2023,4,0.7664699426742352,0.1461648343655704,-0.2617412805557251,0.9233744740486145,43287,-6.787772161696426,2.225526058850254,-13.570113626743153,2.287718834881401,58871
Rizal,2023,5,0.8154944009297246,0.15229078223414125,-1.0,0.9352226853370667,51205,-6.550121079911391,2.3197495167184847,-13.452515931474938,2.392577084638546,58871
Rizal,2023,6,0.7297879190370511,0.13002737166750436,-0.08142493665218353,0.8824076652526855,16704,-6.27004421429454,2.148764816089833,-13.341352686469746,2.16612445555849,58875
Rizal,2023,7,0.6859552346361939,0.15342446873371515,0.23364076018333435,0.8936867713928223,8228,-6.297932573618922,2.2427026742448857,-13.131097733616523,2.240142536981391,58875
Rizal,2023,8,0.7745568090207271,0.12822153880432668,-0.1958443820476532,0.8979388475418091,33955,-6.297409547723364,2.2988990225944215,-13.025323769802823,2.3116727123437366,58876
Rizal,2023,9,0.6639171144473395,0.1776775635151177,0.020388809964060783,0.9277302622795105,26815,-6.203577496914726,2.2284032015587227,-12.995611977485844,2.2292745050090743,58875
Rizal,2023,10,0.7857197728958034,0.15297335917970176,-0.5315315127372742,0.921741247177124,36306,-6.11452748529716,2.308810289965473,-12.81707461425122,2.3242148065473285,58874
Rizal,2023,11,0.7807616712033709,0.18744465178256656,-1.0,0.9423412680625916,41800,-6.206021994826094,2.3058931099244906,-12.843307554464076,2.3392802924933793,58870
Rizal,2023,12,0.8347622044758815,0.1447004334632246,-1.0,0.9464883208274841,49276,-6.220795769566856,2.337294192336929,-12.992093568996449,2.3971281580240187,58873
Rizal,2024,1,0.4017644226551056,0.0,0.4017644226551056,0.4017644226551056,1,-6.478973411143631,2.3128917289818847,-13.192691462486644,2.386767251340798,58864
Rizal,2024,2,0.8203533573907781,0.13647941172766506,-1.0,0.9411123394966125,52977,-6.863071043827093,2.147484304525831,-13.626695241806576,2.204626624131784,58871
Rizal,2024,3,0.6842937519453729,0.12469694647640336,-0.19092123210430145,0.8853754997253418,29705,-7.024552393640215,2.2461322252489744,-13.646244743650005,2.3355503178599704,58869
Rizal,2024,4,0.6798075330817679,0.17976954375690077,-0.4792580008506775,0.8904109597206116,4858,-7.493380456775335,2.4339079763607696,-14.207471788556848,2.577850453344368,58861
Rizal,2024,5,0.6122227385064183,0.1387523960908116,0.016149068251252174,0.8176759481430054,3719,-7.338075296989868,2.321931316364065,-13.933192043959005,2.4236995451997627,58872
Rizal,2024,6,0.49905862940323054,0.24115059131030378,-0.2774369418621063,0.879562497138977,1351,-6.479579187115573,2.1432920543995846,-13.285395141802487,2.2092084296841272,58873
Rizal,2024,7,0.5077283618582087,0.10359212634117294,0.18417046964168549,0.8696093559265137,23037,-6.470340603871322,2.2434125738027233,-13.297682370012419,2.204240910046186,58870
Rizal,2024,8,0.6485899140050305,0.10800628348003458,0.08970466256141663,0.8599595427513123,21103,-6.03108959279319,2.2250676881041445,-12.605272566994,2.198292421259954,58875
Rizal,2024,9,0.7792093912175482,0.1829524428196179,-0.469255656003952,0.914140522480011,17134,-6.415771503350311,2.3364416261083263,-13.373913851324781,2.388164694352623,58869
Rizal,2024,10,0.7940612797940073,0.0959113552054205,0.2625085711479187,0.908799409866333,18548,-6.41901929601007,2.191532079395035,-12.899781307206737,2.201535911382132,58874
Rizal,2024,11,0.7384303654525091,0.11802604488935617,0.1380518525838852,0.8864913582801819,23998,-6.831261062438705,2.3169516403732797,-13.383078436125633,2.394579523905812,58870
Rizal,2024,12,,,,,,-6.208593589688578,2.2216117586341992,-12.620421934272798,2.2622928609086204,58875
Rizal,2025,1,0.6592646948803725,0.19214258777334783,-1.0,0.9053575396537781,4030,-6.255772886321507,2.2270565048876274,-12.723247571369921,2.257283610512013,58875
Rizal,2025,2,,,,,,-6.752362140981562,2.2904258287302466,-13.252490655185461,2.38776315082695,58868
Rizal,2025,3,0.7952865171824829,0.1404522998789971,-0.4736842215061188,0.9251018762588501,50568,-6.553711942435728,2.1506203480158255,-13.301152862159489,2.171751783515301,58874
Rizal,2025,4,0.7842038204282475,0.14443881513517665,-0.2802937626838684,0.9227484464645386,49446,-7.713902325995975,2.3349236463710494,-14.640975644698614,2.1933567455924985,58877
Rizal,2025,5,0.7740147888708977,0.13367655874901901,-0.1557626873254776,0.9182776808738708,7904,-6.812948637777312,2.2442484168312364,-13.654519108788804,2.3280497190553455,58871
Rizal,2025,6,0.7627481857874084,0.14864613888455458,-0.07989464700222015,0.9001982808113098,4645,-6.652993571463392,2.2163900073836516,-13.480235398330523,2.0384939532377344,58877
Rizal,2025,7,,,,,,-6.852316478082122,2.264779665432462,-13.400446262790444,2.147965007328954,58877
Rizal,2025,8,0.5443015347078085,0.21328526781643684,-0.13510292768478394,0.8592057824134827,2132,-6.498722983861703,2.260290346971413,-13.041001020503536,2.1898448371530272,58877
Rizal,2025,9,0.5995045390094658,0.10914086028820866,0.17685267329216003,0.8300758004188538,2666,-6.1979537191356915,2.242968329901708,-12.869803108885074,2.0427917690409614,58877
Rizal,2025,10,,,,,0,-6.418844649907974,2.267333893769484,-13.056977596051022,2.2161493552768827,58874
Rizal,2025,11,0.4468085829795513,0.1911359596443487,-0.08437343686819077,0.7940164804458618,716,-6.603593065359718,2.2626619505268106,-13.334952878122536,2.1002463774188493,58876
Santa Cruz,2018,1,,,,,0,-7.803565549270158,3.4531650515206236,-14.100883849165811,3.954891126585732,93791
Santa Cruz,2018,2,0.6817040327582434,0.26075177918763054,-1.0,0.9509453177452087,57049,-7.455366117383472,3.6783352230080237,-14.223023721134155,3.4583001408034755,93816
Santa Cruz,2018,3,0.5718092145676784,0.23963524323490748,-1.0,0.9234203100204468,40104,-7.783776251196138,3.3779120633206143,-14.591480985384868,3.2482980449846997,93794
Santa Cruz,2018,4,0.5560117106514441,0.22149721374361844,-1.0,0.9386440515518188,36047,-8.104181528358403,3.4229254460228518,-14.591414946604589,3.1268252183039986,93797
Santa Cruz,2018,5,0.5127182703606555,0.21611263027278418,-1.0,0.9239621162414551,71252,-8.104286475578908,3.1388759124341536,-13.753602843056767,3.3674077780496945,93748
Santa Cruz,2018,6,0.523705733190237,0.25194451425427666,-1.0,0.9092674255371094,73532,-7.294476675911808,3.56683664169756,-14.267151023378952,3.6996097620583437,93796
Santa Cruz,2018,7,,,,,,-7.881943001505707,3.6437532576203133,-14.473651012225034,4.40898313131006,93578
Santa Cruz,2018,8,0.5155224646245674,0.2660962814875024,-1.0,0.9496438503265381,64205,-7.698932566063062,3.5565678097397546,-15.142654585791018,4.111913367998279,93369
Santa Cruz,2018,9,0.6037363283456516,0.23909448863441435,-0.5667311549186707,0.9136690497398376,75196,-7.825510464242312,3.9223742948156484,-14.288826909037299,3.5591606724228013,93500
Santa Cruz,2018,10,0.48347795479145617,0.20093943268017117,-0.8815789222717285,0.9095646142959595,12858,-7.753105040092965,3.540169190682926,-14.306556798317075,3.4761181219016106,93481
Santa Cruz,2018,11,0.6041292546879921,0.2681702001971053,-1.0,0.9786477088928223,50002,-7.130093169444895,3.3240185137043405,-14.22199538861711,3.5396886139840857,93601
Santa Cruz,2018,12,0.43523717653136573,0.2574560346967485,-0.7714987993240356,0.9208456873893738,6474,-7.997783416283612,4.995664670141247,-15.775974246037011,5.95759315812896,92526
Santa Cruz,2019,1,0.5650730361780939,0.3278974748849883,-1.0,0.9458144903182983,30462,-7.691590653218594,3.5195724587063366,-15.584860358481265,4.260467997438714,93607
Santa Cruz,2019,2,0.6645270884258909,0.19083320592979489,-0.17914733290672302,0.8990576863288879,13496,-7.999109090206632,3.4363933993250133,-15.199042226420346,3.619023721180144,93610
Santa Cruz,2019,3,0.54565980783082,0.24968954335294735,-1.0,0.9594666957855225,66594,-8.351356677989083,3.6285943615332705,-15.06980934528846,3.4550420201290266,93699
Santa Cruz,2019,4,0.5368264183104594,0.22060637592652793,-1.0,0.9447383880615234,93803,-8.325276228211463,3.5945207284902527,-14.905297474065087,3.358065252358324,93713
Santa Cruz,2019,5,0.5667119608636748,0.24119180020066397,-1.0,0.9337842464447021,48930,-7.388533188449144,3.236366550817939,-13.846113116493886,2.9188232497629234,93767
Santa Cruz,2019,6,0.6029971498165643,0.2763537743111233,-1.0,1.0,90904,-6.913910205160147,3.0275972586022473,-13.333637518411479,2.627949125984221,93792
Santa Cruz,2019,7,0.5754210767180314,0.2801846043688375,-1.0,0.9662342071533203,92462,-7.011195784158253,3.601025421228619,-14.18810310920426,3.918233392268905,93687
Santa Cruz,2019,8,0.4850631972133222,0.26721579769429665,-1.0,0.917009711265564,44606,-7.53166382376557,3.5074921792356974,-14.234204228683476,4.287483138190977,93520
Santa Cruz,2019,9,0.5344302081785129,0.2176281552930912,-0.4376528263092041,0.8872901797294617,19004,-7.438321152006379,3.4299965849657443,-14.819017349491205,3.743493235359733,93692
Santa Cruz,2019,10,0.63107693763758,0.27627317358094783,-1.0,0.970062792301178,12673,-6.955504891258629,3.494226677493257,-13.36720573016017,2.970426437621664,93740
Santa Cruz,2019,11,0.5976309025669193,0.2508997669614197,-1.0,0.9273232817649841,75000,-6.864032403954288,3.352779702125541,-13.55653746473434,3.0652382117067614,93697
Santa Cruz,2019,12,0.4281464216261697,0.2042958092140912,-0.3910447657108307,0.897248387336731,48423,-7.42387878482157,3.6022242605534918,-14.728647978104318,4.085470105300444,93569
Santa Cruz,2020,1,0.5361165589029019,0.32071347001036143,-1.0,0.9616906046867371,59858,-7.276041651164561,3.4377930363746296,-14.95853148967281,4.253043921553379,93472
Santa Cruz,2020,2,0.5734170393830954,0.22649837916857113,-0.6034732460975647,0.91847825050354,79322,-7.863053873354563,3.4966464251191844,-15.361295551252342,3.8628372934970607,93595
Santa Cruz,2020,3,0.6006034745726112,0.2418596515824638,-1.0,0.9545091986656189,91966,-8.203865541234657,3.6504964394013437,-14.91053888583949,3.4365625506788278,93657
Santa Cruz,2020,4,0.40679032856817965,0.17360672367044877,-0.4473133385181427,0.9211800694465637,20181,-8.19100388655452,3.622133083658082,-14.981011361722379,3.3379222800110524,93669
Santa Cruz,2020,5,0.5633294591987899,0.2620789391052659,-1.0,0.9469950199127197,89176,-6.489575613954173,3.32328599334796,-12.846894623730266,2.833752143510915,93723
Santa Cruz,2020,6,0.544551398500955,0.29387613585401806,-1.0,0.9547527432441711,79973,-7.105997731702271,3.4666858043787587,-14.400609668484,3.8787784888681145,93703
Santa Cruz,2020,7,0.5746752906024812,0.24786642785344765,-0.9210526347160339,0.9264599680900574,58551,-7.3850380427294215,3.253758691024311,-13.969380844092397,3.953826291102016,93706
Santa Cruz,2020,8,0.6424427536745188,0.2754572247708143,-1.0,0.9623188376426697,79949,-7.365381923183511,3.5047321875966517,-14.456140417209923,3.6476258899054965,93642
Santa Cruz,2020,9,0.6300413464895184,0.2146048461175315,-0.6069363951683044,0.9028105139732361,29986,-7.566886147104299,3.098601683500847,-13.272913430868504,3.1443893780236136,93720
Santa Cruz,2020,10,0.5586645154091697,0.2417679803840783,-0.7744185924530029,0.9110280275344849,67398,-6.30772328999318,3.7122447199079374,-13.375367513941939,3.5978607810525567,93632
Santa Cruz,2020,11,0.4409620592036977,0.3835937148442326,-1.0,0.947826087474823,87625,-7.197122759556482,4.090302355268348,-14.936628205964805,5.033105582869437,92875
Santa Cruz,2020,12,0.5375213383453906,0.32852429118532167,-1.0,0.9411646723747253,55342,-7.4701766322205945,4.4205648436499265,-15.157760523746873,4.967116974538091,93006
Santa Cruz,2021,1,,,,,,-7.340304335210042,3.7076841146453394,-14.905461169746632,4.573242295157951,93157
Santa Cruz,2021,2,0.45542701341870573,0.3497554273808602,-1.0,0.9560784101486206,19611,-7.3873173908987955,4.538178385453314,-14.359129831889623,4.3768627512960645,93682
Santa Cruz,2021,3,0.5503917810758052,0.2696486415346319,-1.0,0.9448302984237671,93735,-7.586983060493862,3.643751865941534,-15.08265328761737,4.049206275915526,93267
Santa Cruz,2021,4,0.5195741682938562,0.23208779342998884,-0.6036505699157715,0.8897719383239746,72031,-7.472588684247623,3.471460447961506,-14.746177832803538,3.6629508010231246,93300
Santa Cruz,2021,5,0.6051192788113784,0.2424951518015496,-0.7954939603805542,0.8918077349662781,29468,-7.7508325703256205,3.690588190338341,-14.831513626888194,3.566786826218535,93510
Santa Cruz,2021,6,-0.014825072625706742,0.06243795316581619,-0.24257037043571472,0.09251678735017776,51,-7.172682440360562,3.502811116982973,-14.395953817615915,3.6116695946791615,93469
Santa Cruz,2021,7,0.49799186094716347,0.26528465584736,-0.553530752658844,0.8789545893669128,8271,-6.9971603398457285,3.8968825503412354,-15.017142719488618,4.794303512343575,93036
Santa Cruz,2021,8,0.5217331835518189,0.2809716950563141,-1.0,0.9287977814674377,75921,-7.701435673331912,3.5186908961717127,-14.348579559938955,4.120069460891602,93538
Santa Cruz,2021,9,0.5341414457540968,0.3124679528561049,-1.0,0.9242501854896545,29874,-7.357274581609456,3.7774734646006585,-14.776089870575817,4.119858059798976,93029
Santa Cruz,2021,10,0.5878493379439585,0.2745365837966504,-0.7898686528205872,0.9400032758712769,44074,-7.312220603838503,3.2308738501954073,-13.643726971442565,3.790818717291066,93442
Santa Cruz,2021,11,,,,,,-6.810834713241273,3.779657110424364,-14.173460765121781,3.9325792646257054,93135
Santa Cruz,2021,12,0.5415672259587268,0.37145729080651485,-1.0,0.9701107740402222,22868,-7.640823756021152,3.4730644269149553,-14.419473428757977,4.525710629600745,93482
Santa Cruz,2022,1,0.5792934661490691,0.23283079283646782,-1.0,0.9284242987632751,27474,-7.691989746818922,3.4125798835545433,-14.470593060609058,4.438113779052082,93455
Santa Cruz,2022,2,0.5105545077354584,0.22604042021104012,-1.0,0.9136013984680176,50203,-7.320638737136866,3.06382966076358,-13.45295092252932,3.6063595464079508,93600
Santa Cruz,2022,3,0.605920048415877,0.2732492936720962,-1.0,0.9672906398773193,81344,-7.774841550801906,3.045093707483467,-13.624433793070587,3.3458939414551447,93654
Santa Cruz,2022,4,0.48772473858403165,0.2447910139566728,-0.37611180543899536,0.8626410961151123,10708,-6.631885459619875,2.894015423805763,-12.510037854381544,3.14575197344339,93672
Santa Cruz,2022,5,0.5400553978518476,0.2731075814214061,-1.0,0.9310019016265869,73880,-6.577030514390582,2.9663366983631887,-12.796640210622666,3.1277183094840444,93716
Santa Cruz,2022,6,0.5477811800838943,0.24377256882529003,-0.6360152959823608,0.915101170539856,24987,-7.522343073018317,3.966670012855758,-14.145893480421854,4.613589602732466,93405
Santa Cruz,2022,7,0.4642778226095647,0.21564820360642245,-0.5698267221450806,0.8845427632331848,20187,-7.214182532843498,3.515776314654321,-13.788789538643469,4.190209155061369,93655
Santa Cruz,2022,8,-0.0010154710907954723,0.045179295062112296,-0.052161652594804764,0.10034537315368652,16,-7.237580713396781,3.2033769236784018,-13.349786318854097,3.4884639684160033,93738
Santa Cruz,2022,9,0.5837206715783424,0.2129923914522061,-0.43295803666114807,0.8551864624023438,15252,-7.330400808762499,3.2324253971628667,-13.166920446392268,3.414088487330174,93647
Santa Cruz,2022,10,0.5808518111144837,0.30685157322615614,-1.0,1.0,39645,-6.582984389863183,3.1054601913203688,-12.662275654543834,3.485187452605597,93639
Santa Cruz,2022,11,0.1204964924310785,0.12093969107041104,-0.11408114433288574,0.3389175236225128,93,-7.365373523730061,3.936562494698181,-13.748437354770163,4.59820445493489,93420
Santa Cruz,2022,12,,,,,,-7.883613961872176,3.4042695130001097,-14.679967640372729,4.702026653053246,93449
Santa Cruz,2023,1,0.5253974236846736,0.2734415449811293,-0.7628865838050842,0.9289687871932983,58486,-7.85414841774406,3.399908113053494,-14.47859733840724,4.4707732778213165,93334
Santa Cruz,2023,2,,,,,,-7.665532013013743,3.490715142343112,-13.899836604088055,4.021540254629729,93377
Santa Cruz,2023,3,0.47207595696151183,0.24564651419315328,-0.6263736486434937,0.8974043726921082,42670,-8.020712257697415,3.3068502360369347,-13.897541813844475,3.6099760008545507,93552
Santa Cruz,2023,4,0.5264067950877256,0.2447842477346691,-0.597597599029541,0.9094666242599487,77640,-7.579872160472592,3.163975574756679,-13.51041053896349,3.524654895129272,93581
Santa Cruz,2023,5,0.5207024156771153,0.2702319692505586,-0.70783531665802,0.9148708581924438,23076,-7.840438846423989,3.252012703636883,-13.962751299410217,3.6885787041894815,93587
Santa Cruz,2023,6,0.5208363588211056,0.28956490312498256,-1.0,0.9235242605209351,64439,-7.436587009502038,3.257995429563853,-13.736324463548899,3.777127161675014,93666
Santa Cruz,2023,7,0.44886551050109846,0.2291650895280535,-0.4256410300731659,0.8101442456245422,14258,-7.420525247056458,3.5100712819460296,-14.00743220410923,4.323983739572247,93537
Santa Cruz,2023,8,0.5364930866606062,0.24750042317223217,-0.6983240246772766,0.8892096877098083,85238,-7.834617546655685,3.891188405164178,-14.137429275038471,4.6239178589785555,93291
Santa Cruz,2023,9,0.6132962888966527,0.3169115590750342,-1.0,0.97608882188797,68633,-7.243073613128309,3.4745535654646327,-13.318495510277256,3.699550514719268,93582
Santa Cruz,2023,10,0.6006688470491366,0.2375177364311422,-1.0,0.9339668154716492,55542,-6.918863418999064,3.3559778699259364,-12.86497105033486,3.5397176823385093,93567
Santa Cruz,2023,11,0.548495283225861,0.2352670751231092,-0.707446813583374,0.9240636229515076,34711,-6.978937369000643,3.627833992601255,-13.255107197858077,4.1954111748777185,93543
Santa Cruz,2023,12,0.5482985874585935,0.28836567039107225,-0.5365296602249146,0.9037532806396484,3152,-7.597130510313412,3.914726216757862,-14.277815852715085,4.897354459611266,93407
Santa Cruz,2024,1,0.11710074621375252,0.25108341907444787,-0.4525705873966217,0.6684568524360657,1332,-7.441907065229555,3.0534947066451674,-14.000308357625615,3.952903267840307,93564
Santa Cruz,2024,2,0.6284921053431046,0.2439877577919719,-1.0,0.9831528067588806,74724,-7.7488065640773485,3.0860473258249055,-13.82819945645403,3.5630281339514314,93640
Santa Cruz,2024,3,0.5151542854950194,0.219213009708839,-1.0,0.9341942071914673,73598,-7.834231344057969,3.0963472139965673,-13.67837679623769,3.4708357071529456,93612
Santa Cruz,2024,4,0.47473824789585445,0.2438778079252417,-1.0,0.9698412418365479,42080,-8.098675274072596,3.298332459204545,-14.215168833693461,3.6688876472059633,93679
Santa Cruz,2024,5,0.4795884706385417,0.24620664812091753,-1.0,0.9458186030387878,46362,-7.246711496910094,2.904390457205369,-12.940631905195778,3.1063217440423063,93706
Santa Cruz,2024,6,0.5897936445578669,0.26389024721041177,-1.0,0.927002489566803,19481,-7.07625787676084,3.0223123111971244,-13.419575708658297,3.6309404792288293,93660
Santa Cruz,2024,7,0.4080457695767554,0.16415890826887947,-0.3918989896774292,0.8680614829063416,71020,-7.07773152649268,3.940741005504418,-15.102495607196792,4.8404435953138565,93140
Santa Cruz,2024,8,0.5914581484916747,0.18402012325434186,-0.25,0.8687146902084351,14705,-7.414262330799708,3.3835633018719435,-13.499241014035881,3.895374150098495,93544
Santa Cruz,2024,9,0.6576086046812584,0.2562736965833266,-1.0,0.9402427673339844,62854,-7.6221342667618845,3.5713048534718905,-13.771471595521287,3.7839864833980306,93537
Santa Cruz,2024,10,0.4591494537742882,0.28236054105201147,-0.5600000023841858,0.8873684406280518,1876,-6.9267274135356,4.053491214626967,-12.58715793228757,4.004735470654963,93444
Santa Cruz,2024,11,0.46669775358879356,0.3237373382516155,-1.0,0.9430686235427856,43235,-7.345352622709758,3.317673636848658,-13.577803504075101,3.94832446338718,93154
Santa Cruz,2024,12,,,,,,-7.57073481943948,4.447990684029903,-14.076788419570827,5.096670032445689,93050
Santa Cruz,2025,1,0.15777625197045772,0.2460216665433436,-0.7354085445404053,0.9049881100654602,10150,-7.447948978747138,3.632809578454215,-14.031536323448984,4.584763678941242,93334
Santa Cruz,2025,2,,,,,,-7.631226669227604,3.212401214288379,-14.087921110782803,4.197347526033879,93396
Santa Cruz,2025,3,0.6204832698279504,0.26468047032348296,-1.0,0.9268559217453003,80732,-7.537696512335792,3.274487963828521,-13.494684032657425,3.5847049274955327,93555
Santa Cruz,2025,4,0.5643692384977745,0.19930190869433365,-0.1992054432630539,0.9249051213264465,16968,-8.599862580559886,4.0065889042901475,-15.605883043530817,3.5794617808413176,93727
Santa Cruz,2025,5,0.5439351898831976,0.28101267578741035,-1.0,0.9767947793006897,47065,-7.531983371592155,3.231487777927199,-13.458311082361757,3.3804067301083736,93536
Santa Cruz,2025,6,0.5904683759280344,0.27464262716106713,-1.0,0.9443427324295044,44743,-6.982712542460682,3.7915119800490413,-14.25769086281554,3.7219229299153445,93772
Santa Cruz,2025,7,,,,,,-7.553980718188253,4.503961136124084,-15.335196365075799,5.341128276744927,93108
Santa Cruz,2025,8,,,,,0,-7.7843121908252675,4.423690993310862,-14.10447947751806,4.9024127524110535,93398
Santa Cruz,2025,9,0.5949000465800703,0.3107641091560118,-1.0,0.9504324793815613,86651,-7.082198180926921,4.804337026004607,-13.96009273993741,4.428261905585692,93653
Santa Cruz,2025,10,,,,,0,-7.451694428396085,4.105576991023334,-13.494751341383655,4.692010996129923,93355
Santa Cruz,2025,11,0.48501689418767807,0.4076101283244784,-1.0,0.9393824338912964,73780,-7.35943082694345,4.686930450401401,-14.791136532943291,4.954717956892833,93493
Santa Maria,2018,1,0.7454807865237996,0.15067577044047595,-1.0,0.9272533655166626,150596,-7.153819094031347,2.170134706042068,-13.410778818711492,2.2895925577423415,273756
Santa Maria,2018,2,0.8175542986453219,0.11693903192486318,-0.43640896677970886,0.9465747475624084,143255,-7.222971585782016,2.368641160327636,-13.56447265525275,2.218723846435386,273758
Santa Maria,2018,3,0.7902806305394218,0.14145563737470954,-1.0,0.9534497261047363,225446,-7.093511336061129,2.2266095790801326,-13.679728677030681,2.1026154598312496,273757
Santa Maria,2018,4,0.6922247810268789,0.2092192377560692,-0.24069856107234955,0.9461563229560852,109134,-7.627104613000972,2.2400638760770994,-13.989479753172827,2.3027556505005693,273757
Santa Maria,2018,5,0.6802827595876922,0.18961978192719076,-0.4663865566253662,0.9259136319160461,233070,-7.129705299462003,2.399094760188119,-13.130443786789998,2.5734104859767735,273697
Santa Maria,2018,6,0.5391217462853624,0.26187574966620036,-0.16764236986637115,0.8819102644920349,7587,-7.0389906912888245,2.5879351142688356,-13.72208064129747,2.8667751534647588,273735
Santa Maria,2018,7,,,,,,-6.8596492253640635,2.2615964883312105,-13.526385768080617,2.6407966213846366,273722
Santa Maria,2018,8,0.6925050163101849,0.14265626828387049,-0.41833409667015076,0.8640077710151672,114397,-6.993833339234287,2.186483970297605,-13.8175671624822,2.369029168617975,273724
Santa Maria,2018,9,0.7100931533683804,0.13974687002086886,-0.04727095365524292,0.9169381260871887,30945,-7.079549953625851,2.253293426979294,-13.653765306484313,2.2824347901885167,273719
Santa Maria,2018,10,0.7643754399083348,0.18669610457511918,-0.47028863430023193,0.9745402932167053,121020,-7.282414052401753,2.2449402777714305,-13.95109200329769,2.3020006818723235,273725
Santa Maria,2018,11,0.7479618140164311,0.18199065991396307,-0.7220339179039001,0.9534313678741455,103632,-7.167868989395678,2.4245500671061664,-14.043827399467256,2.6988667960300634,273617
Santa Maria,2018,12,0.326119584596966,0.11984754276234011,0.0687866136431694,0.6875151991844177,3962,-6.926791182372284,3.430463331315825,-13.743159382631294,3.874848356206568,272522
Santa Maria,2019,1,0.7793956103180594,0.20850525565358585,-1.0,0.9546257853507996,158597,-7.216609951083572,2.2468856139358344,-14.14130504045754,2.605669867514594,273703
Santa Maria,2019,2,0.8050827386369954,0.10986794342305517,-0.20733104646205902,0.9406971335411072,124493,-7.6898052680814235,2.423043952000417,-14.348659237956426,2.5296221267926557,273672
Santa Maria,2019,3,0.6393025366201709,0.17533514056409286,-0.20827943086624146,0.9120384454727173,37788,-7.788064130449154,2.381785712834895,-14.20511871719436,2.44697852526331,273695
Santa Maria,2019,4,0.6917624066578153,0.1992315083343388,-0.6686747074127197,0.9621224403381348,229764,-8.007004823467451,2.3698504407120606,-14.316218185970856,2.586164939262439,273689
Santa Maria,2019,5,0.8115954066396789,0.13058311691874339,-0.19549477100372314,0.9625668525695801,144471,-7.438290165280921,2.391669679636131,-14.064093820667235,2.6116957571084933,273655
Santa Maria,2019,6,0.7831944133744652,0.20765963016743522,-1.0,1.0,113468,-7.098391734825817,2.4291452279934855,-13.86610947450412,2.6843552601746037,273656
Santa Maria,2019,7,0.7753494958407933,0.18411172326765685,-1.0,0.9437719583511353,93178,-7.173681589145482,2.2164438289902035,-14.184429681464618,2.5654330172785595,273681
Santa Maria,2019,8,0.7511337174976022,0.1706163889679893,0.015533310361206532,0.9103248715400696,9461,-6.7082855481186225,2.307182683030391,-13.257418209727794,2.3642462785117826,273729
Santa Maria,2019,9,0.7755137296799126,0.14527844543209004,-0.837133526802063,0.9297649264335632,173869,-7.201601522253623,2.300682040458136,-13.887244069492407,2.3700793262509756,273722
Santa Maria,2019,10,0.7932784894556809,0.16411371832759164,-1.0,0.9475097060203552,244655,-6.679080106512298,2.134013695786227,-13.289929353568185,2.16324847366805,273738
Santa Maria,2019,11,0.499348446780387,0.21275264999789706,-0.10360531508922577,0.8276057839393616,504,-6.970833620066793,2.4029218517577764,-13.809542510472939,2.635274075769902,273629
Santa Maria,2019,12,0.7966787342016908,0.19198232738050455,-0.4654788374900818,0.9676375389099121,178638,-7.156648234587275,2.344836196807143,-14.036347643196418,2.832555451852052,273688
Santa Maria,2020,1,0.8401942549657466,0.09686142180669552,-1.0,0.9519254565238953,199418,-7.164080717866604,2.2048705028013016,-13.903461543010277,2.5562996482532765,273625
Santa Maria,2020,2,0.8239578594193951,0.10020125887474457,-0.22857142984867096,0.9413081407546997,206798,-7.5132810470391265,2.3265402169416207,-14.17312568138875,2.4136003442540734,273712
Santa Maria,2020,3,0.7675866444988703,0.17700957009598098,-1.0,0.9572118520736694,262729,-7.615474816311502,2.319187695980386,-14.07428096528282,2.373790400354842,273719
Santa Maria,2020,4,0.6200938429703464,0.19173900200791869,-0.028524549677968025,0.9077951908111572,79976,-7.708399197833328,2.328041512872183,-14.358384836796525,2.5247404300503296,273686
Santa Maria,2020,5,0.7558163092333624,0.16833835702104333,-1.0,0.9590456485748291,200237,-7.272146370883896,2.424366733099007,-13.772287120655454,2.7125760889063133,273597
Santa Maria,2020,6,0.7994773722115422,0.17481267819087543,-1.0,0.9500604271888733,148589,-7.056688181110276,2.334578910453781,-13.944576584545764,2.7657797810331046,273641
Santa Maria,2020,7,0.7715656782170879,0.12211706128716551,-0.28682926297187805,0.9092302918434143,85790,-6.800600573914928,2.2201927254229914,-13.486419531118846,2.2713307620269427,273739
Santa Maria,2020,8,0.7808581708783747,0.12189488459044692,-1.0,0.93204265832901,146379,-7.154159620017096,2.272832279760027,-13.676410414043612,2.278997893530587,273716
Santa Maria,2020,9,0.6420014774710064,0.15657590470016022,-0.07716701924800873,0.9088363647460938,73984,-6.673570704963787,2.139111105625112,-13.194815424010372,2.1524969024741836,273730
Santa Maria,2020,10,0.6936096029562446,0.1591661142776473,-0.11999999731779099,0.9054183959960938,38308,-6.360652152672793,2.395640902356837,-12.91863881783022,2.503988939646014,273691
Santa Maria,2020,11,0.797980286971226,0.14462504298196868,-0.6063919067382812,0.9352850317955017,118712,-7.119862075566493,2.6464814162997903,-13.747722582235344,3.3062863113064282,273344
Santa Maria,2020,12,,,,,0,-7.022220573458347,2.363914463677452,-13.89151440413874,3.019863214931929,273571
Santa Maria,2021,1,0.46453981619762186,0.11565909763548189,0.14920282363891602,0.8326693177223206,8715,-7.147034850456883,2.233871616064321,-13.840139389957008,2.4615835631159233,273703
Santa Maria,2021,2,0.7340279826015293,0.1832924838644465,-0.6977777481079102,0.9493207931518555,147427,-6.644322903037201,2.336558274884844,-13.058125040584077,2.3059032737194087,273738
Santa Maria,2021,3,0.7820770344642349,0.16947110201599455,-1.0,0.9432176947593689,177647,-7.192749186041966,2.1643908259033484,-13.910129190333087,2.2970950973612347,273646
Santa Maria,2021,4,0.6652071212830551,0.10363196426905438,0.21651706099510193,0.8679574131965637,26417,-7.180547287892842,2.200238693345788,-13.924066425307624,2.414112333119099,273651
Santa Maria,2021,5,0.797376438760259,0.12957411228486693,-1.0,0.9394970536231995,160780,-7.346394507501384,2.3968726321775105,-14.317949504387732,2.8163351482476258,273404
Santa Maria,2021,6,0.7851659041543465,0.14224250826074678,-0.04903846234083176,0.9411305785179138,55069,-7.242535338484007,2.3231678040446497,-14.172723764637839,2.7551591082910583,273545
Santa Maria,2021,7,0.7065700776832352,0.26056016259875736,-0.7033101916313171,0.9257183074951172,17738,-6.79348166237891,2.332286436858125,-13.549334974928504,2.6579822906152906,273590
Santa Maria,2021,8,0.7634857366999177,0.14746571413076456,-0.38430583477020264,0.9311658143997192,97858,-7.074539504633976,2.332947959328631,-13.88118397541257,2.3522465014305194,273698
Santa Maria,2021,9,0.5497698993145611,0.13572723545395335,-0.15040098130702972,0.835189938545227,27316,-6.993524028368725,2.2820366047311857,-13.744711100423963,2.3715228687686576,273655
Santa Maria,2021,10,0.7789844435183406,0.19253189637541207,-1.0,0.9364809989929199,174671,-6.986548731417352,2.2691945252847936,-13.785747726677693,2.4350498057490193,273645
Santa Maria,2021,11,0.8172206561451111,0.1411460134863013,-0.6782978773117065,0.9389162659645081,127186,-6.63483164878586,2.570042999254623,-13.623176960362013,2.9856005409666486,273349
Santa Maria,2021,12,0.8189723823331435,0.17146299075050175,-0.4920993149280548,0.9911373853683472,156910,-7.101886572607649,2.2469141077837667,-14.040558671988542,2.849802450329026,273612
Santa Maria,2022,1,0.8270206022461318,0.12903933203776213,-0.8327645063400269,0.9553764462471008,161865,-6.665367734843734,2.33318222101818,-13.327188237655895,2.594196658796061,273685
Santa Maria,2022,2,0.7800238526085232,0.14127494450304806,-0.05767658352851868,0.9364278316497803,88605,-7.157269941319015,2.1858582707821865,-13.609282160417088,2.2148365003846573,273708
Santa Maria,2022,3,0.6613657966090788,0.1880691055597868,-1.0,0.943633496761322,98759,-6.906313954239653,2.0963883974245823,-13.29006347972838,2.032441831239447,273740
Santa Maria,2022,4,0.698809633640584,0.1983876185065726,-0.15616759657859802,0.921734094619751,38605,-6.71202080376902,2.186426395392389,-13.347858025476105,2.276727680487916,273688
Santa Maria,2022,5,0.8340225647164514,0.1293056784171577,-0.5420482754707336,0.9495043754577637,183274,-6.497418516351473,2.3652628339550987,-13.380570977093145,2.5168136468932154,273674
Santa Maria,2022,6,0.7787121249923573,0.19623445444343518,-1.0,0.9601484537124634,221768,-6.814267851935594,2.6290284070865653,-13.916643830802572,3.0144069895697,273466
Santa Maria,2022,7,0.8057636219560795,0.17632921308423904,-1.0,0.9612612724304199,199036,-6.6066742518486254,2.291809406814747,-13.428850775089277,2.5225320257672372,273680
Santa Maria,2022,8,,,,,0,-6.653496386127621,2.257434289614882,-13.195121735416965,2.229803815129434,273717
Santa Maria,2022,9,0.7229095467867364,0.14808606203658717,0.01868881657719612,0.9006420969963074,77996,-6.617746297231124,2.1710348975075693,-13.082392902221205,2.1649948581789076,273728
Santa Maria,2022,10,0.7702369282988089,0.1566195117043927,-0.5589123964309692,0.9221311211585999,116777,-6.584141709289166,2.4751106148979836,-13.124535133660014,2.6177922272874055,273562
Santa Maria,2022,11,,,,,0,-6.834891452358965,2.849288274146439,-13.518113386229297,3.1291252097085485,273438
Santa Maria,2022,12,0.7676151535635938,0.16518143822060052,-0.16095764935016632,0.9160401225090027,230208,-7.266687542039032,2.3103323814969015,-14.144267625691237,2.9594080346564127,273547
Santa Maria,2023,1,0.7540146351267661,0.18179216413310645,-0.43248531222343445,0.9517370462417603,74653,-7.215766714356815,2.2614006427326947,-13.969099939328864,2.5771985925497174,273662
Santa Maria,2023,2,,,,,,-6.912577114039528,2.1838144225678504,-13.574123580925374,2.2184571937782893,273725
Santa Maria,2023,3,0.7725510394494144,0.1774027571084548,-1.0,0.9699863791465759,184058,-7.438753486411246,2.204454268439852,-13.912635148378277,2.262385734877872,273730
Santa Maria,2023,4,0.7229353748834347,0.19160189337557715,-0.8148984313011169,0.9376563429832458,193577,-7.279776355965234,2.1783274918866224,-13.871535504633549,2.3192245678414185,273712
Santa Maria,2023,5,0.7769658460047142,0.13885159319866588,-0.1186298206448555,0.9408592581748962,123548,-7.002988949970283,2.409492914962411,-13.826377307678626,2.625143534890761,273623
Santa Maria,2023,6,0.8114119469293595,0.12761978288997994,-1.0,0.9326870441436768,82726,-6.872374863373545,2.270915526814922,-13.946483702439556,2.5436595409573206,273635
Santa Maria,2023,7,0.7299933071583692,0.16019222783017134,-0.7725752592086792,0.9280482530593872,126810,-6.701496475400399,2.4249912611004927,-13.438919664756941,2.7574067114694403,273685
Santa Maria,2023,8,0.8054246996137097,0.14467292189907277,-0.8338983058929443,0.9802306294441223,190228,-6.931052058962526,2.4245503966537814,-13.72267566480455,2.5608036523953364,273678
Santa Maria,2023,9,0.7695037086891066,0.16020865691630426,-1.0,0.9395073056221008,139230,-6.5225621916478635,2.226887254725367,-13.163234890822267,2.209571772767114,273729
Santa Maria,2023,10,0.6478027373924282,0.19753606577240113,0.014456316828727722,0.9088778495788574,21073,-6.260464525531613,2.258196559456614,-12.850251013607352,2.2681311501462393,273722
Santa Maria,2023,11,0.7651176863107637,0.1777569851367057,-0.31284916400909424,0.9340077638626099,63174,-6.758655081659758,2.621317752402807,-13.462535196089243,2.799769175933857,273584
Santa Maria,2023,12,0.7912084327087898,0.19423357113595846,-0.8518518805503845,0.9704279899597168,150718,-6.670325255075445,2.673037345902739,-13.618161620415274,3.221096411402866,273392
Santa Maria,2024,1,0.6973592656837141,0.15084391847366738,0.24821460247039795,0.8960918188095093,5671,-7.067304754750914,2.3253067835190553,-13.893564186883028,2.615602754304175,273670
Santa Maria,2024,2,0.8183445155467751,0.11770587382170801,-0.3162393271923065,0.9579055309295654,161636,-7.393588733324559,2.1589522592056496,-13.900213141936314,2.1128793007776316,273740
Santa Maria,2024,3,0.7033666996320079,0.1597674915479809,-0.6441860198974609,0.9142317175865173,120164,-7.123035976162699,2.1441033698294385,-13.474964157898766,2.185711212395044,273733
Santa Maria,2024,4,0.6968344147992239,0.2088011892897363,-1.0,0.9646627902984619,232407,-7.6070634187779405,2.3820249393373136,-14.322751972222054,2.5788486142678146,273686
Santa Maria,2024,5,0.7100845249085544,0.21271511803282836,-0.1866125762462616,0.9830926656723022,149115,-7.7489969540374055,2.374984721790856,-14.379070294355909,2.7183467427374035,273614
Santa Maria,2024,6,0.7842692216269835,0.09683260836055295,-0.05305466055870056,0.9060587286949158,22946,-6.994427042500877,2.3155510238021404,-13.893910589083655,2.6129235114697953,273596
Santa Maria,2024,7,0.6822597954627395,0.17746809916340367,0.028787879273295403,0.8797814249992371,10787,-7.068950125480206,2.3883510778948134,-13.940444443791545,2.8452366993558407,273542
Santa Maria,2024,8,0.7452067164384446,0.1340692430784741,-0.4277071952819824,0.9204984903335571,153526,-6.703891382372458,2.3238922613761455,-13.151509115766514,2.2779931285462895,273731
Santa Maria,2024,9,0.7494368341665028,0.22506215573688887,-1.0,0.944984495639801,16165,-6.663286101784269,2.386950942249948,-13.477739620616564,2.4131793003684288,273677
Santa Maria,2024,10,0.6975403672944399,0.16442783567962224,0.027915870770812035,0.9157217144966125,48126,-6.476466200723096,2.0714499782910796,-13.062290988614574,2.1039095545394417,273743
Santa Maria,2024,11,0.8111138565316763,0.15309288651979944,-1.0,0.9436410665512085,164490,-7.080092765012525,2.464112710402117,-13.960842684195844,2.72159059076749,273516
Santa Maria,2024,12,,,,,,-6.623573018967343,2.6850674095164266,-13.463872064480361,3.2513425472241106,273323
Santa Maria,2025,1,0.7521814052753063,0.13755391915478407,-0.039585646241903305,0.9085156321525574,50334,-6.659825541882093,2.2702541149218542,-13.23032518994719,2.450607536095814,273729
Santa Maria,2025,2,,,,,,-7.280087433177832,2.2885333145642526,-13.781141322258131,2.3832561752622303,273697
Santa Maria,2025,3,0.776142101838302,0.13857876201587824,-0.9279279112815857,0.9339538812637329,164074,-6.967286489249651,2.076923462974269,-13.539730220908119,2.0654492632225128,273739
Santa Maria,2025,4,0.7647559036889287,0.1729499926795017,-0.240352064371109,0.9564164876937866,146606,-8.236694427679012,2.3498873686116695,-15.047988060375157,2.5032740286508424,273717
Santa Maria,2025,5,0.7462023721695824,0.19371852943021123,-0.46302250027656555,0.9615912437438965,172969,-6.951466377445321,2.3768702512923845,-13.661693175618657,2.57290905526743,273642
Santa Maria,2025,6,0.787104736924804,0.19685719775610097,-1.0,0.9595693349838257,197563,-7.441907975629598,2.54879836053499,-14.170209775451221,3.018551201693031,273339
Santa Maria,2025,7,,,,,,-7.288672668770421,2.2902979011972873,-13.888990695867728,2.636282285496737,273713
Santa Maria,2025,8,0.7939185896230239,0.09892238271736697,-0.002609727205708623,0.8986997604370117,5378,-6.770596962242576,2.280341362160711,-13.341792591220601,2.2256580457178297,273725
Santa Maria,2025,9,0.7709696204478523,0.11712382733968425,-0.42030200362205505,0.9320440292358398,155485,-6.545994671626177,2.080037618464381,-12.978813924743784,1.9942958805264726,273758
Santa Maria,2025,10,,,,,0,-6.466485396235339,2.1913188245103252,-13.154934809713104,2.215184304577192,273744
Santa Maria,2025,11,0.7622496562129499,0.21235214839083966,-0.8258064389228821,0.9673286080360413,166684,-7.155186538411899,2.5128758968587723,-13.749421593211258,2.756769122253527,273735
Siniloan,2018,1,0.5974202158411467,0.17583010049726927,-0.3977224826812744,0.8855531811714172,30400,-7.031092289353014,2.9423628532168924,-13.346204252581858,3.060913918581471,137916
Siniloan,2018,2,0.7980936607713104,0.15196565881259033,-0.6171171069145203,0.9358399510383606,75297,-6.914489245476897,2.6602397341207715,-13.344423518853953,2.816129796483164,137971
Siniloan,2018,3,0.772026342391334,0.14186469668626886,-0.4740780293941498,0.9306114912033081,74288,-6.805593369785914,2.5039981937474716,-13.332285467314508,2.7004333810830348,137950
Siniloan,2018,4,0.7557573659215608,0.18056060052446823,-0.15696649253368378,0.9250550866127014,56455,-7.40344351390771,2.4577699451125965,-13.705353050256532,2.3794774367837936,137971
Siniloan,2018,5,0.7241841394343098,0.19518683788330365,-0.10936623811721802,0.9166803956031799,103834,-6.728123740485803,2.343743044221679,-12.646069309767967,2.298474836285803,137949
Siniloan,2018,6,0.6039988394580199,0.1871229574881569,0.0437251552939415,0.8607689142227173,5487,-6.917622921716756,2.6068158619892823,-13.473343287179734,2.6953567409920867,137965
Siniloan,2018,7,,,,,,-7.046732448614039,2.702372945861547,-13.78985430989993,3.0322178308666152,137792
Siniloan,2018,8,0.7720768320012515,0.09308549060434879,0.1424190104007721,0.8764336109161377,29805,-6.919647776703295,2.5836505674451433,-13.668178230654501,3.2577483368266,137679
Siniloan,2018,9,0.7882270735768985,0.1257764203426368,-0.25867050886154175,0.9116173386573792,32423,-7.226720692163755,2.8270307482102797,-13.596332149840126,2.89243496088175,137742
Siniloan,2018,10,0.72445696891557,0.2196940114411392,-0.4194915294647217,0.9298900365829468,58409,-7.308416561339707,2.6851871450039586,-13.787747783729213,2.775292420393689,137765
Siniloan,2018,11,0.8092182756795382,0.1488408615277799,-0.44007670879364014,0.9477351903915405,66172,-6.70286746464567,2.4886667587474376,-13.260554708761038,2.6868392026332066,137796
Siniloan,2018,12,0.34261124881162414,0.17103589528772356,-0.14008811116218567,0.875297486782074,14844,-6.783285726694531,3.4461455529007905,-13.458380275520506,3.7234173150228957,137504
Siniloan,2019,1,0.5825085102344072,0.34704113447695767,-0.6023856997489929,0.9398061633110046,29632,-7.127004742681021,2.734322413387203,-13.942987789410223,3.2459789064241176,137784
Siniloan,2019,2,0.7521584643894952,0.2090583615733244,-0.5867098569869995,0.929693341255188,45932,-7.421701744190392,2.5845781047965195,-14.198724328178683,3.1093487633618797,137692
Siniloan,2019,3,0.778791589400449,0.13372113955949516,-0.2755659520626068,0.9254332184791565,45039,-7.610560507391523,2.551208576388224,-14.034681089826007,2.614537103683478,137940
Siniloan,2019,4,0.7148105205148833,0.1915648467827811,-0.16468411684036255,0.9405405521392822,77329,-7.820418489168773,2.602024865839486,-14.035453749611106,2.639687617069809,137945
Siniloan,2019,5,0.7458473421794176,0.19404247461188828,-0.6290726661682129,0.9285603761672974,52943,-7.079600538332945,2.2627044562142156,-13.427099484909567,2.327649429874877,137948
Siniloan,2019,6,0.7845575663559958,0.20299133806311964,-0.8986486196517944,0.9744168519973755,93497,-7.073815571820573,2.3051855863881605,-13.697787820876666,2.413953656907239,137952
Siniloan,2019,7,0.7789757281169508,0.20036949097482057,-0.32379335165023804,0.9438103437423706,92058,-7.115759328006096,2.336046885896418,-13.963928489229364,2.7598007422096007,137929
Siniloan,2019,8,0.7262623875011671,0.19468193668109604,-0.3932313919067383,0.9078922271728516,11534,-6.7798405883760955,2.5167331367102372,-13.52980101987029,2.705437372793146,137885
Siniloan,2019,9,0.7481684593290888,0.16453267340579544,-0.260869562625885,0.9124578833580017,81958,-7.210433256979545,2.482432886273512,-13.777571150732216,2.680541908773504,137893
Siniloan,2019,10,0.7724003780866735,0.20452173454165715,-1.0,0.9660493731498718,95392,-6.500747487247864,2.3424254831672897,-12.833165445669794,2.363756165581493,137908
Siniloan,2019,11,0.4679714003319327,0.26666630935386804,-0.5138705372810364,0.8897521495819092,9620,-6.564658487372627,2.3323936319217147,-13.158403121649226,2.4244404064121943,137913
Siniloan,2019,12,0.6604930895941002,0.25402861228744245,-0.10528694093227386,0.9192274212837219,6758,-6.91687377393357,2.5382672707897136,-13.518411998602252,2.888141670742523,137858
Siniloan,2020,1,0.7765143079601657,0.21354909733600524,-0.627059817314148,0.9499807357788086,66839,-7.157665839857272,2.558640862679002,-13.908142936140328,3.2472365180367198,137491
Siniloan,2020,2,0.7966602982526246,0.10984473507894829,0.02389269322156906,0.9226555824279785,22315,-7.341964444748313,2.4360732949720525,-14.148728477911057,2.9186006440051675,137868
Siniloan,2020,3,0.8012570406621476,0.15887689035593242,-0.28105324506759644,0.9414001107215881,109097,-7.449192436588277,2.42440078941659,-13.941527496163998,2.582775700448345,137955
Siniloan,2020,4,0.7364583727743437,0.12299111483641995,-0.012490034103393555,0.90861576795578,51914,-7.4299226157401534,2.481434351504835,-13.942575047691763,2.5030892125755573,137953
Siniloan,2020,5,0.7507045979218285,0.19827449202881783,-0.6631578803062439,0.9713701605796814,87043,-7.020638671460557,2.3121236555114297,-13.320530680048547,2.40995787912768,137959
Siniloan,2020,6,0.7387571653729376,0.21921122400050952,-0.31752103567123413,0.9345611929893494,44531,-6.674317908936069,2.4427366434393694,-13.318421147339267,2.840654659143661,137941
Siniloan,2020,7,0.755028175611096,0.1284778568572128,0.06666667014360428,0.8919187188148499,27373,-6.700121109633249,2.245848596759888,-13.54605558355015,2.5315297617415444,137953
Siniloan,2020,8,0.8173329565394005,0.13558620259931878,-0.13571135699748993,0.9590273499488831,73419,-7.1121695918422745,2.314238003816986,-13.663745535603757,2.488277344263257,137947
Siniloan,2020,9,0.5756868877120561,0.12891279770844702,0.049788136035203934,0.863856852054596,33195,-6.9005813243351595,2.285825643797546,-13.398605233922812,2.2777431411895126,137953
Siniloan,2020,10,0.6998567231218865,0.14849038406310427,-0.07360666990280151,0.9259572625160217,50379,-6.268559080047351,2.248823337626598,-12.809022667814215,2.3250484580135424,137955
Siniloan,2020,11,0.5015859712910931,0.4635987916475782,-0.7194029688835144,0.9319217205047607,49023,-7.136979825346565,2.7973523959872737,-13.645579700977535,3.549864611134703,137621
Siniloan,2020,12,-0.045295865698294205,0.09258888885769097,-0.18443003296852112,0.11210761964321136,11,-7.249451096490597,3.190908335437911,-13.892708307263346,3.7518483115485224,137428
Siniloan,2021,1,0.3834991382250708,0.06665141341748812,0.18325123190879822,0.6364303827285767,1021,-7.251472541524338,2.8521605425684404,-13.900755152403908,3.434524498988071,137694
Siniloan,2021,2,0.7109403031160793,0.1931191439539174,-0.4835589826107025,0.9216917157173157,30984,-6.791779891212907,2.9397102121381034,-13.245935873928609,3.0988136184122412,137812
Siniloan,2021,3,0.7414333175501007,0.2249726536356636,-0.43877550959587097,0.9388940930366516,82784,-7.1478031324366285,2.555146122839964,-13.755058038731171,2.749323402552442,137637
Siniloan,2021,4,0.6447741855615704,0.2094494903580468,-0.1568431556224823,0.8885864615440369,22706,-7.065724671842321,2.4422839942556247,-13.696388020203853,2.660013351391383,137821
Siniloan,2021,5,0.7736684770739268,0.20297597959540914,-0.5377175807952881,0.9314814805984497,100408,-7.09882384082442,2.5303265658695993,-13.932866045895071,2.734190376687224,137799
Siniloan,2021,6,0.837896854385266,0.11050027843932665,-0.12901842594146729,0.9417256116867065,55735,-7.122680361199559,2.467894194731512,-13.797111913869784,2.801683965863873,137853
Siniloan,2021,7,0.6309093476473558,0.19294382676693655,-0.31463098526000977,0.9136110544204712,28079,-6.618996747817363,2.5190767251875346,-13.456531379911926,3.208420002417951,137649
Siniloan,2021,8,0.7534330171142155,0.22695711143066716,-0.8005865216255188,0.9405379891395569,77313,-6.986811978873746,2.557616736130053,-13.92406276318685,2.6939178917618274,137803
Siniloan,2021,9,0.6070087710266255,0.1875478331794181,-0.3223954141139984,0.8365048170089722,64838,-7.007359168974794,2.531990365909519,-13.733738425151472,2.774656567903087,137777
Siniloan,2021,10,0.6461415892962394,0.2875591933318312,-0.44542771577835083,0.9244397282600403,14912,-6.952288550085014,2.5062172728199887,-13.743115843273449,2.705867792419941,137748
Siniloan,2021,11,0.7777776832769218,0.1980540647819541,-0.48723897337913513,0.9336337447166443,75204,-6.541559243099194,2.76654716380631,-13.310950041059897,2.9497864464691563,137619
Siniloan,2021,12,0.8089101748597401,0.1868753858691335,-0.649068295955658,0.960606038570404,55972,-7.102976240660658,2.70242003288221,-13.933526633508643,3.281805320610117,137721
Siniloan,2022,1,0.6719070999345231,0.2734307813098151,-0.596187174320221,0.9428930282592773,29796,-6.72077137346876,2.8329183896833254,-13.56071190340698,3.370300518642037,137647
Siniloan,2022,2,0.5787509225418728,0.15315803155712732,-0.06558597832918167,0.889205813407898,9665,-6.890764212725782,2.3762644319306054,-13.56132034380054,2.60859432311835,137865
Siniloan,2022,3,0.7665252513248493,0.15917392068909356,-0.16629381477832794,0.9465621709823608,36317,-6.747231783305438,2.331694266450401,-13.222162027268046,2.269422678738052,137933
Siniloan,2022,4,0.6902314835876276,0.20267497522767675,-0.20433436334133148,0.9103302955627441,21563,-6.348786517641209,2.27682707745011,-12.801084033561338,2.2023825076674544,137956
Siniloan,2022,5,0.798615573352525,0.1753468224876258,-0.40366971492767334,0.9385507106781006,52836,-6.213461016970183,2.161894220344626,-13.09143778668142,2.149950566231303,137964
Siniloan,2022,6,0.7830046027378257,0.19833690699493622,-0.286582887172699,0.9497575759887695,84528,-6.678671974498107,2.7542664504166825,-13.799445200758939,3.0703054068441773,137842
Siniloan,2022,7,0.8427360305125303,0.14859653539920917,-0.8156028389930725,1.0,60660,-6.667620708354427,2.6085574642381912,-13.549332663204867,2.945343655429757,137897
Siniloan,2022,8,0.5368078996737801,0.13318923534010133,0.32910388708114624,0.7661116719245911,72,-6.591938557705768,2.3863892326829985,-13.289587757823575,2.475273344831349,137921
Siniloan,2022,9,0.7733789265714057,0.11523939388417649,-0.05294705182313919,0.8919638991355896,38597,-6.698157506272479,2.4676020008087667,-13.259227053809216,2.43273587350999,137843
Siniloan,2022,10,0.7452059763888725,0.1647291687711043,-0.3365384638309479,0.9124064445495605,39587,-6.510453263949559,2.4794551261461812,-13.087911955368437,2.6133127322567167,137744
Siniloan,2022,11,,,,,0,-6.617978135288692,2.937645672917243,-13.306093840573045,3.1456171503206223,137541
Siniloan,2022,12,0.6761282129699253,0.23777862222487792,-0.29900988936424255,0.9150823950767517,102277,-6.986521599660126,2.715463929653352,-13.694477550654314,3.250933774524052,137630
Siniloan,2023,1,0.40445095162010747,0.37330030341618337,-0.5775917768478394,0.9286974668502808,27901,-6.943354430517945,2.6701557118051333,-13.739027113188037,3.3133978560063824,137510
Siniloan,2023,2,,,,,,-6.895932319335945,2.779834914206809,-13.780194614740509,3.090683950133013,137587
Siniloan,2023,3,0.7484366224281012,0.18763166813034104,-0.3304787874221802,0.9364087581634521,67972,-7.161418149405823,2.5712614189241543,-13.689778084591385,2.5325493706784465,137820
Siniloan,2023,4,0.6650108691946975,0.20883211522671585,-0.28280359506607056,0.9033325910568237,56057,-7.015185294783949,2.4690531507309386,-13.435791614024906,2.4952500178502777,137879
Siniloan,2023,5,0.7609449045310442,0.1499756890698986,-0.11197319626808167,0.9236884117126465,33523,-6.873413061855949,2.4640409067607676,-13.619815462350083,2.5136791739721076,137907
Siniloan,2023,6,0.8019881785969986,0.17836465728053802,-0.14457830786705017,0.9418036937713623,72287,-6.523544168267231,2.3379210731098286,-13.469809215317191,2.4121046946040705,137911
Siniloan,2023,7,0.7846338227011974,0.15634200662376171,-0.0009832842042669654,0.9216750860214233,31906,-6.832349205843434,2.5939966392822873,-13.774012396344762,3.0150859770190275,137864
Siniloan,2023,8,0.7680548788275945,0.17426794017453237,-0.25816023349761963,0.9236257076263428,97616,-6.946929865333863,2.5779264157040225,-13.808255447486962,2.8303638356530962,137874
Siniloan,2023,9,0.807813027568828,0.1285876955804337,-0.12406328320503235,0.9840637445449829,81621,-6.525971533370114,2.4901810378291387,-13.237184456783474,2.4383305680482685,137877
Siniloan,2023,10,0.5664152515174663,0.17698499495887507,-0.09145247936248779,0.9109910130500793,27218,-6.368541302338648,2.5278044231444863,-12.990917595123866,2.4663709818132835,137866
Siniloan,2023,11,0.7648578089679472,0.19034360691278612,-0.5027472376823425,0.9478393197059631,44403,-6.385572046456532,2.5669361147689167,-13.004580234705363,2.6529767024826123,137870
Siniloan,2023,12,0.7361696190282643,0.1720300470535875,-0.1972789168357849,0.9484810829162598,29080,-6.693339307485595,2.9756550597265297,-13.484307765060155,3.2113585754191156,137687
Siniloan,2024,1,0.5117481830001074,0.17415896852449705,-0.12083730101585388,0.8086013197898865,10725,-6.850308675830199,2.5749756131200945,-13.717232020961129,3.1674860852946507,137831
Siniloan,2024,2,0.8296070941541409,0.1372719281580062,-0.25382933020591736,0.9568822383880615,114863,-6.97435150609968,2.2943103194096444,-13.786928123456315,2.503952656934903,137931
Siniloan,2024,3,0.7619546138833535,0.12962738253949252,-0.050847455859184265,0.9165743589401245,70830,-6.784431723528602,2.3025727342272333,-13.267252944810911,2.3772481783227946,137965
Siniloan,2024,4,0.7446481068262409,0.2162611163493598,-0.4741135835647583,1.0,87688,-6.975431763205426,2.4929113459461925,-13.746636046092702,2.439300771118817,137959
Siniloan,2024,5,0.7299387351781199,0.2273665585628624,-0.3271169364452362,0.9631481170654297,100370,-6.934999952274181,2.3886915833565774,-13.648348733046552,2.4910517895294544,137963
Siniloan,2024,6,0.7861283857760758,0.08890143825417163,0.22950108349323273,0.8882960081100464,9570,-6.5615478616337075,2.32590927347413,-13.546272730252548,2.6155094313532374,137942
Siniloan,2024,7,0.6715717790597201,0.25865694999768024,-0.2865105867385864,0.9083431363105774,56308,-6.906613940233882,2.6128952498664204,-13.651150703936004,3.2522274007619667,137651
Siniloan,2024,8,0.6240432416464166,0.20138725295922139,-0.001914486289024353,0.905739963054657,30450,-6.75821873575361,2.550183356854386,-13.346285707566192,2.675664051417386,137880
Siniloan,2024,9,0.8029354342827387,0.17798730241005928,-0.43929359316825867,0.970370352268219,40049,-6.782661712521993,2.611930348786621,-13.699517540792415,2.703224822728461,137784
Siniloan,2024,10,0.6843865297642912,0.18810329292738623,-0.07059258222579956,0.9002624750137329,20926,-6.583813428496249,2.6827420329238993,-13.240735938422572,3.040416799359035,137542
Siniloan,2024,11,0.734565411437775,0.2003823848194116,-0.2571912109851837,0.9251415133476257,30336,-6.955828430341084,2.681165059639436,-13.696605706748265,2.976647386058909,137391
Siniloan,2024,12,,,,,,-6.546635636230829,3.391885600246954,-13.16713768093371,3.682642678220483,137372
Siniloan,2025,1,0.7068527151477932,0.26778590362913174,-0.5106382966041565,0.9112818837165833,42921,-6.572327149146879,3.150508208035641,-13.133027963710054,3.5197730542423615,137414
Siniloan,2025,2,,,,,,-7.1003708964823185,2.599244372261257,-13.807001873848515,3.116967038162578,137577
Siniloan,2025,3,0.7611883472494065,0.20133721193163975,-0.47058823704719543,0.9172267317771912,35216,-6.657765708745931,2.55740671290346,-13.292138762718649,2.6057121948704487,137770
Siniloan,2025,4,0.6920405491539114,0.22854427931442692,-0.22998295724391937,0.9358024597167969,52646,-8.132867320712068,2.6179344228708414,-14.620213673123349,2.7000217470838965,137930
Siniloan,2025,5,0.7500739534960121,0.22772913282290397,-0.35787320137023926,0.9610130190849304,90793,-6.882695125238859,2.4461802952647784,-13.565168658350997,2.406205954055731,137862
Siniloan,2025,6,0.7583683677798333,0.22269328049045456,-0.4602295160293579,0.9587020874023438,74188,-7.321372150642855,2.4278562487790776,-13.861984928779233,2.6407142987326955,137952
Siniloan,2025,7,,,,,,-7.521419381045541,3.2152622218656965,-13.93547339773688,3.927297916313461,137224
Siniloan,2025,8,0.6665209978818893,0.11939893809736622,0.41459226608276367,0.8225946426391602,134,-7.031367342806174,3.2698134840045374,-13.710611483425295,3.457950215731502,137662
Siniloan,2025,9,0.7627335343548288,0.14781443706265104,-0.4657210409641266,0.9297735095024109,49200,-6.9191447238935275,3.620639118813857,-13.070451839087399,3.40358503713978,137783
Siniloan,2025,10,,,,,0,-6.787729802612716,3.422980807903987,-13.346748096114789,3.4950719441833726,137347
Siniloan,2025,11,0.7815609481418463,0.28733468285723096,-0.7337278127670288,1.0,94388,-6.7566969435272135,2.9882675245693227,-13.208267483022754,3.6349582493762536,137759
Victoria,2018,1,0.5396000779593287,0.23232758898183073,-0.7718223333358765,0.889345645904541,9172,-8.995644159992983,3.475354276031073,-16.030982050128888,4.228809059415015,73811
Victoria,2018,2,0.6673587063520493,0.2824467350604029,-0.777354896068573,0.9489166736602783,38065,-8.896796240575291,3.0667141708084933,-15.590890541512687,3.3799522106641544,73840
Victoria,2018,3,0.5763908186934948,0.23330927178918345,-0.5116279125213623,0.8691588640213013,22023,-9.03829092331813,2.8239560839075044,-15.471925273297376,3.103322927053028,73815
Victoria,2018,4,0.457601957459156,0.21981806902349554,-0.6160188317298889,0.9315741658210754,51104,-9.29293402916958,2.8024117608786208,-15.371246960705388,2.928518031280675,73829
Victoria,2018,5,0.44837909675437737,0.21603943181901417,-0.3403041958808899,0.9163112044334412,71982,-8.493413718790745,3.0106909697331954,-14.326451877199116,3.318613948133025,73775
Victoria,2018,6,0.40434562964523724,0.32082339143663724,-1.0,0.9187923073768616,51451,-8.650576420785294,3.538272659773572,-16.002315794317497,4.308427761536051,73806
Victoria,2018,7,,,,,,-9.134294648766476,3.969626753400612,-16.351328918487535,4.7306180442971,73197
Victoria,2018,8,,,,,0,-9.106403910005449,3.0836462925969874,-16.612276963698385,4.312331704591769,73448
Victoria,2018,9,0.5901612890284924,0.2774838554889799,-0.7710280418395996,0.9071627259254456,58146,-8.62174791893451,3.7090480882933927,-14.970376503109883,3.802580313761368,73585
Victoria,2018,10,0.22003571207312744,0.3690466695284017,-0.7277628183364868,0.8901408314704895,2344,-8.510147660004627,3.102616640461178,-14.88170991217086,3.494712225124826,73604
Victoria,2018,11,0.5067735316865646,0.26694368910662813,-1.0,0.958949863910675,35975,-8.304411354029675,3.0724062510261363,-15.364930265993463,3.816350564883099,73670
Victoria,2018,12,0.5287847568557463,0.1765709126501777,0.05355832725763321,0.8703870177268982,1462,-10.656662803197234,4.844604350404003,-18.848670024298958,6.638098784279778,72223
Victoria,2019,1,0.5420256269675671,0.2863657791307772,-1.0,0.9250707030296326,23610,-9.072100368918381,3.1074494755116526,-17.508354130994704,4.562709280312314,73608
Victoria,2019,2,0.6836210681199526,0.22136516371110343,-0.5392279028892517,0.9047383666038513,5072,-9.178963946278595,2.919471401420664,-16.531193507760346,3.7324670662099777,73585
Victoria,2019,3,0.513052343222771,0.2585815607732358,-0.7288135886192322,0.9323170781135559,23122,-9.80723510961971,3.030979727895315,-15.836041886963836,3.17364481159727,73710
Victoria,2019,4,0.5166904417351251,0.21802104587027366,-0.25500911474227905,0.9324734210968018,72065,-9.208389979511908,2.9605345759443757,-15.298250596122111,3.0970442505530626,73738
Victoria,2019,5,0.5116261939942595,0.22394546577211877,-1.0,0.941824734210968,56895,-8.604448231362571,2.8205202791368724,-14.717599146372008,2.864284134471328,73769
Victoria,2019,6,0.520501307967622,0.27970616332502213,-1.0,1.0,73303,-7.9726386560046345,3.2556892360088394,-14.072024350742616,3.723879610254083,73794
Victoria,2019,7,0.4619594045374181,0.2896204495245557,-1.0,0.9588854908943176,41430,-8.177056568677065,2.9901006418799208,-15.68415205018711,4.116164425029806,73774
Victoria,2019,8,0.5352125251811247,0.24337598123352566,-0.2523461878299713,0.9202421307563782,53332,-8.467948173875183,3.4967947317312205,-15.349919513514584,4.257762725690433,73428
Victoria,2019,9,0.5265263245321515,0.16938890693774633,-0.4809437394142151,0.8963446021080017,47171,-8.494740217437421,3.026924296248337,-15.571195562530095,3.6228319802953743,73577
Victoria,2019,10,0.5958224229905293,0.27503079621575016,-1.0,0.9616982936859131,65316,-7.890702652721749,2.93059455340481,-13.845405392954662,3.0083605417308203,73685
Victoria,2019,11,0.5147406978414103,0.2423051311289731,-1.0,0.9018645882606506,62578,-7.654270967130311,3.132009032660804,-14.28793722077383,3.408557662894704,73765
Victoria,2019,12,0.4093805642490169,0.24333077625971855,-0.3109363913536072,0.9062957763671875,24089,-8.633669218717065,3.2457482325496527,-16.713973092059234,4.626097721781206,73597
Victoria,2020,1,0.5805312513908436,0.31516993818464756,-1.0,0.9487406015396118,27561,-8.340930224574286,2.9913506230779414,-16.385744650031878,4.310664064828877,73488
Victoria,2020,2,0.6700054708825497,0.19211616235994927,-0.42354369163513184,0.8985000848770142,49049,-8.901388009980893,2.8053265685414193,-16.146937644123803,3.5241317586425387,73680
Victoria,2020,3,0.5992828645407136,0.22729107247630972,-0.5678571462631226,0.9375736117362976,73842,-9.386511718916976,2.8844363478661874,-15.549402365035222,3.0523227502164993,73764
Victoria,2020,4,0.43219563086078416,0.21226049526288385,-0.39106452465057373,0.9253256916999817,24240,-8.912976192730639,2.800139079589431,-15.515427333906343,3.0324770333386195,73799
Victoria,2020,5,0.4552412082186988,0.30803099784045285,-0.7258687019348145,0.9363279342651367,35206,-7.823080035386113,3.332017780720809,-14.480119655026924,3.681768718596266,73804
Victoria,2020,6,0.48170378486413845,0.2702329541663118,-1.0,0.9381915330886841,67273,-8.328002612482113,2.9433891169349575,-16.36052679822324,4.2941494471496195,73732
Victoria,2020,7,0.6598880833937913,0.21080536164995392,-0.9916492700576782,0.9068047404289246,54584,-8.376149345181597,3.0869724745734057,-15.230658621326068,3.688271053335407,73687
Victoria,2020,8,0.7143453101567258,0.20090761444025376,-1.0,0.9689399003982544,62990,-8.939854517169302,3.0054303771636284,-15.040538924756357,2.952981165095088,73795
Victoria,2020,9,0.5150176344715652,0.24409433300724118,-0.739130437374115,0.9240378141403198,43806,-7.724868178643855,2.8273964143634602,-13.207706495420751,2.746108498475686,73785
Victoria,2020,10,0.4170863441401291,0.35159870323078724,-0.9470365643501282,0.9310523867607117,55369,-7.083839941216065,3.2727407342443944,-14.305214658253009,3.754451745854502,73741
Victoria,2020,11,0.13425141647954392,0.45154231621965923,-0.6128251552581787,0.8795728087425232,4175,-9.920847402122423,4.097305544438857,-18.630244121202967,6.2598397778856825,72056
Victoria,2020,12,0.3991986048670118,0.3953676083554337,-1.0,0.9496679306030273,50462,-9.605296076017819,4.077972086899904,-18.522700434739185,5.950221059923838,72678
Victoria,2021,1,,,,,,-9.25101058469796,3.30872277910548,-17.16150975676735,4.949365900132782,72823
Victoria,2021,2,0.6392986012705681,0.3281979928828006,-1.0,0.9546564221382141,61101,-8.836800927651723,4.09721803233041,-15.264979748275497,4.309493056173578,73560
Victoria,2021,3,0.5227594336629962,0.23413134800370342,-0.5747387409210205,0.9134333729743958,34565,-8.187665762171147,2.79361983794177,-15.31266388533667,3.430260657793205,73255
Victoria,2021,4,0.4466516018862456,0.23760292471226627,-0.6738350987434387,0.8798524737358093,63076,-8.322212272368331,2.7251515129372668,-15.384313597367484,3.2921715333277803,73469
Victoria,2021,5,0.4629791920728558,0.24313582144294169,-0.7636566162109375,0.8885096907615662,43205,-8.578191268746265,3.127503553516201,-16.025653400895834,3.989633309183011,73474
Victoria,2021,6,0.4981416874854702,0.2763213838516326,-1.0,0.9084022045135498,31409,-8.34606532273494,3.070834289207419,-16.405757394522812,4.584754641208203,73354
Victoria,2021,7,-0.06495897735679572,0.022581660520518843,-0.15880446135997772,0.0069547551684081554,971,-8.447623161610812,3.202372265160687,-16.443286505251535,4.659452182539324,73070
Victoria,2021,8,0.6288182647406255,0.22768449296057644,-0.48407644033432007,0.8996139168739319,52841,-8.644069665401506,3.3909872973873973,-14.937021645960332,3.6965406325533294,73186
Victoria,2021,9,0.594011944698942,0.3038098167427571,-1.0,0.9595038294792175,55848,-8.088020306399565,3.262345159389631,-15.119136255480578,3.7966169124885223,73274
Victoria,2021,10,0.5159704684717176,0.2382837280815071,-0.3187214732170105,0.8938787579536438,12746,-7.588055642168981,3.297666023372706,-14.310552050479664,3.7931774025498712,72868
Victoria,2021,11,,,,,,-8.5421149529126,3.6654003234643557,-16.32939879217127,4.969031370450834,72709
Victoria,2021,12,0.554186453242098,0.3020202904891131,-0.5881133675575256,0.9399354457855225,7786,-8.593569824333354,3.4154640145799644,-16.446404907200755,4.81098342565772,73028
Victoria,2022,1,0.5358388509320341,0.2344654080931592,-0.49160394072532654,0.9029296040534973,11638,-8.411382439005434,3.3571780288670485,-15.89556648660212,4.344146749412721,73156
Victoria,2022,2,0.6006991585528401,0.20785532732838033,-0.4892353415489197,0.9073387980461121,13791,-8.248029298323443,3.1216590720730792,-14.179793090660572,3.217603559322456,73540
Victoria,2022,3,0.5746818311346102,0.24460147153817463,-0.6424936652183533,0.9485981464385986,53020,-8.4026170869422,2.888214795872049,-14.108414880594824,2.95616899953798,73575
Victoria,2022,4,0.44457183244091886,0.16746522636957914,-0.18882867693901062,0.8912836909294128,8685,-7.095528906914487,2.7421624660011474,-13.421065252988473,2.9797747891737725,73538
Victoria,2022,5,0.5115986289765995,0.2556200104188276,-0.7914893627166748,0.9045259952545166,36233,-7.553519715541295,2.974888115233475,-14.047252852603007,3.336056046571768,73534
Victoria,2022,6,0.4853510104473053,0.3014272165617676,-0.9947229623794556,0.9275123476982117,19880,-8.804330357614262,3.9710918008242553,-16.248401637381534,5.048089983038106,72983
Victoria,2022,7,0.5309550159736569,0.22983868002558305,-0.6386969685554504,0.9043149352073669,33703,-8.054251311325764,3.249318415410239,-15.32543761341468,4.1802318998146895,73406
Victoria,2022,8,0.6473210639169884,0.13788268486260558,-0.13347144424915314,0.8091370463371277,551,-8.350109031380795,3.2167145465486278,-14.497700690526132,3.462700727249257,73550
Victoria,2022,9,0.5351228097451524,0.18657488864382668,-0.12244044989347458,0.8343228697776794,13175,-7.981985014955092,3.1350518630157986,-13.94844829914329,3.2580322619115463,73597
Victoria,2022,10,0.5802347882776371,0.2553573100527835,-1.0,0.9560075402259827,39856,-7.263702441713206,3.053067805597784,-13.741716756167724,3.5928122282458017,73369
Victoria,2022,11,0.22298795007664166,0.15662581557438324,-0.29291948676109314,0.7199467420578003,1974,-8.30378922028325,4.28184756196507,-14.955766902202713,4.945934284364527,72090
Victoria,2022,12,,,,,,-8.79579678829861,3.3797238699162633,-16.527306930934323,5.020774150706045,72655
Victoria,2023,1,0.389407069365441,0.3634092731196336,-0.6218250393867493,0.8780874609947205,1126,-8.604328656093251,3.412286151445327,-15.985678567788446,4.617733531827073,72685
Victoria,2023,2,,,,,,-8.36882007063187,3.324126421683514,-14.988766827994585,3.880021042289191,73147
Victoria,2023,3,-0.14785504858603005,0.09282535650123724,-0.2594936788082123,0.03841482102870941,51,-8.948610722585105,3.0855186720655348,-14.805669014701989,3.3897441640219856,73406
Victoria,2023,4,0.49665072373648,0.1973274054123718,-0.20837298035621643,0.8921512365341187,48122,-8.649567717556456,3.0243425076186767,-14.533632555228552,3.2281050330308965,73421
Victoria,2023,5,0.43873491104186185,0.18878210640721632,-0.4386434555053711,0.894911527633667,22424,-8.153748792137945,2.9520277152483523,-14.369929418546565,3.3257683494790933,73529
Victoria,2023,6,0.45422519998406746,0.29335490638055295,-1.0,0.9195691347122192,42989,-7.95110637873816,3.181985090261341,-14.668634074056598,3.7431059229099755,73512
Victoria,2023,7,,,,,0,-8.584083798106896,3.4947896000833985,-16.02165199717529,4.697133580259301,72944
Victoria,2023,8,0.5524125447392881,0.24673887683917814,-0.6150234937667847,0.877450168132782,73842,-8.607004017312802,3.4816863089902004,-15.340252761868927,4.331474326407275,72946
Victoria,2023,9,0.6651033205788667,0.2736356567538197,-1.0,0.9507476091384888,67245,-7.933150917578321,3.2878226402715707,-14.178254617097052,3.53414617510421,73359
Victoria,2023,10,0.5945494320026388,0.24639181150326162,-1.0,0.9075292348861694,36512,-7.250667148055053,3.1377582985669394,-13.373712878516994,3.219475579324905,73448
Victoria,2023,11,0.5338671325097384,0.2708121552812055,-0.531123697757721,0.9213898181915283,29623,-7.909046012457029,3.924795838031381,-14.752202150777215,4.533582688507425,73240
Victoria,2023,12,0.5377392902674392,0.24353330455446895,-0.3667205274105072,0.9035976529121399,7697,-9.104691674936086,4.125163024030754,-16.368225569293564,5.40401615450521,72337
Victoria,2024,1,,,,,0,-8.19860957538682,3.107652245162925,-15.586686518240027,4.17553518590105,73625
Victoria,2024,2,0.6906128749467082,0.23152836771504273,-0.8273972868919373,0.9396129250526428,67390,-8.634596597824007,2.9349867458360905,-14.780835634184003,3.263108249535823,73487
Victoria,2024,3,0.5641627547242248,0.1833247891914078,-0.3815789520740509,0.8689585328102112,29458,-8.786608386617253,3.0614559570658058,-14.45581323603227,3.156990041371196,73766
Victoria,2024,4,0.45630981984170194,0.23250867879125953,-0.5494186282157898,0.9564660787582397,41717,-8.919653708722054,3.1272327495216823,-15.017297345229462,3.397700528110456,73596
Victoria,2024,5,0.3916678722426092,0.19677183568098958,-0.5281995534896851,0.8947173953056335,16684,-8.151418375905127,2.8760696852142984,-14.08022600804565,3.127721494952623,73785
Victoria,2024,6,0.44841544647030696,0.24411334537779347,-0.7417893409729004,0.9120671153068542,16312,-8.387757180279552,3.485846624166803,-15.49140886191226,4.40451163416555,73631
Victoria,2024,7,0.4037061343798839,0.16859544325407202,-0.20940649509429932,0.8486040830612183,54352,-8.441758417476173,3.3637843852424245,-16.605898891290103,4.9267868525480765,72619
Victoria,2024,8,0.42551503859780343,0.1284966993765055,0.05987261235713959,0.7532200813293457,815,-8.557841666810303,3.5689327463337563,-14.384815188948824,3.621588808874196,73674
Victoria,2024,9,0.6708132540938387,0.22880532816947113,-1.0,0.9258182048797607,27582,-8.475625287702117,3.5580020600072273,-14.430407362307092,3.4808423760726166,73281
Victoria,2024,10,0.5572753814396418,0.2583175673042211,-1.0,0.9469374418258667,50341,-7.639870525246858,3.5264059178074985,-13.676638788046043,4.254562212139579,72520
Victoria,2024,11,0.47054167733256974,0.26600402557841185,-1.0,0.9170818328857422,50049,-7.690137264000001,3.183322507389644,-14.349188164375631,3.8458398856915514,72903
Victoria,2024,12,,,,,,-10.407367114376237,5.3601246090691745,-17.289572358446655,6.129916155462794,72131
Victoria,2025,1,0.35713676288876833,0.3723929595969983,-0.6713780760765076,0.9144783616065979,20537,-8.249560403390424,3.5279234180610466,-15.377726191759084,4.467782326355186,72620
Victoria,2025,2,,,,,,-8.561455317323757,3.149618878270343,-15.004180089478357,3.751152163340965,73560
Victoria,2025,3,0.6364476502558876,0.24950587147493883,-0.5451388955116272,0.9158751964569092,52287,-8.4239369627654,3.002413954308945,-14.114601392730933,3.0990686459152603,73500
Victoria,2025,4,0.4771058520625579,0.22850515848518846,-0.3404417335987091,0.9142332077026367,56627,-9.882552662675943,3.0469345195734956,-16.42434224643693,3.3121784791316258,73733
Victoria,2025,5,0.4633872123721719,0.2563052659741336,-0.5484633445739746,0.9645214676856995,72901,-8.602169104830423,3.2029127752542075,-14.803823348372237,3.361974409724188,73710
Victoria,2025,6,0.5219204793855822,0.27390074305311735,-1.0,0.9185267686843872,28907,-8.224255418274016,3.1492211277538584,-15.342804179337739,4.040267074394983,73803
Victoria,2025,7,,,,,,-9.310804378507616,4.025979948406348,-17.309131731298276,5.624750007719727,73177
Victoria,2025,8,0.537645665613149,0.3263514305469436,-1.0,0.9354963898658752,50871,-9.064745907995365,4.516812725852527,-15.836338160394174,5.11963541500746,73327
Victoria,2025,9,0.48845043250603515,0.3064747396946212,-1.0,0.9146884083747864,31980,-9.104351787130026,5.090158436729275,-14.844711089745235,4.785542704730577,73757
Victoria,2025,10,,,,,0,-8.209787857259315,4.797104595819917,-14.22496075492515,4.920243477665607,72733
Victoria,2025,11,0.46859840872128977,0.42386812468874757,-0.8481244444847107,0.9293920993804932,18499,-9.29695615821553,4.298452707514666,-16.672535140899,5.516896382497115,73508
