municipality,barangay,year,season,seq_step,month,rain,temp,humid,ndvi,evi,ndwi,vv,vh,yield_mt_ha
City of Calamba,Banadero,2020,Dry,1,1,76.4,25.45,83.09,0.511844211905023,0.33665792509086145,-0.4771998110775038,-6.303685273990607,-13.982694304578336,5.03
City of Calamba,Banadero,2020,Dry,2,2,70.7,24.97,78.8,0.37708242603444625,0.28151980942736066,-0.3130967640096233,-6.723664764206535,-14.584194373693686,5.03
City of Calamba,Banadero,2020,Dry,3,3,17.7,27.27,75.57,0.487328329535524,0.33985707098282736,-0.4726386543055283,-6.888684569954008,-14.549948560829044,5.03
City of Calamba,Banadero,2020,Dry,4,4,50.5,28.51,74.47,0.43446002934342326,0.3319298269243839,-0.4239076888565434,-7.115285292304285,-14.496488205655117,5.03
City of Calamba,Banadero,2020,Dry,5,5,219.4,29.03,80.76,0.5388201295493998,0.4140442938733765,-0.4841834322080683,-6.458084048807566,-13.689609928901074,5.03
City of Calamba,Banadero,2020,Dry,6,6,292.9,27.96,85.67,0.5358294252668507,0.43095452161326847,-0.503472418228343,-6.6379518726375535,-14.10231181905566,5.03
City of Calamba,Banadero,2020,Wet,1,7,342.6,27.4,88.12,0.5359005864723945,0.4632680709898194,-0.48522977542204104,-6.6073150741355935,-12.415060254930035,1.89
City of Calamba,Banadero,2020,Wet,2,8,357.5,27.05,88.97,0.4194672394352142,0.4496156764353682,-0.4638304713675204,-6.188434041392931,-13.749093108888726,1.89
City of Calamba,Banadero,2020,Wet,3,9,272.7,27.34,88.32,0.4404067753288648,0.5070915737603844,-0.39360846287168166,-7.196667803544146,-13.054476271038618,1.89
City of Calamba,Banadero,2020,Wet,4,10,709.8,26.39,92.02,0.5470790008724251,0.3807598588167565,-0.48890239784755607,-4.79308066924597,-12.445717343788763,1.89
City of Calamba,Banadero,2020,Wet,5,11,496.3,26.27,87.48,,,,-5.8403510778628736,-13.341458858923861,1.89
City of Calamba,Banadero,2020,Wet,6,12,350.9,25.95,89.0,0.5774682371437598,0.40840678607984,-0.527826161139533,-6.013184699373294,-13.512573800533884,1.89
City of Calamba,Banadero,2021,Dry,1,1,136.9,24.93,84.97,0.401016987783625,0.34515559154831776,-0.34714833331691897,-6.283559094132204,-13.96200893929405,5.28
City of Calamba,Banadero,2021,Dry,2,2,96.0,25.04,84.31,0.5146980965835597,0.3705323231775211,-0.4828631025680432,-5.472981350775256,-13.195324923819014,5.28
City of Calamba,Banadero,2021,Dry,3,3,89.7,26.43,83.52,,,,-6.457589491114407,-14.021676907830102,5.28
City of Calamba,Banadero,2021,Dry,4,4,22.5,27.6,75.12,0.38259160575271084,0.39900088775290254,-0.3816020385532744,-6.498468720985772,-13.99213606553299,5.28
City of Calamba,Banadero,2021,Dry,5,5,129.6,28.87,78.58,0.42130033093453584,0.33072648412817746,-0.42737754607215345,-6.802039746935704,-14.187030775470802,5.28
City of Calamba,Banadero,2021,Dry,6,6,255.8,27.93,84.32,0.5363214763210101,0.6110212767825407,-0.4621081336894456,-6.016331609646373,-13.473232733923359,5.28
City of Calamba,Banadero,2022,Dry,1,1,32.0,25.44,78.83,,,,-7.083297520663957,-12.82797616184968,5.28
City of Calamba,Banadero,2022,Dry,2,2,74.5,26.07,79.63,0.512815715751784,0.40038100728668014,-0.47990995392495805,-7.29392534183613,-13.057915721014584,5.28
City of Calamba,Banadero,2022,Dry,3,3,71.3,27.58,77.19,0.505464552910735,0.3700089950963798,-0.48705629760112246,-7.45195766473242,-13.313427850806992,5.28
City of Calamba,Banadero,2022,Dry,4,4,172.9,27.36,79.03,0.4367351110425438,0.3780036544451654,-0.4033780292282365,-6.556887443396256,-12.273159025727127,5.28
City of Calamba,Banadero,2022,Dry,5,5,214.6,28.13,80.16,0.5784749734218234,0.4583180804343225,-0.5186346151104716,-6.494953143519165,-12.385994944945056,5.28
City of Calamba,Banadero,2022,Dry,6,6,300.6,27.44,85.26,,,,-5.993473043872648,-11.997738292459696,5.28
City of Calamba,Banadero,2022,Wet,1,7,386.3,27.03,88.86,,,,-5.667293134684614,-11.584777117944807,4.15
City of Calamba,Banadero,2022,Wet,2,8,424.0,26.52,89.62,0.6253885285600683,0.5379701223635773,-0.5363300611604719,-6.507679676728196,-12.295127103384646,4.15
City of Calamba,Banadero,2022,Wet,3,9,324.2,26.78,88.08,0.6870901682772319,0.4590103577535887,-0.6218202443650136,-6.103137828311311,-11.834890101400774,4.15
City of Calamba,Banadero,2022,Wet,4,10,477.9,26.75,87.55,,,,-6.080850340098002,-11.732478160921294,4.15
City of Calamba,Banadero,2022,Wet,5,11,138.6,26.6,87.06,,,,-5.708986438814908,-11.556121215891595,4.15
City of Calamba,Banadero,2022,Wet,6,12,127.2,25.49,85.5,0.5415162708585549,0.4106990158839892,-0.49504473181552805,-7.136258999466622,-12.619467024780015,4.15
City of Calamba,Banadero,2023,Dry,1,1,135.1,24.91,84.41,0.5667245219798123,0.41350961041706313,-0.5184241336480141,-7.300407459556398,-12.708831556487139,5.27
City of Calamba,Banadero,2023,Dry,2,2,51.4,25.6,79.22,0.41088910859364725,0.41686086490368224,-0.3371931112602227,-7.12683956338815,-12.866267572930171,5.27
City of Calamba,Banadero,2023,Dry,3,3,12.8,26.44,73.18,0.4411173553795712,0.35808126117828154,-0.431428269434525,-7.439395574434884,-12.995670351498218,5.27
City of Calamba,Banadero,2023,Dry,4,4,166.4,27.68,77.56,0.5265027227385859,0.4370686846437856,-0.48943149351085274,-7.226546181944605,-12.841388172792545,5.27
City of Calamba,Banadero,2023,Dry,5,5,176.3,28.27,82.05,0.5210253622207438,0.47739679327574625,-0.46130395587080614,-7.15289696696578,-12.833164377892183,5.27
City of Calamba,Banadero,2023,Dry,6,6,289.8,27.62,85.93,0.5798633812234752,0.5034509334394336,-0.5212438137376643,-6.768727738708418,-12.630413766495503,5.27
City of Calamba,Banadero,2023,Wet,1,7,305.0,27.55,86.32,,,,-6.0906557537243735,-11.949480915745673,4.61
City of Calamba,Banadero,2023,Wet,2,8,132.8,27.99,83.19,0.38812784188431887,0.45687776486052906,-0.361043656666651,-6.601540699924498,-12.46302312751502,4.61
City of Calamba,Banadero,2023,Wet,3,9,334.5,27.17,89.35,0.5971191946115816,0.4397389662199977,-0.5392083563504869,-6.230536995012112,-12.129992246760247,4.61
City of Calamba,Banadero,2023,Wet,4,10,151.4,27.06,86.95,0.4117832512157531,0.40486019779068433,-0.38223736766777106,-5.787048160801813,-11.711237195896405,4.61
City of Calamba,Banadero,2023,Wet,5,11,110.5,26.81,84.44,,,,-6.080226611460382,-11.889612610991092,4.61
City of Calamba,Banadero,2023,Wet,6,12,60.9,26.53,83.86,0.6011666698230445,0.46394529952389796,-0.5345686485020232,-6.003328104080779,-11.960856539851703,4.61
City of Calamba,Banadero,2024,Dry,1,1,10.7,25.81,77.14,0.4532419247769338,0.3410787096593616,-0.43706084809504275,-7.017682459668915,-12.42137391495131,5.08
City of Calamba,Banadero,2024,Dry,2,2,6.2,26.53,74.81,0.504777402864904,0.3457477128844639,-0.49411091036351396,-7.197828092191387,-12.81975912050812,5.08
City of Calamba,Banadero,2024,Dry,3,3,38.0,27.2,74.67,0.45340320569006826,0.32025009766665113,-0.44383472435598714,-7.332176458109571,-12.830155597053748,5.08
City of Calamba,Banadero,2024,Dry,4,4,17.3,29.7,69.55,0.4195617119387399,0.3084917126683858,-0.45002356130525356,-7.569081125161206,-13.352238002470402,5.08
City of Calamba,Banadero,2024,Dry,5,5,249.3,29.77,75.44,,,,-7.546252499494508,-13.070686072723433,5.08
City of Calamba,Banadero,2024,Dry,6,6,380.1,27.91,88.0,0.42010288374601773,0.4274791122837045,-0.38639850637762385,-6.940139539521965,-12.61858669756836,5.08
City of Calamba,Banadero,2024,Wet,1,7,450.3,26.95,89.78,0.5503501832820055,0.5871937307246616,-0.47205134754937694,-5.501401498862718,-13.013595305854476,2.36
City of Calamba,Banadero,2024,Wet,2,8,274.3,27.52,87.91,0.3997075034781945,0.4791810729216007,-0.35028227912478627,-6.168109445678314,-12.095097093708787,2.36
City of Calamba,Banadero,2024,Wet,3,9,338.2,27.29,87.55,0.7083859079102032,0.46295544632915353,-0.6242057351533477,-6.528968800658821,-12.40859000565653,2.36
City of Calamba,Banadero,2024,Wet,4,10,358.6,26.96,87.95,0.609218010680245,0.47891907967248976,-0.5530934449832433,-6.686054043539337,-12.273563522424062,2.36
City of Calamba,Banadero,2024,Wet,5,11,59.8,27.53,81.93,0.47538413607576596,0.35922078324803164,-0.47203229556162807,-7.15090865479744,-12.799871895250618,2.36
City of Calamba,Banadero,2024,Wet,6,12,228.8,25.93,87.48,0.4838191455677629,0.4227964653186474,-0.42890439771362143,-5.927545654193215,-11.631609339732236,2.36
City of Calamba,Banlic,2020,Dry,1,1,61.3,25.56,83.13,0.6181942878133354,0.3849032067116803,-0.5485659829909134,-6.95164564098374,-14.750255460920108,6.08
City of Calamba,Banlic,2020,Dry,2,2,49.3,25.22,78.15,0.5114700428875428,0.41625984691615636,-0.48124658389105657,-7.577509739333382,-14.695182773421568,6.08
City of Calamba,Banlic,2020,Dry,3,3,14.4,27.46,75.72,0.46956151291551873,0.3356659928622998,-0.4793999879764867,-7.265400134382848,-14.11061716285119,6.08
City of Calamba,Banlic,2020,Dry,4,4,28.9,28.6,74.6,0.4094485435026633,0.32479176798667575,-0.4225628929254352,-7.337773595645564,-14.553631729599243,6.08
City of Calamba,Banlic,2020,Dry,5,5,239.6,29.14,80.44,0.5028639129754651,0.3866268232579411,-0.46838136140278935,-6.543556938285344,-13.407689194013892,6.08
City of Calamba,Banlic,2020,Dry,6,6,263.1,28.1,84.84,0.42608819773165535,0.2989257757205061,-0.40486074085575724,-6.9139035644171525,-15.100836759064595,6.08
City of Calamba,Banlic,2020,Wet,1,7,333.0,27.51,87.03,0.5222068166967381,0.3754973001100736,-0.4482590079455324,-7.43476711813534,-14.25322146784277,4.74
City of Calamba,Banlic,2020,Wet,2,8,313.8,27.11,88.14,0.3801824917732658,0.3504955693553227,-0.4325815318625863,-7.275813768312584,-14.321887119796951,4.74
City of Calamba,Banlic,2020,Wet,3,9,235.6,27.43,87.78,0.5152602633345151,0.49676870021060915,-0.4473733649118566,-7.629305837839514,-12.620102078707477,4.74
City of Calamba,Banlic,2020,Wet,4,10,550.6,26.55,90.92,0.440391146358038,0.29648406322770277,-0.43543399325266896,-4.985771065875416,-11.992378954991834,4.74
City of Calamba,Banlic,2020,Wet,5,11,428.7,26.35,87.71,,,,-6.00369848242302,-13.924463104084387,4.74
City of Calamba,Banlic,2020,Wet,6,12,368.9,26.01,89.17,0.4748651560195566,0.28759905247559114,-0.4494084045518429,-6.494980286550559,-14.684775322778869,4.74
City of Calamba,Banlic,2021,Dry,1,1,113.8,24.97,85.5,0.39901722407617124,0.3191641536180205,-0.3493147797718822,-6.947070745669308,-15.039365646902361,5.43
City of Calamba,Banlic,2021,Dry,2,2,76.6,25.07,84.67,0.6269598267562606,0.4298583006045143,-0.5664255647149146,-6.453820987545734,-13.745252163724778,5.43
City of Calamba,Banlic,2021,Dry,3,3,76.3,26.57,83.52,,,,-7.025265851025569,-14.165622054335117,5.43
City of Calamba,Banlic,2021,Dry,4,4,16.6,27.87,74.46,0.41698897920138794,0.41716645036507854,-0.3923927022110018,-6.659022338130747,-13.75004464425452,5.43
City of Calamba,Banlic,2021,Dry,5,5,106.8,29.01,78.12,0.3981354380474932,0.31946130391909044,-0.4207388521880167,-7.1691203263712655,-14.383804597520875,5.43
City of Calamba,Banlic,2021,Dry,6,6,261.1,28.04,83.4,0.36146811830596737,0.38752668745919383,-0.2828134796360844,-6.70923908068567,-14.566611124487583,5.43
City of Calamba,Banlic,2021,Wet,1,7,314.7,27.45,86.57,0.42813336271790287,0.49343547278589744,-0.3721061326050379,-6.008818632114376,-14.448904594016515,4.9
City of Calamba,Banlic,2021,Wet,2,8,248.9,27.32,86.91,0.3472696426421848,0.36843258528344647,-0.2759033165983297,-7.770406418527987,-13.758010639377265,4.9
City of Calamba,Banlic,2021,Wet,3,9,395.8,26.94,89.48,0.6198480609016572,0.4412397115768511,-0.5517186390333899,-7.146308391511168,-14.340908994942817,4.9
City of Calamba,Banlic,2021,Wet,4,10,234.5,26.72,88.0,0.4497470946450019,0.40380032582973796,-0.4366119661513685,-7.189639367260151,-13.1140322680425,4.9
City of Calamba,Banlic,2021,Wet,5,11,64.6,27.12,83.9,0.5718410346196608,0.4264638099944993,-0.5228754893531289,-5.687957547843054,-13.574908460737513,4.9
City of Calamba,Banlic,2021,Wet,6,12,97.0,25.74,81.32,0.49758742716967025,0.30370956356516254,-0.46322972214128544,-7.5033603445984625,-14.127185701918945,4.9
City of Calamba,Banlic,2022,Dry,1,1,42.6,25.74,77.72,,,,-7.514916600696098,-13.822397373909808,5.43
City of Calamba,Banlic,2022,Dry,2,2,41.4,26.32,78.64,0.5527333287769778,0.41599877343157693,-0.5062728707827242,-7.446516378959686,-13.14031542632422,5.43
City of Calamba,Banlic,2022,Dry,3,3,63.6,27.88,75.79,0.4447623494146952,0.31686053163185995,-0.45594431003404606,-7.732814417869478,-13.261563609734244,5.43
City of Calamba,Banlic,2022,Dry,4,4,122.2,27.64,77.75,0.5110671010593206,0.41492748633016807,-0.4641922362907854,-6.670984347521431,-12.062539831143495,5.43
City of Calamba,Banlic,2022,Dry,5,5,238.6,28.28,80.1,0.4967224994257484,0.35491612221963964,-0.46503834442579634,-6.585536494470112,-12.321055465624633,5.43
City of Calamba,Banlic,2022,Dry,6,6,315.0,27.62,84.65,,,,-6.747633153842113,-13.158400469554095,5.43
City of Calamba,Banlic,2022,Wet,1,7,366.4,27.12,88.48,0.4730685932499375,0.3040423712414153,-0.4884563623829293,-6.702940498081299,-12.65504782234888,4.56
City of Calamba,Banlic,2022,Wet,2,8,439.8,26.64,89.02,0.528143945471362,0.42306706481614825,-0.4797919943241891,-7.420492184801467,-12.806059478362611,4.56
City of Calamba,Banlic,2022,Wet,3,9,332.9,26.81,87.72,,,,-6.692922632837147,-11.949642204473507,4.56
City of Calamba,Banlic,2022,Wet,4,10,459.5,26.87,87.27,0.2989496027429899,0.292512792845567,-0.24438676287730532,-6.11953548648298,-11.51276178459337,4.56
City of Calamba,Banlic,2022,Wet,5,11,94.1,26.66,87.26,,,,-6.268169200163468,-12.201182369784174,4.56
City of Calamba,Banlic,2022,Wet,6,12,122.2,25.62,85.46,0.4625234116546813,0.3054243255482847,-0.4257324660248185,-7.311199939272803,-13.576845318428306,4.56
City of Calamba,Banlic,2023,Dry,1,1,102.1,25.05,84.02,0.5149265322837416,0.31792963821111875,-0.4774149607908837,-7.629815117128782,-13.40173223167649,5.2
City of Calamba,Banlic,2023,Dry,2,2,62.5,25.8,78.49,0.4103329301014275,0.4041679033195362,-0.3355800174176694,-7.073101185964222,-12.84650092887799,5.2
City of Calamba,Banlic,2023,Dry,3,3,20.4,26.67,72.55,0.41387537154224724,0.3236972542149908,-0.41721789577766266,-7.746738428325165,-13.07171432551319,5.2
City of Calamba,Banlic,2023,Dry,4,4,152.3,27.83,77.59,0.46329682736485334,0.37423664003724305,-0.4511474298842776,-7.632185727699481,-13.023846812431955,5.2
City of Calamba,Banlic,2023,Dry,5,5,145.2,28.54,80.24,0.4916503733464285,0.4273105679423888,-0.4519790884371122,-7.338760928757401,-12.787950366476432,5.2
City of Calamba,Banlic,2023,Dry,6,6,249.6,27.85,84.31,0.4869956693414673,0.3819036025799153,-0.45166167269438273,-7.076176453716216,-12.926711871650458,5.2
City of Calamba,Banlic,2023,Wet,1,7,302.7,27.74,85.03,0.40860821321549834,0.2914114955590724,-0.4550148649185753,-6.375483922996232,-12.429576498595615,5.03
City of Calamba,Banlic,2023,Wet,2,8,76.7,28.32,80.14,0.3454139551814006,0.4441213608160318,-0.27937643956330915,-7.000500548978064,-12.681067379284341,5.03
City of Calamba,Banlic,2023,Wet,3,9,279.8,27.43,87.4,0.5944558447141743,0.407915525145516,-0.5488353370628012,-6.701408299076505,-11.924389375499846,5.03
City of Calamba,Banlic,2023,Wet,4,10,133.9,27.28,85.95,0.42758770629071574,0.37557090142752414,-0.4062634764708695,-5.941457087428009,-11.237586231413243,5.03
City of Calamba,Banlic,2023,Wet,5,11,85.4,27.15,82.52,,,,-6.436278303509157,-11.879019210156484,5.03
City of Calamba,Banlic,2023,Wet,6,12,51.6,26.83,82.34,0.5060281435691154,0.41841957985715733,-0.4573536708994887,-6.363880171651885,-12.404862717635135,5.03
City of Calamba,Banlic,2024,Dry,1,1,8.3,26.03,76.24,-0.07060489431023598,-0.10854518041014671,0.059177091345191,-6.871344239083777,-12.318926246484207,5.43
City of Calamba,Banlic,2024,Dry,2,2,14.0,26.57,75.13,0.5262406034911007,0.3709200783054261,-0.5120408967897855,-7.183316116585193,-12.305430420381688,5.43
City of Calamba,Banlic,2024,Dry,3,3,30.1,27.2,75.36,0.4057797626169204,0.2933195750338654,-0.4182249032448876,-7.427025379880484,-12.347207643265188,5.43
City of Calamba,Banlic,2024,Dry,4,4,31.7,29.49,71.9,0.419320601656811,0.3193601451374522,-0.4462549661605227,-7.4058269844880735,-12.748174256407168,5.43
City of Calamba,Banlic,2024,Dry,5,5,246.1,29.64,76.52,,,,-7.392607380332416,-12.580426597560797,5.43
City of Calamba,Banlic,2024,Dry,6,6,320.8,28.14,86.68,0.39239444484278324,0.4062363275853223,-0.3636319172954869,-6.8521703816643305,-12.493961849411276,5.43
City of Calamba,Banlic,2024,Wet,1,7,431.0,27.15,88.63,0.44954266634775664,0.44245906971025983,-0.38262308305382997,-5.514345991016974,-13.15502597188839,4.64
City of Calamba,Banlic,2024,Wet,2,8,253.6,27.65,86.85,0.25496523578961694,0.4160720686117809,-0.22294200261433916,-6.700568760875953,-11.775313650774004,4.64
City of Calamba,Banlic,2024,Wet,3,9,309.2,27.43,86.81,0.5323746487105996,0.3763792180228968,-0.49663698305156234,-6.718643305035941,-11.807420740690105,4.64
City of Calamba,Banlic,2024,Wet,4,10,294.0,27.16,86.83,0.49503466047617645,0.37921613949304966,-0.4800620037741957,-6.2676389097502865,-11.254563452201563,4.64
City of Calamba,Banlic,2024,Wet,5,11,81.3,27.6,82.28,0.44894026824985567,0.33165302244056244,-0.4395266041043065,-6.873589886433462,-12.107133537308613,4.64
City of Calamba,Banlic,2024,Wet,6,12,204.4,26.05,87.32,0.4332137405424881,0.3384182274430716,-0.42597430451094015,-6.115570927403729,-11.80116466621988,4.64
City of Calamba,Banlic,2025,Dry,1,1,68.0,25.65,83.81,0.4551010880407347,0.3414912201057339,-0.44715849407188274,-6.197963154675116,-11.926507278855153,5.53
City of Calamba,Banlic,2025,Dry,2,2,136.1,25.92,82.1,0.4911824815267313,0.4589676515690922,-0.4282520613520471,-6.912933574014533,-12.156100542499688,5.53
City of Calamba,Banlic,2025,Dry,3,3,70.3,27.1,78.09,0.5037589384173563,0.39074191182429946,-0.48105574988466093,-6.652478551666305,-11.895831373109308,5.53
City of Calamba,Banlic,2025,Dry,4,4,26.8,29.56,71.34,0.4109426290860808,0.33977992132003076,-0.4194835974361509,-6.784395401938461,-14.569580801816631,5.53
City of Calamba,Banlic,2025,Dry,5,5,131.2,28.93,77.73,0.47116845579299726,0.3974749730769385,-0.44426840992680366,-6.711605207541749,-11.980583234732574,5.53
City of Calamba,Banlic,2025,Dry,6,6,329.7,27.38,87.29,,,,-5.068342444795503,-13.612228077313063,5.53
City of Calamba,Banlic,2025,Wet,1,7,345.6,27.25,85.69,,,,-5.526908729733843,-13.388244335360348,3.19
City of Calamba,Banlic,2025,Wet,2,8,320.6,27.05,85.54,0.4227219897408129,0.3917572617430356,-0.39010371163676916,-6.139972048285332,-11.681463947956939,3.19
City of Calamba,Banlic,2025,Wet,3,9,342.4,26.42,90.03,0.5103550133122444,0.40695809894799856,-0.4619897860236801,-4.741680446289276,-12.494511995991259,3.19
City of Calamba,Banlic,2025,Wet,4,10,244.9,26.77,88.8,,,,-6.057331755141828,-11.40137623787834,3.19
City of Calamba,Banlic,2025,Wet,5,11,208.9,26.71,87.3,0.49524572739327255,0.34540071390861893,-0.46692946017769354,-4.800281192038408,-12.661400511872381,3.19
City of Calamba,Banlic,2025,Wet,6,12,53.2,26.32,83.13,,,,,,3.19
City of Calamba,Barangay 7,2020,Dry,1,1,76.4,25.48,83.1,0.48368208360632897,0.2934009832742644,-0.45948490215090976,-5.651050101760553,-13.776479461892151,5.4
City of Calamba,Barangay 7,2020,Dry,2,2,70.7,25.0,78.8,0.6698135387512942,0.562073979166246,-0.5655083516913076,-6.3186456423047765,-13.96266726525582,5.4
City of Calamba,Barangay 7,2020,Dry,3,3,17.7,27.29,75.57,0.5623790128905933,0.4260583572897316,-0.5302776527241805,-7.0132913153890435,-13.67360780852706,5.4
City of Calamba,Barangay 7,2020,Dry,4,4,50.5,28.53,74.47,0.5022671320978711,0.4196248792116191,-0.46634343304288584,-6.571205057296786,-13.845586479702323,5.4
City of Calamba,Barangay 7,2020,Dry,5,5,219.4,29.06,80.76,0.5032753288241614,0.39248330511163404,-0.4692693546643332,-6.007689491834339,-12.93805985459903,5.4
City of Calamba,Barangay 7,2020,Dry,6,6,292.9,27.97,85.67,0.4854801170669246,0.34943674134404173,-0.45952308249477813,-5.854437144526259,-13.956343081482855,5.4
City of Calamba,Barangay 7,2020,Wet,1,7,342.6,27.42,88.12,0.48394985019786974,0.3997995514403527,-0.44424994995332606,-6.706469076791735,-12.377639002163123,4.82
City of Calamba,Barangay 7,2020,Wet,2,8,357.5,27.08,88.97,,,,-6.275337415233384,-13.186346482986371,4.82
City of Calamba,Barangay 7,2020,Wet,3,9,272.7,27.36,88.32,0.5374868201791863,0.5862011338273684,-0.4607425332227586,-6.985447712547887,-11.847909106793091,4.82
City of Calamba,Barangay 7,2020,Wet,4,10,709.8,26.41,92.03,0.491160541317019,0.32861102661851305,-0.47264036562764217,-4.165485245246015,-11.416226207828416,4.82
City of Calamba,Barangay 7,2020,Wet,5,11,496.3,26.3,87.48,,,,-5.476806634243024,-12.277969099113792,4.82
City of Calamba,Barangay 7,2020,Wet,6,12,350.9,25.99,89.0,0.7111200059322934,0.522904782252092,-0.6041080856793805,-5.397451649826298,-12.877057936295344,4.82
City of Calamba,Barangay 7,2021,Dry,1,1,136.9,24.95,84.97,,,,-5.807518646607554,-13.674008394795427,5.38
City of Calamba,Barangay 7,2021,Dry,2,2,96.0,25.06,84.31,0.5495450669428106,0.37579363771647495,-0.5208582850542787,-5.378277765866012,-13.050083705199052,5.38
City of Calamba,Barangay 7,2021,Dry,3,3,89.7,26.46,83.53,,,,-6.310682433005061,-13.681209680212904,5.38
City of Calamba,Barangay 7,2021,Dry,4,4,22.5,27.62,75.12,,,,-6.006861911249481,-13.315760150380083,5.38
City of Calamba,Barangay 7,2021,Dry,5,5,129.6,28.9,78.59,0.48698078751736634,0.40421573516492265,-0.4695732319970805,-6.062235609150969,-13.489881407207164,5.38
City of Calamba,Barangay 7,2021,Dry,6,6,255.8,27.95,84.32,,,,-5.586327430957907,-13.058087278648772,5.38
City of Calamba,Barangay 7,2021,Wet,1,7,356.0,27.24,88.16,,,,-5.336163943211306,-13.217195702270716,5.19
City of Calamba,Barangay 7,2021,Wet,2,8,291.8,27.21,88.0,0.2507648102087633,0.24167335527283815,-0.20828521860497332,-7.437291973550707,-12.462087520602108,5.19
City of Calamba,Barangay 7,2021,Wet,3,9,439.3,26.81,90.49,0.5623048546651878,0.4138039540700382,-0.5312264854509966,-6.38526389830616,-13.36535347613688,5.19
City of Calamba,Barangay 7,2021,Wet,4,10,255.2,26.66,87.9,0.49311043496785395,0.38822962903764624,-0.48688211753672306,-6.807495047909503,-11.601287720679634,5.19
City of Calamba,Barangay 7,2021,Wet,5,11,85.4,26.97,84.05,0.059276364743709564,0.1102520078420639,-0.06271238625049591,-5.138180699920285,-12.235967053493992,5.19
City of Calamba,Barangay 7,2021,Wet,6,12,104.0,25.53,82.13,0.47764953772217467,0.3275164005871888,-0.4839400512173072,-7.183858113857072,-12.843622344804778,5.19
City of Calamba,Barangay 7,2022,Dry,1,1,32.0,25.46,78.84,,,,-7.11922026911175,-12.806442845188243,5.38
City of Calamba,Barangay 7,2022,Dry,2,2,74.5,26.09,79.64,0.5383102983998307,0.3988634561112203,-0.5061791897825921,-7.122243172161174,-12.42174895075311,5.38
City of Calamba,Barangay 7,2022,Dry,3,3,71.3,27.61,77.2,0.5580397451924136,0.4242606624382849,-0.5308488409223319,-7.9896663701180755,-12.631958757029917,5.38
City of Calamba,Barangay 7,2022,Dry,4,4,172.9,27.38,79.04,0.4449573389884135,0.36909613374706507,-0.43134674282682484,-6.606475783800567,-11.469235709321023,5.38
City of Calamba,Barangay 7,2022,Dry,5,5,214.6,28.15,80.17,0.5333299224741768,0.39939233350408665,-0.49368919102384423,-6.712360286834757,-11.745320926097218,5.38
City of Calamba,Barangay 7,2022,Dry,6,6,300.6,27.48,85.26,,,,-6.65342540596343,-12.701484656364446,5.38
City of Calamba,Barangay 7,2022,Wet,1,7,386.3,27.05,88.86,,,,-5.92546623349416,-11.633298040810097,4.42
City of Calamba,Barangay 7,2022,Wet,2,8,424.0,26.55,89.63,-0.27518752217292786,-0.45361974835395813,0.24114567041397095,-7.3721754749075386,-12.068847643504824,4.42
City of Calamba,Barangay 7,2022,Wet,3,9,324.2,26.82,88.09,,,,-6.537132302020097,-11.429106738530438,4.42
City of Calamba,Barangay 7,2022,Wet,4,10,477.9,26.76,87.55,,,,-5.990089275956481,-11.391756095135246,4.42
City of Calamba,Barangay 7,2022,Wet,5,11,138.6,26.62,87.07,,,,-5.2861760472318355,-10.843627621552114,4.42
City of Calamba,Barangay 7,2022,Wet,6,12,127.2,25.52,85.51,0.43761753449855945,0.28965426205267486,-0.4250227918522848,-6.826780454354624,-12.859545794915443,4.42
City of Calamba,Barangay 7,2023,Dry,1,1,135.1,24.94,84.42,0.3900322766468101,0.26090838251870657,-0.42334397510894234,-6.838507312045897,-12.386580500842365,3.21
City of Calamba,Barangay 7,2023,Dry,2,2,51.4,25.65,79.23,,,,-6.927927674732807,-12.113878315650934,3.21
City of Calamba,Barangay 7,2023,Dry,3,3,12.8,26.46,73.18,0.34035627569394417,0.2619716322526463,-0.34472181102333255,-7.622371143791422,-12.439465884228973,3.21
City of Calamba,Barangay 7,2023,Dry,4,4,166.4,27.7,77.56,0.48454793086651116,0.40736805804720183,-0.46649505136455277,-7.2222868656684724,-12.361627691352652,3.21
City of Calamba,Barangay 7,2023,Dry,5,5,176.3,28.29,82.05,0.5212699046874811,0.44798947698776564,-0.47170431703262294,-6.742534841650501,-12.009365359280691,3.21
City of Calamba,Barangay 7,2023,Dry,6,6,289.8,27.65,85.93,0.44732063159730545,0.3551608880984189,-0.4214036630530077,-6.7025234758181425,-12.053058087928932,3.21
City of Calamba,Barangay 7,2023,Wet,1,7,305.0,27.58,86.32,,,,-6.33027772568094,-12.21824097543688,4.17
City of Calamba,Barangay 7,2023,Wet,2,8,132.8,28.01,83.2,,,,-7.044039782619491,-12.203781758014113,4.17
City of Calamba,Barangay 7,2023,Wet,3,9,334.5,27.2,89.36,0.5415757223495692,0.399795757026188,-0.5234577201900678,-6.5200638589610165,-11.622536511717334,4.17
City of Calamba,Barangay 7,2023,Wet,4,10,151.4,27.09,86.95,0.38429883631314626,0.33998242760606545,-0.36405196417709446,-5.801653951692674,-11.160518012110924,4.17
City of Calamba,Barangay 7,2023,Wet,5,11,110.5,26.83,84.44,,,,-5.8618688102615994,-11.011261866965766,4.17
City of Calamba,Barangay 7,2023,Wet,6,12,60.9,26.56,83.86,0.42584377568205156,0.3223527849075105,-0.4324499435118724,-6.4223419979367335,-12.140080144783907,4.17
City of Calamba,Barangay 7,2024,Dry,1,1,10.7,25.84,77.15,0.45567585410460815,0.358108724398434,-0.4493102071659022,-6.971105967837927,-12.419484086248845,6.37
City of Calamba,Barangay 7,2024,Dry,2,2,6.2,26.56,74.81,0.5788130455300995,0.43116021204546634,-0.5510451833999399,-6.845338121500158,-12.32091795459446,6.37
City of Calamba,Barangay 7,2024,Dry,3,3,38.0,27.23,74.68,0.5119377441106022,0.42679441028705223,-0.4784833054951416,-7.415274408053273,-12.152492330718436,6.37
City of Calamba,Barangay 7,2024,Dry,4,4,17.3,29.72,69.56,0.49224449369020984,0.3643021881397009,-0.4930731589976276,-7.138063029762029,-12.461806602346739,6.37
City of Calamba,Barangay 7,2024,Dry,5,5,249.3,29.8,75.44,,,,-6.522266432986364,-11.923574055508054,6.37
City of Calamba,Barangay 7,2024,Dry,6,6,380.1,27.95,88.0,0.40982190250735934,0.47016698890125597,-0.35984395275410924,-6.391276086462371,-12.150440430714642,6.37
City of Calamba,Barangay 7,2024,Wet,1,7,450.3,26.97,89.78,0.5841271485152999,0.6173006021662762,-0.47819196079906656,-5.96017355853732,-13.131583792604653,4.79
City of Calamba,Barangay 7,2024,Wet,2,8,274.3,27.55,87.92,,,,-6.669015901821466,-11.60805041216095,4.79
City of Calamba,Barangay 7,2024,Wet,3,9,338.2,27.33,87.55,,,,-6.766167783983314,-11.720824761213622,4.79
City of Calamba,Barangay 7,2024,Wet,4,10,358.6,26.97,87.95,0.5215532928156673,0.42986151532695716,-0.5036068542391804,-6.087637394253776,-10.988469570302776,4.79
City of Calamba,Barangay 7,2024,Wet,5,11,59.8,27.56,81.93,0.05050147759417693,0.07377972174435854,-0.04108014206091563,-6.7239609142185905,-11.716869609075086,4.79
City of Calamba,Barangay 7,2024,Wet,6,12,228.8,25.96,87.49,0.22244248787562054,0.21438921704178768,-0.16686803847551346,-6.204941734394938,-12.194772770554387,4.79
City of Calamba,Barangay 7,2025,Dry,1,1,74.4,25.64,83.62,0.6150062101336713,0.514545056718988,-0.5309765493146145,-6.055308771766869,-11.86142164796934,5.49
City of Calamba,Barangay 7,2025,Dry,2,2,140.3,25.86,82.26,0.5561786399794225,0.5814293252945946,-0.4874091430747207,-6.9768595994663585,-11.989168542600636,5.49
City of Calamba,Barangay 7,2025,Dry,3,3,115.1,27.13,77.91,0.5711228567136506,1.2838164393575564,-0.5338788650355752,-6.713611283123725,-11.920336790487802,5.49
City of Calamba,Barangay 7,2025,Dry,4,4,42.4,29.63,71.16,0.49403712171068487,0.4559558143614306,-0.4767951591002365,-6.807195278164833,-14.3287794837268,5.49
City of Calamba,Barangay 7,2025,Dry,5,5,152.9,28.96,77.63,0.5358801546048949,0.5256606670226579,-0.4877370930610803,-6.489738781458289,-11.681627235858308,5.49
City of Calamba,Barangay 7,2025,Dry,6,6,335.3,27.31,87.87,,,,-6.171144256135743,-13.768708009268044,5.49
City of Calamba,Barangay 7,2025,Wet,1,7,345.1,27.04,87.37,,,,-5.674776889926966,-12.945021047940173,3.21
City of Calamba,Barangay 7,2025,Wet,2,8,314.3,26.73,88.28,0.5442497515900725,0.464829205825537,-0.5061611119173657,-6.5949186708744705,-12.016792676741893,3.21
City of Calamba,Barangay 7,2025,Wet,3,9,359.5,26.2,91.49,0.5586748537696924,0.09975263987227832,-0.5081009607209908,-5.176859725548116,-12.163649284885421,3.21
City of Calamba,Barangay 7,2025,Wet,4,10,278.2,26.52,89.95,,,,-6.1213313233818,-11.438521246140807,3.21
City of Calamba,Barangay 7,2025,Wet,5,11,239.0,26.44,88.69,0.5168512637568038,0.3602365449397273,-0.485198495702765,-5.476960817278003,-12.714151990398394,3.21
City of Calamba,Barangay 7,2025,Wet,6,12,75.5,25.87,86.36,,,,,,3.21
City of Calamba,Bucal,2020,Dry,1,1,76.4,25.48,83.09,0.601866747345579,0.4089346095231071,-0.5548486188088129,-6.68458040572578,-12.930829318965749,5.68
City of Calamba,Bucal,2020,Dry,2,2,70.7,24.99,78.8,0.567451891830138,0.4479046980144495,-0.516373822922241,-7.1301375899225246,-13.327455812644342,5.68
City of Calamba,Bucal,2020,Dry,3,3,17.7,27.28,75.57,0.5507980759427867,0.41305452632490425,-0.530370752953109,-7.275874178457387,-13.291241453929,5.68
City of Calamba,Bucal,2020,Dry,4,4,50.5,28.53,74.47,0.49060808239038384,0.4072585107668662,-0.46943128090348446,-7.408079215163943,-13.481583571943471,5.68
City of Calamba,Bucal,2020,Dry,5,5,219.4,29.06,80.76,0.5182626924457601,0.54299408432363,-0.4706763923246764,-6.563693791438271,-12.556136298919704,5.68
City of Calamba,Bucal,2020,Dry,6,6,292.9,27.97,85.67,0.5964440627654866,0.4587498232695735,-0.5474548178134249,-7.005416039878902,-13.238382217263892,5.68
City of Calamba,Bucal,2020,Wet,1,7,342.6,27.41,88.12,0.5424770938533228,0.5515354807527267,-0.4793510923189026,-5.969207944865324,-12.184388404251427,5.06
City of Calamba,Bucal,2020,Wet,2,8,357.5,27.08,88.97,0.5640497990639214,0.4691276658946369,-0.5226077783355685,-6.787416845967021,-12.74927946288286,5.06
City of Calamba,Bucal,2020,Wet,3,9,272.7,27.36,88.32,0.5182678164188878,0.5368316521613317,-0.45315357419916724,-6.041102064373836,-12.078090566529648,5.06
City of Calamba,Bucal,2020,Wet,4,10,709.8,26.41,92.03,0.5144210457492556,0.34144196130455595,-0.47863735353586007,-5.383830120533943,-11.654412289162858,5.06
City of Calamba,Bucal,2020,Wet,5,11,496.3,26.29,87.48,0.29055524628633006,0.29454056433508097,-0.2133078225180977,-6.560905257121859,-12.873568574985173,5.06
City of Calamba,Bucal,2020,Wet,6,12,350.9,25.99,89.0,0.5237958359476168,0.4124494403167617,-0.5013696088107231,-6.589083577973044,-12.832145910486357,5.06
City of Calamba,Bucal,2021,Dry,1,1,136.9,24.95,84.97,,,,-6.7103884171834105,-13.025929301870788,6.31
City of Calamba,Bucal,2021,Dry,2,2,96.0,25.05,84.31,0.5728005047956948,0.4115091466308613,-0.5331472546299653,-6.204388442179175,-12.492354849566848,6.31
City of Calamba,Bucal,2021,Dry,3,3,89.7,26.44,83.52,0.1751871109008789,0.4038071483373642,-0.16068217903375626,-6.899664364232862,-13.331912885925469,6.31
City of Calamba,Bucal,2021,Dry,4,4,22.5,27.62,75.12,-0.08061777111142872,1.2590527474880218,0.11043798886239528,-6.780993210924372,-13.243368195454078,6.31
City of Calamba,Bucal,2021,Dry,5,5,129.6,28.9,78.59,0.50968878693735,0.41887345495442707,-0.48858964904588226,-7.2288374826753135,-13.622071515962652,6.31
City of Calamba,Bucal,2021,Dry,6,6,255.8,27.95,84.32,0.16773617267608643,0.3542388677597046,-0.1651807427406311,-6.735784358144182,-13.110722973416006,6.31
City of Calamba,Bucal,2021,Wet,1,7,356.0,27.23,88.16,-0.07423479855060577,0.3113473057746887,0.11376979947090149,-5.83220222286079,-12.38090723739063,4.56
City of Calamba,Bucal,2021,Wet,2,8,291.8,27.2,88.0,0.4590038479335849,0.6824946214434925,-0.38063571428526266,-6.358755424986382,-12.635188045000247,4.56
City of Calamba,Bucal,2021,Wet,3,9,439.3,26.8,90.49,0.5875201353399566,0.44815711920710255,-0.5454890686142884,-6.72388491025303,-13.055496345389098,4.56
City of Calamba,Bucal,2021,Wet,4,10,255.2,26.65,87.9,0.5786870687908079,0.4607113431632615,-0.544137806967766,-6.430586752038025,-12.570408679949802,4.56
City of Calamba,Bucal,2021,Wet,5,11,85.4,26.97,84.05,0.03710070742294191,0.1360936650633812,-0.028816977236419915,-5.871943564264409,-12.276921098291494,4.56
City of Calamba,Bucal,2021,Wet,6,12,104.0,25.52,82.13,0.5722816728058296,0.4113783499935044,-0.5477744994693964,-6.374724478207323,-12.513952697211524,4.56
City of Calamba,Bucal,2022,Dry,1,1,32.0,25.45,78.84,0.35091002217747946,0.288899192078547,-0.3261050575158813,-6.632251686578892,-12.962510133827054,5.64
City of Calamba,Bucal,2022,Dry,2,2,74.5,26.08,79.64,0.5217316705665527,0.45807140533433943,-0.470484618409726,-6.259558568922281,-12.492961631908203,5.64
City of Calamba,Bucal,2022,Dry,3,3,71.3,27.6,77.19,0.5429245913812454,0.42410314073932043,-0.5227373511749779,-6.757692655834104,-12.985271489710822,5.64
City of Calamba,Bucal,2022,Dry,4,4,172.9,27.37,79.04,0.4795258797254999,0.4337180605401624,-0.44834428651827574,-5.933472457405777,-12.279511952043107,5.64
City of Calamba,Bucal,2022,Dry,5,5,214.6,28.14,80.16,0.5596058151670437,0.44310255793658027,-0.5215485375710306,-6.004702244718496,-12.448084982302852,5.64
City of Calamba,Bucal,2022,Dry,6,6,300.6,27.47,85.26,,,,-5.602596839535523,-11.999868639147229,5.64
City of Calamba,Bucal,2022,Wet,1,7,386.3,27.05,88.86,0.23564342651516199,0.3580389339942485,-0.23325303345918655,-5.522768533629634,-11.876127541872025,3.16
City of Calamba,Bucal,2022,Wet,2,8,424.0,26.54,89.62,0.5817828209329684,0.5433913665169253,-0.52632626306222,-6.183069537176128,-12.413659321728167,3.16
City of Calamba,Bucal,2022,Wet,3,9,324.2,26.82,88.09,0.5661656975349763,0.5005198569930551,-0.5056742411551194,-5.831461540273932,-12.151215668235965,3.16
City of Calamba,Bucal,2022,Wet,4,10,477.9,26.76,87.55,0.32672706824176173,0.32069977996300675,-0.2827515957915053,-5.522097344579851,-11.78472929690987,3.16
City of Calamba,Bucal,2022,Wet,5,11,138.6,26.62,87.07,,,,-5.165646671649014,-11.471029496805203,3.16
City of Calamba,Bucal,2022,Wet,6,12,127.2,25.5,85.51,0.5573356978094367,0.3938527879572293,-0.5214665064106008,-6.530707594602369,-12.556999878211995,3.16
City of Calamba,Bucal,2023,Dry,1,1,135.1,24.93,84.42,0.24188676811556553,0.2065216405198295,-0.24128779795397298,-6.61711406116177,-12.702369303083904,5.31
City of Calamba,Bucal,2023,Dry,2,2,51.4,25.64,79.22,,,,-6.419038191332709,-12.734185198623026,5.31
City of Calamba,Bucal,2023,Dry,3,3,12.8,26.46,73.18,0.30546679877570726,0.24329665874921444,-0.3230654193837524,-6.935787932359755,-13.051999646401564,5.31
City of Calamba,Bucal,2023,Dry,4,4,166.4,27.7,77.56,0.512568848325441,0.41586174374279755,-0.49317429742483543,-6.700098566678895,-12.953672140763892,5.31
City of Calamba,Bucal,2023,Dry,5,5,176.3,28.29,82.05,0.5413664788066797,0.47376983484083174,-0.4969316045454324,-6.462265090336807,-12.790821322883037,5.31
City of Calamba,Bucal,2023,Dry,6,6,289.8,27.64,85.93,0.5170894247145071,0.4865814681530291,-0.46388808017194266,-6.237876293014291,-12.58753390308386,5.31
City of Calamba,Bucal,2023,Wet,1,7,305.0,27.57,86.32,,,,-5.6184936666369,-12.02613798746844,4.92
City of Calamba,Bucal,2023,Wet,2,8,132.8,28.0,83.2,0.43389967961177967,0.5349595941359385,-0.36863521010460254,-6.025733592691607,-12.312003938938156,4.92
City of Calamba,Bucal,2023,Wet,3,9,334.5,27.2,89.36,0.5951289127275302,0.470573209815181,-0.5554872449786267,-5.766029797557711,-12.085191891707208,4.92
City of Calamba,Bucal,2023,Wet,4,10,151.4,27.09,86.95,0.22391811073047013,0.26154277794029146,-0.20259795063291944,-5.3632937188679755,-11.628748436804681,4.92
City of Calamba,Bucal,2023,Wet,5,11,110.5,26.83,84.44,0.254278227921546,0.2767640007293131,-0.1971827474840748,-5.865253162653466,-11.883975090070377,4.92
City of Calamba,Bucal,2023,Wet,6,12,60.9,26.55,83.86,0.5107903701509777,0.36374563756116957,-0.48904160895406745,-5.661896114393549,-11.968866508642053,4.92
City of Calamba,Bucal,2024,Dry,1,1,10.7,25.84,77.14,0.5449885874863112,0.4296383736596806,-0.5194394797700385,-6.372598383412203,-12.473383630147614,4.98
City of Calamba,Bucal,2024,Dry,2,2,6.2,26.55,74.81,0.5383745083162642,0.4167928143489621,-0.5278816804623107,-6.471297791265475,-12.619956774990996,4.98
City of Calamba,Bucal,2024,Dry,3,3,38.0,27.22,74.67,0.46132379070736373,0.3720009223600272,-0.44350927194055517,-6.747470646267897,-12.526008883179403,4.98
City of Calamba,Bucal,2024,Dry,4,4,17.3,29.72,69.55,0.4625169876894888,0.3357192726204697,-0.47146601516865355,-6.87831065450968,-13.10006988417377,4.98
City of Calamba,Bucal,2024,Dry,5,5,249.3,29.79,75.44,,,,-6.7431767912603275,-12.798304707276717,4.98
City of Calamba,Bucal,2024,Dry,6,6,380.1,27.94,88.0,0.5508533789055975,0.7831116150789375,-0.4570678984987196,-5.980646467072265,-12.115987918927924,4.98
City of Calamba,Bucal,2024,Wet,1,7,450.3,26.96,89.78,0.5781099168965109,0.5523134565517114,-0.5112010766733884,-6.0508488461448,-12.389776491703309,4.36
City of Calamba,Bucal,2024,Wet,2,8,274.3,27.55,87.92,0.4893284632411498,0.5771924524673021,-0.4287394782303768,-5.430528918179867,-11.577895858154438,4.36
City of Calamba,Bucal,2024,Wet,3,9,338.2,27.31,87.55,,,,-5.950933328041261,-12.306286181343696,4.36
City of Calamba,Bucal,2024,Wet,4,10,358.6,26.97,87.95,0.5848652464491183,0.44858665037756795,-0.5465123069435196,-5.913409121091998,-11.980134563060222,4.36
City of Calamba,Bucal,2024,Wet,5,11,59.8,27.56,81.93,0.6376205750204849,0.5198269490448926,-0.5692677728154444,-6.4505669792919695,-12.540215702872725,4.36
City of Calamba,Bucal,2024,Wet,6,12,228.8,25.96,87.48,,,,-5.417166877854534,-11.596309120021253,4.36
City of Calamba,Bucal,2025,Dry,1,1,74.4,25.63,83.62,0.5362092348729022,0.3891581263826294,-0.520475635470085,-5.789019991373018,-11.957114172173982,5.21
City of Calamba,Bucal,2025,Dry,2,2,140.3,25.84,82.26,0.550989390470546,0.43660245204553644,-0.5047873058414236,-6.314686537221051,-12.396984027290053,5.21
City of Calamba,Bucal,2025,Dry,3,3,115.1,27.13,77.91,0.5479689985823639,0.4143933496724842,-0.5221650743862629,-6.309281992449382,-12.407462579694887,5.21
City of Calamba,Bucal,2025,Dry,4,4,42.4,29.62,71.16,0.5037642709103395,0.4063064194832426,-0.4897387659736262,-7.588472481790185,-14.050569826250367,5.21
City of Calamba,Bucal,2025,Dry,5,5,152.9,28.95,77.63,,,,-6.479290139298532,-12.527823594949895,5.21
City of Calamba,Bucal,2025,Dry,6,6,335.3,27.3,87.87,,,,-5.882657990069,-12.30928505418305,5.21
City of Calamba,Halang,2020,Dry,1,1,76.4,25.47,83.09,0.48703857822612573,0.3120403053068292,-0.47238202972636223,-5.594071688981102,-12.344762206489483,4.26
City of Calamba,Halang,2020,Dry,2,2,70.7,24.99,78.8,0.44638804618863603,0.37349795166753097,-0.4257439231865863,-6.20307753548558,-12.741083426384362,4.26
City of Calamba,Halang,2020,Dry,3,3,17.7,27.28,75.57,0.4484705123149546,0.3261888855546689,-0.45247827509913413,-6.046882125286239,-12.458137302463284,4.26
City of Calamba,Halang,2020,Dry,4,4,50.5,28.52,74.47,0.42224450806479996,0.3411174360520968,-0.41564293399395635,-5.9272233749943135,-12.637465074610027,4.26
City of Calamba,Halang,2020,Dry,5,5,219.4,29.05,80.76,0.4309930528648375,0.3345302060691493,-0.41170252278568864,-5.539655615182969,-12.10989484756178,4.26
City of Calamba,Halang,2020,Dry,6,6,292.9,27.96,85.67,0.47151707350660077,0.346086164138256,-0.44991949518078056,-5.8094001760439555,-12.521619924788466,4.26
City of Calamba,Halang,2020,Wet,1,7,342.6,27.41,88.12,0.4363735717589448,0.39710271356079135,-0.4093180547800731,-5.621570690497723,-10.736517754861172,3.81
City of Calamba,Halang,2020,Wet,2,8,357.5,27.07,88.97,0.571109295766739,0.49836142925020016,-0.5238173205859323,-5.652513245934321,-11.958711399631975,3.81
City of Calamba,Halang,2020,Wet,3,9,272.7,27.35,88.32,0.5235356078448298,0.5518330400042676,-0.44355465664782323,-5.321970980023703,-10.538107593543474,3.81
City of Calamba,Halang,2020,Wet,4,10,709.8,26.4,92.03,0.45074097225010246,0.30937758685773753,-0.4393160137947548,-4.206428635011487,-10.939676435087334,3.81
City of Calamba,Halang,2020,Wet,5,11,496.3,26.28,87.48,0.42131235344069345,0.43369949715478084,-0.34294340653078903,-5.436223707209291,-12.291870423023399,3.81
City of Calamba,Halang,2020,Wet,6,12,350.9,25.98,89.0,0.3837349590645254,0.2539514627343706,-0.4128022251957267,-5.724054383093093,-12.515561466838973,3.81
City of Calamba,Halang,2021,Dry,1,1,136.9,24.94,84.97,,,,-5.584588852939429,-12.600198928753974,5.39
City of Calamba,Halang,2021,Dry,2,2,96.0,25.05,84.31,0.4588295228410701,0.30960513810814394,-0.4531163785861253,-5.254428806728243,-12.179583956242586,5.39
City of Calamba,Halang,2021,Dry,3,3,89.7,26.44,83.52,-0.0021376317677398522,-0.005328597563008465,0.01574311877290408,-5.721012590175772,-12.650628940353972,5.39
City of Calamba,Halang,2021,Dry,4,4,22.5,27.61,75.12,,,,-5.671067752510789,-12.249474385980573,5.39
City of Calamba,Halang,2021,Dry,5,5,129.6,28.9,78.58,0.4662094219233064,0.3824494942391377,-0.44846144226624735,-5.892781072132523,-12.527236571177157,5.39
City of Calamba,Halang,2021,Dry,6,6,255.8,27.95,84.32,,,,-5.4149472834876375,-12.238472906829902,5.39
City of Calamba,Halang,2021,Wet,1,7,356.0,27.23,88.16,,,,-4.766981711866506,-11.810542780525154,3.58
City of Calamba,Halang,2021,Wet,2,8,291.8,27.2,88.0,0.35913370499166397,0.4502525708432925,-0.27420913112365597,-5.905448885668015,-11.047567394796257,3.58
City of Calamba,Halang,2021,Wet,3,9,439.3,26.79,90.49,0.4867491755808311,0.345495896870614,-0.47332789923697466,-5.632015368023076,-12.157302650636424,3.58
City of Calamba,Halang,2021,Wet,4,10,255.2,26.64,87.9,0.4960948173364457,0.3717334196079932,-0.48496861268150615,-5.865716740156358,-10.708231034280725,3.58
City of Calamba,Halang,2021,Wet,5,11,85.4,26.96,84.05,0.18951317560659453,0.13696148378707995,-0.21023538632950345,-4.691555152258639,-11.628663987141643,3.58
City of Calamba,Halang,2021,Wet,6,12,104.0,25.51,82.13,0.4552938231751103,0.30461003687775595,-0.46581117150145684,-6.066810125857302,-11.337746538133777,3.58
City of Calamba,Halang,2022,Dry,1,1,32.0,25.45,78.84,,,,-6.129579301402293,-11.433576767365759,5.39
City of Calamba,Halang,2022,Dry,2,2,74.5,26.08,79.64,0.7549606115575513,0.6668209809590787,-0.6442412213805844,-5.798115747790012,-10.993532617445732,5.39
City of Calamba,Halang,2022,Dry,3,3,71.3,27.6,77.19,0.4959402646384809,0.379348821290016,-0.48646045414761185,-6.304111455113646,-11.045952748146009,5.39
City of Calamba,Halang,2022,Dry,4,4,172.9,27.37,79.04,0.43363588288991745,0.3742910222260461,-0.41554423206371854,-5.390686029805037,-10.332722853869239,5.39
City of Calamba,Halang,2022,Dry,5,5,214.6,28.14,80.16,0.46755686048536876,0.34902969058927064,-0.4528241766097929,-5.496456459636609,-10.66714022335018,5.39
City of Calamba,Halang,2022,Dry,6,6,300.6,27.47,85.26,,,,-5.606156912853966,-11.149759679858674,5.39
City of Calamba,Halang,2022,Wet,1,7,386.3,27.04,88.86,0.31104375050950145,0.28445653147285893,-0.2817251277599661,-5.169106097622998,-10.47320729892251,1.73
City of Calamba,Halang,2022,Wet,2,8,424.0,26.53,89.62,0.30735060561826266,0.27134871814885875,-0.3262226183129392,-5.9442597056474495,-10.976100467854911,1.73
City of Calamba,Halang,2022,Wet,3,9,324.2,26.8,88.09,0.48862549550406725,0.40412248812078255,-0.4540609071918148,-5.493812279204927,-10.466451025249762,1.73
City of Calamba,Halang,2022,Wet,4,10,477.9,26.76,87.55,0.19163179397583008,0.18658338487148285,-0.16562072932720184,-5.076265808664344,-10.239188175639054,1.73
City of Calamba,Halang,2022,Wet,5,11,138.6,26.61,87.06,,,,-4.939674974346771,-10.352801629152394,1.73
City of Calamba,Halang,2022,Wet,6,12,127.2,25.5,85.5,0.4598447215919637,0.3176182343315473,-0.4443628082414991,-6.271360174471752,-11.20112179509868,1.73
City of Calamba,Halang,2023,Dry,1,1,135.1,24.92,84.42,0.2223854195954783,0.16205663211812646,-0.26540172393660894,-6.241937282873622,-11.071568958898519,3.46
City of Calamba,Halang,2023,Dry,2,2,51.4,25.63,79.22,,,,-6.034658740616292,-10.943738332907946,3.46
City of Calamba,Halang,2023,Dry,3,3,12.8,26.45,73.18,0.2702284914758335,0.22103714286271534,-0.3079316606802645,-6.219414087720399,-10.928218369571637,3.46
City of Calamba,Halang,2023,Dry,4,4,166.4,27.7,77.56,0.4593579424110472,0.38042825056654717,-0.45069102251731563,-6.137690929103349,-10.983869663781253,3.46
City of Calamba,Halang,2023,Dry,5,5,176.3,28.29,82.05,0.4688241814440387,0.3921301935506824,-0.4430260355270665,-5.942388603838016,-10.71194139554997,3.46
City of Calamba,Halang,2023,Dry,6,6,289.8,27.64,85.93,0.449617913965676,0.3850485588664292,-0.42057373983630203,-5.880530831860692,-10.895686786608062,3.46
City of Calamba,Halang,2023,Wet,1,7,305.0,27.56,86.32,,,,-5.333310206717161,-10.53756033457609,1.03
City of Calamba,Halang,2023,Wet,2,8,132.8,27.99,83.2,0.36934088788665376,0.4670315505028134,-0.32021082618569086,-5.790620151555382,-10.746569219097106,1.03
City of Calamba,Halang,2023,Wet,3,9,334.5,27.19,89.36,0.5012020975768449,0.35267633432741335,-0.49026361502856697,-5.407126694930893,-10.308726506363465,1.03
City of Calamba,Halang,2023,Wet,4,10,151.4,27.08,86.95,0.33978352483391033,0.2588339406989692,-0.3273438597141647,-4.923572201797584,-10.097955555793698,1.03
City of Calamba,Halang,2023,Wet,5,11,110.5,26.82,84.44,,,,-5.488931250825316,-10.5214146747331,1.03
City of Calamba,Halang,2023,Wet,6,12,60.9,26.55,83.86,0.456539800806116,0.32630366741073413,-0.44760532900305583,-5.558721358032274,-10.821934051299147,1.03
City of Calamba,Halang,2024,Dry,1,1,10.7,25.83,77.14,0.4667126111190054,0.3494812718870426,-0.45728860671483523,-5.882365938583361,-10.844788076948932,4.81
City of Calamba,Halang,2024,Dry,2,2,6.2,26.54,74.81,0.5078120388447234,0.37101677931761234,-0.5038826017535238,-6.0730208224709905,-10.884693912727386,4.81
City of Calamba,Halang,2024,Dry,3,3,38.0,27.21,74.67,0.435306148341301,0.33633146020129734,-0.42763528573054344,-6.184107213149704,-10.71009222664489,4.81
City of Calamba,Halang,2024,Dry,4,4,17.3,29.71,69.55,0.4257035064332055,0.3113861753176562,-0.4405366392011045,-6.1659232230348975,-11.135993612702158,4.81
City of Calamba,Halang,2024,Dry,5,5,249.3,29.78,75.44,,,,-6.1819838568671885,-10.990087658916858,4.81
City of Calamba,Halang,2024,Dry,6,6,380.1,27.93,88.0,0.7191053920087229,0.7877662112167226,-0.5985325258132543,-5.747425993643405,-10.564474445553078,4.81
City of Calamba,Halang,2024,Wet,1,7,450.3,26.96,89.78,,,,-5.154470758559677,-11.766814032728066,4.57
City of Calamba,Halang,2024,Wet,2,8,274.3,27.55,87.91,0.27226602911772263,0.300652212631897,-0.265379002262515,-5.357091425019481,-10.20600616853625,4.57
City of Calamba,Halang,2024,Wet,3,9,338.2,27.3,87.55,-0.01466914862394333,-0.07720929831266403,0.02536465195007622,-5.632039442717424,-10.594383577371616,4.57
City of Calamba,Halang,2024,Wet,4,10,358.6,26.97,87.95,0.46680382203327114,0.3421405010698873,-0.46133381677332835,-5.930869687746818,-10.67925476265713,4.57
City of Calamba,Halang,2024,Wet,5,11,59.8,27.55,81.93,0.23096134204862884,0.10657839489716063,-0.20534758944995699,-6.115146123463739,-10.973276979468684,4.57
City of Calamba,Halang,2024,Wet,6,12,228.8,25.94,87.48,,,,-5.38672512316073,-10.479920986757469,4.57
City of Calamba,Halang,2025,Dry,1,1,74.4,25.62,83.62,0.43846081231074596,0.38452618804870503,-0.44408603079931896,-5.358558953273127,-10.611541423623734,5.5
City of Calamba,Halang,2025,Dry,2,2,140.3,25.83,82.26,0.4862322688134498,0.3927368248693043,-0.456707899495988,-5.744024708413413,-10.821828607414682,5.5
City of Calamba,Halang,2025,Dry,3,3,115.1,27.13,77.91,0.48893193499932097,0.38758026963156744,-0.4801640080263978,-5.877816595286253,-10.660831342206944,5.5
City of Calamba,Halang,2025,Dry,4,4,42.4,29.61,71.16,0.43174001486410796,0.36966900207353265,-0.43442641291616374,-6.0603505314674,-12.97594767427191,5.5
City of Calamba,Halang,2025,Dry,5,5,152.9,28.94,77.63,,,,-5.911400380564998,-10.839150975694686,5.5
City of Calamba,Halang,2025,Dry,6,6,335.3,27.29,87.87,,,,-5.222082383473552,-12.36445005512275,5.5
City of Calamba,Lecheria,2020,Dry,1,1,76.4,25.5,83.1,0.5672996493438422,0.371227811618258,-0.5066440568565027,-7.252313842109824,-14.493556235092294,4.96
City of Calamba,Lecheria,2020,Dry,2,2,70.7,25.01,78.8,0.5759736430282152,0.4972525062737094,-0.5027504360670275,-7.783066861994292,-14.839776287508927,4.96
City of Calamba,Lecheria,2020,Dry,3,3,17.7,27.3,75.57,0.5282869540003533,0.3934936252004669,-0.49537172202583624,-7.811272302891381,-14.520379934352103,4.96
City of Calamba,Lecheria,2020,Dry,4,4,50.5,28.53,74.47,0.4961023972589448,0.40695508843033873,-0.454420575028861,-7.912357402593087,-14.608319209567039,4.96
City of Calamba,Lecheria,2020,Dry,5,5,219.4,29.08,80.77,0.5103616314305908,0.39636047254081647,-0.44707543151730406,-6.870485988587279,-13.465593163523957,4.96
City of Calamba,Lecheria,2020,Dry,6,6,292.9,28.0,85.67,0.5387219152018969,0.40474114639660624,-0.4739009575035164,-7.183745338864585,-14.569374464125405,4.96
City of Calamba,Lecheria,2020,Wet,1,7,342.6,27.42,88.13,0.5548157973918656,0.4837616798415723,-0.48421924076923833,-7.2883575664367255,-13.366741548089433,3.78
City of Calamba,Lecheria,2020,Wet,2,8,357.5,27.09,88.97,0.5272433650319346,0.491656312245425,-0.47647407596930924,-7.388343454581582,-13.902973080049604,3.78
City of Calamba,Lecheria,2020,Wet,3,9,272.7,27.37,88.32,0.5215051827613101,0.5481559813291514,-0.43947642807096643,-7.136299520822403,-12.796041553384429,3.78
City of Calamba,Lecheria,2020,Wet,4,10,709.8,26.42,92.03,0.5323344116446977,0.3719624315386864,-0.48156516313541936,-5.403140524313413,-12.366541788376605,3.78
City of Calamba,Lecheria,2020,Wet,5,11,496.3,26.31,87.48,0.43096239844622886,0.4284798006660173,-0.3272648637907374,-6.865425142421457,-14.196205217539344,3.78
City of Calamba,Lecheria,2020,Wet,6,12,350.9,26.0,89.0,0.4509558516646081,0.327594364583654,-0.4360187266502697,-7.270928957785023,-14.895935927693857,3.78
City of Calamba,Lecheria,2021,Dry,1,1,136.9,24.95,84.97,0.16343581570046287,0.13128253657902988,-0.14209250999348505,-7.168224735809352,-15.078690097525326,5.09
City of Calamba,Lecheria,2021,Dry,2,2,96.0,25.07,84.32,0.5757429891280456,0.40150932991152544,-0.5043180499189017,-6.962879874517235,-14.06541413056123,5.09
City of Calamba,Lecheria,2021,Dry,3,3,89.7,26.47,83.53,0.0920359343290329,0.22982320934534073,-0.09593754634261131,-7.766749300757174,-14.718962477116348,5.09
City of Calamba,Lecheria,2021,Dry,4,4,22.5,27.65,75.12,0.3605190796025713,0.39091699441399325,-0.2721640799886659,-7.438993870822484,-14.380383367145528,5.09
City of Calamba,Lecheria,2021,Dry,5,5,129.6,28.92,78.59,0.5130661606784348,0.4256756093207757,-0.4662014771916648,-7.6324852770677145,-14.541104545922236,5.09
City of Calamba,Lecheria,2021,Dry,6,6,255.8,27.96,84.32,,,,-6.912605555418671,-13.930149702516792,5.09
City of Calamba,Lecheria,2021,Wet,1,7,356.0,27.26,88.16,,,,-6.566065318048794,-14.104668721300738,2.07
City of Calamba,Lecheria,2021,Wet,2,8,291.8,27.22,88.01,0.39197966413225366,0.3812070682046728,-0.33441702490196107,-7.652326736890091,-13.672793285344037,2.07
City of Calamba,Lecheria,2021,Wet,3,9,439.3,26.81,90.49,0.6154271644484147,0.46145583958177866,-0.5391186571110448,-7.3588191624818435,-14.018139027940498,2.07
City of Calamba,Lecheria,2021,Wet,4,10,255.2,26.67,87.9,0.5534389912408001,0.40371525114647555,-0.5046107924022517,-6.999085391862855,-12.929404705319213,2.07
City of Calamba,Lecheria,2021,Wet,5,11,85.4,26.98,84.05,0.35839860616115876,0.25985466784574124,-0.36509639559395224,-6.361250779013992,-13.238264745121601,2.07
City of Calamba,Lecheria,2021,Wet,6,12,104.0,25.54,82.13,0.5788597737065505,0.42975182167562825,-0.5264470077968575,-7.463963141944327,-13.797524648834846,2.07
City of Calamba,Lecheria,2022,Dry,1,1,32.0,25.47,78.84,,,,-7.66834120351792,-14.004458957113975,5.09
City of Calamba,Lecheria,2022,Dry,2,2,74.5,26.1,79.64,0.6062035869323069,0.4899952716804108,-0.5151768785269913,-7.464755074140134,-13.37960975654879,5.09
City of Calamba,Lecheria,2022,Dry,3,3,71.3,27.61,77.2,0.5938546334806775,0.46954537881588976,-0.5289327288228919,-7.9477839743296395,-13.56554427275801,5.09
City of Calamba,Lecheria,2022,Dry,4,4,172.9,27.4,79.04,0.5445862665635518,0.48283869172989097,-0.4776856129605606,-6.949854252006741,-12.701498735340401,5.09
City of Calamba,Lecheria,2022,Dry,5,5,214.6,28.16,80.17,0.5913499127734627,0.46770172314839303,-0.5167266913093431,-7.0807044774859875,-12.835188775998098,5.09
City of Calamba,Lecheria,2022,Dry,6,6,300.6,27.49,85.27,,,,-6.853312938632816,-13.343403754496768,5.09
City of Calamba,Lecheria,2022,Wet,1,7,386.3,27.07,88.86,0.5377018820191733,0.5361460564564916,-0.462560260310129,-6.638525511966991,-13.067897706196765,4.05
City of Calamba,Lecheria,2022,Wet,2,8,424.0,26.55,89.63,0.4469481595429461,0.4241926495799145,-0.40370511434491885,-7.514861749526611,-13.304322511022942,4.05
City of Calamba,Lecheria,2022,Wet,3,9,324.2,26.83,88.09,0.4986902830794095,0.43688638102092775,-0.445132698051446,-7.098599660445142,-12.757484898049983,4.05
City of Calamba,Lecheria,2022,Wet,4,10,477.9,26.78,87.55,,,,-6.2971377068833965,-12.293645238213173,4.05
City of Calamba,Lecheria,2022,Wet,5,11,138.6,26.63,87.07,,,,-5.9109811378396895,-11.95871049450029,4.05
City of Calamba,Lecheria,2022,Wet,6,12,127.2,25.54,85.51,0.5093219595084926,0.3635630863674552,-0.45279301377506337,-7.502280497334101,-13.555247651812378,4.05
City of Calamba,Lecheria,2023,Dry,1,1,135.1,24.95,84.42,0.544889224735909,0.4056410503975559,-0.4952808894901775,-7.676737725287083,-13.794702613967093,4.77
City of Calamba,Lecheria,2023,Dry,2,2,51.4,25.66,79.23,,,,-7.700042980231761,-13.542550516837274,4.77
City of Calamba,Lecheria,2023,Dry,3,3,12.8,26.49,73.18,0.4111176867816215,0.3449481914615461,-0.3902668125436814,-8.079180805606523,-13.642264199705892,4.77
City of Calamba,Lecheria,2023,Dry,4,4,166.4,27.72,77.57,0.5332526951669331,0.4562073282467908,-0.48706613585084013,-7.894908984007962,-13.62386799542619,4.77
City of Calamba,Lecheria,2023,Dry,5,5,176.3,28.31,82.05,0.538405686281591,0.4719431837663639,-0.4691366486291475,-7.601280258072243,-13.320556112187887,4.77
City of Calamba,Lecheria,2023,Dry,6,6,289.8,27.67,85.93,0.5458589587335765,0.47263009614972623,-0.46448769583551197,-7.621871821651325,-13.756467733966506,4.77
City of Calamba,Lecheria,2023,Wet,1,7,305.0,27.58,86.32,,,,-7.047544774116192,-13.114022180175436,3.7
City of Calamba,Lecheria,2023,Wet,2,8,132.8,28.03,83.2,0.24327005951149425,0.48342437656904536,-0.11045043505460242,-7.589998104693387,-13.394529630656582,3.7
City of Calamba,Lecheria,2023,Wet,3,9,334.5,27.22,89.36,0.5937238833278652,0.4583836921667435,-0.5295692755335942,-7.003236514535737,-12.767971364874564,3.7
City of Calamba,Lecheria,2023,Wet,4,10,151.4,27.1,86.95,0.39210886728405653,0.3523355596782716,-0.35561603470777886,-6.484237171016009,-12.297574219065956,3.7
City of Calamba,Lecheria,2023,Wet,5,11,110.5,26.84,84.44,4.083517059269874e-05,0.00013636641152617096,0.09506567153665754,-6.7868008285546235,-12.510874750774704,3.7
City of Calamba,Lecheria,2023,Wet,6,12,60.9,26.57,83.86,0.562509897991854,0.42924030460786355,-0.49770164164757213,-6.943567569413862,-13.128271537719446,3.7
City of Calamba,Lecheria,2024,Dry,1,1,10.7,25.85,77.15,0.6061782108745255,0.49140757050375306,-0.5381072517275091,-7.244961377626284,-13.276678347623525,5.28
City of Calamba,Lecheria,2024,Dry,2,2,6.2,26.57,74.82,0.5931947585421218,0.43675191432332017,-0.5416921431931109,-7.750172810557963,-13.437413386451832,5.28
City of Calamba,Lecheria,2024,Dry,3,3,38.0,27.24,74.68,0.5112177041146558,0.40941477666349213,-0.46663248125371776,-7.95566915242899,-13.266632879178937,5.28
City of Calamba,Lecheria,2024,Dry,4,4,17.3,29.73,69.56,0.5002549351014949,0.4038167944580749,-0.4842785962990981,-7.980988426330611,-13.803169612614818,5.28
City of Calamba,Lecheria,2024,Dry,5,5,249.3,29.8,75.44,,,,-7.743918815252386,-13.588128421987095,5.28
City of Calamba,Lecheria,2024,Dry,6,6,380.1,27.95,88.0,0.6414971500391646,0.6780827533170306,-0.5308665505062325,-7.484272919423561,-13.46974669829748,5.28
City of Calamba,Lecheria,2024,Wet,1,7,450.3,27.0,89.78,0.5456352640282022,0.565502753989263,-0.43376978876238514,-6.806958382713745,-13.836737750205522,3.76
City of Calamba,Lecheria,2024,Wet,2,8,274.3,27.56,87.92,0.23876681423993126,0.25670245042716955,-0.23110241917133026,-7.16755882561227,-12.647199501579191,3.76
City of Calamba,Lecheria,2024,Wet,3,9,338.2,27.33,87.56,0.015727472212165597,0.04752290174365044,0.00231288131326437,-7.251710313700246,-13.052749347131636,3.76
City of Calamba,Lecheria,2024,Wet,4,10,358.6,27.0,87.96,0.5470616459850686,0.45823094384332086,-0.49627186379031896,-7.158909936780305,-13.084377010429652,3.76
City of Calamba,Lecheria,2024,Wet,5,11,59.8,27.57,81.93,0.4146030805486039,0.3081590187418871,-0.40266916854894386,-7.4028892549201855,-13.277612841393351,3.76
City of Calamba,Lecheria,2024,Wet,6,12,228.8,25.97,87.49,0.19972107975959105,0.19018795630054278,-0.15024634414649765,-6.940790735114549,-12.99488568386196,3.76
City of Calamba,Lecheria,2025,Dry,1,1,74.4,25.65,83.63,0.5731045388918348,0.46866803310656163,-0.5106502543450552,-6.993809159685179,-13.20838945299047,5.77
City of Calamba,Lecheria,2025,Dry,2,2,140.3,25.87,82.26,0.5725991444861444,0.5160759746906516,-0.4978263090036677,-7.619861990256187,-13.415451262136408,5.77
City of Calamba,Lecheria,2025,Dry,3,3,115.1,27.14,77.91,0.5786496816013892,0.4596257422650446,-0.5230365132653533,-7.55495744065355,-13.329140101994048,5.77
City of Calamba,Lecheria,2025,Dry,4,4,42.4,29.64,71.17,0.5106742008177421,0.45523392493876874,-0.47810265476185415,-8.148423763365178,-15.025634764034839,5.77
City of Calamba,Lecheria,2025,Dry,5,5,152.9,28.97,77.63,0.4550135592907347,0.4616065402612247,-0.41153480578948753,-7.486179059024602,-13.1935981404736,5.77
City of Calamba,Lecheria,2025,Dry,6,6,335.3,27.31,87.87,,,,-7.209953463710746,-14.249569172797761,5.77
City of Calamba,Lecheria,2025,Wet,1,7,345.1,27.07,87.37,,,,-6.749743358864571,-14.17087256196724,4.3
City of Calamba,Lecheria,2025,Wet,2,8,314.3,26.74,88.28,0.5739044988600125,0.516702619869213,-0.4950763398484046,-7.215564858698657,-13.113284292881591,4.3
City of Calamba,Lecheria,2025,Wet,3,9,359.5,26.21,91.49,0.5899881552135516,0.4824574595690688,-0.5025201986092894,-6.471172403363443,-13.036973364387405,4.3
City of Calamba,Lecheria,2025,Wet,4,10,278.2,26.53,89.95,,,,-7.067850712566476,-12.826871031036767,4.3
City of Calamba,Lecheria,2025,Wet,5,11,239.0,26.45,88.69,0.5532620772656405,0.42130480064798836,-0.4855566701083631,-6.970051793693964,-14.096619089114355,4.3
City of Calamba,Lecheria,2025,Wet,6,12,75.5,25.88,86.36,,,,,,4.3
City of Calamba,Lingga,2020,Dry,1,1,76.4,25.5,83.1,0.4627084741269504,0.279728966176373,-0.42294245430456395,-7.614436880766711,-15.627413652669475,4.93
City of Calamba,Lingga,2020,Dry,2,2,70.7,25.01,78.8,0.5363783812727319,0.41752148751895124,-0.4624726644780549,-8.070236262144197,-15.468337078113276,4.93
City of Calamba,Lingga,2020,Dry,3,3,17.7,27.3,75.57,0.6469170415714032,0.499039026889417,-0.5732299900218574,-8.156082620814843,-14.871088896761199,4.93
City of Calamba,Lingga,2020,Dry,4,4,50.5,28.53,74.47,0.5514054058415013,0.47155586667889327,-0.4906333788588506,-8.28162345707458,-14.695737253420448,4.93
City of Calamba,Lingga,2020,Dry,5,5,219.4,29.08,80.77,0.5185721861955405,0.38918455473909513,-0.45744233476609947,-7.086219105331521,-13.563463330080838,4.93
City of Calamba,Lingga,2020,Dry,6,6,292.9,28.0,85.67,0.5794114933742669,0.43187975751082086,-0.5156613948714752,-7.380660868239372,-14.221800199313185,4.93
City of Calamba,Lingga,2020,Wet,1,7,342.6,27.42,88.13,0.4667067705829201,0.44373069975951995,-0.41217107054428215,-7.396403495646179,-14.721744708825963,4.56
City of Calamba,Lingga,2020,Wet,2,8,357.5,27.09,88.97,0.4696440865206045,0.41728518663266256,-0.43789779713945176,-7.345888186729272,-14.17301779687995,4.56
City of Calamba,Lingga,2020,Wet,3,9,272.7,27.37,88.32,0.531743261964764,0.5112303321856139,-0.4433730039210554,-7.022428585829695,-13.304965889616835,4.56
City of Calamba,Lingga,2020,Wet,4,10,709.8,26.42,92.03,0.5722149457563626,0.3805708626151679,-0.4981365585802047,-5.952350806615288,-12.680488268330647,4.56
City of Calamba,Lingga,2020,Wet,5,11,496.3,26.31,87.48,,,,-8.297306973236141,-16.786236579469133,4.56
City of Calamba,Lingga,2020,Wet,6,12,350.9,26.0,89.0,0.2850314657833573,0.19185431488223295,-0.3224117096633385,-9.182123370295722,-16.724639959665822,4.56
City of Calamba,Lingga,2021,Dry,1,1,136.9,24.95,84.97,,,,-8.59917960191781,-17.24945898045505,5.49
City of Calamba,Lingga,2021,Dry,2,2,96.0,25.07,84.32,0.4350909279429501,0.2790897264624475,-0.3761796132795074,-8.874905686708397,-16.416671712957573,5.49
City of Calamba,Lingga,2021,Dry,3,3,89.7,26.47,83.53,,,,-8.142918561599318,-15.85243731960003,5.49
City of Calamba,Lingga,2021,Dry,4,4,22.5,27.65,75.12,,,,-8.451470828824462,-14.940643736419473,5.49
City of Calamba,Lingga,2021,Dry,5,5,129.6,28.92,78.59,0.5563069516957231,0.48123023577179863,-0.5071638033131118,-8.401235018848169,-14.857786184417451,5.49
City of Calamba,Lingga,2021,Dry,6,6,255.8,27.96,84.32,0.47512845108763135,0.4712588041304397,-0.4017558443906288,-6.780767408226905,-13.81436230568342,5.49
City of Calamba,Lingga,2021,Wet,1,7,356.0,27.26,88.16,0.21835280228647053,0.4648477186143784,-0.22385182527118713,-7.815417567659292,-15.880654176005361,4.17
City of Calamba,Lingga,2021,Wet,2,8,291.8,27.22,88.01,,,,-7.906409458467266,-15.24092299591495,4.17
City of Calamba,Lingga,2021,Wet,3,9,439.3,26.81,90.49,0.5923834705242113,0.4121028329988655,-0.49981523561823965,-8.075240475970848,-15.175188653925037,4.17
City of Calamba,Lingga,2021,Wet,4,10,255.2,26.67,87.9,0.5550241452057972,0.42155078514829747,-0.48924970820431174,-6.986919958959228,-14.23608890335435,4.17
City of Calamba,Lingga,2021,Wet,5,11,85.4,26.98,84.05,0.2917759312182817,0.20655395328952303,-0.319263568403174,-6.7406624490299185,-13.563448196692082,4.17
City of Calamba,Lingga,2021,Wet,6,12,104.0,25.54,82.13,0.42832044549553266,0.28901121410067454,-0.41530163010662424,-7.876604801769637,-15.40352848631429,4.17
City of Calamba,Lingga,2022,Dry,1,1,32.0,25.47,78.84,,,,-7.902153409004909,-15.91197618581189,5.49
City of Calamba,Lingga,2022,Dry,2,2,74.5,26.1,79.64,0.5338090381142354,0.3729075103332699,-0.4663320670301619,-7.492874942825722,-14.731782456426238,5.49
City of Calamba,Lingga,2022,Dry,3,3,71.3,27.61,77.2,0.6427054590862021,0.5213475084866199,-0.5711608012822431,-8.167503049227058,-14.461593376376275,5.49
City of Calamba,Lingga,2022,Dry,4,4,172.9,27.4,79.04,0.5007342283666917,0.44917991720107,-0.4571688279717798,-7.062590627692811,-13.334728293743192,5.49
City of Calamba,Lingga,2022,Dry,5,5,214.6,28.16,80.17,0.5398769637500971,0.39685819680948575,-0.48750894210707735,-6.515321131435532,-13.31502156464761,5.49
City of Calamba,Lingga,2022,Dry,6,6,300.6,27.49,85.27,,,,-7.486020758058294,-15.379423250057018,5.49
City of Calamba,Lingga,2022,Wet,1,7,386.3,27.07,88.86,0.36176238822707457,0.3945970066541503,-0.3086384103156974,-6.707153120095641,-14.244953304906428,4.19
City of Calamba,Lingga,2022,Wet,2,8,424.0,26.55,89.63,,,,-7.305158564968291,-13.95418868161581,4.19
City of Calamba,Lingga,2022,Wet,3,9,324.2,26.83,88.09,,,,-7.048844284027183,-13.308121108245407,4.19
City of Calamba,Lingga,2022,Wet,4,10,477.9,26.78,87.55,,,,-6.023303532980316,-13.207761236704116,4.19
City of Calamba,Lingga,2022,Wet,5,11,138.6,26.63,87.07,,,,-6.712147674412967,-13.669613255196044,4.19
City of Calamba,Lingga,2022,Wet,6,12,127.2,25.54,85.51,0.43245895378290844,0.2991992683646436,-0.3765246150779662,-7.559000928032889,-14.681324475433025,4.19
City of Calamba,Lingga,2023,Dry,1,1,135.1,24.95,84.42,0.46429220498365803,0.34619126741961564,-0.4388542415890237,-7.8275780771352546,-15.472443315786002,5.11
City of Calamba,Lingga,2023,Dry,2,2,51.4,25.66,79.23,,,,-7.986017526732101,-15.659895100537875,5.11
City of Calamba,Lingga,2023,Dry,3,3,12.8,26.49,73.18,0.38437840311341304,0.33739427409768297,-0.3744435465934235,-8.105229653862217,-14.934707707865188,5.11
City of Calamba,Lingga,2023,Dry,4,4,166.4,27.72,77.57,0.5821156682425288,0.5006598092944273,-0.5222998121116177,-8.656151613138945,-14.813045790326019,5.11
City of Calamba,Lingga,2023,Dry,5,5,176.3,28.31,82.05,0.5340490986956219,0.4680429907680761,-0.477799917123764,-7.196673896917492,-13.729822483288308,5.11
City of Calamba,Lingga,2023,Dry,6,6,289.8,27.67,85.93,0.4738037695885175,0.37262959342606417,-0.4401179026813324,-7.108581712787801,-13.92905647693195,5.11
City of Calamba,Lingga,2023,Wet,1,7,305.0,27.58,86.32,,,,-7.666401261365159,-15.36477063896595,4.51
City of Calamba,Lingga,2023,Wet,2,8,132.8,28.03,83.2,0.36386508545920027,0.6003856681387822,-0.26446012958314724,-7.528304710573514,-14.665036667946453,4.51
City of Calamba,Lingga,2023,Wet,3,9,334.5,27.22,89.36,0.6308983548895813,0.4522522404106538,-0.5518460020067221,-7.11977416208971,-13.494673699282695,4.51
City of Calamba,Lingga,2023,Wet,4,10,151.4,27.1,86.95,0.37135719838322406,0.36866750455618663,-0.3388763102522577,-6.359519427048021,-12.930758171524145,4.51
City of Calamba,Lingga,2023,Wet,5,11,110.5,26.84,84.44,0.013199795357650146,0.014466383552644404,0.06859395978972316,-6.233113381284844,-13.130072048219374,4.51
City of Calamba,Lingga,2023,Wet,6,12,60.9,26.57,83.86,0.48548987940541455,0.3858033797405093,-0.4477719163373619,-7.474767064213946,-14.666991071403311,4.51
City of Calamba,Lingga,2024,Dry,1,1,10.7,25.85,77.15,0.4762313919642608,0.38346656112965866,-0.44350942195375126,-7.387789582857446,-14.880370137796124,4.9
City of Calamba,Lingga,2024,Dry,2,2,6.2,26.57,74.82,0.6067863210117632,0.4422568934629641,-0.5461298669914434,-7.657558000308038,-14.31704887476083,4.9
City of Calamba,Lingga,2024,Dry,3,3,38.0,27.24,74.68,0.5813070663815418,0.4718250203879834,-0.5071653075042893,-8.056040442230898,-14.114197730735919,4.9
City of Calamba,Lingga,2024,Dry,4,4,17.3,29.73,69.56,0.4899647202070207,0.40342893753650094,-0.48965538131374287,-7.380000193874549,-14.225132805425163,4.9
City of Calamba,Lingga,2024,Dry,5,5,249.3,29.8,75.44,,,,-7.1279267645574915,-14.021713981359307,4.9
City of Calamba,Lingga,2024,Dry,6,6,380.1,27.95,88.0,0.6407276320751921,0.6295782591421916,-0.5261178671849996,-7.094202096089619,-14.08062120975941,4.9
City of Calamba,Lingga,2024,Wet,1,7,450.3,27.0,89.78,0.3975032262549672,0.36619895227845833,-0.31631967063070443,-7.085069818929923,-14.66575996192812,4.49
City of Calamba,Lingga,2024,Wet,2,8,274.3,27.56,87.92,,,,-7.161548499081682,-13.285756584760938,4.49
City of Calamba,Lingga,2024,Wet,3,9,338.2,27.33,87.56,0.29942855735619867,0.22579796363910037,-0.32723919798930484,-6.759975042897706,-14.509070864310365,4.49
City of Calamba,Lingga,2024,Wet,4,10,358.6,27.0,87.96,0.5526788065004713,0.4003410764748684,-0.48523011317032994,-8.85596072696574,-16.246693375480593,4.49
City of Calamba,Lingga,2024,Wet,5,11,59.8,27.57,81.93,0.4877971671521663,0.43663357850164175,-0.3827680144459009,-7.991381242990433,-14.838297832057174,4.49
City of Calamba,Lingga,2024,Wet,6,12,228.8,25.97,87.49,0.058874838054180145,0.03054160438477993,-0.09814563393592834,-8.734678661745486,-15.725857021638124,4.49
City of Calamba,Lingga,2025,Dry,1,1,74.4,25.65,83.63,0.38682540246713526,0.2755573197639853,-0.3592351491350829,-8.125529038068464,-15.937562586161913,5.18
City of Calamba,Lingga,2025,Dry,2,2,140.3,25.87,82.26,0.49176009860915515,0.3953080111689495,-0.433563846664533,-7.6022883117489926,-15.157100143310487,5.18
City of Calamba,Lingga,2025,Dry,3,3,115.1,27.14,77.91,0.5292892800694778,0.39316280959884337,-0.4717714196707836,-7.617485159675188,-14.869360787413774,5.18
City of Calamba,Lingga,2025,Dry,4,4,42.4,29.64,71.17,0.5707956223606608,0.5202842964206622,-0.5154968756159171,-8.927669910346726,-15.72119966576423,5.18
City of Calamba,Lingga,2025,Dry,5,5,152.9,28.97,77.63,0.46237183727546327,0.45432313650161815,-0.4340546069016913,-7.2243051501175435,-13.547193855774276,5.18
City of Calamba,Lingga,2025,Dry,6,6,335.3,27.31,87.87,,,,-7.704974301752124,-14.488238248551013,5.18
City of Calamba,Lingga,2025,Wet,1,7,345.1,27.07,87.37,,,,-9.287124123130827,-17.033645252122778,4.73
City of Calamba,Lingga,2025,Wet,2,8,314.3,26.74,88.28,0.48454432910548006,0.49864465466672825,-0.4104686522957787,-9.124945654394194,-15.762096000869823,4.73
City of Calamba,Lingga,2025,Wet,3,9,359.5,26.21,91.49,0.44936883954398094,0.35117276251162094,-0.3467306934922044,-8.983503879268797,-15.28149410077882,4.73
City of Calamba,Lingga,2025,Wet,4,10,278.2,26.53,89.95,,,,-8.83075556098993,-15.42312819867758,4.73
City of Calamba,Lingga,2025,Wet,5,11,239.0,26.45,88.69,0.4589361819074424,0.35324397743759717,-0.4084768989739821,-8.718742073883023,-16.12565370877084,4.73
City of Calamba,Lingga,2025,Wet,6,12,75.5,25.88,86.36,,,,,,4.73
City of Calamba,Pansol,2020,Dry,1,1,76.4,25.46,83.09,0.5708416308140751,0.41892781499779286,-0.5170321004062903,-6.183806155173926,-12.963042880304302,5.66
City of Calamba,Pansol,2020,Dry,2,2,70.7,24.98,78.8,0.5228441381718671,0.4260834938256565,-0.4686940441563994,-6.369025128745213,-13.284079029672023,5.66
City of Calamba,Pansol,2020,Dry,3,3,17.7,27.27,75.57,0.5108380659205801,0.38773602965758874,-0.4845673929436117,-6.432106580333819,-13.16640578128696,5.66
City of Calamba,Pansol,2020,Dry,4,4,50.5,28.52,74.47,0.360961171012981,0.35449094281072696,-0.29202934777027995,-6.709249519876601,-13.402282185005781,5.66
City of Calamba,Pansol,2020,Dry,5,5,219.4,29.04,80.76,0.5457051991863524,0.46678389764004485,-0.48080499745537525,-5.990249068930282,-12.400272286848928,5.66
City of Calamba,Pansol,2020,Dry,6,6,292.9,27.96,85.67,0.5736750217806421,0.47491053250355864,-0.5213422391702179,-6.3506651127459035,-13.12188755058561,5.66
City of Calamba,Pansol,2021,Dry,1,1,136.9,24.94,84.97,-0.01321755224004543,-0.07120617067751785,0.03752814700904612,-5.925068045041586,-13.045346950317256,5.73
City of Calamba,Pansol,2021,Dry,2,2,96.0,25.04,84.31,0.5358698530757487,0.40063700846502126,-0.4856894028545645,-5.674431047237637,-12.601767415393958,5.73
City of Calamba,Pansol,2021,Dry,3,3,89.7,26.44,83.52,0.7067371784712857,0.7035648202502812,-0.621554419640659,-6.310621325210191,-13.441825224656931,5.73
City of Calamba,Pansol,2021,Dry,4,4,22.5,27.61,75.12,,,,-6.2223800152819315,-13.22631750921664,5.73
City of Calamba,Pansol,2021,Dry,5,5,129.6,28.89,78.58,0.5108134296900071,0.4290714687912862,-0.4697789228924309,-6.466384710849913,-13.419538107121472,5.73
City of Calamba,Pansol,2021,Dry,6,6,255.8,27.94,84.32,0.0941955465823412,0.21531274169683456,-0.0923846885561943,-6.088523583916772,-13.045996036513372,5.73
City of Calamba,Pansol,2021,Wet,1,7,356.0,27.22,88.16,0.05304973380164787,-0.06826610757464852,0.03332178581816455,-5.390069804195155,-12.480268647602797,3.98
City of Calamba,Pansol,2021,Wet,2,8,291.8,27.19,88.0,0.5022009618248151,0.652702432339358,-0.41376698785906374,-6.134823120751241,-13.088002881084021,3.98
City of Calamba,Pansol,2021,Wet,3,9,439.3,26.78,90.49,0.5731547110188221,0.4804659330083963,-0.5118587958856831,-6.020198252981258,-13.067828700133317,3.98
City of Calamba,Pansol,2021,Wet,4,10,255.2,26.63,87.9,0.5487064037293103,0.46684877126754726,-0.49579801889512515,-6.125518593053839,-12.941116295517386,3.98
City of Calamba,Pansol,2021,Wet,5,11,85.4,26.95,84.05,0.10019027208909392,0.044920682441443205,-0.09183771448442711,-5.491232255843086,-12.504377812423456,3.98
City of Calamba,Pansol,2021,Wet,6,12,104.0,25.51,82.13,0.471442742655925,0.3559191878116438,-0.43557314638541733,-6.062873963627216,-12.988138726267387,3.98
City of Calamba,Pansol,2022,Dry,1,1,32.0,25.45,78.83,0.31170063528683933,0.24043652131492826,-0.2341167176607062,-6.353764698984931,-13.138165006486322,5.73
City of Calamba,Pansol,2022,Dry,2,2,74.5,26.07,79.63,0.4918534817003318,0.4371312172073358,-0.4477687955600601,-5.753529137999637,-12.54897849715459,5.73
City of Calamba,Pansol,2022,Dry,3,3,71.3,27.59,77.19,0.5296690859557381,0.4303938759825333,-0.4880436426810617,-6.2816996110700165,-13.02205805481752,5.73
City of Calamba,Pansol,2022,Dry,4,4,172.9,27.37,79.03,0.523188908849825,0.5004438065212753,-0.4562181197469195,-5.6263939130371,-12.53678636232119,5.73
City of Calamba,Pansol,2022,Dry,5,5,214.6,28.13,80.16,0.5562003404794229,0.46111711595692234,-0.49458192420181757,-5.6561824319241865,-12.671422021658051,5.73
City of Calamba,Pansol,2022,Dry,6,6,300.6,27.45,85.26,,,,-5.210308737118245,-12.227003431826084,5.73
City of Calamba,Pansol,2023,Dry,1,1,135.1,24.91,84.42,,,,-6.098060364631147,-12.86254933332413,4.96
City of Calamba,Pansol,2023,Dry,2,2,51.4,25.61,79.22,,,,-6.122243738511496,-12.789182502224802,4.96
City of Calamba,Pansol,2023,Dry,3,3,12.8,26.45,73.18,0.1348813443328254,0.14250181429088118,-0.0870774478535168,-6.349129679952178,-12.992639233289704,4.96
City of Calamba,Pansol,2023,Dry,4,4,166.4,27.69,77.56,0.5125142366528608,0.42257565275686015,-0.4763331014471695,-6.153303957476352,-13.000143572052892,4.96
City of Calamba,Pansol,2023,Dry,5,5,176.3,28.28,82.05,0.5456700589799063,0.48201394634309874,-0.4825329546289378,-5.978530418039221,-12.805648881720536,4.96
City of Calamba,Pansol,2023,Dry,6,6,289.8,27.63,85.93,0.47420620588792867,0.45890346001377735,-0.4142031820576851,-5.8562229235995344,-12.730114124475561,4.96
City of Calamba,Pansol,2024,Dry,1,1,10.7,25.82,77.14,0.4050947933148544,0.3360916288891885,-0.37168635537533357,-5.924085376529145,-12.709289757582852,5.23
City of Calamba,Pansol,2024,Dry,2,2,6.2,26.53,74.81,0.548637759058089,0.3953919691993978,-0.5226790141120359,-6.047480853145121,-12.782211935600724,5.23
City of Calamba,Pansol,2024,Dry,3,3,38.0,27.2,74.67,0.42857843525362976,0.36173182813596555,-0.3935037078596145,-6.296837064800587,-12.742638921789654,5.23
City of Calamba,Pansol,2024,Dry,4,4,17.3,29.7,69.55,0.4644399917764128,0.36540440251335554,-0.4528766958030775,-6.1620547702198945,-12.939184458169999,5.23
City of Calamba,Pansol,2024,Dry,5,5,249.3,29.78,75.44,,,,-6.200265138218707,-12.833170609610633,5.23
City of Calamba,Pansol,2024,Dry,6,6,380.1,27.92,88.0,0.5071167650883445,0.5195899306642058,-0.39932423178088344,-5.629359502225957,-12.369017889310658,5.23
City of Calamba,Pansol,2024,Wet,1,7,450.3,26.95,89.78,0.46126687046535025,0.41995148770162716,-0.40312260793846133,-5.410547988865866,-12.478780002514394,5.2
City of Calamba,Pansol,2024,Wet,2,8,274.3,27.53,87.91,0.4910823339260903,0.5001078787579395,-0.42860933574385374,-5.160370029307452,-11.95831526832114,5.2
City of Calamba,Pansol,2024,Wet,3,9,338.2,27.3,87.55,0.07414056609074275,0.1823555330435435,0.11551889777183533,-5.665694611667114,-12.762795718208272,5.2
City of Calamba,Pansol,2024,Wet,4,10,358.6,26.97,87.95,0.5714634177624185,0.4742464546809551,-0.5087322917539373,-5.595858279704903,-12.335003130581837,5.2
City of Calamba,Pansol,2024,Wet,5,11,59.8,27.54,81.93,0.5717600506619963,0.47372982794534163,-0.5149670405236562,-5.9662643289683395,-12.751630600278837,5.2
City of Calamba,Pansol,2024,Wet,6,12,228.8,25.93,87.48,,,,-5.146599116901067,-11.960264961769518,5.2
City of Calamba,Pansol,2025,Dry,1,1,74.4,25.62,83.62,0.4205724484803204,0.3327522607316933,-0.3822687215674585,-5.368422278531015,-12.193202006915199,5.32
City of Calamba,Pansol,2025,Dry,2,2,140.3,25.83,82.26,0.5022476909461311,0.4209294515293445,-0.4541527198421958,-5.939279030728809,-12.557206714754109,5.32
City of Calamba,Pansol,2025,Dry,3,3,115.1,27.12,77.91,0.5152092544453705,0.410877655462753,-0.48138765157208113,-5.796245161639452,-12.702790767978556,5.32
City of Calamba,Pansol,2025,Dry,4,4,42.4,29.61,71.16,0.48540448463852154,0.403009240825078,-0.44901068761233937,-6.761701287698339,-13.939556415821665,5.32
City of Calamba,Pansol,2025,Dry,5,5,152.9,28.94,77.63,-0.04251989040640183,0.5864645129593554,0.07247119899839162,-6.158468490255259,-12.792724275448547,5.32
City of Calamba,Pansol,2025,Dry,6,6,335.3,27.28,87.87,,,,-5.328311039131663,-12.220228999698861,5.32
City of Calamba,Parian,2020,Dry,1,1,61.3,25.5,83.12,0.45661660488591566,0.2963297365598443,-0.45543844589148214,-5.175880308386725,-11.17195476911818,4.4
City of Calamba,Parian,2020,Dry,2,2,49.3,25.14,78.14,0.47189717604216763,0.33479838382225047,-0.4706232719356015,-5.573941666611188,-11.550281552103847,4.4
City of Calamba,Parian,2020,Dry,3,3,14.4,27.39,75.71,0.3866671785268626,0.25995288093670554,-0.41245338389648994,-5.568454499592848,-11.550285529371536,4.4
City of Calamba,Parian,2020,Dry,4,4,28.9,28.54,74.59,0.36279583057501713,0.2845598430492207,-0.3671855475645693,-5.684505270848245,-11.68540064064138,4.4
City of Calamba,Parian,2020,Dry,5,5,239.6,29.1,80.43,0.411923067058309,0.310644238210955,-0.4047861606651804,-5.087400579252114,-10.967437355478465,4.4
City of Calamba,Parian,2020,Dry,6,6,263.1,28.01,84.83,0.4577048334711416,0.3504999598847081,-0.4528485619669343,-5.240749863850094,-11.255697365200977,4.4
City of Calamba,Parian,2020,Wet,1,7,333.0,27.46,87.02,0.4144612333917791,0.3733969134593441,-0.39661059216263006,-4.9117202012795,-10.712660346972166,2.19
City of Calamba,Parian,2020,Wet,2,8,313.8,27.04,88.14,,,,-4.909902896750415,-10.99946746297902,2.19
City of Calamba,Parian,2020,Wet,3,9,235.6,27.36,87.77,0.4587343648493054,0.41301831906371966,-0.4316314915509807,-5.114483796161885,-10.832577519083284,2.19
City of Calamba,Parian,2020,Wet,4,10,550.6,26.49,90.91,0.4407344566699821,0.30267620847596394,-0.43851937373088656,-3.595663717284626,-10.096957882561373,2.19
City of Calamba,Parian,2020,Wet,5,11,428.7,26.27,87.71,,,,-4.774548563871164,-10.945671762340206,2.19
City of Calamba,Parian,2020,Wet,6,12,368.9,25.95,89.16,0.4724584851426551,0.31168352877048294,-0.47268789869588357,-4.973828417225653,-11.16028422798274,2.19
City of Calamba,Parian,2021,Dry,1,1,113.8,24.91,85.5,0.39766647687903817,0.36354750098848837,-0.36200357914296843,-5.083507648959404,-11.220024941208859,5.67
City of Calamba,Parian,2021,Dry,2,2,76.6,25.01,84.67,0.4500473371234311,0.31486136190646613,-0.45578564851192316,-4.471081428806287,-10.84516809866375,5.67
City of Calamba,Parian,2021,Dry,3,3,76.3,26.5,83.51,0.0330451259921704,0.03817912457244737,-0.03438320257035749,-5.369714251316059,-11.294179550018146,5.67
City of Calamba,Parian,2021,Dry,4,4,16.6,27.81,74.45,,,,-5.258640051056527,-11.367710021835101,5.67
City of Calamba,Parian,2021,Dry,5,5,106.8,28.94,78.11,0.36501524603529284,0.27604791069065293,-0.3825373969436744,-5.48876854040657,-11.440136445685466,5.67
City of Calamba,Parian,2021,Dry,6,6,261.1,27.97,83.39,,,,-5.07303726105862,-11.179015405165005,5.67
City of Calamba,Parian,2022,Dry,1,1,42.6,25.68,77.71,,,,-5.58412438178982,-11.132683951662372,5.67
City of Calamba,Parian,2022,Dry,2,2,41.4,26.24,78.63,0.36408749474817503,0.26010241602104767,-0.35314494295808824,-5.5647772280139165,-11.027874899505527,5.67
City of Calamba,Parian,2022,Dry,3,3,63.6,27.81,75.79,0.416561383973891,0.28433777440439933,-0.44003803821369314,-5.639980766205382,-11.121187789612678,5.67
City of Calamba,Parian,2022,Dry,4,4,122.2,27.58,77.74,0.402662133535061,0.33082646531812954,-0.3955727778072448,-5.043663564553689,-10.576243252886728,5.67
City of Calamba,Parian,2022,Dry,5,5,238.6,28.21,80.08,0.4470069674287188,0.3387277478003466,-0.44095109420701506,-4.8649199634022535,-10.790179737137667,5.67
City of Calamba,Parian,2022,Dry,6,6,315.0,27.56,84.64,,,,-4.656569429244493,-10.631914935156173,5.67
City of Calamba,Parian,2022,Wet,1,7,366.4,27.05,88.48,0.5127044359101528,0.36736595444422493,-0.4989102499205379,-4.0978126234672585,-10.2000151807423,4.68
City of Calamba,Parian,2022,Wet,2,8,439.8,26.58,89.01,0.4079939150476645,0.34134135007482824,-0.39310405728017533,-5.128556775294084,-10.847876343961063,4.68
City of Calamba,Parian,2022,Wet,3,9,332.9,26.75,87.71,0.3990837189745365,0.3142822606083819,-0.4001875717256485,-4.700748971759523,-10.46105987478432,4.68
City of Calamba,Parian,2022,Wet,4,10,459.5,26.81,87.26,0.43577770564221613,0.3902619791027316,-0.4278931717586278,-4.563168833488643,-10.406645588591452,4.68
City of Calamba,Parian,2022,Wet,5,11,94.1,26.6,87.26,,,,-4.32590873535187,-10.263404706479912,4.68
City of Calamba,Parian,2022,Wet,6,12,122.2,25.55,85.46,0.4339721017380787,0.298896810414664,-0.439637983191921,-5.634383691602851,-11.080650916052127,4.68
City of Calamba,Parian,2023,Dry,1,1,102.1,24.98,84.02,0.4440635645158759,0.30198506680158277,-0.45320663131848815,-5.762888309355393,-11.224105984747567,5.09
City of Calamba,Parian,2023,Dry,2,2,62.5,25.75,78.49,,,,-5.358923797532104,-10.957665418130697,5.09
City of Calamba,Parian,2023,Dry,3,3,20.4,26.63,72.54,0.36193827528644285,0.2806415623063903,-0.3814551354653942,-5.6045570088520655,-11.133587522067096,5.09
City of Calamba,Parian,2023,Dry,4,4,152.3,27.77,77.58,0.40908420618963676,0.31705854998282545,-0.41836438927964636,-5.409186163085551,-10.993509905619842,5.09
City of Calamba,Parian,2023,Dry,5,5,145.2,28.47,80.23,0.405488036274665,0.356127268028467,-0.3875592061010091,-5.318940750277936,-10.98209592776616,5.09
City of Calamba,Parian,2023,Dry,6,6,249.6,27.78,84.31,0.4345150799815819,0.3814375597357173,-0.4242571305907002,-5.043039830141506,-10.850432957692776,5.09
City of Calamba,Parian,2023,Wet,1,7,302.7,27.69,85.03,0.5095880711032198,0.4681806842118262,-0.4643417348191381,-4.463379977161526,-10.370729440462686,4.32
City of Calamba,Parian,2023,Wet,2,8,76.7,28.26,80.13,0.447401446400931,0.5957902734706688,-0.3797866257364323,-4.998554904467751,-10.795298484500242,4.32
City of Calamba,Parian,2023,Wet,3,9,279.8,27.37,87.39,0.4785293685307796,0.33129685863788044,-0.4828017385085572,-4.754957018218463,-10.577266835630345,4.32
City of Calamba,Parian,2023,Wet,4,10,133.9,27.22,85.94,0.40880493625517866,0.3676215640390765,-0.3942879588266432,-4.361305140663159,-10.216295637258584,4.32
City of Calamba,Parian,2023,Wet,5,11,85.4,27.09,82.5,,,,-4.751699868720735,-10.446850564296064,4.32
City of Calamba,Parian,2023,Wet,6,12,51.6,26.76,82.33,0.47465226084430867,0.34043132826136435,-0.46670650587279816,-4.613205003307528,-10.465910393330233,4.32
City of Calamba,Parian,2024,Dry,1,1,8.3,25.96,76.23,0.02399795690240959,0.03868787282456954,-0.005567264820759496,-5.351426113689329,-10.81054214784439,5.15
City of Calamba,Parian,2024,Dry,2,2,14.0,26.49,75.12,0.42493754426221575,0.2722083502499393,-0.45257599848986246,-5.3377298305732195,-10.844441539395314,5.15
City of Calamba,Parian,2024,Dry,3,3,30.1,27.12,75.35,0.3708965433240002,0.25060666869403164,-0.388382616374992,-5.4141556726252515,-10.840442010808236,5.15
City of Calamba,Parian,2024,Dry,4,4,31.7,29.42,71.89,0.35955000597227493,0.24246307542412793,-0.4086624606221628,-5.517473614615235,-11.227334268207402,5.15
City of Calamba,Parian,2024,Dry,5,5,246.1,29.56,76.51,,,,-5.451032057437897,-10.997388038779585,5.15
City of Calamba,Parian,2024,Dry,6,6,320.8,28.07,86.67,,,,-5.065939574404948,-10.660148130537593,5.15
City of Calamba,Parian,2024,Wet,1,7,431.0,27.08,88.63,0.3895368039473097,0.40423678267559165,-0.3495405696548159,-4.590790094836259,-10.823790002332442,3.98
City of Calamba,Parian,2024,Wet,2,8,253.6,27.57,86.84,0.19227007379134495,0.1809732899069786,-0.23371497889359794,-4.446697495160029,-10.433125055288164,3.98
City of Calamba,Parian,2024,Wet,3,9,309.2,27.37,86.8,0.47219471786856,0.3422067949793078,-0.4578315824035428,-4.962946959958167,-10.788541032936894,3.98
City of Calamba,Parian,2024,Wet,4,10,294.0,27.08,86.82,0.47441792803542476,0.3446380796860933,-0.47517421172398666,-4.698570123086285,-10.49138075809568,3.98
City of Calamba,Parian,2024,Wet,5,11,81.3,27.54,82.27,0.4200410851556326,0.29093732380283055,-0.4230811948214687,-5.552903771026266,-11.121247120061112,3.98
City of Calamba,Parian,2024,Wet,6,12,204.4,25.99,87.31,0.38400279115095154,0.30784448818515386,-0.37173663406528057,-4.386895372708932,-10.12378801664646,3.98
City of Calamba,Real,2020,Dry,1,1,76.4,25.31,83.08,0.43409116383097984,0.27449833403270507,-0.4219676572203684,-5.573835603045238,-11.82102150463056,4.72
City of Calamba,Real,2020,Dry,2,2,70.7,24.84,78.77,0.45034094905526684,0.3085599862729594,-0.44072516236381326,-5.96288685231737,-12.344583135064777,4.72
City of Calamba,Real,2020,Dry,3,3,17.7,27.14,75.54,0.37441858707086395,0.24634024910913743,-0.38616726338971524,-6.141842545709865,-12.291962479743146,4.72
City of Calamba,Real,2020,Dry,4,4,50.5,28.36,74.44,0.3325706887675768,0.24126605324095277,-0.3366774649908005,-6.2052564995381685,-12.410611705513716,4.72
City of Calamba,Real,2020,Dry,5,5,219.4,28.91,80.75,0.39339647840644,0.28848409200148123,-0.3711619422832309,-5.443047741739683,-11.840373168901507,4.72
City of Calamba,Real,2020,Dry,6,6,292.9,27.83,85.66,0.43988249183499695,0.32725255286751115,-0.42311897116942315,-5.832399853089448,-12.127281907923546,4.72
City of Calamba,Real,2020,Wet,1,7,342.6,27.26,88.1,0.47206786128480877,0.4744613646170098,-0.4168375234674496,-5.671543575216255,-11.387546036834475,3.28
City of Calamba,Real,2020,Wet,2,8,357.5,26.91,88.96,0.4337581575400924,0.3826930559260368,-0.4129095292070123,-5.5704126900020565,-11.831602327501738,3.28
City of Calamba,Real,2020,Wet,3,9,272.7,27.2,88.3,0.4655290437497,0.3029612290818583,-0.4291582154913814,-5.526078038119929,-11.209957569974495,3.28
City of Calamba,Real,2020,Wet,4,10,709.8,26.24,92.01,0.4595931551384793,0.30925152914159204,-0.43745530972826624,-3.9473539821232464,-10.54245576715372,3.28
City of Calamba,Real,2020,Wet,5,11,496.3,26.14,87.47,,,,-5.228160323864534,-11.578575113458607,3.28
City of Calamba,Real,2020,Wet,6,12,350.9,25.82,88.99,0.46163648445239647,0.3150533530103117,-0.4476526529125441,-5.345592063668472,-11.734049675904936,3.28
City of Calamba,Real,2021,Dry,1,1,136.9,24.78,84.96,,,,-5.490159410709282,-11.804294480361374,5.56
City of Calamba,Real,2021,Dry,2,2,96.0,24.89,84.29,0.43670694617608813,0.29433053087163585,-0.42722908211115657,-4.752590015516549,-11.421065766348407,5.56
City of Calamba,Real,2021,Dry,3,3,89.7,26.29,83.5,0.015212095226161182,0.0321865749376064,0.010159411658109588,-5.84824817446892,-12.148561725375808,5.56
City of Calamba,Real,2021,Dry,4,4,22.5,27.46,75.1,,,,-5.639490139998293,-11.969766691217698,5.56
City of Calamba,Real,2021,Dry,5,5,129.6,28.74,78.56,0.3499332561568424,0.2584172204311717,-0.3575957547687334,-5.961637550753421,-12.374111777700625,5.56
City of Calamba,Real,2021,Dry,6,6,255.8,27.79,84.29,,,,-5.642026751780595,-12.072099726462952,5.56
City of Calamba,Real,2022,Dry,1,1,32.0,25.29,78.81,,,,-6.370733821341847,-11.890933228986006,5.56
City of Calamba,Real,2022,Dry,2,2,74.5,25.93,79.61,0.33706110038698844,0.285032838983374,-0.29742828081144357,-6.143974257767122,-11.612632561815861,5.56
City of Calamba,Real,2022,Dry,3,3,71.3,27.45,77.17,0.4123469421093857,0.26418931459693906,-0.4176204878302942,-6.440903475027575,-11.827306400049842,5.56
City of Calamba,Real,2022,Dry,4,4,172.9,27.23,79.02,0.39445288870626977,0.3112138026820328,-0.3759708922911578,-5.751075495472392,-11.396357382278968,5.56
City of Calamba,Real,2022,Dry,5,5,214.6,27.99,80.14,0.44606075011795737,0.32434189394261925,-0.4228287518185989,-5.773076435797754,-11.53366863714848,5.56
City of Calamba,Real,2022,Dry,6,6,300.6,27.32,85.25,,,,-5.438058442102584,-11.46783167100432,5.56
City of Calamba,Real,2022,Wet,1,7,386.3,26.89,88.85,0.5343602759552988,0.39334793320611794,-0.49925041129592146,-4.840185147516569,-10.878304535178511,4.46
City of Calamba,Real,2022,Wet,2,8,424.0,26.38,89.62,0.4027195052895209,0.3769347994712044,-0.37004503293368307,-6.0680235131211,-11.677680485613628,4.46
City of Calamba,Real,2022,Wet,3,9,324.2,26.65,88.07,0.4395973359767042,0.36221186480296186,-0.4074683068766428,-5.453431792278741,-11.226342456325249,4.46
City of Calamba,Real,2022,Wet,4,10,477.9,26.61,87.53,0.4721405348712757,0.4130187035846529,-0.4232421527604148,-5.339717893186995,-11.132204375390128,4.46
City of Calamba,Real,2022,Wet,5,11,138.6,26.45,87.05,,,,-4.807634336995184,-10.695987028824758,4.46
City of Calamba,Real,2022,Wet,6,12,127.2,25.36,85.49,0.44424985180245935,0.29963434644561954,-0.4282923108066185,-6.3475254120184506,-11.77320092419015,4.46
City of Calamba,Real,2023,Dry,1,1,135.1,24.76,84.4,0.35919887561845365,0.23552897799631384,-0.3669679572561555,-6.385948881639554,-11.708726724164741,5.34
City of Calamba,Real,2023,Dry,2,2,51.4,25.47,79.19,,,,-6.1413494624307825,-11.746139056155293,5.34
City of Calamba,Real,2023,Dry,3,3,12.8,26.32,73.16,0.34683389347813,0.2663462612559299,-0.3556840822358462,-6.504678100541064,-11.820246955076797,5.34
City of Calamba,Real,2023,Dry,4,4,166.4,27.54,77.54,0.37748305740358323,0.2794359783233038,-0.38254774093448923,-6.382718358031096,-11.955801978999,5.34
City of Calamba,Real,2023,Dry,5,5,176.3,28.14,82.03,0.39760455478877615,0.3335234610652068,-0.3791968958764669,-6.424713154239162,-12.11642824347177,5.34
City of Calamba,Real,2023,Dry,6,6,289.8,27.49,85.91,0.371095358149308,0.3695652817258679,-0.33824073941557586,-6.043606490400055,-11.882413032598427,5.34
City of Calamba,Real,2023,Wet,1,7,305.0,27.41,86.3,0.4348332100107057,0.35308123525837926,-0.4049317684597752,-5.3938499329515075,-11.367367605295863,4.47
City of Calamba,Real,2023,Wet,2,8,132.8,27.86,83.17,0.475547038223211,0.4437307391889653,-0.42839042127016996,-5.970369567279942,-11.83325477041338,4.47
City of Calamba,Real,2023,Wet,3,9,334.5,27.04,89.34,0.46895814866739355,0.3295103659508353,-0.4603285855645758,-5.598908563550721,-11.429995555094274,4.47
City of Calamba,Real,2023,Wet,4,10,151.4,26.93,86.94,0.3945122783574412,0.299765618027951,-0.3683535758420022,-5.018964744817527,-11.019032819131503,4.47
City of Calamba,Real,2023,Wet,5,11,110.5,26.67,84.42,,,,-5.486207211067058,-11.153209400669683,4.47
City of Calamba,Real,2023,Wet,6,12,60.9,26.39,83.84,0.4377282799146102,0.2975639277295487,-0.41703386538419035,-5.367010236352473,-11.272658929254085,4.47
City of Calamba,Real,2024,Dry,1,1,10.7,25.67,77.12,0.2244559487082607,0.14205001251598415,-0.23882429810870778,-6.349320286055161,-11.801132913518162,5.33
City of Calamba,Real,2024,Dry,2,2,6.2,26.4,74.79,0.388867659245284,0.24398707331814617,-0.4064830602346945,-6.376090475849599,-11.78995064189611,5.33
City of Calamba,Real,2024,Dry,3,3,38.0,27.06,74.65,0.32918429211520905,0.21251717260477956,-0.335998751229965,-6.587606630407555,-11.7495747298671,5.33
City of Calamba,Real,2024,Dry,4,4,17.3,29.56,69.53,0.3228254176239419,0.20752289208838345,-0.3612740299311373,-6.596119775887501,-12.072851493005084,5.33
City of Calamba,Real,2024,Dry,5,5,249.3,29.62,75.42,,,,-6.562821702925944,-11.852869769751441,5.33
City of Calamba,Real,2024,Dry,6,6,380.1,27.77,87.98,,,,-6.035141764034174,-11.66390646079034,5.33
City of Calamba,Real,2024,Wet,1,7,450.3,26.82,89.77,,,,-5.197586489082274,-11.607329788984643,3.7
City of Calamba,Real,2024,Wet,2,8,274.3,27.4,87.9,0.3345856814735043,0.3651353501531355,-0.3053587096324793,-5.2091345795591515,-11.245084219159562,3.7
City of Calamba,Real,2024,Wet,3,9,338.2,27.17,87.54,-0.030608309225903615,-0.10981590300798416,0.04952726182010439,-5.9938573161098745,-11.794867880667725,3.7
City of Calamba,Real,2024,Wet,4,10,358.6,26.83,87.94,0.4427273078650847,0.3323881798280485,-0.43271844760463535,-5.5864514289308564,-11.122579491580062,3.7
City of Calamba,Real,2024,Wet,5,11,59.8,27.4,81.9,0.36973900628795736,0.25625569893403694,-0.35792832452031054,-6.314436116704815,-11.780473737796756,3.7
City of Calamba,Real,2024,Wet,6,12,228.8,25.79,87.46,0.28190696483439426,0.2174218036356601,-0.25143220843401975,-5.070298109050304,-10.835538088269248,3.7
City of Calamba,Real,2025,Dry,1,1,74.4,25.47,83.61,0.3919970228323407,0.29356733110145955,-0.3965530068877158,-5.430165082320645,-11.291890966996736,5.49
City of Calamba,Real,2025,Dry,2,2,140.3,25.69,82.24,0.35714368067647845,0.33118704353334744,-0.3431952702649813,-6.246690271190848,-11.671029008174875,5.49
City of Calamba,Real,2025,Dry,3,3,115.1,26.96,77.9,0.3974934120053716,0.28219357869863576,-0.39628520733804057,-6.148143577255133,-11.684576073571431,5.49
City of Calamba,Real,2025,Dry,4,4,42.4,29.46,71.13,0.34144672319919744,0.2663987403471056,-0.3548032208856388,-6.459860976475837,-12.860894316016331,5.49
City of Calamba,Real,2025,Dry,5,5,152.9,28.81,77.61,0.4361529392035058,0.3720109343140698,-0.37739192203929023,-6.14036024885593,-11.710355066998334,5.49
City of Calamba,Real,2025,Dry,6,6,335.3,27.14,87.86,,,,-4.79907973602193,-11.755278662614371,5.49
City of Calamba,Real,2025,Wet,1,7,345.1,26.89,87.35,,,,-5.557490702124668,-11.741469879271559,1.12
City of Calamba,Real,2025,Wet,2,8,314.3,26.55,88.27,0.3933450186161547,0.3487273051814169,-0.37113384951979533,-5.28858129792562,-11.15435138563548,1.12
City of Calamba,Real,2025,Wet,3,9,359.5,26.02,91.48,0.3934429715182836,0.3336837575876057,-0.3716774755587929,-4.6357878550714355,-11.173589865285233,1.12
City of Calamba,Real,2025,Wet,4,10,278.2,26.35,89.93,,,,-5.490322158309696,-11.318306565187239,1.12
City of Calamba,Real,2025,Wet,5,11,239.0,26.27,88.68,0.40984455446487233,0.27616614290206787,-0.3975245820402134,-4.992461129817623,-11.433984596997213,1.12
City of Calamba,Real,2025,Wet,6,12,75.5,25.71,86.34,,,,,,1.12
City of Calamba,San Jose,2020,Dry,1,1,76.4,25.49,83.1,0.37865396255105255,0.2150756257144409,-0.366142146762115,-6.4975893128457125,-15.866304329461387,5.54
City of Calamba,San Jose,2020,Dry,2,2,70.7,25.01,78.8,0.498561183543994,0.36776387177096326,-0.4306024309631343,-6.67198462029611,-15.153003071988373,5.54
City of Calamba,San Jose,2020,Dry,3,3,17.7,27.3,75.57,0.6250935989689286,0.447972342250567,-0.5639146923499609,-7.61374077379635,-14.800841304692044,5.54
City of Calamba,San Jose,2020,Dry,4,4,50.5,28.53,74.47,0.5275034474035252,0.44739216697561857,-0.47210832734077707,-7.3970048087829525,-14.787963218631752,5.54
City of Calamba,San Jose,2020,Dry,5,5,219.4,29.08,80.76,0.4748630164617707,0.35712889869959696,-0.4500764220341977,-7.020903105919187,-13.72651978340105,5.54
City of Calamba,San Jose,2020,Dry,6,6,292.9,27.98,85.67,0.45207995803296624,0.3240703691045165,-0.441070936238611,-6.576634078572557,-14.800265360280195,5.54
City of Calamba,San Jose,2020,Wet,1,7,342.6,27.42,88.13,0.3483933050592214,0.28973000785413405,-0.36549324041371717,-7.646451230536279,-14.772764660693609,4.52
City of Calamba,San Jose,2020,Wet,2,8,357.5,27.09,88.97,0.5865196018120801,0.47489124325160714,-0.5204757125492524,-7.057174375485679,-14.838187391013014,4.52
City of Calamba,San Jose,2020,Wet,3,9,272.7,27.37,88.32,0.5288086577621178,0.5345473339695803,-0.445400662575855,-7.82331355994962,-13.002801768050702,4.52
City of Calamba,San Jose,2020,Wet,4,10,709.8,26.41,92.03,0.4564290480785606,0.3031456791136192,-0.44779775046565284,-4.608412701096878,-12.0293870825156,4.52
City of Calamba,San Jose,2020,Wet,5,11,496.3,26.3,87.48,,,,-5.750466478866931,-13.233132260018508,4.52
City of Calamba,San Jose,2020,Wet,6,12,350.9,26.0,89.0,0.5372850708220037,0.36202444965811187,-0.4958808042538663,-5.8065304520089365,-13.511157360754401,4.52
City of Calamba,San Jose,2021,Dry,1,1,136.9,24.95,84.97,0.17625312320888042,0.17998647317290306,-0.13039852678775787,-6.716786598774063,-16.241955811327152,6.37
City of Calamba,San Jose,2021,Dry,2,2,96.0,25.07,84.31,0.5180946271440647,0.3007388149585511,-0.4655168889860404,-6.43895344351237,-15.076895867620628,6.37
City of Calamba,San Jose,2021,Dry,3,3,89.7,26.47,83.53,-0.03603150695562363,-0.05591968446969986,0.05301284044981003,-7.351326400539625,-14.830893882087887,6.37
City of Calamba,San Jose,2021,Dry,4,4,22.5,27.63,75.12,,,,-7.504440133889708,-14.51792825071657,6.37
City of Calamba,San Jose,2021,Dry,5,5,129.6,28.91,78.59,0.3992090594884813,0.31873773914667025,-0.42087517138712643,-7.07313163182772,-14.633366399200096,6.37
City of Calamba,San Jose,2021,Dry,6,6,255.8,27.95,84.32,,,,-6.209005329974923,-13.7037202096713,6.37
City of Calamba,San Jose,2021,Wet,1,7,356.0,27.25,88.16,0.17298595021877974,0.12683372310407104,-0.24202032706567222,-6.258455444210802,-15.491922632020824,4.54
City of Calamba,San Jose,2021,Wet,2,8,291.8,27.22,88.01,0.23757733673011594,0.27128400365972183,-0.18563398349611362,-7.847188171207825,-14.081955305208233,4.54
City of Calamba,San Jose,2021,Wet,3,9,439.3,26.81,90.49,0.6312425484190977,0.4447115275149449,-0.5703562207677507,-7.088861281156801,-14.475846128977548,4.54
City of Calamba,San Jose,2021,Wet,4,10,255.2,26.67,87.9,0.42338093663148085,0.3298173801211132,-0.44137880308141836,-6.423483378324341,-12.508875136632522,4.54
City of Calamba,San Jose,2021,Wet,5,11,85.4,26.98,84.05,0.23497137482267588,0.1658548193151822,-0.299399277564201,-5.65097669813855,-12.888876002293745,4.54
City of Calamba,San Jose,2021,Wet,6,12,104.0,25.53,82.13,0.448670861588148,0.29445108072989545,-0.43643413881393006,-7.227818443224976,-13.96875008316893,4.54
City of Calamba,San Jose,2022,Dry,1,1,32.0,25.46,78.84,,,,-7.920435127591051,-15.272837267177703,6.37
City of Calamba,San Jose,2022,Dry,2,2,74.5,26.09,79.64,0.5644049622132985,0.3914181583546139,-0.49965236601712765,-7.5743752607349935,-13.760590399781824,6.37
City of Calamba,San Jose,2022,Dry,3,3,71.3,27.61,77.2,0.5940409693532458,0.4540837300091436,-0.5402768518660545,-7.99825272987907,-13.431765812488813,6.37
City of Calamba,San Jose,2022,Dry,4,4,172.9,27.39,79.04,0.42355577260223826,0.35439862846857406,-0.4121913771331071,-6.748806027232535,-12.009205921319207,6.37
City of Calamba,San Jose,2022,Dry,5,5,214.6,28.15,80.17,0.5049836515183741,0.36937657748621383,-0.4717492950313184,-6.857099860510949,-12.361209464372516,6.37
City of Calamba,San Jose,2022,Dry,6,6,300.6,27.48,85.27,,,,-6.76671447781174,-13.243862333842396,6.37
City of Calamba,San Jose,2022,Wet,1,7,386.3,27.06,88.86,0.4420751417513754,0.3534304957653656,-0.32269765473291534,-6.7519026171835375,-13.803049320748444,3.2
City of Calamba,San Jose,2022,Wet,2,8,424.0,26.55,89.63,-0.119984932243824,-0.16034838557243347,0.128032848238945,-7.508610043748119,-13.500177887277244,3.2
City of Calamba,San Jose,2022,Wet,3,9,324.2,26.82,88.09,,,,-6.941092774333542,-12.347127471239949,3.2
City of Calamba,San Jose,2022,Wet,4,10,477.9,26.78,87.55,,,,-6.142280469349984,-11.881777414037261,3.2
City of Calamba,San Jose,2022,Wet,5,11,138.6,26.62,87.07,,,,-5.757478386059501,-11.374793692240324,3.2
City of Calamba,San Jose,2022,Wet,6,12,127.2,25.53,85.51,0.4717947857791752,0.3275749948613526,-0.44638273678335166,-6.883746688665152,-12.846624787700305,3.2
City of Calamba,San Jose,2023,Dry,1,1,135.1,24.94,84.42,0.503639713342538,0.3565380786146384,-0.47842557884183384,-7.185867537308612,-14.504196651415082,4.43
City of Calamba,San Jose,2023,Dry,2,2,51.4,25.65,79.23,,,,-6.903405407284595,-13.44905977709917,4.43
City of Calamba,San Jose,2023,Dry,3,3,12.8,26.48,73.18,0.4923586974348837,0.4103813488460217,-0.4589376266787441,-8.022398432613718,-13.59963225635348,4.43
City of Calamba,San Jose,2023,Dry,4,4,166.4,27.71,77.56,0.5053507278822517,0.4207774031839158,-0.47640470852492184,-8.36118392878758,-13.574781142577796,4.43
City of Calamba,San Jose,2023,Dry,5,5,176.3,28.29,82.05,0.5012014378205608,0.42158245111330717,-0.45985939558086264,-7.224847523274113,-12.737639306573751,4.43
City of Calamba,San Jose,2023,Dry,6,6,289.8,27.66,85.93,0.46014156719910715,0.34589320538550056,-0.4303440161376151,-6.739580303861586,-13.010788611901916,4.43
City of Calamba,San Jose,2023,Wet,1,7,305.0,27.58,86.32,,,,-7.231777869101817,-14.494048364749757,3.48
City of Calamba,San Jose,2023,Wet,2,8,132.8,28.02,83.2,,,,-7.331564268008478,-13.153173585615928,3.48
City of Calamba,San Jose,2023,Wet,3,9,334.5,27.22,89.36,0.6183424562681897,0.42143624458457263,-0.5624616029343718,-7.268424500551847,-12.479446764951307,3.48
City of Calamba,San Jose,2023,Wet,4,10,151.4,27.09,86.95,0.36569970631786236,0.30228407399203544,-0.34146927112177466,-6.046131916989223,-11.54649431275017,3.48
City of Calamba,San Jose,2023,Wet,5,11,110.5,26.84,84.44,,,,-6.018006840811956,-11.71579388880987,3.48
City of Calamba,San Jose,2023,Wet,6,12,60.9,26.56,83.86,0.48600434487967636,0.3680600133259441,-0.4609761027612156,-6.27116399493307,-12.24941398237002,3.48
City of Calamba,San Jose,2024,Dry,1,1,10.7,25.85,77.15,0.43203572912121907,0.3143138627162984,-0.4016773268817383,-7.118004980381607,-13.975835002977712,5.15
City of Calamba,San Jose,2024,Dry,2,2,6.2,26.56,74.82,0.6261579299600786,0.42846977619575116,-0.5620558597903835,-7.275586020508433,-13.040016683096793,5.15
City of Calamba,San Jose,2024,Dry,3,3,38.0,27.23,74.68,0.5941651056010022,0.454785649753594,-0.5259958252369075,-7.851405720444939,-12.872216244507044,5.15
City of Calamba,San Jose,2024,Dry,4,4,17.3,29.73,69.56,0.4219722027542417,0.32634732276025274,-0.452914194717865,-7.754955024729041,-13.296134987664852,5.15
City of Calamba,San Jose,2024,Dry,5,5,249.3,29.8,75.44,,,,-7.7584064767979655,-13.309406289490955,5.15
City of Calamba,San Jose,2024,Dry,6,6,380.1,27.95,88.0,0.39458651808816436,0.4030544429861658,-0.36590840561959886,-6.442844381396054,-12.71708253925953,5.15
City of Calamba,San Jose,2024,Wet,1,7,450.3,26.98,89.78,0.36576390763123834,0.367421243339777,-0.31682974596818286,-5.960234854105705,-14.640222829600203,5.09
City of Calamba,San Jose,2024,Wet,2,8,274.3,27.55,87.92,,,,-7.419624103498463,-12.840354621940877,5.09
City of Calamba,San Jose,2024,Wet,3,9,338.2,27.33,87.56,0.3526500931807927,0.2625890581735543,-0.382835114640849,-7.177559597306413,-12.705642361684118,5.09
City of Calamba,San Jose,2024,Wet,4,10,358.6,26.99,87.96,0.4682766737937998,0.3472467650064281,-0.4694036333874993,-6.629278178126075,-11.966108800704848,5.09
City of Calamba,San Jose,2024,Wet,5,11,59.8,27.57,81.93,0.5023595947643806,0.365920889223444,-0.47729226278847664,-6.8023169651767885,-12.774379853943088,5.09
City of Calamba,San Jose,2024,Wet,6,12,228.8,25.97,87.49,0.22254285628304765,0.21553094682886312,-0.1688774896456915,-6.853594426383031,-12.960331771984588,5.09
City of Calamba,San Jose,2025,Dry,1,1,74.4,25.65,83.63,0.39221986649291846,0.29700786708666166,-0.3535865091932763,-6.70263925321443,-13.933434984354252,5.03
City of Calamba,San Jose,2025,Dry,2,2,140.3,25.87,82.26,0.582930588684663,0.5329193667078213,-0.5067000682113545,-7.2570564245777875,-13.03360789340731,5.03
City of Calamba,San Jose,2025,Dry,3,3,115.1,27.14,77.91,0.6389322619653118,0.4948582439670061,-0.5731750950846325,-7.352579370568504,-12.999143191349766,5.03
City of Calamba,San Jose,2025,Dry,4,4,42.4,29.63,71.16,0.44251541695359126,0.37824283399025893,-0.45008630559066837,-7.393918193469103,-14.957497791066848,5.03
City of Calamba,San Jose,2025,Dry,5,5,152.9,28.97,77.63,0.4968214052434127,0.4696413348569668,-0.4652260272158296,-6.897807665056759,-12.761373042548765,5.03
City of Calamba,San Jose,2025,Dry,6,6,335.3,27.31,87.87,,,,-7.445216589098714,-15.356197741330222,5.03
City of Calamba,San Jose,2025,Wet,1,7,345.1,27.05,87.37,,,,-6.199825230049834,-14.965669848626376,2.47
City of Calamba,San Jose,2025,Wet,2,8,314.3,26.73,88.28,0.539000941619642,0.4605202529125586,-0.48554653415698795,-6.972805685016174,-12.901034927148388,2.47
City of Calamba,San Jose,2025,Wet,3,9,359.5,26.2,91.49,0.5793177343206918,0.4358113354408861,-0.518105292418579,-5.671305461831096,-12.8380301625427,2.47
City of Calamba,San Jose,2025,Wet,4,10,278.2,26.52,89.95,,,,-6.331718816787235,-12.157337575393049,2.47
City of Calamba,San Jose,2025,Wet,5,11,239.0,26.44,88.69,0.5189378938720508,0.3498439047809852,-0.47331976550521054,-5.301162384977965,-13.51784140322516,2.47
City of Calamba,San Jose,2025,Wet,6,12,75.5,25.87,86.36,,,,,,2.47
City of Calamba,Uwisan,2020,Dry,1,1,61.8,26.07,78.75,0.5668050740107036,0.38479657924009936,-0.4963473221882819,-7.658907848890011,-15.126058282583893,5.59
City of Calamba,Uwisan,2020,Dry,2,2,46.4,25.68,73.79,0.539910771318751,0.4153897758517457,-0.4701994881985209,-8.295880468768374,-15.643083839749096,5.59
City of Calamba,Uwisan,2020,Dry,3,3,14.2,27.68,72.22,0.4658517177038938,0.34866235949306396,-0.45466218009147363,-8.403538482502608,-15.63641418331497,5.59
City of Calamba,Uwisan,2020,Dry,4,4,20.6,28.75,71.53,0.22860008499624576,0.1975815074582552,-0.2683235732035647,-8.57060244120781,-15.981906784480607,5.59
City of Calamba,Uwisan,2020,Dry,5,5,259.1,29.27,78.73,0.5295147882532532,0.4152596672532543,-0.467666610736343,-7.690897145342763,-14.796869921700187,5.59
City of Calamba,Uwisan,2020,Dry,6,6,206.5,28.55,80.72,0.5332180887146194,0.4197824213146048,-0.4718851701990413,-7.630698188696111,-15.040855866543119,5.59
City of Calamba,Uwisan,2020,Wet,1,7,271.9,27.98,83.27,0.5037004395261153,0.3926771183890302,-0.42812345481360875,-7.691804471037145,-14.15664851773796,4.23
City of Calamba,Uwisan,2020,Wet,2,8,259.5,27.42,86.01,,,,-7.473654078064888,-14.600240497764528,4.23
City of Calamba,Uwisan,2020,Wet,3,9,172.7,27.81,85.16,0.5168391925003448,0.4850857501037966,-0.4342900582760568,-8.013702751406901,-13.541183647851632,4.23
City of Calamba,Uwisan,2020,Wet,4,10,488.6,26.96,88.06,0.4858683377835082,0.34789245444578665,-0.42715772484550824,-5.336556263379041,-12.874858347590788,4.23
City of Calamba,Uwisan,2020,Wet,5,11,369.0,26.85,83.95,,,,-6.886030658079664,-14.94088800365187,4.23
City of Calamba,Uwisan,2020,Wet,6,12,327.8,26.47,85.79,0.41457247690147714,0.26440184211772744,-0.3644275343910428,-7.756465581394812,-15.705939587377834,4.23
City of Calamba,Uwisan,2021,Dry,1,1,108.6,25.44,81.79,,,,-7.436002697883967,-15.539506582872983,5.71
City of Calamba,Uwisan,2021,Dry,2,2,91.9,25.52,80.96,0.5254446539969375,0.3465734856273499,-0.47164752385308445,-7.154769031992529,-14.789702486274235,5.71
City of Calamba,Uwisan,2021,Dry,3,3,63.2,27.1,78.74,,,,-7.975168336924902,-15.45331352652319,5.71
City of Calamba,Uwisan,2021,Dry,4,4,22.2,28.26,70.7,,,,-7.553501891948639,-15.160581075055607,5.71
City of Calamba,Uwisan,2021,Dry,5,5,79.8,29.17,75.08,0.4007911290039846,0.3329457617058624,-0.39432185621514976,-7.866235938160554,-15.235991755881445,5.71
City of Calamba,Uwisan,2021,Dry,6,6,231.7,28.29,81.32,0.1277900905814022,0.1165495894732885,0.031024222013851018,-6.96433055717973,-14.523187174403699,5.71
City of Calamba,Uwisan,2021,Wet,1,7,282.0,27.82,83.5,0.19648288480109646,0.18156979534597625,-0.18096690151160433,-6.1364239279045965,-14.67655812472366,4.52
City of Calamba,Uwisan,2021,Wet,2,8,182.8,27.69,83.83,,,,-7.425257511945633,-13.063315657683116,4.52
City of Calamba,Uwisan,2021,Wet,3,9,360.0,27.31,86.73,0.5344338821968182,0.3691831967705843,-0.46670250579778244,-7.118077968635815,-14.674276238884028,4.52
City of Calamba,Uwisan,2021,Wet,4,10,204.0,27.25,84.08,0.49569481563199025,0.41004272056964114,-0.43223064442200687,-7.275443768261976,-12.859293589798304,4.52
City of Calamba,Uwisan,2021,Wet,5,11,46.7,27.88,77.52,0.269983514283712,0.19656407088041306,-0.35120308857697713,-6.227860986717332,-14.266525919836663,4.52
City of Calamba,Uwisan,2021,Wet,6,12,80.0,26.29,76.48,0.4645398641474865,0.3052331708573174,-0.4069969487629558,-7.259547494099775,-12.86970887338168,4.52
City of Calamba,Uwisan,2022,Dry,1,1,33.1,26.29,72.7,,,,-7.596703990966458,-13.003786657073569,5.71
City of Calamba,Uwisan,2022,Dry,2,2,21.8,26.62,75.0,0.5031610637255898,0.35709693339055565,-0.44329460354602157,-7.477003580107736,-12.787158491033804,5.71
City of Calamba,Uwisan,2022,Dry,3,3,24.7,28.11,72.79,0.4912501271581122,0.36095420260053285,-0.46568587376349196,-7.6514379752496335,-12.7658853606649,5.71
City of Calamba,Uwisan,2022,Dry,4,4,59.5,27.98,74.36,0.4961715734444027,0.4139326507899179,-0.44652071903193613,-7.100944683015865,-12.174386101443552,5.71
City of Calamba,Uwisan,2022,Dry,5,5,215.1,28.4,78.56,0.48627265855293944,0.3464090719410958,-0.4400958939932617,-6.878195335335977,-12.349525746723163,5.71
City of Calamba,Uwisan,2022,Dry,6,6,265.8,28.03,81.84,,,,-6.846445989181661,-12.653541734171716,5.71
City of Calamba,Uwisan,2022,Wet,1,7,299.2,27.41,86.6,0.40215090446198654,0.4648071322443063,-0.32784239516446456,-6.521751805709773,-12.168416857920379,4.47
City of Calamba,Uwisan,2022,Wet,2,8,369.6,26.94,87.34,,,,-7.3182318703509495,-12.46668896580767,4.47
City of Calamba,Uwisan,2022,Wet,3,9,274.8,27.01,86.04,,,,-7.07116199453622,-12.133376535146112,4.47
City of Calamba,Uwisan,2022,Wet,4,10,438.8,27.4,83.52,0.1375416194787249,0.19415450660744682,-0.026070062827784565,-6.414606554885288,-11.903214704422982,4.47
City of Calamba,Uwisan,2022,Wet,5,11,77.0,27.19,83.41,,,,-6.469286523042146,-11.94669986716227,4.47
City of Calamba,Uwisan,2022,Wet,6,12,120.2,26.12,81.56,0.4305276818738643,0.2923969639100546,-0.38734435123667416,-6.878004868047922,-12.806309426298242,4.47
City of Calamba,Uwisan,2023,Dry,1,1,106.7,25.52,80.34,0.37254718026497713,0.23437973346186422,-0.35157057758427135,-7.434891303427125,-13.160464441471426,5.58
City of Calamba,Uwisan,2023,Dry,2,2,72.6,26.29,74.72,,,,-7.459669976132078,-13.017722942315116,5.58
City of Calamba,Uwisan,2023,Dry,3,3,7.5,27.04,68.68,0.43502657640619286,0.3316212867241759,-0.40000252977873535,-8.077072717409843,-13.165690081326906,5.58
City of Calamba,Uwisan,2023,Dry,4,4,130.6,28.1,75.08,0.4493152589447618,0.36616583741227987,-0.4117973578970014,-7.604905574250882,-12.77328164843024,5.58
City of Calamba,Uwisan,2023,Dry,5,5,118.9,28.92,76.85,0.4303400360908828,0.35879413718444175,-0.3893694708713944,-7.363448982366645,-12.438789131260211,5.58
City of Calamba,Uwisan,2023,Dry,6,6,222.7,28.26,80.86,0.4907210797861403,0.40168012274151915,-0.4320235331091751,-6.952769637304575,-12.08843286004556,5.58
City of Calamba,Uwisan,2023,Wet,1,7,338.5,28.3,81.35,,,,-6.406179370361106,-12.2078815180909,4.73
City of Calamba,Uwisan,2023,Wet,2,8,96.5,28.45,80.36,-0.07057758605676809,-0.03535735995845042,0.24477232185502845,-7.313285750901764,-12.600780310766956,4.73
City of Calamba,Uwisan,2023,Wet,3,9,344.9,27.99,83.33,0.49287958186320163,0.34027072335668035,-0.4329267457499601,-6.870399658996583,-12.078240716261247,4.73
City of Calamba,Uwisan,2023,Wet,4,10,169.9,27.91,81.92,0.5161156059668269,0.4096974202036882,-0.453268222985203,-6.484506463214136,-11.580004199181452,4.73
City of Calamba,Uwisan,2023,Wet,5,11,85.3,27.51,81.48,,,,-6.712235630346649,-11.55160696327666,4.73
City of Calamba,Uwisan,2023,Wet,6,12,38.3,27.0,82.51,0.39469454774024404,0.3503762864993703,-0.36525830660084113,-6.53745117936081,-11.873412982618596,4.73
City of Calamba,Uwisan,2024,Dry,1,1,6.8,25.88,79.21,0.46259382300688845,0.3423498676623238,-0.4146543440838358,-6.910417402928146,-12.01387265723285,5.37
City of Calamba,Uwisan,2024,Dry,2,2,10.2,26.21,79.12,0.441943581104521,0.2901492794067646,-0.4238141116816192,-7.157124954836097,-12.207099456814591,5.37
City of Calamba,Uwisan,2024,Dry,3,3,25.7,26.74,79.8,0.45891532766926324,0.3251349126618998,-0.4209445723105076,-7.143323442890584,-12.150179292166891,5.37
City of Calamba,Uwisan,2024,Dry,4,4,12.0,28.77,77.19,0.46206082414811445,0.3538838512345537,-0.45033127398274625,-7.163149102211193,-12.284922317209396,5.37
City of Calamba,Uwisan,2024,Dry,5,5,252.1,29.34,78.62,,,,-7.2640264230365394,-11.927492641061834,5.37
City of Calamba,Uwisan,2024,Dry,6,6,337.7,28.73,81.76,0.3889345457078892,0.35051700545351666,-0.3601376301353322,-7.227936126433878,-11.967659070269967,5.37
City of Calamba,Uwisan,2024,Wet,1,7,445.0,27.79,83.77,0.24828916242389792,0.2516831434440852,-0.20937655268106176,-6.097785123574392,-13.952805683106599,4.21
City of Calamba,Uwisan,2024,Wet,2,8,275.9,28.21,83.02,,,,-6.855862525471775,-11.898967197995914,4.21
City of Calamba,Uwisan,2024,Wet,3,9,307.0,27.96,83.93,0.5243840923683756,0.3460146922847352,-0.4688082095161277,-6.881334391509701,-11.931142700191726,4.21
City of Calamba,Uwisan,2024,Wet,4,10,308.7,27.86,82.52,0.48396346065322726,0.35329378861249644,-0.4265684411595358,-6.93628701816591,-11.941720613540237,4.21
City of Calamba,Uwisan,2024,Wet,5,11,62.4,27.84,81.69,0.42664175183409153,0.3045530858333043,-0.4050065249563506,-7.181275025381626,-12.27530597419933,4.21
City of Calamba,Uwisan,2024,Wet,6,12,189.7,26.54,84.79,0.3339688326970052,0.27432997346695487,-0.3188473561712599,-6.373844040756955,-11.540859101270453,4.21
City of Calamba,Uwisan,2025,Dry,1,1,51.9,25.95,82.82,0.4263243858402151,0.31309441503080726,-0.396779933241343,-6.653976246317991,-11.956262867031848,5.26
City of Calamba,Uwisan,2025,Dry,2,2,89.6,26.02,82.39,0.310320869771826,0.26834996954617807,-0.27202210583651776,-6.886514761782282,-12.269913538007058,5.26
City of Calamba,Uwisan,2025,Dry,3,3,48.5,26.93,80.85,0.4791530938453556,0.3495789397608687,-0.4420726434081924,-7.149941911189869,-11.957806707409917,5.26
City of Calamba,Uwisan,2025,Dry,4,4,22.0,28.95,76.32,0.43168560675465256,0.3458723954765688,-0.4242899477692999,-7.440011075813558,-15.146124140453388,5.26
City of Calamba,Uwisan,2025,Dry,5,5,167.5,28.91,78.25,0.47961250656024945,0.4033750262278121,-0.44258641879168786,-7.004854578106205,-11.77835545377263,5.26
City of Calamba,Uwisan,2025,Dry,6,6,369.0,27.92,83.1,,,,-5.0892940703336995,-13.281027604519076,5.26
City of Calamba,Uwisan,2025,Wet,1,7,368.5,27.74,82.83,,,,-6.683966286195984,-14.738447573387775,4.5
City of Calamba,Uwisan,2025,Wet,2,8,323.2,27.66,81.96,0.40277989369458955,0.29811409938845346,-0.3477382585702414,-6.996176179194448,-12.168501126193608,4.5
City of Calamba,Uwisan,2025,Wet,3,9,290.4,27.09,85.3,0.45569224409153575,0.3321889399918647,-0.38752940183386525,-6.5055426373059335,-14.2147896410866,4.5
City of Calamba,Uwisan,2025,Wet,4,10,254.2,27.49,83.56,,,,-7.130681784528237,-12.134436060393531,4.5
City of Calamba,Uwisan,2025,Wet,5,11,208.0,27.33,83.68,0.3379585438392137,0.2372587071809545,-0.33992721074681664,-6.318188922842695,-14.537054652995618,4.5
City of Calamba,Uwisan,2025,Wet,6,12,69.9,26.66,81.89,,,,,,4.5
