municipality,barangay,year,season,rain_m1,rain_m2,rain_m3,rain_m4,rain_m5,rain_m6,temp_m1,temp_m2,temp_m3,temp_m4,temp_m5,temp_m6,humid_m1,humid_m2,humid_m3,humid_m4,humid_m5,humid_m6,ndvi_m1,ndvi_m2,ndvi_m3,ndvi_m4,ndvi_m5,ndvi_m6,evi_m1,evi_m2,evi_m3,evi_m4,evi_m5,evi_m6,ndwi_m1,ndwi_m2,ndwi_m3,ndwi_m4,ndwi_m5,ndwi_m6,vv_m1,vv_m2,vv_m3,vv_m4,vv_m5,vv_m6,vh_m1,vh_m2,vh_m3,vh_m4,vh_m5,vh_m6,ndvi_present,s1_present,yield_mt_ha
City of Santa Rosa,Aplaya,2021,Wet,282.0,182.8,360.0,204.0,46.7,80.0,27.46,27.33,26.94,26.89,27.51,25.93,83.44,83.78,86.7,84.03,77.47,76.43,0.2407035380601883,0.28549177619543936,0.4234051286871478,0.3656790127051394,-0.1478605717420578,0.3749827486362586,0.15422280132770538,0.21472401824695145,0.3119538383235341,0.25279272523157176,-0.2884119749069214,0.26376643935065724,-0.14830410107970238,-0.1610111547464674,-0.4166153903761692,-0.3832516251644547,0.16537216305732727,-0.38509561892238936,-3.311406295826387,-6.190448580110998,-3.4690055485879,-6.171518880910874,-4.228754794705371,-6.310498665811431,-11.943357198259433,-11.243549717502935,-11.824381780502883,-11.329886443257156,-12.729254233059297,-11.334267905485564,6,6,5.1
City of Santa Rosa,Balibago,2021,Dry,108.6,91.9,63.2,22.2,79.8,231.7,25.1,25.17,26.72,27.88,28.81,27.93,81.75,80.92,78.69,70.63,75.02,81.25,0.37058846490057656,0.38516742483169353,0.12011607736349106,0.26662334263119297,0.2752623721497888,0.22388944721815068,0.2887903659813294,0.2716697391829184,0.3123483955860138,0.24477936759933952,0.20191600209479954,0.30613420341998265,-0.3465625074632164,-0.3794772826801731,-0.12747757136821747,-0.280223788481629,-0.30121135996942444,-0.1783085337944717,-3.9835483548834585,-3.2258611461494735,-4.402149005866016,-4.410170687460129,-4.6048234727583965,-4.161017059487214,-12.230897845612857,-11.800127258508743,-12.595943913642778,-12.583433018639562,-12.853442222303224,-12.535423422323511,6,6,5.208
City of Santa Rosa,Balibago,2021,Wet,282.0,182.8,360.0,204.0,46.7,80.0,27.46,27.33,26.94,26.89,27.51,25.93,83.44,83.78,86.7,84.03,77.47,76.43,0.4083147590756416,0.412282156087193,0.3979728710036752,0.4078924199458232,0.02249684315174818,0.3527286220613136,0.45811106897890586,0.4442555523953406,0.2917058653716703,0.27771594093444185,0.04675297569483519,0.23950427059785673,-0.33821215644478825,-0.35601974647399875,-0.3854529841246005,-0.3984130656111671,-0.02144805724092293,-0.3528051765945571,-3.2181499093055916,-5.3019114936485785,-3.686849672625607,-5.460058612906273,-3.792163980638706,-5.426865362848335,-11.708253521031324,-11.165505916725985,-12.028237950182548,-11.21572690269068,-12.214871196400122,-11.095435942276211,6,6,4.5
City of Santa Rosa,Balibago,2022,Dry,33.1,21.8,24.7,59.5,215.1,265.8,25.92,26.26,27.74,27.63,28.03,27.65,72.65,74.93,72.74,74.3,78.5,81.8,0.15903330852205932,0.3328334726474422,0.32106815174138476,0.3247984922750186,0.36253908271635726,,0.09280010133695145,0.22764954305532423,0.22241929069115443,0.29219618727816027,0.27380096555094857,,-0.15837200028965107,-0.33687353500817296,-0.34015137544421964,-0.31649937978075443,-0.35586729364710806,,-5.590599194292005,-5.599170605583316,-5.701110742206805,-5.457498628487845,-4.783409634959587,-4.7084356126706846,-11.192714100771207,-11.233230152693903,-11.367730369479045,-11.271307580470163,-10.744618789854522,-10.775548116542677,5,6,5.0
City of Santa Rosa,Balibago,2022,Wet,299.2,369.6,274.8,438.8,77.0,120.2,27.04,26.56,26.65,27.01,26.83,25.75,86.57,87.31,86.0,83.49,83.37,81.53,0.38963255423777005,0.35890135951435603,0.4382545096771234,,0.32905285008381463,0.3769562451484991,0.27331321262022207,0.29490192270862425,0.367278970089143,,0.23443908540983968,0.2606282495069991,-0.38114787129951655,-0.3355875206572535,-0.41138221863523267,,-0.3142343680830646,-0.37190413225657826,-4.38590099777907,-5.207008770201404,-4.397344448596024,-4.196215542832832,-3.763506667738751,-5.2367030524759555,-10.478838298729421,-11.009067011168298,-10.305006694526595,-10.163601443750352,-10.011361286920975,-10.993339258798532,5,6,4.8
City of Santa Rosa,Balibago,2023,Dry,106.7,72.6,7.5,130.6,118.9,222.7,25.15,25.93,26.7,27.74,28.55,27.89,80.29,74.66,68.63,75.01,76.79,80.82,0.4251733031753805,0.33102428482239504,0.28862292452868943,0.3225334202757675,0.3482631376937717,0.37764566303720515,0.29953845622901565,0.30674702754939903,0.20981482858967285,0.24709534335823932,0.31384065428645935,0.299845791888472,-0.4069746796339567,-0.2809245606143791,-0.316174704739729,-0.33479564026873654,-0.3323162235232524,-0.3693947286891537,-5.396900776686785,-5.221311126787851,-5.493198164438217,-5.383071920591533,-5.199310512050502,-4.39332733110408,-11.037129358205117,-10.9167165093047,-11.14367588213212,-11.114750788016483,-11.058363320427691,-10.490048536138607,6,6,4.0
City of Santa Rosa,Balibago,2023,Wet,338.5,96.5,344.9,169.9,85.3,38.3,27.94,28.09,27.63,27.55,27.14,26.63,81.31,80.29,83.28,81.88,81.44,82.48,0.3546176782043794,0.3618323614520877,0.3755000504537023,0.4647119192358775,0.20465608136284924,,0.2667994024443802,0.389817403075812,0.26768963749399083,0.3603876870221052,0.1630792916708049,,-0.3417830561865097,-0.3156672999162754,-0.3671090144611677,-0.4042831506962195,-0.16715060076898053,,-4.131666396625164,-4.444560662981674,-4.235207014861518,-3.8426347063022925,-4.367970375161843,-4.357901823163797,-10.383507711662704,-10.594508145921129,-10.325791099795543,-10.060867839810898,-10.23839069879948,-10.350139448840432,5,6,4.5
City of Santa Rosa,Balibago,2024,Dry,6.8,10.2,25.7,12.0,252.1,337.7,25.53,25.84,26.37,28.42,28.97,28.37,79.17,79.08,79.74,77.15,78.57,81.73,0.0032669794997976444,0.2960065003964965,0.07722054021510151,0.25179900308162717,,,0.0072328683898030275,0.22717784082435363,0.0369383138389329,0.17483705594696483,,,-0.01172913250380329,-0.32061687864169913,-0.09923110936210754,-0.307552661332415,,,-5.172149027938266,-5.276134786128122,-5.40261551957707,-5.5540416247684385,-5.458941868759591,-4.90797058652472,-10.77246752104987,-11.074718753023792,-10.875840764526291,-11.393952231868072,-11.104280382675217,-10.614727333357564,4,6,4.749
City of Santa Rosa,Balibago,2024,Wet,445.0,275.9,307.0,308.7,62.4,189.7,27.43,27.86,27.6,27.49,27.47,26.18,83.7,82.99,83.88,82.46,81.65,84.76,,0.3313465477236399,0.3193975518768634,0.3626165207728979,0.33815159225507735,0.2629576710009321,,0.3148972407224588,0.2373186268873128,0.26318776596277904,0.2482053503958875,0.23754591993781743,,-0.3121297598383752,-0.32514842134462607,-0.3613122979142471,-0.34742242726636297,-0.2464988634463982,-3.3449194279999777,-3.9360245845293744,-4.747948052049933,-4.159650549101185,-5.208421499108468,-3.80919455209386,-12.038159730872938,-10.12964492211539,-10.683472611786176,-10.096336545130812,-10.936730325444092,-9.818887070363443,5,6,4.5
City of Santa Rosa,Balibago,2025,Dry,51.9,89.6,48.5,22.0,167.5,369.0,25.58,25.66,26.57,28.59,28.55,27.55,82.79,82.35,80.81,76.27,78.18,83.04,0.38075953297539433,0.34847322242651546,0.33439893481076755,0.20258840648930962,0.2647029680772467,,0.2995352204191526,0.2675334981832521,0.24805707953249065,0.16300313399662655,0.2058779909911379,,-0.3822287545127555,-0.34597643339629847,-0.34400912811298345,-0.2353144936066248,-0.2848113220146399,,-4.533712116091227,-5.033147697045657,-5.064721246079842,-4.476952653647819,-4.835668195654032,-1.9005771079386289,-10.57238667662943,-10.646620992291185,-10.894921333038683,-13.15553976576107,-10.684061416106257,-11.375193966657218,5,6,4.5
City of Santa Rosa,Balibago,2025,Wet,368.5,323.2,290.4,254.2,208.0,69.9,27.39,27.29,26.73,27.12,26.97,26.31,82.78,81.91,85.26,83.51,83.63,81.87,,0.3565720526617843,,,0.36765612384926394,,,0.24923491718694454,,,0.24398774397267395,,,-0.34546471463890926,,,-0.36246099433353207,,-3.555477642457821,-4.351236340416312,-2.580865668250452,-4.410139167397413,-3.18306640300361,,-12.047243341267896,-10.472745544357126,-11.537765572941245,-10.537678336885724,-11.844299629610731,,2,5,4.25
City of Santa Rosa,Caingin,2021,Dry,108.6,91.9,63.2,22.2,79.8,231.7,25.1,25.17,26.72,27.88,28.81,27.93,81.75,80.92,78.69,70.63,75.02,81.25,0.17058667058756777,0.33967972860610846,,0.06995317709341678,0.31646300852126935,0.309506299657558,0.11822070267990624,0.23409253260580767,,0.07431343775322166,0.2558060644539309,0.3262821237935594,-0.2055197084113162,-0.3450889374286478,,-0.1738471385075623,-0.3290031460598416,-0.28011212127820173,-3.433844209401741,-3.570357741252477,-3.7357763103692,-3.639271536687644,-3.8060361562319063,-3.5396910072549805,-13.15150760793869,-12.819856367278405,-13.10088972316189,-12.901139303216329,-12.884696212011038,-12.510166134687005,5,6,4.733
City of Santa Rosa,Caingin,2021,Wet,282.0,182.8,360.0,204.0,46.7,80.0,27.46,27.33,26.94,26.89,27.51,25.93,83.44,83.78,86.7,84.03,77.47,76.43,,0.21579517162674428,0.3661621282239362,0.28856501886742325,,0.36624634514251864,,0.15739218614047618,0.2780273564125789,0.23518302542328587,,0.2623126938688679,,-0.19599433026576724,-0.3697982390567542,-0.31378577111781486,,-0.38031204148381553,-2.741339906163042,-5.54245926516645,-2.9956668042606087,-5.431650226104422,-3.4647167626768125,-5.541396029307949,-12.013316950253657,-10.783030469884398,-12.17092172272436,-10.726127701610197,-12.771097045038848,-10.898098808410374,4,6,5.1
City of Santa Rosa,Caingin,2022,Dry,33.1,21.8,24.7,59.5,215.1,265.8,25.92,26.26,27.74,27.63,28.03,27.65,72.65,74.93,72.74,74.3,78.5,81.8,0.25477102115942335,0.3220492368718263,0.338546542630045,0.309887561542286,0.3608980606965906,,0.21271134442514059,0.23443117310770972,0.26166435005237404,0.29849815877048014,0.29163030545743185,,-0.2613934750825037,-0.33617963875012674,-0.3604193543056256,-0.33880607565062276,-0.3620354733760161,,-5.687802199628428,-5.383088678735247,-5.609391544945088,-5.4530439447020855,-4.80353236719939,-4.743812801653186,-10.834689653486018,-10.810110576150867,-10.867485613551246,-10.652416032193798,-10.161422950460933,-10.187941872208686,5,6,5.0
City of Santa Rosa,Caingin,2022,Wet,299.2,369.6,274.8,438.8,77.0,120.2,27.04,26.56,26.65,27.01,26.83,25.75,86.57,87.31,86.0,83.49,83.37,81.53,0.3783421188047186,0.35978371788493174,0.3310873327794188,,0.2948872509201065,0.30669175301676416,0.3024053984635158,0.2803093603622352,0.2796030806807431,,0.1958329494230802,0.22279295818547562,-0.3726726888231416,-0.34643994620433854,-0.32284039069792425,,-0.29583391825958694,-0.32193347487900387,-4.569227161669304,-5.2921636716086615,-4.9132582208273385,-4.44738529492152,-4.380230588621885,-5.580363283485597,-10.00193539356261,-10.44496778350637,-10.117464849564616,-9.655099895233306,-9.766902174529942,-10.844450475543008,5,6,1.5
City of Santa Rosa,Caingin,2023,Dry,106.7,72.6,7.5,130.6,118.9,222.7,25.15,25.93,26.7,27.74,28.55,27.89,80.29,74.66,68.63,75.01,76.79,80.82,-0.14261233020159936,,0.2977472261510058,0.33157135178101504,0.337241929427656,0.3834112287773504,-0.023172958960963618,,0.2363215338382911,0.27595573269570883,0.29433545864336924,0.2901277483200893,0.12337612402107981,,-0.3219944713465942,-0.33796449699458775,-0.33888730362224384,-0.39261359489051223,-5.68932318520493,-5.690764137400553,-5.7266630233867,-5.387707810414722,-5.111035002526518,-4.524876535737878,-11.104262837360393,-10.940263193895849,-10.892804590699077,-10.708396315714628,-10.556149101890036,-9.97643303567985,5,6,4.867
City of Santa Rosa,Caingin,2023,Wet,338.5,96.5,344.9,169.9,85.3,38.3,27.94,28.09,27.63,27.55,27.14,26.63,81.31,80.29,83.28,81.88,81.44,82.48,0.3759896061013734,0.32554925321057177,0.36690024524418097,0.37760992144626443,,0.33605363937096167,0.2947717459814918,0.32028895206982955,0.2709847020757905,0.3337715952444305,,0.23792509408520254,-0.3696696955239195,-0.3012850710938201,-0.3705293353441094,-0.3667476120768136,,-0.35393547750249055,-4.545076103314734,-4.914528369356754,-4.707418470914301,-4.419501540818061,-4.935198510234817,-4.859309959148954,-10.165066601345469,-10.32329717894578,-10.041585359075523,-9.823252993970762,-10.116842132435812,-10.26663732144893,5,6,4.231
City of Santa Rosa,Caingin,2024,Dry,6.8,10.2,25.7,12.0,252.1,337.7,25.53,25.84,26.37,28.42,28.97,28.37,79.17,79.08,79.74,77.15,78.57,81.73,,0.364719999440094,,0.3705611349535012,,0.293091250390842,,0.27299018865606367,,0.28455437522447735,,0.2695714116722731,,-0.3931297873365281,,-0.3981143511111966,,-0.2190946201223816,-5.244987225884357,-5.067323409701168,-5.023658372796137,-4.979627792363873,-4.912005045244798,-4.781750866269342,-10.433659063424246,-10.325156954410097,-10.06861299890137,-10.257835298022275,-10.14450546371687,-9.86747194889797,3,6,4.722
City of Santa Rosa,Caingin,2024,Wet,445.0,275.9,307.0,308.7,62.4,189.7,27.43,27.86,27.6,27.49,27.47,26.18,83.7,82.99,83.88,82.46,81.65,84.76,,0.3182444891139356,0.37606860026292516,0.3872778224020301,0.3048707126103006,0.26874345240954434,,0.27480782165711076,0.26939047297272417,0.296752632811722,0.21311314546281376,0.22887757730206396,,-0.3101040842200871,-0.370394525967311,-0.3880408036739222,-0.3374648874445542,-0.2755850899373849,-2.284382665766885,-4.415513954301661,-4.656678424515269,-4.910730805010069,-5.244188187300214,-4.837508024271201,-11.62030225123728,-9.986709542523618,-10.189699341972863,-10.293089214707154,-10.698658523741798,-9.963679694414383,5,6,4.5
City of Santa Rosa,Caingin,2025,Dry,51.9,89.6,48.5,22.0,167.5,369.0,25.58,25.66,26.57,28.59,28.55,27.55,82.79,82.35,80.81,76.27,78.18,83.04,,0.2940420554523862,0.32945716222300675,0.3614957514012728,0.3435661510657493,,,0.20992524962920436,0.2682891237809372,0.3149474602764865,0.28606428231767833,,,-0.3063738246291691,-0.34672913004998757,-0.3582829229296938,-0.3574909872905305,,-5.180902796890455,-5.392775687484782,-5.397742479849408,-3.694500910312323,-4.8678191513311475,-2.0351248782177387,-10.786105179348771,-10.93482403724356,-10.684806474431168,-13.239705268443743,-10.253373850889387,-11.607697833636685,4,6,4.5
City of Santa Rosa,Caingin,2025,Wet,368.5,323.2,290.4,254.2,208.0,69.9,27.39,27.29,26.73,27.12,26.97,26.31,82.78,81.91,85.26,83.51,83.63,81.87,,0.30854103106490044,,,0.2734772897633243,,,0.24282296305808182,,,0.1834655293365399,,,-0.31396116984559985,,,-0.28813647995328684,,-2.784506829191649,-5.087571946966687,-2.2441541145957795,-5.105392287296221,-2.9533095074581412,,-12.124083617520396,-10.51948501545177,-11.52662669526519,-10.695264183971135,-12.574685093547902,,2,5,4.5
City of Santa Rosa,Dila,2021,Dry,108.6,91.9,63.2,22.2,79.8,231.7,25.1,25.17,26.72,27.88,28.81,27.93,81.75,80.92,78.69,70.63,75.02,81.25,0.4002601064901501,0.468998280518511,0.11835599690675735,0.3743734003009546,0.35889735889671964,0.3416930782916336,0.3071316634060321,0.33377293440228634,0.324741393327713,0.34933228104626973,0.27669005029289334,0.40508984846588164,-0.3993274830428786,-0.47310280351250145,-0.07086846977472305,-0.3832129078965414,-0.390276509719723,-0.28967143233702103,-4.264073334297432,-3.610064736107555,-4.44831514685264,-4.449163743014227,-4.604166859650916,-4.186574712772201,-11.597500644604793,-11.080931378130629,-11.83643836272682,-11.703095239022884,-11.988454872153719,-11.676198909985228,6,6,4.555
City of Santa Rosa,Dila,2021,Wet,282.0,182.8,360.0,204.0,46.7,80.0,27.46,27.33,26.94,26.89,27.51,25.93,83.44,83.78,86.7,84.03,77.47,76.43,,0.429132347780032,0.47256286147705867,0.44877478164939894,,0.48250391834562684,,0.3724475561839697,0.3435021307705727,0.32350429810090364,,0.32585595579345417,,-0.3875914908153093,-0.47073463737133475,-0.4616636659302644,,-0.48780994731955163,-3.5040921165503134,-5.07403424242963,-3.842901553217568,-4.721874647432041,-4.21964273193406,-4.917318494189776,-11.081386862763962,-11.640656724804789,-11.206576941354939,-11.371118132990766,-11.677626245276194,-11.581623866402312,4,6,5.019
City of Santa Rosa,Dila,2022,Dry,33.1,21.8,24.7,59.5,215.1,265.8,25.92,26.26,27.74,27.63,28.03,27.65,72.65,74.93,72.74,74.3,78.5,81.8,0.15433354577817227,0.4407336220907719,0.4276327750671125,0.4168107794616094,0.4448357793668866,,0.12444167220814957,0.3158505923600529,0.31439558312986887,0.373248728866842,0.3350049198631791,,-0.13287296940143276,-0.4475760867526058,-0.44841265441178474,-0.4107861694790419,-0.44337534408297,,-5.131221015060197,-4.938494797037876,-5.0097118442414175,-4.940823680321617,-4.1734689954365605,-4.186564958867225,-11.643647884934667,-11.501433192871081,-11.674726752252376,-11.529607485849223,-10.958576043383733,-11.00791512955522,5,6,5.14
City of Santa Rosa,Dila,2022,Wet,299.2,369.6,274.8,438.8,77.0,120.2,27.04,26.56,26.65,27.01,26.83,25.75,86.57,87.31,86.0,83.49,83.37,81.53,0.46466967730952463,0.44217168079279134,0.4253483501019406,,0.36665764557347624,0.4676940534668745,0.3295851752045245,0.3358258473296622,0.3897471923163026,,0.24078406670544036,0.32829389840441925,-0.4659448378973814,-0.4317136279122202,-0.41933974238094335,,-0.3743644058158525,-0.47075500345849247,-4.084390731816086,-4.7932160709454985,-4.065811331519003,-4.007990319884379,-3.666468307852861,-4.822262453600449,-10.82627784858726,-11.288801750633619,-10.686389375620573,-10.71706412160579,-10.634655197790208,-11.37107176556611,5,6,3.569
City of Santa Rosa,Dila,2023,Dry,106.7,72.6,7.5,130.6,118.9,222.7,25.15,25.93,26.7,27.74,28.55,27.89,80.29,74.66,68.63,75.01,76.79,80.82,0.48406703246383614,,0.37620415106650024,0.39692192136282256,0.38668960934732394,0.46531306815453843,0.37294223971526774,,0.28610878179272725,0.3073682008384734,0.3412157661895372,0.34423662853781106,-0.4659279650763183,,-0.402506614193022,-0.4150096663006099,-0.3760780003110839,-0.4739074737912465,-4.9853529131796614,-4.71035652789955,-4.89494948562944,-4.803193476352102,-4.765181233667645,-4.019381064608799,-11.449221556067362,-11.424539613213481,-11.655933765247857,-11.46522417179378,-11.501788906835703,-10.854966219502172,5,6,3.945
City of Santa Rosa,Dila,2023,Wet,338.5,96.5,344.9,169.9,85.3,38.3,27.94,28.09,27.63,27.55,27.14,26.63,81.31,80.29,83.28,81.88,81.44,82.48,0.42613280745759013,0.3823114309511786,0.471481509729939,0.37709413644238854,,,0.32000863002576513,0.40312420005630867,0.3268771183761213,0.34613391679456124,,,-0.42988563589313666,-0.352242492416777,-0.4752121047231334,-0.379088414793147,,,-3.8952831225151106,-4.145526917248969,-3.9898761442754114,-3.624161254970601,-4.064344763269843,-4.018744229946181,-10.77606050330271,-10.957382077395048,-10.804667760143978,-10.44205666916743,-10.861964078161115,-10.879285300231153,4,6,3.86
City of Santa Rosa,Dila,2024,Dry,6.8,10.2,25.7,12.0,252.1,337.7,25.53,25.84,26.37,28.42,28.97,28.37,79.17,79.08,79.74,77.15,78.57,81.73,0.0510415347913901,0.4068523049766539,-0.0006163995078002863,0.3525493765031838,,0.332471744998081,0.05345218007763227,0.31463262111608653,-0.012448743144473568,0.25706820388482815,,0.33741964514593786,-0.0853988757977883,-0.4302184931243691,-0.008778441189364952,-0.4058992142411247,,-0.33113108257184143,-4.704830487620263,-4.636990264253316,-4.719331868311747,-4.867034561373582,-4.843357308300075,-4.349669395501363,-11.250869161260754,-11.400926756844457,-11.204468808699716,-11.640761204519622,-11.419702806545471,-11.036671263437691,5,6,4.5
City of Santa Rosa,Dila,2024,Wet,445.0,275.9,307.0,308.7,62.4,189.7,27.43,27.86,27.6,27.49,27.47,26.18,83.7,82.99,83.88,82.46,81.65,84.76,,0.45793162083628747,0.46103664067874245,0.43478747097603176,0.43111382093265804,0.42186833114814926,,0.4103636874354711,0.33573121358740465,0.3190423147909697,0.3177838592549744,0.3494428823060488,,-0.4206311511655787,-0.46402414640296913,-0.44910855949771616,-0.437098351419822,-0.4106565021164586,-3.6287707088896575,-3.920496883092673,-4.26686867682243,-4.056495106881154,-4.602493953153724,-3.5447323259615526,-11.128901379310667,-10.601235978263508,-10.993210945906112,-10.65510581680994,-11.393262882466741,-10.270069277688318,5,6,4.5
City of Santa Rosa,Dila,2025,Dry,51.9,89.6,48.5,22.0,167.5,369.0,25.58,25.66,26.57,28.59,28.55,27.55,82.79,82.35,80.81,76.27,78.18,83.04,,0.3978196117627592,0.38260395856367174,0.3559118782667352,0.3646884609727141,,,0.2867767194810548,0.2923525089191422,0.3118252914623989,0.28381723614256293,,,-0.4128797579898411,-0.40988867526857325,-0.3719596201188444,-0.3893093000570259,,-4.2751512955122415,-4.577292412859638,-4.335034844585627,-4.750159893400429,-4.187506015714672,-2.8067356632439475,-11.02027268476822,-11.049248482320118,-11.184491283184961,-12.232462316543812,-10.832394578811046,-10.578346575996292,4,6,4.5
City of Santa Rosa,Dila,2025,Wet,368.5,323.2,290.4,254.2,208.0,69.9,27.39,27.29,26.73,27.12,26.97,26.31,82.78,81.91,85.26,83.51,83.63,81.87,,0.4340835430892774,,,0.45024834888813886,,,0.32902932353840225,,,0.2920295621242137,,,-0.43511419976670546,,,-0.452515398680144,,-3.657913706218405,-3.9584949325146312,-3.0544408058576282,-4.095232538756986,-3.618223174729326,,-10.963419786689325,-10.824496868295922,-10.596429216471916,-11.022110366154672,-11.008888389588705,,2,5,4.6
City of Santa Rosa,Dita,2021,Dry,108.6,91.9,63.2,22.2,79.8,231.7,25.1,25.17,26.72,27.88,28.81,27.93,81.75,80.92,78.69,70.63,75.02,81.25,0.4337358962059013,0.4747201163120708,0.005415062704640957,0.34863285676285927,0.35058310574732277,0.3830842597789005,0.3518987104752921,0.3359512169505459,0.008713055402040489,0.308162119624658,0.2590496172102115,0.5937556697548736,-0.41356015391923706,-0.46837076469387495,0.021511068153712485,-0.3614845117740711,-0.37832294175825454,-0.28955285037851625,-5.143200443701095,-4.448982299694443,-5.515559209337892,-5.581122689420231,-5.845174555635505,-5.138454686013707,-12.121544071923799,-11.487629338680165,-12.488074916745099,-12.368461793152733,-12.80282473650275,-12.187419322129983,6,6,4.923
City of Santa Rosa,Dita,2021,Wet,282.0,182.8,360.0,204.0,46.7,80.0,27.46,27.33,26.94,26.89,27.51,25.93,83.44,83.78,86.7,84.03,77.47,76.43,0.4033866710960862,0.4367814551958334,0.5018369778854758,0.4891469638843938,-0.01287660995413634,0.48709907997264146,0.3765493511750515,0.4409743515967281,0.3720647973874062,0.3491316565602053,-0.08797114168886433,0.3391506255211491,-0.36746758321272366,-0.39927438522339803,-0.47952794156967726,-0.4763451370788907,0.04354544641682878,-0.481182513971576,-4.448926583380646,-5.002858825996987,-4.853738472010975,-4.988717668520032,-5.085576961879384,-5.050532834501572,-11.545003023574045,-11.868815371396355,-11.782117528305518,-11.813470092932834,-12.073498174989675,-11.785593746375332,6,6,5.067
City of Santa Rosa,Dita,2022,Dry,33.1,21.8,24.7,59.5,215.1,265.8,25.92,26.26,27.74,27.63,28.03,27.65,72.65,74.93,72.74,74.3,78.5,81.8,0.11672237089666673,0.42809412088955945,0.42976969760116196,0.42213677130642246,0.47768384101078515,,0.07140417814445482,0.29786660628470274,0.30303522080772155,0.36866032501938284,0.366086631809774,,-0.1611886416026886,-0.4294610235891581,-0.4395414992658274,-0.40739167258054343,-0.4554117837340921,,-5.12164764663337,-5.150316940519621,-5.23456069406165,-5.0520973524906125,-4.310550556203446,-4.242804075181831,-11.87330685467063,-11.812800824193198,-11.897461045614964,-11.834050383766543,-11.321257953238147,-11.343596822338215,5,6,5.027
City of Santa Rosa,Dita,2022,Wet,299.2,369.6,274.8,438.8,77.0,120.2,27.04,26.56,26.65,27.01,26.83,25.75,86.57,87.31,86.0,83.49,83.37,81.53,0.5120530406327366,0.46176397744493736,0.4951946497760296,0.5258098443349203,0.433023117690034,0.5038561770029927,0.3721567468907895,0.37708177702815504,0.4326230066929365,0.36926279465357464,0.31872817936368103,0.36097574328074056,-0.48815774797541067,-0.43107698527813637,-0.4652713783528702,-0.4649700919787089,-0.40558603248857356,-0.48617661743958335,-4.067749439556238,-4.704606761086543,-4.124446791908056,-3.8729754395806237,-3.701173640742346,-4.890405179419831,-11.01646530893433,-11.554084950785343,-10.994204019289873,-10.802112231357256,-10.787288455610916,-11.61757798229524,6,6,4.341
City of Santa Rosa,Dita,2023,Dry,106.7,72.6,7.5,130.6,118.9,222.7,25.15,25.93,26.7,27.74,28.55,27.89,80.29,74.66,68.63,75.01,76.79,80.82,0.5307245458817118,0.3613749898450319,0.37900131872742215,0.4071373965995911,0.4173073754078238,0.512787223333361,0.38356740587518345,0.3461910049582638,0.27890968379697595,0.30782218883929907,0.36591501760870493,0.40591587561947834,-0.5085918223767154,-0.29836606580850694,-0.40000346328206693,-0.41297115000421974,-0.390164912710391,-0.48924168941180957,-5.048430852543002,-4.839921909289262,-5.212853817619012,-5.058612863421292,-4.933425046189695,-4.328727808349213,-11.740981910649776,-11.628119298956841,-11.914813334608937,-11.959230723997194,-11.767076779942299,-11.328146306698658,6,6,4.754
City of Santa Rosa,Dita,2023,Wet,338.5,96.5,344.9,169.9,85.3,38.3,27.94,28.09,27.63,27.55,27.14,26.63,81.31,80.29,83.28,81.88,81.44,82.48,0.4574433865591087,0.46099531016590284,0.5056123826794084,0.40284382605793034,,,0.36893339460155733,0.5114706445877493,0.35896125122406874,0.35999014861070067,,,-0.43904575579246935,-0.35780923643043216,-0.4867694297886155,-0.3886932749791975,,,-4.068455954324591,-4.374097391723637,-4.14796229525193,-3.7485782425915817,-4.226718140636034,-4.181575964073446,-11.16130458285389,-11.339609294390318,-11.075981658937842,-10.866170193203107,-11.077550855755025,-11.132669618062621,4,6,4.463
City of Santa Rosa,Dita,2024,Dry,6.8,10.2,25.7,12.0,252.1,337.7,25.53,25.84,26.37,28.42,28.97,28.37,79.17,79.08,79.74,77.15,78.57,81.73,0.011102098505944014,0.3879636103642403,0.2521017980166862,0.3570968185972806,,0.39187151590983077,0.02864453149959445,0.2716477157047962,0.17071687388689194,0.24737650663965757,,0.37066173561745225,-0.011099037326251466,-0.4182015691021724,-0.25785429945633964,-0.40830229137876045,,-0.3726322956383228,-4.9777863213411315,-5.110274644624521,-5.239661519718715,-5.352228077871654,-5.227364700111529,-4.565496557498384,-11.61204897451511,-11.849210503532037,-11.756088381481684,-12.334353009863271,-12.015474167845575,-11.442093223244212,5,6,4.618
City of Santa Rosa,Dita,2024,Wet,445.0,275.9,307.0,308.7,62.4,189.7,27.43,27.86,27.6,27.49,27.47,26.18,83.7,82.99,83.88,82.46,81.65,84.76,,0.41813256642519087,0.4935966188933923,0.4924475635007939,0.4505359779592366,0.5097233081045314,,0.40363198104088294,0.3754755667685822,0.3673982564695898,0.32942102523805045,0.3950143449307461,,-0.3860993222268388,-0.4668859502739943,-0.4768543498192885,-0.4531151568228992,-0.4766840402835151,-4.936687500442448,-3.94255635010025,-4.507036387392563,-4.092591310999716,-4.840373209448861,-3.709601799092609,-11.839395321024986,-10.986848698310736,-11.496947317501741,-10.913904045952599,-11.699573430866351,-10.627972487338432,5,6,3.965
City of Santa Rosa,Dita,2025,Dry,51.9,89.6,48.5,22.0,167.5,369.0,25.58,25.66,26.57,28.59,28.55,27.55,82.79,82.35,80.81,76.27,78.18,83.04,0.5956449934572299,0.4722578473509203,0.4410717063806042,0.3098104768392186,0.3792104582189825,,0.42648910632239717,0.36331150850287947,0.3305707220706238,0.25906808907571033,0.28273004005627683,,-0.5187073237689909,-0.4511579599781201,-0.44414922375869526,-0.30783749421167644,-0.3937992282578736,,-4.2395531750387185,-4.776318660328161,-4.805246166101596,-6.0692479500942795,-4.554771767804584,-3.9647051167392737,-11.300981162784774,-11.523074455029853,-11.681831998009294,-13.078232092559578,-11.45297078141595,-11.25461680644175,5,6,4.522
City of Santa Rosa,Dita,2025,Wet,368.5,323.2,290.4,254.2,208.0,69.9,27.39,27.29,26.73,27.12,26.97,26.31,82.78,81.91,85.26,83.51,83.63,81.87,,0.4809978005778479,,,0.4922162795756721,,,0.3705371471851534,,,0.32916835188261345,,,-0.45616963132216204,,,-0.4739384546859574,,-5.037260051254411,-4.167945731153274,-4.295747914615059,-4.319876122738359,-4.897371127439188,,-11.70312726215731,-11.290843957672369,-11.279278703473597,-11.473785856811235,-11.750136095749781,,2,5,4.5
City of Santa Rosa,Labas,2021,Dry,108.6,91.9,63.2,22.2,79.8,231.7,25.1,25.17,26.72,27.88,28.81,27.93,81.75,80.92,78.69,70.63,75.02,81.25,0.37661392014518563,0.3849814690333049,0.013490201847162098,0.28970881601451043,0.31888062206220225,0.3251428628978106,0.2739769380617003,0.2680139907474581,0.01753536384785548,0.2747369263141243,0.24656251096539655,0.3793017783153296,-0.37336880153606183,-0.40191425132029934,-0.0010743392631411552,-0.3072510456746896,-0.34445808963882324,-0.2882557304897914,-3.869976506027594,-3.3427058935680507,-4.180154628893432,-4.131890568268963,-4.335098432627478,-4.158955109040581,-10.941371030487312,-10.57849326228968,-11.178077959159161,-11.034783516160399,-11.2451613823824,-11.09964571537249,6,6,5.217
City of Santa Rosa,Labas,2021,Wet,282.0,182.8,360.0,204.0,46.7,80.0,27.46,27.33,26.94,26.89,27.51,25.93,83.44,83.78,86.7,84.03,77.47,76.43,,0.17261082844601736,0.397951188759864,0.4088801541882886,-0.03415095441353818,0.3930273605891384,,0.13398797671672785,0.2869632447481314,0.29589318540092996,-0.712505205689619,0.26211033628334174,,-0.1528639841983224,-0.40111298165545367,-0.41472241616381395,0.06350342432657878,-0.40713982507367946,-3.160845715308583,-4.601796065680078,-3.5131302911855724,-4.590316465059663,-3.8214866307796016,-4.6359872146918475,-10.571530254742324,-9.81724885287534,-10.892610389255333,-9.749222261792712,-11.210088649965497,-9.889775431933367,5,6,5.161
City of Santa Rosa,Labas,2022,Dry,33.1,21.8,24.7,59.5,215.1,265.8,25.92,26.26,27.74,27.63,28.03,27.65,72.65,74.93,72.74,74.3,78.5,81.8,0.3161787658367758,0.3528819961757754,0.3531441498061618,0.2623133294830991,0.3673029454298729,,0.21372467275769538,0.24634974016063085,0.253568123825086,0.24150457826908667,0.27682876886324115,,-0.3161020762143294,-0.36538840437210346,-0.37679756189980085,-0.23540443890195323,-0.37443433787641534,,-4.712146765009,-4.625988202990153,-4.772311015774388,-4.525566865153614,-3.9230696653107717,-3.9565051841265126,-9.829401073487718,-9.732089368448401,-9.754966325116314,-9.731397100331833,-9.4454427298913,-9.522545406122582,5,6,5.23
City of Santa Rosa,Labas,2022,Wet,299.2,369.6,274.8,438.8,77.0,120.2,27.04,26.56,26.65,27.01,26.83,25.75,86.57,87.31,86.0,83.49,83.37,81.53,0.39902550163272504,0.3802815509467302,0.370871386008314,,0.3458003032756947,0.3911760543042366,0.28650411423124406,0.2845279473269529,0.29853793202018536,,0.23129701130043034,0.2707015928842248,-0.4014958541281618,-0.3717041428835024,-0.36652313315204726,,-0.34102403744979654,-0.3959990558255773,-3.883007448509258,-4.488711003176101,-3.8012906253435914,-3.508841548918187,-3.3488865895156152,-4.46146895733586,-9.291008447751343,-9.637638069271404,-9.212571112811455,-9.0877194009652,-8.977615947303573,-9.646049617393706,5,6,4.778
City of Santa Rosa,Labas,2023,Dry,106.7,72.6,7.5,130.6,118.9,222.7,25.15,25.93,26.7,27.74,28.55,27.89,80.29,74.66,68.63,75.01,76.79,80.82,0.31983027627828303,0.2286873196717351,0.31092100211333,0.33614955969561844,0.3683644226619416,0.4136145900566353,0.21882106046794667,0.17446364369243383,0.22879086086561093,0.2562041794680639,0.30518608102243683,0.31402119994824884,-0.29948861997210147,-0.19951587496325374,-0.3407322059973546,-0.35473637091987453,-0.36856625287331357,-0.42120071657029756,-4.562231322623321,-4.478577090670522,-4.541959323435433,-4.277277307690088,-4.201076841260988,-3.556154657386769,-9.754800490029227,-9.65988538094001,-9.695811010542858,-9.60130486846301,-9.560303228032796,-9.067326295145419,6,6,5.0
City of Santa Rosa,Labas,2023,Wet,338.5,96.5,344.9,169.9,85.3,38.3,27.94,28.09,27.63,27.55,27.14,26.63,81.31,80.29,83.28,81.88,81.44,82.48,0.3774787235239174,0.28894719136483593,0.3952692739616922,0.2726688684516585,,0.40366132579551456,0.26684292971298385,0.26013872847004643,0.26492088094990535,0.2395214670287445,,0.2672417616912584,-0.37866763534692843,-0.28995239084941904,-0.40116507465154494,-0.3037607857236637,,-0.4260938568762281,-3.365357004701418,-3.7301014577819,-3.585063979574283,-3.2582505565221735,-3.7852352939483986,-3.7235541075673235,-9.071811141040548,-9.304116238674784,-9.143484273498565,-8.940956933294528,-9.240837373628148,-9.197896284824488,5,6,4.5
City of Santa Rosa,Labas,2024,Dry,6.8,10.2,25.7,12.0,252.1,337.7,25.53,25.84,26.37,28.42,28.97,28.37,79.17,79.08,79.74,77.15,78.57,81.73,0.0073479920160025355,0.33537406964271693,0.3283735247867307,0.32044711639071854,,,0.0067706193774938585,0.23108675836172796,0.2400120528075862,0.23242922152190612,,,-0.005260212719440461,-0.37209943029782305,-0.34004505227457227,-0.3632958490434897,,,-4.269788126785051,-4.177314912026122,-4.313213405377446,-4.457815104244033,-4.355681505689617,-3.9611698144717216,-9.524878927132745,-9.56662821475243,-9.48871179546568,-9.769754973321103,-9.57690446284907,-9.240622856848,4,6,4.577
City of Santa Rosa,Labas,2024,Wet,445.0,275.9,307.0,308.7,62.4,189.7,27.43,27.86,27.6,27.49,27.47,26.18,83.7,82.99,83.88,82.46,81.65,84.76,,0.3276662861811451,0.3949780770085422,0.38928457711553766,0.3669917484633668,0.3363380239931191,,0.28593093295373473,0.2794085827820206,0.2848577339717085,0.2548845204211007,0.26283339735967487,,-0.3217905776091096,-0.39831631930236555,-0.3951679132368264,-0.38582665586898596,-0.3272816413932775,-3.539513247738484,-3.3827047855544508,-3.950747296820748,-3.821843377246302,-4.356643552264062,-3.189978186469506,-10.817091889025532,-9.05557340616184,-9.42304061926103,-9.210434646676976,-9.658270314113889,-8.741407677410873,5,6,4.5
City of Santa Rosa,Labas,2025,Dry,51.9,89.6,48.5,22.0,167.5,369.0,25.58,25.66,26.57,28.59,28.55,27.55,82.79,82.35,80.81,76.27,78.18,83.04,,0.36239309607283665,0.34466193936156825,0.30977657817814525,0.31086888235666627,,,0.2681226352504193,0.26496147986570723,0.24625344893600168,0.24128227965523402,,,-0.3699485952427524,-0.3621445498496499,-0.3349013623630425,-0.334382331493095,,-3.939543588693658,-4.337045262881756,-4.350209422528346,-4.647440665672697,-3.839899586112937,-2.3682808213185433,-9.414083661199212,-9.529850814902124,-9.453739587459028,-11.905999734813706,-9.1715430611118,-10.14326014023938,4,6,4.5
City of Santa Rosa,Labas,2025,Wet,368.5,323.2,290.4,254.2,208.0,69.9,27.39,27.29,26.73,27.12,26.97,26.31,82.78,81.91,85.26,83.51,83.63,81.87,,0.355119839924238,,,0.3758562964814065,,,0.24994068998354746,,,0.24087604998148957,,,-0.36198943913711223,,,-0.384850332494844,,-3.690461525570928,-3.574955889832661,-3.1192186142148994,-3.7012571792568605,-3.4388938913061167,,-10.642051865648506,-9.333816851120876,-10.353625842133269,-9.336036335694809,-10.568182926457174,,2,5,4.411
City of Santa Rosa,Macabling,2021,Dry,132.8,68.2,56.8,16.8,80.9,269.4,24.65,24.76,26.33,27.65,28.73,27.46,82.81,81.88,80.0,71.36,75.01,82.7,0.4727938568894542,0.5052703241345168,0.034008761096629314,0.3643178873066342,0.3455863317873059,0.2773995433341374,0.37408082370471096,0.35661931321521767,0.09928305010544136,0.34094654540947583,0.25251473372793937,0.39887053240090625,-0.4334785066940911,-0.47796112318428374,-0.022139295702800155,-0.37374457680385476,-0.37129866973216274,-0.2290576396256008,-5.857343662398315,-5.133300606100194,-6.314299782824163,-6.425429423038415,-6.576572843407205,-5.9028444526627375,-13.412338773501691,-12.759331466132869,-13.721333997457046,-13.782151577528081,-14.047068412964293,-13.412276060506173,6,6,5.32
City of Santa Rosa,Macabling,2021,Wet,273.5,250.0,446.1,234.3,64.5,78.5,26.94,26.91,26.45,26.31,26.93,25.55,85.3,85.03,88.34,86.36,80.16,77.37,0.49052190195236894,0.5859815865842393,0.4755753030234521,0.48847494902967137,0.005071842611801844,0.49903350668907265,0.7617575446409838,0.6385313056453017,0.3471734677542949,0.3223225511587657,-0.01720686753590902,0.34991661839003746,-0.3770317445908274,-0.48822460790688643,-0.45151930204318275,-0.4621140749833617,0.009982255994583723,-0.47556990141208216,-4.916459557177859,-6.393889923266559,-5.2972552558192705,-6.665623073491695,-5.567034809631216,-6.615795439043952,-12.501171033209493,-11.99371118952582,-12.743258458842238,-12.605845817034837,-13.328673189320673,-12.260782918348118,6,6,4.799
City of Santa Rosa,Macabling,2022,Dry,32.3,28.8,32.6,64.0,289.1,324.6,25.52,26.04,27.61,27.42,27.85,27.24,73.91,75.32,72.64,74.63,78.12,82.54,0.39210232576498616,0.39919359194681975,0.4116405863504298,0.3750439856093289,0.4580287313764565,,0.20791627283996114,0.2808953491668392,0.31495923143298493,0.3814423910439857,0.34484855043725643,,-0.34653185666180575,-0.395326226954414,-0.4155637449995585,-0.3556863505206582,-0.428207411198922,,-6.815391902510823,-6.7244440339480605,-6.9056123709916175,-6.734152330309043,-5.823895342408247,-5.630089409511146,-12.420451368837822,-12.436032789477224,-12.573462095748607,-12.312409817047755,-11.638471562491505,-11.42479835607164,5,6,5.079
City of Santa Rosa,Macabling,2022,Wet,376.5,528.4,357.0,485.2,113.6,99.8,26.6,26.05,26.15,26.4,26.3,25.32,87.33,88.39,87.11,85.97,85.33,82.81,0.5193628914972432,0.47607397416303393,0.36366737158387796,,0.4621736519534585,0.48476536489897876,0.33324283408752037,0.38717260076854304,0.37586998528450316,,0.3409565927079647,0.3474069254881398,-0.4793979201061309,-0.4294094794780322,-0.3379828657823813,,-0.4226220860589756,-0.4555271463228443,-5.5920733025894735,-6.280976880205482,-5.7323722531385535,-5.289087966011776,-5.2059175070281904,-6.421039678129301,-11.325715179647725,-11.788142267339122,-11.289104176544976,-11.031275499600227,-10.97141322969239,-11.900753130559805,5,6,4.431
City of Santa Rosa,Macabling,2023,Dry,114.5,70.9,11.6,134.2,127.0,284.7,24.79,25.6,26.46,27.51,28.3,27.39,81.23,75.21,69.12,75.06,76.99,82.66,0.5143787008609934,0.3912446009400628,0.35393563965904495,0.41690313209487134,0.41114196260210195,0.5072777036197282,0.3680286108899312,0.3337382156456745,0.2630026949449766,0.3261310199109666,0.38424463874419784,0.35537446457952376,-0.4707651758611393,-0.33935298525565144,-0.37725815205617935,-0.40680367061141864,-0.37475107276470504,-0.47183394289206804,-6.557633522306422,-6.464535393261553,-6.781550754470943,-6.484175921225745,-6.39084991305869,-5.38718976513027,-12.023183343738193,-11.997627349036515,-12.261756053497676,-12.04382350303451,-12.01876040954869,-11.191629670587123,6,6,4.792
City of Santa Rosa,Macabling,2023,Wet,314.1,77.0,294.1,148.2,85.2,37.5,27.34,27.73,26.96,27.0,27.1,26.71,83.05,79.25,85.85,82.98,78.81,78.92,0.46869213375786384,,0.4670235966015629,0.5087424340322365,0.3828426594142664,0.3743669790686062,0.35102176575168664,,0.33530262755620965,0.4024578443029112,0.2721342862686527,0.26049391130483385,-0.4318087041672125,,-0.44014663541409016,-0.4374747347550763,-0.32489385488977657,-0.38405500658520375,-5.371194933551883,-5.782702176252081,-5.478018008175862,-5.087404863463861,-5.471191782424945,-5.5057118807216465,-11.200306441837485,-11.523254892225264,-11.393686096535449,-11.041083340109783,-11.258555947203423,-11.296634505628486,5,6,4.55
City of Santa Rosa,Macabling,2024,Dry,10.6,10.1,24.1,11.8,225.4,348.6,25.82,26.22,26.86,29.14,29.3,27.71,73.39,72.95,73.04,69.37,74.17,85.13,0.0022034631139831624,0.399529211064812,0.305446425574778,0.30793292755551654,,,-0.005771811181330125,0.28550364890927815,0.21630463291934807,0.18146265107647516,,,0.005167579589033267,-0.41663551350847533,-0.32603690404932445,-0.3601575891524099,,,-6.457343874477909,-6.447818418898176,-6.485919429914686,-6.710273185728305,-6.677163371761682,-5.989953661745119,-11.936510059376948,-12.08085340375737,-11.935932665645973,-12.445448006467542,-12.234072505865264,-11.608237613335959,4,6,4.648
City of Santa Rosa,Macabling,2024,Wet,474.7,239.8,290.4,349.0,80.8,171.3,26.65,27.08,26.83,26.68,27.33,25.77,87.47,85.91,86.58,85.77,79.66,85.29,,0.401441479679365,0.45244047857888364,0.45470758272469364,0.42525443390102735,0.45852594673199065,,0.3891152178197385,0.3201930079392031,0.3685614640762763,0.30780881328370957,0.35884014387397145,,-0.36840314937594754,-0.42124262604021456,-0.43092944421808616,-0.4197504440705326,-0.4184347238183558,-4.654477246434207,-5.183300424478629,-5.764633832975094,-5.345260005099163,-6.321065851847453,-4.88262619626259,-12.628007287378917,-11.104367773782766,-11.679526125897636,-11.23678154307052,-12.100056088240635,-10.794675951060063,5,6,4.5
City of Santa Rosa,Macabling,2025,Dry,50.6,89.2,58.4,15.7,145.2,346.7,25.41,25.65,26.95,29.36,28.59,26.84,81.11,79.39,74.67,67.98,75.46,86.3,0.3403014330303151,0.42414486795434575,0.390453005985915,0.3334631794851931,0.33251647948950896,,0.22687585230554944,0.34206714036486013,0.33680763876019676,0.2677463430935485,0.24978011592025268,,-0.32885703201597594,-0.40446818941617335,-0.3806010108206768,-0.3582622436928523,-0.3416405577390685,,-5.827415723653264,-6.304345906851724,-6.22227609552905,-6.129399122362208,-5.838564288331223,-3.325679764862797,-11.741274730875636,-11.874161170143624,-12.014754215190269,-14.20483118828053,-11.574011893157177,-12.063328482548766,5,6,4.5
City of Santa Rosa,Macabling,2025,Wet,370.6,295.5,341.4,238.1,219.9,64.5,26.62,26.61,25.92,26.44,26.5,26.24,85.08,83.89,88.9,86.65,84.46,79.33,,0.4130176127688965,,,0.4624925894465884,,,0.6091432459721472,,,0.3165414956765466,,,-0.39245735869933407,,,-0.43212239473094716,,-4.862267781694459,-5.400233817830243,-4.276809122321341,-5.596410399971014,-4.813333146560174,,-12.627034581515648,-11.465188786784118,-12.312608379046257,-11.631128480879413,-12.71393138747747,,2,5,4.487
City of Santa Rosa,Malitlit,2021,Dry,113.8,76.6,76.3,16.6,106.8,261.1,24.2,24.31,25.8,27.11,28.24,27.27,85.41,84.6,83.45,74.34,78.01,83.31,0.5793624173258933,0.6060407216506377,,0.4199557511459093,0.38132694857786614,0.4162730829269164,0.4654794527937426,0.4606776382767724,,0.36981767352428563,0.2665416578142654,0.8299813584030935,-0.5131401670802652,-0.547708719394534,,-0.40799510229525887,-0.40677067781808923,-0.27953463157665703,-6.88613655423265,-6.0471618467311545,-7.691181488933303,-7.788657516400836,-8.29495597537509,-6.72255636523583,-13.635350192652448,-12.763122187786454,-14.382244645155629,-14.620118243570435,-15.198278870752828,-13.703733079069218,5,6,4.872
City of Santa Rosa,Malitlit,2021,Wet,314.7,248.9,395.8,234.5,64.6,97.0,26.68,26.56,26.16,25.94,26.37,24.97,86.49,86.84,89.41,87.93,83.82,81.23,0.7049258532217942,0.5625600408070648,0.6393069596454062,0.6155837699783848,,0.6246859739128305,0.7065008036712568,0.6193882464648134,0.48860805135852414,0.4586955233275782,,0.4587086230643629,-0.5879143429369335,-0.48504054844329614,-0.5681252823391425,-0.5580147790493121,,-0.5701953626858999,-5.872851363483201,-7.091374023866762,-6.778616282903853,-6.866103089582579,-6.130197672265599,-6.7401375219563855,-12.796580304132586,-12.853821556233664,-13.337097464276388,-12.570302200193574,-12.742169611557157,-12.48722057892377,5,6,5.053
City of Santa Rosa,Malitlit,2022,Dry,42.6,41.4,63.6,122.2,238.6,315.0,24.98,25.54,27.11,26.88,27.51,26.86,77.6,78.53,75.68,77.67,80.01,84.55,0.338020418183624,0.5568645471086753,0.5319323692128448,0.5008309552385082,0.5832870994673104,,0.29317134300376085,0.4041735024516148,0.3930079454505695,0.42702674621035014,0.42625883466622927,,-0.274472609163458,-0.5063605127772302,-0.4962184393630247,-0.44919131747970253,-0.5159960248656205,,-6.7397066117860955,-6.9311818867999735,-7.271191186026666,-6.506928893495316,-6.519879907129114,-6.143526027502774,-12.602398485687871,-12.659215553811222,-12.951488682074983,-12.329050232078874,-12.435859668672398,-12.131328551542136,5,6,5.036
City of Santa Rosa,Malitlit,2022,Wet,366.4,439.8,332.9,459.5,94.1,122.2,26.34,25.88,26.05,26.11,25.9,24.85,88.42,88.97,87.63,87.21,87.19,85.38,0.6452971011115823,0.5735958767294034,0.5897819691695835,0.5713416321413529,0.2986836112669478,0.6291952030856386,0.4807873252294397,0.4993661262174253,0.5234280547209953,0.5796185456517972,0.2611556201694011,0.4913439913864667,-0.5754231793795854,-0.5039284510424009,-0.5206819448614778,-0.48443581550431286,-0.2770020995506092,-0.571219100085924,-6.015902986118089,-6.35150392063883,-6.223750750838754,-5.896303873141649,-5.471927818745246,-6.484148216286133,-11.991175411776346,-12.096544780870447,-11.887654971880783,-11.506331491774239,-11.248648737595943,-12.255297966486273,6,6,4.325
City of Santa Rosa,Malitlit,2023,Dry,102.1,62.5,20.4,152.3,145.2,249.6,24.28,25.05,25.93,27.07,27.77,27.08,83.93,78.39,72.44,77.46,80.15,84.24,0.6478611794836145,0.37189365174319283,0.4463272210423627,0.5018785297230772,0.4476209406259835,0.6423062987434228,0.4805276810243411,0.5098898840917119,0.32316598289104614,0.36566457314128514,0.43440079406224696,0.5194888594481943,-0.5880297414330912,-0.3073452810983399,-0.4432824252305529,-0.47123786648038146,-0.39856851664597276,-0.5716523333028738,-6.647067980134043,-6.542721896998631,-7.510066177745398,-7.353714018148954,-7.504139165446139,-6.662752164701648,-12.468074471794091,-12.422778582959388,-13.266754535827912,-13.300694686323798,-13.270889446222485,-12.70404792871464,6,6,4.672
City of Santa Rosa,Malitlit,2023,Wet,302.7,76.7,279.8,133.9,85.4,51.6,26.99,27.56,26.67,26.52,26.39,26.06,84.94,80.02,87.32,85.87,82.43,82.26,0.5311851832943795,0.5093035449814897,0.6408975739043196,0.4433909470943773,,0.5222781717777252,0.46274534502540615,0.700245514097043,0.47114427146267873,0.3978112200824307,,0.5368830837309362,-0.47989322660815,-0.3980891642978093,-0.573197195853719,-0.3816751958253097,,-0.44440341740846634,-6.472549065089699,-6.746533719709632,-6.333666286021038,-5.912668432868388,-5.897974385803676,-5.983152576586769,-12.380675018200778,-12.610044207254212,-12.126166044412823,-11.801189701183983,-11.69491475051288,-11.831057027366837,5,6,3.865
City of Santa Rosa,Malitlit,2024,Dry,8.3,14.0,30.1,31.7,246.1,320.8,25.26,25.79,26.42,28.72,28.86,27.37,76.12,75.0,75.24,71.78,76.42,86.59,0.6394918328692307,0.4783265500837008,0.41396341485091875,0.3409404155576867,,0.7931665383376083,0.490334224042791,0.3156358775763873,0.272023571598235,0.2136211339683058,,0.8364596765536767,-0.568749276786294,-0.4759665188219541,-0.42232361684159664,-0.40523695201147863,,-0.6929591170379091,-6.659421818378362,-7.067345694483724,-7.524466570011742,-8.247143813514107,-8.193285913699382,-6.4493035668170355,-12.32430653968804,-12.942723081688358,-13.0617534134312,-14.366091929591708,-14.122327794646857,-12.323921624801073,5,6,4.649
City of Santa Rosa,Malitlit,2024,Wet,431.0,253.6,309.2,294.0,81.3,204.4,26.38,26.87,26.67,26.38,26.84,25.29,88.57,86.77,86.73,86.74,82.18,87.26,,0.6305396743031112,0.6315619825838868,0.631993949676481,0.6042450486299957,0.6805049176687844,,0.6771321946733141,0.49853837876134444,0.4997863796694247,0.4814814637330967,0.6319844454658049,,-0.5302767141426311,-0.5614830504358354,-0.5661913806353472,-0.5559584908931873,-0.5919592104933236,-6.16611580407229,-6.155206657593605,-6.607339270284235,-6.089082188227429,-6.470990098626384,-5.445912613404598,-13.038145143850297,-11.981207570711108,-12.555062922499824,-11.65088610248119,-12.234495684346946,-11.155213777147303,5,6,2.853
City of Santa Rosa,Malitlit,2025,Dry,68.0,136.1,70.3,26.8,131.2,329.7,24.88,25.14,26.33,28.8,28.18,26.61,83.75,82.02,77.99,71.23,77.62,87.22,0.6858328792250064,0.5694054742689347,0.558409729432628,0.4557684525514198,0.41956765570459137,,0.6327353260092461,0.4815818431866207,0.43449837324638946,0.3531170713794218,0.29385669812937176,,-0.6019473006964188,-0.5106959387418145,-0.5112673968331833,-0.4496664553359721,-0.42207902971252925,,-5.935221533392672,-6.650965437635776,-6.7991380835718624,-8.15210450220305,-6.697286347050979,-5.331980884020164,-11.92536646446084,-12.458001611273968,-12.73014073956321,-14.737957014501095,-12.404661345613638,-12.182226469515092,5,6,4.523
City of Santa Rosa,Malitlit,2025,Wet,345.6,320.6,342.4,244.9,208.9,53.2,26.48,26.3,25.65,25.99,25.95,25.55,85.62,85.46,89.97,88.75,87.21,83.05,,0.5848032376584567,,,0.5924246615228421,,,0.48246352075179233,,,0.43608351764128256,,,-0.5182523895905685,,,-0.5394410960210749,,-6.113369553111959,-6.447651795804409,-5.843216524843105,-6.2409775594738965,-6.225071347127282,,-12.845767907992302,-12.320240133472549,-12.501300745562444,-12.131051668466423,-12.67797826534931,,2,5,4.5
City of Santa Rosa,Pooc,2021,Dry,108.6,91.9,63.2,22.2,79.8,231.7,25.1,25.17,26.72,27.88,28.81,27.93,81.75,80.92,78.69,70.63,75.02,81.25,0.24794816464032407,0.2655149334692859,0.054625771939754486,0.25354645772448353,0.2169980499259743,0.2275550832871357,0.18061608392695971,0.17918277827767085,0.11542869731783867,0.21145591788697796,0.16256054536507386,0.25967662631972416,-0.28858402310131576,-0.32048222818522015,-0.0345825063996017,-0.2996623637699131,-0.2709412552571936,-0.22498522125737697,-2.803915479951546,-2.2298278162102094,-2.926372890266028,-2.929410772442184,-3.0801984774904243,-2.8010099759187677,-10.649853956836687,-10.435217428426864,-10.861362273167167,-10.83320881459746,-10.956865075347853,-10.729983592321533,6,6,5.13
City of Santa Rosa,Pooc,2021,Wet,282.0,182.8,360.0,204.0,46.7,80.0,27.46,27.33,26.94,26.89,27.51,25.93,83.44,83.78,86.7,84.03,77.47,76.43,,0.1488155421935436,0.2708545147388835,0.31250213024911416,0.016348176635801792,0.2954136201934129,,0.11512651299954291,0.19351792455487327,0.22077911971146624,0.04170243309012481,0.19306044281326804,,-0.18743034904201825,-0.3151004041693388,-0.34383109963830705,0.006902426381462387,-0.3489124166485701,-1.9424100870321561,-3.5197087064108485,-2.3412766278401542,-3.581259174929753,-2.521561678280824,-3.635469699528002,-10.133469428853553,-10.560512953934738,-10.522705649386166,-10.473984299306178,-10.659178490801354,-10.394122363855278,5,6,5.028
City of Santa Rosa,Pooc,2022,Dry,33.1,21.8,24.7,59.5,215.1,265.8,25.92,26.26,27.74,27.63,28.03,27.65,72.65,74.93,72.74,74.3,78.5,81.8,0.1778743753696258,0.2505829502403681,0.24333469808751118,0.4157595328729728,0.26076541645829904,,0.12097221503696938,0.16893239242707497,0.16975175501998324,0.3862667158246041,0.19279516451960255,,-0.22653800641639377,-0.29983134299519004,-0.3033409169931301,-0.3889242375976053,-0.3054163698724044,,-3.7093032784320594,-3.5778446678667546,-3.71727625688708,-3.5771047924331216,-3.0110396367736336,-3.0130311080071728,-10.396403318853011,-10.325404792638814,-10.43400308471091,-10.244257399349936,-9.94820569224179,-9.986703882850732,5,6,5.086
City of Santa Rosa,Pooc,2022,Wet,299.2,369.6,274.8,438.8,77.0,120.2,27.04,26.56,26.65,27.01,26.83,25.75,86.57,87.31,86.0,83.49,83.37,81.53,0.2724199262873399,0.26721654155066643,0.20171389871500764,,0.24971777593250882,0.2819501625782281,0.19520227651729607,0.19727287751063974,0.1660286763548234,,0.15983140339633156,0.19098865020529138,-0.3173078632974225,-0.29722808413452195,-0.2683475132622821,,-0.2771052165876358,-0.3310527509656122,-2.925349539856501,-3.5344246911174633,-2.9866859055903667,-2.634768086767921,-2.445803185306301,-3.5649309903898816,-9.77083688025558,-10.226430789108766,-9.811454326650178,-9.536569505849428,-9.552139811539838,-10.218126964536685,5,6,4.625
City of Santa Rosa,Pooc,2023,Dry,106.7,72.6,7.5,130.6,118.9,222.7,25.15,25.93,26.7,27.74,28.55,27.89,80.29,74.66,68.63,75.01,76.79,80.82,0.27278010570234257,,0.23411803360808814,0.24709298913014943,0.2547475299694206,0.2817528547558711,0.2234898465254874,,0.1726085833535513,0.18812639360369535,0.21009049812352104,0.19779973198933862,-0.285967253010257,,-0.2925559809626599,-0.2989511504473008,-0.29641627307141993,-0.337562075644775,-3.625753565377994,-3.304979903599268,-3.4885421227650246,-3.4277654791141994,-3.1141269013883317,-2.6708931396311524,-10.283124672984263,-10.146608379687187,-10.15389115393085,-10.140324743244221,-10.021530331079907,-9.677745525141033,5,6,4.815
City of Santa Rosa,Pooc,2023,Wet,338.5,96.5,344.9,169.9,85.3,38.3,27.94,28.09,27.63,27.55,27.14,26.63,81.31,80.29,83.28,81.88,81.44,82.48,0.27058192414475474,0.24080077023333107,0.2894712724251599,0.15008850391293052,,0.13421940688198541,0.28983824874304936,0.23216595908209642,0.19439248437485435,0.12087627119444079,,0.08502864339585153,-0.31103667869096696,-0.25710976581743095,-0.34229711970717774,-0.24177711073869199,,-0.3065947678091411,-2.637014062769436,-2.9239705464330283,-2.76314816367969,-2.4179602076611184,-2.8102354581877442,-2.8576673865386155,-9.67288199360665,-9.92124691468917,-9.73308311754975,-9.419028554498418,-9.537686609032642,-9.761396812869593,5,6,4.365
City of Santa Rosa,Pooc,2024,Dry,6.8,10.2,25.7,12.0,252.1,337.7,25.53,25.84,26.37,28.42,28.97,28.37,79.17,79.08,79.74,77.15,78.57,81.73,-0.03700393345206976,0.2052969154567018,0.24472602752286204,0.2194152411691183,,0.2980757161390548,-0.08004357852041721,0.14980179191599674,0.16812122774599067,0.1521269638929218,,0.31979295952257764,0.029053475707769394,-0.28386955610545755,-0.2844311398886408,-0.297142040985971,,-0.2899024065316112,-3.3469246927668785,-3.1972242772090187,-3.240725694232015,-3.288846396663629,-3.3962518575934846,-3.037535919752454,-9.964902919537035,-9.941778542276708,-9.826729234524961,-10.119008259316283,-10.074124374781576,-9.69277341828792,5,6,4.769
City of Santa Rosa,Pooc,2024,Wet,445.0,275.9,307.0,308.7,62.4,189.7,27.43,27.86,27.6,27.49,27.47,26.18,83.7,82.99,83.88,82.46,81.65,84.76,,0.21600130863990946,0.2747838436985337,0.27162090916190657,0.2213863595959309,0.22686663395505774,,0.19280997182652956,0.1879285975636886,0.19072569595200792,0.14657930976311528,0.1838488899683272,,-0.24113344887950725,-0.3289446332501132,-0.327742115196064,-0.2944983976361473,-0.24728354778750442,-2.056021725967749,-2.648070398851265,-2.948524472705186,-2.8990506624749655,-3.3003654071036013,-2.198092487705531,-10.088437384965076,-9.677764611257352,-9.955348414350345,-9.736915820879277,-10.109881519509454,-9.130947388931865,5,6,4.5
City of Santa Rosa,Pooc,2025,Dry,51.9,89.6,48.5,22.0,167.5,369.0,25.58,25.66,26.57,28.59,28.55,27.55,82.79,82.35,80.81,76.27,78.18,83.04,,0.2736984249732474,0.22753803663075287,0.2514309989343785,0.2181104475917568,,,0.19847023367242042,0.17319804763187374,0.20073846118498576,0.1602084918581468,,,-0.33069282832015684,-0.2884601186818767,-0.28870082495575594,-0.280082706562473,,-2.9188482449235447,-3.0676878155027403,-2.972428543318238,-2.9777007997377436,-2.867622082035717,-1.1143107246312765,-9.82062640476033,-9.85067156074631,-9.80820222958393,-11.216169902360853,-9.702983418185196,-9.733703484041747,4,6,4.5
City of Santa Rosa,Pooc,2025,Wet,368.5,323.2,290.4,254.2,208.0,69.9,27.39,27.29,26.73,27.12,26.97,26.31,82.78,81.91,85.26,83.51,83.63,81.87,,0.2425927235117865,,,0.2755723044741519,,,0.17183384149086076,,,0.16782654562324245,,,-0.2940407954491258,,,-0.3371785448227977,,-2.37545990632298,-2.5645532742739663,-1.7837312018999998,-2.6744505528131173,-2.0115065513871246,,-10.091880793981964,-9.705441952506785,-9.937421231465713,-9.749009291453856,-9.999614572713249,,2,5,4.25
City of Santa Rosa,Pulong Santa Cruz,2021,Dry,132.8,68.2,56.8,16.8,80.9,269.4,24.65,24.76,26.33,27.65,28.73,27.46,82.81,81.88,80.0,71.36,75.01,82.7,0.36139906183599246,0.32673169633640825,-0.009690527804195881,0.2060976198055095,0.22702575473555694,,0.2841897298616899,0.2328249530832402,-0.06396454945206642,0.13513469487809227,0.3260729991260909,,-0.33853095551794543,-0.3208120997562458,0.03476197458803654,-0.2247316182542134,-0.2534338635532374,,-4.425242410580508,-3.6439233440284533,-4.721837515049945,-4.57697644203873,-4.924943261005934,-4.6439144974353725,-13.06583359106311,-12.643723959235997,-13.387548063554107,-13.31868174212281,-13.641889912532323,-13.32558887602427,5,6,4.933
City of Santa Rosa,Pulong Santa Cruz,2021,Wet,273.5,250.0,446.1,234.3,64.5,78.5,26.94,26.91,26.45,26.31,26.93,25.55,85.3,85.03,88.34,86.36,80.16,77.37,0.42704166983292496,0.37602855876601643,0.35919031368369936,0.35427963839211707,-0.005351577638922369,0.34865056526199534,0.4079559459006542,0.43932159307109037,0.25230194344335305,0.13883764570111565,-0.0663608920705669,0.2522155054081275,-0.38000686488637403,-0.3269571080586856,-0.3401442593005978,-0.34493310546009837,0.04096577502787113,-0.3394585512121047,-3.6173834594975998,-6.280487946266835,-4.564096889399734,-6.398193506029974,-3.8369015516197735,-6.470498275253634,-12.644735777975992,-12.481803941662424,-13.235036679896178,-12.49332827646743,-13.08685039786395,-12.509802997291397,6,6,5.1
City of Santa Rosa,Pulong Santa Cruz,2022,Dry,32.3,28.8,32.6,64.0,289.1,324.6,25.52,26.04,27.61,27.42,27.85,27.24,73.91,75.32,72.64,74.63,78.12,82.54,0.32974588225634976,0.2827320134629948,0.2787758701312739,0.2974543870894489,0.33082975308815527,,0.2216780032665237,0.18528554500232614,0.1540705859971263,0.2480871745079762,0.28987124451582036,,-0.26129526351993915,-0.2850581497553666,-0.2979546344866119,-0.2840547364213165,-0.3118661425494385,,-6.580283628938644,-6.517127706425064,-6.535426661824112,-6.067526146296464,-5.583627269289791,-5.659984410232458,-12.619319419653024,-12.507767239314584,-12.515699869819537,-12.23604153791893,-12.076479565532052,-12.10684312474701,5,6,5.047
City of Santa Rosa,Pulong Santa Cruz,2022,Wet,376.5,528.4,357.0,485.2,113.6,99.8,26.6,26.05,26.15,26.4,26.3,25.32,87.33,88.39,87.11,85.97,85.33,82.81,0.3598360579625911,0.42258596338922333,0.3569913280110584,0.4638778922201212,0.3280441188812256,0.3480957911772685,0.3348194397356843,0.3744034146326518,0.24239449373867522,0.4350652536397001,0.28973907113075253,0.22962552942774297,-0.3427115549706553,-0.3598650190475872,-0.3347744700006579,-0.4026910065648431,-0.27905269086360934,-0.3385826853081591,-5.356159762950991,-6.181806087731323,-5.4863071894895254,-5.2571221774255985,-4.790110877818798,-6.323052695076655,-11.747792188046189,-12.32837273147709,-11.733282103303333,-11.58776099431406,-11.433626104400508,-12.439920319803788,6,6,4.85
City of Santa Rosa,Pulong Santa Cruz,2023,Dry,114.5,70.9,11.6,134.2,127.0,284.7,24.79,25.6,26.46,27.51,28.3,27.39,81.23,75.21,69.12,75.06,76.99,82.66,0.36288757733856514,0.21026881354393948,0.25042738670771153,0.2873097275735718,0.2929400352148811,0.4222590864082528,0.2585260153751515,0.1784986726654976,0.17822060329920014,0.23186874096722865,0.29988635927752055,0.3760869539556973,-0.34922305695024974,-0.198876486101283,-0.276539414348775,-0.2954417989149,-0.26783234126276523,-0.37797807526392324,-6.457654218178569,-6.187707849855593,-6.398954198901183,-6.094459582370813,-5.898948364088477,-5.606586970500415,-12.51187417636409,-12.232740984308803,-12.424371876827017,-12.26714348938705,-12.182903180490886,-11.859448675164598,6,6,4.75
City of Santa Rosa,Pulong Santa Cruz,2023,Wet,314.1,77.0,294.1,148.2,85.2,37.5,27.34,27.73,26.96,27.0,27.1,26.71,83.05,79.25,85.85,82.98,78.81,78.92,0.3006373631547184,,0.36473921653352004,0.3662401723776578,0.2480745575577022,,0.23989869394187815,,0.23623144917735106,0.3586254430329232,0.1910435974262655,,-0.2804877105279966,,-0.3349673951114513,-0.31694292731835827,-0.21690459184348596,,-4.964225981571775,-5.307415784879182,-5.117174461601732,-4.664486480638221,-5.2968412207106885,-5.3492790813706685,-11.470807301704987,-11.863873593697656,-11.618838436102484,-11.270504434879658,-11.485331583650375,-11.685454509334493,4,6,4.5
City of Santa Rosa,Pulong Santa Cruz,2024,Dry,10.6,10.1,24.1,11.8,225.4,348.6,25.82,26.22,26.86,29.14,29.3,27.71,73.39,72.95,73.04,69.37,74.17,85.13,0.2821300895987558,0.25373179809413327,-0.05048491212372215,0.2099125266970858,,,0.08416400817041472,0.22261134753743747,-0.14586106683008188,0.09576684370573474,,,-0.2800524014086052,-0.28445458315262906,0.0741815409109665,-0.26312808376389496,,,-6.09036505178434,-6.067153799825567,-6.088939635879821,-6.260916270012638,-6.107000779448593,-5.481030832025829,-11.92478410714453,-12.098116340460225,-11.744397758226343,-12.358814380574717,-12.10615235358297,-11.45017471934416,4,6,4.665
City of Santa Rosa,Pulong Santa Cruz,2024,Wet,474.7,239.8,290.4,349.0,80.8,171.3,26.65,27.08,26.83,26.68,27.33,25.77,87.47,85.91,86.58,85.77,79.66,85.29,,0.319489110154908,0.32198836005999876,0.3452331370433154,0.4568787595103941,0.34540473522534665,,0.33972974119981525,0.2507763206175799,0.2576167793940077,0.3459261046048584,0.2923595094746992,,-0.29381960002174246,-0.30547271621457106,-0.32925185855717953,-0.4206805679580385,-0.3205387551112796,-3.8900903224032635,-4.5957217648694755,-5.5380072236328255,-4.726071511567994,-5.835110426510282,-4.726075314213375,-12.767499060703905,-11.09779909417328,-11.842416519051945,-11.211076980630994,-11.998571905615474,-10.988811242838151,5,6,3.125
City of Santa Rosa,Pulong Santa Cruz,2025,Wet,370.6,295.5,341.4,238.1,219.9,64.5,26.62,26.61,25.92,26.44,26.5,26.24,85.08,83.89,88.9,86.65,84.46,79.33,,0.299510302744212,,,0.3256954954187305,,,-0.07030823554781458,,,0.2462692931323898,,,-0.2832866713013328,,,-0.30303036391055027,,-3.973635731197479,-5.11413880097806,-2.848613246665745,-5.152610118869201,-3.6150745671767117,,-12.711214543475792,-11.592631787234602,-12.17842474214382,-11.614208530397775,-12.5923155660685,,2,5,4.2
City of Santa Rosa,Sinalhan,2021,Dry,108.6,91.9,63.2,22.2,79.8,231.7,25.1,25.17,26.72,27.88,28.81,27.93,81.75,80.92,78.69,70.63,75.02,81.25,0.41906707245198693,0.4461414979617983,0.03949730843305588,0.3631445097240899,0.37558056268879275,0.36160453371339907,0.30819522342712946,0.33120393478279103,0.03260829299688339,0.35259780190089707,0.2975289623783894,0.40344428344586547,-0.40272947108207396,-0.442454225892413,-0.16881150007247925,-0.3692502356095998,-0.39076894320405586,-0.3130356532604238,-6.03437765064466,-5.664797404173271,-6.3077510949569335,-6.107022445858803,-6.4223539079481,-6.092129835500512,-13.213758944098128,-12.802989676567003,-13.596537458559958,-13.274250135120624,-13.431336630887769,-12.970341689625283,6,6,5.615
City of Santa Rosa,Sinalhan,2021,Wet,282.0,182.8,360.0,204.0,46.7,80.0,27.46,27.33,26.94,26.89,27.51,25.93,83.44,83.78,86.7,84.03,77.47,76.43,,0.3870946934501494,0.4618712930514039,0.4254853686584149,,0.42994941627317157,,0.37376594839823507,0.34211105512634754,0.2980927501494661,,0.3051312435653967,,-0.35168371674744003,-0.4454549503384209,-0.43256190250184046,,-0.42877700672943225,-4.71813816100625,-6.304333412973115,-5.467954840170343,-6.323676724847692,-5.680525086661686,-6.500927839975761,-11.948724503593764,-11.968351873172626,-12.464553527822028,-12.071648385249006,-12.74147402455384,-12.105347090897206,4,6,5.295
City of Santa Rosa,Sinalhan,2022,Dry,33.1,21.8,24.7,59.5,215.1,265.8,25.92,26.26,27.74,27.63,28.03,27.65,72.65,74.93,72.74,74.3,78.5,81.8,0.28414265449771603,0.38399456561122336,0.40007223337169734,,0.4683495026764371,,0.19154330623023474,0.293901431451948,0.3156614916199845,,0.3775719887306325,,-0.276528302833638,-0.3941016663848158,-0.42314863061310826,,-0.45363696849126917,,-6.832820564953694,-6.6760665547197915,-6.783282857022785,-6.470023693236909,-5.782738635734129,-5.699162996507764,-12.478138898298461,-12.265302739923724,-12.308674606890781,-12.010758614602558,-11.56629115746936,-11.3551328858931,4,6,5.112
City of Santa Rosa,Sinalhan,2022,Wet,299.2,369.6,274.8,438.8,77.0,120.2,27.04,26.56,26.65,27.01,26.83,25.75,86.57,87.31,86.0,83.49,83.37,81.53,0.49429401051927113,0.42477220350760414,0.27353801892360086,0.4507127151793152,0.3598812810677333,0.40692935691818677,0.39611318701260567,0.33060931980500097,0.3171380418005311,0.4019507498169939,0.29218603910130975,0.3042270656986607,-0.47579339883655225,-0.40849715138645093,-0.26486188189063137,-0.42393568174881646,-0.3487811964740388,-0.4056111339839572,-5.732524640030289,-6.104979086347396,-5.571708055028967,-5.133437809883484,-5.093294543970422,-6.287472519140412,-11.37514733693259,-11.673149976496859,-11.214169819566298,-10.929827357441575,-10.94651302415921,-12.026905974673753,6,6,5.2
City of Santa Rosa,Sinalhan,2023,Dry,106.7,72.6,7.5,130.6,118.9,222.7,25.15,25.93,26.7,27.74,28.55,27.89,80.29,74.66,68.63,75.01,76.79,80.82,0.33093254071628236,0.32301259131525834,0.37098666284614423,0.4050055604431439,0.4166110681262936,0.511671951550942,0.2352122275239051,0.2467199040341101,0.2984941055194077,0.3381346140170699,0.358686938422142,0.4136762660091306,-0.3547280043861346,-0.32060009326411415,-0.3911466061908747,-0.40191422547007766,-0.409726310475422,-0.49868870276446453,-6.665693949652684,-6.7360346484638445,-6.774137172055006,-6.59969541501569,-6.401364570536479,-5.500118483784484,-12.214531524811752,-12.163877722954304,-12.381898062128295,-12.149527356731106,-12.058602190677142,-11.104620195987708,6,6,5.1
City of Santa Rosa,Sinalhan,2023,Wet,338.5,96.5,344.9,169.9,85.3,38.3,27.94,28.09,27.63,27.55,27.14,26.63,81.31,80.29,83.28,81.88,81.44,82.48,0.4707187055327366,0.39935366233441844,0.45024636910425025,,0.18131136315919102,0.43438519047737495,0.38692977132535905,0.3631534562876356,0.3371569176480692,,0.14842745363712312,0.3294483440150938,-0.4469803139814693,-0.36940910457580584,-0.44006945926650576,,-0.14871824784647844,-0.43770320109534705,-5.41931502310364,-5.708240050652803,-5.5977144621606545,-5.210982145853355,-5.574423922988358,-5.73552353074013,-11.272416210458672,-11.417811823007002,-11.318568934081537,-11.013377470223293,-11.304577577080275,-11.564092008439543,5,6,4.8
City of Santa Rosa,Sinalhan,2024,Dry,6.8,10.2,25.7,12.0,252.1,337.7,25.53,25.84,26.37,28.42,28.97,28.37,79.17,79.08,79.74,77.15,78.57,81.73,0.07606545835733414,0.4239486726141653,0.36224284394346057,0.4085105304783121,,0.2557086328415256,0.1335901916027069,0.32004648357638804,0.27906227994206734,0.32400849676263804,,0.26792144907704746,-0.11558538675308228,-0.4487651587718052,-0.3788169324923814,-0.4405707485598713,,-0.26623339280124436,-6.083731062671237,-6.1313554141748465,-6.191923087151237,-6.202028300347738,-5.971839476298713,-5.512450358694767,-11.821208974459289,-11.930993126130103,-11.604316499059948,-11.989467539919334,-11.522245986127768,-11.044986962491494,5,6,4.5
City of Santa Rosa,Tagapo,2021,Dry,108.6,91.9,63.2,22.2,79.8,231.7,25.1,25.17,26.72,27.88,28.81,27.93,81.75,80.92,78.69,70.63,75.02,81.25,0.40096182325783236,0.4058473904559541,0.00028064154850488375,0.3673705955741904,0.3379792964737165,0.2791881156295593,0.29912015953261484,0.28638009752049903,-0.011174421503462574,0.3429257307433176,0.2665035045516551,0.3344244449284209,-0.38870328040707536,-0.4071947953066331,0.010015955374745481,-0.36587258542227474,-0.35539346261215904,-0.2514969671893509,-4.685906282193007,-3.9499729982619844,-5.0403415519531665,-4.98679296169892,-5.092457269230628,-4.787832064020799,-12.159895175188481,-11.849904863510671,-12.571454560656015,-12.509760292501293,-12.65347464160439,-12.424436609848266,6,6,5.377
City of Santa Rosa,Tagapo,2021,Wet,282.0,182.8,360.0,204.0,46.7,80.0,27.46,27.33,26.94,26.89,27.51,25.93,83.44,83.78,86.7,84.03,77.47,76.43,,0.30158309270469547,0.421153883916641,0.4210585515746906,-0.018985967716258587,0.4078520812478513,,0.291691850460895,0.31088663152429113,0.29705586457764926,-0.05955686963473757,0.2798921128817563,,-0.30666773308892675,-0.40938764993536225,-0.4169043837589931,0.03403599572960625,-0.40795186047078996,-3.6718216507536905,-5.716006509513789,-4.192465346504543,-5.896183043483088,-4.602776360375378,-5.915248283761224,-11.565489436629315,-11.14530753096309,-11.881627643530004,-11.217317218336833,-12.3314340887504,-11.254392008961421,5,6,5.142
City of Santa Rosa,Tagapo,2022,Dry,33.1,21.8,24.7,59.5,215.1,265.8,25.92,26.26,27.74,27.63,28.03,27.65,72.65,74.93,72.74,74.3,78.5,81.8,0.3084065210943739,0.38956344299951795,0.37661006908540995,,0.4100843334052177,,0.23449299503200186,0.29260880968343295,0.5583720724967429,,0.31130396777741487,,-0.3005784547143665,-0.385321030950461,-0.3873246144448162,,-0.39635776144319224,,-6.03037974610981,-5.9010233825538,-6.01315559327395,-5.909555804243172,-5.1977473692973195,-5.14643645078656,-11.342870112365157,-11.067433340720443,-11.247780951898623,-11.2272885378567,-10.739385946369461,-10.743886214431006,4,6,5.155
City of Santa Rosa,Tagapo,2022,Wet,299.2,369.6,274.8,438.8,77.0,120.2,27.04,26.56,26.65,27.01,26.83,25.75,86.57,87.31,86.0,83.49,83.37,81.53,0.4360857629521688,0.39838005387850123,0.3254226714582142,0.31238439186894545,0.4020407935303654,0.41870632713063105,0.30036879194858773,0.3042465160213309,0.29969137868901186,0.26630940129980435,0.2981906104861499,0.2984629040289179,-0.4236161916603699,-0.38004353485874404,-0.3129947848764288,-0.28295017051328203,-0.38548275773644336,-0.41133914987509246,-5.156924358561458,-5.693425469443783,-4.924278071885136,-4.7898645816979695,-4.33282591679244,-5.668991411603379,-10.533478998440213,-10.928811613143145,-10.440148254878427,-10.343227371479657,-10.031491869567041,-10.886702676145017,6,6,4.835
City of Santa Rosa,Tagapo,2023,Dry,106.7,72.6,7.5,130.6,118.9,222.7,25.15,25.93,26.7,27.74,28.55,27.89,80.29,74.66,68.63,75.01,76.79,80.82,0.49343812622014444,0.29462364614227526,0.35061815002946156,0.37437643438342366,0.404098928839363,0.45137022966095486,0.3539642233008469,0.21713105027810228,0.2701986753902512,0.2954955309050046,0.34858250573205124,0.3108247285604628,-0.44364576581582854,-0.28095372323423473,-0.36866648699288873,-0.3768113010437317,-0.3863668921717971,-0.4396731685313347,-5.788944196557097,-5.7376063421772105,-5.969229506952744,-5.87504502149995,-5.7170940035669044,-4.8776598602300165,-10.991616710775265,-10.984331771998503,-11.139807566861393,-11.123775032035708,-11.153369990812902,-10.410031870198726,6,6,4.706
City of Santa Rosa,Tagapo,2023,Wet,338.5,96.5,344.9,169.9,85.3,38.3,27.94,28.09,27.63,27.55,27.14,26.63,81.31,80.29,83.28,81.88,81.44,82.48,0.41850585114263583,0.3073590106147425,0.42417994648387636,0.7030483664468277,0.36942596169373804,0.4284826869741732,0.2939083113565236,0.2807379078054064,0.3276073558003154,0.6362459430860918,0.3071519190587391,0.30280628363705225,-0.4012277179296723,-0.3132171672941002,-0.41599129199797585,-0.5733648933643517,-0.3191949386958102,-0.4301237098054852,-4.812000126276396,-4.993037532500738,-4.916328343671545,-4.517782701406744,-5.006230901811803,-4.990375039194547,-10.388777324539364,-10.398883092447301,-10.41745087861517,-10.193271511252679,-10.431936409757133,-10.441040131680657,6,6,4.732
City of Santa Rosa,Tagapo,2024,Dry,6.8,10.2,25.7,12.0,252.1,337.7,25.53,25.84,26.37,28.42,28.97,28.37,79.17,79.08,79.74,77.15,78.57,81.73,-0.019755321334944006,0.3807575682065749,0.3318468968709187,0.3489362313223141,,0.45322216488420963,-0.04286620222652953,0.2758115122589728,0.2547699215726583,0.2423788275018077,,0.39083622221369296,0.028042750161451604,-0.4064333149453659,-0.34554775751600475,-0.3816079892721816,,-0.4191497168503702,-5.615309069581572,-5.705018428744263,-5.79076969254097,-5.935642362306267,-5.853180300016091,-5.274827427274969,-10.842272344739486,-10.96349517975441,-10.876776960114176,-11.277939532204977,-10.94211109817949,-10.444412587334966,5,6,5.078
City of Santa Rosa,Tagapo,2024,Wet,445.0,275.9,307.0,308.7,62.4,189.7,27.43,27.86,27.6,27.49,27.47,26.18,83.7,82.99,83.88,82.46,81.65,84.76,,0.3672264301519907,0.42874172734725124,0.42068744807821873,0.38949502754583937,0.37861776207404707,,0.3441228442366886,0.305977469371883,0.2891813121611592,0.2671613377382822,0.2833647812272661,,-0.350293426464821,-0.41791774284808303,-0.41394608209921907,-0.4018094294891597,-0.37494964345293946,-3.938558354079878,-4.621216415020969,-5.185795205309846,-5.0881809142819145,-5.641343800166285,-4.456403474621205,-11.61650999074264,-10.10333887772815,-10.650423625586056,-10.347717224587832,-10.851680300631555,-9.954090505857987,5,6,4.012
City of Santa Rosa,Tagapo,2025,Dry,51.9,89.6,48.5,22.0,167.5,369.0,25.58,25.66,26.57,28.59,28.55,27.55,82.79,82.35,80.81,76.27,78.18,83.04,0.6168330329334871,0.40010003234394953,0.37725135239066565,0.3387644848084428,0.35318658930327684,,0.46607497748791815,0.3119022166200199,0.3040911049788642,0.2759681824456072,0.30781041725556135,,-0.5332529435323712,-0.3953793762471361,-0.38800077296649954,-0.3580147023018954,-0.3655803035171071,,-5.2008076205314495,-5.584934983456004,-5.5747654194072,-5.157422249003279,-5.3078646551951,-2.933555877197048,-10.644434005451897,-10.792966793358303,-10.859458317546585,-12.997257099500615,-10.554175788786429,-11.268579822437196,5,6,4.69
City of Santa Rosa,Tagapo,2025,Wet,368.5,323.2,290.4,254.2,208.0,69.9,27.39,27.29,26.73,27.12,26.97,26.31,82.78,81.91,85.26,83.51,83.63,81.87,,0.3359480196850974,,,0.41996159867189703,,,0.2299265976853607,,,0.27964921437461004,,,-0.35702265798995986,,,-0.4163128902145281,,-3.983174462896756,-4.898522087810102,-3.4561329665855793,-5.025121654687396,-3.886300131149709,,-11.640626050784617,-10.486481469762369,-11.374756533468835,-10.540792754793285,-11.584535887514335,,2,5,4.62
City of Cabuyao,Baclaran,2021,Dry,108.6,91.9,63.2,22.2,79.8,231.7,25.44,25.52,27.1,28.25,29.16,28.28,81.79,80.96,78.74,70.7,75.08,81.31,0.5147512294948631,0.5284346933847086,0.010592116974294186,0.5781049281358719,0.3922812436090235,0.40732340274136497,0.4382949484548669,0.36167659459786466,0.014771406538784504,0.5134047617514927,0.3135991909309367,0.38418194000175687,-0.4553348143217136,-0.5059539483849452,-0.0286320261657238,-0.48403988778591156,-0.4182231014126703,-0.3528639272632445,-5.518135007561886,-4.94152302849591,-6.129109893098422,-5.790105858472471,-6.251461610154044,-5.148775601144812,-14.463401229002212,-13.584012076884916,-14.387920008270047,-14.05631740537689,-14.451055665135533,-13.722776373408552,6,6,4.84
City of Cabuyao,Banaybanay,2021,Dry,113.8,76.6,76.3,16.6,106.8,261.1,24.88,24.99,26.48,27.79,28.92,27.95,85.5,84.67,83.51,74.45,78.11,83.39,0.44543774249113877,0.4390358703112335,-0.0016775805612697322,0.39507903262487426,0.3260417892831037,0.3978799627370337,0.41297476099836744,0.30761918680695927,0.005976762119269767,0.3257097468006117,0.23437114781871515,0.5166814155194653,-0.3872918093478994,-0.4383931776949174,0.011076562661294117,-0.38426463090423313,-0.35988177183593506,-0.3236445938295582,-5.022330784909774,-4.210932363254597,-5.516080558064305,-5.6249764002118,-5.975086359708133,-4.790769175735128,-13.905433055126124,-13.092363640220189,-14.543317830964854,-14.663779895591327,-14.960068608980112,-13.845137745412488,6,6,4.92
City of Cabuyao,Bigaa,2021,Dry,108.6,91.9,63.2,22.2,79.8,231.7,25.1,25.17,26.72,27.88,28.81,27.93,81.75,80.92,78.69,70.63,75.02,81.25,0.41646414476642263,0.5574269292841814,,0.4223729976604898,0.4354757651214675,0.4804139464217306,0.3487077788449822,0.3968239941263111,,0.3872119887299575,0.33068470303329817,0.5455756220317488,-0.37634964047743363,-0.5168745571981307,,-0.42256896575560815,-0.4423767935503702,-0.3973104591614276,-6.3160372549059,-5.925819219963482,-6.702811115596887,-6.6108403865642416,-6.81923287247302,-6.0141611942844575,-13.700273324408496,-13.08123397140825,-13.928364015771209,-13.674188654693994,-13.9213969473104,-13.313026948436546,5,6,4.73
City of Cabuyao,Butong,2021,Dry,108.6,91.9,63.2,22.2,79.8,231.7,25.1,25.17,26.72,27.88,28.81,27.93,81.75,80.92,78.69,70.63,75.02,81.25,0.37962408211312304,0.5071060627889995,-0.01918976567685604,0.3711568961135894,0.39512335446070934,0.44507357145129867,0.31498271868184835,0.3633929328593447,-0.02462669089436531,0.33986933361643734,0.3089918602750016,0.4735021331897208,-0.3165092534431209,-0.48514360128324946,0.010296603664755821,-0.37631443243188833,-0.420082554566861,-0.3681757851281642,-6.308007130812162,-6.176771232766474,-6.646672377150177,-6.6423210474416985,-6.883596183104174,-6.204493569755885,-13.296255673287009,-12.806782686665464,-13.414792290459046,-13.22777463867824,-13.348743210218776,-12.97904042582417,6,6,5.6
City of Cabuyao,Gulod,2021,Dry,108.6,91.9,63.2,22.2,79.8,231.7,25.44,25.52,27.1,28.26,29.17,28.29,81.79,80.96,78.74,70.7,75.08,81.32,0.49120535441567614,0.5732896637610628,0.06379085034132004,0.4808540637772166,0.3687024160172902,0.3318891218633396,0.42076329453073,0.4450710888977098,0.2031640261411667,0.5087392676335183,0.2906441136991792,0.30353889454972643,-0.4102718749184866,-0.5195448967325305,-0.011434253305196762,-0.4408315095404773,-0.4005603846267843,-0.254965124529372,-6.993077091989872,-6.389700187186595,-7.521961353223213,-7.446476765522396,-8.06050826800027,-7.570132423420439,-14.510380616376628,-13.470444269192512,-14.789433484142203,-14.472291839641516,-15.312579665860518,-15.489517584018246,6,6,4.94
City of Cabuyao,Mamatid,2021,Dry,113.8,76.6,76.3,16.6,106.8,261.1,24.96,25.07,26.55,27.85,28.98,28.03,85.5,84.67,83.52,74.46,78.12,83.4,0.3696618992885707,0.4226775567746609,,0.19490040566713082,0.3409675139298017,0.36508723507504226,0.2920115419921144,0.29489740266453063,,0.21519189484653978,0.2633881313484749,0.3947508514135479,-0.3729369900629012,-0.4474905947327398,,-0.2844457191725572,-0.3803449483795894,-0.34492568179784416,-3.6399815348464837,-3.031695776466332,-3.8938484467054786,-3.6742252679650775,-4.056349620590954,-3.3963145890783872,-12.27753243012667,-11.749273966094494,-12.451061309751665,-12.299635348811876,-12.60044323324881,-12.10139298664354,5,6,4.73
City of Cabuyao,Marinig,2021,Dry,108.6,91.9,63.2,22.2,79.8,231.7,25.1,25.17,26.72,27.88,28.81,27.93,81.75,80.92,78.69,70.63,75.02,81.25,0.2553413745105989,0.5171046889446557,,0.35615100718792453,0.35209662861184876,0.33702909567883554,0.23342059185648317,0.3745694847044287,,0.33959052388343003,0.27027278154154033,0.3392137162790159,-0.22237796486625744,-0.48052647551064465,,-0.3620560093681765,-0.3848257060487077,-0.28258234358463635,-5.931127499692761,-6.051309312217131,-6.674326827644609,-6.403421916068458,-6.784334348785423,-6.427345823196528,-13.658238120936078,-13.10551754156542,-13.814702121134763,-13.46310972806651,-13.937604411776277,-14.178663058878618,5,6,6.06
City of Cabuyao,Niugan,2021,Dry,108.6,91.9,63.2,22.2,79.8,231.7,25.4,25.48,27.03,28.19,29.11,28.24,81.79,80.95,78.73,70.69,75.08,81.3,0.6016798617631316,0.4894871356136253,,0.3722115126370383,0.3518810729453007,0.30891509975432063,0.5391888169125526,0.3420255030042173,,0.3312975057077764,0.24776066695495036,0.362936565914368,-0.5140614837887607,-0.4516840061243549,,-0.3462232097445299,-0.36239244957745526,-0.2511314866798262,-5.552358913088453,-5.039628483109992,-6.5104244285117705,-6.511513571018093,-6.455931664791407,-5.555725834392024,-13.921021475283899,-13.287104736941549,-14.90355358142662,-14.949380028998295,-15.134951002752496,-14.291015212786903,5,6,4.77
City of Cabuyao,Pulo,2021,Dry,113.8,76.6,76.3,16.6,106.8,261.1,24.2,24.31,25.8,27.11,28.24,27.27,85.41,84.6,83.45,74.34,78.01,83.31,0.34048147794445577,0.39090915536682,-0.00029708451399093725,0.3019940449561543,0.2760127497940796,0.3754088132794021,0.28091187147220203,0.29429926556339936,-0.0028404548926197954,0.2797832048026976,0.21201675915090767,0.49426184866676315,-0.3390961872350556,-0.39142768909080117,0.011402946815866493,-0.2853969261370366,-0.31352389634313876,-0.3069981658472183,-3.597437445920588,-2.862115830700816,-3.9985263414212837,-3.8652352177588947,-4.231510928306928,-3.3715186229806378,-13.011592476637718,-12.42958328853356,-13.437440774844458,-13.457367666589862,-13.778274018255315,-13.066287748110469,6,6,4.71
City of Cabuyao,Sala,2021,Dry,108.6,91.9,63.2,22.2,79.8,231.7,25.38,25.47,27.02,28.18,29.1,28.23,81.79,80.95,78.73,70.69,75.07,81.29,0.3902856392809942,0.47400396744314643,0.06328329304233193,0.34107384545468267,0.339187403797748,0.3827700740888264,0.30825594250730276,0.3240605837495943,0.23909103590995073,0.3618875664864117,0.22642585000244714,0.47550430864581356,-0.33825581818068773,-0.4377023361410739,-0.022704315604642034,-0.32238455638724123,-0.35392275953633173,-0.30290738362001934,-6.289581773009327,-5.5082176904595075,-6.775621886417976,-6.758281387319108,-6.930840810641202,-6.226363951318521,-12.996127911284542,-12.477244736573486,-13.56136773122587,-13.478690511423295,-13.769193626091113,-13.14289311163568,6,6,4.82
City of Cabuyao,San Isidro,2021,Dry,113.8,76.6,76.3,16.6,106.8,261.1,24.91,25.01,26.5,27.81,28.94,27.97,85.5,84.67,83.51,74.45,78.11,83.39,0.4607303690809683,0.5273378415825146,0.0017391304718330503,0.5229620946383527,0.3972573757646919,0.43202050388919494,0.38510526215518903,0.3856496986123356,0.002697400748729706,0.5226112997029415,0.3067277552732869,0.48031215261164895,-0.43247114604431697,-0.5059517955842578,0.04101710394024849,-0.46112613476697334,-0.4168699530518618,-0.342033774032564,-5.2538439855779355,-4.536364928740493,-5.751932267306853,-5.571621428459177,-5.864392019026376,-5.372534774569647,-13.082562237144897,-12.314253487077973,-13.219537333075449,-13.05248104583231,-13.31368376419526,-13.225079883975626,6,6,4.97
City of Cabuyao,Baclaran,2023,Wet,338.5,96.5,344.9,169.9,85.3,38.3,28.29,28.45,27.99,27.9,27.5,26.99,81.35,80.36,83.33,81.92,81.48,82.51,,0.4085738163963453,0.5676875237670006,0.47121717491298,,,,0.43457554242527235,0.39201673596354303,0.3770502315329748,,,,-0.3381302746554803,-0.5339896093812917,-0.4540962053140961,,,-6.382564272363153,-6.733267183991762,-6.340719475853801,-5.801298055622266,-6.190807075594289,-6.504477998077042,-12.420132920268085,-12.311713083233876,-11.498373621656842,-10.77554812834901,-11.429176300589091,-11.97814065310757,3,6,4.59
City of Cabuyao,Banaybanay,2023,Wet,302.7,76.7,279.8,133.9,85.4,51.6,27.67,28.25,27.34,27.19,27.07,26.75,85.02,80.13,87.39,85.94,82.5,82.33,0.42101132226452875,0.30069780772504334,0.474327647418903,0.43511888880248833,,0.38201265249933525,0.3470964729504684,0.4110156161181393,0.3103029262600797,0.3902183452019654,,0.4398451862590654,-0.404250625670032,-0.24162998344777087,-0.46214865203620414,-0.40294564300737606,,-0.3376152281250272,-5.73396446982189,-6.310650761603278,-5.753227987809259,-5.320871094246847,-5.714817149072157,-5.751867895021056,-11.485143129348906,-11.929892977210512,-11.363716203650794,-10.968720531008799,-11.151200564184013,-11.455503107210586,5,6,5.76
City of Cabuyao,Bigaa,2023,Wet,338.5,96.5,344.9,169.9,85.3,38.3,27.94,28.09,27.63,27.55,27.14,26.63,81.31,80.29,83.28,81.88,81.44,82.48,0.5460603337164072,0.42135735716183825,0.6157166982485814,0.41445001079500016,,,0.41326896526806806,0.44862080067408444,0.42812875840764664,0.37347704877064236,,,-0.4938553809118819,-0.3446058987250083,-0.5507725269535011,-0.38063175286737866,,,-5.991194912995076,-6.195283287257822,-5.736907151123707,-5.382524753265613,-5.801429785296428,-6.045630285913968,-12.322222129153342,-12.433484948809916,-11.90917742441295,-11.384674672393885,-11.600558002570494,-11.89393360710503,4,6,4.72
City of Cabuyao,Butong,2023,Wet,338.5,96.5,344.9,169.9,85.3,38.3,27.94,28.09,27.63,27.55,27.14,26.63,81.31,80.29,83.28,81.88,81.44,82.48,0.45818253515744467,0.3360451615257809,0.5173069721938366,0.4273962170464238,,,0.3463821227728356,0.34181174969987144,0.3597647481097554,0.3743271576294397,,,-0.4383376265503578,-0.27484772420707376,-0.485491091470941,-0.3854420585115232,,,-6.298117626572559,-6.570482469917725,-6.12025392739533,-5.719654329747087,-6.0986166370328805,-6.077764607335368,-12.137821983000888,-12.099457104190801,-11.679856800677083,-11.138660790717152,-11.134620544117732,-11.323248235328958,4,6,4.95
City of Cabuyao,Gulod,2023,Wet,338.5,96.5,344.9,169.9,85.3,38.3,28.3,28.45,27.99,27.91,27.51,27.0,81.35,80.36,83.33,81.92,81.48,82.51,,0.38787447188242213,0.5928393552386898,0.4738142797922083,,,,0.4213122397597936,0.3971304538871518,0.37687847970426663,,,,-0.286606437723896,-0.5300540921850666,-0.4392884411015593,,,-7.364087075260097,-7.6366282124118445,-7.0806205649369955,-6.593246420315759,-6.734722777689404,-6.713030281574338,-13.613116146918296,-13.524307088510376,-12.619811548837625,-12.042418299743396,-12.063136082643364,-12.405005584815974,3,6,4.56
City of Cabuyao,Mamatid,2023,Wet,302.7,76.7,279.8,133.9,85.4,51.6,27.72,28.3,27.43,27.26,27.13,26.82,85.03,80.14,87.4,85.95,82.51,82.33,0.380628857753746,0.31474314295288547,0.42202804403719046,0.38736685368334206,,0.40316319181699695,0.18244165003056306,0.36665066351703296,0.296513513696112,0.30414185378445086,,0.42437320940161544,-0.3874144996731648,-0.2958528253519811,-0.4489229892609319,-0.401538081149799,,-0.3864841026252857,-4.85882778290596,-5.267837700676504,-5.059506739227654,-4.581524956360937,-4.9503958112453335,-4.959318148130575,-10.394708551088284,-10.65802229151917,-10.462576533693856,-9.958936222366836,-10.137446425317425,-10.355754986355853,5,6,4.65
City of Cabuyao,Marinig,2023,Wet,338.5,96.5,344.9,169.9,85.3,38.3,27.94,28.09,27.63,27.55,27.14,26.63,81.31,80.29,83.28,81.88,81.44,82.48,0.486469257520965,0.3375840390577214,0.5029183618753543,0.42257903388941614,,,0.3489416660791428,0.3611004490222709,0.3408921184154459,0.34755125713206814,,,-0.44194346656877315,-0.2575200795839258,-0.46950805258139267,-0.40543693244033474,,,-6.672166283204016,-6.824007927777647,-6.639094255974664,-5.886484144594255,-6.060498459261028,-6.039296195700192,-12.275836675094123,-12.234603982037546,-11.687403937445136,-10.837207765701837,-10.914100198056804,-11.213182267732336,4,6,4.68
City of Cabuyao,Niugan,2023,Wet,338.5,96.5,344.9,169.9,85.3,38.3,28.25,28.39,27.93,27.85,27.45,26.94,81.35,80.35,83.33,81.92,81.48,82.51,0.4901508058534104,0.3683457187471313,0.5090035290461624,0.300560035922698,,,0.38106726511419625,0.4720182736486543,0.35096533137766955,0.2829482969428812,,,-0.43640556960412386,-0.28858614887762585,-0.4743897700166943,-0.2814443165644609,,,-6.636287838054423,-7.19361234456529,-6.3068698413557716,-5.587131683452828,-5.749957252315122,-5.643404111262102,-12.404525654531954,-12.79316359298483,-11.800231618718074,-11.27736805600046,-11.272743425612308,-11.417192139221706,4,6,4.55
City of Cabuyao,Pulo,2023,Wet,302.7,76.7,279.8,133.9,85.4,51.6,26.99,27.56,26.67,26.52,26.39,26.06,84.94,80.02,87.32,85.87,82.43,82.26,0.3767144485125185,0.3674813651494964,0.4091316190228544,0.4558879518210632,,0.35406966352004654,-0.3411291389634686,0.5169915764126927,0.3492181613531269,0.45874242060980636,,0.3202933339207901,-0.3648404013119118,-0.2952818177537942,-0.39882491972506023,-0.4161400939365587,,-0.3513845020678598,-5.217750686751738,-5.745000853158637,-5.358584567220633,-4.912201547168529,-5.34475544441196,-5.274742116748683,-10.786547282944062,-11.195654613513216,-10.811301888858727,-10.481519824724593,-10.562258272569878,-10.77552767184541,5,6,2.81
City of Cabuyao,Sala,2023,Wet,338.5,96.5,344.9,169.9,85.3,38.3,28.23,28.38,27.92,27.84,27.42,26.92,81.35,80.35,83.33,81.92,81.47,82.51,0.4583964680795939,0.40660666966431985,0.49296939433513853,0.3800766982860766,,,0.3108890536824435,0.5377471560751667,0.3150900181971315,0.3424827240845635,,,-0.408563138562925,-0.3174939070572118,-0.44598502661257805,-0.33141447980108324,,,-5.932446046106832,-6.411037917273068,-5.9033787811874765,-5.520423743251187,-5.882840797232215,-5.9626323916144734,-11.667653101184676,-11.974063627741318,-11.517404556895052,-11.158663798941458,-11.476653675274392,-11.684379502592384,4,6,4.04
City of Cabuyao,San Isidro,2023,Wet,302.7,76.7,279.8,133.9,85.4,51.6,27.69,28.26,27.37,27.22,27.09,26.76,85.03,80.13,87.39,85.94,82.5,82.33,0.46071951611583806,0.5188101867204211,0.536477483293424,0.5793397043913399,,0.3364799054006784,0.40961132905280373,0.6431413446142892,0.3675546092367129,0.5072596980429281,,0.3194140500375308,-0.4504318116468224,-0.40815088288385587,-0.515762582072742,-0.5207638568087337,,-0.3439411539804291,-5.777277258251473,-6.2504162413866275,-5.69632003889876,-5.173092359690172,-5.559014192342447,-5.662584628292558,-11.693783123585174,-11.846057334032006,-11.193913787623345,-10.92677535698368,-11.127713683672615,-11.550152891133875,5,6,4.04
City of Cabuyao,Baclaran,2024,Dry,6.8,10.2,25.7,12.0,252.1,337.7,25.88,26.2,26.73,28.76,29.33,28.72,79.21,79.12,79.8,77.19,78.62,81.76,0.314955324179181,0.5434473124621949,0.4618827377157428,0.4223032418465208,,0.5004861431707317,0.2408039498510607,0.38710674551103713,0.3374860191270075,0.32437156962307473,,0.4628824482040769,-0.36630805169892744,-0.5231360453617696,-0.44896584296457537,-0.45326401303264424,,-0.4608776602658155,-6.891681347527272,-6.813501437537702,-6.924870111591514,-7.445562424493709,-7.254547098375538,-6.747069027646678,-12.478338689390217,-11.994865129928575,-11.943990196408695,-12.656677297059758,-12.482260295686086,-11.893755002492938,5,6,4.81
City of Cabuyao,Bigaa,2024,Dry,6.8,10.2,25.7,12.0,252.1,337.7,25.53,25.84,26.37,28.42,28.97,28.37,79.17,79.08,79.74,77.15,78.57,81.73,-0.054445210844278336,0.5096169049715882,0.43336057196666,0.4392767258006964,,0.5249313141734375,-0.0355551540851593,0.3734461780577237,0.32622763512990893,0.32218149481761094,,0.5576139795929824,0.04223385825753212,-0.5041848254313417,-0.4249049411768001,-0.473049456494887,,-0.4588212181736294,-6.379655129848274,-6.522267118171311,-6.671236041035345,-6.840763127212353,-6.755712314189891,-6.073822035848403,-12.209854595917431,-12.410456091925145,-12.303445461345747,-12.790174884670094,-12.59962977761007,-12.008314483533715,5,6,4.7
City of Cabuyao,Butong,2024,Dry,6.8,10.2,25.7,12.0,252.1,337.7,25.53,25.84,26.37,28.42,28.97,28.37,79.17,79.08,79.74,77.15,78.57,81.73,,0.5023935396524989,0.4336959381926992,0.42147096870121115,,0.4628210131025812,,0.3862759754834374,0.3318763311908311,0.32186095053352815,,0.48020494600654146,,-0.49341956273757637,-0.43352676757565006,-0.47001417325873607,,-0.3864646303700283,-6.264601237189452,-6.302333920269563,-6.353954111597918,-6.45912391414607,-6.617330487689076,-6.200074707847291,-11.542959967489857,-11.616876785362555,-11.40891774411864,-11.847270836825514,-11.828576565610994,-11.41454328603993,4,6,6.0
City of Cabuyao,Gulod,2024,Dry,6.8,10.2,25.7,12.0,252.1,337.7,25.88,26.21,26.74,28.77,29.34,28.73,79.21,79.12,79.8,77.19,78.62,81.76,0.4770514905318391,0.49519532799729055,0.41366873160281575,0.35248546005902026,,0.46136300429853266,0.39165440114661365,0.36851403641917985,0.30968321222566136,0.2704168134993417,,0.3749279704145883,-0.46978512929278843,-0.4855028691895483,-0.4177717446597784,-0.4128466919526109,,-0.41470644741630247,-7.171931817389805,-7.378498423946742,-7.627305005666188,-7.990418209898485,-8.281608913923192,-7.216074134169465,-12.676462796172407,-12.910236942824474,-12.839035412236008,-13.707659628444688,-13.829322595031725,-12.970668443087776,5,6,4.36
City of Cabuyao,Mamatid,2024,Dry,8.3,14.0,30.1,31.7,246.1,320.8,26.02,26.54,27.18,29.47,29.62,28.12,76.24,75.13,75.36,71.9,76.52,86.68,0.4343637196623065,0.37355732437377276,0.32327512107789796,0.31097188736409487,,0.36575179007407776,0.32996247757663133,0.24349627989641665,0.2138077786224491,0.20131388732034805,,0.3879331887251726,-0.43622811913582277,-0.426353242298242,-0.3646821884549984,-0.3777570392770196,,-0.37641662203598186,-5.631278755476588,-5.6169352438104925,-5.841459303129049,-5.871925833365086,-5.814653605426036,-5.420539178945169,-10.686792818598136,-10.68996857044709,-10.667802295715347,-10.969246212551536,-10.808447896887762,-10.347500627868992,5,6,2.06
City of Cabuyao,Marinig,2024,Dry,6.8,10.2,25.7,12.0,252.1,337.7,25.53,25.84,26.37,28.42,28.97,28.37,79.17,79.08,79.74,77.15,78.57,81.73,0.4295339184499968,0.4425187506886722,0.39319570201196086,0.43037370775693057,,0.44637249688799613,0.3570039814703451,0.32366485699466485,0.29581760720829203,0.33068234372926236,,0.37359926451539816,-0.4180153884979138,-0.45333509641415004,-0.40788528505626614,-0.4633184784820443,,-0.41820654791138023,-6.309567220489842,-6.589957521929082,-6.950933759337595,-6.864431967697753,-6.98297196059246,-6.571828797506991,-11.41401825611112,-11.638386827520835,-11.654518047615735,-12.020007212377333,-11.752288327221311,-11.629211508360262,5,6,4.87
City of Cabuyao,Baclaran,2024,Wet,445.0,275.9,307.0,308.7,62.4,189.7,27.78,28.2,27.96,27.86,27.84,26.52,83.77,83.02,83.93,82.52,81.69,84.79,0.3025107773929602,0.38841577205127786,0.5141593535068506,0.5347706340650507,0.418375752225677,0.46706687544733627,0.2939134471879231,0.38730205597262257,0.3661801321962619,0.38643047391220914,0.3000367616131072,0.34110953775631403,-0.28127743706674047,-0.3321525300538976,-0.48228655497007705,-0.5078855114378672,-0.4301784501744477,-0.4578594421277597,-4.90265547432181,-6.6106175938621154,-6.5596974001596084,-6.495188832898346,-6.680316249152118,-5.602647249592059,-13.593378684583344,-12.168051598117005,-12.079440816398835,-11.453974485521673,-12.047941833048405,-10.973600687845932,6,6,4.06
City of Cabuyao,Banaybanay,2024,Wet,431.0,253.6,309.2,294.0,81.3,204.4,27.06,27.55,27.35,27.07,27.53,25.97,88.63,86.83,86.8,86.81,82.26,87.31,0.03932601337631544,0.3952942946543345,0.4706869505829113,0.44768620746865473,0.43364540360615683,0.41455031567440953,0.15813597540060678,0.36830121311506414,0.33285849657288136,0.33275694766485714,0.30203319421861463,0.2949300113750967,0.0009527706230680151,-0.3638113878813723,-0.45061034173705744,-0.44032824883561394,-0.43037174685134727,-0.3995427545574123,-4.013714928522528,-5.67330901139756,-6.199405777469461,-5.69636226982181,-6.594984974273115,-5.281977159201534,-13.436568866487503,-11.182391978488747,-11.682817512353477,-10.998211411281817,-11.998287046653521,-10.841521535284434,6,6,4.12
City of Cabuyao,Bigaa,2024,Wet,445.0,275.9,307.0,308.7,62.4,189.7,27.43,27.86,27.6,27.49,27.47,26.18,83.7,82.99,83.88,82.46,81.65,84.76,,0.45900634986566113,0.6062492260707494,0.5803071313639625,0.49643611791855596,0.5376266559541075,,0.4036718167370682,0.4240716845564776,0.4341903005622598,0.3692515428730364,0.4210704469389057,,-0.4001770346314182,-0.5433180391967606,-0.533338204752352,-0.4826767004228013,-0.4838794864096381,-5.74967684902045,-5.75411069345588,-5.9446190063853175,-6.002562404805686,-6.400002954280636,-5.428300825999819,-13.246499624072893,-11.78761673844163,-12.168954063375478,-11.722693839068468,-12.413499258545881,-11.402871249815252,5,6,3.83
City of Cabuyao,Butong,2024,Wet,445.0,275.9,307.0,308.7,62.4,189.7,27.43,27.86,27.6,27.49,27.47,26.18,83.7,82.99,83.88,82.46,81.65,84.76,,0.38182117058070825,0.47523480436986076,0.5106128560938137,0.4291621975489099,0.6433519522794694,,0.31487978898654373,0.32442919107785395,0.3825555467456402,0.36021830251799636,0.5883678620295237,,-0.34220575385076984,-0.44424731642307785,-0.4801743049531069,-0.41449118244530625,-0.5258797557908108,-6.158776221333399,-6.094527961159208,-6.4762694395976546,-6.331032052676585,-6.759741337251128,-5.943532939926043,-12.853304928365663,-11.501561492432696,-12.160773438924494,-11.810517326838342,-12.123830061371864,-11.110958544496002,5,6,3.61
City of Cabuyao,Gulod,2024,Wet,445.0,275.9,307.0,308.7,62.4,189.7,27.79,28.21,27.96,27.86,27.84,26.54,83.77,83.02,83.93,82.52,81.69,84.79,0.3354625579609422,0.41431668305615016,0.5990906258284494,0.5476561947200596,0.42780191860395417,0.44180844057268753,0.31350268012947485,0.37467317613849793,0.40158896935922006,0.4228754826621196,0.33409295515131776,0.3239615400361716,-0.2795561362422572,-0.3622224855531822,-0.531635898713561,-0.5005738327229332,-0.4169044037115578,-0.4177326496733649,-6.775238432808701,-7.385364324537302,-7.626323179478717,-7.167543130312186,-7.300411856449547,-6.71425874035929,-15.220305647602581,-13.037123062815196,-13.117456968158857,-12.30153394963039,-13.214976848544778,-12.6063915164283,6,6,3.8
City of Cabuyao,Mamatid,2024,Wet,431.0,253.6,309.2,294.0,81.3,204.4,27.14,27.65,27.41,27.15,27.58,26.03,88.63,86.85,86.81,86.83,82.28,87.32,0.31976545895671865,0.24689020824835117,0.41556871715474347,0.4107757434056858,0.36914376959487805,0.38645861964805006,0.30848030867216736,0.2711166698777689,0.28622912916233706,0.32249057934502334,0.2510460508226994,0.25767995708141483,-0.3102661234101206,-0.26052298490342335,-0.4342405010657851,-0.43760878697962813,-0.40978505818866595,-0.4120391400676359,-2.7593280982707613,-4.940023490495937,-5.179333524583563,-5.050944681591225,-5.654511720959038,-4.5080952901822045,-11.733128638159087,-10.275778977908907,-10.539171265569035,-10.156401884077736,-10.643521055023422,-9.71488307796823,6,6,3.85
City of Cabuyao,Marinig,2024,Wet,445.0,275.9,307.0,308.7,62.4,189.7,27.43,27.86,27.6,27.49,27.47,26.18,83.7,82.99,83.88,82.46,81.65,84.76,0.31844777187190787,0.3945922068560143,0.4840074474567855,0.4467736198563966,0.3748045503996873,0.3888088812828013,0.3095011207280576,0.34519715594535005,0.3375112094062112,0.33809661241239547,0.3014351747912994,0.30787349146269044,-0.28073068395041045,-0.3594061333534196,-0.4575376273186725,-0.4394926101271692,-0.37888969374059855,-0.3794991049408374,-5.758115668444899,-6.614331604209853,-6.964662366718229,-6.7888397071905064,-7.10342138457995,-6.12764441320199,-13.139059262314618,-11.459684693220783,-11.857559125686056,-11.50862030056154,-12.34101453077889,-11.19242759959866,6,6,3.76
City of Cabuyao,Niugan,2024,Wet,445.0,275.9,307.0,308.7,62.4,189.7,27.73,28.16,27.91,27.8,27.77,26.48,83.76,83.02,83.92,82.51,81.68,84.79,,0.394763872933574,0.5169006950616422,0.49590766920585744,0.5393299299926987,0.5319985398387824,,0.3755733373439262,0.37805610426597336,0.36654603122439927,0.42314053763547527,0.4436539621501494,,-0.3546128574446456,-0.474525859465602,-0.46384108573086635,-0.5006984754507912,-0.48332468518798094,-5.452350385756039,-6.472191690792041,-6.804418078202488,-6.0710501732319555,-6.514221420070426,-5.161639718623273,-13.796648938085214,-12.012871365816496,-12.385739710514201,-11.446754524634283,-12.077006079615657,-10.81147964818623,5,6,3.66
City of Cabuyao,Pulo,2024,Wet,431.0,253.6,309.2,294.0,81.3,204.4,26.38,26.87,26.67,26.38,26.84,25.29,88.57,86.77,86.73,86.74,82.18,87.26,0.36295823338958955,0.43708983076690916,0.39678563076991996,0.4141731353481763,0.3268184926820217,0.36975152856744964,0.3523573850591977,0.40792097500639,0.34967001519103547,0.31412151144272843,0.2629842442113449,0.29126077671932915,-0.3257073205378321,-0.38470740146026383,-0.3875851693813992,-0.41289968985463926,-0.33617426256719246,-0.35536286437634196,-2.866287986255641,-5.079675812523285,-5.6391971593465025,-5.121977871551738,-5.998405551701879,-4.812199256263348,-12.515879054540687,-10.576396959876115,-11.098665229202552,-10.494909644614436,-11.201912079387698,-10.177000288622525,6,6,3.92
City of Cabuyao,Sala,2024,Wet,445.0,275.9,307.0,308.7,62.4,189.7,27.72,28.15,27.89,27.79,27.77,26.46,83.74,83.02,83.92,82.51,81.68,84.78,,0.3524773089467958,0.4623360763481582,0.45159373345498427,0.4386323428078385,0.3829676836959078,,0.33383427892622236,0.33046936120888354,0.33215508747850114,0.34907431267664735,0.36605297917874413,,-0.31717162980222025,-0.42017801080606815,-0.4167090903589812,-0.4077701982859203,-0.3409401013314975,-5.585887671792091,-5.73539012366571,-6.195139508466127,-5.87452529517893,-6.486410909132728,-5.303265270752547,-12.594872753587735,-11.324951714974594,-11.93913410805976,-11.383162824784868,-12.093691565424765,-10.991494933142853,5,6,3.67
City of Cabuyao,San Isidro,2024,Wet,431.0,253.6,309.2,294.0,81.3,204.4,27.08,27.57,27.37,27.08,27.54,25.99,88.63,86.84,86.8,86.82,82.27,87.31,0.3872322900403891,0.520329046987256,0.551911266593655,0.4994302893753694,0.4595102535173099,0.45721936550542636,0.44227125109519505,0.4762796979990435,0.4081612840360624,0.37237117580592516,0.33733753202058836,0.35890765467545727,-0.300155767299931,-0.43674848483917655,-0.5144620956166435,-0.4862367936234197,-0.45280405856810074,-0.4316346452494457,-4.828968169712106,-5.840728968271673,-5.95728878138684,-5.675473143595556,-6.173761574313319,-5.222596369000678,-12.625734835527306,-11.40253558255794,-11.630403680822125,-11.09465673060535,-11.950768581371086,-11.059904724766168,6,6,4.19
City of Cabuyao,Baclaran,2025,Dry,51.9,89.6,48.5,22.0,167.5,369.0,25.93,26.02,26.93,28.94,28.9,27.91,82.82,82.39,80.85,76.32,78.24,83.1,0.45074682475041594,0.4646626348942806,0.4813732118386107,0.46399598938051956,0.4656958849974192,,0.36483989707175807,0.3362136362834877,0.35181797617807176,0.3918946069560275,0.4020859314072016,,-0.44615154659224565,-0.4404448259057665,-0.46759834009294887,-0.45361375387793135,-0.4550873748482329,,-6.127413588469209,-6.505249765976728,-6.6368453276674,-6.273433096791592,-6.808902670430032,-3.6439502362702902,-11.660164677032721,-12.005771134518382,-11.99817936884973,-14.715382904182727,-11.819120191249493,-12.844282907050443,5,6,4.04
City of Cabuyao,Banaybanay,2025,Dry,68.0,136.1,70.3,26.8,131.2,329.7,25.57,25.83,27.01,29.47,28.85,27.29,83.8,82.09,78.08,71.33,77.71,87.27,0.451555340823668,0.4148624871453999,0.39765658492897843,0.3314971058594823,0.34966412794488755,0.04081396758556366,0.3600709831403279,0.31943115486921886,0.27852346934465483,0.25203678377093514,0.2519609788480258,0.21635204553604126,-0.4445507571266499,-0.40864951748984796,-0.40934999138872774,-0.3623201766168842,-0.3690728210977791,0.010116560384631157,-5.895419572931207,-6.604347247077044,-6.5130568944156435,-5.656806713703923,-6.602723258315832,-2.635214362895959,-11.451417471960157,-11.83533140582429,-11.95588114153965,-14.951583639258999,-12.094707006268374,-12.747639020205723,6,6,4.86
City of Cabuyao,Bigaa,2025,Dry,51.9,89.6,48.5,22.0,167.5,369.0,25.58,25.66,26.57,28.59,28.55,27.55,82.79,82.35,80.81,76.27,78.18,83.04,,0.562762317318761,0.5213484244697252,0.4694332722243122,0.4679067580641461,,,0.5065239885721696,0.41233071208089317,0.3986655946479378,0.36928536541436924,,,-0.5037842932111727,-0.4911027038258205,-0.4551265832433755,-0.45858001620393085,,-6.124020667974272,-6.410914504630865,-6.349802377113248,-7.0055521688253934,-5.9767595977775105,-4.72006064947134,-12.37930149040874,-12.450310070855501,-12.425015865733371,-14.174443605910145,-11.898453959024398,-12.164997974176167,4,6,4.4
City of Cabuyao,Gulod,2025,Dry,51.9,89.6,48.5,22.0,167.5,369.0,25.95,26.02,26.93,28.95,28.91,27.92,82.82,82.39,80.85,76.32,78.25,83.1,0.5281960319427347,0.5242895519152121,0.48875331910220177,0.44002623634878163,0.41180760482340995,,0.45368936159224854,0.45577523045314366,0.3886622412708097,0.37965337527924553,0.3416022705352267,,-0.4870700489280516,-0.4760828493083142,-0.46836527706016357,-0.44054520435203715,-0.41865413271844226,,-6.830834243597119,-7.462507272964689,-7.401795262657267,-7.923163845261175,-7.788199485484321,-6.7516344779420985,-12.723034101377584,-12.959715766835837,-12.871421990554527,-15.179117859008521,-13.434465735468688,-14.510320884173613,5,6,4.39
City of Cabuyao,Mamatid,2025,Dry,68.0,136.1,70.3,26.8,131.2,329.7,25.65,25.9,27.1,29.54,28.93,27.35,83.81,82.1,78.08,71.34,77.73,87.29,0.3841528613206065,0.30229519700463486,0.37659015561322534,0.34560675831367366,0.36164354639905905,,0.2809900247511622,0.21983430124331532,0.26794002801378264,0.2724125997069698,0.2980636234907262,,-0.4240253976628314,-0.32315708728148257,-0.41578445023808724,-0.38477613707544767,-0.3904002722990724,,-5.017230113657932,-5.515770380462091,-5.445313071613983,-4.002566579353664,-5.5461192252612594,-1.591615378734477,-10.359649465924457,-10.41321014440428,-10.531354170438659,-12.967460993337163,-10.633263190340848,-11.237141962994677,5,6,4.26
City of Cabuyao,Marinig,2025,Dry,51.9,89.6,48.5,22.0,167.5,369.0,25.58,25.66,26.57,28.59,28.55,27.55,82.79,82.35,80.81,76.27,78.18,83.04,0.5145508500803448,0.42258751565788866,0.4161880570918132,0.3661964681277743,0.40613527912710057,,0.5243010581698407,0.34980784131543496,0.3209220856393754,0.2997228850722873,0.33004107715259384,,-0.47059410706125093,-0.40694983104858284,-0.42179886129125177,-0.38574209853537045,-0.41378461261032207,,-6.465646993901915,-6.779348904841197,-6.918100161751048,-7.1495128764643665,-6.711873563280674,-5.210088638515885,-11.91647363260026,-11.886770290387622,-12.0290973815085,-14.255379860574134,-11.73214702873212,-12.407231150488746,5,6,4.51
City of Cabuyao,Niugan,2025,Dry,51.9,89.6,48.5,22.0,167.5,369.0,25.88,25.97,26.88,28.9,28.86,27.85,82.82,82.39,80.84,76.32,78.24,83.1,0.6867949175330573,0.4499509134482727,0.436656313345027,0.3523789768098659,0.3863214863541027,,0.6058705265824454,0.3755054219134794,0.3172516951080703,0.27888909841196236,0.28160108281005014,,-0.6150986861094887,-0.4208752950063087,-0.4266889706136327,-0.35643291692391543,-0.37872410757867103,,-5.831310463577649,-6.574333013464937,-6.7345789051531195,-6.806311338609949,-6.678222192091589,-4.220330954649633,-11.800251579997441,-12.195400136568287,-12.605259516477627,-15.020721998749458,-12.418200120338163,-12.68887460878278,5,6,4.96
City of Cabuyao,Pulo,2025,Dry,68.0,136.1,70.3,26.8,131.2,329.7,24.88,25.14,26.33,28.8,28.18,26.61,83.75,82.02,77.99,71.23,77.62,87.22,0.3664032876092412,0.3708322927125702,0.35753085850588534,0.3058415375986504,0.3231609207283178,,0.3019094577855124,0.2892838188416986,0.2794442252322964,0.2573287397492459,0.2659050772804306,,-0.37554214447692463,-0.3537185648176872,-0.36733543219733217,-0.3295230584779009,-0.33259182775335105,,-5.284478152581828,-6.043607248620335,-5.945564368067386,-4.114329896112955,-6.017471555738286,-1.428602411115339,-10.691929779343946,-11.096584928160997,-11.100668164513706,-13.754819960797224,-11.285450523157316,-11.79351101552511,5,6,5.26
City of Cabuyao,Sala,2025,Dry,51.9,89.6,48.5,22.0,167.5,369.0,25.86,25.95,26.87,28.89,28.84,27.85,82.82,82.38,80.84,76.31,78.23,83.09,,0.43672951936502563,0.426745049173902,0.34722377256002207,0.3720859486253828,,,0.5409246666311716,0.3131722912920046,0.2819456178874221,0.28177971189786216,,,-0.3998893054924549,-0.40248232886957014,-0.34537630432157557,-0.3595883305554095,,-5.844305227362189,-6.557031556447025,-6.469155652996853,-6.8822884171969365,-6.30538496750569,-4.674760069912381,-11.65228587404155,-11.949372523994246,-12.090397010302825,-13.752232466688776,-11.775155144132462,-12.012764364065543,4,6,3.81
City of Cabuyao,San Isidro,2025,Dry,68.0,136.1,70.3,26.8,131.2,329.7,25.58,25.84,27.03,29.5,28.88,27.31,83.8,82.1,78.08,71.33,77.72,87.28,0.5098992142681679,0.5029678246881663,0.48488128858786256,0.4121619702154208,0.4407974753452792,,0.40247516361925845,0.4100691751248921,0.3733032674182587,0.33361147731896923,0.3590225163963138,,-0.4925101595323922,-0.4676471267375998,-0.4773854512969049,-0.4233211563101912,-0.43300972481743305,,-5.62582882491192,-6.273232142830555,-6.244439553845703,-6.219246583143748,-6.463734385360579,-4.45530614181607,-11.400464623833777,-11.799155464908269,-11.864195696953463,-13.852046502406472,-12.273435617696089,-12.573308746051222,5,6,4.69
