municipality,year,season,seq_step,month,rain,temp,humid,ndvi,evi,ndwi,vv,vh,suspected_proxy,yield_mt_ha
Alaminos,2018,Dry,1,1,125.0,23.92,85.39,0.7435397859575571,0.6249735612719471,-0.6561719872392748,-5.730454876255691,-12.150481518899925,False,3.75584
Alaminos,2018,Dry,2,2,32.4,24.3,82.26,0.7888835875615291,0.6958160543897105,-0.700332158098738,-6.0534399289936065,-12.653917566197682,False,3.75584
Alaminos,2018,Dry,3,3,66.1,24.7,78.22,0.766086459178217,0.6340250995389425,-0.688005184374391,-6.261686279322462,-12.982311689570496,False,3.75584
Alaminos,2018,Dry,4,4,34.0,26.37,77.05,0.6704707909305652,0.5955975105914396,-0.6083700995710201,-6.546564428335136,-13.021744266134778,False,3.75584
Alaminos,2018,Dry,5,5,62.1,27.61,76.93,0.7087469857857358,0.6931929014707751,-0.6187483484350919,-6.082251281895327,-12.341552459289126,False,3.75584
Alaminos,2018,Dry,6,6,230.4,26.21,85.31,0.7978070058835129,0.7534176156338129,-0.6817183070492908,-5.999386507350708,-12.80787353976585,False,3.75584
Bay,2018,Dry,1,1,135.5,24.7,83.95,0.6719552388076656,0.5079486398807296,-0.5915987237707666,-6.928048388828759,-13.689309839820034,False,4.87822
Bay,2018,Dry,2,2,19.5,25.11,80.49,0.7336627744666611,0.5977684903024535,-0.6440231093025667,-7.28526722575235,-13.877214796040871,False,4.87822
Bay,2018,Dry,3,3,70.0,25.72,75.1,0.6084244869934559,0.5090498161231343,-0.5537157686483438,-7.454606132586367,-14.00850549275519,False,4.87822
Bay,2018,Dry,4,4,76.0,27.13,75.49,0.5800240045733515,0.4849450005484948,-0.5377530016935355,-7.66382597094036,-13.933728000518466,False,4.87822
Bay,2018,Dry,5,5,55.8,28.72,73.43,0.42356160287516853,0.30592987260511106,-0.3808924548873214,-7.1752558460559275,-13.385863060436437,False,4.87822
Bay,2018,Dry,6,6,245.2,26.92,85.21,0.5551187153331371,0.50612015738142,-0.4632378788064173,-7.361322768749925,-14.390850828038886,False,4.87822
Calauan,2018,Dry,1,1,124.3,25.06,83.3,0.7396046551890261,0.6080072895342578,-0.6529068214940777,-6.6763248545262055,-13.094993836285159,False,4.66715
Calauan,2018,Dry,2,2,14.4,25.37,80.15,0.7604945510548791,0.6655529253496631,-0.6724304199724843,-6.662787231398431,-13.28796338954368,False,4.66715
Calauan,2018,Dry,3,3,59.4,25.84,75.58,0.7318595800347921,0.648962244605778,-0.657474614032864,-6.775787360226712,-13.494688895014173,False,4.66715
Calauan,2018,Dry,4,4,58.3,27.3,75.47,0.6408989817035188,0.5270609339784321,-0.5876768224911165,-7.093235654467822,-13.582696294205665,False,4.66715
Calauan,2018,Dry,5,5,20.1,28.84,73.64,0.5877397955560089,0.49424472733282765,-0.5238072393895942,-6.739996230004414,-12.99711190257508,False,4.66715
Calauan,2018,Dry,6,6,226.7,27.22,84.22,0.6929190583250262,0.6501553770175693,-0.5852010614128688,-6.581241762343073,-13.677155797906497,False,4.66715
Cavinti,2018,Dry,1,1,204.6,22.7,91.29,0.6426587589047028,0.5768448123929314,-0.5507058950213105,-6.912182803124155,-13.281113499887734,False,3.36595
Cavinti,2018,Dry,2,2,46.0,22.92,88.89,0.7439003970189232,0.5991032110115428,-0.630880288086368,-7.056670741569406,-13.495588452312687,False,3.36595
Cavinti,2018,Dry,3,3,123.3,23.18,85.27,0.7510661879047335,0.6235395916971863,-0.6481311793282641,-6.674661096301146,-13.307208968847272,False,3.36595
Cavinti,2018,Dry,4,4,98.0,24.62,85.92,0.7487977488825538,0.626116166628618,-0.642038863680276,-7.435291250448524,-14.063313271841443,False,3.36595
Cavinti,2018,Dry,5,5,92.3,25.99,84.78,0.6927828678883217,0.5884182107454962,-0.5986417297532446,-7.190973081216131,-13.45839274766383,False,3.36595
Cavinti,2018,Dry,6,6,193.3,25.24,88.28,0.7171323820158509,0.6755903433120966,-0.5921671446344149,-7.429496527258528,-14.065352566333946,False,3.36595
City of Biñan,2018,Dry,1,1,204.9,24.87,82.75,0.42303469266336113,0.26191800628839346,-0.411581605326105,-6.461392564733133,-11.998014002285466,False,4.56303
City of Biñan,2018,Dry,2,2,13.9,25.3,79.55,0.3814929099574749,0.2847283022711345,-0.38545273685419196,-6.354613352274653,-13.013512083598764,False,4.56303
City of Biñan,2018,Dry,3,3,60.3,25.97,73.7,0.3346527828357553,0.2479446443204241,-0.3548569890404632,-6.354513516747013,-13.234364644958838,False,4.56303
City of Biñan,2018,Dry,4,4,83.9,27.4,74.43,0.288812810635818,0.20638368781102892,-0.3244156049935384,-6.60603423245276,-13.441707766194623,False,4.56303
City of Biñan,2018,Dry,5,5,42.1,28.83,73.29,0.30967063022755836,0.21133941818902155,-0.35002004048274865,-7.232367046004186,-12.836949309284675,False,4.56303
City of Biñan,2018,Dry,6,6,224.1,26.89,84.17,,,,-5.587910796042742,-12.652855066073801,False,4.56303
City of Cabuyao,2018,Dry,1,1,165.6,24.46,85.29,0.47166389807529574,0.37917932783253333,-0.42921083608227173,-6.770120201451504,-12.281471907936877,True,4.62105
City of Cabuyao,2018,Dry,2,2,20.2,24.91,82.29,0.5143215289326618,0.39253090498532844,-0.4864582639689125,-6.3599311210589216,-13.587279669880862,True,4.62105
City of Cabuyao,2018,Dry,3,3,79.7,25.49,77.09,0.3787988066317255,0.3158186731119661,-0.3755731319987471,-6.532524516225756,-13.899276980160247,True,4.62105
City of Cabuyao,2018,Dry,4,4,113.6,26.92,77.7,0.3559167613367649,0.2734499821684207,-0.3807023449452725,-6.740279643128388,-14.005549335992027,True,4.62105
City of Cabuyao,2018,Dry,5,5,78.2,28.43,76.0,0.4156639368099655,0.297226087085852,-0.432540705911326,-7.670051006877187,-13.131888136560246,True,4.62105
City of Cabuyao,2018,Dry,6,6,259.5,26.73,84.83,0.40998188886183,0.32778978995456826,-0.3625516421500167,-5.834049480697954,-13.509930280721381,True,4.62105
City of Calamba,2018,Dry,1,1,128.5,24.07,85.66,0.557428177916727,0.43543749449095154,-0.5103378750800412,-6.893022150732967,-12.669501863281534,True,4.62105
City of Calamba,2018,Dry,2,2,31.2,24.56,82.36,0.555825282997113,0.42699122470992573,-0.5190615779300959,-7.1605465559346415,-13.659739381894802,True,4.62105
City of Calamba,2018,Dry,3,3,77.1,25.18,76.59,0.47700293057359905,0.371221867812551,-0.4685209849199411,-7.400729771557703,-14.025499011449027,True,4.62105
City of Calamba,2018,Dry,4,4,89.1,26.58,77.55,0.4091749714122332,0.32330308987908674,-0.42054557704400464,-7.687874122958891,-14.221346773831344,True,4.62105
City of Calamba,2018,Dry,5,5,63.7,28.07,75.78,0.4180717440247209,0.2936388208873087,-0.44711837242577984,-7.929387818377087,-13.762637813667807,True,4.62105
City of Calamba,2018,Dry,6,6,234.2,26.44,85.32,0.47041715525342936,0.44246858226734753,-0.40156095288088645,-6.639297297570759,-13.409871568423874,True,4.62105
City of San Pablo,2018,Dry,1,1,117.8,24.68,85.21,0.6941209789014527,0.5614606587962573,-0.6171764397131893,-6.6637206671400655,-12.73619815262624,True,3.9914
City of San Pablo,2018,Dry,2,2,25.4,25.02,82.28,0.7559855615441566,0.6272551335927065,-0.671460253737761,-6.550091100667904,-13.003170117140321,True,3.9914
City of San Pablo,2018,Dry,3,3,56.4,25.46,77.95,0.7434048107134055,0.5757498766254805,-0.6671587404384944,-6.630948207034074,-13.24654431708715,True,3.9914
City of San Pablo,2018,Dry,4,4,34.8,27.05,77.32,0.6274181027018545,0.508320719236691,-0.5780359863662031,-7.1118520431814165,-13.555999845368975,True,3.9914
City of San Pablo,2018,Dry,5,5,70.3,28.4,76.84,0.6101580661023657,0.540145003296688,-0.5438277943188297,-6.846384049476598,-12.918809079912284,True,3.9914
City of San Pablo,2018,Dry,6,6,248.7,26.9,85.59,0.751922169880624,0.676479727560212,-0.6474102032086603,-6.230563793276338,-12.84305417022012,True,3.9914
City of Santa Rosa,2018,Dry,1,1,165.6,24.46,85.29,0.5120973082651786,0.36253266577919047,-0.4823981374403161,-6.83218794043169,-12.487002842233037,True,3.9914
City of Santa Rosa,2018,Dry,2,2,20.2,24.91,82.29,0.466136554060869,0.3364301560542576,-0.4540874367236902,-6.879446496254893,-13.656607142384392,True,3.9914
City of Santa Rosa,2018,Dry,3,3,79.7,25.49,77.09,0.3881329208435678,0.2991097936456692,-0.3948083536379021,-6.97380471639884,-13.950179017684317,True,3.9914
City of Santa Rosa,2018,Dry,4,4,113.6,26.92,77.7,0.3445601187152146,0.2543467500534641,-0.3736317663580395,-7.211534482257197,-14.177275718946907,True,3.9914
City of Santa Rosa,2018,Dry,5,5,78.2,28.43,76.0,0.3579954732523797,0.2458715938025794,-0.3970511906602331,-7.87670672284878,-13.662558387791167,True,3.9914
City of Santa Rosa,2018,Dry,6,6,259.5,26.73,84.83,,,,-6.117995343732397,-13.233790563343796,True,3.9914
Famy,2018,Dry,1,1,274.7,24.48,86.76,0.5331329275765162,0.474913890680849,-0.462299359054585,-6.839860024675122,-13.107565697596062,False,4.3845
Famy,2018,Dry,2,2,19.6,24.85,83.85,0.7996262761890145,0.6512419346310441,-0.703953176804059,-6.986895627654144,-13.37464372459719,False,4.3845
Famy,2018,Dry,3,3,46.0,25.15,80.03,0.8093884526841435,0.667235053334522,-0.7032901833196034,-6.753689146451711,-13.358058522946655,False,4.3845
Famy,2018,Dry,4,4,95.2,26.63,80.49,0.7650325596478701,0.6781143423533801,-0.6647672041962466,-7.4865396247645934,-13.757978223821242,False,4.3845
Famy,2018,Dry,5,5,17.4,28.19,78.62,0.7100568386626048,0.5760016974227893,-0.629711768037892,-6.599146515982459,-12.562820405837236,False,4.3845
Famy,2018,Dry,6,6,307.2,26.82,88.23,0.6036658772278019,0.6484490482245835,-0.5090634148976532,-7.045460411333019,-13.6403501880016,False,4.3845
Kalayaan,2018,Dry,1,1,254.2,22.77,91.5,0.6376700262740225,0.6066596122184197,-0.543787041443339,-7.118655003548558,-13.459892167118195,False,3.91285
Kalayaan,2018,Dry,2,2,44.3,23.05,88.64,0.76635218610408,0.6230833738323212,-0.6605589494334786,-6.968085787383232,-13.235090728388371,False,3.91285
Kalayaan,2018,Dry,3,3,119.8,23.32,85.2,0.7186688025652936,0.5754126940650434,-0.6264795030169085,-6.76182539505827,-13.292069868521981,False,3.91285
Kalayaan,2018,Dry,4,4,150.7,24.61,86.98,0.7453619953381008,0.6529942570774127,-0.6413410784586812,-7.501237873704021,-13.920464508034565,False,3.91285
Kalayaan,2018,Dry,5,5,97.6,25.93,86.35,0.6947611595866666,0.6031087475987125,-0.592118154986886,-7.193416951070453,-13.24714316532774,False,3.91285
Kalayaan,2018,Dry,6,6,272.2,25.29,90.24,0.6089366248802986,0.6174304361350362,-0.4976754176558732,-7.212989612428082,-13.659783305010603,False,3.91285
Liliw,2018,Dry,1,1,128.7,23.47,86.43,0.769651740391396,0.5897099244668288,-0.6809865606111426,-6.554645346836789,-12.95393046754957,False,4.16664
Liliw,2018,Dry,2,2,24.1,23.71,84.14,0.8090988888771181,0.5972581513993611,-0.720772782450506,-6.432159764687113,-13.058621210011072,False,4.16664
Liliw,2018,Dry,3,3,85.8,24.08,80.08,0.7886349678236761,0.6180553652719544,-0.6989498685069948,-6.227601230810167,-12.986698495791602,False,4.16664
Liliw,2018,Dry,4,4,43.6,25.64,79.2,0.7497095189155016,0.6058320496777698,-0.6685784904602525,-7.061052231228356,-13.637174844197919,False,4.16664
Liliw,2018,Dry,5,5,35.0,27.12,77.42,0.7148032888651192,0.5682576898244102,-0.6368124630427419,-7.127558290927661,-13.485893081468678,False,4.16664
Liliw,2018,Dry,6,6,230.7,25.81,85.35,0.7113232503889372,0.6752866069726031,-0.604573951356702,-6.546057271227402,-13.332335944632359,False,4.16664
Los Baños,2018,Dry,1,1,135.5,23.65,83.85,0.6942530388493814,0.5598732271206092,-0.6235307827238068,-6.118357576855186,-12.360473245661515,False,4.20141
Los Baños,2018,Dry,2,2,19.5,24.05,80.34,0.7145210182541998,0.6130214250198793,-0.6335896939425825,-6.240457693333399,-12.79285842485971,False,4.20141
Los Baños,2018,Dry,3,3,70.0,24.65,74.93,0.6417552823000133,0.5819036775165404,-0.5704384704987578,-6.432902485861232,-13.103597409757326,False,4.20141
Los Baños,2018,Dry,4,4,76.0,26.05,75.34,0.5510587384103217,0.48280109742509897,-0.5073859911607264,-6.635491973911711,-13.112215865843778,False,4.20141
Los Baños,2018,Dry,5,5,55.8,27.65,73.3,0.746498566516405,0.734369810618694,-0.642873779552486,-6.47727725124645,-12.569962844131696,False,4.20141
Los Baños,2018,Dry,6,6,245.2,25.87,85.12,0.5923644436568802,0.5788056404257103,-0.5084161694880425,-6.456167354547118,-13.007027196497724,False,4.20141
Luisiana,2018,Dry,1,1,227.1,21.85,93.1,0.6822235066638577,0.57982729115329,-0.6021347758733768,-6.19429432688085,-12.872231731996672,False,3.20839
Luisiana,2018,Dry,2,2,65.0,22.0,90.86,0.8283873484460548,0.6531543237001798,-0.7290516243678499,-6.369834245506992,-13.032258335623164,False,3.20839
Luisiana,2018,Dry,3,3,125.1,22.2,88.02,0.8071566195083463,0.6921647085848704,-0.7043023855303361,-6.1340710205108095,-12.868579559173872,False,3.20839
Luisiana,2018,Dry,4,4,79.4,23.67,87.75,0.7985410888717958,0.6414873555178131,-0.6963454581444727,-6.811468443316081,-13.497005712205299,False,3.20839
Luisiana,2018,Dry,5,5,110.2,25.04,86.49,0.7661914464733198,0.630986483900083,-0.6688869789366759,-6.682751074880635,-13.06279323572448,False,3.20839
Luisiana,2018,Dry,6,6,212.5,24.44,89.03,0.7907223493671367,0.7926667086347348,-0.6714989862480767,-6.772111091055395,-13.468386001283408,False,3.20839
Lumban,2018,Dry,1,1,254.2,22.77,91.5,0.5827796352638331,0.5669649215036988,-0.49745507019982604,-7.560733040099189,-13.74513357923221,False,4.60063
Lumban,2018,Dry,2,2,44.3,23.05,88.64,0.6952667847803455,0.568828456388752,-0.5957728047432558,-7.442293709329999,-13.801203931821245,False,4.60063
Lumban,2018,Dry,3,3,119.8,23.32,85.2,0.6933979249955362,0.5784196059785294,-0.6025222591374407,-7.36291702314374,-14.054946128344302,False,4.60063
Lumban,2018,Dry,4,4,150.7,24.61,86.98,0.6996401054749067,0.6085693703270529,-0.6079598041613321,-8.092147565060177,-14.472004429704059,False,4.60063
Lumban,2018,Dry,5,5,97.6,25.93,86.35,0.5810545138354969,0.5044274357367321,-0.5105778082612569,-7.776093891702206,-13.751418866682139,False,4.60063
Lumban,2018,Dry,6,6,272.2,25.29,90.24,0.6627996058540343,0.6433103017038896,-0.5504250152511015,-7.631934653600571,-14.047231721536457,False,4.60063
Mabitac,2018,Dry,1,1,246.1,24.72,81.4,0.6210494223229203,0.5163240127769769,-0.5453855118183845,-8.281612497335427,-14.683549690455513,False,4.90881
Mabitac,2018,Dry,2,2,9.1,25.06,79.35,0.6952920108998824,0.5824653458699138,-0.6021922226616069,-8.282475177367889,-14.789981121347296,False,4.90881
Mabitac,2018,Dry,3,3,31.9,25.4,75.38,0.3975330480470174,0.43175832981160306,-0.31041485948799674,-8.014242068915499,-14.86646734382914,False,4.90881
Mabitac,2018,Dry,4,4,86.5,26.94,75.63,0.6734331217609746,0.6095292420441842,-0.6065042657456545,-8.515338974494954,-14.795121987724873,False,4.90881
Mabitac,2018,Dry,5,5,16.0,28.61,73.14,0.5709925463579465,0.44275113434610147,-0.5423922121876128,-7.626885690204921,-13.159571732824658,False,4.90881
Mabitac,2018,Dry,6,6,414.0,26.88,85.31,0.6571101018852,0.6268016456606132,-0.5613963481363362,-7.75138799430399,-14.390195533197334,False,4.90881
Magdalena,2018,Dry,1,1,141.8,25.05,84.41,0.5078499313409925,0.4192711895942526,-0.4420857508548643,-6.609307737211597,-13.058732303284033,False,4.08805
Magdalena,2018,Dry,2,2,19.4,25.33,81.88,0.7946828421684256,0.6564545323690751,-0.7051782384377568,-6.804043784285813,-13.336875174989599,False,4.08805
Magdalena,2018,Dry,3,3,79.0,25.78,77.09,0.7021860272744288,0.5975425539377814,-0.6369397809621878,-6.534571960637717,-13.198425994147398,False,4.08805
Magdalena,2018,Dry,4,4,77.6,27.31,76.99,0.644453803443278,0.5071691989760146,-0.6054764189953963,-7.636813418692586,-14.075480584105792,False,4.08805
Magdalena,2018,Dry,5,5,17.6,28.8,75.24,0.5726596130738544,0.4254598207013399,-0.5524936508075478,-7.731915490782589,-13.993388957954531,False,4.08805
Magdalena,2018,Dry,6,6,235.8,27.38,84.08,0.7080157361006704,0.6705335484212672,-0.6052326547134252,-6.604295798168972,-13.339063870392122,False,4.08805
Majayjay,2018,Dry,1,1,227.1,22.79,93.15,0.7587982210750482,0.5913012659461843,-0.6729376585585908,-6.600968809137483,-13.09523015988818,False,4.0237
Majayjay,2018,Dry,2,2,65.0,22.98,90.92,0.8199456972441758,0.6188220616775536,-0.7266405855891473,-6.514205918749254,-13.145401217579632,False,4.0237
Majayjay,2018,Dry,3,3,125.1,23.16,88.07,0.8039608938134954,0.6707016280624052,-0.7078495121629831,-6.266972388144528,-13.00384880942349,False,4.0237
Majayjay,2018,Dry,4,4,79.4,24.61,87.82,0.7702855619946826,0.6541327183666643,-0.6847700463790677,-7.2500865352424375,-13.741713919684335,False,4.0237
Majayjay,2018,Dry,5,5,110.2,26.01,86.59,0.7507655655035104,0.6276928633562107,-0.6635110259581927,-7.0531696244204936,-13.320676391014725,False,4.0237
Majayjay,2018,Dry,6,6,212.5,25.4,89.11,0.7400337594681979,0.7950633173586014,-0.631324485368683,-6.862273254427213,-13.546429932532122,False,4.0237
Nagcarlan,2018,Dry,1,1,128.7,23.47,86.43,0.7503989020752585,0.6052104337492551,-0.6656902177785782,-6.193567202251397,-12.714980438748036,False,4.34663
Nagcarlan,2018,Dry,2,2,24.1,23.71,84.14,0.8169610081379047,0.616543447362743,-0.7281143765508573,-5.987566556539531,-12.81480933666649,False,4.34663
Nagcarlan,2018,Dry,3,3,85.8,24.08,80.08,0.7864011331351026,0.649824211591966,-0.6956845997974546,-5.766678926726785,-12.78173009258473,False,4.34663
Nagcarlan,2018,Dry,4,4,43.6,25.64,79.2,0.7714784633892697,0.632738679831562,-0.68387734206723,-6.512096618418658,-13.29510379695519,False,4.34663
Nagcarlan,2018,Dry,5,5,35.0,27.12,77.42,0.749005264422169,0.6208777424269347,-0.6582777560852846,-6.539319707004487,-13.007254353062761,False,4.34663
Nagcarlan,2018,Dry,6,6,230.7,25.81,85.35,0.7635430597402344,0.7600995268265993,-0.6544554020958078,-6.090276691230706,-13.053895607618166,False,4.34663
Paete,2018,Dry,1,1,358.7,21.83,92.99,0.4553655294332452,0.5783959876646368,-0.386741513070314,-6.566912418703779,-12.739599148782336,False,3.19597
Paete,2018,Dry,2,2,90.1,22.13,89.76,0.783115820242709,0.6509317955393894,-0.6798925845049235,-6.328045624530444,-12.605822410743105,False,3.19597
Paete,2018,Dry,3,3,151.7,22.38,86.26,0.7689580036184899,0.60338529327121,-0.6681374944669339,-6.182237889707893,-12.698476978900468,False,3.19597
Paete,2018,Dry,4,4,210.9,23.5,89.25,0.8143773231168988,0.7195824506115546,-0.6905696285713668,-6.841963701487245,-13.354524886654394,False,3.19597
Paete,2018,Dry,5,5,89.2,24.75,89.02,0.7958741308424617,0.6746567787622934,-0.6776911728978199,-6.661846067929587,-12.77252302195594,False,3.19597
Paete,2018,Dry,6,6,212.1,24.49,89.97,0.13343110936406394,0.14028097360745584,0.011757153270329179,-6.63243024555743,-13.112810302605793,False,3.19597
Pagsanjan,2018,Dry,1,1,141.8,25.28,84.43,0.5436751267142182,0.5661193572463957,-0.4666531148486224,-7.107128114973901,-13.59859422476797,False,4.90653
Pagsanjan,2018,Dry,2,2,19.4,25.56,81.9,0.7633832007490704,0.5944500027146341,-0.6750096558217621,-6.8971436100166095,-13.546336299155028,False,4.90653
Pagsanjan,2018,Dry,3,3,79.0,26.02,77.11,0.7073212324904987,0.5798682798556027,-0.6324056602040766,-7.147903813063923,-13.955338746411476,False,4.90653
Pagsanjan,2018,Dry,4,4,77.6,27.54,77.02,0.5715692088028654,0.4738282551876874,-0.5333135895520877,-7.586207891202569,-14.177441607271811,False,4.90653
Pagsanjan,2018,Dry,5,5,17.6,29.02,75.29,0.5115797348114661,0.4269856736893676,-0.48024717337616996,-7.847582042936082,-13.927777331354006,False,4.90653
Pagsanjan,2018,Dry,6,6,235.8,27.61,84.09,0.7435213582221375,0.7667207198692644,-0.6285338081377854,-6.951714550924916,-13.591397971341811,False,4.90653
Pakil,2018,Dry,1,1,201.6,25.75,78.64,0.5025121574225349,0.4740764699004676,-0.43277264293758405,-7.2194154108162145,-13.363196219166475,False,3.94488
Pakil,2018,Dry,2,2,10.9,26.18,75.57,0.7436947869870268,0.6023552154143773,-0.6568015254843255,-6.894584829371419,-13.290603968223367,False,3.94488
Pakil,2018,Dry,3,3,46.8,26.67,70.99,0.7349036488807457,0.6098272916936089,-0.6397648107456256,-6.7739981127325954,-13.46254648567488,False,3.94488
Pakil,2018,Dry,4,4,120.3,28.21,70.95,0.725525153672743,0.6328805084384357,-0.6424414498125782,-7.318627740920238,-13.709643983324778,False,3.94488
Pakil,2018,Dry,5,5,10.2,29.87,68.47,0.7275148438759628,0.6042131802437504,-0.643077931767419,-7.172113794728381,-13.1968079449913,False,3.94488
Pakil,2018,Dry,6,6,260.6,28.11,80.11,0.7744717285525635,0.7235736186427766,-0.6556856759086529,-6.857512462849478,-13.304044115763498,False,3.94488
Pangil,2018,Dry,1,1,381.4,22.51,91.65,0.5958306396632768,0.5886416372258827,-0.5018591679209587,-7.486616891616949,-13.60085130410846,False,4.02727
Pangil,2018,Dry,2,2,63.2,22.81,88.87,0.7993013742254585,0.6764849880123542,-0.6940878714552955,-6.961986910654071,-13.476211791441765,False,4.02727
Pangil,2018,Dry,3,3,101.6,23.06,85.56,0.738390624023808,0.6348087020626004,-0.6360614307003573,-6.676889044558251,-13.415028505059604,False,4.02727
Pangil,2018,Dry,4,4,176.1,24.22,88.28,0.7600069057685598,0.720102315677514,-0.6474206304656792,-7.4179716265962,-13.813759034775567,False,4.02727
Pangil,2018,Dry,5,5,56.5,25.62,87.12,0.7387158701369724,0.6147543434437235,-0.644569313570573,-6.9083968493458725,-12.835563926809924,False,4.02727
Pangil,2018,Dry,6,6,223.6,25.11,90.0,0.619921683035283,0.6593512855311249,-0.5074689306556849,-6.8160118980387265,-13.370783141900416,False,4.02727
Pila,2018,Dry,1,1,150.2,25.61,80.92,0.2853410805582497,0.23612723446632708,-0.2215082903317213,-7.8555687514976205,-14.822177229359387,False,5.28423
Pila,2018,Dry,2,2,20.9,25.95,77.94,0.7327128234708349,0.561809218959305,-0.6459882261200603,-8.15718729021649,-14.657083037075266,False,5.28423
Pila,2018,Dry,3,3,61.7,26.47,73.12,0.5966674167920744,0.5135879206725648,-0.5399957611939579,-8.341645382150263,-14.687502730929836,False,5.28423
Pila,2018,Dry,4,4,107.0,27.94,73.33,0.47069335598241935,0.37275181375758426,-0.47606973403590824,-8.747004468989548,-14.831193390520003,False,5.28423
Pila,2018,Dry,5,5,12.9,29.48,71.68,0.5057548667787719,0.3631956427371338,-0.48114425740184047,-7.999626272080167,-13.828443290150204,False,5.28423
Pila,2018,Dry,6,6,225.2,27.79,83.37,0.4450987154777337,0.3437362539434564,-0.38799379847395327,-8.034817332997473,-15.256713725127655,False,5.28423
Rizal,2018,Dry,1,1,107.3,23.05,87.18,0.7337178565411281,0.6272451005934659,-0.6476455327822808,-6.519019231669124,-12.734405740710173,False,3.71529
Rizal,2018,Dry,2,2,26.7,23.3,85.0,0.8163317891423332,0.6932583079840083,-0.7158478735031213,-6.2409881950580495,-12.890572074893683,False,3.71529
Rizal,2018,Dry,3,3,88.7,23.61,81.48,0.8035489648075381,0.6386690360858711,-0.7103398849356956,-6.0662588590450754,-12.918158654217349,False,3.71529
Rizal,2018,Dry,4,4,38.0,25.24,80.25,0.8011705543936889,0.6599234712493178,-0.6997148843166485,-6.70318762329739,-13.408565241796206,False,3.71529
Rizal,2018,Dry,5,5,68.9,26.63,79.31,0.7463498515540868,0.8012080222294073,-0.6467574235316084,-6.638595322894686,-13.11824708645739,False,3.71529
Rizal,2018,Dry,6,6,283.7,25.27,86.83,0.7441268190747305,0.7985578313237083,-0.6356145887459913,-5.951948532138664,-12.65195195782342,False,3.71529
Santa Cruz,2018,Dry,1,1,150.2,25.43,80.88,,,,-7.803565549270158,-14.100883849165811,False,5.05911
Santa Cruz,2018,Dry,2,2,20.9,25.77,77.91,0.6817040327582434,0.4947438939512379,-0.6015836102280318,-7.455366117383472,-14.223023721134155,False,5.05911
Santa Cruz,2018,Dry,3,3,61.7,26.29,73.09,0.5718092145676784,0.4853260663694772,-0.5237116640309869,-7.783776251196138,-14.591480985384868,False,5.05911
Santa Cruz,2018,Dry,4,4,107.0,27.76,73.31,0.5560117106514441,0.4732366236102725,-0.5192606218897953,-8.104181528358403,-14.591414946604589,False,5.05911
Santa Cruz,2018,Dry,5,5,12.9,29.31,71.66,0.5127182703606555,0.40124872595061345,-0.48269165010669984,-8.104286475578908,-13.753602843056767,False,5.05911
Santa Cruz,2018,Dry,6,6,225.2,27.61,83.35,0.523705733190237,0.433251147098212,-0.4577401069337439,-7.294476675911808,-14.267151023378952,False,5.05911
Santa Maria,2018,Dry,1,1,304.2,24.54,84.59,0.7454807865237996,0.6202701044243603,-0.6549029594605339,-7.153819094031347,-13.410778818711492,False,5.11797
Santa Maria,2018,Dry,2,2,14.6,24.97,81.39,0.8175542986453219,0.6761827071022258,-0.7270879864841021,-7.222971585782016,-13.56447265525275,False,5.11797
Santa Maria,2018,Dry,3,3,36.3,25.16,78.53,0.7902806305394218,0.6477472063440605,-0.7007561948223664,-7.093511336061129,-13.679728677030681,False,5.11797
Santa Maria,2018,Dry,4,4,67.0,26.73,78.79,0.6922247810268789,0.6110296998810271,-0.628346983782979,-7.627104613000972,-13.989479753172827,False,5.11797
Santa Maria,2018,Dry,5,5,42.8,28.25,76.97,0.6802827595876922,0.5376149050338112,-0.6162871799674895,-7.129705299462003,-13.130443786789998,False,5.11797
Santa Maria,2018,Dry,6,6,381.4,26.6,88.13,0.5391217462853624,0.4981142178920397,-0.4508325160826309,-7.0389906912888245,-13.72208064129747,False,5.11797
Siniloan,2018,Dry,1,1,367.8,22.57,90.01,0.5974202158411467,0.5624102693021625,-0.5191430358947225,-7.031092289353014,-13.346204252581858,False,5.00763
Siniloan,2018,Dry,2,2,32.2,22.92,87.06,0.7980936607713104,0.6454712378245565,-0.6965322001596858,-6.914489245476897,-13.344423518853953,False,5.00763
Siniloan,2018,Dry,3,3,57.7,23.11,84.0,0.772026342391334,0.6804681891542426,-0.6664755664373095,-6.805593369785914,-13.332285467314508,False,5.00763
Siniloan,2018,Dry,4,4,90.2,24.45,85.91,0.7557573659215608,0.7189426826296202,-0.6521604612817492,-7.40344351390771,-13.705353050256532,False,5.00763
Siniloan,2018,Dry,5,5,35.2,25.97,83.89,0.7241841394343098,0.6124374228065268,-0.6363052984495026,-6.728123740485803,-12.646069309767967,False,5.00763
Siniloan,2018,Dry,6,6,277.3,25.0,89.84,0.6039988394580199,0.6650484894716844,-0.5172033498808124,-6.917622921716756,-13.473343287179734,False,5.00763
Victoria,2018,Dry,1,1,150.2,25.61,80.92,0.5396000779593287,0.4547477148428244,-0.4651159762800449,-8.995644159992983,-16.030982050128888,False,5.09922
Victoria,2018,Dry,2,2,20.9,25.95,77.94,0.6673587063520493,0.4986236339800632,-0.5803081025290885,-8.896796240575291,-15.590890541512687,False,5.09922
Victoria,2018,Dry,3,3,61.7,26.47,73.12,0.5763908186934948,0.5415306611537974,-0.5075338977872569,-9.03829092331813,-15.471925273297376,False,5.09922
Victoria,2018,Dry,4,4,107.0,27.94,73.33,0.457601957459156,0.3520013744167955,-0.46119048424296505,-9.29293402916958,-15.371246960705388,False,5.09922
Victoria,2018,Dry,5,5,12.9,29.48,71.68,0.44837909675437737,0.3194867674605059,-0.4348704967702801,-8.493413718790745,-14.326451877199116,False,5.09922
Victoria,2018,Dry,6,6,225.2,27.79,83.37,0.40434562964523724,0.3210380666890325,-0.3445777241383242,-8.650576420785294,-16.002315794317497,False,5.09922
Alaminos,2018,Wet,1,7,626.4,25.21,90.46,,,,-5.454776463755554,-12.168127531716609,False,3.96832
Alaminos,2018,Wet,2,8,188.9,25.68,86.49,,,,-6.251848869295582,-12.973558897823706,False,3.96832
Alaminos,2018,Wet,3,9,417.0,25.25,89.29,0.7649330543694148,0.7882198985177273,-0.6668625222934884,-6.129646727319168,-12.812485539564426,False,3.96832
Alaminos,2018,Wet,4,10,120.7,25.28,85.81,0.66151269190856,0.6207468949646677,-0.5764401411017719,-6.233904560872154,-12.99771751795367,False,3.96832
Alaminos,2018,Wet,5,11,45.1,25.21,83.21,0.8212117812309108,0.6239061532590331,-0.7314014159609246,-6.32153691476946,-13.151614266170329,False,3.96832
Alaminos,2018,Wet,6,12,282.7,24.54,85.54,0.7067476011087398,0.5650328861275774,-0.614985299081768,-5.415078631384699,-12.148730486191425,False,3.96832
Bay,2018,Wet,1,7,580.2,25.79,91.41,,,,-6.754563688900824,-13.710325532204406,False,4.03836
Bay,2018,Wet,2,8,191.4,26.4,85.97,0.5104881345663062,0.5426885838387536,-0.4176079891628129,-7.4849587019182815,-14.195522243988185,False,4.03836
Bay,2018,Wet,3,9,466.4,26.01,89.26,0.5781832346842699,0.4698536881498688,-0.5066836324539128,-7.17394112654477,-13.531475595901654,False,4.03836
Bay,2018,Wet,4,10,90.5,26.32,83.32,0.7937034223294103,0.6799702523443146,-0.6941518949426121,-7.3236451526407995,-13.761089605382589,False,4.03836
Bay,2018,Wet,5,11,67.7,26.23,80.13,0.5839622789853582,0.4061060299706843,-0.5374011022807899,-7.447516015190278,-14.431139578594612,False,4.03836
Bay,2018,Wet,6,12,357.0,25.3,84.62,0.6104480972038938,0.5309680216836058,-0.5320295052538115,-7.541958986731825,-14.706447898721667,False,4.03836
Calauan,2018,Wet,1,7,608.7,26.02,91.41,,,,-6.293428637365764,-13.095336398046014,False,4.04658
Calauan,2018,Wet,2,8,218.9,26.67,85.39,0.5571440349476494,0.7574537515625811,-0.464511798048127,-6.867863498894672,-13.625858724079148,False,4.04658
Calauan,2018,Wet,3,9,474.3,26.23,89.45,0.6853581885925939,0.5910644410055348,-0.603599916405006,-6.627471930618359,-13.18978979070509,False,4.04658
Calauan,2018,Wet,4,10,95.5,26.58,82.8,0.7749149057356917,0.7020312907696815,-0.673411317648238,-6.715979657599833,-13.361372951699838,False,4.04658
Calauan,2018,Wet,5,11,66.9,26.36,80.95,0.7506650629385874,0.5455261392594307,-0.6727426998214567,-6.72018675691132,-13.711754548959915,False,4.04658
Calauan,2018,Wet,6,12,372.0,25.5,84.98,0.6764574915416863,0.5751283319578384,-0.5882961922759441,-6.403492108501597,-13.528106494908116,False,4.04658
Cavinti,2018,Wet,1,7,442.6,24.31,93.12,,,,-6.816462235975549,-13.47666774209989,False,3.95193
Cavinti,2018,Wet,2,8,240.4,24.75,88.91,0.701950393518331,0.6577547637021215,-0.5829325327486102,-7.455063096481196,-14.088408703717018,False,3.95193
Cavinti,2018,Wet,3,9,339.7,24.42,91.79,0.7259002978790923,0.6548155168449854,-0.6240624924119068,-7.477317357282135,-13.911635787066079,False,3.95193
Cavinti,2018,Wet,4,10,121.3,24.4,88.96,0.7427827514550469,0.607537701887089,-0.6293307070192574,-7.245874952852188,-13.93625429256631,False,3.95193
Cavinti,2018,Wet,5,11,236.6,23.77,90.67,0.77118526171764,0.6444385679697684,-0.6574676449099429,-6.984019082931115,-13.639582795512824,False,3.95193
Cavinti,2018,Wet,6,12,737.3,23.1,93.08,0.6577569325696848,0.5964984444238529,-0.5655161390250422,-6.705162148611138,-13.384252955165527,False,3.95193
City of Biñan,2018,Wet,1,7,482.5,25.78,89.83,,,,-6.050117540686844,-11.790834591916607,False,3.82552
City of Biñan,2018,Wet,2,8,177.0,26.34,85.24,,,,-5.915254454440455,-12.914653347289073,False,3.82552
City of Biñan,2018,Wet,3,9,362.8,26.03,88.0,0.42238172760261306,0.44069279442529613,-0.36675346653947793,-5.960119283947168,-12.81339768087534,False,3.82552
City of Biñan,2018,Wet,4,10,95.2,26.47,82.61,0.4312907311605422,0.3341723212599983,-0.41833142536725554,-6.158406601708722,-12.98535453459133,False,3.82552
City of Biñan,2018,Wet,5,11,87.6,26.39,79.46,0.4036703635058903,0.29380487021294166,-0.3997501338702631,-6.234670695245686,-13.06626002396459,False,3.82552
City of Biñan,2018,Wet,6,12,348.9,25.55,83.19,0.40057253329327036,0.30182024911027233,-0.3901786524452185,-4.702361703821067,-11.884111275157668,False,3.82552
City of Cabuyao,2018,Wet,1,7,439.6,25.73,89.75,,,,-6.6230241037710424,-12.412700247865423,False,3.86934
City of Cabuyao,2018,Wet,2,8,151.1,26.19,85.9,0.410940059870901,0.49004280264489347,-0.34322920304727067,-6.175608926146927,-13.797896717801988,False,3.86934
City of Cabuyao,2018,Wet,3,9,370.8,25.87,88.45,0.6496504456865871,0.6699927155038198,-0.5589262772002491,-6.161966556052687,-13.537258475205622,False,3.86934
City of Cabuyao,2018,Wet,4,10,93.2,26.1,84.62,0.49486505515992585,0.39388059076691684,-0.4679462081447952,-6.403504983685766,-13.775275383319089,False,3.86934
City of Cabuyao,2018,Wet,5,11,97.2,25.94,82.58,0.4854795021172805,0.39667719176753646,-0.4596643252878258,-6.336030343178416,-13.9005637913619,False,3.86934
City of Cabuyao,2018,Wet,6,12,349.7,25.11,86.03,0.3607253905784897,0.2649957518495657,-0.3309929717454916,-4.978440378688877,-12.68131168637955,False,3.86934
City of Calamba,2018,Wet,1,7,479.4,25.51,89.46,,,,-6.473708908078759,-12.597883309741063,False,3.84386
City of Calamba,2018,Wet,2,8,167.8,25.81,86.71,0.47341163619798116,0.5242302249962929,-0.39595603667435947,-6.954290581950601,-13.65098858729742,False,3.84386
City of Calamba,2018,Wet,3,9,345.1,25.61,88.46,0.5866473553355981,0.6095254987683345,-0.5180622352906352,-6.73020209817174,-13.323263635852305,False,3.84386
City of Calamba,2018,Wet,4,10,76.4,25.7,85.06,0.5767312331576389,0.4096713547251202,-0.5287359215577146,-7.127600141649675,-13.683821440255057,False,3.84386
City of Calamba,2018,Wet,5,11,63.5,25.58,82.46,0.5775740416354607,0.45579505031857376,-0.5275930220141031,-7.126137045863984,-13.78310056118098,False,3.84386
City of Calamba,2018,Wet,6,12,338.9,24.76,85.85,0.49102310451320097,0.43776794510872474,-0.44608461590793175,-5.877875841499079,-12.638622846750161,False,3.84386
City of San Pablo,2018,Wet,1,7,581.1,25.84,90.92,,,,-6.253127009505819,-12.806843685710016,False,3.9399
City of San Pablo,2018,Wet,2,8,185.0,26.33,86.85,,,,-6.55684515194321,-13.28030707640673,False,3.9399
City of San Pablo,2018,Wet,3,9,435.9,25.98,89.52,0.7427215682406956,0.6672342566854124,-0.6568770910976008,-6.508023240206421,-13.078293354478133,False,3.9399
City of San Pablo,2018,Wet,4,10,112.8,26.1,85.3,0.6583948222909752,0.6518081005703508,-0.5675240973403454,-6.579818791732452,-13.178344169283662,False,3.9399
City of San Pablo,2018,Wet,5,11,43.0,25.94,83.22,0.7297668129554569,0.5734682970185765,-0.652899665916276,-6.649539423576955,-13.334570254531242,False,3.9399
City of San Pablo,2018,Wet,6,12,310.8,25.2,86.03,0.6721440610590605,0.575208521770773,-0.5938057022181461,-5.876463502986551,-12.473124314513417,False,3.9399
City of Santa Rosa,2018,Wet,1,7,439.6,25.73,89.75,,,,-6.473731788141556,-12.378159833111543,False,3.90999
City of Santa Rosa,2018,Wet,2,8,151.1,26.19,85.9,,,,-6.371125925931224,-13.490131734696565,False,3.90999
City of Santa Rosa,2018,Wet,3,9,370.8,25.87,88.45,0.4490817063343655,0.43191254321821654,-0.4010637565961141,-6.379918200400153,-13.382324204822691,False,3.90999
City of Santa Rosa,2018,Wet,4,10,93.2,26.1,84.62,0.48077042318006763,0.38195721217294315,-0.4583460256134576,-6.653670717405572,-13.612783589859793,False,3.90999
City of Santa Rosa,2018,Wet,5,11,97.2,25.94,82.58,0.46576559613941537,0.40460354747364663,-0.4310195915400629,-6.725589529341004,-13.714784047367804,False,3.90999
City of Santa Rosa,2018,Wet,6,12,349.7,25.11,86.03,0.4972126927580516,0.38305819864688784,-0.46434591191991886,-5.260306856133282,-12.455963450160173,False,3.90999
Famy,2018,Wet,1,7,487.8,25.83,92.55,,,,-6.780357491974029,-13.490695838447794,False,3.85891
Famy,2018,Wet,2,8,309.8,26.2,89.95,0.70447998986166,0.6670221984284478,-0.6070932102807959,-6.800073524611062,-13.470898655327723,False,3.85891
Famy,2018,Wet,3,9,336.9,26.16,89.9,0.7910913015555049,0.7187960276066717,-0.6770129327165776,-7.05601697911961,-13.478977037672955,False,3.85891
Famy,2018,Wet,4,10,90.7,26.33,85.16,0.76143727494216,0.6446458304453082,-0.6712201887390266,-7.163861345249863,-13.766266022628185,False,3.85891
Famy,2018,Wet,5,11,148.6,25.69,85.93,0.8357185519576388,0.6785325061760794,-0.7170461743495278,-6.72146145837104,-13.452357672429864,False,3.85891
Famy,2018,Wet,6,12,608.9,24.96,88.69,0.4806863870310616,0.4688640709695175,-0.43791911165319425,-6.667701631869059,-13.41036579581072,False,3.85891
Kalayaan,2018,Wet,1,7,503.9,24.33,94.83,,,,-7.078285720176282,-13.758095277452934,False,3.89805
Kalayaan,2018,Wet,2,8,334.5,24.83,90.54,0.7564099841253858,0.6153335836079381,-0.6283769804661138,-7.089371526287709,-13.653286101726163,False,3.89805
Kalayaan,2018,Wet,3,9,481.4,24.55,92.58,0.7256802368904547,0.6417752003425071,-0.620896272400516,-7.353486782931966,-13.65003607880011,False,3.89805
Kalayaan,2018,Wet,4,10,180.1,24.54,89.54,0.6975074206714005,0.6081357535517915,-0.5908642513280048,-7.346656621484997,-13.842025743897521,False,3.89805
Kalayaan,2018,Wet,5,11,277.0,23.86,91.17,0.7571997670128287,0.6239522290252825,-0.644211690055794,-6.836859815638628,-13.443427023953285,False,3.89805
Kalayaan,2018,Wet,6,12,822.8,23.09,94.14,0.5927595148925878,0.5596218504811133,-0.5017354935724339,-6.658129697996924,-13.317792605263984,False,3.89805
Liliw,2018,Wet,1,7,516.4,24.72,91.38,,,,-6.428504471108994,-13.003572535542975,False,4.09509
Liliw,2018,Wet,2,8,250.7,25.19,86.75,0.5367226182306464,0.695509853397273,-0.45189157990584206,-6.938514119274705,-13.554305946780511,False,4.09509
Liliw,2018,Wet,3,9,394.1,24.86,89.79,0.7355712451047943,0.6531069046213243,-0.6538074665133433,-6.699581594594554,-13.320323915984549,False,4.09509
Liliw,2018,Wet,4,10,115.7,25.06,85.08,0.7550492149463163,0.6993540652697792,-0.6561910077608736,-6.757548861523705,-13.484098953807264,False,4.09509
Liliw,2018,Wet,5,11,100.0,24.67,85.1,0.824356083183218,0.6008475427954785,-0.7251687333392561,-6.349025899333788,-13.185503138140104,False,4.09509
Liliw,2018,Wet,6,12,435.2,23.92,87.97,0.6298196721674142,0.5360576235616468,-0.5471444665069357,-6.129522806011428,-12.971982030600682,False,4.09509
Los Baños,2018,Wet,1,7,580.2,24.73,91.32,,,,-5.846748270595081,-12.366106332871594,False,3.90191
Los Baños,2018,Wet,2,8,191.4,25.33,85.89,0.5839151351361443,0.7430028674487978,-0.4853709972390707,-6.607120658503173,-13.171149547798205,False,3.90191
Los Baños,2018,Wet,3,9,466.4,24.95,89.18,0.6164883499812204,0.56447210843942,-0.5401653948295303,-6.438883751967727,-12.954127752369896,False,3.90191
Los Baños,2018,Wet,4,10,90.5,25.26,83.21,0.8359429949624313,0.694751741542102,-0.725588433908326,-6.656875501205657,-13.26237116153789,False,3.90191
Los Baños,2018,Wet,5,11,67.7,25.19,79.99,0.6311502345679461,0.5154865280274598,-0.5576115855765138,-6.530605537220694,-13.250142508825006,False,3.90191
Los Baños,2018,Wet,6,12,357.0,24.24,84.51,0.6557153482906404,0.6337427036431867,-0.5661706111954549,-5.804904819749981,-12.550203495395381,False,3.90191
Luisiana,2018,Wet,1,7,456.7,23.62,93.28,,,,-6.247745869462929,-13.076749717166932,False,3.84091
Luisiana,2018,Wet,2,8,247.4,23.96,89.53,0.6228298098257529,0.7104235380007214,-0.5269803258214453,-6.862876744678921,-13.616739126946426,False,3.84091
Luisiana,2018,Wet,3,9,382.9,23.65,92.34,0.7711028736996607,0.6585819165457423,-0.6731693245992013,-6.744247412056219,-13.441558027944145,False,3.84091
Luisiana,2018,Wet,4,10,150.7,23.54,90.28,0.7359681180185825,0.6439985234835267,-0.6378930822032121,-6.61407653650763,-13.383478547200536,False,3.84091
Luisiana,2018,Wet,5,11,232.3,22.95,92.15,0.8253675745848142,0.6510420718337283,-0.7161431829301388,-6.491208610484418,-13.289242681998441,False,3.84091
Luisiana,2018,Wet,6,12,689.8,22.32,94.03,0.672155733216674,0.5919937250905727,-0.5756730293913417,-6.174042418245352,-12.956295437512235,False,3.84091
Lumban,2018,Wet,1,7,503.9,24.33,94.83,,,,-7.314868612475041,-13.92040226507604,False,3.74992
Lumban,2018,Wet,2,8,334.5,24.83,90.54,0.7004367956603504,0.5840189856879907,-0.5752407216679876,-7.750331474202536,-14.485812697028061,False,3.74992
Lumban,2018,Wet,3,9,481.4,24.55,92.58,0.6669188749982575,0.5780380124547745,-0.559571041506378,-7.908664708699143,-14.237331364296331,False,3.74992
Lumban,2018,Wet,4,10,180.1,24.54,89.54,0.6921540187255858,0.5665998241156516,-0.590491644705492,-7.917974407588664,-14.399091457802532,False,3.74992
Lumban,2018,Wet,5,11,277.0,23.86,91.17,0.6794386082175858,0.5943269313749154,-0.5655507415974735,-7.415429383076965,-14.161547743629443,False,3.74992
Lumban,2018,Wet,6,12,822.8,23.09,94.14,0.4656772997606438,0.46408936513571114,-0.3785915814466917,-7.153468768332591,-13.940116745692915,False,3.74992
Mabitac,2018,Wet,1,7,641.3,25.8,89.98,,,,-7.963278182699196,-14.890812585646026,False,3.80991
Mabitac,2018,Wet,2,8,350.3,26.25,87.19,0.6328130696946146,0.7297533101228352,-0.5294636280360313,-8.098616928619082,-15.457843489956748,False,3.80991
Mabitac,2018,Wet,3,9,399.7,26.15,87.28,0.7191673664003579,0.7398271512002824,-0.6135016114251446,-8.312364997599987,-14.830666752440855,False,3.80991
Mabitac,2018,Wet,4,10,113.2,26.43,81.88,0.594330223137546,0.5116638645519335,-0.5183303574057926,-8.47771352895017,-14.97805128103506,False,3.80991
Mabitac,2018,Wet,5,11,82.9,26.04,80.07,0.7054125252454782,0.5809700132351975,-0.6136134608736111,-8.051093465379305,-14.885244777986372,False,3.80991
Mabitac,2018,Wet,6,12,484.5,25.3,83.07,0.437011422207117,0.3985504390802178,-0.3935148548802112,-8.545789273551403,-15.368934250681452,False,3.80991
Magdalena,2018,Wet,1,7,516.4,26.22,90.34,,,,-6.305113998287458,-12.930977388643408,False,4.09017
Magdalena,2018,Wet,2,8,243.4,26.75,85.65,0.6086804463771376,0.6316279500007134,-0.5257078476748988,-7.11133179514844,-13.710441175688343,False,4.09017
Magdalena,2018,Wet,3,9,377.3,26.41,88.42,0.7213084927271324,0.6832880887684495,-0.6363824620318587,-6.846916906584752,-13.409019129189316,False,4.09017
Magdalena,2018,Wet,4,10,82.7,26.7,83.14,0.6917324766584254,0.5891569971220704,-0.6188328412701283,-7.244205584774522,-13.875221378879841,False,4.09017
Magdalena,2018,Wet,5,11,139.6,26.24,83.24,0.7650348440037303,0.583686836301752,-0.6803206798415619,-6.842906540918092,-13.727723531539421,False,4.09017
Magdalena,2018,Wet,6,12,525.3,25.47,86.26,0.6613666984100277,0.6128780051686025,-0.5640350844959428,-6.252948777308907,-13.173313397721431,False,4.09017
Majayjay,2018,Wet,1,7,456.7,24.57,93.34,,,,-6.499181948003583,-13.20457020311575,False,4.01441
Majayjay,2018,Wet,2,8,247.4,24.91,89.61,0.4721379394200961,0.6595707726610504,-0.39870772114068964,-7.1140676024237965,-13.742436067636026,False,4.01441
Majayjay,2018,Wet,3,9,382.9,24.61,92.4,0.7596325935743824,0.6814561498807524,-0.6711707285680262,-6.978722603979194,-13.476356049697202,False,4.01441
Majayjay,2018,Wet,4,10,150.7,24.5,90.35,0.7195586884048457,0.708615646118091,-0.625361222555423,-6.798329696536922,-13.394085973552475,False,4.01441
Majayjay,2018,Wet,5,11,232.3,23.91,92.18,0.8270814616722616,0.6520626573580802,-0.7264905221297865,-6.441060248732816,-13.175049743861653,False,4.01441
Majayjay,2018,Wet,6,12,689.8,23.28,94.07,0.6694356791538715,0.5906368820413874,-0.5735099808192784,-6.273305513871033,-13.037638725107499,False,4.01441
Nagcarlan,2018,Wet,1,7,516.4,24.72,91.38,,,,-5.8811743924500535,-12.75651125274554,False,4.02554
Nagcarlan,2018,Wet,2,8,250.7,25.19,86.75,0.5658154981786555,0.7900099952112544,-0.4729353981668299,-6.406518089731054,-13.341027500599543,False,4.02554
Nagcarlan,2018,Wet,3,9,394.1,24.86,89.79,0.7675162972043653,0.6891980042831911,-0.6788108071568902,-6.2812136718623455,-13.192030213220042,False,4.02554
Nagcarlan,2018,Wet,4,10,115.7,25.06,85.08,0.7739688611880907,0.7371215096770913,-0.6655476216500336,-6.397876247884463,-13.355099610824087,False,4.02554
Nagcarlan,2018,Wet,5,11,100.0,24.67,85.1,0.8400350341368362,0.5896643512300136,-0.7433987314076839,-5.8786489003672955,-12.889818542435519,False,4.02554
Nagcarlan,2018,Wet,6,12,435.2,23.92,87.97,0.6340811782005337,0.5618275396251539,-0.5486925323091721,-5.6531621758948,-12.635426299071538,False,4.02554
Paete,2018,Wet,1,7,336.1,23.6,94.08,,,,-6.674272117802838,-13.188531591033453,False,3.9553
Paete,2018,Wet,2,8,259.1,24.02,90.62,0.7993213477816856,0.66063350385244,-0.6728694353190497,-6.667532206030022,-13.140745065124658,False,3.9553
Paete,2018,Wet,3,9,301.8,23.82,91.89,0.7717072903741724,0.6808581968653294,-0.6627438853871392,-6.791784556942434,-13.10522973440148,False,3.9553
Paete,2018,Wet,4,10,177.6,23.69,89.73,0.7700551225416699,0.6877845726920103,-0.6540022381517853,-6.822333763183014,-13.38547849510242,False,3.9553
Paete,2018,Wet,5,11,346.0,22.97,92.13,0.8210675067752542,0.6647864022769476,-0.7023082962655011,-6.334056338527916,-12.896004303202979,False,3.9553
Paete,2018,Wet,6,12,999.7,22.21,95.43,0.5746353337922127,0.6322445568845193,-0.501740209519937,-5.895505041122916,-12.525060424596573,False,3.9553
Pagsanjan,2018,Wet,1,7,516.4,26.45,90.36,,,,-6.640506545997864,-13.093600674298981,False,3.75018
Pagsanjan,2018,Wet,2,8,243.4,26.98,85.67,0.669418464332595,0.6003868204691651,-0.5737613812419294,-7.09026666152761,-13.719531337667503,False,3.75018
Pagsanjan,2018,Wet,3,9,377.3,26.64,88.44,0.6504087960790164,0.5693364881134545,-0.5788681446249228,-7.012524243028699,-13.53654128441558,False,3.75018
Pagsanjan,2018,Wet,4,10,82.7,26.91,83.16,0.6594616572707311,0.5051182296930264,-0.5927488905923172,-7.309322061148554,-14.029295248486717,False,3.75018
Pagsanjan,2018,Wet,5,11,139.6,26.47,83.26,0.7132299557610962,0.5517836095375953,-0.6295656724186346,-7.09857475021544,-14.284310492400174,False,3.75018
Pagsanjan,2018,Wet,6,12,525.3,25.68,86.28,0.6068361545266884,0.610866430503123,-0.5306810253832632,-6.938785421173219,-14.260087232983174,False,3.75018
Pakil,2018,Wet,1,7,467.3,26.9,85.57,,,,-6.952867657484191,-13.547961859329652,False,3.16682
Pakil,2018,Wet,2,8,192.0,27.45,81.96,0.6818145541184185,0.6244807802113518,-0.5724957427011658,-7.026795032222416,-13.697348687508601,False,3.16682
Pakil,2018,Wet,3,9,358.3,27.17,83.48,0.7157891302792595,0.6478984862210263,-0.6105446995067585,-7.150146663334022,-13.550644693264118,False,3.16682
Pakil,2018,Wet,4,10,80.5,27.64,77.42,0.7183858475360845,0.6328624113170572,-0.6208648034668673,-7.265280941615023,-13.83005884702948,False,3.16682
Pakil,2018,Wet,5,11,93.6,27.2,76.09,0.8147501454091902,0.6572076956596601,-0.7022150595959843,-6.9366842313911175,-13.598543827467324,False,3.16682
Pakil,2018,Wet,6,12,496.0,26.38,79.47,0.689324994542983,0.6406573960933154,-0.6031833960418967,-6.202237022086485,-12.8726192041835,False,3.16682
Pangil,2018,Wet,1,7,351.4,24.26,93.52,,,,-7.050364352499617,-13.702885231077795,False,3.83037
Pangil,2018,Wet,2,8,247.9,24.58,90.94,0.7346487091498081,0.7595007173242204,-0.6180229539715305,-7.053023785971503,-13.860909227980102,False,3.83037
Pangil,2018,Wet,3,9,303.0,24.48,91.53,0.7458758550361763,0.6888447048045256,-0.6374514874944087,-7.330368578903195,-13.692140629398114,False,3.83037
Pangil,2018,Wet,4,10,133.2,24.42,88.8,0.7607528887297967,0.6912679009299969,-0.643054666263587,-7.422497105513605,-13.925610360651925,False,3.83037
Pangil,2018,Wet,5,11,300.0,23.7,90.77,0.7968746384145767,0.6734168594313841,-0.6825571545876392,-6.736078052219602,-13.453891217455984,False,3.83037
Pangil,2018,Wet,6,12,901.3,22.97,93.61,0.5664695862132789,0.6112305498056763,-0.4961884481164581,-6.583627306163238,-13.302151891303806,False,3.83037
Pila,2018,Wet,1,7,561.0,26.5,91.09,,,,-8.249156312831428,-15.47007485040181,False,4.00724
Pila,2018,Wet,2,8,168.0,27.2,84.66,0.48020406873132143,0.4194053047353877,-0.4027312909268345,-8.36191328073774,-15.551190602033792,False,4.00724
Pila,2018,Wet,3,9,395.0,26.76,88.2,0.6641589421671078,0.5226205442701597,-0.582242941226566,-8.363363974156195,-14.417958146159936,False,4.00724
Pila,2018,Wet,4,10,76.9,27.25,80.74,0.4569425793622756,0.40291338370076324,-0.40464790852423216,-8.20830149016238,-14.383920039995607,False,4.00724
Pila,2018,Wet,5,11,99.3,26.93,78.81,0.5618345553767713,0.3835694832655355,-0.5319319725379248,-7.4817878062059195,-14.362640291773182,False,4.00724
Pila,2018,Wet,6,12,427.8,26.02,83.03,0.2773504683093444,0.21141637059092216,-0.22933149417686097,-9.476323086611705,-17.5871919526331,False,4.00724
Rizal,2018,Wet,1,7,611.9,24.24,92.43,,,,-6.062344022638657,-12.867310957001704,False,4.03508
Rizal,2018,Wet,2,8,237.8,24.69,88.34,,,,-6.536531983182664,-13.28417969779201,False,4.03508
Rizal,2018,Wet,3,9,471.6,24.38,90.65,0.7455935634031828,0.70015401511342,-0.6578561842780928,-6.444001754026146,-13.152110435332341,False,4.03508
Rizal,2018,Wet,4,10,132.8,24.5,86.82,0.7744686426670753,0.8172227748317372,-0.6624159925296478,-6.5134318123104995,-13.333399868745248,False,4.03508
Rizal,2018,Wet,5,11,59.5,24.22,85.86,0.8398928508893346,0.6023388359622766,-0.7386879167380417,-5.879758419584332,-12.718868186307782,False,4.03508
Rizal,2018,Wet,6,12,338.4,23.54,88.3,0.6618652669024363,0.7456809454140362,-0.556057948829941,-5.756056583942724,-12.522361838567363,False,4.03508
Santa Cruz,2018,Wet,1,7,561.0,26.33,91.08,,,,-7.881943001505707,-14.473651012225034,False,3.93378
Santa Cruz,2018,Wet,2,8,168.0,27.01,84.64,0.5155224646245674,0.41575142454078207,-0.4359123489459976,-7.698932566063062,-15.142654585791018,False,3.93378
Santa Cruz,2018,Wet,3,9,395.0,26.58,88.18,0.6037363283456516,0.4766816556211838,-0.525419337480903,-7.825510464242312,-14.288826909037299,False,3.93378
Santa Cruz,2018,Wet,4,10,76.9,27.05,80.72,0.48347795479145617,0.44388347646099735,-0.43492809230712476,-7.753105040092965,-14.306556798317075,False,3.93378
Santa Cruz,2018,Wet,5,11,99.3,26.76,78.79,0.6041292546879921,0.4338277674141814,-0.549341054242667,-7.130093169444895,-14.22199538861711,False,3.93378
Santa Cruz,2018,Wet,6,12,427.8,25.82,83.01,0.43523717653136573,0.36459248605852207,-0.35628021564069107,-7.997783416283612,-15.775974246037011,False,3.93378
Santa Maria,2018,Wet,1,7,559.1,25.6,93.13,,,,-6.8596492253640635,-13.526385768080617,False,3.9053
Santa Maria,2018,Wet,2,8,348.5,25.95,90.13,0.6925050163101849,0.7407392804459666,-0.5957994030523122,-6.993833339234287,-13.8175671624822,False,3.9053
Santa Maria,2018,Wet,3,9,353.5,26.02,89.36,0.7100931533683804,0.7288376754079098,-0.6063891760815284,-7.079549953625851,-13.653765306484313,False,3.9053
Santa Maria,2018,Wet,4,10,97.6,26.28,83.77,0.7643754399083348,0.6473683758428739,-0.6785284688108877,-7.282414052401753,-13.95109200329769,False,3.9053
Santa Maria,2018,Wet,5,11,85.2,25.76,83.77,0.7479618140164311,0.6371862689526174,-0.6512873053885847,-7.167868989395678,-14.043827399467256,False,3.9053
Santa Maria,2018,Wet,6,12,471.1,25.05,86.77,0.326119584596966,0.4116842084230952,-0.3123688017446432,-6.926791182372284,-13.743159382631294,False,3.9053
Siniloan,2018,Wet,1,7,416.2,24.16,93.89,,,,-7.046732448614039,-13.78985430989993,False,3.82081
Siniloan,2018,Wet,2,8,304.4,24.4,91.35,0.7720768320012515,0.6917329178482784,-0.656865657517783,-6.919647776703295,-13.668178230654501,False,3.82081
Siniloan,2018,Wet,3,9,324.1,24.44,91.11,0.7882270735768985,0.7060371352624614,-0.6701373301213102,-7.226720692163755,-13.596332149840126,False,3.82081
Siniloan,2018,Wet,4,10,102.4,24.42,87.92,0.72445696891557,0.6298239092533189,-0.6327543046112445,-7.308416561339707,-13.787747783729213,False,3.82081
Siniloan,2018,Wet,5,11,192.4,23.77,89.36,0.8092182756795382,0.6757448004731572,-0.6959522995037776,-6.70286746464567,-13.260554708761038,False,3.82081
Siniloan,2018,Wet,6,12,689.6,23.05,92.22,0.34261124881162414,0.3393050499327073,-0.32242409639412956,-6.783285726694531,-13.458380275520506,False,3.82081
Victoria,2018,Wet,1,7,561.0,26.5,91.09,,,,-9.134294648766476,-16.351328918487535,False,4.00981
Victoria,2018,Wet,2,8,168.0,27.2,84.66,,,,-9.106403910005449,-16.612276963698385,False,4.00981
Victoria,2018,Wet,3,9,395.0,26.76,88.2,0.5901612890284924,0.4646839575422373,-0.5037366133796328,-8.62174791893451,-14.970376503109883,False,4.00981
Victoria,2018,Wet,4,10,76.9,27.25,80.74,0.22003571207312744,0.25224582847642735,-0.11996206757557917,-8.510147660004627,-14.88170991217086,False,4.00981
Victoria,2018,Wet,5,11,99.3,26.93,78.81,0.5067735316865646,0.34937597756437927,-0.48482243908047973,-8.304411354029675,-15.364930265993463,False,4.00981
Victoria,2018,Wet,6,12,427.8,26.02,83.03,0.5287847568557463,0.5310153466446784,-0.46413359724790404,-10.656662803197234,-18.848670024298958,False,4.00981
Alaminos,2019,Dry,1,1,14.7,23.25,82.04,0.8192801355810245,0.6261681998674867,-0.7391916671873197,-6.370127566578739,-13.1043749892532,False,5.32157
Alaminos,2019,Dry,2,2,15.4,23.39,77.58,0.7668120599909818,0.6716221502937271,-0.6863747654873338,-6.523250074950137,-13.221440288272332,False,5.32157
Alaminos,2019,Dry,3,3,32.7,25.33,74.0,0.7183035665192719,0.7154189008728458,-0.6405095775083902,-6.8569082154536165,-13.315743484162482,False,5.32157
Alaminos,2019,Dry,4,4,17.9,27.49,71.19,0.6357583784609259,0.5793888980054598,-0.5765917188116491,-7.265105959875047,-13.547628882694184,False,5.32157
Alaminos,2019,Dry,5,5,137.5,27.06,82.53,0.780765726782359,0.6245622498454504,-0.6873332727774001,-6.617340800829008,-13.25578518028238,False,5.32157
Alaminos,2019,Dry,6,6,195.4,27.27,83.65,0.8001902662614903,0.7054290527553119,-0.7019638554753547,-6.375726374534436,-13.249078505226421,False,5.32157
Bay,2019,Dry,1,1,32.2,24.33,79.38,0.6712863239298864,0.5551627509804572,-0.5994032226047257,-7.532090113533425,-14.722333734654455,False,5.53773
Bay,2019,Dry,2,2,11.6,24.38,75.82,0.7375331096984704,0.6701016842324724,-0.6576762613282726,-7.697262734492459,-14.559420622651187,False,5.53773
Bay,2019,Dry,3,3,16.9,26.2,72.1,0.5686806395108792,0.46574201342262517,-0.5174468485373851,-7.959731505582835,-14.305368975955698,False,5.53773
Bay,2019,Dry,4,4,30.2,28.3,70.31,0.5579291821523646,0.416952811865043,-0.5334258305644545,-8.064765584966283,-14.343030735772555,False,5.53773
Bay,2019,Dry,5,5,218.4,27.6,84.48,0.6889791798429523,0.5778672516907836,-0.6059502522704728,-7.588092587319273,-14.160717200905996,False,5.53773
Bay,2019,Dry,6,6,260.1,27.77,85.67,0.6137928110512231,0.4612675511811305,-0.5433579800090198,-7.043091684334134,-14.02283282489634,False,5.53773
Calauan,2019,Dry,1,1,29.6,24.58,79.19,0.772351535252888,0.6002811134259066,-0.6903353468552369,-6.915233246720294,-14.066794999064918,False,5.49966
Calauan,2019,Dry,2,2,10.8,24.51,76.25,0.7605914641276618,0.6758507442289908,-0.6771425543136944,-7.106207839391239,-13.973644367459196,False,5.49966
Calauan,2019,Dry,3,3,23.5,26.22,72.94,0.6664394558982175,0.5746812626247411,-0.6056985846431752,-7.476491711165257,-13.914059241283306,False,5.49966
Calauan,2019,Dry,4,4,25.2,28.28,71.42,0.6513807975522462,0.49476801114693997,-0.6027845628394582,-7.564146488592691,-13.91551937855525,False,5.49966
Calauan,2019,Dry,5,5,197.0,27.81,83.35,0.7661559564736297,0.6689312079313677,-0.6665462309605341,-6.945191381370156,-13.666697785447395,False,5.49966
Calauan,2019,Dry,6,6,219.5,28.07,84.21,0.719386812238099,0.5450663645085174,-0.6323636366580083,-6.543754104688874,-13.547326005182304,False,5.49966
Cavinti,2019,Dry,1,1,163.5,22.13,88.01,0.7692442197990098,0.6059323455688329,-0.6688312111400047,-7.301908410071724,-14.11689382634895,False,4.82972
Cavinti,2019,Dry,2,2,61.1,22.21,84.79,0.5907202388545545,0.5853971408429075,-0.4611118446731274,-7.659836605579399,-14.454249882454054,False,4.82972
Cavinti,2019,Dry,3,3,26.5,23.79,82.08,0.7461250949623095,0.6235188781234212,-0.6401847606983527,-7.853199278544947,-14.483349170156938,False,4.82972
Cavinti,2019,Dry,4,4,80.1,25.57,81.52,0.736399101131072,0.5503273714237386,-0.6450807332980404,-7.9619225750607034,-14.447052374473701,False,4.82972
Cavinti,2019,Dry,5,5,220.9,25.9,86.78,0.7103494148134419,0.6322474728378442,-0.6015712719433135,-7.701179643881471,-14.275392982197383,False,4.82972
Cavinti,2019,Dry,6,6,247.3,25.99,88.6,0.7069949266353786,0.611739291302126,-0.5962221967230928,-7.676937975698404,-14.303301412281884,False,4.82972
City of Biñan,2019,Dry,1,1,26.5,24.57,78.98,0.3528244775776175,0.3037530189207741,-0.33659016335649966,-6.201869645465856,-13.194008035615704,False,5.01075
City of Biñan,2019,Dry,2,2,7.8,24.89,74.2,0.3991014633910328,0.3760010861898191,-0.3709254026338995,-6.408246797743817,-13.457557081183726,False,5.01075
City of Biñan,2019,Dry,3,3,9.1,26.61,70.82,0.3224652428163592,0.2281848615247959,-0.3547206825479526,-6.6081479061739525,-13.538834579953788,False,5.01075
City of Biñan,2019,Dry,4,4,18.8,28.52,69.23,0.30770409599212395,0.2470019512404462,-0.3270898138330338,-6.712888567798988,-13.63673474995587,False,5.01075
City of Biñan,2019,Dry,5,5,210.9,27.85,81.72,0.4092467002499378,0.3227826501660746,-0.3910085640602769,-5.161978960904089,-12.266276257073741,False,5.01075
City of Biñan,2019,Dry,6,6,279.1,27.95,82.73,0.38466096262027427,0.35161655937969943,-0.35910780700842954,-5.422303734762337,-12.534821250043661,False,5.01075
City of Cabuyao,2019,Dry,1,1,31.1,24.14,81.81,0.5271735782648642,0.4953498024824671,-0.4739507318139027,-6.2639165018525915,-13.942764334596982,False,5.20236
City of Cabuyao,2019,Dry,2,2,12.6,24.4,77.33,0.6961959226841768,0.6404720067176427,-0.61328797995321,-6.526294827696837,-14.146134993446804,False,5.20236
City of Cabuyao,2019,Dry,3,3,10.6,26.19,73.53,0.4231934372955152,0.31824705310221935,-0.431876143985038,-6.740940672052841,-14.21485456782269,False,5.20236
City of Cabuyao,2019,Dry,4,4,47.1,28.09,72.34,0.41867757652378235,0.32919673235942676,-0.4199930885225668,-6.962859408398642,-14.34341668976058,False,5.20236
City of Cabuyao,2019,Dry,5,5,223.4,27.48,83.53,0.5252570801251336,0.4177901711186268,-0.48031758570373834,-5.860219953195521,-13.457558697335825,False,5.20236
City of Cabuyao,2019,Dry,6,6,319.5,27.62,84.71,0.4938547108375737,0.4179490171637549,-0.44937881545860775,-5.701706580472236,-13.420264963252775,False,5.20236
City of Calamba,2019,Dry,1,1,25.5,23.69,81.96,0.5365816868551957,0.4719108777511982,-0.4895263474610523,-7.094850733720887,-13.873894960667437,False,5.19324
City of Calamba,2019,Dry,2,2,15.0,24.02,76.88,0.6192425015403081,0.5564013933345937,-0.5605436992307905,-7.412728072339131,-14.166699212082136,False,5.19324
City of Calamba,2019,Dry,3,3,23.0,25.84,73.13,0.44669681765897135,0.3327258764261141,-0.456796761724619,-7.685229655585517,-14.35208216858545,False,5.19324
City of Calamba,2019,Dry,4,4,24.8,28.04,69.9,0.45681742766771943,0.35276368822426113,-0.45724512438201614,-7.866043581881845,-14.484430448728387,False,5.19324
City of Calamba,2019,Dry,5,5,201.1,27.3,82.99,0.5959922597121354,0.5272572104063391,-0.5296664554515123,-6.697510836374582,-13.416580348974213,False,5.19324
City of Calamba,2019,Dry,6,6,282.7,27.34,84.61,0.5949391104261827,0.5183674684657192,-0.5304414247779409,-6.889324013828083,-13.748599551123883,False,5.19324
City of San Pablo,2019,Dry,1,1,16.4,23.97,82.27,0.7797285856513126,0.5717649990174611,-0.7035018326196436,-6.84459773068628,-13.479755189964095,False,5.2382
City of San Pablo,2019,Dry,2,2,10.6,24.03,78.79,0.7351223340061159,0.5983501805739646,-0.666076869810129,-7.161997777129708,-13.781656971938116,False,5.2382
City of San Pablo,2019,Dry,3,3,29.7,25.99,74.76,0.6285651684761373,0.5449616587292084,-0.5833626063473717,-7.584230621445758,-13.999868282102103,False,5.2382
City of San Pablo,2019,Dry,4,4,27.0,28.18,71.99,0.5607324523074267,0.42793694314507696,-0.5401061264706281,-7.952824875372357,-14.279504546686914,False,5.2382
City of San Pablo,2019,Dry,5,5,142.9,27.65,83.54,0.6882386280722531,0.5675884232060284,-0.6170761018183419,-7.29465836736999,-13.920073449254236,False,5.2382
City of San Pablo,2019,Dry,6,6,195.1,27.86,84.69,0.6817765090571569,0.5719874523324856,-0.6104755888878997,-7.240047980922056,-13.977448502378374,False,5.2382
City of Santa Rosa,2019,Dry,1,1,31.1,24.14,81.81,0.4327206782925183,0.4339869432717969,-0.40683300856012117,-6.72324434336829,-13.87586194919008,False,5.05812
City of Santa Rosa,2019,Dry,2,2,12.6,24.4,77.33,0.4027502953861446,0.3438152190695085,-0.3859664652728675,-6.950020782240759,-14.109929530261304,False,5.05812
City of Santa Rosa,2019,Dry,3,3,10.6,26.19,73.53,0.39343745042698064,0.2749448462562675,-0.4162465559975792,-7.213296443654243,-14.295839871101451,False,5.05812
City of Santa Rosa,2019,Dry,4,4,47.1,28.09,72.34,0.3614716198058164,0.2871121609966475,-0.37297761676380037,-7.392594851361278,-14.474671896667482,False,5.05812
City of Santa Rosa,2019,Dry,5,5,223.4,27.48,83.53,0.5027181996765954,0.39120914507582877,-0.46026953426377365,-5.891283702970857,-13.03498224967827,False,5.05812
City of Santa Rosa,2019,Dry,6,6,319.5,27.62,84.71,0.45601934641018693,0.4017510708738207,-0.42039606735781826,-6.415760433267312,-13.60701285064826,False,5.05812
Famy,2019,Dry,1,1,93.2,24.03,84.22,0.6627201860848703,0.49970964246726257,-0.6030809262456766,-7.139578752667996,-13.884731498000447,False,5.50137
Famy,2019,Dry,2,2,31.1,24.16,80.5,0.7692689670590757,0.6876195820290408,-0.6723149624987765,-7.446876343318333,-14.110171775245602,False,5.50137
Famy,2019,Dry,3,3,8.7,25.94,76.32,0.754711079324597,0.7255971848256445,-0.657063208893999,-7.605999899042007,-14.032322872917351,False,5.50137
Famy,2019,Dry,4,4,20.0,27.72,75.62,0.7077460921777505,0.5671356871937759,-0.6443946335900071,-7.8745420611887225,-14.137657926544316,False,5.50137
Famy,2019,Dry,5,5,177.3,27.8,84.76,0.7767364210025045,0.6900850389470561,-0.6665718294944804,-7.304659470555377,-13.778667305629392,False,5.50137
Famy,2019,Dry,6,6,213.1,27.72,86.74,0.7869429195344994,0.6673870369173559,-0.6761006498593378,-6.779526554731122,-13.478347822840055,False,5.50137
Kalayaan,2019,Dry,1,1,176.9,22.29,88.26,0.746888653747963,0.6525863402862617,-0.654835100790299,-7.052111707492537,-13.7388353160243,False,5.17297
Kalayaan,2019,Dry,2,2,65.7,22.41,84.48,0.6945325590613985,0.6480312501766106,-0.594400128783134,-7.5667221971512015,-14.345727415663713,False,5.17297
Kalayaan,2019,Dry,3,3,29.6,23.92,82.43,0.7726453344036128,0.6414101859913596,-0.6645326944759389,-7.869344327189507,-14.380516189601476,False,5.17297
Kalayaan,2019,Dry,4,4,52.4,25.7,81.87,0.7278222331502217,0.571229427531273,-0.6392109355728903,-8.085923998459146,-14.346385874284765,False,5.17297
Kalayaan,2019,Dry,5,5,290.0,26.08,88.22,0.7540256389263108,0.651191062706408,-0.6434717865977703,-7.6024482152794635,-13.958446868833425,False,5.17297
Kalayaan,2019,Dry,6,6,248.1,26.06,89.79,0.7851346879916068,0.5927152865509726,-0.6735228181304164,-7.227636704930336,-13.656143378272626,False,5.17297
Liliw,2019,Dry,1,1,62.9,22.93,83.03,0.7914128248898666,0.6527300131588352,-0.7067979237720559,-6.732067388528314,-13.61696138746242,False,5.45782
Liliw,2019,Dry,2,2,16.4,22.97,79.75,0.7850513150474393,0.6957266284202637,-0.6941045569442904,-7.179425786192799,-13.988374862714346,False,5.45782
Liliw,2019,Dry,3,3,19.0,24.74,75.8,0.6897544852902375,0.6340857883654798,-0.6165683034637824,-7.41421701451985,-14.009478548303788,False,5.45782
Liliw,2019,Dry,4,4,31.4,26.62,75.0,0.7442403526452259,0.5616620680486001,-0.6732257504487291,-7.411721962209747,-13.947903380742456,False,5.45782
Liliw,2019,Dry,5,5,220.1,26.36,84.62,0.7615217062234965,0.7041003965729822,-0.6634706687016838,-6.9089204921018785,-13.677077518060553,False,5.45782
Liliw,2019,Dry,6,6,229.0,26.57,85.36,0.7788067873836346,0.6204221540027153,-0.6819825912148089,-6.647704338624418,-13.538730797466037,False,5.45782
Los Baños,2019,Dry,1,1,32.2,23.28,79.24,0.5553720709327975,0.4926765952976231,-0.4958339004060209,-6.55080453062523,-13.350343564993596,False,4.94872
Los Baños,2019,Dry,2,2,11.6,23.32,75.67,0.760297549250894,0.7478678952312796,-0.6675270645030623,-6.794106062024267,-13.52578876969914,False,4.94872
Los Baños,2019,Dry,3,3,16.9,25.13,71.92,0.5571987727944706,0.5056383171761171,-0.5157878980596345,-6.917830151857462,-13.440331129827971,False,4.94872
Los Baños,2019,Dry,4,4,30.2,27.25,70.13,0.674854371530467,0.5451740531438649,-0.6106817692582089,-7.075941291900332,-13.442793231950386,False,4.94872
Los Baños,2019,Dry,5,5,218.4,26.54,84.37,0.7762008669422824,0.6713554890056624,-0.6741707180608584,-6.739721928693774,-13.253478948719984,False,4.94872
Los Baños,2019,Dry,6,6,260.1,26.71,85.57,0.7147692611662629,0.5977530483556478,-0.6304127105243447,-6.354013862862409,-13.12383856622737,False,4.94872
Luisiana,2019,Dry,1,1,189.2,21.21,89.99,0.7823506537697872,0.6759303009185443,-0.6947781338521203,-6.6518999888476875,-13.611829605870968,False,4.87274
Luisiana,2019,Dry,2,2,64.0,21.19,87.13,0.8004984586870856,0.7110836966156686,-0.6965870817508694,-7.046069087009808,-13.97609818385414,False,4.87274
Luisiana,2019,Dry,3,3,38.9,22.77,83.9,0.7643637018997403,0.6901551321435104,-0.6618732312209119,-7.2908284822889255,-13.954023783216885,False,4.87274
Luisiana,2019,Dry,4,4,56.9,24.59,83.28,0.78165409322177,0.6008759622215065,-0.6915917311861831,-7.376307209809148,-13.912562408540932,False,4.87274
Luisiana,2019,Dry,5,5,246.4,24.95,88.21,0.7687980028823214,0.7091124550205118,-0.662916415282593,-7.1074478862558434,-13.795517221061058,False,4.87274
Luisiana,2019,Dry,6,6,248.1,25.13,89.37,0.8324689023811271,0.7057935491275842,-0.7152101635272118,-6.995215211364397,-13.826807021537906,False,4.87274
Lumban,2019,Dry,1,1,176.9,22.29,88.26,0.6771380712411824,0.5690822331817549,-0.5843743901478675,-7.673252496555557,-14.502222630651008,False,5.44042
Lumban,2019,Dry,2,2,65.7,22.41,84.48,0.6366046306233508,0.5859226544451422,-0.5458111397543752,-8.111085669351917,-14.859878013498314,False,5.44042
Lumban,2019,Dry,3,3,29.6,23.92,82.43,0.7090042263875667,0.5900174099576463,-0.614379402064769,-8.237329988758061,-14.897811359636853,False,5.44042
Lumban,2019,Dry,4,4,52.4,25.7,81.87,0.6874914188810962,0.5438275354688106,-0.6061132298427805,-8.37631337294694,-14.792499103823523,False,5.44042
Lumban,2019,Dry,5,5,290.0,26.08,88.22,0.7321534165914703,0.6341336203418604,-0.6192271296572002,-7.926176181863919,-14.330243278284094,False,5.44042
Lumban,2019,Dry,6,6,248.1,26.06,89.79,0.7364189554338804,0.575802746089336,-0.6327873305515828,-7.864271705305489,-14.345341617689185,False,5.44042
Mabitac,2019,Dry,1,1,40.4,24.26,79.15,0.6175319733142687,0.46344554320523584,-0.5514097098773889,-8.484593713747802,-15.782193247833233,False,5.48666
Mabitac,2019,Dry,2,2,13.6,24.42,75.49,0.7282764265171349,0.6009255461091951,-0.6350935070493062,-8.452502161933442,-15.625161154825022,False,5.48666
Mabitac,2019,Dry,3,3,5.7,26.09,72.7,0.6890804853791286,0.6122049353488362,-0.6124205262109575,-8.676175004020848,-15.203375240146482,False,5.48666
Mabitac,2019,Dry,4,4,13.9,28.04,70.85,0.6076132387276034,0.4660361240266546,-0.5710020020757353,-8.851401203410283,-15.132909561528795,False,5.48666
Mabitac,2019,Dry,5,5,170.1,27.82,82.06,0.7249855116097089,0.6129300184565271,-0.6226393005626428,-7.555122653562782,-14.004600002451491,False,5.48666
Mabitac,2019,Dry,6,6,301.0,27.84,83.14,0.7115088778053648,0.5645277849242556,-0.6190390522381166,-7.875392962946322,-14.66399468506032,False,5.48666
Magdalena,2019,Dry,1,1,67.7,24.59,80.82,0.765265076721622,0.6321579858137946,-0.6846740000680788,-7.176996326845248,-14.00426720178224,False,5.3544
Magdalena,2019,Dry,2,2,25.3,24.77,76.84,0.7458119079585231,0.6854858736370564,-0.6684432889253644,-7.640022488008587,-14.341533411533353,False,5.3544
Magdalena,2019,Dry,3,3,10.6,26.52,73.16,0.5522448989129556,0.49614280234311753,-0.5340413106668459,-8.034843595361037,-14.638726119331864,False,5.3544
Magdalena,2019,Dry,4,4,26.3,28.38,72.18,0.6259862133203027,0.44215916919513526,-0.6013443735992118,-8.05148071278772,-14.617531536345583,False,5.3544
Magdalena,2019,Dry,5,5,159.3,28.04,82.33,0.7090444747851266,0.639756682683086,-0.6157342376001942,-7.2450440154555515,-13.988353925836188,False,5.3544
Magdalena,2019,Dry,6,6,208.1,28.2,83.55,0.7471020700947916,0.5718441918432778,-0.659852446124849,-7.0812738043253365,-13.969398114178103,False,5.3544
Majayjay,2019,Dry,1,1,189.2,22.15,90.08,0.7345294159515583,0.6438606586562162,-0.6578104212789545,-6.822888269390135,-13.711625786011203,False,5.18956
Majayjay,2019,Dry,2,2,64.0,22.15,87.19,0.8172667965922378,0.724327730558391,-0.7181852879327463,-7.3004080973380665,-14.14866028617249,False,5.18956
Majayjay,2019,Dry,3,3,38.9,23.73,84.0,0.6985597221889924,0.6534147644089368,-0.6103146673484043,-7.557372276203313,-14.104435110322997,False,5.18956
Majayjay,2019,Dry,4,4,56.9,25.54,83.38,0.7781270408662929,0.6162848830496095,-0.6943274897231916,-7.621488749818997,-14.046786428631988,False,5.18956
Majayjay,2019,Dry,5,5,246.4,25.93,88.28,0.7936036803062481,0.7796830346756541,-0.6812403916975515,-6.999027690963389,-13.702226754015957,False,5.18956
Majayjay,2019,Dry,6,6,248.1,26.08,89.44,0.8213050038484494,0.7287812841157029,-0.7117989536158735,-7.090429363054492,-13.92951528473955,False,5.18956
Nagcarlan,2019,Dry,1,1,62.9,22.93,83.03,0.8277540431325386,0.6638305185641655,-0.7389047907107679,-6.377616649688314,-13.382989055307487,False,5.22929
Nagcarlan,2019,Dry,2,2,16.4,22.97,79.75,0.8212365322275996,0.6828088533162808,-0.7257403444467494,-6.666938936502181,-13.629266994966759,False,5.22929
Nagcarlan,2019,Dry,3,3,19.0,24.74,75.8,0.7652597557854725,0.6301788682898434,-0.6807781576895751,-6.905943028683807,-13.626124943790598,False,5.22929
Nagcarlan,2019,Dry,4,4,31.4,26.62,75.0,0.7771024349844697,0.5855780165805596,-0.6944584701188664,-6.9458043120507424,-13.5888421569309,False,5.22929
Nagcarlan,2019,Dry,5,5,220.1,26.36,84.62,0.7920202215127949,0.752050408628298,-0.6890420708133403,-6.551157275255045,-13.420063493641315,False,5.22929
Nagcarlan,2019,Dry,6,6,229.0,26.57,85.36,0.8418933185739291,0.6895691124466808,-0.7305769608959417,-6.006519968125333,-13.004447501249027,False,5.22929
Paete,2019,Dry,1,1,266.6,21.43,89.05,0.8015369496620056,0.7088456732553077,-0.6999633784713497,-6.374243688956281,-12.996161694182787,False,5.26066
Paete,2019,Dry,2,2,99.4,21.52,85.22,0.7416928567952988,0.713221997268449,-0.6368210357185028,-6.996739430640934,-13.626032342518926,False,5.26066
Paete,2019,Dry,3,3,47.2,22.9,83.61,0.8129410901451672,0.7069391987833911,-0.6970750636374464,-7.067551571540364,-13.623882499197826,False,5.26066
Paete,2019,Dry,4,4,68.4,24.57,83.79,0.7952924718934963,0.6382596375086892,-0.6877744036896793,-7.226147525410134,-13.565587093948189,False,5.26066
Paete,2019,Dry,5,5,168.2,25.26,87.88,0.7929235524950918,0.7102771765950309,-0.6704558571509808,-6.860532043710371,-13.210949208661996,False,5.26066
Paete,2019,Dry,6,6,189.2,25.21,89.78,0.8518528764570693,0.652999871407337,-0.7226898381962182,-6.648551935237077,-13.095761655913275,False,5.26066
Pagsanjan,2019,Dry,1,1,67.7,24.81,80.84,0.7417693086468152,0.556277188204396,-0.6575441362671728,-7.210319388236294,-14.446825438762698,False,5.46951
Pagsanjan,2019,Dry,2,2,25.3,24.99,76.88,0.701913236769498,0.6712872938331854,-0.6244634067873148,-7.759543051261175,-14.64306517754731,False,5.46951
Pagsanjan,2019,Dry,3,3,10.6,26.74,73.19,0.5933439870503104,0.5062770201686695,-0.5491817413484672,-7.807107046205162,-14.549531355924723,False,5.46951
Pagsanjan,2019,Dry,4,4,26.3,28.61,72.22,0.6099389387853857,0.4351688068511579,-0.5791327442191662,-7.872688439481511,-14.521360114955451,False,5.46951
Pagsanjan,2019,Dry,5,5,159.3,28.25,82.35,0.6660561543401619,0.5418926939616039,-0.5847344012495727,-7.0443317231732285,-13.732423557120438,False,5.46951
Pagsanjan,2019,Dry,6,6,208.1,28.43,83.57,0.6923957847508705,0.5267265348738679,-0.6164963690733425,-7.3057907050271185,-14.20677169993364,False,5.46951
Pakil,2019,Dry,1,1,24.9,25.47,74.98,0.7769368027611762,0.6322252024682653,-0.6894262235555951,-6.945072814809153,-13.68171705090052,False,4.96559
Pakil,2019,Dry,2,2,10.5,25.84,70.21,0.6835175722777044,0.6331363331322194,-0.6043375303403743,-7.358430511559231,-14.05701470038937,False,4.96559
Pakil,2019,Dry,3,3,4.5,27.53,67.05,0.7689710795863901,0.6703268016476279,-0.6800303202351833,-7.4609349797459785,-13.971476286857849,False,4.96559
Pakil,2019,Dry,4,4,11.8,29.34,66.03,0.7476606655414553,0.5833116350831123,-0.6684101234782233,-7.6720386085854955,-13.915154716468974,False,4.96559
Pakil,2019,Dry,5,5,101.3,28.95,76.36,0.7588726034403719,0.6529679365605174,-0.6498508411202201,-6.921752730312732,-13.244009174628966,False,4.96559
Pakil,2019,Dry,6,6,206.1,29.11,76.8,0.8178640523207417,0.669533555651944,-0.6979068566741083,-7.02962134573395,-13.610919153436544,False,4.96559
Pangil,2019,Dry,1,1,250.3,22.1,88.42,0.73879944918996,0.6381627001560967,-0.64791682811147,-7.212200930742312,-14.021409411493826,False,5.30267
Pangil,2019,Dry,2,2,97.0,22.14,85.33,0.7111932636524922,0.6496537052151694,-0.6209311981196233,-7.394094269701993,-14.310056132012008,False,5.30267
Pangil,2019,Dry,3,3,35.9,23.55,83.49,0.7520096947823041,0.6765053875802541,-0.650482780023228,-7.543160093234274,-14.124330018391104,False,5.30267
Pangil,2019,Dry,4,4,68.3,25.24,83.53,0.7580983298662212,0.6087936384557016,-0.6654629352455866,-7.822465558205042,-14.063084786934278,False,5.30267
Pangil,2019,Dry,5,5,170.2,25.99,87.22,0.7532746110742553,0.6753876430721408,-0.6388120818915991,-7.135338946473209,-13.471223107157737,False,5.30267
Pangil,2019,Dry,6,6,180.0,25.89,89.31,0.7869916381070962,0.6404330150506892,-0.675683694284621,-7.120345568210119,-13.717812663119176,False,5.30267
Pila,2019,Dry,1,1,34.0,25.3,76.4,0.6184216202252276,0.45614593246233615,-0.5603833007996539,-8.371963384330202,-16.522307094314595,False,5.57892
Pila,2019,Dry,2,2,14.9,25.4,73.02,0.715438552642211,0.6399885802337463,-0.6201223790966633,-8.637568675030227,-15.652522170447657,False,5.57892
Pila,2019,Dry,3,3,8.5,26.98,70.37,0.5891081886654375,0.4683693277294092,-0.5414410439726373,-8.883570858887426,-15.10637483520686,False,5.57892
Pila,2019,Dry,4,4,21.6,28.95,69.3,0.49893226619179476,0.3571866681694078,-0.4991770598473062,-8.648984599219892,-14.851181726339222,False,5.57892
Pila,2019,Dry,5,5,189.7,28.33,82.88,0.5528399034653957,0.4373033676971588,-0.5131885447429863,-8.042785735759551,-14.088234990576822,False,5.57892
Pila,2019,Dry,6,6,199.6,28.64,82.78,0.5992216842016598,0.41673595957589576,-0.5562487816211228,-6.8321327001994705,-12.856692051467235,False,5.57892
Rizal,2019,Dry,1,1,32.1,22.29,84.56,0.843449742686161,0.6320475498930064,-0.7527644860392266,-6.676823946940224,-13.371708859524714,False,5.33963
Rizal,2019,Dry,2,2,12.0,22.3,81.43,0.803540069544175,0.6639799860329261,-0.7102119439635111,-6.883021114492335,-13.616509616567566,False,5.33963
Rizal,2019,Dry,3,3,38.5,24.15,77.72,0.729970168144471,0.605054851110834,-0.6510451854556478,-7.205666072824859,-13.78815539705349,False,5.33963
Rizal,2019,Dry,4,4,37.4,26.14,76.15,0.7450333449198995,0.5843922476487635,-0.6680542036362462,-7.346424958819004,-13.806125137479274,False,5.33963
Rizal,2019,Dry,5,5,238.3,25.93,85.33,0.7910311042299194,0.7960339796674661,-0.6805503410825938,-6.762080824057371,-13.468278126079756,False,5.33963
Rizal,2019,Dry,6,6,214.8,26.11,86.67,0.8261973038999239,0.7675627145388465,-0.7088435295197508,-6.283417105467227,-13.180012210220681,False,5.33963
Santa Cruz,2019,Dry,1,1,34.0,25.12,76.37,0.5650730361780939,0.4288992483023105,-0.5118847140108984,-7.691590653218594,-15.584860358481265,False,5.49557
Santa Cruz,2019,Dry,2,2,14.9,25.21,72.98,0.6645270884258909,0.6397676509019523,-0.5829673160139983,-7.999109090206632,-15.199042226420346,False,5.49557
Santa Cruz,2019,Dry,3,3,8.5,26.81,70.33,0.54565980783082,0.4252097981462006,-0.5055287907332157,-8.351356677989083,-15.06980934528846,False,5.49557
Santa Cruz,2019,Dry,4,4,21.6,28.79,69.27,0.5368264183104594,0.38967120577438197,-0.5153877277504628,-8.325276228211463,-14.905297474065087,False,5.49557
Santa Cruz,2019,Dry,5,5,189.7,28.14,82.86,0.5667119608636748,0.4696424568389717,-0.5070096152321389,-7.388533188449144,-13.846113116493886,False,5.49557
Santa Cruz,2019,Dry,6,6,199.6,28.44,82.76,0.6029971498165643,0.45226253491092133,-0.5545800403294997,-6.913910205160147,-13.333637518411479,False,5.49557
Santa Maria,2019,Dry,1,1,67.8,24.04,82.67,0.7793956103180594,0.5996567861349779,-0.6957818201789642,-7.216609951083572,-14.14130504045754,False,5.59785
Santa Maria,2019,Dry,2,2,25.1,24.16,79.01,0.8050827386369954,0.6996346214648221,-0.7104671990388938,-7.6898052680814235,-14.348659237956426,False,5.59785
Santa Maria,2019,Dry,3,3,10.1,25.89,75.34,0.6393025366201709,0.6038545931119764,-0.572240200704285,-7.788064130449154,-14.20511871719436,False,5.59785
Santa Maria,2019,Dry,4,4,16.0,27.77,74.03,0.6917624066578153,0.5223298904396696,-0.6472777074226687,-8.007004823467451,-14.316218185970856,False,5.59785
Santa Maria,2019,Dry,5,5,174.9,27.68,84.11,0.8115954066396789,0.6881849755218324,-0.6937741770604958,-7.438290165280921,-14.064093820667235,False,5.59785
Santa Maria,2019,Dry,6,6,290.8,27.64,85.8,0.7831944133744652,0.685878477032822,-0.6772517652769149,-7.098391734825817,-13.86610947450412,False,5.59785
Siniloan,2019,Dry,1,1,170.4,22.1,87.76,0.5825085102344072,0.46259632909889625,-0.5313153601256881,-7.127004742681021,-13.942987789410223,False,5.48044
Siniloan,2019,Dry,2,2,76.2,22.12,85.02,0.7521584643894952,0.6778038433888983,-0.6518490046807367,-7.421701744190392,-14.198724328178683,False,5.48044
Siniloan,2019,Dry,3,3,23.4,23.62,82.63,0.778791589400449,0.7314284616028767,-0.6668887584063636,-7.610560507391523,-14.034681089826007,False,5.48044
Siniloan,2019,Dry,4,4,46.6,25.38,81.93,0.7148105205148833,0.5906102795758797,-0.6379052704983729,-7.820418489168773,-14.035453749611106,False,5.48044
Siniloan,2019,Dry,5,5,193.0,25.97,86.24,0.7458473421794176,0.6797007714037612,-0.6428564575653687,-7.079600538332945,-13.427099484909567,False,5.48044
Siniloan,2019,Dry,6,6,228.6,25.89,88.72,0.7845575663559958,0.645251861943775,-0.6747424026125708,-7.073815571820573,-13.697787820876666,False,5.48044
Victoria,2019,Dry,1,1,34.0,25.3,76.4,0.5420256269675671,0.3930579196332037,-0.48654907641763123,-9.072100368918381,-17.508354130994704,False,5.5251
Victoria,2019,Dry,2,2,14.9,25.4,73.02,0.6836210681199526,0.690990940449434,-0.5636317655582099,-9.178963946278595,-16.531193507760346,False,5.5251
Victoria,2019,Dry,3,3,8.5,26.98,70.37,0.513052343222771,0.42395535025196573,-0.48948909345427294,-9.80723510961971,-15.836041886963836,False,5.5251
Victoria,2019,Dry,4,4,21.6,28.95,69.3,0.5166904417351251,0.371279657461122,-0.49921946117381805,-9.208389979511908,-15.298250596122111,False,5.5251
Victoria,2019,Dry,5,5,189.7,28.33,82.88,0.5116261939942595,0.39615957779243627,-0.47769689906313545,-8.604448231362571,-14.717599146372008,False,5.5251
Victoria,2019,Dry,6,6,199.6,28.64,82.78,0.520501307967622,0.348789831091011,-0.4861973021194106,-7.9726386560046345,-14.072024350742616,False,5.5251
Alaminos,2019,Wet,1,7,304.6,25.89,88.25,0.7840719219733794,0.6747569641019553,-0.6861166569965956,-5.6642883863897495,-12.532990375936908,False,3.89553
Alaminos,2019,Wet,2,8,336.4,25.76,88.3,0.7957779231707593,0.7620526812292411,-0.6974832490897823,-5.828693316672378,-12.688238473201586,False,3.89553
Alaminos,2019,Wet,3,9,347.1,25.47,87.59,0.5858595466523929,0.7479355407362134,-0.49185591242648724,-6.172386331821737,-13.011524670916891,False,3.89553
Alaminos,2019,Wet,4,10,85.2,25.48,84.88,0.835305539784605,0.7987003649107045,-0.7273709585705893,-5.545544220817968,-12.24774720494176,False,3.89553
Alaminos,2019,Wet,5,11,146.1,25.04,87.63,0.7532390583077303,0.6682953399770237,-0.6675859486222386,-5.899768404613812,-12.721424397937044,False,3.89553
Alaminos,2019,Wet,6,12,250.6,24.52,85.35,0.771089969998177,0.6656754504443245,-0.6854579454403381,-6.293204695634598,-13.008345165493274,False,3.89553
Bay,2019,Wet,1,7,335.8,26.47,89.83,0.7001273288538533,0.601233227847533,-0.6089430752835807,-6.911940166764886,-13.965118354634608,False,3.94882
Bay,2019,Wet,2,8,354.5,26.45,87.93,0.6231568021035886,0.49905878907385126,-0.5359393675689175,-6.659955737886519,-13.471469128526326,False,3.94882
Bay,2019,Wet,3,9,362.2,26.07,88.1,0.46800945119598014,0.49208346801004804,-0.38901024778582827,-7.168360863448674,-13.720071306238177,False,3.94882
Bay,2019,Wet,4,10,93.3,26.42,82.71,0.6623987667533601,0.5692253493539134,-0.6017925266509122,-6.358363953017627,-12.607058268752073,False,3.94882
Bay,2019,Wet,5,11,141.8,25.83,86.64,0.5873674746414222,0.46280224840428297,-0.5314071457641143,-6.797762159381653,-13.55012336729563,False,3.94882
Bay,2019,Wet,6,12,251.4,25.34,84.37,0.4223083256761089,0.3247887791251307,-0.36006970283346107,-7.491542182961997,-14.633050646019315,False,3.94882
Calauan,2019,Wet,1,7,331.8,26.75,88.82,0.7648061311781892,0.6222532023688976,-0.6647387493130437,-6.379281154203248,-13.501318569784086,False,3.97765
Calauan,2019,Wet,2,8,405.0,26.65,88.21,0.7312227067778262,0.6729082558346106,-0.6394937234550733,-6.278971812262385,-13.000452237916896,False,3.97765
Calauan,2019,Wet,3,9,441.6,26.32,87.97,0.4945882160177277,0.5458156574762363,-0.4120106268449128,-6.6576515244447805,-13.410704006543707,False,3.97765
Calauan,2019,Wet,4,10,84.3,26.57,82.88,0.7474672868160308,0.6017535098648492,-0.6676822099145732,-5.895365750474432,-12.45078631140059,False,3.97765
Calauan,2019,Wet,5,11,185.8,26.13,86.24,0.6627738342304256,0.5363568263985625,-0.5955416380505782,-6.283558413337611,-13.20471790131705,False,3.97765
Calauan,2019,Wet,6,12,314.0,25.63,84.02,0.6588779503670271,0.5219004346659378,-0.5733232939422328,-6.799768613187345,-13.880232352439293,False,3.97765
Cavinti,2019,Wet,1,7,299.0,25.01,90.39,0.767421508184041,0.6766438809175335,-0.6514001878788466,-7.326339957653457,-14.004644943282642,False,3.28399
Cavinti,2019,Wet,2,8,327.1,24.79,90.72,0.7397638949906492,0.6546353257027975,-0.6279068788836648,-6.9350653537686755,-13.590089448784646,False,3.28399
Cavinti,2019,Wet,3,9,391.1,24.51,90.03,0.6182024932060106,0.6870200607727623,-0.5238686103810952,-7.464025991546519,-14.189453009076644,False,3.28399
Cavinti,2019,Wet,4,10,188.0,24.22,90.97,0.6797015049637343,0.6047502009489936,-0.5607575071624652,-6.9084965695099205,-13.34140382204761,False,3.28399
Cavinti,2019,Wet,5,11,240.7,23.99,91.36,0.7052750778499319,0.6060009313482585,-0.6032185084617487,-6.878389764857096,-13.592452278038728,False,3.28399
Cavinti,2019,Wet,6,12,500.3,23.32,91.62,0.46842594474730587,0.6040769685609013,-0.4023112833323857,-7.336872726006604,-13.910373665169276,False,3.28399
City of Biñan,2019,Wet,1,7,293.3,26.57,87.12,0.4124908092253177,0.3364173722056854,-0.38711352490254897,-4.986729967961157,-12.207858137045177,False,3.86146
City of Biñan,2019,Wet,2,8,362.9,26.43,86.56,0.4389634885649792,0.4169188643633313,-0.40244385761051016,-6.036501422071742,-12.007402434775479,False,3.86146
City of Biñan,2019,Wet,3,9,378.6,26.08,87.17,,,,-5.777868930157308,-12.709704812879256,False,3.86146
City of Biñan,2019,Wet,4,10,65.3,26.65,81.98,0.37543728436525875,0.2973534154339563,-0.36780779073420844,-5.527619664609861,-12.447844455789962,False,3.86146
City of Biñan,2019,Wet,5,11,117.7,26.17,83.75,0.3008819750905877,0.2872485138465079,-0.2559980287404593,-5.562702560975594,-12.588068910247623,False,3.86146
City of Biñan,2019,Wet,6,12,180.8,25.72,82.2,0.4033633476752959,0.3431772290627822,-0.386803014634141,-5.985251114618649,-12.856883147458255,False,3.86146
City of Cabuyao,2019,Wet,1,7,310.7,26.4,87.82,0.49547331348843165,0.40460668503128344,-0.4516730539763192,-5.280997993431729,-13.201448181629646,False,3.84049
City of Cabuyao,2019,Wet,2,8,379.4,26.32,86.89,0.5258310992959867,0.47961044431003197,-0.47002018571819115,-6.824282626009335,-12.70951507677543,False,3.84049
City of Cabuyao,2019,Wet,3,9,338.3,25.93,87.56,,,,-6.049885604354648,-13.635769043712902,False,3.84049
City of Cabuyao,2019,Wet,4,10,97.6,26.18,84.83,0.48019460700221805,0.3741644868615908,-0.4551893124275493,-5.273381790132688,-12.758068098692199,False,3.84049
City of Cabuyao,2019,Wet,5,11,139.6,25.68,86.66,0.4421022001766788,0.3930142559923799,-0.4097976043388091,-5.467934352260931,-13.133898712375112,False,3.84049
City of Cabuyao,2019,Wet,6,12,204.3,25.2,85.42,0.49381089279280965,0.40422194856843213,-0.4556770896453104,-5.915863181523482,-13.55181854995443,False,3.84049
City of Calamba,2019,Wet,1,7,298.9,26.19,87.43,0.5866966495267124,0.4877496776328823,-0.5251056051277981,-5.887070298872768,-12.770173841509923,False,3.92698
City of Calamba,2019,Wet,2,8,377.9,26.0,87.44,0.5871275402124637,0.47554281146159405,-0.5251967609978997,-6.798293690581446,-13.000746797814768,False,3.92698
City of Calamba,2019,Wet,3,9,324.4,25.67,87.52,0.47435442271364386,0.5469825279155655,-0.3809031677213303,-6.818839900936355,-13.50294050223791,False,3.92698
City of Calamba,2019,Wet,4,10,78.1,25.85,84.56,0.5699731882118313,0.45268763033620446,-0.5262460515355208,-5.895948367691804,-12.520128160052426,False,3.92698
City of Calamba,2019,Wet,5,11,137.3,25.33,86.97,0.5267470530214251,0.4752571062587666,-0.47203579444080856,-6.067204611057036,-12.82996395557765,False,3.92698
City of Calamba,2019,Wet,6,12,192.4,24.79,85.62,0.5588588596280017,0.4664389086687086,-0.5078065024782975,-6.762198719649494,-13.480360404340908,False,3.92698
City of San Pablo,2019,Wet,1,7,314.0,26.53,88.61,0.7754337414504623,0.5789669916265658,-0.6781360933334679,-6.05800112883562,-12.711782319916399,False,3.6876
City of San Pablo,2019,Wet,2,8,360.1,26.39,88.74,0.7487590930174788,0.6731154434853265,-0.6618347019587535,-6.342047026260202,-12.921587513456306,False,3.6876
City of San Pablo,2019,Wet,3,9,377.6,26.11,87.98,0.6102376813930825,0.6759790323746693,-0.524615664594258,-6.544128906714534,-13.214117560677602,False,3.6876
City of San Pablo,2019,Wet,4,10,94.0,26.16,85.01,0.7449552924570493,0.6105510844510575,-0.6600282187498527,-5.8468482584513914,-12.381971668550937,False,3.6876
City of San Pablo,2019,Wet,5,11,135.4,25.77,87.42,0.7253996608048262,0.596001352627033,-0.6485963357307822,-6.2431074931938575,-12.886204843009565,False,3.6876
City of San Pablo,2019,Wet,6,12,283.5,25.27,85.3,0.7583879007977428,0.6195809490027543,-0.6744340782523888,-6.731647004146771,-13.257990342767362,False,3.6876
City of Santa Rosa,2019,Wet,1,7,310.7,26.4,87.82,0.4552876654256925,0.37986135260436854,-0.4199359641860906,-5.393286778108773,-12.699486216789449,False,3.87281
City of Santa Rosa,2019,Wet,2,8,379.4,26.32,86.89,0.522212802631198,0.45186824520457686,-0.4727481809962321,-6.657841781230253,-12.699475786507753,False,3.87281
City of Santa Rosa,2019,Wet,3,9,338.3,25.93,87.56,,,,-6.3246453739628485,-13.384388358814354,False,3.87281
City of Santa Rosa,2019,Wet,4,10,97.6,26.18,84.83,0.45997039718751637,0.38069774233334003,-0.4393445236038795,-5.853227013470023,-12.885000649961846,False,3.87281
City of Santa Rosa,2019,Wet,5,11,139.6,25.68,86.66,0.4429347817555932,0.42132987612485034,-0.39021746332467916,-5.933635042486099,-13.067445048376237,False,3.87281
City of Santa Rosa,2019,Wet,6,12,204.3,25.2,85.42,0.5069677162615246,0.39445241249164964,-0.470173220472203,-6.4103991548246855,-13.449761122463572,False,3.87281
Famy,2019,Wet,1,7,308.0,26.67,89.44,0.7823854349950997,0.6476495491772308,-0.6737850384803853,-7.157292001074767,-14.005915925183517,False,3.92523
Famy,2019,Wet,2,8,493.4,26.26,91.19,0.7598334955281907,0.6774014685741042,-0.6583442577040325,-6.59505549078847,-13.189055661457983,False,3.92523
Famy,2019,Wet,3,9,498.1,26.07,89.71,0.7846746812634545,0.6620493779382968,-0.6766197308931502,-7.11432872457341,-13.676791259134434,False,3.92523
Famy,2019,Wet,4,10,100.5,26.18,86.09,0.7894945020584336,0.6198196715182496,-0.6906940484886154,-6.4638362396125135,-12.983803119144984,False,3.92523
Famy,2019,Wet,5,11,157.0,25.85,87.82,0.6239785068913513,0.49914164637264463,-0.5221890669119983,-6.678736915187206,-13.406569331066716,False,3.92523
Famy,2019,Wet,6,12,224.1,25.18,87.42,0.7751305974107997,0.6046669972062971,-0.6824195444002495,-6.922587501327695,-13.604740606014282,False,3.92523
Kalayaan,2019,Wet,1,7,348.9,25.12,91.7,0.7804448982422095,0.6084832473919284,-0.6656384033254485,-7.153923298066896,-13.698382881264576,False,3.63169
Kalayaan,2019,Wet,2,8,404.6,24.86,92.02,0.7252213923844963,0.655759868544016,-0.6169154583708734,-6.8100633718884565,-13.382432983479331,False,3.63169
Kalayaan,2019,Wet,3,9,405.7,24.57,91.67,0.6443408947514097,0.6491275874447251,-0.5311923099147646,-7.310586182380278,-13.850414919318933,False,3.63169
Kalayaan,2019,Wet,4,10,233.0,24.3,91.61,0.7778299458665624,0.6346228274166459,-0.6588645322841434,-6.744608413100628,-13.06794796636529,False,3.63169
Kalayaan,2019,Wet,5,11,329.1,24.08,92.27,0.7066110812769006,0.6124935402431523,-0.6056593237891003,-6.8480607635526765,-13.383938466499943,False,3.63169
Kalayaan,2019,Wet,6,12,448.3,23.38,92.61,0.0005175981362369333,-0.05916567796017398,0.016482917421224284,-7.145091865599738,-13.638606048842979,False,3.63169
Liliw,2019,Wet,1,7,328.4,25.43,88.47,0.7986514828925303,0.6306011182403326,-0.701705136256537,-6.481891008002683,-13.324179403952233,False,3.82739
Liliw,2019,Wet,2,8,405.0,25.18,89.31,0.8141149048035973,0.6982252240955297,-0.7159060937268313,-6.36931614555271,-12.990013762215959,False,3.82739
Liliw,2019,Wet,3,9,458.4,24.97,88.28,0.5703651166272669,0.6661739968206648,-0.48960645773229894,-6.789381262976561,-13.495676494736966,False,3.82739
Liliw,2019,Wet,4,10,131.1,24.99,85.95,0.7836054461133947,0.6610903847988076,-0.6928906515950606,-6.0500890207620595,-12.652276254313119,False,3.82739
Liliw,2019,Wet,5,11,152.2,24.66,87.65,0.7387989005337277,0.6014458726557218,-0.6580405456007788,-6.331710657847682,-13.128641431298519,False,3.82739
Liliw,2019,Wet,6,12,402.5,24.1,86.67,0.6743216084931211,0.6052924166125483,-0.6041366222089303,-6.739754352376023,-13.523004529626238,False,3.82739
Los Baños,2019,Wet,1,7,335.8,25.42,89.74,0.8109448725349898,0.6659987459729082,-0.7040031236131453,-6.039686974630577,-12.726231117839657,False,3.85534
Los Baños,2019,Wet,2,8,354.5,25.38,87.83,0.7861077872061228,0.666160022212926,-0.6878232427396177,-6.01286122019063,-12.709460322653,False,3.85534
Los Baños,2019,Wet,3,9,362.2,25.01,88.02,0.5037597889146895,0.6176258900423887,-0.4254779941637325,-6.548655616472365,-13.256923811587521,False,3.85534
Los Baños,2019,Wet,4,10,93.3,25.35,82.58,0.7382760371125436,0.6022317778981306,-0.6536461290567285,-5.859514349540758,-12.453674732512642,False,3.85534
Los Baños,2019,Wet,5,11,141.8,24.75,86.51,0.6294206782834589,0.5196819880647507,-0.5652779007427104,-5.98639548717427,-12.745855404349944,False,3.85534
Los Baños,2019,Wet,6,12,251.4,24.27,84.24,0.42178698319823,0.397512655477132,-0.3695851402376163,-6.483578310591654,-13.17731751350919,False,3.85534
Luisiana,2019,Wet,1,7,356.4,24.25,90.6,0.8121174017245132,0.7169532559844001,-0.6942605944514066,-6.509244994302113,-13.327619756030643,False,3.14246
Luisiana,2019,Wet,2,8,317.2,24.02,91.17,0.8135406025254646,0.6921578397873798,-0.7051857248558283,-6.378707302714108,-13.237358005518407,False,3.14246
Luisiana,2019,Wet,3,9,444.9,23.76,90.69,,,,-6.7964624953918555,-13.660393281227188,False,3.14246
Luisiana,2019,Wet,4,10,182.2,23.41,92.0,0.7967696340724681,0.7295485484950056,-0.6830281944065366,-6.224217125516929,-12.871169776201361,False,3.14246
Luisiana,2019,Wet,5,11,255.2,23.24,92.1,0.743786882758291,0.6078522850930406,-0.6541323222704638,-6.426968175333901,-13.273282523860138,False,3.14246
Luisiana,2019,Wet,6,12,612.1,22.53,92.71,-0.02326850278333631,0.9344083186162199,0.049066403218228166,-6.834030396064959,-13.59363544066441,False,3.14246
Lumban,2019,Wet,1,7,348.9,25.12,91.7,0.7344312747831332,0.5972141375855793,-0.6244949288023345,-7.535270438109814,-14.144200365803856,False,3.81428
Lumban,2019,Wet,2,8,404.6,24.86,92.02,0.6972282746368679,0.6184412349048046,-0.5881088943601479,-7.1972594606440765,-13.695607947631084,False,3.81428
Lumban,2019,Wet,3,9,405.7,24.57,91.67,0.5537262482317072,0.6025317425154268,-0.46037841129355583,-7.71190815572145,-14.287557982767327,False,3.81428
Lumban,2019,Wet,4,10,233.0,24.3,91.61,0.7244778924609976,0.6164314841062435,-0.611654180929824,-7.080457463404778,-13.325076694436467,False,3.81428
Lumban,2019,Wet,5,11,329.1,24.08,92.27,0.6663106226594703,0.5658314210195505,-0.5660481197278251,-7.110803373978728,-13.604769598838427,False,3.81428
Lumban,2019,Wet,6,12,448.3,23.38,92.61,0.13760945688350892,0.15007951117587814,-0.1037793685279476,-7.599624307791945,-14.103642235558814,False,3.81428
Mabitac,2019,Wet,1,7,366.7,26.62,87.24,0.6089725562250103,0.5427237149343749,-0.5238268804883163,-7.573081538935434,-14.797318571238078,False,3.97678
Mabitac,2019,Wet,2,8,585.1,26.3,88.21,0.7343785913426971,0.6375320498945265,-0.6293357041179024,-7.512949843602789,-14.202576801919093,False,3.97678
Mabitac,2019,Wet,3,9,567.4,26.07,87.1,0.6656769589708887,0.674046278819851,-0.5685954496663694,-7.879122039194339,-14.726772945810959,False,3.97678
Mabitac,2019,Wet,4,10,77.2,26.4,81.57,0.6788770472110364,0.5301851856021265,-0.597507128282937,-7.488225635715902,-13.753595794524331,False,3.97678
Mabitac,2019,Wet,5,11,99.5,26.0,84.14,0.6281059888182441,0.567276270806519,-0.5353614217746129,-7.727074765467274,-14.413733672992482,False,3.97678
Mabitac,2019,Wet,6,12,153.9,25.45,82.08,0.4033872692727718,0.3419794173682081,-0.3647155551946756,-8.240559194310462,-15.219841353642602,False,3.97678
Magdalena,2019,Wet,1,7,273.3,26.98,87.33,0.7793917972083956,0.6718486184581384,-0.6774010208727056,-6.626025851673094,-13.598321387497986,False,3.90164
Magdalena,2019,Wet,2,8,400.0,26.74,87.98,0.7755426154080194,0.6916189717230967,-0.6813851895251899,-6.446885565391153,-13.09219893845674,False,3.90164
Magdalena,2019,Wet,3,9,442.8,26.53,86.77,,,,-6.989981709620089,-13.713537848296047,False,3.90164
Magdalena,2019,Wet,4,10,113.2,26.57,84.19,0.792345377450122,0.7557453580476325,-0.6939137682897804,-6.144572170426289,-12.712577349398332,False,3.90164
Magdalena,2019,Wet,5,11,167.7,26.17,86.08,0.7230965375836784,0.6051226174188524,-0.6450957957954742,-6.285461462227968,-13.046103765171713,False,3.90164
Magdalena,2019,Wet,6,12,338.7,25.68,84.89,0.3735517882923199,0.3353877921584506,-0.34439178923675917,-7.135210312563444,-13.939295474513765,False,3.90164
Majayjay,2019,Wet,1,7,356.4,25.22,90.68,0.8000908506038292,0.6764998654719511,-0.6962545490473199,-6.469562107990992,-13.277199316634208,False,3.69547
Majayjay,2019,Wet,2,8,317.2,24.97,91.25,0.795782930640985,0.6886868534571386,-0.6987284829350657,-6.399177397856394,-13.159407838073323,False,3.69547
Majayjay,2019,Wet,3,9,444.9,24.71,90.74,0.5428015744792564,0.6579676086158546,-0.46488920338951434,-7.032803424048596,-13.698400311244121,False,3.69547
Majayjay,2019,Wet,4,10,182.2,24.36,92.06,0.7936549380460605,0.6992128266357293,-0.6958281908373705,-6.123433957616013,-12.743149068135935,False,3.69547
Majayjay,2019,Wet,5,11,255.2,24.19,92.15,0.7442686217296762,0.6487256982029039,-0.6600419914548872,-6.44360993696872,-13.189175083808495,False,3.69547
Majayjay,2019,Wet,6,12,612.1,23.48,92.75,0.5172441621527663,0.6570575897972284,-0.46084248770001546,-6.807726709157757,-13.568785563294787,False,3.69547
Nagcarlan,2019,Wet,1,7,328.4,25.43,88.47,0.8500217274206121,0.6649598906085262,-0.7405554054791007,-6.025346665691028,-13.092221968982347,False,3.74352
Nagcarlan,2019,Wet,2,8,405.0,25.18,89.31,0.8080657308060862,0.6997415591455305,-0.7086314450054199,-5.984848442306393,-12.801935365715144,False,3.74352
Nagcarlan,2019,Wet,3,9,458.4,24.97,88.28,0.5588047611065929,0.655244123359472,-0.4798478238516453,-6.378818461130517,-13.397340334214038,False,3.74352
Nagcarlan,2019,Wet,4,10,131.1,24.99,85.95,0.826641793708774,0.6769449454615544,-0.7277677922078928,-5.6983174416916516,-12.549154974947605,False,3.74352
Nagcarlan,2019,Wet,5,11,152.2,24.66,87.65,0.7590888220302574,0.6005979462653109,-0.6763373751426497,-5.887523829928152,-12.859920742633404,False,3.74352
Nagcarlan,2019,Wet,6,12,402.5,24.1,86.67,0.7860031553048737,0.613052502422219,-0.7000801741426522,-6.362907764139974,-13.285085099128212,False,3.74352
Paete,2019,Wet,1,7,279.9,24.41,90.86,0.8525894379655561,0.6597787477549831,-0.721490276562411,-6.7176508897132745,-13.272426192828915,False,3.88068
Paete,2019,Wet,2,8,341.9,24.12,91.51,0.7941761240417673,0.7754059536019526,-0.669821358744547,-6.443854308342911,-13.0393610374428,False,3.88068
Paete,2019,Wet,3,9,357.0,23.78,91.56,0.7322303487691793,0.7223483102258618,-0.6167989086916293,-6.880318174156335,-13.387516495345698,False,3.88068
Paete,2019,Wet,4,10,252.1,23.4,92.44,0.7987304721647281,0.718572987925847,-0.6710450803878829,-6.288759171946349,-12.675210398879281,False,3.88068
Paete,2019,Wet,5,11,324.4,23.27,92.76,0.7390130402603379,0.6477422607447115,-0.6359842349637351,-6.336725003307506,-12.93478958835516,False,3.88068
Paete,2019,Wet,6,12,535.0,22.5,93.52,-0.0020071774429901153,0.2082414172938427,0.026857238031698864,-6.4859372540048215,-12.951959687302596,False,3.88068
Pagsanjan,2019,Wet,1,7,273.3,27.21,87.36,0.6858011519281233,0.5461803482856978,-0.6035905128292877,-6.980446758908457,-14.268956895776936,False,3.75575
Pagsanjan,2019,Wet,2,8,400.0,26.98,88.0,0.7051028419555413,0.640352912550078,-0.6122272540531548,-6.912534379615036,-13.699908364817684,False,3.75575
Pagsanjan,2019,Wet,3,9,442.8,26.76,86.78,0.38570019432312375,0.47895438160871734,-0.32720003944551057,-7.180693284111299,-14.198375717247476,False,3.75575
Pagsanjan,2019,Wet,4,10,113.2,26.8,84.21,0.6929645312737464,0.6692870394910666,-0.6044875734154752,-6.519747530725354,-13.065481213745453,False,3.75575
Pagsanjan,2019,Wet,5,11,167.7,26.41,86.1,0.6988679393818458,0.585492832868494,-0.6208740704915866,-6.340938742759653,-13.118289607970754,False,3.75575
Pagsanjan,2019,Wet,6,12,338.7,25.89,84.91,0.35192360767907255,0.32260083617782553,-0.31312317366309594,-6.995291274069049,-14.02017062514198,False,3.75575
Pakil,2019,Wet,1,7,308.9,27.69,82.78,0.8048033299936908,0.6872985740990233,-0.6882702353365854,-6.843963063587426,-13.518521702048822,False,3.73828
Pakil,2019,Wet,2,8,443.2,27.49,83.4,0.7766328796265277,0.7391813836597854,-0.669784651176696,-6.552206729258969,-13.178521310720159,False,3.73828
Pakil,2019,Wet,3,9,463.3,27.24,82.82,0.7123114031140436,0.7170552183646499,-0.6063745857109138,-7.076754618880613,-13.668548383069105,False,3.73828
Pakil,2019,Wet,4,10,52.0,27.57,77.49,0.8007297363375447,0.6678342117472112,-0.6892580888837987,-6.51434202092112,-12.93091041856068,False,3.73828
Pakil,2019,Wet,5,11,79.0,27.08,80.01,0.6626238894321594,0.6072267503686269,-0.5668644905548604,-6.679792126833065,-13.318464144593149,False,3.73828
Pakil,2019,Wet,6,12,162.8,26.59,78.26,-0.011513377888123767,-0.33403492310585836,0.029725463058989238,-6.914731398596187,-13.47078161237663,False,3.73828
Pangil,2019,Wet,1,7,259.8,25.1,90.32,0.8048020384547606,0.7019155346513082,-0.6816240421021357,-6.940189779046496,-13.648889357866436,False,3.90689
Pangil,2019,Wet,2,8,373.1,24.68,92.1,0.7456211470697865,0.7414240140909601,-0.6357448415203244,-6.620965863158587,-13.23252577515515,False,3.90689
Pangil,2019,Wet,3,9,418.9,24.41,91.27,0.6878663175115982,0.6431051899810727,-0.5866596527166337,-7.090794291656132,-13.684637106903352,False,3.90689
Pangil,2019,Wet,4,10,212.6,24.15,91.17,0.7923339081215893,0.6392902842002695,-0.6793761402998815,-6.499065779361326,-12.910196321445817,False,3.90689
Pangil,2019,Wet,5,11,258.3,24.01,91.18,0.6019851097705368,0.5756075898174605,-0.5186305942501147,-6.549151919079699,-13.199015766278945,False,3.90689
Pangil,2019,Wet,6,12,433.1,23.22,92.0,-0.026526354388246152,-0.2585523810349275,0.04725301431249564,-7.119391900647189,-13.733740930626482,False,3.90689
Pila,2019,Wet,1,7,277.6,27.23,87.96,0.5042045485780753,0.36532410551744726,-0.4710866988987235,-7.982438325389895,-15.705888022197612,False,3.8798
Pila,2019,Wet,2,8,395.5,27.18,87.11,0.4897637084399086,0.354271907754419,-0.43229828660629,-7.691321703492094,-14.885570422240814,False,3.8798
Pila,2019,Wet,3,9,395.9,26.84,87.05,0.622205230367765,0.5504871787101038,-0.5301732225133644,-8.246336216650064,-15.139108210243322,False,3.8798
Pila,2019,Wet,4,10,73.0,27.15,81.17,0.7158088226472884,0.580247370243588,-0.6309927869298164,-7.578454377860822,-13.47194487302866,False,3.8798
Pila,2019,Wet,5,11,167.3,26.65,84.81,0.5337603090760629,0.3705353117815262,-0.5095491503379562,-6.861901038656229,-13.236127773477675,False,3.8798
Pila,2019,Wet,6,12,255.5,26.21,81.95,0.4400374556395338,0.3071393846936377,-0.4023458124644852,-8.17733585564001,-15.928573591753317,False,3.8798
Santa Cruz,2019,Wet,1,7,277.6,27.05,87.95,0.5754210767180314,0.435815820982308,-0.5283057670488166,-7.011195784158253,-14.18810310920426,False,3.88592
Santa Cruz,2019,Wet,2,8,395.5,27.0,87.08,0.4850631972133222,0.36352554694364664,-0.4366926384101358,-7.53166382376557,-14.234204228683476,False,3.88592
Santa Cruz,2019,Wet,3,9,395.9,26.65,87.04,0.5344302081785129,0.49557310940986005,-0.4524338907373743,-7.438321152006379,-14.819017349491205,False,3.88592
Santa Cruz,2019,Wet,4,10,73.0,26.99,81.16,0.63107693763758,0.5686244354124529,-0.5473706489742186,-6.955504891258629,-13.36720573016017,False,3.88592
Santa Cruz,2019,Wet,5,11,167.3,26.46,84.78,0.5976309025669193,0.43882330907539413,-0.5400534564827104,-6.864032403954288,-13.55653746473434,False,3.88592
Santa Cruz,2019,Wet,6,12,255.5,26.03,81.92,0.4281464216261697,0.3381476253651399,-0.3996444884778779,-7.42387878482157,-14.728647978104318,False,3.88592
Santa Maria,2019,Wet,1,7,336.0,26.52,89.15,0.7753494958407933,0.6666902425471279,-0.6731109134419638,-7.173681589145482,-14.184429681464618,False,4.00648
Santa Maria,2019,Wet,2,8,529.7,26.05,91.81,0.7511337174976022,0.6442731771601965,-0.6481115546568897,-6.7082855481186225,-13.257418209727794,False,4.00648
Santa Maria,2019,Wet,3,9,530.7,25.89,89.55,0.7755137296799126,0.6648469805216598,-0.6690177533652819,-7.201601522253623,-13.887244069492407,False,4.00648
Santa Maria,2019,Wet,4,10,90.3,26.21,84.08,0.7932784894556809,0.6145438486414704,-0.6971661894623651,-6.679080106512298,-13.289929353568185,False,4.00648
Santa Maria,2019,Wet,5,11,120.6,25.85,86.35,0.499348446780387,0.5003971772985384,-0.42138179530119807,-6.970833620066793,-13.809542510472939,False,4.00648
Santa Maria,2019,Wet,6,12,180.9,25.24,85.47,0.7966787342016908,0.5920971810712844,-0.7130216436993897,-7.156648234587275,-14.036347643196418,False,4.00648
Siniloan,2019,Wet,1,7,297.3,25.02,90.2,0.7789757281169508,0.6582059611018057,-0.6691623783314966,-7.115759328006096,-13.963928489229364,False,4.07637
Siniloan,2019,Wet,2,8,410.4,24.56,92.43,0.7262623875011671,0.754384974656543,-0.6302992274946307,-6.7798405883760955,-13.52980101987029,False,4.07637
Siniloan,2019,Wet,3,9,479.9,24.33,91.13,0.7481684593290888,0.6386950660400658,-0.6401814797794151,-7.210433256979545,-13.777571150732216,False,4.07637
Siniloan,2019,Wet,4,10,144.7,24.23,89.44,0.7724003780866735,0.6157330606377278,-0.6731658381550432,-6.500747487247864,-12.833165445669794,False,4.07637
Siniloan,2019,Wet,5,11,188.2,24.01,90.26,0.4679714003319327,0.4087449912629881,-0.3996459099268586,-6.564658487372627,-13.158403121649226,False,4.07637
Siniloan,2019,Wet,6,12,307.2,23.25,90.87,0.6604930895941002,0.7338733362243968,-0.5810564773712492,-6.91687377393357,-13.518411998602252,False,4.07637
Victoria,2019,Wet,1,7,277.6,27.23,87.96,0.4619594045374181,0.3294061119753002,-0.41839751990971646,-8.177056568677065,-15.68415205018711,False,3.9759
Victoria,2019,Wet,2,8,395.5,27.18,87.11,0.5352125251811247,0.3851651693629811,-0.46766686861889484,-8.467948173875183,-15.349919513514584,False,3.9759
Victoria,2019,Wet,3,9,395.9,26.84,87.05,0.5265263245321515,0.5136457099597005,-0.4483542795785553,-8.494740217437421,-15.571195562530095,False,3.9759
Victoria,2019,Wet,4,10,73.0,27.15,81.17,0.5958224229905293,0.4353420712072518,-0.5446713352600683,-7.890702652721749,-13.845405392954662,False,3.9759
Victoria,2019,Wet,5,11,167.3,26.65,84.81,0.5147406978414103,0.3444171491542056,-0.47760031894479243,-7.654270967130311,-14.28793722077383,False,3.9759
Victoria,2019,Wet,6,12,255.5,26.21,81.95,0.4093805642490169,0.2980719898304297,-0.3699385708625712,-8.633669218717065,-16.713973092059234,False,3.9759
Alaminos,2020,Dry,1,1,53.7,23.99,84.37,0.8222461470742738,0.5726233758201487,-0.7367879955304555,-6.235190104625292,-13.033406352011076,False,4.48558
Alaminos,2020,Dry,2,2,65.3,23.38,81.0,0.7426312714754124,0.6116898550505163,-0.6610774475838344,-6.578542963237082,-13.3544347652691,False,4.48558
Alaminos,2020,Dry,3,3,34.1,25.75,76.45,0.7388827945019968,0.5831358455481175,-0.6663054109553465,-6.589693609578719,-13.189667507499957,False,4.48558
Alaminos,2020,Dry,4,4,58.9,26.98,75.96,0.5408634750470175,0.5519515944749609,-0.47777992803800107,-6.876967112035677,-13.504842599783915,False,4.48558
Alaminos,2020,Dry,5,5,256.2,27.58,81.79,0.7689362082331812,0.6145726373658319,-0.6761054234621088,-6.091655138949891,-12.715134937325201,False,4.48558
Alaminos,2020,Dry,6,6,225.1,26.72,84.52,0.83061684845084,0.7059809411237756,-0.7205802420145696,-6.135467327220968,-13.070244294515113,False,4.48558
Bay,2020,Dry,1,1,70.0,24.88,82.56,0.6884051388988403,0.4637669706083469,-0.6042642336205664,-7.264043896665809,-14.355956142150255,False,4.95975
Bay,2020,Dry,2,2,83.3,24.32,78.46,0.6950610911928602,0.5911347698194495,-0.6087484775199076,-7.551360578133788,-14.34428923682084,False,4.95975
Bay,2020,Dry,3,3,13.5,26.56,75.28,0.6269213634435491,0.45625691877654645,-0.5763168875610761,-7.68750579309131,-14.019969750023755,False,4.95975
Bay,2020,Dry,4,4,33.5,27.89,73.38,0.5476136085553557,0.4607674194669377,-0.4867114430863282,-7.758890228842844,-14.153597643989208,False,4.95975
Bay,2020,Dry,5,5,246.5,28.44,80.46,0.5432544158565652,0.44014183665668244,-0.4645637873134728,-6.815773082277162,-13.270706813188024,False,4.95975
Bay,2020,Dry,6,6,260.6,27.47,84.8,0.6520692445847274,0.556456161312499,-0.5630528348374779,-7.2195907881521295,-14.284098667820281,False,4.95975
Calauan,2020,Dry,1,1,56.1,25.16,81.97,0.7639189492136053,0.5564378899246102,-0.6734130765431259,-6.645002259337174,-13.665223398850575,False,4.86492
Calauan,2020,Dry,2,2,76.7,24.53,78.49,0.7657935525213838,0.6367053629856763,-0.6733277162612584,-7.027753720447561,-13.835501729272924,False,4.86492
Calauan,2020,Dry,3,3,16.6,26.53,76.44,0.6918867192655951,0.5176882765597765,-0.6290193103581013,-7.143566844003355,-13.645916714591479,False,4.86492
Calauan,2020,Dry,4,4,28.8,27.88,74.42,0.6105503450373915,0.5455657531175813,-0.5358886124927263,-7.270243628059985,-13.84138710094615,False,4.86492
Calauan,2020,Dry,5,5,277.4,28.6,80.47,0.6730271160543726,0.5752560661429984,-0.5768120752536243,-6.361498655222499,-12.940377871408236,False,4.86492
Calauan,2020,Dry,6,6,216.7,27.79,83.82,0.7188086164523833,0.6297046473699651,-0.6229390484337387,-6.4901907496506,-13.59313925781047,False,4.86492
Cavinti,2020,Dry,1,1,172.7,22.84,89.81,0.7531898709579621,0.5664896525800652,-0.6435043097449351,-7.47557941251549,-14.086999274294232,False,3.65106
Cavinti,2020,Dry,2,2,176.9,22.05,87.8,0.6337078275781466,0.5898731215847276,-0.539126925649571,-7.498785400817568,-14.33027585497399,False,3.65106
Cavinti,2020,Dry,3,3,75.4,23.95,87.16,0.7593403285555744,0.5378891158809017,-0.6533831106950854,-7.6281929096616015,-14.296009173408484,False,3.65106
Cavinti,2020,Dry,4,4,82.0,24.94,86.71,0.6968309529415586,0.6028490202728348,-0.5781652017686278,-7.598362463208136,-14.40094016652391,False,3.65106
Cavinti,2020,Dry,5,5,423.9,26.26,87.23,0.7640153541552352,0.641259153831031,-0.6429951822386486,-7.257075208606419,-13.628119353074988,False,3.65106
Cavinti,2020,Dry,6,6,245.5,25.57,89.0,0.7680429229281253,0.669571866325326,-0.6406365021318392,-7.373071115908359,-14.022818222012926,False,3.65106
City of Biñan,2020,Dry,1,1,46.4,25.32,79.43,0.3877040962347743,0.27693411905487525,-0.378615927041339,-5.971298676224869,-12.888203858079002,False,4.3623
City of Biñan,2020,Dry,2,2,32.5,24.98,74.08,0.36443326705199336,0.25687938989693104,-0.37638299813381787,-6.35228675565037,-13.33765597491088,False,4.3623
City of Biñan,2020,Dry,3,3,9.7,27.15,72.36,0.3165556397696669,0.2381840387939328,-0.34202345859484684,-6.446854076905662,-13.346914817605992,False,4.3623
City of Biñan,2020,Dry,4,4,20.3,28.24,71.51,0.28126816807042043,0.21407303348360293,-0.30651318189680105,-6.564793773962969,-13.536718816667216,False,4.3623
City of Biñan,2020,Dry,5,5,286.8,28.68,78.5,0.3787118653617791,0.300541316366669,-0.36387710451360444,-5.775690630351839,-12.722549215473213,False,4.3623
City of Biñan,2020,Dry,6,6,242.9,27.68,82.63,0.4242283500280605,0.34006512391492716,-0.4061074079776763,-5.919711936222367,-12.91061527855869,False,4.3623
City of Cabuyao,2020,Dry,1,1,61.3,24.8,83.05,0.44611150707470015,0.29326796397006755,-0.4305543512219839,-5.868876450636186,-13.299491351154021,False,4.50455
City of Cabuyao,2020,Dry,2,2,49.3,24.44,78.01,0.4557126453079981,0.3198943250816733,-0.4372342565566261,-6.384426008505953,-13.983306572727983,False,4.50455
City of Cabuyao,2020,Dry,3,3,14.4,26.69,75.62,0.45929426527038925,0.32439698572452375,-0.451170590670267,-6.541110637470568,-13.99117859121901,False,4.50455
City of Cabuyao,2020,Dry,4,4,28.9,27.84,74.46,0.3985758192164971,0.3136817736913469,-0.3960532824079539,-6.720018014707519,-14.318891256137903,False,4.50455
City of Cabuyao,2020,Dry,5,5,239.6,28.4,80.35,0.45486947635573977,0.343179764405794,-0.4258898314031344,-5.999346487102933,-13.572917405789271,False,4.50455
City of Cabuyao,2020,Dry,6,6,263.1,27.31,84.76,0.5276624189258362,0.43153669765876185,-0.48239893044513277,-6.045531594459198,-13.808662863803026,False,4.50455
City of Calamba,2020,Dry,1,1,60.2,24.4,83.34,0.48026718339565716,0.31125655247168843,-0.45660887588664084,-6.688148526313366,-13.250473360151029,False,4.62783
City of Calamba,2020,Dry,2,2,56.3,24.03,78.31,0.5099333504214223,0.36638330368816313,-0.48053843510371247,-7.255483633979963,-14.050360092433364,False,4.62783
City of Calamba,2020,Dry,3,3,22.3,26.41,74.96,0.4913921363099206,0.3431318927839245,-0.48029094954242396,-7.449950431179356,-14.122844219553508,False,4.62783
City of Calamba,2020,Dry,4,4,44.6,27.6,74.02,0.42091654547142726,0.33810685719368117,-0.40969253472184974,-7.704420644576846,-14.474582445949226,False,4.62783
City of Calamba,2020,Dry,5,5,180.8,28.17,79.62,0.5237529303782611,0.45177121137487875,-0.4669101225378428,-6.799164903516487,-13.479894569578061,False,4.62783
City of Calamba,2020,Dry,6,6,275.4,27.03,84.65,0.6015282068851537,0.5010876000231647,-0.5405232078056221,-6.646637613827193,-13.51754969052684,False,4.62783
City of San Pablo,2020,Dry,1,1,47.7,24.78,83.89,0.7573148106651367,0.5505838193146475,-0.6775813407882301,-6.677414081558145,-13.324423679315155,False,4.59938
City of San Pablo,2020,Dry,2,2,73.2,24.09,81.01,0.7149541194848619,0.5508798545421739,-0.6363554847757393,-6.947910644508024,-13.59378116346278,False,4.59938
City of San Pablo,2020,Dry,3,3,28.0,26.36,77.62,0.6494284555467629,0.49101593343039673,-0.598668210799517,-7.139381042101233,-13.593540905053235,False,4.59938
City of San Pablo,2020,Dry,4,4,44.9,27.63,76.38,0.5814070380261124,0.5478975149350459,-0.5228057961159777,-7.490592230925013,-14.018586438053445,False,4.59938
City of San Pablo,2020,Dry,5,5,243.3,28.34,81.68,0.6886817727205101,0.5597039246177323,-0.6111022476077371,-7.010551386278769,-13.525157999185057,False,4.59938
City of San Pablo,2020,Dry,6,6,218.7,27.47,84.81,0.7414050614483385,0.6484338569761612,-0.6465085647339784,-6.681858930532,-13.43367333241673,False,4.59938
City of Santa Rosa,2020,Dry,1,1,61.3,24.8,83.05,0.452581121111862,0.2898112018076115,-0.4368052542707093,-6.386811220102222,-13.378926234730086,False,4.3054
City of Santa Rosa,2020,Dry,2,2,49.3,24.44,78.01,0.43709191239141976,0.31096647423726714,-0.4313387262586955,-6.861098962759142,-13.99484433807481,False,4.3054
City of Santa Rosa,2020,Dry,3,3,14.4,26.69,75.62,0.40904729434155085,0.2912529408103211,-0.415550179680262,-6.998846178060947,-14.039349331842143,False,4.3054
City of Santa Rosa,2020,Dry,4,4,28.9,27.84,74.46,0.3489491186613213,0.26930760459238273,-0.35918079943920195,-7.208047723993629,-14.323547538468308,False,4.3054
City of Santa Rosa,2020,Dry,5,5,239.6,28.4,80.35,0.4249447955059787,0.342211236603799,-0.3975898014998791,-6.382496786802628,-13.41081658810949,False,4.3054
City of Santa Rosa,2020,Dry,6,6,263.1,27.31,84.76,0.5346209856900688,0.4470351684819592,-0.480596388271362,-6.509322872356488,-13.631736578903887,False,4.3054
Famy,2020,Dry,1,1,95.6,24.71,85.45,0.8308733107620736,0.6285698510588377,-0.7275047311891296,-7.051451029743721,-13.69856505714165,True,4.8175
Famy,2020,Dry,2,2,85.2,23.94,83.23,0.806961157258127,0.6972867878298353,-0.7096149362728917,-7.3710177923659685,-13.965397941086307,True,4.8175
Famy,2020,Dry,3,3,27.2,25.95,82.03,0.7825186283433349,0.5921098358876815,-0.6864708868864626,-7.518912241688721,-13.900353536851929,True,4.8175
Famy,2020,Dry,4,4,36.2,26.96,80.89,0.7193238719410735,0.6763829303745829,-0.6129237592156591,-7.413986735583829,-14.04226126118754,True,4.8175
Famy,2020,Dry,5,5,318.4,28.19,83.76,0.7934833740596499,0.6319822533726017,-0.6893500301361559,-7.179524937618199,-13.646428980295031,True,4.8175
Famy,2020,Dry,6,6,208.1,27.5,85.66,0.7916665128698692,0.7345290722174069,-0.6775259555977317,-6.632924490354044,-13.322151317464147,True,4.8175
Kalayaan,2020,Dry,1,1,193.8,22.96,89.99,0.7731127891981309,0.5576054362056578,-0.6699370835640511,-7.34784807159507,-13.952138935155833,False,4.22005
Kalayaan,2020,Dry,2,2,181.2,22.19,87.63,0.498815237680371,0.5233630626952975,-0.4027974220334823,-7.523121406298148,-14.185814973531263,False,4.22005
Kalayaan,2020,Dry,3,3,74.2,24.1,87.31,0.7845362289982377,0.5619953461735451,-0.6752153063222398,-7.632458163202205,-14.076613962422503,False,4.22005
Kalayaan,2020,Dry,4,4,103.8,25.0,87.36,0.7048171317382002,0.653699083082282,-0.5903605872543699,-7.5889730348178315,-14.12136565534244,False,4.22005
Kalayaan,2020,Dry,5,5,431.0,26.33,88.52,0.7836296049089256,0.6807507403920992,-0.6578460537869552,-6.794756714853483,-12.904450183884128,False,4.22005
Kalayaan,2020,Dry,6,6,326.1,25.65,90.31,0.7629370106718304,0.7154903625816895,-0.6435747238326098,-6.931347877844513,-13.400866420455085,False,4.22005
Liliw,2020,Dry,1,1,78.8,23.59,85.14,0.7663837342783324,0.6545888782464718,-0.6796989842522236,-6.709286998486125,-13.536110265202517,True,4.8175
Liliw,2020,Dry,2,2,96.9,22.85,82.63,0.6989441289774276,0.5791610723947452,-0.6164633704616572,-6.774739781770731,-13.618001102740708,True,4.8175
Liliw,2020,Dry,3,3,27.7,24.94,80.29,0.7599345360399566,0.5373830230378586,-0.6846558362890474,-7.169101144525343,-13.75830550683196,True,4.8175
Liliw,2020,Dry,4,4,30.7,26.13,78.56,0.6629834524262495,0.5963294438242465,-0.5817687824228376,-7.200163391172423,-13.940197588727724,True,4.8175
Liliw,2020,Dry,5,5,355.6,27.12,82.24,0.7559981772432652,0.5965287833208432,-0.6575498026313497,-6.6216247390883165,-13.29551643817822,True,4.8175
Liliw,2020,Dry,6,6,228.3,26.34,84.8,0.7467454667265858,0.6365506425907703,-0.6466248470041489,-6.453846525320038,-13.285137133016637,True,4.8175
Los Baños,2020,Dry,1,1,70.0,23.81,82.45,0.735273054255891,0.5035262348140516,-0.6576415121724611,-6.4829578891381585,-13.1825592324874,False,3.95452
Los Baños,2020,Dry,2,2,83.3,23.28,78.34,0.6923762570626939,0.5938856862899877,-0.6077996173449299,-6.690425482016776,-13.43398252791,False,3.95452
Los Baños,2020,Dry,3,3,13.5,25.5,75.12,0.66966109721314,0.5018665451604784,-0.6078116361252436,-6.714678387378408,-13.242015609660248,False,3.95452
Los Baños,2020,Dry,4,4,33.5,26.84,73.22,0.6703563482466871,0.6111963595222444,-0.5794771441550453,-6.881762061905572,-13.483858133065965,False,3.95452
Los Baños,2020,Dry,5,5,246.5,27.38,80.34,0.6800851353440245,0.596253455030642,-0.5914500728385453,-6.098243639821987,-12.481602533199062,False,3.95452
Los Baños,2020,Dry,6,6,260.6,26.43,84.69,0.7673084971791034,0.6697626857376869,-0.6675190443069059,-6.534296127327686,-13.216015917378456,False,3.95452
Luisiana,2020,Dry,1,1,202.5,21.99,91.24,0.8317420909357397,0.5909870649435532,-0.7384086801487284,-6.7351241124732155,-13.568374102956252,False,3.52778
Luisiana,2020,Dry,2,2,215.1,21.12,89.89,0.68282764427315,0.6370559552231184,-0.5925080600068111,-6.686483579009784,-13.714110975632181,False,3.52778
Luisiana,2020,Dry,3,3,76.1,23.02,88.44,0.8195566448486294,0.585930035442835,-0.7213534612915714,-7.026879804667786,-13.740994283426067,False,3.52778
Luisiana,2020,Dry,4,4,70.8,24.09,87.53,0.7790617683517855,0.7104435667618182,-0.6603762623716799,-7.040097284241887,-13.87490009094873,False,3.52778
Luisiana,2020,Dry,5,5,431.0,25.46,87.59,0.8202207665744692,0.6915239774845267,-0.7052250931344507,-6.5449376541970175,-13.132796576829769,False,3.52778
Luisiana,2020,Dry,6,6,258.5,24.79,89.39,0.8180547015823734,0.690701558716777,-0.6989571678476526,-6.745859544903974,-13.550848347001795,False,3.52778
Lumban,2020,Dry,1,1,193.8,22.96,89.99,0.7062194444352818,0.5232134609374746,-0.6119023028670713,-7.819208260660204,-14.484282788031248,False,4.5899
Lumban,2020,Dry,2,2,181.2,22.19,87.63,0.5228591521108318,0.483927592275856,-0.4428830243917995,-7.9919168484301935,-14.846134482319478,False,4.5899
Lumban,2020,Dry,3,3,74.2,24.1,87.31,0.7292468438432884,0.5298165772391119,-0.6302322780347065,-8.197430702680023,-14.727756071765608,False,4.5899
Lumban,2020,Dry,4,4,103.8,25.0,87.36,0.687724326160215,0.6203990905561215,-0.5812442957750614,-8.251237570465591,-14.802960959597192,False,4.5899
Lumban,2020,Dry,5,5,431.0,26.33,88.52,0.7098813607684593,0.6243897875103392,-0.5951294304870065,-7.247565070010761,-13.320222118804365,False,4.5899
Lumban,2020,Dry,6,6,326.1,25.65,90.31,0.7028555535773418,0.6355611272405328,-0.587785532518193,-7.502957062290911,-13.923191501542215,False,4.5899
Mabitac,2020,Dry,1,1,52.1,24.96,80.35,0.6577416302434547,0.46374198955377577,-0.578367845553489,-7.986542492125691,-15.101171075454788,False,4.8744
Mabitac,2020,Dry,2,2,39.3,24.3,77.04,0.6810795512230262,0.744142552802536,-0.5828472450740527,-8.33466666829439,-15.369470429041911,False,4.8744
Mabitac,2020,Dry,3,3,11.3,26.35,76.03,0.6909348346543349,0.49090751955169526,-0.6175518234427498,-8.50455585937629,-15.008346851962992,False,4.8744
Mabitac,2020,Dry,4,4,23.6,27.5,74.35,0.4968060935053097,0.37678363641230944,-0.45200291362005585,-8.720996585019968,-15.137188649124868,False,4.8744
Mabitac,2020,Dry,5,5,288.7,28.48,79.33,0.6188235383714338,0.47231310541184035,-0.5437231270208265,-7.8068300517466716,-14.175528313987911,False,4.8744
Mabitac,2020,Dry,6,6,226.8,27.64,82.32,0.6668442686568831,0.5443261125449445,-0.5727090540508449,-7.685747058057576,-14.705278758112764,False,4.8744
Magdalena,2020,Dry,1,1,73.3,25.2,83.11,0.7647831934339254,0.6241065559693707,-0.6820864153328701,-6.973406399408788,-13.782321957963882,False,4.67525
Magdalena,2020,Dry,2,2,87.1,24.52,80.22,0.7149925280021582,0.5915612303997108,-0.6300849714265013,-7.426347625270293,-14.255118523827077,False,4.67525
Magdalena,2020,Dry,3,3,24.9,26.59,78.47,0.6751292275162155,0.4752560686550057,-0.6343189990091473,-7.657342633922595,-14.212883986425439,False,4.67525
Magdalena,2020,Dry,4,4,29.2,27.72,77.04,0.5994428843783345,0.5402297026346295,-0.5386766578692411,-7.72694839950443,-14.48484580655082,False,4.67525
Magdalena,2020,Dry,5,5,399.3,28.65,80.75,0.7198932024507407,0.5700909003025599,-0.6275637017263237,-6.776710197794331,-13.456739043316498,False,4.67525
Magdalena,2020,Dry,6,6,210.1,27.91,82.99,0.7515881130219737,0.647096035266278,-0.6513122167226637,-6.927865661987921,-13.852354135124942,False,4.67525
Majayjay,2020,Dry,1,1,202.5,22.95,91.3,0.8079719594630336,0.6005366940016172,-0.720868892723164,-6.803404452226108,-13.62512416091759,False,4.32437
Majayjay,2020,Dry,2,2,215.1,22.09,89.95,0.6925726606418505,0.6061042524589096,-0.6041235194055279,-6.739041505492733,-13.635444847295126,False,4.32437
Majayjay,2020,Dry,3,3,76.1,23.98,88.52,0.8054722874276697,0.5719583497216226,-0.7159179700627891,-7.2862383057584585,-13.877698765051088,False,4.32437
Majayjay,2020,Dry,4,4,70.8,25.04,87.61,0.7382889877562565,0.668117074967412,-0.6334364978513676,-7.315294987069981,-14.017951270421024,False,4.32437
Majayjay,2020,Dry,5,5,431.0,26.41,87.66,0.7652614785631527,0.6592656514529125,-0.6680950033953447,-6.606895935113247,-13.17184583296338,False,4.32437
Majayjay,2020,Dry,6,6,258.5,25.75,89.47,0.7876745906642587,0.7103622432216105,-0.6801748324650304,-6.635313270778288,-13.415686843011404,False,4.32437
Nagcarlan,2020,Dry,1,1,78.8,23.59,85.14,0.8131503284677751,0.6600790812740345,-0.7183151906828144,-6.313909506448141,-13.304758331306983,True,4.60887
Nagcarlan,2020,Dry,2,2,96.9,22.85,82.63,0.7137004609242962,0.6069065271026287,-0.627961617544215,-6.501572081041556,-13.503709271382998,True,4.60887
Nagcarlan,2020,Dry,3,3,27.7,24.94,80.29,0.7914348365622552,0.5628671289646511,-0.7049815174729006,-6.630874665245763,-13.431689039645924,True,4.60887
Nagcarlan,2020,Dry,4,4,30.7,26.13,78.56,0.7391203341496184,0.6613231415515269,-0.6361212695254379,-6.704337517309163,-13.602875613430074,True,4.60887
Nagcarlan,2020,Dry,5,5,355.6,27.12,82.24,0.7776403477495843,0.6693216465587449,-0.6684074292126326,-6.244245894910728,-13.065233198023785,True,4.60887
Nagcarlan,2020,Dry,6,6,228.3,26.34,84.8,0.7858115544482644,0.6953278631219069,-0.6800808104602464,-5.998406921006745,-12.987580113242881,True,4.60887
Paete,2020,Dry,1,1,263.9,22.05,91.09,0.833468206560015,0.5895148581594404,-0.7250936834032359,-6.7831801711011375,-13.282544378425944,False,4.31489
Paete,2020,Dry,2,2,262.2,21.32,88.62,0.6959953911073917,0.7214778198520674,-0.5776254032263319,-6.947888334296655,-13.568083483199416,False,4.31489
Paete,2020,Dry,3,3,99.2,23.11,88.4,0.8371618728347335,0.6013344692882715,-0.7173011867398178,-6.955232872413376,-13.463673371134304,False,4.31489
Paete,2020,Dry,4,4,127.9,23.94,89.03,0.7149357953879548,0.7137835069517154,-0.5919143988253781,-6.918384390371667,-13.519377595043409,False,4.31489
Paete,2020,Dry,5,5,417.9,25.38,89.18,0.831985493978031,0.732859896222517,-0.6987611561139698,-6.447633638611731,-12.660113291682023,False,4.31489
Paete,2020,Dry,6,6,263.9,24.77,90.83,0.8087333871444199,0.7772842737138559,-0.6801486647867686,-6.416849232977554,-12.900207444708938,False,4.31489
Pagsanjan,2020,Dry,1,1,73.3,25.42,83.15,0.7025852200431445,0.5192719663823309,-0.6293881375035485,-7.068537258540285,-14.362420697568512,True,4.60887
Pagsanjan,2020,Dry,2,2,87.1,24.75,80.26,0.6635037357083592,0.5908012622826811,-0.5787500723063077,-7.397279734888678,-14.740622463603664,True,4.60887
Pagsanjan,2020,Dry,3,3,24.9,26.81,78.51,0.7118769144147314,0.5007451278576055,-0.642327630656065,-7.714638273817099,-14.48826043484695,True,4.60887
Pagsanjan,2020,Dry,4,4,29.2,27.95,77.07,0.6152118758940133,0.6133576858243025,-0.5355907372287204,-7.779741623035714,-14.622117430778424,True,4.60887
Pagsanjan,2020,Dry,5,5,399.3,28.87,80.78,0.6987132728590282,0.5690247485620128,-0.6031827307159583,-6.49491992554682,-13.129274667065202,True,4.60887
Pagsanjan,2020,Dry,6,6,210.1,28.15,83.01,0.6743147590236197,0.5883838820521515,-0.5866816094577141,-6.899289839868342,-14.193718851297229,True,4.60887
Pakil,2020,Dry,1,1,51.9,26.07,76.72,0.8133394109299281,0.5904158312231169,-0.7149662006461475,-7.035551103132975,-13.635666805050871,False,4.43817
Pakil,2020,Dry,2,2,34.5,25.51,72.89,0.6108792914767642,0.5837255235107244,-0.5337362536165745,-7.29750428391528,-13.927729840579154,False,4.43817
Pakil,2020,Dry,3,3,11.9,27.58,71.4,0.7742386557353834,0.5690713741896443,-0.681416345355319,-7.324734146769306,-13.787490813817156,False,4.43817
Pakil,2020,Dry,4,4,20.1,28.62,70.45,0.68645912575578,0.6030925335187526,-0.6014999579167996,-7.418811526323938,-13.907655110517073,False,4.43817
Pakil,2020,Dry,5,5,213.2,29.49,75.34,0.7833756024972339,0.6681793950187954,-0.6697223538609115,-7.036799979925414,-13.230883863915505,False,4.43817
Pakil,2020,Dry,6,6,155.4,28.85,76.73,0.8109138749658138,0.7253315937645256,-0.6908629124194391,-6.784313963842829,-13.328867742240242,False,4.43817
Pangil,2020,Dry,1,1,228.9,22.74,89.81,0.8184856046147231,0.6100771711414847,-0.7132997893160662,-7.191887182686146,-13.939316548202598,False,4.7037
Pangil,2020,Dry,2,2,212.3,21.98,87.82,0.5305225810725767,0.5554585503445347,-0.45085599886300753,-7.357239981928446,-14.216609305436354,False,4.7037
Pangil,2020,Dry,3,3,81.6,23.74,88.24,0.7971293578368097,0.5835635192191478,-0.6886557994161708,-7.3990316923435335,-13.977411942766127,False,4.7037
Pangil,2020,Dry,4,4,102.8,24.6,88.36,0.7391727275174295,0.6884866369582046,-0.618896152244968,-7.445914903234593,-13.965680063368598,False,4.7037
Pangil,2020,Dry,5,5,382.4,26.09,88.49,0.7644778280498651,0.6556825153357262,-0.6493111486196802,-7.040384056229572,-13.318317134278878,False,4.7037
Pangil,2020,Dry,6,6,223.0,25.57,89.31,0.7877211276314229,0.7372396345498851,-0.6662553883016094,-6.755852725284025,-13.37559325263079,False,4.7037
Pila,2020,Dry,1,1,55.0,25.79,79.68,0.5865357557154742,0.39233255100613995,-0.5263569573023772,-8.009711613291158,-16.27281963381694,False,5.01665
Pila,2020,Dry,2,2,64.0,25.23,75.8,0.6485271729082874,0.49652593473807516,-0.5622287096223532,-8.407786363516509,-15.635245064796182,False,5.01665
Pila,2020,Dry,3,3,16.0,27.2,74.78,0.6680792853876099,0.46391710109295947,-0.5966232672540815,-8.846440775561883,-15.04403504142489,False,5.01665
Pila,2020,Dry,4,4,17.4,28.41,73.04,0.4582671035482568,0.40311123819401,-0.43363564541666055,-8.480952456848785,-14.922093996935164,False,5.01665
Pila,2020,Dry,5,5,268.9,29.07,79.8,0.5318917876175528,0.3636469895659663,-0.4829501523762039,-6.853261346395759,-13.139711997344154,False,5.01665
Pila,2020,Dry,6,6,201.1,28.33,82.87,0.46949882567121914,0.335577700580011,-0.42235415278684435,-7.958228082281213,-15.808451952334309,False,5.01665
Rizal,2020,Dry,1,1,56.6,23.13,85.96,0.7822046401399065,0.6265471488513129,-0.6908599318893063,-6.501775602007072,-13.26324695511843,False,4.39075
Rizal,2020,Dry,2,2,72.0,22.37,83.64,0.6181909763336355,0.5923828617709731,-0.5383118625418206,-6.691790893185721,-13.486098831227194,False,4.39075
Rizal,2020,Dry,3,3,26.3,24.52,80.53,0.7665945784302143,0.5692001415431968,-0.682008374588884,-6.846047199399222,-13.510563578988338,False,4.39075
Rizal,2020,Dry,4,4,60.4,25.78,79.36,0.6998671132847076,0.6452235601603045,-0.6065400257030406,-6.993883115734379,-13.734023514947449,False,4.39075
Rizal,2020,Dry,5,5,324.7,26.7,83.29,0.7748581895705873,0.7573679145699613,-0.6589981160612443,-6.5000156883928035,-13.151136484412383,False,4.39075
Rizal,2020,Dry,6,6,261.6,25.87,85.97,0.7671363577409198,0.7325209909914653,-0.6617003322403892,-6.230303274161123,-13.151035660414964,False,4.39075
Santa Cruz,2020,Dry,1,1,55.0,25.61,79.65,0.5361165589029019,0.3606493623744113,-0.49155992011024086,-7.276041651164561,-14.95853148967281,False,4.85543
Santa Cruz,2020,Dry,2,2,64.0,25.04,75.77,0.5734170393830954,0.4406630763446314,-0.5046809376886313,-7.863053873354563,-15.361295551252342,False,4.85543
Santa Cruz,2020,Dry,3,3,16.0,27.01,74.75,0.6006034745726112,0.42187683889967054,-0.5470241918325663,-8.203865541234657,-14.91053888583949,False,4.85543
Santa Cruz,2020,Dry,4,4,17.4,28.22,73.02,0.40679032856817965,0.3512007304368689,-0.3867477220504114,-8.19100388655452,-14.981011361722379,False,4.85543
Santa Cruz,2020,Dry,5,5,268.9,28.89,79.78,0.5633294591987899,0.41824533769611105,-0.5054486300919177,-6.489575613954173,-12.846894623730266,False,4.85543
Santa Cruz,2020,Dry,6,6,201.1,28.16,82.85,0.544551398500955,0.42286385987696695,-0.491499859133085,-7.105997731702271,-14.400609668484,False,4.85543
Santa Maria,2020,Dry,1,1,67.5,24.76,83.44,0.8401942549657466,0.6052853158078778,-0.7407584589324234,-7.164080717866604,-13.903461543010277,False,5.07355
Santa Maria,2020,Dry,2,2,55.8,24.01,80.92,0.8239578594193951,0.6235984446703555,-0.7335048389384783,-7.5132810470391265,-14.17312568138875,False,5.07355
Santa Maria,2020,Dry,3,3,20.9,26.11,79.36,0.7675866444988703,0.5464664108194921,-0.6876429592246237,-7.615474816311502,-14.07428096528282,False,5.07355
Santa Maria,2020,Dry,4,4,42.2,27.08,78.8,0.6200938429703464,0.5820701355433037,-0.550062260426946,-7.708399197833328,-14.358384836796525,False,5.07355
Santa Maria,2020,Dry,5,5,313.6,28.27,81.69,0.7558163092333624,0.586059504760398,-0.673463265913938,-7.272146370883896,-13.772287120655454,False,5.07355
Santa Maria,2020,Dry,6,6,215.3,27.48,84.12,0.7994773722115422,0.7008501394855721,-0.6848356053446034,-7.056688181110276,-13.944576584545764,False,5.07355
Siniloan,2020,Dry,1,1,147.1,22.76,88.75,0.7765143079601657,0.5923413775554116,-0.6799746426361337,-7.157665839857272,-13.908142936140328,False,4.79853
Siniloan,2020,Dry,2,2,136.4,22.0,86.82,0.7966602982526246,0.7045990303465958,-0.6895039313315233,-7.341964444748313,-14.148728477911057,False,4.79853
Siniloan,2020,Dry,3,3,47.6,23.82,86.86,0.8012570406621476,0.6024672152003162,-0.6935884366485918,-7.449192436588277,-13.941527496163998,False,4.79853
Siniloan,2020,Dry,4,4,73.4,24.75,86.53,0.7364583727743437,0.718467871016156,-0.6164013702786543,-7.4299226157401534,-13.942575047691763,False,4.79853
Siniloan,2020,Dry,5,5,369.1,26.18,86.94,0.7507045979218285,0.6262605000711442,-0.646699476246317,-7.020638671460557,-13.320530680048547,False,4.79853
Siniloan,2020,Dry,6,6,219.4,25.58,88.41,0.7387571653729376,0.7010440476346975,-0.632329546729501,-6.674317908936069,-13.318421147339267,False,4.79853
Victoria,2020,Dry,1,1,55.0,25.79,79.68,0.5805312513908436,0.3915585513446332,-0.49952714097348644,-8.340930224574286,-16.385744650031878,False,5.03561
Victoria,2020,Dry,2,2,64.0,25.23,75.8,0.6700054708825497,0.5232793771482894,-0.57532571789133,-8.901388009980893,-16.146937644123803,False,5.03561
Victoria,2020,Dry,3,3,16.0,27.2,74.78,0.5992828645407136,0.40738788621131217,-0.5505306291042326,-9.386511718916976,-15.549402365035222,False,5.03561
Victoria,2020,Dry,4,4,17.4,28.41,73.04,0.43219563086078416,0.3678654649805007,-0.4091909777769952,-8.912976192730639,-15.515427333906343,False,5.03561
Victoria,2020,Dry,5,5,268.9,29.07,79.8,0.4552412082186988,0.36625754091447726,-0.39807105052519365,-7.823080035386113,-14.480119655026924,False,5.03561
Victoria,2020,Dry,6,6,201.1,28.33,82.87,0.48170378486413845,0.33662587338383204,-0.4119605276132716,-8.328002612482113,-16.36052679822324,False,5.03561
Alaminos,2020,Wet,1,7,278.5,26.05,87.93,0.7292318960033005,0.7947750124959978,-0.6295540503187395,-5.571029800450547,-12.528080640275633,False,4.40556
Alaminos,2020,Wet,2,8,367.7,25.8,88.65,0.8279704026568355,0.6583873782650498,-0.7309829951811121,-5.984311181433441,-12.819765149375293,False,4.40556
Alaminos,2020,Wet,3,9,270.6,25.96,88.74,0.637944970416756,0.819312946536824,-0.5373950034373973,-5.495955132189244,-12.526881797166045,False,4.40556
Alaminos,2020,Wet,4,10,588.4,25.21,90.97,0.7392846123217495,0.6202104141593644,-0.6544710549217628,-5.368255562151034,-12.182723698231026,False,4.40556
Alaminos,2020,Wet,5,11,487.8,24.98,87.48,0.7023935402891212,0.7001462395729857,-0.6059277558163428,-6.18396096600636,-12.746762925921738,False,4.40556
Alaminos,2020,Wet,6,12,240.7,24.82,88.03,0.7824615442029272,0.6628679342769908,-0.696190778942142,-6.141108375647108,-12.9071554022279,False,4.40556
Bay,2020,Wet,1,7,305.4,26.91,87.67,0.5824161815752917,0.6085061047602889,-0.4698435025883838,-6.7841267085710575,-13.712748448446357,False,4.42613
Bay,2020,Wet,2,8,361.4,26.5,88.97,0.7594679541380214,0.6118274190071729,-0.66765165549809,-7.206249109044788,-13.628534729493383,False,4.42613
Bay,2020,Wet,3,9,231.2,26.81,88.3,0.5678460995441689,0.45930739618166505,-0.5008081468392129,-6.374973739644754,-12.807444372214563,False,4.42613
Bay,2020,Wet,4,10,633.5,25.85,91.64,0.549484073203375,0.4445369206756942,-0.48548087823429215,-5.611452569895207,-12.164381389803655,False,4.42613
Bay,2020,Wet,5,11,459.1,25.75,86.61,0.4617450886464899,0.3171526520224295,-0.42089147599252674,-7.447818565432795,-14.456535193939096,False,4.42613
Bay,2020,Wet,6,12,347.3,25.45,88.13,0.6609756355351367,0.49754910374873723,-0.5840831358789533,-7.307054756683332,-14.621074345494597,False,4.42613
Calauan,2020,Wet,1,7,340.0,27.21,87.16,0.6288100156858272,0.6054303094780498,-0.519471777832072,-6.342134812422887,-13.310409390763542,False,4.34298
Calauan,2020,Wet,2,8,432.7,26.76,88.4,0.803348494672629,0.651860834183116,-0.7056011362040807,-6.491801397168665,-13.26663708101886,False,4.34298
Calauan,2020,Wet,3,9,227.4,27.14,87.32,0.6903210723851023,0.5735158237803606,-0.6104271017187999,-6.111582560547515,-12.664027903400385,False,4.34298
Calauan,2020,Wet,4,10,604.3,26.17,90.85,0.6641737661487463,0.5532220000583693,-0.5869884318930177,-5.510410991632738,-12.214796721254121,False,4.34298
Calauan,2020,Wet,5,11,456.5,26.06,86.17,0.7016056921324678,0.5084295713245386,-0.6238364450960789,-6.6973719921429895,-13.539098371493047,False,4.34298
Calauan,2020,Wet,6,12,321.8,25.81,87.29,0.7483377047510875,0.5867008336910979,-0.6591953102222508,-6.55582340615354,-13.70963339438085,False,4.34298
Cavinti,2020,Wet,1,7,301.9,25.31,89.55,0.8203244690431433,0.7378027824731869,-0.6913486351892854,-6.966380828372638,-13.61935237807893,False,3.75327
Cavinti,2020,Wet,2,8,376.2,24.97,90.95,0.7850217069853247,0.6306447205244589,-0.6745040169311317,-7.298497811876227,-13.949628701731863,False,3.75327
Cavinti,2020,Wet,3,9,245.5,25.35,89.56,0.7621346478881316,0.6867453444267579,-0.6520954625848763,-6.862605670689783,-13.553778972736266,False,3.75327
Cavinti,2020,Wet,4,10,675.2,24.36,93.46,0.7229951260927706,0.6509994845450091,-0.6246997591505411,-6.55859050670806,-13.024658039334101,False,3.75327
Cavinti,2020,Wet,5,11,678.8,23.82,92.44,0.7859564206422864,0.5613436225648321,-0.6795094622514913,-7.1467571339784,-13.674157693676454,False,3.75327
Cavinti,2020,Wet,6,12,501.3,23.71,92.99,0.7029694504996137,0.5457352464233202,-0.6025401706946156,-7.2924635811622585,-13.819154239003,False,3.75327
City of Biñan,2020,Wet,1,7,337.4,27.06,85.37,0.39494315597983326,0.3262451511517952,-0.3750272546501063,-5.431211790265172,-11.443573526906318,False,3.89642
City of Biñan,2020,Wet,2,8,306.8,26.53,87.42,0.44149362380717644,0.3705670079020108,-0.41249971185264267,-5.65094294824261,-12.548280854990745,False,3.89642
City of Biñan,2020,Wet,3,9,237.9,26.87,87.05,0.4156161364214958,0.37567496651302607,-0.38773096834360277,-5.847969645516881,-11.776126398289138,False,3.89642
City of Biñan,2020,Wet,4,10,484.0,26.05,89.98,0.40550009962957695,0.3324643994135193,-0.3821150335271541,-4.028144718394172,-11.403419276151476,False,3.89642
City of Biñan,2020,Wet,5,11,423.3,25.94,85.72,0.3540342001405188,0.30550694133193806,-0.3347544308175185,-5.297002941536495,-12.395154571535235,False,3.89642
City of Biñan,2020,Wet,6,12,345.5,25.65,87.07,0.4321766330778706,0.30449944583900357,-0.41329927881007594,-5.545321807143342,-12.577323162752874,False,3.89642
City of Cabuyao,2020,Wet,1,7,333.0,26.76,86.94,0.4790492820930732,0.39720045773758483,-0.43622001188649223,-6.268567289650373,-12.186855289915846,False,4.11742
City of Cabuyao,2020,Wet,2,8,313.8,26.33,88.07,0.5358258060066544,0.43480565062190013,-0.487132752956671,-5.859861697570613,-13.512520125153227,False,4.11742
City of Cabuyao,2020,Wet,3,9,235.6,26.66,87.68,0.4419196601690779,0.3955936138563069,-0.4022763050085746,-6.710577191613894,-12.41523673561504,False,4.11742
City of Cabuyao,2020,Wet,4,10,550.6,25.79,90.87,0.5324166899081704,0.4093662344969712,-0.4855988163959987,-4.187553879202906,-12.068617034346206,False,4.11742
City of Cabuyao,2020,Wet,5,11,428.7,25.57,87.64,0.5632083107363821,0.5247469406406183,-0.4915577038402121,-5.346319039477942,-13.13106217038672,False,4.11742
City of Cabuyao,2020,Wet,6,12,368.9,25.25,89.1,0.47298795674877175,0.3223687868793232,-0.44854930281643807,-5.531099534636819,-13.351424509794429,False,4.11742
City of Calamba,2020,Wet,1,7,324.3,26.48,87.1,0.5731998098615707,0.5384265947052639,-0.5013493429066158,-6.3226943988656705,-12.591917404225892,False,4.18893
City of Calamba,2020,Wet,2,8,275.3,26.17,88.02,0.6296970013561924,0.5486317713131958,-0.5643687360003385,-6.675286311807274,-13.361831883123234,False,4.18893
City of Calamba,2020,Wet,3,9,247.9,26.41,87.68,0.5672738328378748,0.5083739690456714,-0.5053268392478948,-6.602260095914594,-12.772622102996689,False,4.18893
City of Calamba,2020,Wet,4,10,612.0,25.48,90.84,0.580936261228272,0.42766650278807905,-0.5267952578972175,-5.17992899331759,-11.888073184401375,False,4.18893
City of Calamba,2020,Wet,5,11,453.0,25.22,87.65,0.617745355246403,0.5470512794624633,-0.5481248918743186,-6.289184683250548,-13.016093938634837,False,4.18893
City of Calamba,2020,Wet,6,12,336.7,24.87,89.4,0.5565377135510015,0.4177510025020143,-0.5136676880919679,-6.455843090089815,-13.222979843279223,False,4.18893
City of San Pablo,2020,Wet,1,7,265.0,26.85,87.64,0.6479503620077814,0.5983004933603764,-0.5612150981917899,-6.330348927737106,-12.987122422160995,False,4.06137
City of San Pablo,2020,Wet,2,8,399.0,26.48,88.83,0.7773434069020204,0.614851501155119,-0.6881949830427845,-6.322425898539119,-12.992496674589388,False,4.06137
City of San Pablo,2020,Wet,3,9,241.0,26.79,88.17,0.6591825089191204,0.7136314667756034,-0.5726352436828036,-6.261500620666496,-12.85744814931898,False,4.06137
City of San Pablo,2020,Wet,4,10,568.2,25.93,90.95,0.6907251633469016,0.5814069621645916,-0.6135692303588528,-5.545875256025513,-12.049381538411778,False,4.06137
City of San Pablo,2020,Wet,5,11,473.0,25.73,87.36,0.740146995160462,0.546171154420475,-0.6523566913029842,-6.239226032392832,-12.705200168491158,False,4.06137
City of San Pablo,2020,Wet,6,12,279.6,25.53,88.25,0.76890044141473,0.5824660705794804,-0.6799469113836143,-6.366535116537815,-12.984900540076223,False,4.06137
City of Santa Rosa,2020,Wet,1,7,333.0,26.76,86.94,0.4551648234815094,0.38634145471988757,-0.4214287234922642,-6.002485131023926,-12.10820391829811,False,4.02827
City of Santa Rosa,2020,Wet,2,8,313.8,26.33,88.07,0.5324798683888989,0.4321230256409951,-0.4848113200721522,-6.12436654563502,-13.13900183026943,False,4.02827
City of Santa Rosa,2020,Wet,3,9,235.6,26.66,87.68,0.4862184981961424,0.42179949413023954,-0.4450298710706595,-6.424673482408251,-12.454906731873736,False,4.02827
City of Santa Rosa,2020,Wet,4,10,550.6,25.79,90.87,0.5440894478106305,0.4502365885280948,-0.4889490145269535,-4.468601720224516,-11.783667069853362,False,4.02827
City of Santa Rosa,2020,Wet,5,11,428.7,25.57,87.64,0.5681712473259285,0.48603391618786457,-0.5015635152641894,-5.776762121125277,-12.877350558324384,False,4.02827
City of Santa Rosa,2020,Wet,6,12,368.9,25.25,89.1,0.4992981586627525,0.3529171630880165,-0.46998471809318254,-6.01603929821271,-13.115750578431635,False,4.02827
Famy,2020,Wet,1,7,207.9,27.28,86.09,0.733891137488734,0.7779264367361008,-0.6279588111910016,-6.626193108719739,-13.350903571812006,False,4.39233
Famy,2020,Wet,2,8,328.5,26.75,89.15,0.8377465071733953,0.735008801501016,-0.7260997626800315,-7.08644821618581,-13.503559086098095,False,4.39233
Famy,2020,Wet,3,9,227.8,27.11,88.04,0.5302489501658186,0.6333050107952659,-0.455492859185272,-6.737353040685166,-13.27600645238274,False,4.39233
Famy,2020,Wet,4,10,550.0,26.24,89.92,0.6038101392830602,0.6357973915303037,-0.5219018582149363,-6.199638807010732,-12.732614709940156,False,4.39233
Famy,2020,Wet,5,11,473.7,25.79,87.79,0.6780674022963066,0.5588907974059661,-0.5975310274816275,-6.913881124175493,-13.38531287257717,False,4.39233
Famy,2020,Wet,6,12,348.6,25.55,88.74,0.004779837094247341,0.05841201636940241,-0.044982705265283585,-6.9361782622757,-13.57348294538792,False,4.39233
Kalayaan,2020,Wet,1,7,368.7,25.47,90.55,0.7611940435317704,0.6823816048390787,-0.6391879990268261,-6.887511450612137,-13.573274794436907,False,3.85789
Kalayaan,2020,Wet,2,8,407.5,25.11,92.09,0.7978327767323425,0.6256808468070354,-0.6852368509233265,-7.106014739124712,-13.58482713292288,False,3.85789
Kalayaan,2020,Wet,3,9,302.4,25.51,90.83,0.6872462893819344,0.664807056660243,-0.5932999104599899,-6.933427094299815,-13.650415463047795,False,3.85789
Kalayaan,2020,Wet,4,10,740.9,24.39,94.97,0.7104706763207944,0.6812607747353291,-0.6007019889138222,-6.32695278696258,-12.758659557110118,False,3.85789
Kalayaan,2020,Wet,5,11,686.0,23.85,93.76,0.6905998842362497,0.5569389946451182,-0.5893604278373641,-7.177760072031147,-13.54174035726913,False,3.85789
Kalayaan,2020,Wet,6,12,559.6,23.7,94.13,0.7666549029534159,0.5807286558866227,-0.6681837785588446,-7.239522760970829,-13.691347093459854,False,3.85789
Liliw,2020,Wet,1,7,302.2,25.89,86.96,0.7757744514107848,0.7044340215360687,-0.6651098529733356,-6.390504611329082,-13.151812095172533,False,4.28115
Liliw,2020,Wet,2,8,495.3,25.46,88.28,0.8132214302589946,0.6200456463020486,-0.7212769752203777,-6.57033078193836,-13.2839894990821,False,4.28115
Liliw,2020,Wet,3,9,246.6,25.82,87.32,0.6949465650658325,0.7456644018148552,-0.6031103353390749,-6.329606271703144,-13.028089604331484,False,4.28115
Liliw,2020,Wet,4,10,691.9,24.93,90.39,0.721191621805373,0.5414439849181385,-0.6428814288467047,-5.637054582813593,-12.23615275250274,False,4.28115
Liliw,2020,Wet,5,11,545.1,24.57,88.17,0.7517308462602513,0.5262419329266604,-0.6688050507004359,-6.376598267976684,-13.07536219888131,False,4.28115
Liliw,2020,Wet,6,12,331.5,24.43,88.63,0.7763565092139582,0.5495895475729687,-0.6922094096626925,-6.525900938735495,-13.347851576380387,False,4.28115
Los Baños,2020,Wet,1,7,305.4,25.85,87.58,0.5786211049535733,0.5836045155666462,-0.49072164111443517,-6.0998163300173,-12.840435035104163,False,4.20271
Los Baños,2020,Wet,2,8,361.4,25.44,88.89,0.7785042048110248,0.6294088193448057,-0.6851700656404864,-6.356485800225719,-13.07535402154614,False,4.20271
Los Baños,2020,Wet,3,9,231.2,25.76,88.21,0.5963656385863636,0.5525433794964087,-0.5234940563025257,-6.108325241695963,-12.753175408904303,False,4.20271
Los Baños,2020,Wet,4,10,633.5,24.79,91.57,0.6218315022182797,0.4943687940071404,-0.5560115771595114,-5.489501821373549,-12.004797136943617,False,4.20271
Los Baños,2020,Wet,5,11,459.1,24.68,86.53,0.5885447083412156,0.4419432151580095,-0.533417619247874,-6.235558540269558,-12.82646769671464,False,4.20271
Los Baños,2020,Wet,6,12,347.3,24.39,88.01,0.7172621100771832,0.5622527538201243,-0.6416562438823896,-6.26717120636024,-12.952962011799357,False,4.20271
Luisiana,2020,Wet,1,7,306.8,24.5,90.56,0.8250090916445301,0.6610065652523607,-0.698311500678396,-6.370302930438732,-13.168214844779104,False,3.426
Luisiana,2020,Wet,2,8,463.4,24.22,90.86,0.8474976589714528,0.691646772278938,-0.737719012032828,-6.332230798033533,-13.07792857731432,False,3.426
Luisiana,2020,Wet,3,9,319.2,24.5,90.3,0.21045931847766042,0.20216460805386305,-0.1818153914064169,-6.413662769421729,-13.298440660447184,False,3.426
Luisiana,2020,Wet,4,10,816.3,23.65,93.86,0.772672160522303,0.629002229087901,-0.674931665707902,-5.88134724543303,-12.454309048817398,False,3.426
Luisiana,2020,Wet,5,11,717.2,23.08,93.65,0.8223589948253124,0.6421515642123898,-0.7169421460837752,-6.561857727076113,-13.105182409483067,False,3.426
Luisiana,2020,Wet,6,12,576.6,22.99,93.85,0.804270100138723,0.5869683371334322,-0.7143438875935747,-6.612055372900254,-13.292149445402648,False,3.426
Lumban,2020,Wet,1,7,368.7,25.47,90.55,0.7716223193813295,0.684873579814481,-0.633939773645669,-7.305554117670373,-13.894540653255666,False,4.21103
Lumban,2020,Wet,2,8,407.5,25.11,92.09,0.7704983780682627,0.6172263512031526,-0.6547324730683391,-7.450308281962348,-13.982023236561547,False,4.21103
Lumban,2020,Wet,3,9,302.4,25.51,90.83,0.7847050667109166,0.7382999471593383,-0.6613119442535927,-7.404267083253307,-13.811600640240746,False,4.21103
Lumban,2020,Wet,4,10,740.9,24.39,94.97,0.6967873867254681,0.7022655039037007,-0.5875702760817386,-6.695537790239926,-13.18502992131519,False,4.21103
Lumban,2020,Wet,5,11,686.0,23.85,93.76,0.4877783380668331,0.3653244066667187,-0.39250164224128214,-7.652535101016292,-14.393876888554177,False,4.21103
Lumban,2020,Wet,6,12,559.6,23.7,94.13,0.7318897270706212,0.5737802879838491,-0.6286948837530658,-7.849545247557455,-14.516460861182802,False,4.21103
Mabitac,2020,Wet,1,7,235.5,27.29,83.65,0.783214040000712,0.7109681462102276,-0.6669575244778744,-7.248555397017939,-14.122454089223169,False,4.33217
Mabitac,2020,Wet,2,8,298.9,26.71,86.79,0.7447337024751431,0.6038771543431006,-0.6479465015614215,-7.556734230169662,-14.356363710691534,False,4.33217
Mabitac,2020,Wet,3,9,188.1,27.08,85.75,0.7371374174687483,0.7371616402756461,-0.6256332810951709,-7.231107785966555,-13.715630544431564,False,4.33217
Mabitac,2020,Wet,4,10,553.0,26.29,87.07,0.10973611484993907,0.3705312237143516,-0.03294872258808099,-6.874398764079938,-13.555079849781654,False,4.33217
Mabitac,2020,Wet,5,11,398.1,26.0,83.36,0.365097677824987,0.33086515019663865,-0.3262946162349357,-8.246127019629274,-15.55179811106866,False,4.33217
Mabitac,2020,Wet,6,12,279.3,25.74,84.52,-0.03197553777038895,0.001746893674862802,0.05309703305441265,-8.531115766972139,-15.91612337103488,False,4.33217
Magdalena,2020,Wet,1,7,268.4,27.52,84.73,0.7296330316260273,0.669630583626171,-0.6290757754548254,-6.437428887141089,-13.172957429084054,False,4.35344
Magdalena,2020,Wet,2,8,413.2,26.98,87.64,0.7832746183992658,0.6363423822964767,-0.6897889015822264,-6.7481852875194654,-13.407951719106478,False,4.35344
Magdalena,2020,Wet,3,9,231.0,27.43,85.77,0.7168414298361407,0.680171827737911,-0.6324706093217126,-6.630332077017949,-13.344565491295967,False,4.35344
Magdalena,2020,Wet,4,10,583.2,26.49,88.79,0.7191044142549052,0.5462305676250405,-0.6379322489773759,-5.6847319017371385,-12.326569419838044,False,4.35344
Magdalena,2020,Wet,5,11,513.2,26.12,86.13,0.7215795245311278,0.5148551524571671,-0.6417254118215775,-6.6798470525682365,-13.405012243987285,False,4.35344
Magdalena,2020,Wet,6,12,347.4,25.94,87.0,0.7579763981817202,0.5285521882289005,-0.6721446254297015,-6.74967724320862,-13.605916418364295,False,4.35344
Majayjay,2020,Wet,1,7,306.8,25.46,90.61,0.7948625288803148,0.697851999726603,-0.6782649569787398,-6.328501990974063,-13.175157391414427,False,4.31913
Majayjay,2020,Wet,2,8,463.4,25.17,90.94,0.8247461881617153,0.6568258726010346,-0.7319992726886393,-6.690619751603821,-13.345196877896948,False,4.31913
Majayjay,2020,Wet,3,9,319.2,25.46,90.36,0.25291128619263564,0.608539615919193,-0.1989134030540783,-6.366780655594963,-13.149390629998889,False,4.31913
Majayjay,2020,Wet,4,10,816.3,24.6,93.92,0.7327758917570615,0.5911631590252457,-0.6494394651907672,-5.7328447574241705,-12.244551005794108,False,4.31913
Majayjay,2020,Wet,5,11,717.2,24.02,93.71,0.7861584306710161,0.6248778591053518,-0.6940353431074588,-6.410842692481591,-12.990864427024848,False,4.31913
Majayjay,2020,Wet,6,12,576.6,23.93,93.91,0.8076348010969424,0.5751431991859837,-0.7205777475213619,-6.689142789604037,-13.381255064812589,False,4.31913
Nagcarlan,2020,Wet,1,7,302.2,25.89,86.96,0.7545861652318793,0.7394532887520474,-0.6451893091712633,-6.135134913513246,-13.07998475601401,False,4.26213
Nagcarlan,2020,Wet,2,8,495.3,25.46,88.28,0.8257435586263698,0.6547482964077277,-0.7281228125361509,-6.1145857956850005,-13.096708655728813,False,4.26213
Nagcarlan,2020,Wet,3,9,246.6,25.82,87.32,0.6750641178031546,0.6305989579197764,-0.5976642415518271,-5.9983240164803595,-12.783566436859974,False,4.26213
Nagcarlan,2020,Wet,4,10,691.9,24.93,90.39,0.7969451303033682,0.6100671767051515,-0.705791803092234,-5.349054952592921,-12.157326325055475,False,4.26213
Nagcarlan,2020,Wet,5,11,545.1,24.57,88.17,0.8023019320684219,0.5921236522546591,-0.7100795740704086,-6.04306154359653,-12.839506851085664,False,4.26213
Nagcarlan,2020,Wet,6,12,331.5,24.43,88.63,0.8264881047996322,0.6085192932641746,-0.7342180383055031,-6.118198970993093,-13.042643151924468,False,4.26213
Paete,2020,Wet,1,7,257.7,24.62,90.53,0.8229108353484513,0.7506058314705611,-0.6913020796336115,-6.395696834648086,-13.000151025295649,False,3.98739
Paete,2020,Wet,2,8,322.2,24.41,91.19,0.8411824847636555,0.7053578895186755,-0.7218355199659274,-6.616483910721551,-13.099784576840975,False,3.98739
Paete,2020,Wet,3,9,254.4,24.72,90.42,0.691397970070863,0.6824741496886033,-0.5977178369645392,-6.496386228007498,-13.198635003160607,False,3.98739
Paete,2020,Wet,4,10,771.1,23.53,95.7,0.6681433921713182,0.7258049662659986,-0.5580551163664146,-5.988544512999831,-12.435966085751629,False,3.98739
Paete,2020,Wet,5,11,709.8,22.99,94.53,0.7648165918359665,0.6090780669672149,-0.6651387974860876,-6.623819698270936,-12.928253847757423,False,3.98739
Paete,2020,Wet,6,12,677.5,22.77,95.14,0.8007244737848417,0.644758740120951,-0.697600801015459,-6.619696458339852,-13.041863023726425,False,3.98739
Pagsanjan,2020,Wet,1,7,268.4,27.74,84.76,0.6262704026297735,0.5282276598919328,-0.5456782064895347,-6.9618125610142085,-13.79626161479595,False,4.30847
Pagsanjan,2020,Wet,2,8,413.2,27.21,87.66,0.7902153878448477,0.6420872467877886,-0.6934829354891916,-7.108120923633786,-14.064082282938989,False,4.30847
Pagsanjan,2020,Wet,3,9,231.0,27.65,85.79,0.6620313138833257,0.5831572996974442,-0.5884973825446033,-7.161174334837178,-13.604526427231775,False,4.30847
Pagsanjan,2020,Wet,4,10,583.2,26.7,88.81,0.6686560177698576,0.5564061582426925,-0.5886146876567601,-5.955490895542053,-12.761119473419352,False,4.30847
Pagsanjan,2020,Wet,5,11,513.2,26.34,86.15,0.6883802276072113,0.48605215520080974,-0.6070274748460819,-6.521693956928425,-13.527229765796088,False,4.30847
Pagsanjan,2020,Wet,6,12,347.4,26.17,87.03,0.7310977692028852,0.5808922889401543,-0.6443065326114014,-6.895297696848344,-14.231723746366743,False,4.30847
Pakil,2020,Wet,1,7,188.3,28.45,78.44,0.7940264438156721,0.7315228390827864,-0.6747714381813448,-6.513617708923195,-13.31028123521007,False,3.93633
Pakil,2020,Wet,2,8,235.0,27.84,81.68,0.8087943830842017,0.6925993761654773,-0.6951908185157815,-6.745272390413675,-13.31743460829708,False,3.93633
Pakil,2020,Wet,3,9,137.2,28.18,80.94,0.7739057480225116,0.7860869279103225,-0.6652767139661105,-6.6061972321477445,-13.264443141595038,False,3.93633
Pakil,2020,Wet,4,10,481.4,27.25,83.71,0.525059747311179,0.5553442139028902,-0.4365789567834539,-6.201438190442516,-12.65654962596049,False,3.93633
Pakil,2020,Wet,5,11,366.8,27.02,80.15,0.6939130132234369,0.5614607204806181,-0.6021829234691181,-6.833117233104402,-13.277590406080842,False,3.93633
Pakil,2020,Wet,6,12,285.4,26.71,81.79,0.7199296240542379,0.542796402009962,-0.6155130774489873,-6.9209951757362465,-13.429489524915686,False,3.93633
Pangil,2020,Wet,1,7,261.4,25.41,89.01,0.8077517442147536,0.75723898520304,-0.6812860309493337,-6.600926298344944,-13.382055501706935,False,4.18092
Pangil,2020,Wet,2,8,325.5,25.1,90.63,0.8005499666102351,0.7030678741420521,-0.687560681563762,-6.89594050584082,-13.56026721172198,False,4.18092
Pangil,2020,Wet,3,9,226.4,25.4,90.0,0.6015886356674534,0.6101099985128529,-0.519757632947294,-6.727635447920634,-13.245200162878904,False,4.18092
Pangil,2020,Wet,4,10,675.5,24.37,93.69,0.46517366104129104,0.5697899400514352,-0.37633120706041273,-6.247221689967881,-12.772079109453403,False,4.18092
Pangil,2020,Wet,5,11,681.5,23.81,92.32,0.6039135619201106,0.5066052599022216,-0.5162201681967885,-7.059244641480421,-13.56551305920703,False,4.18092
Pangil,2020,Wet,6,12,597.8,23.56,93.4,,,,-7.272903736277517,-13.781556664395213,False,4.18092
Pila,2020,Wet,1,7,339.2,27.82,85.57,0.5962890587645295,0.45882758398305007,-0.5041157123702228,-7.8541681441459055,-14.795319728168483,False,4.41767
Pila,2020,Wet,2,8,429.3,27.32,87.75,0.734793865128485,0.5051005794831993,-0.6476124549291051,-8.306561835101286,-14.806044483580374,False,4.41767
Pila,2020,Wet,3,9,218.7,27.7,86.36,0.5895887298801107,0.4418126025075505,-0.5367718586703882,-7.800941704915437,-13.318856627199775,False,4.41767
Pila,2020,Wet,4,10,583.2,26.74,89.37,0.5089164700155469,0.33932596253450414,-0.46224061791290744,-6.2966542836634085,-13.150350713437376,False,4.41767
Pila,2020,Wet,5,11,406.7,26.57,84.02,0.4789152973679373,0.31180408811262245,-0.4371448225161528,-8.297084169309393,-16.381223610336907,False,4.41767
Pila,2020,Wet,6,12,317.8,26.34,85.24,0.4887272754154395,0.2835052250236621,-0.4390505880390213,-8.479295453746529,-16.98537421479692,False,4.41767
Santa Cruz,2020,Wet,1,7,339.2,27.64,85.56,0.5746752906024812,0.4683542630892418,-0.4977401348620336,-7.3850380427294215,-13.969380844092397,False,4.31872
Santa Cruz,2020,Wet,2,8,429.3,27.14,87.73,0.6424427536745188,0.457212796376577,-0.572195634919416,-7.365381923183511,-14.456140417209923,False,4.31872
Santa Cruz,2020,Wet,3,9,218.7,27.53,86.34,0.6300413464895184,0.4991451350656114,-0.5567805594712656,-7.566886147104299,-13.272913430868504,False,4.31872
Santa Cruz,2020,Wet,4,10,583.2,26.56,89.37,0.5586645154091697,0.41531298986614484,-0.4985608716904299,-6.30772328999318,-13.375367513941939,False,4.31872
Santa Cruz,2020,Wet,5,11,406.7,26.4,84.0,0.4409620592036977,0.28885919398509996,-0.3942816981622463,-7.197122759556482,-14.936628205964805,False,4.31872
Santa Cruz,2020,Wet,6,12,317.8,26.16,85.23,0.5375213383453906,0.36049158172934576,-0.4782103506511271,-7.4701766322205945,-15.157760523746873,False,4.31872
Santa Maria,2020,Wet,1,7,229.6,27.21,85.05,0.7715656782170879,0.7680842085839699,-0.6595119562108192,-6.800600573914928,-13.486419531118846,False,4.40944
Santa Maria,2020,Wet,2,8,441.5,26.57,88.76,0.7808581708783747,0.6925981875017526,-0.6840313191112313,-7.154159620017096,-13.676410414043612,False,4.40944
Santa Maria,2020,Wet,3,9,246.8,27.0,87.02,0.6420014774710064,0.6528465751846836,-0.5591683208524685,-6.673570704963787,-13.194815424010372,False,4.40944
Santa Maria,2020,Wet,4,10,543.3,26.19,89.01,0.6936096029562446,0.6578015715935561,-0.5972482000155814,-6.360652152672793,-12.91863881783022,False,4.40944
Santa Maria,2020,Wet,5,11,444.1,25.85,86.09,0.797980286971226,0.6396079188641205,-0.6992485232738709,-7.119862075566493,-13.747722582235344,False,4.40944
Santa Maria,2020,Wet,6,12,275.4,25.61,87.01,,,,-7.022220573458347,-13.89151440413874,False,4.40944
Siniloan,2020,Wet,1,7,237.3,25.44,88.28,0.755028175611096,0.7583661279804557,-0.6369695792315128,-6.700121109633249,-13.54605558355015,False,4.37876
Siniloan,2020,Wet,2,8,403.3,25.03,90.18,0.8173329565394005,0.7156307040693636,-0.7082136899534494,-7.1121695918422745,-13.663745535603757,False,4.37876
Siniloan,2020,Wet,3,9,233.3,25.31,89.41,0.5756868877120561,0.5829188672654834,-0.49479804322160853,-6.9005813243351595,-13.398605233922812,False,4.37876
Siniloan,2020,Wet,4,10,627.2,24.42,92.42,0.6998567231218865,0.6775781510479829,-0.6010867583250814,-6.268559080047351,-12.809022667814215,False,4.37876
Siniloan,2020,Wet,5,11,569.1,23.91,90.88,0.5015859712910931,0.42519416160814705,-0.4379208518546686,-7.136979825346565,-13.645579700977535,False,4.37876
Siniloan,2020,Wet,6,12,441.5,23.66,92.13,-0.045295865698294205,-0.030373279682614586,0.0316676769236272,-7.249451096490597,-13.892708307263346,False,4.37876
Victoria,2020,Wet,1,7,339.2,27.82,85.57,0.6598880833937913,0.5186912250638789,-0.5503808078702043,-8.376149345181597,-15.230658621326068,False,4.42029
Victoria,2020,Wet,2,8,429.3,27.32,87.75,0.7143453101567258,0.5019402353930973,-0.6248737459084109,-8.939854517169302,-15.040538924756357,False,4.42029
Victoria,2020,Wet,3,9,218.7,27.7,86.36,0.5150176344715652,0.3898963295801903,-0.4907802426189007,-7.724868178643855,-13.207706495420751,False,4.42029
Victoria,2020,Wet,4,10,583.2,26.74,89.37,0.4170863441401291,0.2816722732920316,-0.36894571879058635,-7.083839941216065,-14.305214658253009,False,4.42029
Victoria,2020,Wet,5,11,406.7,26.57,84.02,0.13425141647954392,0.16460074007725867,-0.10392676762149054,-9.920847402122423,-18.630244121202967,False,4.42029
Victoria,2020,Wet,6,12,317.8,26.34,85.24,0.3991986048670118,0.24881997933050476,-0.34670668105205915,-9.605296076017819,-18.522700434739185,False,4.42029
Alaminos,2021,Dry,1,1,150.7,23.66,85.12,,,,-6.282929134890472,-13.036331004214333,False,4.8107
Alaminos,2021,Dry,2,2,118.7,23.7,84.76,0.8202543269315723,0.6922316368420139,-0.7270614455971466,-5.611363946799396,-12.429726187603187,False,4.8107
Alaminos,2021,Dry,3,3,94.8,24.93,84.67,0.7381334075149341,0.7350767837357502,-0.6457141993664596,-6.1294092211823035,-13.011625482299328,False,4.8107
Alaminos,2021,Dry,4,4,41.9,25.85,78.79,0.6942902641936741,0.6804922142255333,-0.6107626991969389,-6.315632854891367,-13.098954554155277,False,4.8107
Alaminos,2021,Dry,5,5,65.7,27.73,77.39,0.7391009582109872,0.603704499888188,-0.6585152502114632,-6.539418029232023,-13.425328464644348,False,4.8107
Alaminos,2021,Dry,6,6,207.0,26.68,83.97,0.7862515767193266,0.8178445820274128,-0.6772391307010031,-6.31399230813414,-13.26465412701328,False,4.8107
Bay,2021,Dry,1,1,134.9,24.47,83.62,,,,-7.299394443515566,-14.23201061642768,False,4.97952
Bay,2021,Dry,2,2,119.1,24.53,83.4,0.6994249411724052,0.5336277894525402,-0.6155393318996717,-6.72420651604954,-13.195468239829214,False,4.97952
Bay,2021,Dry,3,3,93.6,25.84,83.03,0.6061676534884005,0.5344673260803009,-0.5376502162302318,-7.207024278088313,-13.849983434467878,False,4.97952
Bay,2021,Dry,4,4,23.1,26.93,75.2,0.6471151125415355,0.7616619860894204,-0.5599666706612965,-7.078085454597982,-13.68295235067478,False,4.97952
Bay,2021,Dry,5,5,92.7,28.34,77.48,0.6985860352055608,0.6040126396541149,-0.6143352480682652,-7.4152675203420975,-14.35622641606182,False,4.97952
Bay,2021,Dry,6,6,238.1,27.38,84.79,0.5536028445765672,0.4825699340271498,-0.4701287836605257,-7.150538206974378,-14.426383097852211,False,4.97952
Calauan,2021,Dry,1,1,188.9,24.78,83.13,0.530331956657851,0.48602520695356544,-0.47531615949679756,-6.661445886451479,-13.647753955358406,False,4.97402
Calauan,2021,Dry,2,2,151.9,24.82,82.88,0.7651602705917864,0.6464605151920031,-0.6759595337538069,-6.0101272409188145,-12.723299713036656,False,4.97402
Calauan,2021,Dry,3,3,113.6,26.06,82.7,0.7242958775088687,0.669936474132051,-0.6384058442803481,-6.582308378195633,-13.435497208034166,False,4.97402
Calauan,2021,Dry,4,4,25.5,26.92,76.62,0.6915693315853213,0.7092500964422633,-0.6039265191968761,-6.5877631997674495,-13.394176899880732,False,4.97402
Calauan,2021,Dry,5,5,73.9,28.39,78.26,0.745643415935916,0.6516895033207679,-0.6559012049286828,-6.764433716450374,-13.84239569634963,False,4.97402
Calauan,2021,Dry,6,6,299.9,27.53,85.28,0.6975173444592113,0.6236244756218957,-0.5951968602699563,-6.602366260377104,-13.879020502414756,False,4.97402
Cavinti,2021,Dry,1,1,298.9,22.47,90.07,,,,-7.23295404525751,-14.006595048155129,False,4.06041
Cavinti,2021,Dry,2,2,215.6,22.57,89.79,0.6976726762347966,0.5945713902110025,-0.5878940872336658,-6.734035389542639,-13.32333799199677,False,4.06041
Cavinti,2021,Dry,3,3,220.3,23.8,90.24,0.7018873007712022,0.5848712379723818,-0.5970628481256353,-7.374146323953705,-14.11244535508491,False,4.06041
Cavinti,2021,Dry,4,4,60.6,24.46,85.6,0.667798017661555,0.638966530484379,-0.5638698174295175,-7.292255492882149,-14.016911460458086,False,4.06041
Cavinti,2021,Dry,5,5,136.2,25.66,88.78,0.6997836068071782,0.6509584101173855,-0.5783483962023419,-7.3553274921453395,-14.242427499660133,False,4.06041
Cavinti,2021,Dry,6,6,337.7,25.53,88.88,0.791472584573131,0.6712039909702283,-0.6766492106241333,-7.4623216062925355,-14.215458331134212,False,4.06041
City of Biñan,2021,Dry,1,1,132.8,24.65,82.81,0.39290194421626057,0.30672534494711245,-0.3676254580883991,-5.5743043185755825,-12.717133289808421,False,4.49752
City of Biñan,2021,Dry,2,2,68.2,24.76,81.88,0.3966665688445398,0.2864658627182457,-0.3929707322030951,-5.046017005009339,-12.291214841288799,False,4.49752
City of Biñan,2021,Dry,3,3,56.8,26.33,80.0,0.0027854042699410825,0.02353874910737172,0.005040561027791619,-5.979853163015386,-13.080026689716117,False,4.49752
City of Biñan,2021,Dry,4,4,16.8,27.65,71.36,0.2987500508252336,0.24533077260064956,-0.30688244638332124,-6.009662343559429,-13.053133923758555,False,4.49752
City of Biñan,2021,Dry,5,5,80.9,28.73,75.01,0.29933199356085627,0.23290998747008582,-0.3246252062357637,-6.2101168047977735,-13.299319000619587,False,4.49752
City of Biñan,2021,Dry,6,6,269.4,27.46,82.7,0.3179530796131169,0.5571898328058301,-0.24092818554589382,-5.835763075367341,-12.92716296982625,False,4.49752
City of Cabuyao,2021,Dry,1,1,113.8,24.2,85.41,0.42141911743346744,0.3617735533475173,-0.3867220705186015,-5.663055661527771,-13.524237149623703,False,4.81305
City of Cabuyao,2021,Dry,2,2,76.6,24.31,84.6,0.5058202974729462,0.37245281439587846,-0.4759576068648479,-5.064815700094837,-12.876322443969626,False,4.81305
City of Cabuyao,2021,Dry,3,3,76.3,25.8,83.45,-0.001823360907120545,-0.0022605531803185715,0.013751504999020376,-6.13769183285891,-13.922431286195273,False,4.81305
City of Cabuyao,2021,Dry,4,4,16.6,27.11,74.34,0.4686455518713422,0.44596751296222165,-0.43610546779213644,-6.117770255086351,-13.885016147045457,False,4.81305
City of Cabuyao,2021,Dry,5,5,106.8,28.24,78.01,0.3660490645600679,0.28396601272022265,-0.3837380162032905,-6.285992176785783,-14.088507423277028,False,4.81305
City of Cabuyao,2021,Dry,6,6,261.1,27.27,83.31,0.36981410471364234,0.4433280462836821,-0.30094949823622313,-5.732685939985164,-13.72028273056998,False,4.81305
City of Calamba,2021,Dry,1,1,115.8,23.78,85.94,0.4577364669141679,0.4091603749081294,-0.4045381490499421,-6.639219135131624,-13.476580821332561,False,4.85753
City of Calamba,2021,Dry,2,2,80.8,23.93,84.86,0.5698829895393858,0.42573644559596324,-0.52640451400293,-5.942909983933257,-12.764779734719186,False,4.85753
City of Calamba,2021,Dry,3,3,81.1,25.37,83.82,0.6956737761337609,0.6783968058721151,-0.6075446385985315,-7.039965752752473,-13.915176287369992,False,4.85753
City of Calamba,2021,Dry,4,4,20.5,26.72,74.45,0.522056925669503,0.5004361145996669,-0.47922144353892454,-7.02799619649477,-13.865543346347813,False,4.85753
City of Calamba,2021,Dry,5,5,111.1,27.97,77.63,0.45232818739001374,0.3724085188809326,-0.4415992360465398,-7.072727651716531,-13.983353707109254,False,4.85753
City of Calamba,2021,Dry,6,6,222.3,27.1,82.56,0.47640243633501655,0.8101644253496119,-0.3796720196504031,-6.727830231452187,-13.679370358352159,False,4.85753
City of San Pablo,2021,Dry,1,1,162.0,24.43,84.69,,,,-6.450615413850951,-13.104011104988052,False,4.7899
City of San Pablo,2021,Dry,2,2,125.9,24.47,84.61,0.7467304823274588,0.6549514325224264,-0.6610366020536227,-5.98379602378159,-12.61335169482076,False,4.7899
City of San Pablo,2021,Dry,3,3,99.9,25.69,84.5,0.7166528102674682,0.6634284974753453,-0.6275541340777745,-6.63743363777965,-13.328524317415724,False,4.7899
City of San Pablo,2021,Dry,4,4,29.4,26.59,78.65,0.5948766880222233,0.5988153689727257,-0.5245921618012467,-6.811733764189541,-13.468991475825511,False,4.7899
City of San Pablo,2021,Dry,5,5,82.3,28.29,78.97,0.656613987657605,0.5408848102411761,-0.5950547229265487,-6.956445087652501,-13.717630236062043,False,4.7899
City of San Pablo,2021,Dry,6,6,186.0,27.37,84.11,0.7593456419748157,0.6692373888398094,-0.656615614341994,-6.743232255502275,-13.576086736312226,False,4.7899
City of Santa Rosa,2021,Dry,1,1,113.8,24.2,85.41,0.4664398714241084,0.37003395138949685,-0.431549545319566,-6.088867709615029,-13.30251286550847,False,4.63257
City of Santa Rosa,2021,Dry,2,2,76.6,24.31,84.6,0.4991030980341208,0.3676279042130349,-0.4720826073407498,-5.345241801942306,-12.59876438595901,False,4.63257
City of Santa Rosa,2021,Dry,3,3,76.3,25.8,83.45,0.007171641763956617,0.009998464850858518,0.007471749729510131,-6.577071481602096,-13.803744104068732,False,4.63257
City of Santa Rosa,2021,Dry,4,4,16.6,27.11,74.34,0.363864953736312,0.32794842063648044,-0.3647408354827401,-6.611280197355799,-13.832915790765897,False,4.63257
City of Santa Rosa,2021,Dry,5,5,106.8,28.24,78.01,0.3698702618493428,0.27534312096624913,-0.3865625914421231,-6.915076723640874,-14.153526989897403,False,4.63257
City of Santa Rosa,2021,Dry,6,6,261.1,27.27,83.31,0.34949695787401414,0.5500034501923123,-0.28796959449122195,-6.219826693373117,-13.503717725017355,False,4.63257
Famy,2021,Dry,1,1,165.9,24.34,86.07,0.4692820038084965,0.4108690874891212,-0.42282203831837273,-6.9797360541196625,-13.56503800176847,False,4.97491
Famy,2021,Dry,2,2,249.0,24.46,85.3,0.7104009467074134,0.6859797822631011,-0.6228618568737773,-6.559246401161797,-13.011412117338269,False,4.97491
Famy,2021,Dry,3,3,105.8,25.73,85.69,0.7925042099502032,0.6644171563219078,-0.6909060872821244,-7.061275811240526,-13.604247315593991,False,4.97491
Famy,2021,Dry,4,4,53.7,26.4,81.47,0.5916301829194822,0.5762133227934575,-0.5286006571108591,-6.995994148336285,-13.638081502409857,False,4.97491
Famy,2021,Dry,5,5,74.5,27.66,83.84,0.7484539877811056,0.6632547117418897,-0.6457130408803656,-7.154480828722915,-14.03707046823187,False,4.97491
Famy,2021,Dry,6,6,234.6,27.37,86.42,0.8403930695422727,0.7367290866887636,-0.7238806830826242,-7.157830901444583,-13.941448043101007,False,4.97491
Kalayaan,2021,Dry,1,1,322.4,22.57,90.56,,,,-7.3218552194891044,-13.891842116108373,False,4.24961
Kalayaan,2021,Dry,2,2,224.1,22.68,89.99,0.7264531402282146,0.6033484227378565,-0.6232963893439206,-6.809373665870767,-13.192428704915281,False,4.24961
Kalayaan,2021,Dry,3,3,238.0,23.86,90.92,0.7638309966232305,0.6197478837771643,-0.6528937240297992,-7.291947871910759,-13.922146583071662,False,4.24961
Kalayaan,2021,Dry,4,4,82.8,24.52,86.06,0.7099877732931794,0.6673281796275814,-0.6043552747963405,-7.166926389226326,-13.845256572783384,False,4.24961
Kalayaan,2021,Dry,5,5,174.7,25.74,89.6,0.7702630878641201,0.7408651601598939,-0.6349490140210806,-7.264417826642567,-14.05218925430406,False,4.24961
Kalayaan,2021,Dry,6,6,299.5,25.75,89.37,0.7814486034716946,0.6358326758281404,-0.6720917817143455,-7.367993281359849,-13.912782747621371,False,4.24961
Liliw,2021,Dry,1,1,218.7,23.2,86.15,,,,-6.589275269341002,-13.427086311187248,False,4.85263
Liliw,2021,Dry,2,2,177.5,23.29,85.31,0.7562609964077965,0.6782634108943797,-0.6670292367170619,-6.182147087139263,-12.871077313413952,False,4.85263
Liliw,2021,Dry,3,3,162.5,24.59,85.03,0.7767969115182063,0.6073306984576018,-0.6823550573680408,-6.729903010724024,-13.531907083233829,False,4.85263
Liliw,2021,Dry,4,4,35.7,25.28,80.54,0.6703243833914867,0.6717442352741616,-0.5851591749869952,-6.7413095964863405,-13.546374079991992,False,4.85263
Liliw,2021,Dry,5,5,75.5,26.7,81.74,0.6369763245467083,0.6052247134122621,-0.5621205449465531,-6.846362903080437,-13.869458218182926,False,4.85263
Liliw,2021,Dry,6,6,375.9,26.07,86.01,0.7635260620140524,0.664714796678381,-0.6612632358682328,-6.759786502794198,-13.736446430096654,False,4.85263
Los Baños,2021,Dry,1,1,134.9,23.4,83.51,-0.01575110358230415,0.14352253518466443,0.04944975079879876,-6.362331261585842,-13.09044271961279,False,4.44788
Los Baños,2021,Dry,2,2,119.1,23.48,83.28,0.7111732260601863,0.5480245432622332,-0.6360172087972924,-5.874584420581495,-12.530215738099724,False,4.44788
Los Baños,2021,Dry,3,3,93.6,24.77,82.9,0.6727801629692558,0.5965315351422835,-0.5969244552681096,-6.439844089343473,-13.197473798392254,False,4.44788
Los Baños,2021,Dry,4,4,23.1,25.87,75.03,0.6633837073128468,0.7369820782763579,-0.5744223890256239,-6.423378036733621,-13.13876699912906,False,4.44788
Los Baños,2021,Dry,5,5,92.7,27.29,77.34,0.7466352384995987,0.6551859890856704,-0.6528463406858239,-6.508849750015602,-13.342608919554548,False,4.44788
Los Baños,2021,Dry,6,6,238.1,26.32,84.69,0.7053640827195187,0.7532527075480812,-0.6012539991642181,-6.442593497902385,-13.256701433318538,False,4.44788
Luisiana,2021,Dry,1,1,389.9,21.65,91.68,,,,-6.607299493878851,-13.449213074378449,False,3.92225
Luisiana,2021,Dry,2,2,277.6,21.74,91.19,0.7980866856407974,0.6327047902075095,-0.6979663976015056,-6.088146112246364,-12.802087742567657,False,3.92225
Luisiana,2021,Dry,3,3,261.1,22.98,91.42,0.5750541614955033,0.5824181154110523,-0.5040105621102634,-6.703528211892431,-13.575046498905149,False,3.92225
Luisiana,2021,Dry,4,4,61.4,23.57,87.48,0.644620749730803,0.7337875858471562,-0.5378978591789805,-6.619549572778723,-13.458603131005745,False,3.92225
Luisiana,2021,Dry,5,5,133.5,24.82,89.54,0.7910223665446561,0.7157098204076224,-0.6752234481416994,-6.693577320938519,-13.721530241588944,False,3.92225
Luisiana,2021,Dry,6,6,351.6,24.72,89.08,0.804741624962044,0.6860815315977039,-0.6915592087188388,-6.7861041764660435,-13.661610664936354,False,3.92225
Lumban,2021,Dry,1,1,322.4,22.57,90.56,,,,-7.901037060222592,-14.666807728794474,False,4.97619
Lumban,2021,Dry,2,2,224.1,22.68,89.99,0.6960373054140372,0.6002781664407154,-0.5888223962249506,-7.496032647581146,-13.762221622783276,False,4.97619
Lumban,2021,Dry,3,3,238.0,23.86,90.92,0.684476322848076,0.5598022221548467,-0.5820344419365349,-7.851273388753454,-14.54401638746237,False,4.97619
Lumban,2021,Dry,4,4,82.8,24.52,86.06,0.6297052534066458,0.5763680200876504,-0.5346319978811067,-7.516097826843827,-14.300968452449071,False,4.97619
Lumban,2021,Dry,5,5,174.7,25.74,89.6,0.6334725507845982,0.6213933100242935,-0.5257217567106571,-7.929366346115523,-14.6093498842621,False,4.97619
Lumban,2021,Dry,6,6,299.5,25.75,89.37,0.7820611463233188,0.6696304445306548,-0.6682870110373895,-7.788322954800673,-14.291580628438172,False,4.97619
Mabitac,2021,Dry,1,1,103.1,24.58,81.13,0.7253628188619085,0.40814687978170505,-0.6389366220821873,-8.422664545919483,-15.71724022769999,False,5.02629
Mabitac,2021,Dry,2,2,139.7,24.65,80.71,0.6392124052011361,0.5947924084649705,-0.551977918164524,-7.959471776697775,-14.564525411116813,False,5.02629
Mabitac,2021,Dry,3,3,69.8,26.03,80.42,0.625828603137591,0.5320581389174164,-0.5444096782410526,-8.160938969449578,-15.012542951796467,False,5.02629
Mabitac,2021,Dry,4,4,36.0,26.71,76.44,0.7180615260519524,0.6139250354402189,-0.6293504872595272,-8.077643349103246,-14.896622268741504,False,5.02629
Mabitac,2021,Dry,5,5,50.3,28.17,77.35,0.6654919231136966,0.5868723249297251,-0.5791492288284836,-8.289564540216563,-15.047148846726092,False,5.02629
Mabitac,2021,Dry,6,6,221.8,27.4,83.74,0.4055669559190584,0.3011476180807348,-0.3644852795732382,-7.794019747386954,-14.644363672744042,False,5.02629
Magdalena,2021,Dry,1,1,184.6,24.74,84.1,,,,-6.870439216566237,-13.700666561819233,False,4.83783
Magdalena,2021,Dry,2,2,161.6,24.86,83.55,0.6868622601412218,0.6617169797991227,-0.595116437028642,-6.232184840257276,-12.874087259849565,False,4.83783
Magdalena,2021,Dry,3,3,143.0,26.17,83.32,0.7012347719175234,0.5679147365984508,-0.6212147709596606,-7.064240949126461,-13.899867544620742,False,4.83783
Magdalena,2021,Dry,4,4,34.2,26.91,78.34,0.606412087836808,0.5773862557261069,-0.546612364153067,-7.050852070213444,-13.915393811913942,False,4.83783
Magdalena,2021,Dry,5,5,75.3,28.2,80.57,0.6312176636424506,0.5251781199311882,-0.5723126908670924,-7.489277586773513,-14.644099981015941,False,4.83783
Magdalena,2021,Dry,6,6,320.7,27.6,85.21,0.7683785424441464,0.6890248093990877,-0.6627443232942611,-6.969435411072664,-14.067766752196576,False,4.83783
Majayjay,2021,Dry,1,1,389.9,22.61,91.74,,,,-6.682550867943302,-13.491405983431443,False,4.48717
Majayjay,2021,Dry,2,2,277.6,22.69,91.25,0.7663603582177497,0.6436264576639149,-0.6738976087544092,-6.264682248588374,-12.936446867108515,False,4.48717
Majayjay,2021,Dry,3,3,261.1,23.92,91.48,0.7022972009668339,0.6095853932578366,-0.6142657887736023,-6.932128100655503,-13.639502956968325,False,4.48717
Majayjay,2021,Dry,4,4,61.4,24.53,87.55,0.7023443227046062,0.7177729101021579,-0.6062389185445581,-6.878627544418817,-13.618105368617472,False,4.48717
Majayjay,2021,Dry,5,5,133.5,25.78,89.61,0.7405710107920097,0.7261647686993705,-0.642349508100917,-6.930773748144432,-13.907889288683613,False,4.48717
Majayjay,2021,Dry,6,6,351.6,25.68,89.16,0.755445225277895,0.6805908098940042,-0.6516213612478551,-6.952612413449494,-13.82150629724813,False,4.48717
Nagcarlan,2021,Dry,1,1,218.7,23.2,86.15,,,,-6.248376750420786,-13.162349998512743,False,4.607
Nagcarlan,2021,Dry,2,2,177.5,23.29,85.31,0.801790671179689,0.7295923225500321,-0.705687224890297,-5.79654428077524,-12.671522395503423,False,4.607
Nagcarlan,2021,Dry,3,3,162.5,24.59,85.03,0.7734294457272074,0.6335029943834237,-0.6812050752339605,-6.249478620153865,-13.24065930691576,False,4.607
Nagcarlan,2021,Dry,4,4,35.7,25.28,80.54,0.6981790342422051,0.713616380664165,-0.6063218095531275,-6.241924526701815,-13.287545160260748,False,4.607
Nagcarlan,2021,Dry,5,5,75.5,26.7,81.74,0.7636457900227744,0.705323595520623,-0.6662391951284728,-6.300370052062822,-13.388489292324772,False,4.607
Nagcarlan,2021,Dry,6,6,375.9,26.07,86.01,0.7769142761605369,0.7316588490507482,-0.672587056730334,-6.263390266273626,-13.362140855769672,False,4.607
Paete,2021,Dry,1,1,411.5,21.7,91.54,,,,-6.777836603164486,-13.25005299866517,False,4.54844
Paete,2021,Dry,2,2,450.5,21.78,90.93,0.7612402357046599,0.6737236886131275,-0.6565958130388145,-6.280723245728036,-12.695483668001012,False,4.54844
Paete,2021,Dry,3,3,273.0,22.93,92.15,0.8015216523202235,0.6493674757868138,-0.6866025532039141,-6.659660342728587,-13.321320530216655,False,4.54844
Paete,2021,Dry,4,4,92.4,23.59,87.15,0.7274414046258458,0.6630185674883939,-0.6190338906739326,-6.556195707538262,-13.13253881009793,False,4.54844
Paete,2021,Dry,5,5,193.3,24.72,91.04,0.8283613852289019,0.7825237630466085,-0.6928319263392363,-6.719894238741488,-13.510334648174311,False,4.54844
Paete,2021,Dry,6,6,248.0,25.06,88.2,0.8373803725744862,0.7119735333396648,-0.712377520576751,-6.7875284219208725,-13.29818052189826,False,4.54844
Pagsanjan,2021,Dry,1,1,184.6,24.97,84.12,,,,-6.84346913817471,-14.245370672786915,False,5.09942
Pagsanjan,2021,Dry,2,2,161.6,25.09,83.56,0.6744711535761907,0.6221647431501525,-0.5869325359271486,-6.496994629904187,-13.315885106403433,False,5.09942
Pagsanjan,2021,Dry,3,3,143.0,26.39,83.33,0.6826089177437442,0.5638445585553425,-0.5992007251317828,-7.249813414408026,-14.173564516744813,False,5.09942
Pagsanjan,2021,Dry,4,4,34.2,27.15,78.37,0.5796601162752323,0.5386285636117237,-0.5261129708037968,-7.020250683938073,-13.991451437332715,False,5.09942
Pagsanjan,2021,Dry,5,5,75.3,28.44,80.6,0.6273206077756917,0.5528098174038683,-0.557969170543604,-7.2653451355906995,-14.649966762038545,False,5.09942
Pagsanjan,2021,Dry,6,6,320.7,27.83,85.23,0.7036843366302586,0.661873817876612,-0.6124499618875124,-7.008236628791246,-14.430957143068568,False,5.09942
Pakil,2021,Dry,1,1,90.5,25.58,78.22,0.5641772550501694,0.42219837535199434,-0.50392079121775,-7.011001038643774,-13.637766194641578,False,4.47897
Pakil,2021,Dry,2,2,126.9,25.66,77.73,0.7589487567720788,0.635691187735442,-0.6642692524375207,-6.570183700289298,-13.079204112849991,False,4.47897
Pakil,2021,Dry,3,3,59.7,27.1,76.69,0.7806454814346145,0.6531585636385693,-0.6729278248817934,-6.8460444623135865,-13.751714776082515,False,4.47897
Pakil,2021,Dry,4,4,33.8,27.85,72.17,0.7592762019343245,0.6462326527423696,-0.6549573668737815,-6.9822995375000705,-13.652133433541502,False,4.47897
Pakil,2021,Dry,5,5,56.5,29.13,73.84,0.7645960285250931,0.6803052617031878,-0.6583867211832827,-7.152634442197496,-13.861271540935519,False,4.47897
Pakil,2021,Dry,6,6,159.6,28.55,77.93,0.8363713346955303,0.706313834553325,-0.7131245524232865,-6.955113674630744,-13.577756982114852,False,4.47897
Pangil,2021,Dry,1,1,330.1,22.41,90.37,0.43940700648224895,0.3762981947282291,-0.3871926377627261,-7.240617948125025,-13.924187159726623,False,4.90738
Pangil,2021,Dry,2,2,463.3,22.49,89.89,0.7062520526559353,0.6596169245900461,-0.6067493179909801,-6.840887800722627,-13.37765241051971,False,4.90738
Pangil,2021,Dry,3,3,230.5,23.65,90.9,0.7365040385792065,0.6224973456162264,-0.6319093575764837,-7.138692389427246,-13.911016374923442,False,4.90738
Pangil,2021,Dry,4,4,89.5,24.27,86.83,0.7135405018189208,0.620469541907054,-0.6124668257395108,-7.173239769148817,-13.736062770872557,False,4.90738
Pangil,2021,Dry,5,5,165.9,25.41,90.08,0.8020085927325853,0.725450823793918,-0.6768289876135358,-7.191611635778042,-13.93888344983215,False,4.90738
Pangil,2021,Dry,6,6,223.6,25.73,87.83,0.7713223754778651,0.6500605370005055,-0.6634131483186654,-7.116384827221908,-13.778428051295972,False,4.90738
Pila,2021,Dry,1,1,151.8,25.3,81.21,,,,-8.24426570197326,-15.970312130844045,False,5.16442
Pila,2021,Dry,2,2,139.8,25.38,80.71,0.6752539360586826,0.5030277529046566,-0.5958977999665288,-7.832472691273673,-14.417892804742156,False,5.16442
Pila,2021,Dry,3,3,108.1,26.69,80.49,0.5632003530796696,0.435429758485841,-0.5181884692018541,-7.729278244595837,-14.66747231269487,False,5.16442
Pila,2021,Dry,4,4,27.1,27.49,75.27,0.4693203610934894,0.38187731897064064,-0.4425771975175891,-7.724195568284573,-14.704489531200204,False,5.16442
Pila,2021,Dry,5,5,70.1,28.8,77.55,0.5186829778989842,0.43020542216054775,-0.473100660501337,-7.910189863785607,-15.327771505608002,False,5.16442
Pila,2021,Dry,6,6,284.1,27.94,85.36,0.714608827033985,0.5774165648415628,-0.6124152916526648,-7.760673966454837,-15.780735007861011,False,5.16442
Rizal,2021,Dry,1,1,177.9,22.78,86.74,,,,-6.456043244419423,-13.191910250592315,False,4.77632
Rizal,2021,Dry,2,2,150.4,22.85,86.39,0.7036519569456575,0.7091958871185784,-0.6085083300024273,-6.049357877753066,-12.759721024595745,False,4.77632
Rizal,2021,Dry,3,3,136.3,24.12,86.09,0.7691124199299721,0.6581533965483791,-0.6720316764041693,-6.5133740554921635,-13.30608290421437,False,4.77632
Rizal,2021,Dry,4,4,36.9,24.81,81.78,0.6462744106797933,0.817583040589966,-0.5439432175294595,-6.54260662721642,-13.431856053790169,False,4.77632
Rizal,2021,Dry,5,5,81.6,26.43,81.89,0.7549041628689985,0.6865873492647326,-0.6554566071736188,-6.547002458561476,-13.431503365355304,False,4.77632
Rizal,2021,Dry,6,6,271.3,25.68,85.76,0.796595584265601,0.7696567659031077,-0.685365466142114,-6.549255008158658,-13.432952964024343,False,4.77632
Santa Cruz,2021,Dry,1,1,151.8,25.11,81.18,,,,-7.340304335210042,-14.905461169746632,False,5.04536
Santa Cruz,2021,Dry,2,2,139.8,25.19,80.68,0.45542701341870573,0.38627316416586577,-0.4037388475118607,-7.3873173908987955,-14.359129831889623,False,5.04536
Santa Cruz,2021,Dry,3,3,108.1,26.51,80.46,0.5503917810758052,0.4085434280790356,-0.4903856466936359,-7.586983060493862,-15.08265328761737,False,5.04536
Santa Cruz,2021,Dry,4,4,27.1,27.31,75.24,0.5195741682938562,0.4323093445152358,-0.46972375895897234,-7.472588684247623,-14.746177832803538,False,5.04536
Santa Cruz,2021,Dry,5,5,70.1,28.61,77.52,0.6051192788113784,0.5475113936011866,-0.5258203245044095,-7.7508325703256205,-14.831513626888194,False,5.04536
Santa Cruz,2021,Dry,6,6,284.1,27.76,85.34,-0.014825072625706742,-0.040580336778315136,0.025919463676080907,-7.172682440360562,-14.395953817615915,False,5.04536
Santa Maria,2021,Dry,1,1,137.5,24.4,84.16,0.46453981619762186,0.46772304529851083,-0.42279047438178985,-7.147034850456883,-13.840139389957008,False,5.0708
Santa Maria,2021,Dry,2,2,253.6,24.5,83.44,0.7340279826015293,0.632394100102545,-0.6518280817892129,-6.644322903037201,-13.058125040584077,False,5.0708
Santa Maria,2021,Dry,3,3,74.2,25.88,83.18,0.7820770344642349,0.6473283035486223,-0.6935621787387711,-7.192749186041966,-13.910129190333087,False,5.0708
Santa Maria,2021,Dry,4,4,51.6,26.55,79.04,0.6652071212830551,0.7794048928747337,-0.5590414936097721,-7.180547287892842,-13.924066425307624,False,5.0708
Santa Maria,2021,Dry,5,5,56.3,27.89,81.14,0.797376438760259,0.6982130675534459,-0.6899735828994633,-7.346394507501384,-14.317949504387732,False,5.0708
Santa Maria,2021,Dry,6,6,225.1,27.29,85.55,0.7851659041543465,0.6862196005552557,-0.6798033637418387,-7.242535338484007,-14.172723764637839,False,5.0708
Siniloan,2021,Dry,1,1,242.5,22.44,89.21,0.3834991382250708,0.43994385617019793,-0.3464495667514556,-7.251472541524338,-13.900755152403908,False,4.99914
Siniloan,2021,Dry,2,2,402.3,22.55,88.45,0.7109403031160793,0.6807129800627504,-0.6178577390932353,-6.791779891212907,-13.245935873928609,False,4.99914
Siniloan,2021,Dry,3,3,148.0,23.78,89.42,0.7414333175501007,0.6296995520836214,-0.6426526295296876,-7.1478031324366285,-13.755058038731171,False,4.99914
Siniloan,2021,Dry,4,4,75.6,24.39,85.38,0.6447741855615704,0.6224309552844757,-0.5705570962841993,-7.065724671842321,-13.696388020203853,False,4.99914
Siniloan,2021,Dry,5,5,121.9,25.56,88.45,0.7736684770739268,0.6779581882125851,-0.6617368557894272,-7.09882384082442,-13.932866045895071,False,4.99914
Siniloan,2021,Dry,6,6,238.6,25.66,87.27,0.837896854385266,0.6868764268020074,-0.7174944384060731,-7.122680361199559,-13.797111913869784,False,4.99914
Victoria,2021,Dry,1,1,151.8,25.3,81.21,,,,-9.25101058469796,-17.16150975676735,False,5.07151
Victoria,2021,Dry,2,2,139.8,25.38,80.71,0.6392986012705681,0.4859430816157521,-0.5575966575113647,-8.836800927651723,-15.264979748275497,False,5.07151
Victoria,2021,Dry,3,3,108.1,26.69,80.49,0.5227594336629962,0.4343151298365818,-0.4898854570001229,-8.187665762171147,-15.31266388533667,False,5.07151
Victoria,2021,Dry,4,4,27.1,27.49,75.27,0.4466516018862456,0.37837219244276993,-0.4131444800021095,-8.322212272368331,-15.384313597367484,False,5.07151
Victoria,2021,Dry,5,5,70.1,28.8,77.55,0.4629791920728558,0.3708796623947199,-0.42409472443818913,-8.578191268746265,-16.025653400895834,False,5.07151
Victoria,2021,Dry,6,6,284.1,27.94,85.36,0.4981416874854702,0.3734499043177454,-0.4302243952861617,-8.34606532273494,-16.405757394522812,False,5.07151
Alaminos,2021,Wet,1,7,327.1,25.89,88.45,0.7486815956946091,0.9915189992872623,-0.6362762222003491,-5.910704311353645,-12.746198993079705,False,4.23185
Alaminos,2021,Wet,2,8,205.5,25.98,86.93,0.6361036354631888,0.7646266613888931,-0.530023842815339,-5.614989643920776,-12.752917564834345,False,4.23185
Alaminos,2021,Wet,3,9,455.5,25.48,90.27,0.8071628525736954,0.7107198462705431,-0.7047732322229002,-6.272769651215228,-13.046251137385525,False,4.23185
Alaminos,2021,Wet,4,10,296.8,25.38,88.06,0.6316126457425763,0.6781455334276012,-0.5651314320816666,-6.120303174148847,-13.075361436954033,False,4.23185
Alaminos,2021,Wet,5,11,95.9,25.68,84.72,0.7367480253156328,0.7075023095948861,-0.6574742224914906,-6.070062044658641,-12.956424373604355,False,4.23185
Alaminos,2021,Wet,6,12,103.1,24.17,83.12,0.7940976776755119,0.6528340074547699,-0.7077088879361297,-6.054530414844651,-12.96817062460058,False,4.23185
Bay,2021,Wet,1,7,355.0,26.68,87.91,-0.056655098450724445,0.26296828230043773,0.09722738392382879,-6.849607529798897,-13.86353359469834,False,4.25719
Bay,2021,Wet,2,8,260.0,26.72,86.78,0.6041728084724253,0.4520990735389347,-0.5056948590181586,-6.770850548076995,-13.655737046083713,False,4.25719
Bay,2021,Wet,3,9,416.4,26.27,90.09,0.6630088930955994,0.5512107822285933,-0.5718579808870741,-6.938058036610857,-13.547194255265543,False,4.25719
Bay,2021,Wet,4,10,253.0,26.14,87.23,0.43371940309817003,0.5170534111381403,-0.3797183100140274,-6.5378058569678235,-13.388714337520188,False,4.25719
Bay,2021,Wet,5,11,93.8,26.49,82.37,-0.14089664408896607,0.30024715597012447,0.2682288650868704,-7.122877072836885,-14.163860883655962,False,4.25719
Bay,2021,Wet,6,12,110.9,25.02,80.66,0.7466006170222913,0.5840035526383837,-0.6670916449811838,-6.852952157461635,-14.510776647848747,False,4.25719
Calauan,2021,Wet,1,7,395.5,26.93,87.58,-0.007943074997528445,-1.2835039236202002,0.05356129535001136,-6.260443547144945,-13.264347791417984,False,4.17649
Calauan,2021,Wet,2,8,254.7,27.0,86.47,0.65824107752874,0.5188821480087549,-0.548423638862029,-6.404239266973417,-13.260955094094836,False,4.17649
Calauan,2021,Wet,3,9,444.0,26.59,89.28,0.7366612653195133,0.6751081564569668,-0.635483449831088,-6.526679321672031,-13.331447027116498,False,4.17649
Calauan,2021,Wet,4,10,235.1,26.49,86.54,0.679079774904777,0.645001026630815,-0.5990893226856839,-6.436195558937235,-13.22955317856327,False,4.17649
Calauan,2021,Wet,5,11,79.6,26.73,82.46,-0.032701922437319425,0.1742420276770225,0.10478012091838398,-6.328937307959512,-13.385919195416674,False,4.17649
Calauan,2021,Wet,6,12,120.9,25.25,80.82,0.8142187197870251,0.6841744574130791,-0.7231458824401863,-6.556890147115609,-13.689792314224377,False,4.17649
Cavinti,2021,Wet,1,7,436.9,24.93,91.79,0.6430411516055673,0.7673786886008891,-0.5271892810486796,-7.03744088484906,-13.713851455410273,False,3.4107
Cavinti,2021,Wet,2,8,257.0,25.15,89.13,0.7607299685918357,0.662270573263717,-0.6510524503530616,-7.11033915183266,-13.971634410369001,False,3.4107
Cavinti,2021,Wet,3,9,421.4,24.7,92.17,0.7593156740788934,0.6433193406982403,-0.6428459824778753,-7.371124840577239,-14.144263808397026,False,3.4107
Cavinti,2021,Wet,4,10,272.1,24.35,91.19,0.7547543787508001,0.5895394474399872,-0.6441678641858133,-7.203885152502137,-13.99305765398387,False,3.4107
Cavinti,2021,Wet,5,11,164.1,24.13,91.51,,,,-6.881599353007727,-13.602420553312916,False,3.4107
Cavinti,2021,Wet,6,12,288.3,22.63,90.06,0.7625273284741638,0.5900563589096404,-0.658470390181079,-7.2536380481814735,-13.894441243322376,False,3.4107
City of Biñan,2021,Wet,1,7,273.5,26.94,85.3,0.5681064283011587,0.6312001027498304,-0.48824258266296405,-4.605887022203873,-11.936581045111044,False,4.18499
City of Biñan,2021,Wet,2,8,250.0,26.91,85.03,0.08866027976631213,1.610042652297521,-0.0393250912310439,-6.061455463435493,-12.037819572945905,False,4.18499
City of Biñan,2021,Wet,3,9,446.1,26.45,88.34,0.4391326346089244,0.3221592692484701,-0.4167769325341869,-5.504348667093287,-12.518468768825796,False,4.18499
City of Biñan,2021,Wet,4,10,234.3,26.31,86.36,0.43553167545547683,0.31314455039853384,-0.42123361114431357,-6.106964683115206,-11.988515940677525,False,4.18499
City of Biñan,2021,Wet,5,11,64.5,26.93,80.16,0.0005574752022525417,-0.009576039328266167,0.01930646058619233,-4.9955996272902174,-12.29339322788801,False,4.18499
City of Biñan,2021,Wet,6,12,78.5,25.55,77.37,0.3872951884086655,0.28400227676074835,-0.3792758368459063,-6.132915575863679,-12.040134771227907,False,4.18499
City of Cabuyao,2021,Wet,1,7,314.7,26.68,86.49,0.4341297113815322,0.45285964917727045,-0.3940520674942549,-4.949453208716376,-13.121806291844084,False,4.10594
City of Cabuyao,2021,Wet,2,8,248.9,26.56,86.84,0.43914430694425893,0.435982274448406,-0.37849149428811313,-6.867128845629249,-12.746689456270378,False,4.10594
City of Cabuyao,2021,Wet,3,9,395.8,26.16,89.41,0.5471094824804306,0.41699637672662254,-0.5015051705190168,-5.884937430828833,-13.57431340073421,False,4.10594
City of Cabuyao,2021,Wet,4,10,234.5,25.94,87.93,0.4768675306134362,0.3706648821901397,-0.44960443362346547,-6.665610136007441,-12.48058407539629,False,4.10594
City of Cabuyao,2021,Wet,5,11,64.6,26.37,83.82,0.6766124944752177,0.5861073062011669,-0.596904462949694,-4.966553313839861,-12.992508500584401,False,4.10594
City of Cabuyao,2021,Wet,6,12,97.0,24.97,81.23,0.5024754644997775,0.3606875218837001,-0.4770756607226556,-6.791962829738626,-12.648911906636249,False,4.10594
City of Calamba,2021,Wet,1,7,274.1,26.38,86.39,0.5315010261313473,0.5817549106426405,-0.4521344515818861,-5.886625720937993,-12.843701595238889,False,4.11526
City of Calamba,2021,Wet,2,8,186.3,26.3,86.73,0.5256060372956737,0.5807031453302486,-0.45422373243571745,-6.641075547280189,-13.00072140623951,False,4.11526
City of Calamba,2021,Wet,3,9,404.8,25.85,89.63,0.6112436796214287,0.4684395393297528,-0.5529491160685007,-6.748972434465593,-13.552183288785674,False,4.11526
City of Calamba,2021,Wet,4,10,218.2,25.59,88.04,0.5783789636358325,0.45464301511853583,-0.5301261930217421,-6.853684089462524,-13.107325489411625,False,4.11526
City of Calamba,2021,Wet,5,11,64.4,25.87,84.92,0.5486032855692201,0.4492240912780875,-0.5055091112568753,-5.808117959907238,-12.766984279646886,False,4.11526
City of Calamba,2021,Wet,6,12,90.1,24.44,82.5,0.5979483241019774,0.4424927401953873,-0.5530577995259898,-6.866120408599306,-13.060225134680824,False,4.11526
City of San Pablo,2021,Wet,1,7,352.0,26.6,88.49,0.8002808835077523,0.9151121133947273,-0.686568047221071,-6.0878377794412115,-12.860331966453469,False,4.15909
City of San Pablo,2021,Wet,2,8,210.4,26.66,87.37,0.6198132680750718,0.7358579794617098,-0.5239553717251892,-6.364912479758307,-13.136485590564345,False,4.15909
City of San Pablo,2021,Wet,3,9,426.8,26.29,89.88,0.7607242207473617,0.7261071625628618,-0.6620580143522103,-6.45657849856055,-13.098213204189221,False,4.15909
City of San Pablo,2021,Wet,4,10,261.2,26.13,87.89,0.7323220629727842,0.5963215607819549,-0.6469331279298353,-6.7222108633805435,-13.223261337465447,False,4.15909
City of San Pablo,2021,Wet,5,11,93.5,26.38,84.59,,,,-6.211580586062265,-12.917542111600381,False,4.15909
City of San Pablo,2021,Wet,6,12,124.1,24.9,82.89,0.7960338068230915,0.6299665173420397,-0.7059484538895224,-6.617609923349505,-13.148225126649393,False,4.15909
City of Santa Rosa,2021,Wet,1,7,314.7,26.68,86.49,0.619610158972522,0.5829635080817906,-0.5298720278994131,-5.157795175515046,-12.565112460091258,False,4.05038
City of Santa Rosa,2021,Wet,2,8,248.9,26.56,86.84,0.5482120097938479,0.5802569059371531,-0.47318483091713637,-6.6435719984067285,-12.728835477620205,False,4.05038
City of Santa Rosa,2021,Wet,3,9,395.8,26.16,89.41,0.5296289010531138,0.3943769296175745,-0.49027568968248153,-5.988431960361706,-13.184482709793048,False,4.05038
City of Santa Rosa,2021,Wet,4,10,234.5,25.94,87.93,0.5042670511153348,0.37277169339141814,-0.47732488742364704,-6.642372755641098,-12.704219934469895,False,4.05038
City of Santa Rosa,2021,Wet,5,11,64.6,26.37,83.82,-0.008053770027389487,-0.041883449988173595,0.027112417237700078,-5.427393069503276,-12.757103145590175,False,4.05038
City of Santa Rosa,2021,Wet,6,12,97.0,24.97,81.23,0.4915907029375258,0.397157794778045,-0.47249266425305286,-6.684547934594717,-12.692776608279367,False,4.05038
Famy,2021,Wet,1,7,425.7,26.6,90.11,0.7261065675076882,0.6527530725662306,-0.6149392353672141,-6.496909581022887,-13.208640391300518,False,4.22728
Famy,2021,Wet,2,8,253.5,26.79,88.35,0.7709645379176555,0.688605517926168,-0.6617819580067967,-6.944655381737419,-13.767649843497034,False,4.22728
Famy,2021,Wet,3,9,397.3,26.54,89.39,0.6276726552542481,0.7584724689785953,-0.5185571677673135,-6.862841769496532,-13.537410282532536,False,4.22728
Famy,2021,Wet,4,10,222.0,26.25,87.68,0.768333406604314,0.6381849919413827,-0.6791491216414636,-6.79401778589445,-13.486357936390826,False,4.22728
Famy,2021,Wet,5,11,98.4,26.08,87.08,0.8271831379025093,0.7146569973055045,-0.7234176647757778,-6.359405643233942,-13.127058104616614,False,4.22728
Famy,2021,Wet,6,12,236.1,24.56,85.24,0.8368554576865463,0.6611918390317647,-0.7362629740434942,-6.841935296452184,-13.55855713803937,False,4.22728
Kalayaan,2021,Wet,1,7,529.1,24.95,93.38,0.21354415321512174,0.39161445130059913,-0.13361425890160772,-6.820258238904869,-13.474526537662468,False,3.68819
Kalayaan,2021,Wet,2,8,352.6,25.24,90.45,0.725394176837755,0.6247143982688892,-0.6132246465399219,-7.110338986561069,-13.950129312019541,False,3.68819
Kalayaan,2021,Wet,3,9,479.3,24.79,93.28,0.7853714655801456,0.6677951008785885,-0.6667794545685023,-7.27282968212422,-13.862101416752065,False,3.68819
Kalayaan,2021,Wet,4,10,322.3,24.42,92.16,0.7622577148950235,0.643501340011695,-0.6552918588457577,-7.317552133048259,-13.98866565752391,False,3.68819
Kalayaan,2021,Wet,5,11,188.0,24.18,91.99,,,,-6.886283130590594,-13.503037942551085,False,3.68819
Kalayaan,2021,Wet,6,12,350.3,22.73,90.28,0.7263610780313315,0.6170433651711192,-0.6281829536167336,-7.366458138505198,-14.011381210856722,False,3.68819
Liliw,2021,Wet,1,7,424.6,25.47,88.99,,,,-6.370280906190417,-13.094069788393348,False,4.2099
Liliw,2021,Wet,2,8,330.1,25.58,87.11,0.7218645438161787,0.6028972900053662,-0.6254910772162302,-6.613015709689654,-13.382049463322272,False,4.2099
Liliw,2021,Wet,3,9,406.0,25.28,89.16,0.7904181855178467,0.6881137177378912,-0.6879127519982025,-6.6539906145185075,-13.424087070184479,False,4.2099
Liliw,2021,Wet,4,10,198.9,25.04,87.64,0.7692986506434382,0.6654522832289563,-0.6775148924297938,-6.564493789528015,-13.261703259920413,False,4.2099
Liliw,2021,Wet,5,11,93.9,25.04,86.44,,,,-6.028246751471001,-12.919774342397664,False,4.2099
Liliw,2021,Wet,6,12,164.4,23.49,85.23,0.8159494144012674,0.5799934287237034,-0.7279862595410962,-6.529523694123741,-13.280678314431649,False,4.2099
Los Baños,2021,Wet,1,7,355.0,25.62,87.83,-0.05266842257742153,0.3070827609278972,0.0892472520269727,-6.186029501946005,-12.723881095323405,False,3.90832
Los Baños,2021,Wet,2,8,260.0,25.67,86.69,0.5691811115828586,0.4927740866608719,-0.49231718118856205,-6.19738272303718,-13.076480301032403,False,3.90832
Los Baños,2021,Wet,3,9,416.4,25.21,90.0,0.704256032640624,0.6199861559854298,-0.6168245732241837,-6.438180753603953,-13.191851165376622,False,3.90832
Los Baños,2021,Wet,4,10,253.0,25.08,87.12,0.48629123203861163,0.4304574489708627,-0.4394648010292875,-6.286823378349632,-13.075301748424371,False,3.90832
Los Baños,2021,Wet,5,11,93.8,25.43,82.24,0.44283318617159395,0.4707736418828436,-0.39033344742797677,-6.021091889517048,-12.931794676069748,False,3.90832
Los Baños,2021,Wet,6,12,110.9,23.96,80.54,0.7242624056168746,0.5608652332179123,-0.6542284345802722,-6.051759225560474,-12.88048936725284,False,3.90832
Luisiana,2021,Wet,1,7,415.7,24.16,92.35,0.8107595345300227,0.7661825227148663,-0.6896007531220062,-6.429040358941734,-13.213236907355478,False,3.45654
Luisiana,2021,Wet,2,8,279.1,24.33,89.68,0.8074998573010874,0.7253004654179672,-0.6931617650333441,-6.432744836180289,-13.419446200726048,False,3.45654
Luisiana,2021,Wet,3,9,511.1,23.95,92.64,0.8299281543880994,0.7026911521554008,-0.7176571557229756,-6.651960648499618,-13.53235786042865,False,3.45654
Luisiana,2021,Wet,4,10,329.2,23.6,91.9,0.8161582945169927,0.6446178409381089,-0.7106258039969824,-6.632351831206557,-13.435327554914387,False,3.45654
Luisiana,2021,Wet,5,11,202.8,23.34,92.71,,,,-6.193513749058824,-12.997321256656162,False,3.45654
Luisiana,2021,Wet,6,12,338.3,21.77,91.88,0.822727127148643,0.6247450367004252,-0.7285908765933669,-6.575970361415318,-13.308437077623875,False,3.45654
Lumban,2021,Wet,1,7,529.1,24.95,93.38,0.6510304936115894,0.7224047993610577,-0.5277639050455172,-7.1926036575835495,-14.07137642746888,False,4.01236
Lumban,2021,Wet,2,8,352.6,25.24,90.45,0.6866038226964187,0.5789820206861215,-0.5753175973791201,-7.645710110678796,-14.371751077733178,False,4.01236
Lumban,2021,Wet,3,9,479.3,24.79,93.28,0.7698882116377562,0.7027726352318087,-0.6434901598961017,-7.791115651950353,-14.50016080483041,False,4.01236
Lumban,2021,Wet,4,10,322.3,24.42,92.16,0.7017614723323008,0.6024569391695,-0.5980528472683602,-7.757977166163752,-14.409708655181106,False,4.01236
Lumban,2021,Wet,5,11,188.0,24.18,91.99,,,,-7.294282405841746,-13.955265562701628,False,4.01236
Lumban,2021,Wet,6,12,350.3,22.73,90.28,0.6978890115352046,0.5691572003569191,-0.6037768679777299,-7.717661030819691,-14.350493847078694,False,4.01236
Mabitac,2021,Wet,1,7,465.9,26.73,86.53,0.5717401512875265,0.519052452744031,-0.47915876312912004,-7.632869136675151,-15.09888954187645,False,4.28605
Mabitac,2021,Wet,2,8,203.6,26.8,85.78,0.6350552400832448,0.5306923513559508,-0.5364263161983825,-7.793681437652016,-14.895943205302125,False,4.28605
Mabitac,2021,Wet,3,9,403.0,26.59,86.45,0.5839174472860874,0.5911445912314166,-0.4719811450428134,-7.917225560197638,-14.902593268323553,False,4.28605
Mabitac,2021,Wet,4,10,165.8,26.37,84.13,0.671989943988169,0.5385335346260296,-0.5894454095409821,-7.712547668374574,-14.559172209789278,False,4.28605
Mabitac,2021,Wet,5,11,50.9,26.49,81.29,0.49060262002568844,0.43433468013286436,-0.43111077142803794,-7.511314198158038,-14.357779419312813,False,4.28605
Mabitac,2021,Wet,6,12,148.6,24.94,79.46,0.7866770224654416,0.604378669371276,-0.6908470952664165,-8.113534453218227,-15.392248209981123,False,4.28605
Magdalena,2021,Wet,1,7,397.9,27.03,87.46,0.5666173583423475,0.7662274761058656,-0.4799983635010472,-6.53541345482099,-13.393402685403492,False,4.17846
Magdalena,2021,Wet,2,8,273.6,27.17,85.46,0.7656723784002603,0.6616863359152696,-0.6644533836219395,-6.655115874012305,-13.424933204762752,False,4.17846
Magdalena,2021,Wet,3,9,376.3,26.81,87.46,0.7720699162145886,0.689615842350759,-0.6717548875323511,-6.738117277796107,-13.556351852805886,False,4.17846
Magdalena,2021,Wet,4,10,191.6,26.6,85.82,0.7747898475647145,0.6416946787569869,-0.6796199211106358,-6.788405428585585,-13.445487439321433,False,4.17846
Magdalena,2021,Wet,5,11,90.0,26.59,84.31,,,,-6.456351778277095,-13.515939896628964,False,4.17846
Magdalena,2021,Wet,6,12,168.6,25.1,82.75,0.798640501274043,0.5968811561746833,-0.7129758490385146,-6.669259047496055,-13.507490845734823,False,4.17846
Majayjay,2021,Wet,1,7,415.7,25.11,92.42,,,,-6.496221449402024,-13.176970339754515,False,3.96875
Majayjay,2021,Wet,2,8,279.1,25.28,89.75,0.8079236337172099,0.6845876878257056,-0.7018986143515475,-6.611870635802621,-13.46424822528993,False,3.96875
Majayjay,2021,Wet,3,9,511.1,24.9,92.7,0.8193957305542332,0.7260477482096472,-0.7100679075211789,-6.842244400771417,-13.52145967953438,False,3.96875
Majayjay,2021,Wet,4,10,329.2,24.55,91.96,0.8212281124205192,0.6904937482172535,-0.7164944064090805,-6.561186438656323,-13.27110118231017,False,3.96875
Majayjay,2021,Wet,5,11,202.8,24.29,92.76,,,,-6.068394309668754,-12.843469457024748,False,3.96875
Majayjay,2021,Wet,6,12,338.3,22.7,91.94,0.800355021391439,0.5940348593497952,-0.7162348851256835,-6.60765076522738,-13.291799462459121,False,3.96875
Nagcarlan,2021,Wet,1,7,424.6,25.47,88.99,0.5540053993463516,0.808052271604538,-0.412372350692749,-5.961489790910791,-12.93368245347941,False,4.08259
Nagcarlan,2021,Wet,2,8,330.1,25.58,87.11,0.782149512560289,0.6776798862411854,-0.6782942158520435,-6.254810231036935,-13.266659839466604,False,4.08259
Nagcarlan,2021,Wet,3,9,406.0,25.28,89.16,0.787189168992526,0.7277685086939006,-0.6854356911458523,-6.219105033472611,-13.26418928458651,False,4.08259
Nagcarlan,2021,Wet,4,10,198.9,25.04,87.64,0.8240089533609252,0.7069914047391508,-0.7245002711611574,-6.359426811122542,-13.206653348208562,False,4.08259
Nagcarlan,2021,Wet,5,11,93.9,25.04,86.44,,,,-5.687548463728724,-12.848863351912001,False,4.08259
Nagcarlan,2021,Wet,6,12,164.4,23.49,85.23,0.8242769379986191,0.621094198429247,-0.7384526364711188,-6.2941429806179245,-13.102698011191704,False,4.08259
Paete,2021,Wet,1,7,441.3,24.05,94.11,,,,-6.261950127054457,-12.72382678470074,False,3.92037
Paete,2021,Wet,2,8,314.1,24.38,91.16,0.7763427241378695,0.6931633408538931,-0.6628077660037333,-6.62383390562791,-13.451717675498871,False,3.92037
Paete,2021,Wet,3,9,409.6,23.97,93.44,0.8113148175209178,0.7234919726365463,-0.6930507701156334,-6.736391656181594,-13.374377183278128,False,3.92037
Paete,2021,Wet,4,10,337.5,23.57,92.65,0.7981450556006564,0.6961784454819633,-0.6895218632777095,-6.938622409306148,-13.63382552276425,False,3.92037
Paete,2021,Wet,5,11,315.1,23.17,93.14,,,,-6.177312588199981,-12.877869837877943,False,3.92037
Paete,2021,Wet,6,12,481.1,21.82,91.11,0.8192639189618565,0.6667408268056436,-0.7145278760703824,-6.670772802640528,-13.296520389460735,False,3.92037
Pagsanjan,2021,Wet,1,7,397.9,27.25,87.48,0.5727613457800765,0.5970213345317951,-0.48739134821411906,-6.701903347680395,-14.156464057596162,False,4.18775
Pagsanjan,2021,Wet,2,8,273.6,27.4,85.48,0.703352835047579,0.5830300241976172,-0.608711515325047,-7.114548490437445,-13.825816805545026,False,4.18775
Pagsanjan,2021,Wet,3,9,376.3,27.04,87.48,0.7446263314587838,0.6963839554548312,-0.6451781936373325,-6.855386437080394,-13.833329616920704,False,4.18775
Pagsanjan,2021,Wet,4,10,191.6,26.82,85.84,0.7354561208130772,0.5677408681280373,-0.6454679967515291,-6.808289615503033,-13.514100554538905,False,4.18775
Pagsanjan,2021,Wet,5,11,90.0,26.82,84.34,,,,-6.520893787316439,-13.824084497871624,False,4.18775
Pagsanjan,2021,Wet,6,12,168.6,25.32,82.78,0.7070660947770323,0.5198573876537529,-0.6342149490783584,-7.102428510534065,-14.068651706550588,False,4.18775
Pakil,2021,Wet,1,7,319.1,27.94,81.15,0.7008426923823079,0.7600837339053323,-0.5953095742691156,-6.457758431733107,-13.034769613138721,False,3.89819
Pakil,2021,Wet,2,8,124.4,27.92,80.74,0.7376955961665911,0.6679228032293933,-0.6268133210186375,-6.845458177493487,-13.784599532975891,False,3.89819
Pakil,2021,Wet,3,9,303.7,27.59,82.85,0.7722890804486324,0.682452382567623,-0.6553718579709477,-6.943019762635522,-13.637851243824796,False,3.89819
Pakil,2021,Wet,4,10,169.2,27.45,80.6,0.7493518500832484,0.6258912710602905,-0.6509492055461009,-7.128944467349671,-13.940841201603439,False,3.89819
Pakil,2021,Wet,5,11,41.5,27.73,76.28,0.8356659100829448,0.8157370742156292,-0.7279814706969057,-6.474476373684788,-13.27867225593426,False,3.89819
Pakil,2021,Wet,6,12,106.8,26.1,75.57,0.7851190490218137,0.6180547238209871,-0.6892584404463894,-7.154756231791492,-13.80423666581375,False,3.89819
Pangil,2021,Wet,1,7,374.5,24.76,93.17,0.3449249652031859,0.32634640766332873,-0.293841380680238,-6.464147326663846,-13.25905233645579,False,4.11419
Pangil,2021,Wet,2,8,273.5,25.01,90.93,0.719758481514051,0.6125689845978948,-0.6108731806036841,-6.972151397279919,-13.909960276399827,False,4.11419
Pangil,2021,Wet,3,9,420.4,24.71,92.35,0.6701256455560034,0.6583106265327765,-0.5554169388152326,-7.032097936724989,-13.771118372875904,False,4.11419
Pangil,2021,Wet,4,10,310.6,24.36,91.04,0.705966750396556,0.6297814091462779,-0.6080881325441659,-7.064312370445887,-13.843487420213856,False,4.11419
Pangil,2021,Wet,5,11,269.4,23.97,92.02,0.7710647295851273,0.6629042062314401,-0.6722716689660116,-6.647662297620345,-13.477270614138087,False,4.11419
Pangil,2021,Wet,6,12,416.3,22.54,89.86,0.7940715028487201,0.6361117302989989,-0.6936378273418546,-7.146548404582281,-13.913288857563947,False,4.11419
Pila,2021,Wet,1,7,355.2,27.44,86.46,,,,-7.591625823948835,-15.304574408908348,False,4.29597
Pila,2021,Wet,2,8,235.6,27.52,85.15,0.6702064225881664,0.4954269460321905,-0.5772779080344377,-8.08620439298396,-14.149478235273513,False,4.29597
Pila,2021,Wet,3,9,358.2,27.13,87.33,0.6509061118755061,0.5041003359392762,-0.5676056183251765,-7.34475169209214,-14.148294174899062,False,4.29597
Pila,2021,Wet,4,10,190.0,27.06,84.37,0.6048442825683303,0.4391839533746513,-0.5388781007812345,-7.005230402322443,-13.294146676502685,False,4.29597
Pila,2021,Wet,5,11,70.8,27.24,80.53,,,,-7.363965131708449,-14.608078247786034,False,4.29597
Pila,2021,Wet,6,12,108.2,25.79,78.75,0.6300898113368052,0.4385167998787116,-0.5719683689124452,-8.005793917035472,-15.583445180653944,False,4.29597
Rizal,2021,Wet,1,7,424.4,25.0,90.12,,,,-6.151367193227504,-12.860541055353828,False,3.86949
Rizal,2021,Wet,2,8,258.3,25.1,88.37,0.7459141006875211,0.6834350179027295,-0.6403058963230633,-6.48748812550753,-13.463842296435555,False,3.86949
Rizal,2021,Wet,3,9,446.5,24.79,90.42,0.6732760548092611,0.6147653526977899,-0.5827395341594211,-6.412085073487933,-13.234304345370298,False,3.86949
Rizal,2021,Wet,4,10,249.6,24.58,89.12,0.7586805479764561,0.6288755832560651,-0.6645496305713782,-6.725219563425932,-13.430531681824963,False,3.86949
Rizal,2021,Wet,5,11,103.3,24.7,87.3,,,,-6.003258782384588,-12.936659497661784,False,3.86949
Rizal,2021,Wet,6,12,131.0,23.11,86.23,0.8097865618476637,0.5965100936734221,-0.725081631775721,-6.551668058636938,-13.100206600504226,False,3.86949
Santa Cruz,2021,Wet,1,7,355.2,27.25,86.44,0.49799186094716347,0.48880048699902834,-0.42395780359646523,-6.9971603398457285,-15.017142719488618,False,4.19307
Santa Cruz,2021,Wet,2,8,235.6,27.33,85.14,0.5217331835518189,0.38399783464916826,-0.4554325408088679,-7.701435673331912,-14.348579559938955,False,4.19307
Santa Cruz,2021,Wet,3,9,358.2,26.95,87.31,0.5341414457540968,0.443210672671057,-0.4622352816445854,-7.357274581609456,-14.776089870575817,False,4.19307
Santa Cruz,2021,Wet,4,10,190.0,26.87,84.35,0.5878493379439585,0.45568720089359044,-0.5257991177996166,-7.312220603838503,-13.643726971442565,False,4.19307
Santa Cruz,2021,Wet,5,11,70.8,27.06,80.51,,,,-6.810834713241273,-14.173460765121781,False,4.19307
Santa Cruz,2021,Wet,6,12,108.2,25.59,78.73,0.5415672259587268,0.42525208285987365,-0.48816529399161473,-7.640823756021152,-14.419473428757977,False,4.19307
Santa Maria,2021,Wet,1,7,460.1,26.48,89.53,0.7065700776832352,0.6201245528823904,-0.5962642341099357,-6.79348166237891,-13.549334974928504,False,4.28161
Santa Maria,2021,Wet,2,8,222.5,26.67,87.63,0.7634857366999177,0.6676648310082318,-0.6582699292591677,-7.074539504633976,-13.88118397541257,False,4.28161
Santa Maria,2021,Wet,3,9,460.8,26.5,88.09,0.5497698993145611,0.7835961046849192,-0.43488321152361303,-6.993524028368725,-13.744711100423963,False,4.28161
Santa Maria,2021,Wet,4,10,203.7,26.24,86.26,0.7789844435183406,0.6347077232473013,-0.689666933639961,-6.986548731417352,-13.785747726677693,False,4.28161
Santa Maria,2021,Wet,5,11,63.7,26.27,84.65,0.8172206561451111,0.6949292364464664,-0.7189767540989018,-6.63483164878586,-13.623176960362013,False,4.28161
Santa Maria,2021,Wet,6,12,176.2,24.67,83.15,0.8189723823331435,0.627774693061199,-0.7259087677816003,-7.101886572607649,-14.040558671988542,False,4.28161
Siniloan,2021,Wet,1,7,437.1,24.77,92.35,0.6309093476473558,0.6465003053424496,-0.5347133825028372,-6.618996747817363,-13.456531379911926,False,4.17553
Siniloan,2021,Wet,2,8,265.0,24.94,90.51,0.7534330171142155,0.6360151744276561,-0.6473598145402846,-6.986811978873746,-13.92406276318685,False,4.17553
Siniloan,2021,Wet,3,9,455.4,24.74,91.36,0.6070087710266255,0.6690840040695988,-0.4980911083868316,-7.007359168974794,-13.733738425151472,False,4.17553
Siniloan,2021,Wet,4,10,260.9,24.42,90.08,0.6461415892962394,0.5571134262744267,-0.5686894580448285,-6.952288550085014,-13.743115843273449,False,4.17553
Siniloan,2021,Wet,5,11,150.7,24.12,90.68,0.7777776832769218,0.6612388057186612,-0.676315481182238,-6.541559243099194,-13.310950041059897,False,4.17553
Siniloan,2021,Wet,6,12,286.7,22.62,88.65,0.8089101748597401,0.6570345780672004,-0.7078050590585675,-7.102976240660658,-13.933526633508643,False,4.17553
Victoria,2021,Wet,1,7,355.2,27.44,86.46,-0.06495897735679572,0.3560404754649027,0.10930989549162456,-8.447623161610812,-16.443286505251535,False,4.27387
Victoria,2021,Wet,2,8,235.6,27.52,85.15,0.6288182647406255,0.46386160909805096,-0.524962994943462,-8.644069665401506,-14.937021645960332,False,4.27387
Victoria,2021,Wet,3,9,358.2,27.13,87.33,0.594011944698942,0.44250208356589527,-0.5102720234643392,-8.088020306399565,-15.119136255480578,False,4.27387
Victoria,2021,Wet,4,10,190.0,27.06,84.37,0.5159704684717176,0.4241720247466569,-0.4559084721360819,-7.588055642168981,-14.310552050479664,False,4.27387
Victoria,2021,Wet,5,11,70.8,27.24,80.53,,,,-8.5421149529126,-16.32939879217127,False,4.27387
Victoria,2021,Wet,6,12,108.2,25.79,78.75,0.554186453242098,0.4436471973660049,-0.4963202043359542,-8.593569824333354,-16.446404907200755,False,4.27387
Alaminos,2022,Dry,1,1,38.6,23.79,81.73,0.6703092796476599,0.5919045256517595,-0.5891035031701067,-5.847566055060809,-12.893030258684798,False,3.9716
Alaminos,2022,Dry,2,2,54.4,24.72,81.12,0.6037855969035044,0.5792646725618534,-0.5203744128308058,-6.026423225807314,-12.901853114647496,False,3.9716
Alaminos,2022,Dry,3,3,60.2,26.31,78.13,0.7869464347482966,0.6265325312853963,-0.700065346527392,-6.173178301593615,-13.061815707373277,False,3.9716
Alaminos,2022,Dry,4,4,141.3,25.86,81.52,0.7203734620757142,0.715251050772227,-0.6260076543541475,-5.805301708806337,-12.825140244544219,False,3.9716
Alaminos,2022,Dry,5,5,186.3,26.69,81.11,0.7936148431874088,0.7088812275452846,-0.6921212050217103,-5.454136127728355,-12.711844104114691,False,3.9716
Alaminos,2022,Dry,6,6,242.5,26.1,85.42,0.7154503240727409,0.7348115549758267,-0.6242510737657199,-5.520828725402317,-12.568014593858225,False,3.9716
Bay,2022,Dry,1,1,40.8,24.87,78.2,0.5247035063391575,0.6424810252244999,-0.45532231052400995,-6.837124064544287,-14.282169822256408,False,4.1319
Bay,2022,Dry,2,2,63.5,25.47,78.95,0.6455981321040131,0.595368767277411,-0.5619955675121037,-6.843704975624782,-13.46621250295706,False,4.1319
Bay,2022,Dry,3,3,63.2,27.0,76.4,0.6794142908500077,0.5520839799162887,-0.6100567532570558,-6.9525200269618885,-13.502128714612798,False,4.1319
Bay,2022,Dry,4,4,113.7,26.82,77.94,0.6183599753520701,0.5557577615566954,-0.5396070345412585,-6.4647141598240685,-13.203708985320857,False,4.1319
Bay,2022,Dry,5,5,155.1,27.55,79.66,0.7006411382477516,0.6015186527079739,-0.6166339872490613,-6.331887706637866,-13.473690296875201,False,4.1319
Bay,2022,Dry,6,6,282.0,26.95,84.7,0.5397063252225099,0.513263001120146,-0.47010599270374925,-6.427284909032223,-13.90337889644778,False,4.1319
Calauan,2022,Dry,1,1,46.1,24.97,78.94,0.6746215206745709,0.6184512596370528,-0.5879092870065656,-6.448516372240541,-13.605143621091313,False,4.10158
Calauan,2022,Dry,2,2,61.3,25.55,80.05,0.717653799786271,0.6551364565612209,-0.6201210920404433,-6.566299915886569,-13.226867990371652,False,4.10158
Calauan,2022,Dry,3,3,63.3,27.03,77.69,0.770377567263202,0.6269603607987387,-0.6814131468419087,-6.609414252246729,-13.214532587478901,False,4.10158
Calauan,2022,Dry,4,4,88.7,26.93,78.58,0.6882806847090539,0.6225647933953216,-0.5988638895386823,-6.188159690959522,-12.95096564949374,False,4.10158
Calauan,2022,Dry,5,5,178.6,27.72,79.7,0.7781725469775742,0.6679765201287695,-0.6770127521584,-6.037594141445997,-13.051138122191142,False,4.10158
Calauan,2022,Dry,6,6,285.2,27.27,83.96,0.7619289637708906,0.8008186706338901,-0.6520799048426674,-6.032759722427066,-13.153568797721444,False,4.10158
Cavinti,2022,Dry,1,1,104.2,22.52,87.4,0.7597302191652081,0.5865343947064344,-0.6531716768925547,-7.110334923491182,-13.775688735098864,False,3.60153
Cavinti,2022,Dry,2,2,126.2,22.78,90.62,0.5210553721829984,0.5274082552221407,-0.42617297682820593,-6.844092009389703,-13.445992482745098,False,3.60153
Cavinti,2022,Dry,3,3,99.5,24.35,87.29,0.7759211352683003,0.6479204214887002,-0.6627524159909646,-6.814451535238866,-13.573907166623549,False,3.60153
Cavinti,2022,Dry,4,4,160.3,24.17,88.51,0.6862328460841465,0.6715077908790458,-0.5743093689605169,-6.8116841635878735,-13.427250101942374,False,3.60153
Cavinti,2022,Dry,5,5,204.3,25.4,86.61,0.7665104573735757,0.6512543770879768,-0.6466199894464821,-6.765334464279754,-13.720592046365741,False,3.60153
Cavinti,2022,Dry,6,6,263.1,25.25,87.42,0.7750967803223588,0.7108137397306604,-0.6603623261801838,-6.776875186332801,-13.533420320154441,False,3.60153
City of Biñan,2022,Dry,1,1,32.3,25.52,73.91,0.28657657032556383,0.2374628847035405,-0.28491515737034967,-6.309246272037042,-12.146663599154698,False,3.95875
City of Biñan,2022,Dry,2,2,28.8,26.04,75.32,0.3564277013724339,0.30171019926395926,-0.34701798378721754,-6.217943640579658,-12.014630844113537,False,3.95875
City of Biñan,2022,Dry,3,3,32.6,27.61,72.64,0.33498075236115427,0.23849235272438227,-0.3600933401191584,-6.405597916652315,-12.203524261612184,False,3.95875
City of Biñan,2022,Dry,4,4,64.0,27.42,74.63,0.1312487299089711,-0.07040534819723754,-0.10977253823279198,-5.930527928876979,-11.868351265502787,False,3.95875
City of Biñan,2022,Dry,5,5,289.1,27.85,78.12,0.39466353599032783,0.31204958363906227,-0.3781779105995659,-5.385098288385701,-11.519828776696126,False,3.95875
City of Biñan,2022,Dry,6,6,324.6,27.24,82.54,,,,-5.3749056357786635,-11.507310377347581,False,3.95875
City of Cabuyao,2022,Dry,1,1,42.6,24.98,77.6,0.20798815193120385,0.888256588378704,-0.16764841744555004,-6.835818448274235,-12.697142084878424,False,4.12662
City of Cabuyao,2022,Dry,2,2,41.4,25.54,78.53,0.437257341897713,0.3228267049866472,-0.419872036017875,-6.910921916284764,-12.58368422791506,False,4.12662
City of Cabuyao,2022,Dry,3,3,63.6,27.11,75.68,0.470455785795317,0.3536075421748664,-0.46418264666913023,-7.0782721946993625,-12.759800207317657,False,4.12662
City of Cabuyao,2022,Dry,4,4,122.2,26.88,77.67,0.43087680528032046,0.3766768290355632,-0.4038781272584001,-6.506527860394799,-12.283403728974125,False,4.12662
City of Cabuyao,2022,Dry,5,5,238.6,27.51,80.01,0.47948775255345616,0.3737798790763184,-0.45032482527913636,-6.218328721396927,-12.18998953139704,False,4.12662
City of Cabuyao,2022,Dry,6,6,315.0,26.86,84.55,,,,-6.118786667752374,-12.188717754805554,False,4.12662
City of Calamba,2022,Dry,1,1,38.7,24.45,78.71,0.3104372546854169,0.28425418499510136,-0.2473263806478549,-7.018657483483528,-13.28481876720628,False,4.09846
City of Calamba,2022,Dry,2,2,65.7,25.11,79.3,0.509250861884067,0.4083115609596974,-0.46737927739798985,-6.770480430020534,-12.959671783116454,False,4.09846
City of Calamba,2022,Dry,3,3,81.1,26.63,76.97,0.5281402203423154,0.39179136078423515,-0.5102920652234227,-7.27911850047086,-13.42432065884053,False,4.09846
City of Calamba,2022,Dry,4,4,128.0,26.4,79.03,0.49241673562448945,0.42496484312742755,-0.44993426575544265,-6.33073285290456,-12.61564994423134,False,4.09846
City of Calamba,2022,Dry,5,5,220.6,27.28,79.27,0.5931881248968564,0.4941592261939267,-0.5337757882538815,-6.2268810998309165,-12.661270919795264,False,4.09846
City of Calamba,2022,Dry,6,6,246.5,26.59,84.19,0.3879560932512098,0.3819104745944447,-0.3226700100386416,-6.005719643948097,-12.421216360998587,False,4.09846
City of San Pablo,2022,Dry,1,1,49.2,24.54,81.71,0.6740462911546881,0.545009587098759,-0.5970712975893024,-6.560112187010853,-13.224034129588793,False,4.06375
City of San Pablo,2022,Dry,2,2,59.5,25.29,81.89,0.6742340416187765,0.5790118923060918,-0.5836745524434197,-6.706051721838266,-13.212949092418135,False,4.06375
City of San Pablo,2022,Dry,3,3,72.8,26.81,79.58,0.732420075786624,0.5649176578886969,-0.6540009020533596,-6.7183010353257275,-13.265477975481483,False,4.06375
City of San Pablo,2022,Dry,4,4,130.2,26.56,81.36,0.7226606864309408,0.6501563741525971,-0.6278629649137,-6.404812490398979,-13.02250049334554,False,4.06375
City of San Pablo,2022,Dry,5,5,167.0,27.44,81.05,0.6911346958383165,0.6135377237500805,-0.6084673503912612,-6.162084750430228,-12.948164185109913,False,4.06375
City of San Pablo,2022,Dry,6,6,256.3,26.9,85.31,0.668248892318466,0.7012028807440887,-0.5712117862632893,-6.056573385603265,-12.690368472925247,False,4.06375
City of Santa Rosa,2022,Dry,1,1,42.6,24.98,77.6,0.2952240766769398,0.21501398837489877,-0.2863836702138159,-6.7721774208818095,-12.819304227107676,False,4.02354
City of Santa Rosa,2022,Dry,2,2,41.4,25.54,78.53,0.4425548319797491,0.309798958772097,-0.4261679789905029,-6.757656826453663,-12.736703579251104,False,4.02354
City of Santa Rosa,2022,Dry,3,3,63.6,27.11,75.68,0.4315422116423842,0.350057610582959,-0.43036831619238297,-6.98349075119512,-12.973050405332723,False,4.02354
City of Santa Rosa,2022,Dry,4,4,122.2,26.88,77.67,0.4749612130847783,0.4167462733736753,-0.43300250115442673,-6.298305714986785,-12.357081625386092,False,4.02354
City of Santa Rosa,2022,Dry,5,5,238.6,27.51,80.01,0.4803405229388034,0.37717473863017775,-0.4450941430148513,-6.018596898528337,-12.249772542246669,False,4.02354
City of Santa Rosa,2022,Dry,6,6,315.0,26.86,84.55,,,,-5.848663604463591,-12.082082142234874,False,4.02354
Famy,2022,Dry,1,1,62.4,24.46,82.87,0.7435056592823024,0.6110893842143101,-0.65211183970164,-6.405583349702782,-13.093028208400094,False,4.16537
Famy,2022,Dry,2,2,80.2,24.63,86.56,0.5555620935601493,0.5322766928615539,-0.460523953892369,-6.824712228110306,-13.416580916866195,False,4.16537
Famy,2022,Dry,3,3,53.3,26.3,82.36,0.7308072754587011,0.7048658701868978,-0.6317004327307111,-6.651091633195545,-13.091996626435717,False,4.16537
Famy,2022,Dry,4,4,99.6,26.13,84.33,0.78369098646138,0.8663260704317396,-0.6628522446439519,-6.270239510907552,-12.777185032606,False,4.16537
Famy,2022,Dry,5,5,207.4,27.25,83.35,0.824685531944832,0.7595088522405856,-0.7106326551918977,-6.161043599995668,-13.071985254091867,False,4.16537
Famy,2022,Dry,6,6,242.1,27.24,84.6,0.8095262837348557,0.6950781653657844,-0.6975805412724265,-6.6235270491156575,-13.733232355092042,False,4.16537
Kalayaan,2022,Dry,1,1,102.2,22.67,87.16,0.709486976704759,0.5695905394770702,-0.6062643808286521,-6.949307443048889,-13.645572351150308,False,3.88487
Kalayaan,2022,Dry,2,2,160.1,22.81,91.13,0.675010086532962,0.6264546075552815,-0.5556990863486884,-7.032915813662753,-13.657480621358673,False,3.88487
Kalayaan,2022,Dry,3,3,109.2,24.41,87.68,0.6587521789193762,0.6711170931589387,-0.5521087400896896,-6.826729338170401,-13.507114768491471,False,3.88487
Kalayaan,2022,Dry,4,4,181.3,24.17,89.37,0.7084778442284217,0.6484719947256695,-0.5958855859374869,-6.5798963389537795,-13.124968212164214,False,3.88487
Kalayaan,2022,Dry,5,5,233.5,25.48,87.85,0.7888071328025799,0.6866089258993502,-0.6686352848997392,-6.623188542113617,-13.592885694800948,False,3.88487
Kalayaan,2022,Dry,6,6,298.4,25.32,89.24,0.7767839917243133,0.682373084416975,-0.6635919696192487,-6.792238341979733,-13.620804070227123,False,3.88487
Liliw,2022,Dry,1,1,61.7,23.28,82.96,0.7867161559573917,0.5639070446748353,-0.6940486994486157,-6.579371780812951,-13.453359219538077,False,4.08838
Liliw,2022,Dry,2,2,91.0,23.76,84.85,0.581696022442463,0.5707095696903761,-0.501468386907686,-6.4465711060502935,-13.10935252372311,False,4.08838
Liliw,2022,Dry,3,3,52.4,25.32,81.65,0.7825202072100537,0.6261026322416208,-0.6916341350261347,-6.694770871995164,-13.367382472871299,False,4.08838
Liliw,2022,Dry,4,4,102.9,25.2,82.6,0.7289670403247229,0.6784611607116415,-0.634751367656849,-6.4102740614536815,-13.084244485613956,False,4.08838
Liliw,2022,Dry,5,5,195.2,26.24,81.63,0.7052025242983151,0.6669249660795368,-0.6112324595369523,-6.26396696860184,-13.141235520807413,False,4.08838
Liliw,2022,Dry,6,6,253.6,25.91,84.34,0.784813934644728,0.6756701402369982,-0.6841006301228191,-6.154260369351893,-13.056447137764113,False,4.08838
Los Baños,2022,Dry,1,1,40.8,23.79,78.05,0.5222112783262522,0.6456678470490518,-0.4383678963787011,-6.231795192544272,-13.055402741851212,False,3.81162
Los Baños,2022,Dry,2,2,63.5,24.4,78.8,0.534719431038949,0.4921684442103408,-0.4738284207173855,-5.990357668065602,-12.647917094947147,False,3.81162
Los Baños,2022,Dry,3,3,63.2,25.95,76.24,0.7121877473167272,0.6398342342074407,-0.6279999047372016,-6.3755964883855905,-13.001900298387985,False,3.81162
Los Baños,2022,Dry,4,4,113.7,25.76,77.8,0.6113974740840348,0.6362317160857334,-0.530275866975366,-5.9450503705580475,-12.67604473525383,False,3.81162
Los Baños,2022,Dry,5,5,155.1,26.51,79.53,0.7615405333263414,0.6531572496062745,-0.6677478043983031,-5.977321180236998,-12.926066471064358,False,3.81162
Los Baños,2022,Dry,6,6,282.0,25.9,84.6,0.5258623904664006,0.4587095415109403,-0.47132133239706014,-5.818400372941331,-12.683121725633683,False,3.81162
Luisiana,2022,Dry,1,1,136.1,21.58,89.34,0.798416914847605,0.5964699061551884,-0.6955900132502841,-6.534439341517421,-13.318953666836217,False,3.62075
Luisiana,2022,Dry,2,2,182.8,21.95,92.13,0.5050731800056055,0.4786786811670488,-0.4182800083279917,-6.389634909173891,-13.209912616558004,False,3.62075
Luisiana,2022,Dry,3,3,117.9,23.42,89.38,0.756942058911354,0.7032829868167197,-0.6481740152066067,-6.24405232160858,-13.119319955318534,False,3.62075
Luisiana,2022,Dry,4,4,191.7,23.32,90.2,0.7716010261192047,0.7117600203283684,-0.6617545948386727,-6.234263894352831,-12.994999101974544,False,3.62075
Luisiana,2022,Dry,5,5,215.1,24.57,87.45,0.805677328575728,0.680090968932679,-0.6962289135243905,-6.085612115247143,-13.046259661760867,False,3.62075
Luisiana,2022,Dry,6,6,246.0,24.46,88.27,0.7998469311910359,0.719092133671538,-0.6916634608204573,-6.048250779975,-12.950738385215066,False,3.62075
Lumban,2022,Dry,1,1,102.2,22.67,87.16,0.6901909458893887,0.5947774589957932,-0.5811537362285131,-7.615759200246923,-14.204774352739948,False,4.18621
Lumban,2022,Dry,2,2,160.1,22.81,91.13,0.5496659568471048,0.5434335216048719,-0.45259599137108214,-7.477044191089179,-14.041880463899465,False,4.18621
Lumban,2022,Dry,3,3,109.2,24.41,87.68,0.6900720267700673,0.6113872330339009,-0.5834372612168921,-7.54478914969584,-14.086654024378719,False,4.18621
Lumban,2022,Dry,4,4,181.3,24.17,89.37,0.657659868317108,0.6099812132939222,-0.555517352161291,-7.222769037537053,-13.566480863971034,False,4.18621
Lumban,2022,Dry,5,5,233.5,25.48,87.85,0.7224678628390235,0.618907769602031,-0.6043838591814646,-7.2397091238538165,-13.94702735504951,False,4.18621
Lumban,2022,Dry,6,6,298.4,25.32,89.24,0.781336492971306,0.7077437532925219,-0.665482885601447,-7.2984912550569065,-13.892937630871721,False,4.18621
Mabitac,2022,Dry,1,1,33.4,24.69,77.94,0.631413353028714,0.5032118955134087,-0.5409062025596584,-7.680046089668171,-14.966910575955463,False,4.29277
Mabitac,2022,Dry,2,2,40.6,25.12,80.11,0.6220007395034955,0.5867985109173537,-0.5291414872806892,-7.902030264187707,-14.639656583054899,False,4.29277
Mabitac,2022,Dry,3,3,27.3,26.91,75.66,0.6832266933220115,0.5889287372508173,-0.598186440703082,-8.244729525470932,-14.52254419836505,False,4.29277
Mabitac,2022,Dry,4,4,73.5,26.78,77.31,0.6723393606789506,0.5896588898002972,-0.5829516693123358,-7.458832937663996,-13.870877819413769,False,4.29277
Mabitac,2022,Dry,5,5,243.5,27.56,78.94,0.7085903827849214,0.5896594357584022,-0.606522458489131,-7.102139253277039,-14.030999330075561,False,4.29277
Mabitac,2022,Dry,6,6,233.2,27.39,81.32,0.6180265371832179,0.580731754205392,-0.5299280523172291,-7.400649093156525,-14.769879738130289,False,4.29277
Magdalena,2022,Dry,1,1,54.8,24.96,80.32,0.7925191555624764,0.5589615912316303,-0.6947497133164258,-6.7726396533090165,-13.55804990017699,False,4.01809
Magdalena,2022,Dry,2,2,55.7,25.32,82.78,0.6412794240932319,0.623686767004869,-0.5519370979589813,-6.662975088254208,-13.223077833794864,False,4.01809
Magdalena,2022,Dry,3,3,39.1,27.0,78.81,0.7314274664675984,0.5636947260144521,-0.6545735263059239,-6.909029922074585,-13.540751368240965,False,4.01809
Magdalena,2022,Dry,4,4,75.5,26.84,79.9,0.7269415383871003,0.7232480112303536,-0.6281417713180448,-6.398414264710632,-13.055204529196121,False,4.01809
Magdalena,2022,Dry,5,5,254.6,27.79,80.56,0.7331698698438517,0.6653844317536651,-0.6335115764434445,-6.2659425334740435,-13.10923278860681,False,4.01809
Magdalena,2022,Dry,6,6,258.7,27.47,82.67,0.7539439645471552,0.74481530670481,-0.6525597516585661,-6.138887703910176,-13.163166061326507,False,4.01809
Majayjay,2022,Dry,1,1,136.1,22.53,89.41,0.8259637579513485,0.5942609900798639,-0.7252288989915195,-6.643313521990912,-13.452521356503565,False,3.93938
Majayjay,2022,Dry,2,2,182.8,22.89,92.18,0.5421822359538886,0.5677353635146054,-0.4607657688688895,-6.446756352263319,-13.1492386636224,False,3.93938
Majayjay,2022,Dry,3,3,117.9,24.36,89.47,0.7917519726491516,0.7055352786108495,-0.690075010807123,-6.692135918731371,-13.395485810285393,False,3.93938
Majayjay,2022,Dry,4,4,191.7,24.28,90.27,0.7654667589523055,0.7240728486748679,-0.6609665130050221,-6.390956751672514,-13.014470881871853,False,3.93938
Majayjay,2022,Dry,5,5,215.1,25.52,87.53,0.7535155987667812,0.7686956556281667,-0.6522448123826938,-6.177852212013443,-13.003529968048595,False,3.93938
Majayjay,2022,Dry,6,6,246.0,25.41,88.33,0.7861163616593642,0.6826723313639932,-0.6869044324291553,-6.12929972488711,-12.994254997075053,False,3.93938
Nagcarlan,2022,Dry,1,1,61.7,23.28,82.96,0.7789960343797209,0.5892870879893443,-0.6894683655588653,-6.2075965433355,-13.21070263994873,False,3.97447
Nagcarlan,2022,Dry,2,2,91.0,23.76,84.85,0.6346617891374254,0.6158647498958071,-0.5499946635630103,-6.24687788441122,-13.019485594982978,False,3.97447
Nagcarlan,2022,Dry,3,3,52.4,25.32,81.65,0.8218727612949305,0.6839813560439042,-0.7208172568128277,-6.304727868790244,-13.134153467925938,False,3.97447
Nagcarlan,2022,Dry,4,4,102.9,25.2,82.6,0.760680544581736,0.6944507183975043,-0.6615107658778362,-6.043166696900604,-12.87159931037377,False,3.97447
Nagcarlan,2022,Dry,5,5,195.2,26.24,81.63,0.7672302398909726,0.7443456649404482,-0.6623234245382672,-5.895324995231239,-12.956108783537822,False,3.97447
Nagcarlan,2022,Dry,6,6,253.6,25.91,84.34,0.7526113042063589,0.6998388992650096,-0.6583739575144898,-5.75214461095161,-12.801698203260507,False,3.97447
Paete,2022,Dry,1,1,167.6,21.78,87.65,0.7674309857749918,0.6332742303583565,-0.6567492205828027,-6.354245102342557,-12.962948665605609,False,4.14127
Paete,2022,Dry,2,2,286.9,21.79,92.73,0.5321542323248868,0.6464147375812249,-0.43760566591235317,-6.642489724832773,-13.213032154615917,False,4.14127
Paete,2022,Dry,3,3,128.7,23.31,89.2,0.6668126950671714,0.7819236741699961,-0.5652546115869276,-6.267170859528508,-12.9703106614317,False,4.14127
Paete,2022,Dry,4,4,242.5,23.14,90.81,0.753794160689184,0.7437687480617451,-0.631391156746505,-6.288307153113851,-12.854605762641572,False,4.14127
Paete,2022,Dry,5,5,196.9,24.53,88.14,0.8399635859306657,0.7313572698888671,-0.7147001084986426,-6.109975740581885,-13.03031547372255,False,4.14127
Paete,2022,Dry,6,6,278.2,24.45,89.29,0.8392592917500078,0.7403499967241153,-0.7138255655451126,-6.269722780484324,-13.073615406087143,False,4.14127
Pagsanjan,2022,Dry,1,1,54.8,25.17,80.35,0.7624724014148154,0.5827043391305038,-0.6621915551687612,-7.214289240403376,-14.109798034384275,False,4.15239
Pagsanjan,2022,Dry,2,2,55.7,25.54,82.8,0.6994992536997598,0.6524133989022886,-0.594840516612123,-6.853508049262498,-13.30169618819047,False,4.15239
Pagsanjan,2022,Dry,3,3,39.1,27.23,78.83,0.7132835685767112,0.5324122790833116,-0.6293407548892264,-7.193689685983625,-13.626769100009007,False,4.15239
Pagsanjan,2022,Dry,4,4,75.5,27.07,79.93,0.7092642854325254,0.7582019959361637,-0.606399589308918,-6.387494021109654,-12.843224082001033,False,4.15239
Pagsanjan,2022,Dry,5,5,254.6,28.01,80.58,0.6899615092233972,0.5644403691237455,-0.6004931111980983,-6.335973292504783,-13.119386193306363,False,4.15239
Pagsanjan,2022,Dry,6,6,258.7,27.7,82.71,0.7032789894123928,0.685569908280975,-0.6119737745993213,-6.629436369861249,-13.647926972103324,False,4.15239
Pakil,2022,Dry,1,1,30.9,25.88,74.04,0.7180251759185258,0.612082441348153,-0.6167544306335845,-6.690015772688708,-13.34538090614201,False,4.15471
Pakil,2022,Dry,2,2,27.9,26.25,75.77,0.4993360714799321,0.5759425533117999,-0.4242153278411293,-7.02868582949492,-13.645333928860731,False,4.15471
Pakil,2022,Dry,3,3,18.6,28.1,70.74,0.7411858480307714,0.6489837121691086,-0.64754363876018,-6.965777274367294,-13.53066087588718,False,4.15471
Pakil,2022,Dry,4,4,62.3,27.84,73.25,0.7375908638664121,0.6639196977373205,-0.6287415619695208,-6.614597190535765,-13.218882715514276,False,4.15471
Pakil,2022,Dry,5,5,155.7,28.62,74.37,0.8212074366706885,0.7063259472073738,-0.6985564752298445,-6.311748286928158,-13.280936588611864,False,4.15471
Pakil,2022,Dry,6,6,169.7,28.55,75.8,0.8219693723191929,0.7268255714761586,-0.7033070600327147,-6.455181436323499,-13.438573870185387,False,4.15471
Pangil,2022,Dry,1,1,158.3,22.48,87.06,0.7172070416763641,0.579533190261808,-0.613940778357022,-6.859954336838969,-13.640886123191356,False,4.20666
Pangil,2022,Dry,2,2,240.2,22.51,91.69,0.6634955236510583,0.7301471437101961,-0.5501272526527005,-6.90684132171181,-13.559541363299559,False,4.20666
Pangil,2022,Dry,3,3,110.8,23.99,88.6,0.7178104744537261,0.7443727027587745,-0.6100653857952614,-6.930617488169282,-13.43848965852709,False,4.20666
Pangil,2022,Dry,4,4,207.5,23.88,90.07,0.6002374733998772,0.5682479746580581,-0.51161200288316,-6.565062537869794,-13.02182106469005,False,4.20666
Pangil,2022,Dry,5,5,204.1,25.21,87.74,0.7692880164919007,0.6944489867286211,-0.6568324476926213,-6.266035109091462,-13.104112946491195,False,4.20666
Pangil,2022,Dry,6,6,215.6,25.3,88.05,0.8193056360582606,0.7307538836532057,-0.7003317643153694,-6.577150627276839,-13.565114833875784,False,4.20666
Pila,2022,Dry,1,1,46.6,25.61,76.57,0.6049726863467237,0.46525048661803103,-0.5243626454922212,-7.682911733225063,-15.077036616757706,False,4.24228
Pila,2022,Dry,2,2,38.2,26.07,78.1,0.5400728197440824,0.5464895199198426,-0.4450523073574243,-7.5350463086060575,-13.532223672997782,False,4.24228
Pila,2022,Dry,3,3,31.4,27.66,75.19,0.6037132291806689,0.4431168220979847,-0.5531493106339214,-7.90553140103003,-13.533329629965953,False,4.24228
Pila,2022,Dry,4,4,76.1,27.54,76.3,0.4232511195269498,0.4212883167646148,-0.3701891625469382,-6.826405138292757,-12.648435259944529,False,4.24228
Pila,2022,Dry,5,5,294.8,28.22,79.39,0.5285097172052797,0.38928011696445014,-0.477932791105506,-6.720412648925914,-12.831137021245437,False,4.24228
Pila,2022,Dry,6,6,344.3,27.85,83.17,0.5043971333040866,0.39341928795687975,-0.4630464971850921,-7.775111222015849,-14.698730781815746,False,4.24228
Rizal,2022,Dry,1,1,66.3,22.77,84.69,0.6916669403874998,0.623793029340527,-0.6054983006641159,-6.411816979159922,-13.256033218091172,False,3.82617
Rizal,2022,Dry,2,2,84.8,23.44,85.58,0.7388701683220033,0.5976639889631218,-0.637641225399258,-6.591170342561943,-13.209838172369624,False,3.82617
Rizal,2022,Dry,3,3,90.9,24.98,82.63,0.8278492497770275,0.7372261304471505,-0.7171395179009984,-6.387146367335961,-13.228445167218464,False,3.82617
Rizal,2022,Dry,4,4,149.7,24.8,84.14,0.7473396670022675,0.6658459602764932,-0.6515411869905616,-6.342946065209251,-13.161417959549816,False,3.82617
Rizal,2022,Dry,5,5,160.1,25.72,83.16,0.6732624818730318,0.7762771548200014,-0.56743587208483,-6.2262929679006245,-13.256823828411905,False,3.82617
Rizal,2022,Dry,6,6,252.2,25.41,85.85,0.7570650727530014,0.7391088072413182,-0.6587522210744814,-6.057684978816674,-12.949033064380563,False,3.82617
Santa Cruz,2022,Dry,1,1,46.6,25.43,76.54,0.5792934661490691,0.48681610842859474,-0.511463074407799,-7.691989746818922,-14.470593060609058,False,4.22865
Santa Cruz,2022,Dry,2,2,38.2,25.88,78.08,0.5105545077354584,0.4597711022438057,-0.4433026395708456,-7.320638737136866,-13.45295092252932,False,4.22865
Santa Cruz,2022,Dry,3,3,31.4,27.49,75.16,0.605920048415877,0.45540533734312766,-0.5447001475117786,-7.774841550801906,-13.624433793070587,False,4.22865
Santa Cruz,2022,Dry,4,4,76.1,27.36,76.28,0.48772473858403165,-0.05378360256815467,-0.41864485409768154,-6.631885459619875,-12.510037854381544,False,4.22865
Santa Cruz,2022,Dry,5,5,294.8,28.03,79.37,0.5400553978518476,0.40633964630465413,-0.48227849046677834,-6.577030514390582,-12.796640210622666,False,4.22865
Santa Cruz,2022,Dry,6,6,344.3,27.66,83.14,0.5477811800838943,0.45743392403194344,-0.4939643851265182,-7.522343073018317,-14.145893480421854,False,4.22865
Santa Maria,2022,Dry,1,1,41.0,24.5,80.86,0.8270206022461318,0.6225000199309584,-0.733241942921485,-6.665367734843734,-13.327188237655895,False,4.30307
Santa Maria,2022,Dry,2,2,52.9,24.86,83.83,0.7800238526085232,0.6624314416229808,-0.6732927718515442,-7.157269941319015,-13.609282160417088,False,4.30307
Santa Maria,2022,Dry,3,3,42.6,26.57,79.69,0.6613657966090788,0.6115831437971307,-0.5895064426775939,-6.906313954239653,-13.29006347972838,False,4.30307
Santa Maria,2022,Dry,4,4,93.2,26.4,81.69,0.698809633640584,0.7610413275446359,-0.6051354342172078,-6.71202080376902,-13.347858025476105,False,4.30307
Santa Maria,2022,Dry,5,5,232.2,27.27,81.9,0.8340225647164514,0.7031581294794528,-0.7175899575535212,-6.497418516351473,-13.380570977093145,False,4.30307
Santa Maria,2022,Dry,6,6,242.9,27.24,83.26,0.7787121249923573,0.6822062878865364,-0.6753064425865688,-6.814267851935594,-13.916643830802572,False,4.30307
Siniloan,2022,Dry,1,1,81.5,22.54,85.92,0.6719070999345231,0.5639245128691158,-0.5853465497206034,-6.72077137346876,-13.56071190340698,False,4.22327
Siniloan,2022,Dry,2,2,150.4,22.68,90.18,0.5787509225418728,0.7446050708798381,-0.48088044525907847,-6.890764212725782,-13.56132034380054,False,4.22327
Siniloan,2022,Dry,3,3,65.1,24.21,86.87,0.7665252513248493,0.7318068923266926,-0.6594162017574632,-6.747231783305438,-13.222162027268046,False,4.22327
Siniloan,2022,Dry,4,4,139.3,24.07,88.59,0.6902314835876276,0.7297335971091369,-0.5831741362262541,-6.348786517641209,-12.801084033561338,False,4.22327
Siniloan,2022,Dry,5,5,253.3,25.2,87.05,0.798615573352525,0.7327851562524881,-0.6882764004547806,-6.213461016970183,-13.09143778668142,False,4.22327
Siniloan,2022,Dry,6,6,253.5,25.35,87.22,0.7830046027378257,0.6936539721638549,-0.6757888246089939,-6.678671974498107,-13.799445200758939,False,4.22327
Victoria,2022,Dry,1,1,46.6,25.61,76.57,0.5358388509320341,0.4455351065794084,-0.44040874735762564,-8.411382439005434,-15.89556648660212,False,4.25457
Victoria,2022,Dry,2,2,38.2,26.07,78.1,0.6006991585528401,0.5684447456715057,-0.499068416854904,-8.248029298323443,-14.179793090660572,False,4.25457
Victoria,2022,Dry,3,3,31.4,27.66,75.19,0.5746818311346102,0.43318275217929114,-0.5267036772627083,-8.4026170869422,-14.108414880594824,False,4.25457
Victoria,2022,Dry,4,4,76.1,27.54,76.3,0.44457183244091886,0.4072866079111717,-0.40091979279981554,-7.095528906914487,-13.421065252988473,False,4.25457
Victoria,2022,Dry,5,5,294.8,28.22,79.39,0.5115986289765995,0.4093351179466166,-0.45365558646902454,-7.553519715541295,-14.047252852603007,False,4.25457
Victoria,2022,Dry,6,6,344.3,27.85,83.17,0.4853510104473053,0.40680920474863574,-0.4285468940825627,-8.804330357614262,-16.248401637381534,False,4.25457
Alaminos,2022,Wet,1,7,353.7,25.75,88.67,0.7288040415980158,0.7829126692570088,-0.6186145757669513,-5.231997951253391,-12.390151479867704,False,2.992
Alaminos,2022,Wet,2,8,336.5,25.33,88.81,0.7333380703907483,0.6556903600375472,-0.6393990245032566,-5.68649018072688,-12.62530771793844,False,2.992
Alaminos,2022,Wet,3,9,289.6,25.43,88.66,0.6962124132260749,0.7725906089754648,-0.5965063624493603,-5.781033857467801,-12.627149832920585,False,2.992
Alaminos,2022,Wet,4,10,461.3,25.52,87.45,0.7530374461620425,0.7611481163923891,-0.656110239842229,-5.678188077267241,-12.475788353163805,False,2.992
Alaminos,2022,Wet,5,11,121.7,25.46,87.0,0.6342125386807267,0.6811055680381901,-0.5470419366676268,-5.5862696695112195,-12.38625432309706,False,2.992
Alaminos,2022,Wet,6,12,111.8,24.42,85.04,0.7928878269965189,0.6996292086837533,-0.6932345114463375,-6.256710476397694,-13.046960164904542,False,2.992
Bay,2022,Wet,1,7,373.6,26.53,88.68,0.6640543353585024,0.7641246292258451,-0.5678686650709373,-6.280080217161171,-13.466952519288858,False,4.134
Bay,2022,Wet,2,8,392.9,25.97,89.67,0.693439979048042,0.6580506848746414,-0.6022592001949938,-6.760004646927705,-13.544449006681004,False,4.134
Bay,2022,Wet,3,9,286.9,26.23,87.98,0.22686330511364158,0.39900177662081243,-0.17469476849976684,-6.483993114017741,-13.095256379637588,False,4.134
Bay,2022,Wet,4,10,447.0,26.28,86.51,0.7385713868350162,0.6646442371736025,-0.6435103098746703,-5.974508915826612,-12.642328522246675,False,4.134
Bay,2022,Wet,5,11,166.4,26.12,85.93,0.3834169553039648,0.3630835835077858,-0.3131093232617887,-6.395747559998144,-13.280962772848678,False,4.134
Bay,2022,Wet,6,12,124.6,25.02,84.19,0.776731271259209,0.711166483304495,-0.6762997589974804,-7.127847634402756,-14.471630417536508,False,4.134
Calauan,2022,Wet,1,7,492.9,26.87,87.99,0.7008493026619493,0.6925786993824845,-0.5907134389261659,-5.9090252830822845,-12.851785762103937,False,3.929
Calauan,2022,Wet,2,8,442.7,26.3,88.8,0.7752890373854314,0.6952287202521374,-0.675467495731308,-6.28841604745281,-13.06238147594292,False,3.929
Calauan,2022,Wet,3,9,308.7,26.45,87.97,0.541493969497559,0.7153836607828106,-0.4495708585992245,-6.264852147070274,-12.845753060791656,False,3.929
Calauan,2022,Wet,4,10,496.6,26.58,85.88,0.78385583341299,0.6708923869789873,-0.6869960896688176,-5.915723729064104,-12.563898153407061,False,3.929
Calauan,2022,Wet,5,11,112.6,26.49,84.97,0.5715876381065744,0.6090730273124053,-0.47778990956346895,-6.103455215340125,-12.769214824787442,False,3.929
Calauan,2022,Wet,6,12,143.7,25.29,84.15,0.7081877538212782,0.661505677812808,-0.6196970859089412,-6.849936991630991,-13.721672713113875,False,3.929
Cavinti,2022,Wet,1,7,395.6,24.99,90.66,0.5701046178249822,0.6692724475053131,-0.47741789358400966,-6.651262262891276,-13.251881446560713,False,3.204
Cavinti,2022,Wet,2,8,366.7,24.6,90.66,0.7793508352418257,0.7069775332929626,-0.6669622645252835,-6.895091900752227,-13.414245887394127,False,3.204
Cavinti,2022,Wet,3,9,291.4,24.57,90.85,0.7048955312277476,0.6313778631481393,-0.600614367379617,-6.958332985960929,-13.585794391630785,False,3.204
Cavinti,2022,Wet,4,10,493.4,24.42,90.94,0.8004365534191549,0.6516802441964687,-0.6853773086957351,-6.7719157627077005,-13.307893128715577,False,3.204
Cavinti,2022,Wet,5,11,231.4,24.05,92.52,0.6924682832490561,0.5828887876012504,-0.5862974982486435,-6.4998130079746,-13.174271283602057,False,3.204
Cavinti,2022,Wet,6,12,308.6,22.77,92.14,,,,-7.2543579172057155,-13.831583931213395,False,3.204
City of Biñan,2022,Wet,1,7,376.5,26.6,87.33,0.43456781447374404,0.3366666702171214,-0.41543280549319034,-5.244888014105649,-11.32719048081407,False,3.419
City of Biñan,2022,Wet,2,8,528.4,26.05,88.39,0.3692917530155117,0.3079673191067847,-0.3545436950727484,-5.897425438096811,-11.768406201600975,False,3.419
City of Biñan,2022,Wet,3,9,357.0,26.15,87.11,0.4158521417267001,0.363859969806197,-0.380630652691614,-5.233470796734752,-11.238543341214324,False,3.419
City of Biñan,2022,Wet,4,10,485.2,26.4,85.97,0.37844593017242756,0.35537826452022964,-0.32952400632819956,-4.976043571774961,-10.964893634931014,False,3.419
City of Biñan,2022,Wet,5,11,113.6,26.3,85.33,0.3800638912299958,0.29022402135598563,-0.3681176606749384,-4.535831259066143,-10.800414729780973,False,3.419
City of Biñan,2022,Wet,6,12,99.8,25.32,82.81,0.40723049247535775,0.28080886827070894,-0.3967049366411875,-5.963202431554401,-11.842006064508972,False,3.419
City of Cabuyao,2022,Wet,1,7,366.4,26.34,88.42,0.47730997095006605,0.33410492323414703,-0.44689504662658286,-5.994931564695809,-11.949109982199479,False,3.677
City of Cabuyao,2022,Wet,2,8,439.8,25.88,88.97,0.4721877184809851,0.38832802636531927,-0.4291818701565419,-6.465885231342577,-12.247660248491716,False,3.677
City of Cabuyao,2022,Wet,3,9,332.9,26.05,87.63,0.5642800467113886,0.4921597087792866,-0.4941653751608648,-6.167106134535794,-11.860806158353853,False,3.677
City of Cabuyao,2022,Wet,4,10,459.5,26.11,87.21,0.45169007273466205,0.41901763432616446,-0.41882808179247283,-5.79047780703195,-11.543025833714946,False,3.677
City of Cabuyao,2022,Wet,5,11,94.1,25.9,87.19,0.33379607737459926,0.31068640141486825,-0.2818317058266723,-5.516747359100594,-11.416291668593729,False,3.677
City of Cabuyao,2022,Wet,6,12,122.2,24.85,85.38,0.45445186471246274,0.3254040533596575,-0.43384613495757013,-6.673838630356429,-12.387051641931995,False,3.677
City of Calamba,2022,Wet,1,7,280.1,26.11,88.07,0.5414492251361737,0.3874060484218799,-0.4957361343492813,-5.733238916082564,-12.02522704757607,False,3.767
City of Calamba,2022,Wet,2,8,336.8,25.65,88.4,0.5720296868124894,0.5491744085024487,-0.5062304695631611,-6.438186284651993,-12.668008786111487,False,3.767
City of Calamba,2022,Wet,3,9,300.4,25.84,87.46,0.6451276621378228,0.5742613362052389,-0.5672145753345064,-6.148292237478457,-12.311190918723865,False,3.767
City of Calamba,2022,Wet,4,10,435.2,25.73,87.59,0.5298487675731585,0.5088772541270766,-0.47186708327051885,-5.891107459591982,-12.044466233154711,False,3.767
City of Calamba,2022,Wet,5,11,110.6,25.46,88.08,0.4915907533000469,0.4764219108506667,-0.4222666235519134,-5.588948180547433,-11.81109403422535,False,3.767
City of Calamba,2022,Wet,6,12,111.7,24.4,86.31,0.5571397436986837,0.42604923416737306,-0.5107693936810354,-6.8926093119082585,-12.945392525892547,False,3.767
City of San Pablo,2022,Wet,1,7,304.1,26.55,88.6,0.7264874139655392,0.7918652161517652,-0.6251629127543474,-5.861939603023834,-12.613726062250464,False,3.798
City of San Pablo,2022,Wet,2,8,302.7,26.02,89.02,0.7358570536080915,0.7554893704193104,-0.6347637310353802,-6.298203443141145,-12.882557950700356,False,3.798
City of San Pablo,2022,Wet,3,9,274.8,26.14,88.8,0.6706863748669933,0.6804367003600841,-0.5786992329836967,-6.36219013879796,-12.839365397775065,False,3.798
City of San Pablo,2022,Wet,4,10,479.1,26.25,87.37,0.7365727775759087,0.6400650979038225,-0.6501988110846832,-6.288063310388819,-12.707349457563824,False,3.798
City of San Pablo,2022,Wet,5,11,132.1,26.16,86.9,0.6447409028021963,0.659959422748765,-0.5513188036147798,-6.15503762231892,-12.657968290105112,False,3.798
City of San Pablo,2022,Wet,6,12,115.9,25.04,85.52,,,,-6.817630673096881,-13.22901466542226,False,3.798
City of Santa Rosa,2022,Wet,1,7,366.4,26.34,88.42,0.5360345203330897,0.42281304670420183,-0.4956355777668376,-5.778749455173804,-11.947805569055543,False,3.481
City of Santa Rosa,2022,Wet,2,8,439.8,25.88,88.97,0.4424788961022387,0.36097619219492405,-0.41157036968426397,-6.258809879017376,-12.270489154962027,False,3.481
City of Santa Rosa,2022,Wet,3,9,332.9,26.05,87.63,0.4936179591836554,0.43204547419648487,-0.44917566881204746,-5.816413750042876,-11.853459105077091,False,3.481
City of Santa Rosa,2022,Wet,4,10,459.5,26.11,87.21,0.5632091775359109,0.5580004416474064,-0.488552325943613,-5.543988282999184,-11.613824975825155,False,3.481
City of Santa Rosa,2022,Wet,5,11,94.1,25.9,87.19,0.36538154634736575,0.26577111684646837,-0.35465667222449443,-5.168869717654589,-11.398174792904445,False,3.481
City of Santa Rosa,2022,Wet,6,12,122.2,24.85,85.38,0.4991695427076923,0.3731548680895271,-0.4714941394149271,-6.483281040328266,-12.440758590087727,False,3.481
Famy,2022,Wet,1,7,337.7,26.88,87.67,0.8694959178866353,0.7125667703663873,-0.7449658143801584,-6.449342549178602,-13.24797927499731,False,4.115
Famy,2022,Wet,2,8,353.9,26.35,88.41,,,,-6.430919801368823,-13.041928818474666,False,4.115
Famy,2022,Wet,3,9,337.3,26.23,89.41,0.7157853806546219,0.7428336133841009,-0.6154408180041234,-6.499371528807,-13.005852761028253,False,4.115
Famy,2022,Wet,4,10,382.7,26.32,87.24,0.7777533694310135,0.688392646942314,-0.6699120988436695,-6.328935360561461,-12.957219571274958,False,4.115
Famy,2022,Wet,5,11,144.2,25.92,88.54,,,,-6.334854849250527,-13.022191535317612,False,4.115
Famy,2022,Wet,6,12,213.9,24.72,87.29,0.7087477510169489,0.5771576043017006,-0.6349074582617873,-6.92117337288157,-13.507537273438533,False,4.115
Kalayaan,2022,Wet,1,7,405.9,25.13,91.67,0.7202280091382071,0.7594053579318518,-0.5941014697244942,-6.604377544114735,-13.222090284548115,False,3.19
Kalayaan,2022,Wet,2,8,456.5,24.71,91.87,0.7659506102403005,0.8794738451639812,-0.642300436894099,-6.954541610852435,-13.55208152132293,False,3.19
Kalayaan,2022,Wet,3,9,329.5,24.68,91.67,0.7190380010092337,0.6409900727536036,-0.6098002646637743,-6.998051410207049,-13.562152431201307,False,3.19
Kalayaan,2022,Wet,4,10,521.6,24.48,91.87,0.7892241299513559,0.6645295590278746,-0.672533030592505,-6.743057561560877,-13.202537219152902,False,3.19
Kalayaan,2022,Wet,5,11,311.2,24.05,93.25,0.6203794358613346,0.6417767559541023,-0.507515926989611,-6.700376690903842,-13.276812796345844,False,3.19
Kalayaan,2022,Wet,6,12,375.2,22.82,92.74,,,,-7.3694663195605505,-13.904030317738327,False,3.19
Liliw,2022,Wet,1,7,385.4,25.57,87.89,0.7264078721872835,0.8233063089068632,-0.619787474118403,-6.138032124519923,-12.905011933411188,False,4.019
Liliw,2022,Wet,2,8,397.1,25.07,88.24,0.6961404092677425,0.6825682405238789,-0.6026472482561933,-6.195295862835661,-12.808999197536668,False,4.019
Liliw,2022,Wet,3,9,315.5,25.03,89.11,0.6820977436987974,0.688692535719727,-0.5837917165685885,-6.495833198133375,-13.116128940715129,False,4.019
Liliw,2022,Wet,4,10,547.4,25.11,87.65,0.806416464809459,0.618280606221012,-0.7120695139377395,-6.128301322811039,-12.766081641205107,False,4.019
Liliw,2022,Wet,5,11,133.3,24.94,87.62,0.6873183924989875,0.6893183051615961,-0.5881358527783971,-6.267931249565065,-12.936107143806137,False,4.019
Liliw,2022,Wet,6,12,193.6,23.61,87.72,,,,-6.67005051679902,-13.330927398061517,False,4.019
Los Baños,2022,Wet,1,7,373.6,25.48,88.57,0.7400753468480759,0.7082081744002261,-0.6387473869849497,-5.624175679683382,-12.302940497131237,False,3.553
Los Baños,2022,Wet,2,8,392.9,24.92,89.58,0.7124037533458335,0.713058557242628,-0.61571464427444,-6.118799295684101,-12.846914478681256,False,3.553
Los Baños,2022,Wet,3,9,286.9,25.18,87.89,0.6559022647971734,0.6535165707168498,-0.5571253746997158,-6.05111140601877,-12.713889848198477,False,3.553
Los Baños,2022,Wet,4,10,447.0,25.2,86.42,0.6507528225074042,0.7357752331654258,-0.5680331626646205,-5.709500391719563,-12.371981297858692,False,3.553
Los Baños,2022,Wet,5,11,166.4,25.07,85.83,0.30594685907611446,0.4056306233445257,-0.23199690975792078,-5.545623084726643,-12.167600414388078,False,3.553
Los Baños,2022,Wet,6,12,124.6,23.95,84.07,0.7316649370935743,0.6289403997776736,-0.631786645634167,-6.3105347015871756,-13.011446509451785,False,3.553
Luisiana,2022,Wet,1,7,406.7,24.28,90.65,0.7660329028953008,0.8164980927844911,-0.6455660939705322,-5.942378107068836,-12.749795155427861,False,2.935
Luisiana,2022,Wet,2,8,384.5,23.88,90.7,0.7666321828094746,0.6608435279900822,-0.6635531726699192,-6.213541064656545,-12.98859812881621,False,2.935
Luisiana,2022,Wet,3,9,305.1,23.82,91.34,0.732446356926693,0.6874321131539851,-0.6205640778836607,-6.463573014572773,-13.275321691560684,False,2.935
Luisiana,2022,Wet,4,10,597.2,23.62,92.09,0.8533140947134977,0.684566110813294,-0.7427034343557352,-6.268685189600657,-12.908458604897868,False,2.935
Luisiana,2022,Wet,5,11,252.8,23.33,93.27,0.564384722164443,0.6713095779592815,-0.4688383333753676,-6.1504890345679,-12.909206064983456,False,2.935
Luisiana,2022,Wet,6,12,349.7,21.99,93.5,,,,-6.708499851105358,-13.397916606908934,False,2.935
Lumban,2022,Wet,1,7,405.9,25.13,91.67,0.48718696761185176,0.5903464910643802,-0.387485642644036,-7.144508161303406,-13.539497096848368,False,3.835
Lumban,2022,Wet,2,8,456.5,24.71,91.87,0.6849197364695631,0.662797647931807,-0.5812933411179537,-7.352674629727239,-13.762730968727004,False,3.835
Lumban,2022,Wet,3,9,329.5,24.68,91.67,0.7154097186890743,0.6314490221723766,-0.6029048491464456,-7.383259059440246,-13.766294246675637,False,3.835
Lumban,2022,Wet,4,10,521.6,24.48,91.87,0.7213137195441818,0.6141183761665696,-0.608627902460447,-7.037328232870659,-13.40065522176497,False,3.835
Lumban,2022,Wet,5,11,311.2,24.05,93.25,0.6867203279411341,0.6398908455801707,-0.5777579456391783,-7.182420562010901,-13.632918851494006,False,3.835
Lumban,2022,Wet,6,12,375.2,22.82,92.74,,,,-7.882329805040968,-14.380145512388307,False,3.835
Mabitac,2022,Wet,1,7,378.4,26.89,85.45,0.6296011184443945,0.7411855331489018,-0.5131271052009921,-7.628510514887298,-14.647491910535692,False,4.163
Mabitac,2022,Wet,2,8,400.9,26.28,86.7,0.6800034051219459,0.5869321741765351,-0.5831885474840509,-7.502002966225811,-14.053623572970773,False,4.163
Mabitac,2022,Wet,3,9,400.7,26.19,86.97,0.7474975429321746,0.718543703786688,-0.6372151307881375,-7.427697402016572,-13.90694930039989,False,4.163
Mabitac,2022,Wet,4,10,380.9,26.46,84.04,0.6912342907378779,0.6047221533360732,-0.5893804698806139,-8.272937021360248,-14.943092767863005,False,4.163
Mabitac,2022,Wet,5,11,91.0,26.2,84.11,,,,-7.98888328952745,-14.814289170135611,False,4.163
Mabitac,2022,Wet,6,12,158.0,25.02,82.48,0.5400198496209628,0.43001297627983476,-0.4642090559220874,-8.353772415458224,-15.521330298338874,False,4.163
Magdalena,2022,Wet,1,7,332.7,27.08,86.76,0.4227460655417754,0.5331518336804243,-0.313664741107147,-6.09988465969394,-12.854988050180792,False,3.922
Magdalena,2022,Wet,2,8,363.2,26.61,87.11,-0.031528519466519356,-0.023899747990071774,0.059595486149191856,-6.2912195919131975,-12.89334119212338,False,3.922
Magdalena,2022,Wet,3,9,308.8,26.55,87.86,0.6784516732022918,0.7216450279689608,-0.5784269833343489,-6.254968785269104,-12.848215568390307,False,3.922
Magdalena,2022,Wet,4,10,427.9,26.66,85.65,0.7990092497669153,0.620255257565429,-0.7037383637734694,-6.027948687628557,-12.671745148780012,False,3.922
Magdalena,2022,Wet,5,11,141.8,26.45,85.9,0.4658246964119089,0.5759073801498665,-0.3780621250868525,-6.266109620495235,-12.971097411970707,False,3.922
Magdalena,2022,Wet,6,12,194.7,25.15,85.54,,,,-6.952543831997999,-13.689831074387747,False,3.922
Majayjay,2022,Wet,1,7,406.7,25.24,90.7,0.7815004534053857,0.9046973793172106,-0.6609384728511991,-6.135656554380464,-12.90075286405614,False,3.4
Majayjay,2022,Wet,2,8,384.5,24.82,90.76,0.6988961297899082,0.6557368644212955,-0.6096505359134282,-6.2183385247639835,-12.875667523467632,False,3.4
Majayjay,2022,Wet,3,9,305.1,24.78,91.39,0.7171821588307485,0.7262954624726731,-0.6113387777534803,-6.5799177411958825,-13.297231115973384,False,3.4
Majayjay,2022,Wet,4,10,597.2,24.57,92.14,0.8357607983943701,0.6767729129971511,-0.7319932006244612,-6.20509964041374,-12.820290581471497,False,3.4
Majayjay,2022,Wet,5,11,252.8,24.28,93.32,0.6726719412295322,0.6973729565675352,-0.5760253134816028,-6.241848380855004,-12.882962848073038,False,3.4
Majayjay,2022,Wet,6,12,349.7,22.94,93.55,,,,-6.644997595290102,-13.294965889024239,False,3.4
Nagcarlan,2022,Wet,1,7,385.4,25.57,87.89,0.7091333134091058,0.8208151028783207,-0.6009808059923908,-5.802668692534117,-12.747406011104312,False,3.825
Nagcarlan,2022,Wet,2,8,397.1,25.07,88.24,0.6704713350004328,0.7373512588974714,-0.57472225847834,-5.897397964978584,-12.74366570728084,False,3.825
Nagcarlan,2022,Wet,3,9,315.5,25.03,89.11,0.7034271540345514,0.7517788377274107,-0.597949105342982,-6.145491712008955,-12.952817035169748,False,3.825
Nagcarlan,2022,Wet,4,10,547.4,25.11,87.65,0.8521930482786149,0.6642367544033847,-0.7488970504490786,-5.828034631463282,-12.597742342498123,False,3.825
Nagcarlan,2022,Wet,5,11,133.3,24.94,87.62,0.6445266493960919,0.6661478165151503,-0.5526391157976712,-5.907486229559493,-12.6055216267634,False,3.825
Nagcarlan,2022,Wet,6,12,193.6,23.61,87.72,,,,-6.38734339168511,-13.065578013899453,False,3.825
Paete,2022,Wet,1,7,316.4,24.35,91.25,0.6590859454607714,0.7271892366275164,-0.5567107127851904,-6.161631916287177,-12.772665002775046,False,2.969
Paete,2022,Wet,2,8,309.2,23.94,91.47,,,,-6.502638708377715,-13.066081250073536,False,2.969
Paete,2022,Wet,3,9,273.1,23.93,90.96,0.7310801387516552,0.7005099393112686,-0.621833702743239,-6.5780160776903,-13.193622094073142,False,2.969
Paete,2022,Wet,4,10,469.4,23.58,92.24,0.7806692437559138,0.7246553943289276,-0.6584011889973602,-6.341078115622706,-12.794552048668184,False,2.969
Paete,2022,Wet,5,11,368.6,23.03,94.42,,,,-6.193225196120604,-12.813304208108724,False,2.969
Paete,2022,Wet,6,12,548.5,21.87,93.74,0.7932589366615592,0.6351779341772317,-0.7023906793508158,-6.804485652387475,-13.226696826477642,False,2.969
Pagsanjan,2022,Wet,1,7,332.7,27.28,86.78,0.7690054417675359,0.960047748608467,-0.6388103335695527,-6.542238190710679,-13.410521612706818,False,3.875
Pagsanjan,2022,Wet,2,8,363.2,26.85,87.13,,,,-6.620256090287047,-13.212570620272697,False,3.875
Pagsanjan,2022,Wet,3,9,308.8,26.78,87.88,0.6246550083385579,0.6222137501033864,-0.5360639733355297,-6.646274148934722,-13.091229265628051,False,3.875
Pagsanjan,2022,Wet,4,10,427.9,26.88,85.69,0.7589111951391321,0.6109078826143459,-0.6679784084029837,-6.225763824824745,-12.747062220542327,False,3.875
Pagsanjan,2022,Wet,5,11,141.8,26.69,85.92,0.47887851986348345,0.4943758262407051,-0.390347214094816,-6.365106142179499,-13.003109489477152,False,3.875
Pagsanjan,2022,Wet,6,12,194.7,25.37,85.57,,,,-7.37708222597895,-14.24974770167511,False,3.875
Pakil,2022,Wet,1,7,284.8,27.86,81.34,0.5833570153769578,0.7080163403965666,-0.4941008788525832,-6.272646666316575,-12.885527675280564,False,3.258
Pakil,2022,Wet,2,8,341.7,27.32,82.55,0.770284247197983,0.6621428385736605,-0.6627510108464724,-6.495508695243141,-13.124868649694953,False,3.258
Pakil,2022,Wet,3,9,297.3,27.29,82.65,0.747445290904274,0.7360234741475968,-0.6353081519879269,-6.685446769175759,-13.344699362458824,False,3.258
Pakil,2022,Wet,4,10,362.9,27.54,80.1,0.8044756097888499,0.693061378910006,-0.6879117200244267,-6.526716715187078,-13.066125415609829,False,3.258
Pakil,2022,Wet,5,11,67.6,27.27,80.31,-0.020204711084564526,-0.026217466220259666,0.10275026907523473,-6.511499770825712,-13.23836296760469,False,3.258
Pakil,2022,Wet,6,12,126.0,26.07,79.19,0.7222232568331173,0.5622311026610289,-0.6338475466720536,-7.139115261358124,-13.692016100133904,False,3.258
Pangil,2022,Wet,1,7,311.4,25.11,90.13,0.5630547520255414,0.7505827445335362,-0.4772417959884408,-6.382178379235052,-13.077805378105063,False,3.878
Pangil,2022,Wet,2,8,296.0,24.68,90.27,0.05583871714770794,0.051984235644340515,0.011450785677880049,-6.523045152765009,-13.173922521157431,False,3.878
Pangil,2022,Wet,3,9,297.2,24.58,90.79,0.7237443650087036,0.7096194545597589,-0.6150019801831397,-6.650951145148093,-13.273739383842251,False,3.878
Pangil,2022,Wet,4,10,458.1,24.37,90.86,0.7913236276334953,0.7185517831249628,-0.6722040341672517,-6.571145370519217,-13.084319604174794,False,3.878
Pangil,2022,Wet,5,11,307.0,23.82,93.24,,,,-6.646120474513428,-13.317688108366466,False,3.878
Pangil,2022,Wet,6,12,418.8,22.65,92.14,0.7030049015930013,0.576443560204646,-0.6162635081094476,-7.192325292876967,-13.802983105486307,False,3.878
Pila,2022,Wet,1,7,423.8,27.39,86.92,0.4910258626536323,0.43117293999401685,-0.4143548387078796,-7.542350997562733,-14.656171978622615,False,4.143
Pila,2022,Wet,2,8,406.8,26.9,87.31,0.7274885027032153,0.5293042758577746,-0.628293316928964,-7.614961770695846,-13.819244695791792,False,4.143
Pila,2022,Wet,3,9,343.3,27.01,86.61,0.5551939097301565,0.5775835132059026,-0.46798167091883214,-7.547568338086042,-13.400965323677692,False,4.143
Pila,2022,Wet,4,10,419.1,27.16,83.87,0.6430701876636056,0.46848680779812546,-0.5808779538335351,-6.669810209637792,-12.661912165056929,False,4.143
Pila,2022,Wet,5,11,93.6,27.04,82.91,0.11510943578554772,0.03147814219162528,-0.05771639424596132,-7.177152121938149,-13.644443633536888,False,4.143
Pila,2022,Wet,6,12,149.8,25.78,82.14,,,,-8.10339871902453,-15.45891158192058,False,4.143
Rizal,2022,Wet,1,7,340.4,25.1,88.89,0.7512205983788914,0.8318017368190888,-0.6382170856154521,-6.063067942751997,-12.940017708308526,False,3.443
Rizal,2022,Wet,2,8,350.3,24.55,89.18,,,,-6.253589429636832,-12.912385439954262,False,3.443
Rizal,2022,Wet,3,9,349.1,24.5,90.36,0.6934832171319879,0.7409280445211913,-0.589002699058242,-6.399586470754797,-13.11649518374795,False,3.443
Rizal,2022,Wet,4,10,579.6,24.65,88.94,0.8583563052859103,0.71386757372828,-0.7478926897074174,-6.245129797660121,-12.805478868125876,False,3.443
Rizal,2022,Wet,5,11,127.3,24.6,88.52,0.6585160309518715,0.7219439338843184,-0.552586282460413,-6.235606432240419,-12.782697847276118,False,3.443
Rizal,2022,Wet,6,12,149.3,23.33,88.16,,,,-6.615519206102419,-13.16171828919299,False,3.443
Santa Cruz,2022,Wet,1,7,423.8,27.21,86.91,0.4642778226095647,0.4184285116332998,-0.37896935519630753,-7.214182532843498,-13.788789538643469,False,4.079
Santa Cruz,2022,Wet,2,8,406.8,26.71,87.29,-0.0010154710907954723,-0.0008940224070101976,0.033898516965564326,-7.237580713396781,-13.349786318854097,False,4.079
Santa Cruz,2022,Wet,3,9,343.3,26.82,86.6,0.5837206715783424,0.5841672425439909,-0.49934640974938044,-7.330400808762499,-13.166920446392268,False,4.079
Santa Cruz,2022,Wet,4,10,419.1,26.98,83.86,0.5808518111144837,0.45563921635456106,-0.5277448083713291,-6.582984389863183,-12.662275654543834,False,4.079
Santa Cruz,2022,Wet,5,11,93.6,26.84,82.91,0.1204964924310785,-0.1673007139420357,-0.0740230014855643,-7.365373523730061,-13.748437354770163,False,4.079
Santa Cruz,2022,Wet,6,12,149.8,25.59,82.12,,,,-7.883613961872176,-14.679967640372729,False,4.079
Santa Maria,2022,Wet,1,7,336.5,26.82,86.94,0.8057636219560795,0.6648686929964289,-0.6945528374584257,-6.6066742518486254,-13.428850775089277,False,4.314
Santa Maria,2022,Wet,2,8,353.7,26.21,87.76,,,,-6.653496386127621,-13.195121735416965,False,4.314
Santa Maria,2022,Wet,3,9,370.2,26.05,89.41,0.7229095467867364,0.759183073713942,-0.6188223371363663,-6.617746297231124,-13.082392902221205,False,4.314
Santa Maria,2022,Wet,4,10,379.0,26.33,86.02,0.7702369282988089,0.6732985770503579,-0.6618858304412957,-6.584141709289166,-13.124535133660014,False,4.314
Santa Maria,2022,Wet,5,11,136.8,26.04,86.64,,,,-6.834891452358965,-13.518113386229297,False,4.314
Santa Maria,2022,Wet,6,12,165.3,24.85,85.34,0.7676151535635938,0.6083568981260485,-0.6849784841616976,-7.266687542039032,-14.144267625691237,False,4.314
Siniloan,2022,Wet,1,7,274.0,25.09,89.57,0.8427360305125303,0.7356184682204889,-0.7189103988499641,-6.667620708354427,-13.549332663204867,False,4.177
Siniloan,2022,Wet,2,8,315.9,24.63,89.6,0.5368078996737801,0.5024376515713005,-0.4569172465966809,-6.591938557705768,-13.289587757823575,False,4.177
Siniloan,2022,Wet,3,9,327.8,24.51,90.73,0.7733789265714057,0.7616958513075671,-0.659088810741198,-6.698157506272479,-13.259227053809216,False,4.177
Siniloan,2022,Wet,4,10,404.1,24.46,89.73,0.7452059763888725,0.6667238498923114,-0.6422362825066839,-6.510453263949559,-13.087911955368437,False,4.177
Siniloan,2022,Wet,5,11,224.9,23.98,91.86,,,,-6.617978135288692,-13.306093840573045,False,4.177
Siniloan,2022,Wet,6,12,264.5,22.79,90.61,0.6761282129699253,0.4967830079404521,-0.6015056808497125,-6.986521599660126,-13.694477550654314,False,4.177
Victoria,2022,Wet,1,7,423.8,27.39,86.92,0.5309550159736569,0.423120394790085,-0.43457496264491524,-8.054251311325764,-15.32543761341468,False,4.221
Victoria,2022,Wet,2,8,406.8,26.9,87.31,0.6473210639169884,0.4637230915708734,-0.5573695126613312,-8.350109031380795,-14.497700690526132,False,4.221
Victoria,2022,Wet,3,9,343.3,27.01,86.61,0.5351228097451524,0.5508359154990221,-0.44425552942337426,-7.981985014955092,-13.94844829914329,False,4.221
Victoria,2022,Wet,4,10,419.1,27.16,83.87,0.5802347882776371,0.4317851795491916,-0.5249783972524669,-7.263702441713206,-13.741716756167724,False,4.221
Victoria,2022,Wet,5,11,93.6,27.04,82.91,0.22298795007664166,0.23051134757181022,-0.14577765023589248,-8.30378922028325,-14.955766902202713,False,4.221
Victoria,2022,Wet,6,12,149.8,25.78,82.14,,,,-8.79579678829861,-16.527306930934323,False,4.221
Alaminos,2023,Dry,1,1,162.9,23.73,85.2,0.8115947156132204,0.6229251242421394,-0.7235833709378896,-6.298162141367204,-13.045295362648591,False,3.30586
Alaminos,2023,Dry,2,2,64.6,24.16,81.78,0.5485645873206002,0.44018356714929857,-0.46022094999040875,-5.91867140011265,-12.850862776351246,False,3.30586
Alaminos,2023,Dry,3,3,42.9,24.66,77.3,0.5964846263623093,0.6479292941340329,-0.5097163257866919,-6.554788804596732,-13.153353114670335,False,3.30586
Alaminos,2023,Dry,4,4,147.5,26.17,79.8,0.6825171209000641,0.6589282862373477,-0.6065436630700258,-6.189294833693371,-13.052936408446008,False,3.30586
Alaminos,2023,Dry,5,5,146.8,26.71,84.09,0.6269540432825086,0.6322900283493397,-0.5486507395277611,-6.054307649733328,-12.98868688393724,False,3.30586
Alaminos,2023,Dry,6,6,214.3,26.27,86.1,0.7909369140605768,0.7034268197469966,-0.6880247366765404,-5.658513612311576,-12.802282753930895,False,3.30586
Bay,2023,Dry,1,1,159.9,24.39,83.58,0.7381921996706748,0.5515101038323085,-0.6521398917387256,-6.985017403305154,-14.223962250296026,False,4.38725
Bay,2023,Dry,2,2,53.2,25.05,78.7,0.6157559011545447,0.7932917070057657,-0.5212307319872911,-6.801740367798078,-13.784267136778956,False,4.38725
Bay,2023,Dry,3,3,12.0,25.79,72.88,0.5781247042575659,0.6090711532857546,-0.493576526439109,-7.472728423431703,-13.935824657967462,False,4.38725
Bay,2023,Dry,4,4,137.8,27.07,77.28,0.625906994436955,0.5691920386720983,-0.5586624319894951,-7.0871869106182945,-13.699599996802325,False,4.38725
Bay,2023,Dry,5,5,161.4,27.72,81.66,0.5974333363558502,0.523793210399676,-0.5248372793177595,-6.93184216493727,-13.83391164796359,False,4.38725
Bay,2023,Dry,6,6,262.0,27.19,85.12,0.6118137712904248,0.5359020933542076,-0.5308477119200925,-6.614659625987756,-13.9718115485448,False,4.38725
Calauan,2023,Dry,1,1,160.1,24.62,84.0,0.7948398669909731,0.6199342653196454,-0.6985563061393407,-6.8107146282505155,-13.68592221669589,False,4.21921
Calauan,2023,Dry,2,2,76.5,25.17,79.87,0.4348802664508559,0.39646969694797296,-0.3569636610272813,-6.551280649476494,-13.37236372498459,False,4.21921
Calauan,2023,Dry,3,3,14.3,25.76,74.73,0.6517676515887075,0.7602122549432198,-0.5680160314307576,-7.140154512916234,-13.5370931854418,False,4.21921
Calauan,2023,Dry,4,4,128.4,27.13,77.91,0.7053739384208204,0.6566904390431493,-0.6191885614609749,-6.853096787449488,-13.428217614853356,False,4.21921
Calauan,2023,Dry,5,5,177.6,27.82,81.96,0.726349253360087,0.6561461058657635,-0.628392675948574,-6.617183724102638,-13.384145666212676,False,4.21921
Calauan,2023,Dry,6,6,279.7,27.47,84.22,0.758452265946386,0.6942459043425373,-0.6461027728415383,-6.271850454396051,-13.418782394375045,False,4.21921
Cavinti,2023,Dry,1,1,352.5,22.05,92.47,0.6969079187743512,0.5571493837125109,-0.5783967794380656,-7.084205815722998,-13.680132112245667,False,3.45246
Cavinti,2023,Dry,2,2,183.1,22.69,88.26,,,,-7.004212378448433,-13.76854730117614,False,3.45246
Cavinti,2023,Dry,3,3,32.0,23.14,84.32,0.6200397408752676,0.5805734059592565,-0.5253409244463931,-7.125118359189529,-13.67613971252953,False,3.45246
Cavinti,2023,Dry,4,4,137.8,24.77,85.09,0.7462322423775424,0.6627895878463302,-0.6388894043941427,-7.084920002232237,-13.649872848451626,False,3.45246
Cavinti,2023,Dry,5,5,205.6,25.61,87.23,0.7326173002278535,0.6469066485658201,-0.62469835427173,-7.153623446485072,-14.057398044858395,False,3.45246
Cavinti,2023,Dry,6,6,292.9,25.45,88.2,0.7390468974955027,0.6596642225568752,-0.6216287021737825,-6.720669910509574,-13.601424891323328,False,3.45246
City of Biñan,2023,Dry,1,1,114.5,24.79,81.23,0.4422912412004801,0.30218814946694206,-0.4245242044438882,-6.183444969995292,-11.982240140893843,False,3.73267
City of Biñan,2023,Dry,2,2,70.9,25.6,75.21,0.3397126638080082,0.3144199178103439,-0.30960744755992387,-6.114984455342015,-11.926411730287725,False,3.73267
City of Biñan,2023,Dry,3,3,11.6,26.46,69.12,0.309824327333319,0.22526783654042487,-0.3370878365292249,-6.361686146778106,-12.136526950734586,False,3.73267
City of Biñan,2023,Dry,4,4,134.2,27.51,75.06,0.36256680361213844,0.2881564580340681,-0.36609595507265047,-6.075675399152437,-12.017017166323756,False,3.73267
City of Biñan,2023,Dry,5,5,127.0,28.3,76.99,0.38402302833202195,0.3777263318927293,-0.3576294145506668,-5.995627602469558,-11.946743019926856,False,3.73267
City of Biñan,2023,Dry,6,6,284.7,27.39,82.66,0.41905222192441755,0.34372475675336817,-0.4095319447285161,-5.223705645722101,-11.276682173278601,False,3.73267
City of Cabuyao,2023,Dry,1,1,102.1,24.28,83.93,0.5191772359015469,0.36697986144256506,-0.48348582063469653,-6.855194909576021,-12.56632531856834,False,3.7071
City of Cabuyao,2023,Dry,2,2,62.5,25.05,78.39,0.5061734671444454,0.5345902208049703,-0.44037411044094116,-6.65779398374151,-12.391316345333202,False,3.7071
City of Cabuyao,2023,Dry,3,3,20.4,25.93,72.44,0.41032370005001095,0.31451806515739633,-0.4076737722726959,-7.129593382035414,-12.770963192264896,False,3.7071
City of Cabuyao,2023,Dry,4,4,152.3,27.07,77.46,0.4434155001589849,0.3601319042504779,-0.4273344627337348,-6.921871337321062,-12.682808263317044,False,3.7071
City of Cabuyao,2023,Dry,5,5,145.2,27.77,80.15,0.4027669915927732,0.36596254614349516,-0.37863546856628966,-6.8574570094997345,-12.662283329305888,False,3.7071
City of Cabuyao,2023,Dry,6,6,249.6,27.08,84.24,0.5348755568733895,0.4312802917770124,-0.49574001896709935,-6.39621502736249,-12.33807567274412,False,3.7071
City of Calamba,2023,Dry,1,1,101.0,23.8,85.23,0.6074200964040068,0.43802545257098013,-0.5568345860967278,-7.027418264215187,-13.044677750932589,False,3.96282
City of Calamba,2023,Dry,2,2,38.0,24.58,79.44,0.5138732987766514,0.502835499328285,-0.46344775355373385,-6.764473448970879,-12.971557012521354,False,3.96282
City of Calamba,2023,Dry,3,3,12.0,25.51,72.9,0.43303753474325,0.3412241850004251,-0.43260389782152026,-7.391345203789162,-13.420256791796444,False,3.96282
City of Calamba,2023,Dry,4,4,181.7,26.76,77.26,0.5167099270327958,0.4154898087918447,-0.49155127241899993,-7.14784784312776,-13.367920936229089,False,3.96282
City of Calamba,2023,Dry,5,5,137.2,27.43,80.62,0.5298864229848435,0.4924708978148561,-0.47432633466507224,-6.995948203354292,-13.282394272947275,False,3.96282
City of Calamba,2023,Dry,6,6,282.1,26.66,85.29,0.567944888834245,0.5330036252244891,-0.507575750085244,-6.480002709780658,-12.927811296749155,False,3.96282
City of San Pablo,2023,Dry,1,1,161.4,24.34,85.46,0.7793969572392975,0.5856593609916774,-0.6898860818580833,-6.893667371293638,-13.331654591263558,False,4.08502
City of San Pablo,2023,Dry,2,2,80.7,24.85,81.87,,,,-6.573188688837874,-13.167494592828309,False,4.08502
City of San Pablo,2023,Dry,3,3,28.7,25.41,77.08,0.5847410082571,0.6289211498760281,-0.5077990498788516,-7.242702937499665,-13.554983747604487,False,4.08502
City of San Pablo,2023,Dry,4,4,122.5,26.91,79.52,0.6663915912628485,0.5617635052322484,-0.6004331843906844,-6.790912415999263,-13.366399573444777,False,4.08502
City of San Pablo,2023,Dry,5,5,134.7,27.48,83.7,0.7140523598457218,0.612296357512431,-0.6254235727175071,-6.7396122984945475,-13.383041340175666,False,4.08502
City of San Pablo,2023,Dry,6,6,257.7,27.06,86.01,0.7212282203536362,0.6471767361583306,-0.6290987237731372,-6.490362587033393,-13.264458531881674,False,4.08502
City of Santa Rosa,2023,Dry,1,1,102.1,24.28,83.93,0.5820560571505214,0.4174625524750222,-0.5295541481181171,-6.662580028095668,-12.626771430917477,False,3.48937
City of Santa Rosa,2023,Dry,2,2,62.5,25.05,78.39,0.3799352188948961,0.35052599341832474,-0.3425570356117068,-6.510444344568439,-12.538426293249872,False,3.48937
City of Santa Rosa,2023,Dry,3,3,20.4,25.93,72.44,0.39438371979306364,0.2892233293377184,-0.40561750654361,-6.997722411504412,-13.004989693418572,False,3.48937
City of Santa Rosa,2023,Dry,4,4,152.3,27.07,77.46,0.4376447951176324,0.3386739991228803,-0.4247529003932367,-6.7514742138475965,-12.87773842610364,False,3.48937
City of Santa Rosa,2023,Dry,5,5,145.2,27.77,80.15,0.3823264296134264,0.34842109829026247,-0.36347333334659643,-6.653437968231777,-12.776228696849289,False,3.48937
City of Santa Rosa,2023,Dry,6,6,249.6,27.08,84.24,0.5298764671795088,0.4341617863092437,-0.4919571639793789,-5.988334144111589,-12.243169130652317,False,3.48937
Famy,2023,Dry,1,1,260.0,23.99,87.35,0.7811023000653332,0.6293331177070194,-0.6859091726416418,-6.868895032296099,-13.548960748449108,False,4.67355
Famy,2023,Dry,2,2,97.1,24.59,83.75,,,,-6.757712059574727,-13.501773981281156,False,4.67355
Famy,2023,Dry,3,3,15.3,25.17,79.02,0.7843008172573127,0.625949185063475,-0.6940477355822404,-7.226856319047083,-13.662440959691363,False,4.67355
Famy,2023,Dry,4,4,109.5,26.84,80.64,0.7399101107803941,0.6359884845516142,-0.6516753158362985,-6.872515455872752,-13.369944371151611,False,4.67355
Famy,2023,Dry,5,5,161.5,27.58,83.78,0.7730774351144013,0.8377615802677527,-0.664692487182768,-6.750279389032951,-13.601677921784479,False,4.67355
Famy,2023,Dry,6,6,207.3,27.24,85.99,0.8123976784269261,0.7195036292785748,-0.6979137662252067,-6.674262461651869,-13.78984088014714,False,4.67355
Kalayaan,2023,Dry,1,1,408.5,22.09,93.18,0.6564350769299443,0.5800249098764584,-0.5658528896501188,-7.292804306265572,-13.910688476153135,False,3.60609
Kalayaan,2023,Dry,2,2,195.2,22.8,88.33,,,,-7.0116664462710325,-13.862835329329519,False,3.60609
Kalayaan,2023,Dry,3,3,38.0,23.28,84.0,0.7195224060090375,0.6422422518860686,-0.6171656727581138,-7.222117334795811,-13.804451631553334,False,3.60609
Kalayaan,2023,Dry,4,4,152.0,24.87,85.63,0.7169228038023142,0.6358520438246493,-0.6168733240141144,-7.050694243575368,-13.486326701166362,False,3.60609
Kalayaan,2023,Dry,5,5,191.1,25.74,88.36,0.6898837306906256,0.6561606647921677,-0.574052920324477,-7.085089422975682,-13.732969063481377,False,3.60609
Kalayaan,2023,Dry,6,6,278.3,25.6,89.18,0.7978689884225083,0.7598292709312732,-0.6710061020722707,-6.671187484574844,-13.498066934330058,False,3.60609
Liliw,2023,Dry,1,1,208.5,22.9,87.79,0.7582572957159989,0.5967673661633118,-0.6691249759892834,-6.402036952217754,-13.089876237247832,False,4.40579
Liliw,2023,Dry,2,2,123.2,23.49,83.76,,,,-6.576972378028699,-13.399873457926764,False,4.40579
Liliw,2023,Dry,3,3,21.2,24.0,79.54,-0.006232889535580429,0.07650613780213329,0.026701322443557707,-7.02851663385103,-13.549265477150211,False,4.40579
Liliw,2023,Dry,4,4,140.5,25.57,80.73,0.7164261550442483,0.6610407483133658,-0.6319461735549893,-6.903192305656764,-13.50867166310438,False,4.40579
Liliw,2023,Dry,5,5,230.4,26.25,84.09,0.7756928128098541,0.666233578251794,-0.673727976590974,-6.72316139013984,-13.527332255659664,False,4.40579
Liliw,2023,Dry,6,6,263.7,26.0,85.69,0.7439600878177591,0.7180708972172252,-0.6403198456830145,-6.444866030230222,-13.37100927390754,False,4.40579
Los Baños,2023,Dry,1,1,159.9,23.32,83.46,0.7716803605449397,0.6108322588364683,-0.6858977029569305,-6.36540621738497,-12.985164444227424,False,3.29041
Los Baños,2023,Dry,2,2,53.2,23.99,78.58,0.5139959222283464,0.45417266197013234,-0.4652927732950855,-6.1864746121040755,-12.85574810015378,False,3.29041
Los Baños,2023,Dry,3,3,12.0,24.74,72.71,0.11539083879963473,0.11151828001364743,-0.05445542488930035,-6.562054114514979,-13.008209316777231,False,3.29041
Los Baños,2023,Dry,4,4,137.8,26.01,77.15,0.6817268500413141,0.6333459219832724,-0.6027700860353179,-6.358709350321578,-12.939251708901532,False,3.29041
Los Baños,2023,Dry,5,5,161.4,26.65,81.56,0.6679820599794062,0.6240066048434042,-0.5847547023328028,-6.273176862443254,-12.943434557747912,False,3.29041
Los Baños,2023,Dry,6,6,262.0,26.13,85.0,0.6677829147254073,0.5930617726053087,-0.5894685696610833,-6.078593995822917,-12.928105730941395,False,3.29041
Luisiana,2023,Dry,1,1,474.9,21.22,94.06,0.7258451630906573,0.6082099619149683,-0.6328403168060401,-6.414134581834699,-13.14342981443677,False,3.45801
Luisiana,2023,Dry,2,2,248.4,21.81,89.99,,,,-6.376262659296592,-13.343667077592984,False,3.45801
Luisiana,2023,Dry,3,3,57.3,22.16,86.78,0.6143226002134531,0.6573268771151365,-0.5291486534355045,-6.407082873887399,-13.125675936407498,False,3.45801
Luisiana,2023,Dry,4,4,162.7,23.87,86.51,0.7815398500735056,0.7535869820311433,-0.6690242242353489,-6.590408975240806,-13.381116712165545,False,3.45801
Luisiana,2023,Dry,5,5,240.6,24.74,88.61,0.7961049065615825,0.7195299531365181,-0.6880864863204378,-6.628491797506294,-13.4741224668817,False,3.45801
Luisiana,2023,Dry,6,6,293.0,24.62,89.01,0.8264264130642771,0.7371966704783919,-0.7089388113888796,-6.0537635394079485,-13.109224883217514,False,3.45801
Lumban,2023,Dry,1,1,408.5,22.09,93.18,0.634557665782604,0.5285890421623596,-0.5492266288870282,-7.916426017291302,-14.44611788993407,False,4.54249
Lumban,2023,Dry,2,2,195.2,22.8,88.33,,,,-7.693243288345832,-14.359764522103514,False,4.54249
Lumban,2023,Dry,3,3,38.0,23.28,84.0,0.6289535973505992,0.5925075022159407,-0.5411101637696465,-7.901837780481287,-14.36002731609432,False,4.54249
Lumban,2023,Dry,4,4,152.0,24.87,85.63,0.6629249430467457,0.5745011580695154,-0.5690721768798012,-7.527435039167156,-13.882418709961591,False,4.54249
Lumban,2023,Dry,5,5,191.1,25.74,88.36,0.6896577192258434,0.6552291143161876,-0.5813319427563678,-7.8681523264506135,-14.485074567731907,False,4.54249
Lumban,2023,Dry,6,6,278.3,25.6,89.18,0.6480035074338277,0.6441478402747411,-0.5328844161261035,-7.500488879844446,-14.076161566128526,False,4.54249
Mabitac,2023,Dry,1,1,143.8,24.33,82.15,0.4884749117656649,0.40873730693037635,-0.4323296148779976,-8.304959998096454,-15.555590241232112,False,4.68182
Mabitac,2023,Dry,2,2,55.7,24.84,79.34,,,,-7.9165815232090475,-14.999776878531534,False,4.68182
Mabitac,2023,Dry,3,3,11.0,25.46,74.36,0.6706379938951834,0.5618335662640075,-0.60109733613464,-8.454472564280504,-14.946239065074883,False,4.68182
Mabitac,2023,Dry,4,4,88.7,27.07,76.9,0.659701982581732,0.5254519246200154,-0.587700804766888,-8.283574198082624,-14.704349418780104,False,4.68182
Mabitac,2023,Dry,5,5,156.1,27.81,79.95,0.6100024482365678,0.585756656798895,-0.4977064481659559,-7.866507817892447,-14.718730781303261,False,4.68182
Mabitac,2023,Dry,6,6,276.1,27.25,83.44,0.5815065168235206,0.5179368047128269,-0.5064953070930578,-7.748601101528476,-14.822446303499142,False,4.68182
Magdalena,2023,Dry,1,1,197.9,24.45,85.58,0.7765127383227566,0.5978430805325977,-0.6840730633177212,-6.8447208993172906,-13.573192574625635,False,4.0381
Magdalena,2023,Dry,2,2,99.8,25.09,81.5,,,,-6.782130481048064,-13.532043617058784,False,4.0381
Magdalena,2023,Dry,3,3,12.5,25.71,76.6,0.527464760541948,0.48649558144046595,-0.4688297357598063,-7.369866779642148,-13.87703394262991,False,4.0381
Magdalena,2023,Dry,4,4,127.4,27.23,78.5,0.6766903594348161,0.5862012113748675,-0.6050535886616225,-7.2076203579320905,-13.85965772583139,False,4.0381
Magdalena,2023,Dry,5,5,168.2,27.91,81.76,0.6260867077351674,0.5627864583043387,-0.536025860860545,-7.142642702130142,-13.923534420300857,False,4.0381
Magdalena,2023,Dry,6,6,249.2,27.61,83.77,0.756037834001682,0.7000212139896835,-0.6489121068326033,-6.557837004473332,-13.481204770544238,False,4.0381
Majayjay,2023,Dry,1,1,474.9,22.17,94.09,0.7701002581305844,0.6769985501408174,-0.6775724383193046,-6.293176418105401,-12.951648706319762,False,3.62896
Majayjay,2023,Dry,2,2,248.4,22.75,90.04,,,,-6.531026590007938,-13.371607717485325,False,3.62896
Majayjay,2023,Dry,3,3,57.3,23.12,86.88,0.4621010188824776,0.6326961572419555,-0.3924560459635971,-6.895572439870661,-13.452235681567725,False,3.62896
Majayjay,2023,Dry,4,4,162.7,24.84,86.6,0.7438933304899642,0.6892655457922604,-0.6511166932204054,-6.930568395883405,-13.508631440066303,False,3.62896
Majayjay,2023,Dry,5,5,240.6,25.68,88.69,0.7631491537815438,0.7282955419787228,-0.6622942396832342,-6.7500559721592275,-13.529097249004456,False,3.62896
Majayjay,2023,Dry,6,6,293.0,25.59,89.07,0.7725127612533182,0.7362508634023779,-0.6651504405873481,-6.388638005802577,-13.321852795786524,False,3.62896
Nagcarlan,2023,Dry,1,1,208.5,22.9,87.79,0.47824345976915905,0.4372638592723309,-0.4352167007993011,-6.241680155600671,-12.929018708273086,False,4.127
Nagcarlan,2023,Dry,2,2,123.2,23.49,83.76,,,,-6.275620328241065,-13.124217480524232,False,4.127
Nagcarlan,2023,Dry,3,3,21.2,24.0,79.54,0.5621030467055658,0.7675604780411189,-0.47264331804791687,-6.636669070689192,-13.278893820321692,False,4.127
Nagcarlan,2023,Dry,4,4,140.5,25.57,80.73,0.7613167451983323,0.6910330837369162,-0.6663884409646403,-6.547147788530655,-13.3013988933655,False,4.127
Nagcarlan,2023,Dry,5,5,230.4,26.25,84.09,0.8040277659891342,0.6905030311179646,-0.6965519916615116,-6.333582011496398,-13.242183453735676,False,4.127
Nagcarlan,2023,Dry,6,6,263.7,26.0,85.69,0.7261700465009506,0.7442896652155379,-0.6210350309360262,-6.067062852499688,-13.1343943239548,False,4.127
Paete,2023,Dry,1,1,604.0,21.19,94.31,0.6432549415370548,0.621177592670573,-0.5601900035697553,-6.8161228903404405,-13.256897348937686,False,3.8408
Paete,2023,Dry,2,2,287.7,21.85,89.18,,,,-6.483246994248754,-13.26246370290675,False,3.8408
Paete,2023,Dry,3,3,91.1,22.26,85.29,0.7575029659337923,0.6795631707595068,-0.6494905734490167,-6.4356784233622175,-13.076864689961868,False,3.8408
Paete,2023,Dry,4,4,186.1,23.87,86.54,0.7843010550146686,0.682692236234812,-0.6655202781408761,-6.640871130828354,-13.205341461532415,False,3.8408
Paete,2023,Dry,5,5,198.7,24.84,88.49,0.7831172866447439,0.809084939442069,-0.6579451983536437,-6.569625765437596,-13.245438755607362,False,3.8408
Paete,2023,Dry,6,6,199.1,24.8,88.58,0.8274451423165239,0.7419537477540811,-0.7020912745729633,-6.129907768635904,-12.873907196979859,False,3.8408
Pagsanjan,2023,Dry,1,1,197.9,24.67,85.59,0.6889721293667611,0.5169840258472679,-0.6140099339798083,-7.203258027622443,-14.125433146205404,False,4.31482
Pagsanjan,2023,Dry,2,2,99.8,25.3,81.53,,,,-7.072172272927878,-13.799665979096853,False,4.31482
Pagsanjan,2023,Dry,3,3,12.5,25.94,76.63,0.4864911001639351,0.5150768492935226,-0.4302786346527592,-7.48143845066187,-13.804683600877235,False,4.31482
Pagsanjan,2023,Dry,4,4,127.4,27.45,78.53,0.643901433659847,0.5393773158274706,-0.5802915119308691,-6.843509627743598,-13.254362870823412,False,4.31482
Pagsanjan,2023,Dry,5,5,168.2,28.13,81.78,0.7277086390599388,0.780788505616658,-0.6162331448913582,-7.20782307532104,-13.904917319499964,False,4.31482
Pagsanjan,2023,Dry,6,6,249.2,27.84,83.79,0.7475403053085575,0.7156168773204573,-0.6464526599352877,-6.787037413162827,-13.469041799122051,False,4.31482
Pakil,2023,Dry,1,1,127.7,25.37,78.98,0.7819635031729607,0.6198527413889265,-0.6857200828327756,-7.219944460615375,-13.817544425702666,False,3.78898
Pakil,2023,Dry,2,2,48.1,25.9,75.78,,,,-6.90705796576432,-13.669297774544921,False,3.78898
Pakil,2023,Dry,3,3,13.8,26.76,69.02,0.7575698298337762,0.6473048121492485,-0.6631961263284258,-7.110838518894697,-13.64346897284216,False,3.78898
Pakil,2023,Dry,4,4,96.9,28.24,72.09,0.7634734015706183,0.6347403244765317,-0.6608362385849793,-7.132462804390096,-13.730772455281045,False,3.78898
Pakil,2023,Dry,5,5,92.7,28.99,74.62,0.6905744291570289,0.7521679833472414,-0.576084500761389,-7.012420715153423,-13.777586632429587,False,3.78898
Pakil,2023,Dry,6,6,182.0,28.55,76.76,0.7735645266149823,0.6929153441762358,-0.6585921750132592,-6.668472411917348,-13.50494223446354,False,3.78898
Pangil,2023,Dry,1,1,511.2,21.97,92.36,0.6442735020901463,0.535281637281174,-0.5672301560455877,-7.235446979657294,-13.93697175293751,False,4.44021
Pangil,2023,Dry,2,2,209.3,22.58,88.15,,,,-7.033489823956324,-13.924852295540042,False,4.44021
Pangil,2023,Dry,3,3,60.9,22.93,85.06,0.7607320252032167,0.680232044613535,-0.6578335255788386,-7.1853131527085266,-13.791788951400274,False,4.44021
Pangil,2023,Dry,4,4,154.2,24.63,85.85,0.7452870608258889,0.6424096885871415,-0.6413399719375349,-7.271208810894101,-13.755780976841265,False,4.44021
Pangil,2023,Dry,5,5,180.8,25.57,87.5,0.672719881715862,0.7226640074242745,-0.56626795772722,-7.039402421886952,-13.76256455278961,False,4.44021
Pangil,2023,Dry,6,6,174.1,25.49,87.96,0.7920430522864172,0.742218417947094,-0.6708638297837182,-6.697087372703538,-13.557964081886311,False,4.44021
Pila,2023,Dry,1,1,132.2,25.12,81.74,0.5885773693027507,0.44284330808773703,-0.5346054737345088,-8.009281568831302,-15.47180703549409,False,4.97992
Pila,2023,Dry,2,2,51.8,25.68,78.02,,,,-7.660672593220393,-14.372356272245915,False,4.97992
Pila,2023,Dry,3,3,11.6,26.37,72.67,0.4172981133063634,0.4092645744482676,-0.3490342125296593,-8.163466178883837,-13.880573025534835,False,4.97992
Pila,2023,Dry,4,4,120.4,27.71,76.66,0.5320840777254746,0.4445249907671401,-0.4969140717131857,-7.760243909134339,-13.635988202223237,False,4.97992
Pila,2023,Dry,5,5,128.1,28.41,80.41,0.39982685084227004,0.36650407486622516,-0.3690961526777683,-7.681193226972652,-13.856559796921191,False,4.97992
Pila,2023,Dry,6,6,262.6,28.04,82.93,0.515970250153074,0.40264561611690475,-0.47366818009246076,-7.6111629331281,-14.239285592361027,False,4.97992
Rizal,2023,Dry,1,1,180.2,22.6,88.25,0.8034233348819314,0.7400391044964632,-0.6961316236097385,-6.417743117263352,-12.869875922594241,False,3.47669
Rizal,2023,Dry,2,2,115.5,23.08,84.85,,,,-6.524883200614631,-13.277460465887561,False,3.47669
Rizal,2023,Dry,3,3,29.7,23.49,81.15,0.6301991806046761,0.9024106778346309,-0.5376961965056825,-6.865741810596193,-13.520861783473094,False,3.47669
Rizal,2023,Dry,4,4,135.5,25.1,82.24,0.7664699426742352,0.6822055940913183,-0.6688470169787225,-6.787772161696426,-13.570113626743153,False,3.47669
Rizal,2023,Dry,5,5,209.0,25.75,85.67,0.8154944009297246,0.7014434045256723,-0.7036891604662628,-6.550121079911391,-13.452515931474938,False,3.47669
Rizal,2023,Dry,6,6,281.3,25.44,87.31,0.7297879190370511,0.7535798710824618,-0.6211690169998572,-6.27004421429454,-13.341352686469746,False,3.47669
Santa Cruz,2023,Dry,1,1,132.2,24.95,81.72,0.5253974236846736,0.3771421709919339,-0.47874206069679426,-7.85414841774406,-14.47859733840724,False,4.64176
Santa Cruz,2023,Dry,2,2,51.8,25.49,77.99,,,,-7.665532013013743,-13.899836604088055,False,4.64176
Santa Cruz,2023,Dry,3,3,11.6,26.19,72.64,0.47207595696151183,0.4259801969736671,-0.4287788320810185,-8.020712257697415,-13.897541813844475,False,4.64176
Santa Cruz,2023,Dry,4,4,120.4,27.53,76.62,0.5264067950877256,0.4278217808002116,-0.48825074404820445,-7.579872160472592,-13.51041053896349,False,4.64176
Santa Cruz,2023,Dry,5,5,128.1,28.25,80.38,0.5207024156771153,0.5015174047656206,-0.45107585940846207,-7.840438846423989,-13.962751299410217,False,4.64176
Santa Cruz,2023,Dry,6,6,262.6,27.87,82.91,0.5208363588211056,0.42802545048136376,-0.4743680652874981,-7.436587009502038,-13.736324463548899,False,4.64176
Santa Maria,2023,Dry,1,1,181.7,24.11,85.3,0.7540146351267661,0.6392849099695337,-0.6633751313211905,-7.215766714356815,-13.969099939328864,False,4.8354
Santa Maria,2023,Dry,2,2,71.4,24.71,81.55,,,,-6.912577114039528,-13.574123580925374,False,4.8354
Santa Maria,2023,Dry,3,3,16.0,25.28,77.08,0.7725510394494144,0.6244379019978203,-0.6978857036960957,-7.438753486411246,-13.912635148378277,False,4.8354
Santa Maria,2023,Dry,4,4,88.0,26.93,78.98,0.7229353748834347,0.6054607090150714,-0.6484875283904064,-7.279776355965234,-13.871535504633549,False,4.8354
Santa Maria,2023,Dry,5,5,162.9,27.61,82.25,0.7769658460047142,0.7420451335295009,-0.6728506609388196,-7.002988949970283,-13.826377307678626,False,4.8354
Santa Maria,2023,Dry,6,6,223.7,27.15,85.15,0.8114119469293595,0.7692143802206767,-0.7008828319700351,-6.872374863373545,-13.946483702439556,False,4.8354
Siniloan,2023,Dry,1,1,329.0,22.1,90.69,0.40445095162010747,0.36825153310762465,-0.3729172649207767,-6.943354430517945,-13.739027113188037,False,4.62166
Siniloan,2023,Dry,2,2,114.0,22.69,86.73,,,,-6.895932319335945,-13.780194614740509,False,4.62166
Siniloan,2023,Dry,3,3,25.1,23.08,83.4,0.7484366224281012,0.6398995897798477,-0.6566747805594608,-7.161418149405823,-13.689778084591385,False,4.62166
Siniloan,2023,Dry,4,4,113.8,24.78,84.46,0.6650108691946975,0.6137758375536742,-0.5869748279464975,-7.015185294783949,-13.435791614024906,False,4.62166
Siniloan,2023,Dry,5,5,175.5,25.67,86.14,0.7609449045310442,0.7716159980341901,-0.6520386499674194,-6.873413061855949,-13.619815462350083,False,4.62166
Siniloan,2023,Dry,6,6,215.0,25.47,87.42,0.8019881785969986,0.6874423237981876,-0.6891745111270301,-6.523544168267231,-13.469809215317191,False,4.62166
Victoria,2023,Dry,1,1,132.2,25.12,81.74,0.389407069365441,0.32816914938004443,-0.3332504788478261,-8.604328656093251,-15.985678567788446,False,4.92641
Victoria,2023,Dry,2,2,51.8,25.68,78.02,,,,-8.36882007063187,-14.988766827994585,False,4.92641
Victoria,2023,Dry,3,3,11.6,26.37,72.67,-0.14785504858603005,-0.39781346435056014,0.1940805066157789,-8.948610722585105,-14.805669014701989,False,4.92641
Victoria,2023,Dry,4,4,120.4,27.71,76.66,0.49665072373648,0.43155922264294727,-0.4699214009673378,-8.649567717556456,-14.533632555228552,False,4.92641
Victoria,2023,Dry,5,5,128.1,28.41,80.41,0.43873491104186185,0.3752140367497998,-0.40479882310515947,-8.153748792137945,-14.369929418546565,False,4.92641
Victoria,2023,Dry,6,6,262.6,28.04,82.93,0.45422519998406746,0.36586937593849816,-0.41008067526178976,-7.95110637873816,-14.668634074056598,False,4.92641
Alaminos,2023,Wet,1,7,278.9,26.17,86.45,0.7004040178428533,0.6464888875485079,-0.6105343889936393,-5.456641458838062,-12.394296699850289,False,3.97615
Alaminos,2023,Wet,2,8,100.0,26.39,85.4,0.6787907076215735,0.6384497693399892,-0.5840587064387399,-6.019234886344722,-12.902368442255835,False,3.97615
Alaminos,2023,Wet,3,9,299.6,25.83,88.88,0.7751208584394248,0.6458900735039982,-0.6787987272425632,-5.604173049860789,-12.570513906736897,False,3.97615
Alaminos,2023,Wet,4,10,156.2,25.66,87.6,0.7554209601663704,0.6830776922175656,-0.6596238585199543,-5.365947158842979,-12.318229470726608,False,3.97615
Alaminos,2023,Wet,5,11,147.7,25.55,84.78,0.6084154394243432,0.5830707171314002,-0.530224137763839,-5.673642485788224,-12.466552594107826,False,3.97615
Alaminos,2023,Wet,6,12,106.3,25.18,84.98,0.7124512938353492,0.580791441070969,-0.641259725457444,-5.516642104451631,-12.482528604547454,False,3.97615
Bay,2023,Wet,1,7,311.5,27.1,86.49,-0.13058992155960628,0.43803795320647104,0.2851727775165013,-6.476933211972622,-13.749074882587143,False,4.53374
Bay,2023,Wet,2,8,127.3,27.56,83.23,0.6661883174557546,0.5827527252459243,-0.562139169586701,-6.573901977880976,-13.46606477688987,False,4.53374
Bay,2023,Wet,3,9,336.0,26.67,89.96,0.7180745606077655,0.5246058260204773,-0.6306178686323438,-6.127876909324311,-12.873192751258264,False,4.53374
Bay,2023,Wet,4,10,156.4,26.66,86.15,0.6439949368105997,0.49298757293647694,-0.5687740357882268,-5.86798129924722,-12.611079995327897,False,4.53374
Bay,2023,Wet,5,11,130.6,26.35,83.18,0.6520158034883936,0.5663718494615677,-0.5698252250997987,-6.384901087661171,-13.188750419565386,False,4.53374
Bay,2023,Wet,6,12,73.7,26.02,83.11,0.6999396767916007,0.509644057227818,-0.60830652502601,-6.637843931040002,-13.964691068577785,False,4.53374
Calauan,2023,Wet,1,7,304.2,27.45,84.74,0.7309944798885762,0.8881260774398253,-0.6223424577359429,-6.179610539638885,-13.161504317560086,False,4.44397
Calauan,2023,Wet,2,8,134.1,27.8,82.73,0.7093916672854566,0.6337793000961672,-0.6030521682930567,-6.25939617546424,-13.02082671131646,False,4.44397
Calauan,2023,Wet,3,9,356.2,27.02,87.85,0.7839165406735382,0.589278600759974,-0.6825399319895881,-5.905096144012483,-12.59779150372663,False,4.44397
Calauan,2023,Wet,4,10,178.1,27.06,84.27,0.7284782626481809,0.6025537889888604,-0.6369280104784494,-5.714360767706371,-12.423310417612878,False,4.44397
Calauan,2023,Wet,5,11,133.3,26.76,82.1,0.7053518451236709,0.6203044295024638,-0.61520672119831,-6.17428126227298,-12.884771633650537,False,4.44397
Calauan,2023,Wet,6,12,82.1,26.35,82.64,0.6973880245426455,0.5310418605868823,-0.615913827745115,-6.278082101492607,-13.269734797639156,False,4.44397
Cavinti,2023,Wet,1,7,237.3,25.49,88.07,0.7320291691795232,0.6351359842769488,-0.6152187740397849,-6.855878804473292,-13.646294376256687,False,3.96869
Cavinti,2023,Wet,2,8,140.4,25.69,87.43,0.7510429506723784,0.6687465247957385,-0.6280307919795955,-6.998285749217117,-13.623770797319079,False,3.96869
Cavinti,2023,Wet,3,9,246.9,25.24,90.25,0.776134569356426,0.5872621265072059,-0.659422494025315,-6.880883529429696,-13.575393242287314,False,3.96869
Cavinti,2023,Wet,4,10,220.3,24.75,90.62,0.6564631973043729,0.6458622451725301,-0.5561422417383036,-6.7731337392127084,-13.386319547090627,False,3.96869
Cavinti,2023,Wet,5,11,303.5,24.05,91.42,0.6360110732907372,0.6018841362962912,-0.5478822470263656,-6.618708989904009,-13.273390428414096,False,3.96869
Cavinti,2023,Wet,6,12,237.5,23.66,92.09,0.6643296444589175,0.5469065763216598,-0.5541782488014498,-6.878977022175975,-13.55190243263112,False,3.96869
City of Biñan,2023,Wet,1,7,314.1,27.34,83.05,0.39821294222229825,0.3204470946358404,-0.37966011687235585,-4.967982405728014,-11.193757086785252,False,3.81274
City of Biñan,2023,Wet,2,8,77.0,27.73,79.25,0.3811492358335505,0.36721644395696457,-0.3468476459047968,-5.207129960284663,-11.365023660255082,False,3.81274
City of Biñan,2023,Wet,3,9,294.1,26.96,85.85,0.3988120145972721,0.29029350942815496,-0.38101544251788766,-5.236718701029688,-11.290955986520139,False,3.81274
City of Biñan,2023,Wet,4,10,148.2,27.0,82.98,0.4046447587907215,0.4305535369288433,-0.3633796420063735,-4.769526821551583,-10.957453165266712,False,3.81274
City of Biñan,2023,Wet,5,11,85.2,27.1,78.81,0.37385688256119054,0.2645890129601494,-0.34455493489369404,-5.22797324758178,-11.243670227800498,False,3.81274
City of Biñan,2023,Wet,6,12,37.5,26.71,78.92,0.35437611058268154,0.24096130764732548,-0.37261353999395896,-5.238259432719657,-11.348934896340133,False,3.81274
City of Cabuyao,2023,Wet,1,7,302.7,26.99,84.94,0.4998549618751151,0.34622300231022257,-0.45604397648857,-6.132460655885412,-12.133147523546883,False,4.26304
City of Cabuyao,2023,Wet,2,8,76.7,27.56,80.02,0.3739010906486827,0.43318549473327206,-0.30021099005102536,-6.519626827284159,-12.389988197398397,False,4.26304
City of Cabuyao,2023,Wet,3,9,279.8,26.67,87.32,0.525986438960925,0.3970478055205163,-0.4904969362995792,-6.039507856968953,-11.809858157159516,False,4.26304
City of Cabuyao,2023,Wet,4,10,133.9,26.52,85.87,0.4697432106803523,0.4145355516855808,-0.4349170580534853,-5.610767263327307,-11.44372719172443,False,4.26304
City of Cabuyao,2023,Wet,5,11,85.4,26.39,82.43,0.2029072113288702,0.21336907826346674,-0.1784736988940878,-5.895803072468329,-11.576574899482775,False,4.26304
City of Cabuyao,2023,Wet,6,12,51.6,26.06,82.26,0.46810905050867657,0.4637808047037886,-0.4327439732459444,-5.928591673011535,-11.778982966728334,False,4.26304
City of Calamba,2023,Wet,1,7,303.1,26.63,84.96,0.5977370686007012,0.5679653930625935,-0.5248421182188344,-6.103041184872538,-12.44070591937152,False,4.22147
City of Calamba,2023,Wet,2,8,82.1,27.03,81.92,0.544792427166683,0.5594576272707124,-0.4824868642526893,-6.562733696567669,-12.90052860321907,False,4.22147
City of Calamba,2023,Wet,3,9,254.4,26.36,87.34,0.6190559194315437,0.4816208711635028,-0.5641828620231334,-6.170249795181405,-12.461543721117874,False,4.22147
City of Calamba,2023,Wet,4,10,128.0,26.07,86.49,0.5132329169501773,0.47452450179032857,-0.4643222154684397,-5.738834830658877,-12.013577203540288,False,4.22147
City of Calamba,2023,Wet,5,11,85.3,25.88,83.47,0.49611270138471575,0.4967506144843028,-0.4288028121347749,-6.0861642321541725,-12.208123163891239,False,4.22147
City of Calamba,2023,Wet,6,12,62.6,25.56,83.3,0.5557739096006554,0.4457376047362135,-0.5030962952532151,-6.0180303164029345,-12.292198490056855,False,4.22147
City of San Pablo,2023,Wet,1,7,281.8,26.96,86.48,0.6557849291295641,0.6567720985019511,-0.570787619620878,-6.186726938819844,-12.807765884565768,False,4.37983
City of San Pablo,2023,Wet,2,8,116.7,27.19,85.43,0.7280412411896933,0.7273729639700288,-0.623524830948454,-6.50730315716763,-13.08852935016133,False,4.37983
City of San Pablo,2023,Wet,3,9,313.6,26.53,89.53,0.7141342529245523,0.6108901643337401,-0.6225050186408373,-6.151072875268361,-12.764428305040845,False,4.37983
City of San Pablo,2023,Wet,4,10,177.0,26.48,87.08,0.732308213755784,0.6020442871414908,-0.6411343511431474,-5.995717903095189,-12.56498321992975,False,4.37983
City of San Pablo,2023,Wet,5,11,141.5,26.31,84.39,0.7582390567665702,0.6000587278709538,-0.666874220037601,-6.023429629424667,-12.576356210539346,False,4.37983
City of San Pablo,2023,Wet,6,12,78.6,25.9,84.85,0.770890924510674,0.5487927076039594,-0.6820385892335853,-6.131302287026066,-12.769660786414741,False,4.37983
City of Santa Rosa,2023,Wet,1,7,302.7,26.99,84.94,0.44705464981493354,0.36378598826543673,-0.4217988139381078,-5.717424966975391,-11.974669757632633,False,3.94328
City of Santa Rosa,2023,Wet,2,8,76.7,27.56,80.02,0.378655424967348,0.40974139938020265,-0.34401954687444286,-5.979612683930585,-12.165313457368079,False,3.94328
City of Santa Rosa,2023,Wet,3,9,279.8,26.67,87.32,0.5219012519744256,0.38004670606576857,-0.4865089208968497,-5.7437341896181815,-11.907541282068392,False,3.94328
City of Santa Rosa,2023,Wet,4,10,133.9,26.52,85.87,0.45294508283937374,0.41731845549525565,-0.40985914364197523,-5.363624230790869,-11.622244809386812,False,3.94328
City of Santa Rosa,2023,Wet,5,11,85.4,26.39,82.43,0.33523616173860565,0.27124087248270634,-0.286902435032539,-5.720790573153652,-11.777938446396302,False,3.94328
City of Santa Rosa,2023,Wet,6,12,51.6,26.06,82.26,0.4024155560038748,0.2993908348926177,-0.4089731764211786,-5.737853595152587,-11.897975354698964,False,3.94328
Famy,2023,Wet,1,7,292.2,26.95,86.56,0.7466119238626209,0.7082102637517854,-0.635333082408668,-6.5250274773562165,-13.348478441759182,False,4.61695
Famy,2023,Wet,2,8,203.6,26.81,88.47,0.8102654696446042,0.7036079610367794,-0.6922751526798705,-6.73647451755213,-13.48431866305789,False,4.61695
Famy,2023,Wet,3,9,262.7,26.75,88.45,0.7957885303927835,0.6538291738712928,-0.6842385934346574,-6.327262030303478,-12.966359124003112,False,4.61695
Famy,2023,Wet,4,10,137.9,26.39,87.01,0.6032993350895614,0.5708972333538348,-0.5340045523395158,-6.118600166731116,-12.803785830558757,False,4.61695
Famy,2023,Wet,5,11,149.9,25.79,86.89,0.8101936845473873,0.6767411164899587,-0.701274265568805,-6.346162586987929,-12.955093890602951,False,4.61695
Famy,2023,Wet,6,12,171.2,25.3,88.27,0.7923920776615587,0.6218089653937966,-0.7046241815950368,-6.54436171534401,-13.2917064718476,False,4.61695
Kalayaan,2023,Wet,1,7,312.8,25.4,89.71,0.7243696945264689,0.6323614315240427,-0.6035949941072191,-6.962476578724717,-13.728767283979463,False,3.94292
Kalayaan,2023,Wet,2,8,171.3,25.62,88.42,0.7351026718103092,0.6105876605730759,-0.6186130085155276,-7.020810260627644,-13.625087491924598,False,3.94292
Kalayaan,2023,Wet,3,9,316.0,25.29,91.26,0.7772230569521327,0.6165166244465986,-0.6556799908463692,-6.886992434733349,-13.53197090081346,False,3.94292
Kalayaan,2023,Wet,4,10,213.4,24.66,91.48,0.630158927793985,0.5688181276292903,-0.5187637187620089,-6.758734340307877,-13.356851909651345,False,3.94292
Kalayaan,2023,Wet,5,11,332.7,23.94,92.33,0.6130457704048292,0.5542963338161311,-0.5152568318908306,-6.701285551557176,-13.211802667422502,False,3.94292
Kalayaan,2023,Wet,6,12,277.3,23.51,93.16,0.4357655367542649,0.5086508319222408,-0.36804710309670546,-6.926693788024755,-13.599510540132155,False,3.94292
Liliw,2023,Wet,1,7,296.1,26.08,85.13,0.7199679966104899,0.7065348571070061,-0.617720992253082,-6.430161258954208,-13.141800407534971,False,4.55209
Liliw,2023,Wet,2,8,155.7,26.13,85.54,0.7323931942179981,0.663110795154604,-0.6276186701868834,-6.380967925119838,-12.987945322093609,False,4.55209
Liliw,2023,Wet,3,9,365.6,25.67,88.37,0.7717099133180273,0.6106844991690044,-0.679157609792256,-6.203985244327409,-12.907246217244975,False,4.55209
Liliw,2023,Wet,4,10,183.6,25.53,86.51,0.6774760959056049,0.6051449640904903,-0.591050551773135,-6.128430304296019,-12.817878151233717,False,4.55209
Liliw,2023,Wet,5,11,201.1,25.04,86.34,0.7589057033716873,0.6053919446412881,-0.6678634737939223,-6.14606007976132,-12.855878254043382,False,4.55209
Liliw,2023,Wet,6,12,145.8,24.59,87.11,0.7943625664844793,0.5468310364118828,-0.6975908750006607,-6.385415363997096,-13.185787047795836,False,4.55209
Los Baños,2023,Wet,1,7,311.5,26.04,86.39,,,,-5.9138353614027475,-12.648521457674624,False,4.14172
Los Baños,2023,Wet,2,8,127.3,26.51,83.11,0.6645811886313728,0.6722080487106862,-0.5617821874588576,-5.861177258060757,-12.525606964734179,False,4.14172
Los Baños,2023,Wet,3,9,336.0,25.61,89.9,0.7859916403522457,0.5953248211304494,-0.6898100507780814,-5.72682505592655,-12.5200759590909,False,4.14172
Los Baños,2023,Wet,4,10,156.4,25.58,86.06,0.6142524788217193,0.48813137042032945,-0.5490162972312608,-5.566295942349001,-12.367247071049162,False,4.14172
Los Baños,2023,Wet,5,11,130.6,25.3,83.07,0.6052792691190148,0.6008637709927583,-0.5244774749500969,-5.7715308225756345,-12.415632651185852,False,4.14172
Los Baños,2023,Wet,6,12,73.7,24.97,82.98,0.7233061076093624,0.5868420896367851,-0.6408617386905648,-5.785489053367513,-12.595795872046528,False,4.14172
Luisiana,2023,Wet,1,7,237.7,24.76,88.24,0.7758740217633308,0.6777103365703884,-0.6664413875927551,-6.245342677233313,-13.111438385163462,False,3.94904
Luisiana,2023,Wet,2,8,129.2,24.85,88.44,0.7572560261595573,0.7462680119666175,-0.6391774679077717,-6.296269341358314,-13.048875683373184,False,3.94904
Luisiana,2023,Wet,3,9,291.3,24.47,90.63,0.8344036098926181,0.6295423929694859,-0.7236796203336184,-6.2626977230100636,-13.175327228290103,False,3.94904
Luisiana,2023,Wet,4,10,244.7,23.98,91.37,0.7038205146635413,0.6950248419515619,-0.601965593262301,-6.191046989783107,-13.019301251841272,False,3.94904
Luisiana,2023,Wet,5,11,386.7,23.25,93.07,0.702244116872323,0.6599628861245009,-0.6038009744557085,-6.194775831957659,-12.93659418725315,False,3.94904
Luisiana,2023,Wet,6,12,306.0,22.88,93.51,0.8186542360024953,0.561752955319626,-0.7131746398448877,-6.369200056895769,-13.17988013151185,False,3.94904
Lumban,2023,Wet,1,7,312.8,25.4,89.71,0.6878826941563931,0.6060123472703958,-0.5701081259885009,-7.409564397773199,-14.140862571905206,False,4.20237
Lumban,2023,Wet,2,8,171.3,25.62,88.42,0.6565200289435649,0.5721265375471107,-0.5377206610619021,-7.580804628836472,-14.033133871794838,False,4.20237
Lumban,2023,Wet,3,9,316.0,25.29,91.26,0.758862987190027,0.6150283762706072,-0.6332619423433951,-7.466865003722787,-14.028598185229862,False,4.20237
Lumban,2023,Wet,4,10,213.4,24.66,91.48,0.5511464535813606,0.5380050652803633,-0.4361587672656437,-7.234315708599121,-13.712526571289036,False,4.20237
Lumban,2023,Wet,5,11,332.7,23.94,92.33,0.6234981310111868,0.5022130365658082,-0.5198642508555618,-7.040159388841488,-13.479803568203797,False,4.20237
Lumban,2023,Wet,6,12,277.3,23.51,93.16,0.7064982495422482,0.6167098610131495,-0.5941341685087941,-7.3470852146379935,-13.865903289283354,False,4.20237
Mabitac,2023,Wet,1,7,393.6,27.04,84.22,0.7207261595433042,0.691893024717347,-0.5999503738988757,-7.617075442011804,-14.760387861809745,False,4.50353
Mabitac,2023,Wet,2,8,235.0,26.89,85.6,0.7335815680957466,0.6080597427756946,-0.6131553735011167,-7.787070761887033,-14.660317452253683,False,4.50353
Mabitac,2023,Wet,3,9,342.4,26.7,86.83,0.3895718892092609,0.35732729553945364,-0.2845025432902904,-7.381851439291327,-14.058114009520091,False,4.50353
Mabitac,2023,Wet,4,10,111.1,26.63,83.43,0.6179466095521212,0.5461350048699055,-0.5375646531244668,-7.119171973100302,-13.755961685233954,False,4.50353
Mabitac,2023,Wet,5,11,81.8,26.28,80.99,0.5973790843962636,0.5178029010042514,-0.5065373298689069,-7.616298471269148,-14.361529689266748,False,4.50353
Mabitac,2023,Wet,6,12,96.3,25.86,81.86,0.3078360962024065,3.0835922283942216,-0.2621143525192405,-8.13006876038872,-15.091770519261575,False,4.50353
Magdalena,2023,Wet,1,7,243.3,27.74,83.43,0.7210774781857614,0.6749414484164088,-0.6168767190230905,-6.387713610578287,-13.157988117539185,False,4.39502
Magdalena,2023,Wet,2,8,123.1,27.81,84.09,0.7414780763784533,0.6939337441244378,-0.6344859999389152,-6.537784484110212,-13.10598495249779,False,4.39502
Magdalena,2023,Wet,3,9,274.1,27.31,86.86,0.7840378717018932,0.599288812648338,-0.6884254044674721,-6.168959173662267,-12.884697879753356,False,4.39502
Magdalena,2023,Wet,4,10,147.3,27.2,84.34,0.7010254409408921,0.6250887451697889,-0.6143497468801864,-6.102876333077024,-12.81789278104408,False,4.39502
Magdalena,2023,Wet,5,11,179.9,26.66,83.64,0.7116201799823519,0.6172194774049133,-0.6234052603164056,-6.135547954973976,-12.865027354607781,False,4.39502
Magdalena,2023,Wet,6,12,128.7,26.23,84.43,0.7701186053479744,0.5677755370881125,-0.6686817676726277,-6.347576475803058,-13.163657948294288,False,4.39502
Majayjay,2023,Wet,1,7,237.7,25.7,88.31,0.7688948731041957,0.7237865645319652,-0.6623371528769697,-6.380937045743729,-13.174333634532573,False,4.13583
Majayjay,2023,Wet,2,8,129.2,25.79,88.51,0.768940673740052,0.7204492918479382,-0.6556537591899737,-6.257469990398097,-12.908298948859384,False,4.13583
Majayjay,2023,Wet,3,9,291.3,25.43,90.71,0.7811060763787255,0.6472858323160594,-0.6823203467102761,-6.277918805419799,-13.098075146860756,False,4.13583
Majayjay,2023,Wet,4,10,244.7,24.94,91.41,0.7323632422865206,0.6771155180496625,-0.6358773277325005,-6.169888346388745,-12.879907474689983,False,4.13583
Majayjay,2023,Wet,5,11,386.7,24.21,93.15,0.7196362065850814,0.5880869733008298,-0.6296293395551165,-6.137231492617435,-12.79742472699824,False,4.13583
Majayjay,2023,Wet,6,12,306.0,23.83,93.55,0.8114103695152552,0.5688482308673107,-0.7128630658586274,-6.419158298168329,-13.139638249376208,False,4.13583
Nagcarlan,2023,Wet,1,7,296.1,26.08,85.13,0.7558738233618522,0.7212149584668877,-0.6513233893736529,-6.052848400028922,-12.91802144304652,False,4.27001
Nagcarlan,2023,Wet,2,8,155.7,26.13,85.54,0.7513695846901596,0.7153114749758163,-0.6441579702227005,-6.053064657427741,-12.830362874636231,False,4.27001
Nagcarlan,2023,Wet,3,9,365.6,25.67,88.37,0.7648813745096701,0.6066997441738055,-0.6709970783921424,-5.894444649510429,-12.751500142163234,False,4.27001
Nagcarlan,2023,Wet,4,10,183.6,25.53,86.51,0.738068002919559,0.6814819417740487,-0.6421775360031478,-5.797167680364753,-12.656107364879038,False,4.27001
Nagcarlan,2023,Wet,5,11,201.1,25.04,86.34,0.7818806853857222,0.6147147665036555,-0.6875033064363874,-5.846656466864237,-12.652751821216015,False,4.27001
Nagcarlan,2023,Wet,6,12,145.8,24.59,87.11,0.824606057226235,0.5592522802541264,-0.7277895457122544,-5.962172065483222,-12.87464180797539,False,4.27001
Paete,2023,Wet,1,7,292.5,24.48,89.92,0.7832820658282668,0.699840464471197,-0.6561113803773952,-6.495057468406689,-13.204464746002168,False,4.43316
Paete,2023,Wet,2,8,142.9,24.83,87.63,0.8081994833826068,0.6687976386090997,-0.6790197619915255,-6.489387297498267,-13.068600053234562,False,4.43316
Paete,2023,Wet,3,9,270.2,24.44,91.17,0.7889854302258272,0.6362601051560938,-0.6685286231115002,-6.3101527584446435,-13.053920921141849,False,4.43316
Paete,2023,Wet,4,10,236.5,23.71,92.1,0.6418040780721862,0.6545471202552741,-0.5379191942937415,-6.314356566899069,-12.970185139549004,False,4.43316
Paete,2023,Wet,5,11,478.4,22.92,93.72,0.693620677853112,0.6443478994632749,-0.5897753913874731,-6.292722139170321,-12.878101134777975,False,4.43316
Paete,2023,Wet,6,12,478.3,22.47,94.95,0.5511960151286481,0.5451234310702272,-0.4687569944168047,-6.304622216746305,-12.991433871461155,False,4.43316
Pagsanjan,2023,Wet,1,7,243.3,27.96,83.45,0.6255408814074532,0.5671375821021952,-0.5311562167070073,-6.687644917195258,-13.461881119759365,False,4.24173
Pagsanjan,2023,Wet,2,8,123.1,28.03,84.11,0.6359118179817647,0.5569639935275523,-0.5436877118866643,-7.13525193971597,-13.90584139314153,False,4.24173
Pagsanjan,2023,Wet,3,9,274.1,27.54,86.88,0.7906052026640841,0.6119797826304338,-0.686642130929627,-6.684085804859498,-13.43993050149778,False,4.24173
Pagsanjan,2023,Wet,4,10,147.3,27.43,84.37,0.7233580569110483,0.6078561883711416,-0.6249076522848671,-6.572158946139153,-13.10836537261218,False,4.24173
Pagsanjan,2023,Wet,5,11,179.9,26.88,83.67,0.6386366932266496,0.508972393007923,-0.5612858486952355,-6.073097062960316,-12.627078960170198,False,4.24173
Pagsanjan,2023,Wet,6,12,128.7,26.45,84.44,0.7891218495512395,0.6719610304175931,-0.6790554276993309,-6.723513059371728,-13.474940284820182,False,4.24173
Pakil,2023,Wet,1,7,431.1,28.53,78.4,0.7626319014859902,0.7228649095307157,-0.6362147320292582,-6.604133120628244,-13.43613007959606,False,4.12618
Pakil,2023,Wet,2,8,318.1,28.34,80.06,0.7650188441210393,0.6750970802643312,-0.6410611337974657,-6.591182802933748,-13.266231820192447,False,4.12618
Pakil,2023,Wet,3,9,345.7,28.21,79.84,0.7912711482196486,0.6617983750518031,-0.6739213185648203,-6.497022260949158,-13.338294386569272,False,4.12618
Pakil,2023,Wet,4,10,148.1,28.0,79.05,0.7187225160083663,0.6636255291382256,-0.6097211201964354,-6.405561379836759,-13.144477149729793,False,4.12618
Pakil,2023,Wet,5,11,77.3,27.4,79.19,0.6500839560935618,0.557865155745045,-0.561112202426662,-6.60456345588196,-13.367928007499724,False,4.12618
Pakil,2023,Wet,6,12,55.4,26.94,80.1,0.37273139291339424,0.510481044318941,-0.33883698829496733,-6.618715941721977,-13.448603979356818,False,4.12618
Pangil,2023,Wet,1,7,280.7,25.21,89.06,0.7233547829952749,0.7275565648415104,-0.6034227051231555,-6.680648521571067,-13.605314301946827,False,4.38983
Pangil,2023,Wet,2,8,177.1,25.36,88.88,0.7260268684238611,0.6349878531572334,-0.604652319508431,-6.783996020987944,-13.566611990707091,False,4.38983
Pangil,2023,Wet,3,9,290.8,25.11,90.39,0.7967509444904268,0.6112549952199193,-0.6734048103789947,-6.562410748623257,-13.284283620322572,False,4.38983
Pangil,2023,Wet,4,10,204.5,24.5,90.99,0.6803098752236956,0.7159421436674618,-0.5785870702581168,-6.5024458589989305,-13.089492112327656,False,4.38983
Pangil,2023,Wet,5,11,338.6,23.71,92.39,0.5827920214042522,0.5660359432121967,-0.4905997637775482,-6.655497906886751,-13.30892074587793,False,4.38983
Pangil,2023,Wet,6,12,394.9,23.25,93.47,0.8021589357868516,0.735760234695635,-0.7032542255579253,-6.838898907985048,-13.634451827526494,False,4.38983
Pila,2023,Wet,1,7,312.7,28.11,83.68,0.6549617343279255,0.6498351264789873,-0.5473417806338119,-7.742685782553037,-14.750665028946113,False,4.47445
Pila,2023,Wet,2,8,156.0,28.39,81.93,0.5648508911966614,0.4230318160816307,-0.4720051751879884,-8.111457561000401,-14.757237798005796,False,4.47445
Pila,2023,Wet,3,9,299.0,27.69,86.54,0.6497154168609028,0.46969683341166873,-0.574069774879223,-7.416052370372556,-13.60929293686593,False,4.47445
Pila,2023,Wet,4,10,134.4,27.79,82.16,0.6338500774616881,0.5079159008606383,-0.5585946798655256,-6.920378885012046,-12.92030359822405,False,4.47445
Pila,2023,Wet,5,11,117.5,27.32,80.03,0.5637192099494762,0.4416921320255365,-0.5029595671590364,-6.901561034090507,-13.419347632145696,False,4.47445
Pila,2023,Wet,6,12,80.8,26.89,80.64,0.5335240973290787,0.4935479947409037,-0.4696794160748581,-7.882890324002619,-14.937234705133912,False,4.47445
Rizal,2023,Wet,1,7,347.2,25.33,87.63,0.6859552346361939,0.7332196321264143,-0.5897278551593595,-6.297932573618922,-13.131097733616523,False,4.13811
Rizal,2023,Wet,2,8,173.0,25.32,88.08,0.7745568090207271,0.7470104608073784,-0.6633395433534188,-6.297409547723364,-13.025323769802823,False,4.13811
Rizal,2023,Wet,3,9,373.4,25.01,89.66,0.6639171144473395,0.5985796877625521,-0.5810852999662651,-6.203577496914726,-12.995611977485844,False,4.13811
Rizal,2023,Wet,4,10,190.5,24.83,88.81,0.7857197728958034,0.6825005220133733,-0.6813797766627689,-6.11452748529716,-12.81707461425122,False,4.13811
Rizal,2023,Wet,5,11,177.6,24.51,87.75,0.7807616712033709,0.5962282904174514,-0.6859577575052549,-6.206021994826094,-12.843307554464076,False,4.13811
Rizal,2023,Wet,6,12,115.0,24.09,88.33,0.8347622044758815,0.5622776897465884,-0.7332004717345607,-6.220795769566856,-12.992093568996449,False,4.13811
Santa Cruz,2023,Wet,1,7,312.7,27.92,83.65,0.44886551050109846,0.4959982043917992,-0.3546886938952009,-7.420525247056458,-14.00743220410923,False,4.43486
Santa Cruz,2023,Wet,2,8,156.0,28.22,81.91,0.5364930866606062,0.4251702859691682,-0.45316754774335566,-7.834617546655685,-14.137429275038471,False,4.43486
Santa Cruz,2023,Wet,3,9,299.0,27.51,86.52,0.6132962888966527,0.45157053273248465,-0.5387619956084555,-7.243073613128309,-13.318495510277256,False,4.43486
Santa Cruz,2023,Wet,4,10,134.4,27.6,82.14,0.6006688470491366,0.4898179366188667,-0.5230185520973449,-6.918863418999064,-12.86497105033486,False,4.43486
Santa Cruz,2023,Wet,5,11,117.5,27.13,80.01,0.548495283225861,0.4666584449190951,-0.48192369022242987,-6.978937369000643,-13.255107197858077,False,4.43486
Santa Cruz,2023,Wet,6,12,80.8,26.71,80.62,0.5482985874585935,0.5291588626842259,-0.46628130890492164,-7.597130510313412,-14.277815852715085,False,4.43486
Santa Maria,2023,Wet,1,7,327.4,26.87,86.27,0.7299933071583692,0.6975371663156288,-0.6263913249569074,-6.701496475400399,-13.438919664756941,False,4.70435
Santa Maria,2023,Wet,2,8,208.6,26.7,88.66,0.8054246996137097,0.6617006921412734,-0.6932858148192694,-6.931052058962526,-13.72267566480455,False,4.70435
Santa Maria,2023,Wet,3,9,291.7,26.62,88.31,0.7695037086891066,0.6460869065601664,-0.6652105268219889,-6.5225621916478635,-13.163234890822267,False,4.70435
Santa Maria,2023,Wet,4,10,143.1,26.45,85.89,0.6478027373924282,0.6297324734934203,-0.5608989671758825,-6.260464525531613,-12.850251013607352,False,4.70435
Santa Maria,2023,Wet,5,11,87.7,26.02,84.82,0.7651176863107637,0.6444730413713938,-0.6686168696054623,-6.758655081659758,-13.462535196089243,False,4.70435
Santa Maria,2023,Wet,6,12,106.0,25.58,85.72,0.7912084327087898,0.6374659252938344,-0.6992536002933629,-6.670325255075445,-13.618161620415274,False,4.70435
Siniloan,2023,Wet,1,7,296.3,25.16,88.78,0.7846338227011974,0.7315128201659175,-0.6634763555507323,-6.832349205843434,-13.774012396344762,False,4.48586
Siniloan,2023,Wet,2,8,176.0,25.24,89.56,0.7680548788275945,0.6487408761963451,-0.6508381518871659,-6.946929865333863,-13.808255447486962,False,4.48586
Siniloan,2023,Wet,3,9,275.7,25.02,90.2,0.807813027568828,0.657775923149715,-0.6894812043216594,-6.525971533370114,-13.237184456783474,False,4.48586
Siniloan,2023,Wet,4,10,151.1,24.55,89.98,0.5664152515174663,0.5727869674781517,-0.4988929909620692,-6.368541302338648,-12.990917595123866,False,4.48586
Siniloan,2023,Wet,5,11,176.9,23.86,90.84,0.7648578089679472,0.6555046634375991,-0.6524959484685132,-6.385572046456532,-13.004580234705363,False,4.48586
Siniloan,2023,Wet,6,12,209.3,23.45,91.94,0.7361696190282643,0.646671144077433,-0.6533972551439607,-6.693339307485595,-13.484307765060155,False,4.48586
Victoria,2023,Wet,1,7,312.7,28.11,83.68,,,,-8.584083798106896,-16.02165199717529,False,4.52947
Victoria,2023,Wet,2,8,156.0,28.39,81.93,0.5524125447392881,0.4138006101697893,-0.44605067769506845,-8.607004017312802,-15.340252761868927,False,4.52947
Victoria,2023,Wet,3,9,299.0,27.69,86.54,0.6651033205788667,0.4663994748096093,-0.570880455576787,-7.933150917578321,-14.178254617097052,False,4.52947
Victoria,2023,Wet,4,10,134.4,27.79,82.16,0.5945494320026388,0.44218866091412057,-0.5101226699662328,-7.250667148055053,-13.373712878516994,False,4.52947
Victoria,2023,Wet,5,11,117.5,27.32,80.03,0.5338671325097384,0.41738138848313433,-0.4683149117424182,-7.909046012457029,-14.752202150777215,False,4.52947
Victoria,2023,Wet,6,12,80.8,26.89,80.64,0.5377392902674392,0.42144404372507993,-0.46063770610313026,-9.104691674936086,-16.368225569293564,False,4.52947
Alaminos,2024,Dry,1,1,29.6,24.15,80.55,0.7173014366753886,0.5826978552588772,-0.6386059862777916,-6.075694995564048,-12.911287290001976,False,5.83836
Alaminos,2024,Dry,2,2,8.9,25.03,76.53,0.7896027608472996,0.5787186435602525,-0.7179603940525049,-6.159162068985298,-13.071951000078668,False,5.83836
Alaminos,2024,Dry,3,3,42.4,25.92,74.88,0.5601747357092446,0.5297371593157554,-0.48528936667449396,-6.476327373233241,-13.092849456619074,False,5.83836
Alaminos,2024,Dry,4,4,27.5,28.24,69.88,0.64128272061365,0.5712952085087831,-0.5905904348953325,-6.850490215060977,-13.62845268355612,False,5.83836
Alaminos,2024,Dry,5,5,268.3,28.49,75.27,0.6518265291538421,0.55093772393631,-0.5931376166999274,-6.8076940839548845,-13.346750160003797,False,5.83836
Alaminos,2024,Dry,6,6,272.4,26.52,87.53,0.6987073193694864,0.755333239949132,-0.5949777576634155,-5.713941954667662,-12.510531702116955,False,5.83836
Bay,2024,Dry,1,1,15.5,25.27,76.58,0.7753413098057137,0.6231515602054201,-0.6974756080081735,-6.8891415615625595,-13.970153264487575,False,4.69411
Bay,2024,Dry,2,2,7.1,25.93,74.49,0.6787386478448961,0.5140164283135397,-0.6135840062554233,-7.021319533695232,-13.807695743290541,False,4.69411
Bay,2024,Dry,3,3,41.5,26.56,74.67,0.5452866715886339,0.5026453861701928,-0.4884609620884215,-7.279791994440039,-13.568833810290425,False,4.69411
Bay,2024,Dry,4,4,9.8,28.98,70.11,0.5423797016660864,0.4402068518432589,-0.5177984620486109,-7.430567342456747,-14.133363615192891,False,4.69411
Bay,2024,Dry,5,5,268.1,29.23,75.12,0.4742987916167573,0.455463839793958,-0.42691828592810266,-7.119185689084699,-13.622428211395881,False,4.69411
Bay,2024,Dry,6,6,391.6,27.44,88.21,0.5365982852180416,0.5271050021029655,-0.45601509555385417,-6.69220216830647,-13.669519870836508,False,4.69411
Calauan,2024,Dry,1,1,17.9,25.49,76.88,0.7951661525473546,0.6148917304285544,-0.7131987719725741,-6.6425204065436905,-13.557353599722846,False,4.71609
Calauan,2024,Dry,2,2,10.7,26.04,75.23,0.7323966456688868,0.5639024683940675,-0.6569630078167347,-6.830567019425955,-13.528209366660466,False,4.71609
Calauan,2024,Dry,3,3,32.1,26.68,75.11,0.6056752608666123,0.4901204728556683,-0.5445482363844046,-7.062736723071792,-13.41668576001953,False,4.71609
Calauan,2024,Dry,4,4,13.4,29.05,70.36,0.6355640785389466,0.5480689211475914,-0.5838268399555452,-7.260040976319506,-13.915985032689655,False,4.71609
Calauan,2024,Dry,5,5,310.8,29.45,74.35,0.6198310768558104,0.6555388346961749,-0.54274922029638,-7.077321948317073,-13.552079320532448,False,4.71609
Calauan,2024,Dry,6,6,344.6,27.91,85.36,0.5540180719077094,0.5471261965415453,-0.4614474546415963,-6.493220037209194,-13.324700338981664,False,4.71609
Cavinti,2024,Dry,1,1,82.8,22.64,87.33,0.3813687374395485,0.13718058954868803,-0.30924347139749986,-6.942883685014621,-13.641163588369741,False,4.41964
Cavinti,2024,Dry,2,2,76.0,23.16,86.71,0.7900832861928562,0.5639326349594165,-0.6865206573400248,-6.9966065638425015,-13.7694176205238,False,4.41964
Cavinti,2024,Dry,3,3,102.0,23.71,86.77,0.6385441974660421,0.575469200666064,-0.5515086650921625,-6.994273553917845,-13.573943981227226,False,4.41964
Cavinti,2024,Dry,4,4,35.5,26.01,81.9,0.756859977310928,0.6193459576147642,-0.6539374600526376,-7.013512665060695,-13.806718508421364,False,4.41964
Cavinti,2024,Dry,5,5,350.9,26.61,83.6,0.7129706777230779,0.5826766352084399,-0.6148240159213834,-7.043397870608664,-13.623452086230914,False,4.41964
Cavinti,2024,Dry,6,6,312.4,25.86,89.05,0.7387607708918345,0.70437770328451,-0.6145337816590354,-6.770209972568876,-13.473771916997554,False,4.41964
City of Biñan,2024,Dry,1,1,10.6,25.82,73.39,0.3866996969926392,0.27222423527719225,-0.3842836439611109,-6.007011576225055,-11.78061620754083,False,5.60253
City of Biñan,2024,Dry,2,2,10.1,26.22,72.95,0.33981252540868506,0.22437951216208699,-0.3725977326575263,-6.0913477910517075,-11.996475420459937,False,5.60253
City of Biñan,2024,Dry,3,3,24.1,26.86,73.04,0.2766648136423544,0.20467680943530422,-0.30317687763424894,-6.209326860736147,-11.881795324121741,False,5.60253
City of Biñan,2024,Dry,4,4,11.8,29.14,69.37,0.2939756671157775,0.20077463130899356,-0.34481394883403826,-6.379959916017341,-12.392417991768736,False,5.60253
City of Biñan,2024,Dry,5,5,225.4,29.3,74.17,,,,-6.22788090212344,-12.054957747915044,False,5.60253
City of Biñan,2024,Dry,6,6,348.6,27.71,85.13,0.3693261600183863,0.2891218585167019,-0.35663592598262583,-5.384732021372206,-11.207834569880255,False,5.60253
City of Cabuyao,2024,Dry,1,1,8.3,25.26,76.12,0.5730862001589596,0.4352015165041985,-0.5292543998646151,-6.6382339341973555,-12.235536305428251,False,5.68066
City of Cabuyao,2024,Dry,2,2,14.0,25.79,75.0,0.46007364272259627,0.32242049486827007,-0.4609296051735921,-6.6961293817654886,-12.421696820532546,False,5.68066
City of Cabuyao,2024,Dry,3,3,30.1,26.42,75.24,0.352795862999134,0.25264769927158226,-0.36048590594910146,-7.017761770574315,-12.419738461976321,False,5.68066
City of Cabuyao,2024,Dry,4,4,31.7,28.72,71.78,0.39559009921585486,0.2906412474177306,-0.4268880573821151,-7.19236100136647,-13.012675367084624,False,5.68066
City of Cabuyao,2024,Dry,5,5,246.1,28.86,76.42,,,,-7.17208861054577,-12.80204318562338,False,5.68066
City of Cabuyao,2024,Dry,6,6,320.8,27.37,86.59,0.4968196795127288,0.42788453511620855,-0.4528961978391015,-6.209142018700735,-11.950909255108497,False,5.68066
City of Calamba,2024,Dry,1,1,15.3,24.83,76.67,0.5673039271541558,0.407805848865283,-0.5372972654002355,-6.934360603462922,-12.929308372558003,False,5.0325
City of Calamba,2024,Dry,2,2,8.2,25.56,74.53,0.5244207824742476,0.36088199225553985,-0.5137152396157045,-7.006250218645133,-13.164624564522507,False,5.0325
City of Calamba,2024,Dry,3,3,41.9,26.26,74.28,0.41829970145501644,0.3118768166567202,-0.4117898051250433,-7.378381507121343,-13.239136375848009,False,5.0325
City of Calamba,2024,Dry,4,4,26.7,28.79,68.81,0.4254743205547418,0.3048293257940786,-0.4539676483039087,-7.641018851769494,-13.880070129050985,False,5.0325
City of Calamba,2024,Dry,5,5,225.3,28.8,74.86,,,,-7.62505600607356,-13.6899026036227,False,5.0325
City of Calamba,2024,Dry,6,6,311.8,26.96,87.26,0.5586057242856459,0.5325897330247983,-0.49588104510069114,-6.296035919165389,-12.537337565557896,False,5.0325
City of San Pablo,2024,Dry,1,1,20.4,24.95,79.79,0.4622670530851747,0.5299197968977494,-0.3833705230948141,-6.817798665258609,-13.343604426441685,False,4.61359
City of San Pablo,2024,Dry,2,2,5.9,25.64,77.47,0.6968626553081818,0.4944365961317702,-0.6442798836849021,-7.0486615347086765,-13.58600358089351,False,4.61359
City of San Pablo,2024,Dry,3,3,39.4,26.46,76.27,0.6158275740957831,0.5143696683565813,-0.5580776175589548,-7.367500919032729,-13.778522370646062,False,4.61359
City of San Pablo,2024,Dry,4,4,23.7,28.86,71.7,0.5490675199602739,0.49478050420788383,-0.517256753359457,-7.862805488142219,-14.448861500088833,False,4.61359
City of San Pablo,2024,Dry,5,5,285.4,29.18,75.98,0.529681953163802,0.432689379626856,-0.513069179813007,-7.90434772540763,-14.368166937912791,False,4.61359
City of San Pablo,2024,Dry,6,6,285.6,27.42,86.97,0.5066986348912763,0.4601276842761411,-0.4230741209423184,-6.621021466806805,-13.189628722342674,False,4.61359
City of Santa Rosa,2024,Dry,1,1,8.3,25.26,76.12,0.5538918403642908,0.39096991837622425,-0.5178803853816529,-6.5061158373282,-12.359306952093624,False,5.46691
City of Santa Rosa,2024,Dry,2,2,14.0,25.79,75.0,0.43399958199568733,0.29585106989067117,-0.444271552846095,-6.604596107619011,-12.676447464825406,False,5.46691
City of Santa Rosa,2024,Dry,3,3,30.1,26.42,75.24,0.4031770088912915,0.29323977076320645,-0.4041936913379327,-6.888777873173049,-12.653997701355603,False,5.46691
City of Santa Rosa,2024,Dry,4,4,31.7,28.72,71.78,0.3585674184041565,0.24749605941739272,-0.4051734165925594,-7.142442352446479,-13.384775937345129,False,5.46691
City of Santa Rosa,2024,Dry,5,5,246.1,28.86,76.42,,,,-7.042164095495017,-13.063565547909102,False,5.46691
City of Santa Rosa,2024,Dry,6,6,320.8,27.37,86.59,0.3725743338515997,0.36349791297452044,-0.3531052616201131,-5.882674107150624,-11.867723521954886,False,5.46691
Famy,2024,Dry,1,1,51.2,24.3,83.03,0.6722380089972985,0.600257921875824,-0.5698778336291903,-6.656892659735441,-13.39180686301439,False,4.45242
Famy,2024,Dry,2,2,50.0,24.75,82.62,0.8319820351533512,0.6134427179705687,-0.7345110179048454,-7.0060816113863895,-13.651083125697124,False,4.45242
Famy,2024,Dry,3,3,65.4,25.26,82.93,0.7717024526204762,0.6693024776985523,-0.6694840496895551,-6.716845024688993,-13.102056584367668,False,4.45242
Famy,2024,Dry,4,4,19.1,27.62,78.06,0.7534137614815157,0.5890903775687615,-0.6706846196804208,-7.170954706928919,-13.970075840158575,False,4.45242
Famy,2024,Dry,5,5,239.0,28.36,79.5,0.7223783700608634,0.6080235591577976,-0.6357231545194953,-7.087636368321429,-13.833050808750198,False,4.45242
Famy,2024,Dry,6,6,279.8,27.47,86.61,0.7428643290269724,0.7167013227796101,-0.6343605654613584,-6.679583066813204,-13.646723323407596,False,4.45242
Kalayaan,2024,Dry,1,1,106.1,22.64,87.51,0.5833734105868904,0.5558593057953207,-0.4872899049377825,-7.052879285431317,-13.811473602503815,False,3.95875
Kalayaan,2024,Dry,2,2,92.3,23.09,87.14,0.7822656237825176,0.5989976088238507,-0.6830722985198846,-7.052425917170438,-13.872597521075107,False,3.95875
Kalayaan,2024,Dry,3,3,115.4,23.63,87.45,0.4645543572101499,0.5696299885575985,-0.3822443828572648,-7.1047895929030656,-13.654621389765703,False,3.95875
Kalayaan,2024,Dry,4,4,30.9,25.95,82.62,0.7740068246459415,0.6309318601046371,-0.6680923230095263,-6.885378867963769,-13.600140419625365,False,3.95875
Kalayaan,2024,Dry,5,5,307.6,26.48,84.68,0.7750897937143497,0.6143741899547845,-0.6674382077680846,-6.886758438782368,-13.40651567286581,False,3.95875
Kalayaan,2024,Dry,6,6,289.0,25.85,90.13,0.7067501633718754,0.6985384124850955,-0.5871451343134124,-6.683315501822144,-13.490970060360604,False,3.95875
Liliw,2024,Dry,1,1,39.3,23.58,82.5,0.547297333276924,0.6171900797430544,-0.4758670119306949,-6.427650281755673,-13.226651689240285,False,5.12769
Liliw,2024,Dry,2,2,30.6,24.11,81.06,0.8000452258823733,0.5644714013162454,-0.7170257455465066,-6.772761037971062,-13.46301579663879,False,5.12769
Liliw,2024,Dry,3,3,66.6,24.75,80.76,0.7117993366244972,0.5724842127605612,-0.6311926220725971,-6.947618881372731,-13.426065284724723,False,5.12769
Liliw,2024,Dry,4,4,18.0,27.22,75.0,0.7213424457592033,0.5558600221989565,-0.6546308411299762,-7.365527981401633,-14.035484387767191,False,5.12769
Liliw,2024,Dry,5,5,344.7,27.66,78.27,0.6178084847552314,0.5146149073621119,-0.5671122333234228,-6.975996291567916,-13.545305675185656,False,5.12769
Liliw,2024,Dry,6,6,361.2,26.54,85.78,0.6547127348431695,0.6616595402395853,-0.5565324465761466,-6.548498304779694,-13.317997691176828,False,5.12769
Los Baños,2024,Dry,1,1,15.5,24.21,76.44,0.7770223707850868,0.6485109686237239,-0.6953513122353057,-6.264429881023067,-12.917013536075327,False,5.31347
Los Baños,2024,Dry,2,2,7.1,24.87,74.35,0.7101832942806489,0.5317970944145751,-0.6529648229600483,-6.230778203235468,-12.918724752995132,False,5.31347
Los Baños,2024,Dry,3,3,41.5,25.51,74.51,0.629612341104713,0.5213115144237649,-0.5575320480466274,-6.496734703005246,-12.783548499816636,False,5.31347
Los Baños,2024,Dry,4,4,9.8,27.94,69.93,0.6134831030515604,0.5101631668408125,-0.5727998493364989,-6.677095364439539,-13.223522724652883,False,5.31347
Los Baños,2024,Dry,5,5,268.1,28.16,74.97,0.4474406573865153,0.41564054294864505,-0.4266431140404078,-6.54189450029431,-12.901766981792127,False,5.31347
Los Baños,2024,Dry,6,6,391.6,26.38,88.11,0.6993898938027967,0.7610787001926893,-0.5915757644684949,-5.956852284405839,-12.502883479287185,False,5.31347
Luisiana,2024,Dry,1,1,134.8,21.68,90.1,0.5599811571188793,0.4477758992042864,-0.47156407977927456,-6.40022184280779,-13.229785783722857,False,4.39423
Luisiana,2024,Dry,2,2,105.1,22.16,89.3,0.8428659390775606,0.6142453930390932,-0.7455329468201563,-6.449773883259635,-13.311107481154359,False,4.39423
Luisiana,2024,Dry,3,3,125.9,22.75,89.08,0.6936209235135107,0.6290499115314565,-0.5975136229198208,-6.565238417834499,-13.218759844756864,False,4.39423
Luisiana,2024,Dry,4,4,43.0,25.06,83.86,0.8145912104927909,0.6522465650063273,-0.7101388232671706,-6.561399955984788,-13.30746130728874,False,4.39423
Luisiana,2024,Dry,5,5,390.8,25.74,85.15,0.7775082641347795,0.6846641880407263,-0.6779399164437163,-6.568425132238674,-13.164516416680698,False,4.39423
Luisiana,2024,Dry,6,6,310.0,25.17,89.0,0.7872287537400533,0.7501828445764075,-0.6650538608919977,-6.104133524425462,-12.920502040238276,False,4.39423
Lumban,2024,Dry,1,1,106.1,22.64,87.51,0.557878649588374,0.5070797962202067,-0.4727524847357504,-7.448850255547235,-14.154542585481448,False,4.04333
Lumban,2024,Dry,2,2,92.3,23.09,87.14,0.7188507986558931,0.5384798813973732,-0.6265077056774278,-7.619653382852651,-14.241263542193614,False,4.04333
Lumban,2024,Dry,3,3,115.4,23.63,87.45,0.601336060930045,0.5112847956610762,-0.5217354510653958,-7.67928169846625,-14.09244198313026,False,4.04333
Lumban,2024,Dry,4,4,30.9,25.95,82.62,0.7242250244361589,0.5702639355321548,-0.6312698263902472,-7.5723711144480745,-14.156550175253368,False,4.04333
Lumban,2024,Dry,5,5,307.6,26.48,84.68,0.6957123403482447,0.5575271939823353,-0.6079136276338363,-7.361089564660452,-13.687246002844118,False,4.04333
Lumban,2024,Dry,6,6,289.0,25.85,90.13,0.7257239303584623,0.6927208650079397,-0.6084038064602644,-7.230906888220213,-13.81025326343519,False,4.04333
Mabitac,2024,Dry,1,1,17.6,24.8,76.98,0.4287297024207289,0.39466117030644526,-0.3482686858778394,-7.912491260373316,-15.276670497754623,False,4.35098
Mabitac,2024,Dry,2,2,15.5,25.38,75.44,0.7137574056193708,0.555335258644876,-0.6333755404405337,-8.222456122233018,-14.798081201018102,False,4.35098
Mabitac,2024,Dry,3,3,28.0,25.99,75.51,0.5550325822601561,0.5136053773241647,-0.49116156079076106,-8.103993544497515,-14.506822798472857,False,4.35098
Mabitac,2024,Dry,4,4,6.7,28.37,70.91,0.5902704565339676,0.44969613586939444,-0.5633282425891137,-8.457894172496585,-14.964937126679173,False,4.35098
Mabitac,2024,Dry,5,5,228.6,28.89,74.05,0.5465692996473009,0.44833676575849246,-0.5256993956405944,-8.471451534755987,-15.125638148917334,False,4.35098
Mabitac,2024,Dry,6,6,316.2,27.5,84.57,,,,-7.437132323823168,-14.706046514051453,False,4.35098
Magdalena,2024,Dry,1,1,33.0,25.28,79.3,0.5877355047606697,0.6356847435399179,-0.5050267349328812,-6.7087080712565506,-13.474632959024232,False,5.41164
Magdalena,2024,Dry,2,2,25.6,26.0,77.03,0.7501648138709223,0.5356765238755112,-0.6840812335196814,-7.18195021878871,-13.804569866006021,False,5.41164
Magdalena,2024,Dry,3,3,52.1,26.56,77.1,0.5972242925269214,0.45394878035565084,-0.5516732068783634,-7.429918117389465,-13.855123057961093,False,5.41164
Magdalena,2024,Dry,4,4,17.9,29.1,71.28,0.5991713047985707,0.47807889200766884,-0.5850271427515856,-7.850438753184621,-14.600328117149328,False,5.41164
Magdalena,2024,Dry,5,5,340.0,29.29,76.14,0.5697834568328999,0.42353697385444505,-0.5478788890285611,-7.020555393070278,-13.5497124406682,False,5.41164
Magdalena,2024,Dry,6,6,356.2,28.08,84.34,0.7372225399814516,0.6924517327824459,-0.6343472630515514,-6.644746634986907,-13.577756443957925,False,5.41164
Majayjay,2024,Dry,1,1,134.8,22.65,90.19,0.5453700134386399,0.5599599165591894,-0.4723628132059952,-6.417442470056015,-13.22248773537178,False,4.09981
Majayjay,2024,Dry,2,2,105.1,23.1,89.37,0.8187318980861686,0.6215071782733917,-0.7313883564794976,-6.623535319205589,-13.369659893965236,False,4.09981
Majayjay,2024,Dry,3,3,125.9,23.72,89.15,0.7047325312771696,0.6498947759927239,-0.6084384800158755,-6.742130348870695,-13.243779622824661,False,4.09981
Majayjay,2024,Dry,4,4,43.0,26.03,83.95,0.7791677186050169,0.616974264777178,-0.6930106055055916,-7.193574622244497,-13.790769649321032,False,4.09981
Majayjay,2024,Dry,5,5,390.8,26.7,85.23,0.7112537074807749,0.6129633999085765,-0.6356667962938974,-6.847735967448757,-13.339800866624616,False,4.09981
Majayjay,2024,Dry,6,6,310.0,26.12,89.08,0.7559196451521318,0.7468274286406792,-0.6446557230979885,-6.565961631961809,-13.315894701791388,False,4.09981
Nagcarlan,2024,Dry,1,1,39.3,23.58,82.5,0.4153376660071234,0.4874161387098999,-0.3547049519014493,-6.186783022830472,-13.04655897687506,False,4.58833
Nagcarlan,2024,Dry,2,2,30.6,24.11,81.06,0.8073849797218573,0.5874070603234699,-0.7228052963357567,-6.523431509695152,-13.275968606343874,False,4.58833
Nagcarlan,2024,Dry,3,3,66.6,24.75,80.76,0.7291022828407565,0.5868146156717479,-0.648035335304576,-6.700056455723919,-13.281494915020595,False,4.58833
Nagcarlan,2024,Dry,4,4,18.0,27.22,75.0,0.7375915245646879,0.5903861441742781,-0.6640033325885739,-7.0133141258551515,-13.731894614462822,False,4.58833
Nagcarlan,2024,Dry,5,5,344.7,27.66,78.27,0.6837462054167892,0.6091846400456116,-0.6087397981757389,-6.763724777336414,-13.325074782378234,False,4.58833
Nagcarlan,2024,Dry,6,6,361.2,26.54,85.78,0.5930129870252381,0.9085095596098379,-0.500918413542838,-6.210131191032928,-13.025506808750851,False,4.58833
Paete,2024,Dry,1,1,199.0,21.65,88.95,0.7250930595579553,0.6784959802343787,-0.6092179204993035,-6.6692599917852595,-13.304271117356043,False,4.04066
Paete,2024,Dry,2,2,191.7,22.0,89.0,0.8221267940092104,0.630448731764719,-0.7209787810434379,-6.49730192119829,-13.289710089531734,False,4.04066
Paete,2024,Dry,3,3,209.3,22.45,89.54,0.5171577690365411,0.6075613472933029,-0.4248114963533926,-6.590061713331179,-13.138006043970316,False,4.04066
Paete,2024,Dry,4,4,68.1,24.63,85.69,0.8238937984417436,0.7028545935813245,-0.7065889359215973,-6.336737309621312,-13.055417972193663,False,4.04066
Paete,2024,Dry,5,5,326.9,25.22,87.61,0.8430376061647098,0.6836166768682287,-0.7167505545308388,-6.517380742001518,-13.040644914353008,False,4.04066
Paete,2024,Dry,6,6,285.0,24.99,90.51,,,,-6.111379144300429,-12.86890577521106,False,4.04066
Pagsanjan,2024,Dry,1,1,33.0,25.52,79.33,0.6516948322118339,0.5256000841825693,-0.5554822828557525,-7.0970840816188865,-14.063338394899068,False,4.04962
Pagsanjan,2024,Dry,2,2,25.6,26.21,77.05,0.7315155316563426,0.5256606302297809,-0.6560587165095771,-7.215303411284405,-13.893716108210967,False,4.04962
Pagsanjan,2024,Dry,3,3,52.1,26.78,77.14,0.668716459767842,0.5088002722740752,-0.6044658931040042,-7.491079612507399,-13.907441851913449,False,4.04962
Pagsanjan,2024,Dry,4,4,17.9,29.33,71.32,0.6166347586587578,0.5033034470098161,-0.5804585014782231,-7.672524632477238,-14.313217747058944,False,4.04962
Pagsanjan,2024,Dry,5,5,340.0,29.52,76.17,0.5941756414885119,0.4738486605119966,-0.552015298496896,-6.898034119034481,-13.328137903572586,False,4.04962
Pagsanjan,2024,Dry,6,6,356.2,28.3,84.37,0.7122994971338272,0.5890068687057963,-0.601681588701308,-6.93168044936514,-13.916704511302209,False,4.04962
Pakil,2024,Dry,1,1,13.0,25.83,76.73,0.510864563480737,0.474709255173143,-0.4231094617704306,-7.0224823732815995,-13.774603721972523,False,4.48538
Pakil,2024,Dry,2,2,7.0,26.27,76.35,0.7871090077549153,0.5968075790180953,-0.7006699264093992,-6.982089909237132,-13.738901946402235,False,4.48538
Pakil,2024,Dry,3,3,24.9,26.83,76.65,0.4925595670818316,0.44303200291223854,-0.43094939748429595,-6.965755312998127,-13.509774653511396,False,4.48538
Pakil,2024,Dry,4,4,1.4,29.07,73.44,0.7309515707468418,0.5869829776962959,-0.6583819675854621,-7.030707891348444,-13.652964968025127,False,4.48538
Pakil,2024,Dry,5,5,245.3,29.65,74.71,0.7474530476098705,0.6053997669402196,-0.6651166028094312,-7.215466066378694,-13.643740844955584,False,4.48538
Pakil,2024,Dry,6,6,220.9,28.9,78.44,,,,-6.419203442075116,-13.284484209930714,False,4.48538
Pangil,2024,Dry,1,1,150.3,22.32,88.14,0.6255460739715075,0.6120075962252752,-0.528461771979116,-7.074167426660793,-13.95031068816149,False,3.93958
Pangil,2024,Dry,2,2,155.5,22.68,88.29,0.8094667637832342,0.5964786029022444,-0.7077248476450085,-6.926441194573275,-13.768701377211162,False,3.93958
Pangil,2024,Dry,3,3,174.4,23.09,89.22,0.5981963692741035,0.5595014436137973,-0.5078288127202586,-6.89627445161694,-13.442531297001683,False,3.93958
Pangil,2024,Dry,4,4,45.7,25.26,85.57,0.7389848374115945,0.612220345016914,-0.649851597170513,-7.037514819833193,-13.642842578800881,False,3.93958
Pangil,2024,Dry,5,5,302.2,25.99,86.63,0.7614544418221852,0.6226079309293618,-0.6663865196139531,-6.987863291456439,-13.477481018416933,False,3.93958
Pangil,2024,Dry,6,6,259.5,25.73,89.48,0.8474981599436029,0.8133504959776643,-0.7142361065768816,-6.620751687643389,-13.524564894560346,False,3.93958
Pila,2024,Dry,1,1,15.0,26.02,74.93,-0.02089364295769032,1.7600452199337946,0.055230897034503394,-7.7028860800934424,-15.071386906267257,False,4.41717
Pila,2024,Dry,2,2,10.4,26.62,73.41,0.6951078155578758,0.46205678104093484,-0.6182043333849933,-7.974366983828844,-14.282629183538752,False,4.41717
Pila,2024,Dry,3,3,30.4,27.19,73.71,0.6131136638774539,0.4856095853063395,-0.5492899986653021,-8.134005888917173,-13.945412369027968,False,4.41717
Pila,2024,Dry,4,4,12.5,29.57,69.15,0.4659271262401297,0.37423512048928714,-0.48081413048532134,-8.390685243126612,-14.503071040711943,False,4.41717
Pila,2024,Dry,5,5,294.5,29.83,74.1,0.4272603138826374,0.3595168142996982,-0.435746215489176,-7.778944277951448,-13.496298206826589,False,4.41717
Pila,2024,Dry,6,6,283.5,28.46,84.18,0.408820806245881,0.4220618378515075,-0.3388005515450159,-7.285718378136925,-14.129470896246362,False,4.41717
Rizal,2024,Dry,1,1,36.3,22.92,84.46,0.4017644226551056,0.7226797342300415,-0.34823986887931824,-6.478973411143631,-13.192691462486644,False,3.94947
Rizal,2024,Dry,2,2,19.2,23.45,83.0,0.8203533573907781,0.5915251060610062,-0.7304272497920224,-6.863071043827093,-13.626695241806576,False,3.94947
Rizal,2024,Dry,3,3,48.1,24.29,81.59,0.6842937519453729,0.5902414015401148,-0.5999230680926859,-7.024552393640215,-13.646244743650005,False,3.94947
Rizal,2024,Dry,4,4,27.0,26.73,75.96,0.6798075330817679,0.6549976660887974,-0.6095741393946394,-7.493380456775335,-14.207471788556848,False,3.94947
Rizal,2024,Dry,5,5,334.9,27.18,79.41,0.6122227385064183,0.6301494737346807,-0.5514909990230038,-7.338075296989868,-13.933192043959005,False,3.94947
Rizal,2024,Dry,6,6,338.5,25.9,87.42,0.49905862940323054,0.7453563902509844,-0.4113033031097548,-6.479579187115573,-13.285395141802487,False,3.94947
Santa Cruz,2024,Dry,1,1,15.0,25.84,74.91,0.11710074621375252,0.10034867969638982,-0.0481581443637735,-7.441907065229555,-14.000308357625615,False,4.75671
Santa Cruz,2024,Dry,2,2,10.4,26.43,73.38,0.6284921053431046,0.44631708807050574,-0.5727852815767241,-7.7488065640773485,-13.82819945645403,False,4.75671
Santa Cruz,2024,Dry,3,3,30.4,26.99,73.67,0.5151542854950194,0.4021551905012369,-0.47412533117145594,-7.834231344057969,-13.67837679623769,False,4.75671
Santa Cruz,2024,Dry,4,4,12.5,29.39,69.12,0.47473824789585445,0.3928167793696111,-0.47450241242056734,-8.098675274072596,-14.215168833693461,False,4.75671
Santa Cruz,2024,Dry,5,5,294.5,29.65,74.06,0.4795884706385417,0.4056527010019877,-0.46884304655449,-7.246711496910094,-12.940631905195778,False,4.75671
Santa Cruz,2024,Dry,6,6,283.5,28.28,84.16,0.5897936445578669,0.5133886106275728,-0.5052330453260794,-7.07625787676084,-13.419575708658297,False,4.75671
Santa Maria,2024,Dry,1,1,26.5,24.53,80.76,0.6973592656837141,0.6692314841217147,-0.5986894061222334,-7.067304754750914,-13.893564186883028,False,4.67847
Santa Maria,2024,Dry,2,2,25.3,25.11,79.47,0.8183445155467751,0.6256230465915406,-0.7292048268763228,-7.393588733324559,-13.900213141936314,False,4.67847
Santa Maria,2024,Dry,3,3,40.6,25.62,80.2,0.7033666996320079,0.6180774204703886,-0.6248030504152865,-7.123035976162699,-13.474964157898766,False,4.67847
Santa Maria,2024,Dry,4,4,13.1,27.98,75.27,0.6968344147992239,0.5317688657764572,-0.6418635042896859,-7.6070634187779405,-14.322751972222054,False,4.67847
Santa Maria,2024,Dry,5,5,242.5,28.6,77.89,0.7100845249085544,0.5792383126177956,-0.6380333863647123,-7.7489969540374055,-14.379070294355909,False,4.67847
Santa Maria,2024,Dry,6,6,337.5,27.4,86.29,0.7842692216269835,0.8226143251917404,-0.6692785995634167,-6.994427042500877,-13.893910589083655,False,4.67847
Siniloan,2024,Dry,1,1,67.1,22.41,86.89,0.5117481830001074,0.5184502172475517,-0.4192354345202412,-6.850308675830199,-13.717232020961129,False,3.96338
Siniloan,2024,Dry,2,2,84.3,22.86,86.72,0.8296070941541409,0.6121434675751908,-0.7296987465804174,-6.97435150609968,-13.786928123456315,False,3.96338
Siniloan,2024,Dry,3,3,99.3,23.29,87.57,0.7619546138833535,0.6784446315416226,-0.652271080025825,-6.784431723528602,-13.267252944810911,False,3.96338
Siniloan,2024,Dry,4,4,28.6,25.52,83.24,0.7446481068262409,0.6260918756325153,-0.6592193719169652,-6.975431763205426,-13.746636046092702,False,3.96338
Siniloan,2024,Dry,5,5,264.8,26.34,83.86,0.7299387351781199,0.6245609723143843,-0.6420964155304252,-6.934999952274181,-13.648348733046552,False,3.96338
Siniloan,2024,Dry,6,6,304.8,25.64,89.2,0.7861283857760758,0.751198634435204,-0.6596609914657836,-6.5615478616337075,-13.546272730252548,False,3.96338
Victoria,2024,Dry,1,1,15.0,26.02,74.93,,,,-8.19860957538682,-15.586686518240027,False,4.58324
Victoria,2024,Dry,2,2,10.4,26.62,73.41,0.6906128749467082,0.474893954651846,-0.6037511240989608,-8.634596597824007,-14.780835634184003,False,4.58324
Victoria,2024,Dry,3,3,30.4,27.19,73.71,0.5641627547242248,0.471632815650307,-0.4914330739416795,-8.786608386617253,-14.45581323603227,False,4.58324
Victoria,2024,Dry,4,4,12.5,29.57,69.15,0.45630981984170194,0.3442518649528736,-0.46299144829959205,-8.919653708722054,-15.017297345229462,False,4.58324
Victoria,2024,Dry,5,5,294.5,29.83,74.1,0.3916678722426092,0.3482995901352646,-0.3916055991409423,-8.151418375905127,-14.08022600804565,False,4.58324
Victoria,2024,Dry,6,6,283.5,28.46,84.18,0.44841544647030696,0.4108891250881975,-0.3685684566159905,-8.387757180279552,-15.49140886191226,False,4.58324
Alaminos,2024,Wet,1,7,302.8,25.76,88.48,0.7232104061138731,0.6707781020344422,-0.6305246081942946,-6.076195276089726,-12.933181347923162,False,3.524
Alaminos,2024,Wet,2,8,271.9,26.18,87.86,0.4740470976630369,0.7565833208772197,-0.3991926050471094,-5.514312874973562,-12.08679127833283,False,3.524
Alaminos,2024,Wet,3,9,357.2,25.97,88.01,0.7495267496423041,0.6546336228276723,-0.6541398973071672,-5.6940003785072335,-12.700878121496027,False,3.524
Alaminos,2024,Wet,4,10,493.4,25.67,87.41,0.7712599628850559,0.7198349587321674,-0.6771960078753883,-5.7460191749057605,-12.177552885027572,False,3.524
Alaminos,2024,Wet,5,11,73.4,25.8,84.63,0.6219586812196602,0.5807633068081255,-0.5532749460613273,-6.312016376006455,-13.033244455455364,False,3.524
Alaminos,2024,Wet,6,12,269.3,24.46,90.01,0.46785460391714695,0.5896735257054313,-0.37794624690844875,-5.47683756963113,-12.174256739963097,False,3.524
Bay,2024,Wet,1,7,534.7,26.48,90.04,0.4483039645409891,0.4111680623629855,-0.3809464042655751,-7.015263468810446,-14.084054373963445,False,3.919
Bay,2024,Wet,2,8,262.5,27.07,88.54,0.27497714537236334,0.3235043509174948,-0.19591739986714424,-6.349786772889832,-12.738550978598987,False,3.919
Bay,2024,Wet,3,9,339.6,26.83,87.89,0.6989958112984659,0.5874989956996086,-0.6057337246990405,-6.4522219565469525,-13.229187710018435,False,3.919
Bay,2024,Wet,4,10,416.5,26.52,87.21,0.697211651567415,0.5921060794570737,-0.6127363342259972,-6.463140405621463,-12.677604498484722,False,3.919
Bay,2024,Wet,5,11,60.3,27.02,81.55,0.6499613129700917,0.5592383849308166,-0.5786817634037049,-6.8063706854904025,-13.682918587647286,False,3.919
Bay,2024,Wet,6,12,269.1,25.5,86.37,0.38998250131096157,0.42053494602441793,-0.31954904858555117,-6.643996182794779,-13.705281015652451,False,3.919
Calauan,2024,Wet,1,7,497.3,26.97,88.14,0.4848567277664741,0.5133362266281061,-0.4112097019232748,-6.488277352814933,-13.556668438048607,False,3.852
Calauan,2024,Wet,2,8,285.1,27.39,86.58,0.5804832187204744,0.7813022183056723,-0.49037436542150004,-6.009995672316065,-12.430929979608608,False,3.852
Calauan,2024,Wet,3,9,398.4,27.16,86.88,0.7432037166372395,0.6728501241614551,-0.641996977966176,-6.170759528438075,-12.968269585383826,False,3.852
Calauan,2024,Wet,4,10,431.7,26.9,85.49,0.7647332963506751,0.6757731095345041,-0.6674406107050418,-6.241185542975484,-12.486827021858032,False,3.852
Calauan,2024,Wet,5,11,73.3,27.44,79.71,0.7106086698686336,0.5894914493387552,-0.6328242847315937,-6.697170469268823,-13.35565239429871,False,3.852
Calauan,2024,Wet,6,12,272.9,25.83,86.38,,,,-6.44013623092549,-13.194807605397964,False,3.852
Cavinti,2024,Wet,1,7,397.5,25.01,90.38,0.5782041057622556,0.6040131989669439,-0.4959996604240934,-7.179132768643465,-13.8012667381274,False,3.319
Cavinti,2024,Wet,2,8,272.2,25.42,90.11,0.6390257019242002,0.6279269275786974,-0.5401171178377706,-6.913014629124841,-13.628470530395386,False,3.319
Cavinti,2024,Wet,3,9,380.9,25.24,90.27,0.6046590642324425,0.6664774422853215,-0.5055275902905196,-7.008806635038072,-13.87592804416994,False,3.319
Cavinti,2024,Wet,4,10,411.1,24.8,90.01,0.6851198785770082,0.6018798664436769,-0.5669082880616841,-6.6298159451334335,-13.166559805243887,False,3.319
Cavinti,2024,Wet,5,11,154.2,24.64,89.44,0.6577638713430991,0.6335900270743633,-0.5668093656811812,-7.156004857447128,-13.837233072639373,False,3.319
Cavinti,2024,Wet,6,12,542.2,23.21,94.93,,,,-6.632085172704851,-13.126694365358382,False,3.319
City of Biñan,2024,Wet,1,7,474.7,26.65,87.47,,,,-5.075799720395944,-12.178975191204964,False,3.61
City of Biñan,2024,Wet,2,8,239.8,27.08,85.91,0.3724567304130406,0.35531524131709974,-0.3481163308264421,-4.748502264700033,-10.877353115699792,False,3.61
City of Biñan,2024,Wet,3,9,290.4,26.83,86.58,0.42196333884187526,0.31813746188916525,-0.40197185464214086,-5.542004892359646,-11.58547325731722,False,3.61
City of Biñan,2024,Wet,4,10,349.0,26.68,85.77,0.38525713385605026,0.30768088809952715,-0.37138060809102585,-4.584607368622469,-10.759373751601533,False,3.61
City of Biñan,2024,Wet,5,11,80.8,27.33,79.66,0.38495668701096436,0.27040870272217965,-0.39082418106592975,-5.8263320930797935,-11.788613859324784,False,3.61
City of Biñan,2024,Wet,6,12,171.3,25.77,85.29,0.38211582510766273,0.3197039260285841,-0.3650697131757727,-4.695056792675126,-10.69547432650454,False,3.61
City of Cabuyao,2024,Wet,1,7,431.0,26.38,88.57,0.3344979475605718,0.31720014141056285,-0.2990198792828649,-5.244697941393802,-13.253947988223915,False,3.736
City of Cabuyao,2024,Wet,2,8,253.6,26.87,86.77,0.47329876870160414,0.4542843821410607,-0.4173508696272741,-5.996167134952101,-11.728343072135566,False,3.736
City of Cabuyao,2024,Wet,3,9,309.2,26.67,86.73,0.5079110202060425,0.39118549842183264,-0.47052304859176936,-6.409061819165265,-12.232760051463044,False,3.736
City of Cabuyao,2024,Wet,4,10,294.0,26.38,86.74,0.51317673141729,0.3969265680306845,-0.4837621824446876,-6.035729275730712,-11.580650058712967,False,3.736
City of Cabuyao,2024,Wet,5,11,81.3,26.84,82.18,0.48223974465260444,0.37191278604154865,-0.462365122496891,-6.565903767446802,-12.32708920457141,False,3.736
City of Cabuyao,2024,Wet,6,12,204.4,25.29,87.26,0.43834510952028455,0.35112855232330037,-0.4129621525728985,-5.576148254620097,-11.3229101476352,False,3.736
City of Calamba,2024,Wet,1,7,428.6,26.04,88.5,0.515123505039444,0.4848800440089096,-0.45533583278965084,-6.21326394732481,-13.102171838608458,False,3.77
City of Calamba,2024,Wet,2,8,197.8,26.55,87.19,0.5390270080642456,0.580957429411306,-0.47239504863215104,-5.936752894137454,-12.065830552482801,False,3.77
City of Calamba,2024,Wet,3,9,288.5,26.29,87.08,0.5959892331578732,0.4944707708148286,-0.5348311491065838,-6.389402186094261,-12.749915849805118,False,3.77
City of Calamba,2024,Wet,4,10,337.9,25.94,87.76,0.5958926972637508,0.4901929164357675,-0.5444080282937864,-6.125216872451732,-12.051270692487694,False,3.77
City of Calamba,2024,Wet,5,11,56.3,26.5,81.88,0.5579776316160362,0.42232021139772635,-0.5224043608506577,-6.770484165693833,-12.941815674910663,False,3.77
City of Calamba,2024,Wet,6,12,204.6,24.82,88.22,0.5100992147164438,0.44849670178657813,-0.45514110354169934,-5.736604673864139,-11.869913268331343,False,3.77
City of San Pablo,2024,Wet,1,7,362.1,26.55,88.84,0.6047619701812915,0.6168114068793823,-0.5294882010114856,-6.443590097485057,-13.180764036131716,False,3.754
City of San Pablo,2024,Wet,2,8,258.7,26.91,88.15,0.49759792594572444,0.7383941027343601,-0.42475336020215315,-5.990384934879398,-12.462580673888422,False,3.754
City of San Pablo,2024,Wet,3,9,325.0,26.7,88.19,0.6892668575824394,0.6343887005457097,-0.6024070900167129,-6.242122320100624,-12.996724243168405,False,3.754
City of San Pablo,2024,Wet,4,10,477.8,26.44,87.17,0.736355212337465,0.6494757771286847,-0.6496870104168747,-6.273867675957436,-12.637573991437186,False,3.754
City of San Pablo,2024,Wet,5,11,49.5,26.89,82.17,0.6761221820830137,0.5625492316722438,-0.6128656701670768,-6.768522555257214,-13.30687501390672,False,3.754
City of San Pablo,2024,Wet,6,12,278.8,25.29,88.99,,,,-6.03993178164175,-12.498893208499531,False,3.754
City of Santa Rosa,2024,Wet,1,7,431.0,26.38,88.57,0.6635649886350529,0.5889014151658225,-0.5770119345590202,-5.479044057962162,-12.842927919129862,False,3.599
City of Santa Rosa,2024,Wet,2,8,253.6,26.87,86.77,0.39304978446495836,0.3775758436078677,-0.3652200136809858,-5.451449349367931,-11.582859047594312,False,3.599
City of Santa Rosa,2024,Wet,3,9,309.2,26.67,86.73,0.512145264255546,0.3961180590253166,-0.47422401194680536,-6.0617431066479135,-12.270028749769507,False,3.599
City of Santa Rosa,2024,Wet,4,10,294.0,26.38,86.74,0.5135182838359477,0.4001913273361146,-0.4805021924567647,-5.59853135360158,-11.628920421027205,False,3.599
City of Santa Rosa,2024,Wet,5,11,81.3,26.84,82.18,0.4998370153227813,0.37522151619365396,-0.4810561702827994,-6.319982719678997,-12.387334562514683,False,3.599
City of Santa Rosa,2024,Wet,6,12,204.4,25.29,87.26,0.494786458770295,0.4137146352841136,-0.45044664441110566,-5.175180179368104,-11.252798944577913,False,3.599
Famy,2024,Wet,1,7,408.2,26.64,87.99,0.7027601707413597,0.5548409540356937,-0.6084645765195141,-6.80417148330976,-13.490901006846414,False,4.037
Famy,2024,Wet,2,8,252.8,27.0,88.12,0.6815586883630715,0.6605291749925211,-0.5881926669104304,-6.547958032197862,-13.028816399912294,False,4.037
Famy,2024,Wet,3,9,383.9,26.62,89.18,0.7235260207937222,0.5198040650012947,-0.6388685387986857,-6.510327487770389,-13.408947145816605,False,4.037
Famy,2024,Wet,4,10,318.7,26.42,87.46,0.642455885187882,0.6853316301711244,-0.5533075434261809,-6.246607608722548,-12.869547537713247,False,4.037
Famy,2024,Wet,5,11,135.9,26.2,87.04,0.8186331125760584,0.6807431124939716,-0.7219030380957717,-6.71510540467483,-13.490541535904322,False,4.037
Famy,2024,Wet,6,12,383.6,24.85,91.15,,,,-6.3048777606394655,-12.943519233362268,False,4.037
Kalayaan,2024,Wet,1,7,459.8,24.94,91.73,0.6956063405463845,0.6223316806339817,-0.592581285742682,-7.04071396476186,-13.579879111400126,False,3.372
Kalayaan,2024,Wet,2,8,277.3,25.49,90.68,0.6225613965144364,0.6730937015628536,-0.5183785797454944,-7.0228493121317275,-13.587852074407472,False,3.372
Kalayaan,2024,Wet,3,9,410.1,25.17,91.35,0.12135147050877948,0.07281500028243025,0.01877714906742712,-6.895308847612565,-13.726353527419215,False,3.372
Kalayaan,2024,Wet,4,10,391.9,24.73,91.27,0.5619699510284094,0.5055857804134162,-0.45208939264649906,-6.682654687071914,-13.22671797462791,False,3.372
Kalayaan,2024,Wet,5,11,191.3,24.51,90.99,0.6054711634096398,0.5723220423946002,-0.5180618519712727,-7.195315570262124,-13.81299100784392,False,3.372
Kalayaan,2024,Wet,6,12,631.2,23.12,95.75,,,,-6.73037007007621,-13.213837148627459,False,3.372
Liliw,2024,Wet,1,7,382.6,25.7,87.27,0.47168822586073256,0.6047661867824335,-0.4113161222928261,-6.67611300566047,-13.494694715359651,False,3.931
Liliw,2024,Wet,2,8,277.3,25.96,87.51,0.6506109247041624,0.7536341266856768,-0.5601621336510472,-6.173234734267518,-12.749067679589682,False,3.931
Liliw,2024,Wet,3,9,377.6,25.8,87.59,0.784304897013027,0.6632279840694719,-0.6855077407579523,-6.484079336475652,-13.28938093906707,False,3.931
Liliw,2024,Wet,4,10,464.9,25.5,86.65,0.7606738068064289,0.592420609549559,-0.6602228915306428,-6.233950876253399,-12.627184253024994,False,3.931
Liliw,2024,Wet,5,11,119.4,25.57,84.58,0.7058999428924435,0.6050758989189692,-0.625850731373734,-6.819916208897624,-13.41624428680743,False,3.931
Liliw,2024,Wet,6,12,378.1,24.05,90.87,,,,-6.270996015270526,-12.917353356574626,False,3.931
Los Baños,2024,Wet,1,7,534.7,25.42,89.96,0.4598409158288778,0.5027546051575419,-0.39832760596173705,-6.394186575411755,-13.009896122181178,False,3.609
Los Baños,2024,Wet,2,8,262.5,26.01,88.46,0.4664905914349925,0.5704544933060398,-0.4078853102204001,-5.630339291596681,-11.984574690263827,False,3.609
Los Baños,2024,Wet,3,9,339.6,25.77,87.8,0.7474236944813043,0.6494110159755414,-0.6518608940200812,-6.098138088463394,-12.857641629920082,False,3.609
Los Baños,2024,Wet,4,10,416.5,25.46,87.12,0.7394091500351736,0.6352368585854503,-0.6496727540408437,-6.13959470193258,-12.309582970821767,False,3.609
Los Baños,2024,Wet,5,11,60.3,25.96,81.43,0.66817521899378,0.6271837142784724,-0.5915350269918214,-6.31405670512104,-12.864714467321894,False,3.609
Los Baños,2024,Wet,6,12,269.1,24.44,86.29,-0.026045090724649125,0.21261582874454735,0.06538758167000704,-5.491526563244426,-12.05581943173462,False,3.609
Luisiana,2024,Wet,1,7,412.9,24.32,90.36,0.5463200090616431,0.6476868077612048,-0.47293670542823385,-6.568151183839353,-13.305543599994973,False,3.197
Luisiana,2024,Wet,2,8,254.2,24.74,89.82,0.7145603387868482,0.841410063186991,-0.6083693953304714,-6.008224891532729,-12.756144091713638,False,3.197
Luisiana,2024,Wet,3,9,407.2,24.54,90.3,0.8206940889146377,0.7475031352006629,-0.7089199813683988,-6.419078505229163,-13.316282579462273,False,3.197
Luisiana,2024,Wet,4,10,509.8,24.05,90.54,0.8034987035611785,0.716312203115541,-0.693003237714962,-6.157614007190857,-12.713849979752078,False,3.197
Luisiana,2024,Wet,5,11,197.9,23.88,90.46,0.7255537671418063,0.644055381710808,-0.6318770634369385,-6.506644572477905,-13.246543105389108,False,3.197
Luisiana,2024,Wet,6,12,715.0,22.47,96.01,,,,-6.207151872166821,-12.81099890780228,False,3.197
Lumban,2024,Wet,1,7,459.8,24.94,91.73,0.6396315103665167,0.5873707789075476,-0.5366276425645014,-7.417040349576909,-14.242425165665505,False,3.62
Lumban,2024,Wet,2,8,277.3,25.49,90.68,0.6477669205946341,0.6552491042777199,-0.5427564344756554,-7.555593194239655,-14.039544816212771,False,3.62
Lumban,2024,Wet,3,9,410.1,25.17,91.35,0.5207603809047254,0.3391321362889706,-0.4084965844113435,-7.501891876952843,-14.2706164062001,False,3.62
Lumban,2024,Wet,4,10,391.9,24.73,91.27,0.6688059491104411,0.5570630909279214,-0.5553021764289121,-7.5780317006200635,-14.008374292455661,False,3.62
Lumban,2024,Wet,5,11,191.3,24.51,90.99,0.6014349828539215,0.5236324518708884,-0.5068912544189149,-7.65435468169976,-14.271938977129027,False,3.62
Lumban,2024,Wet,6,12,631.2,23.12,95.75,,,,-7.392852844348129,-13.805407888848789,False,3.62
Mabitac,2024,Wet,1,7,465.5,26.78,85.2,0.6125979773643583,0.541215401947471,-0.5145256631808974,-7.787888818101417,-15.133407768361817,False,3.926
Mabitac,2024,Wet,2,8,287.2,26.99,86.28,0.6745028316625173,0.63354417923752,-0.576484826015618,-7.623514252415977,-13.98629961023728,False,3.926
Mabitac,2024,Wet,3,9,415.5,26.61,87.15,0.7711852917989465,0.6214467035361025,-0.6602858169195182,-7.637195112617869,-14.500647619709712,False,3.926
Mabitac,2024,Wet,4,10,297.5,26.62,84.3,0.5045520468625291,0.5681791216093669,-0.42183908351406324,-7.975403707631442,-14.679334373030901,False,3.926
Mabitac,2024,Wet,5,11,124.7,26.4,83.71,0.6405094185601822,0.4897218844237487,-0.5711683749801781,-8.103398245177342,-14.994448811166952,False,3.926
Mabitac,2024,Wet,6,12,286.4,25.19,86.32,,,,-8.90431425200436,-15.789732218595379,False,3.926
Magdalena,2024,Wet,1,7,369.7,27.27,85.56,0.5042298786651663,0.5977737411267108,-0.43797863095438766,-6.730476485676974,-13.707572410165106,False,3.897
Magdalena,2024,Wet,2,8,262.8,27.55,86.56,0.6903678624819977,0.6798586141262738,-0.5946727831033011,-6.257617558574947,-12.78975816859935,False,3.897
Magdalena,2024,Wet,3,9,384.2,27.38,86.59,0.7742179406218288,0.6422311452622138,-0.6748106122017061,-6.424524893163761,-13.26192371729424,False,3.897
Magdalena,2024,Wet,4,10,384.8,27.11,84.97,0.7692912856915165,0.6111343135532471,-0.6588401973380577,-6.092643933696089,-12.564351111602704,False,3.897
Magdalena,2024,Wet,5,11,137.0,27.21,82.2,0.6590408754979222,0.6108490746499836,-0.5833449731830527,-6.864099807994579,-13.591812237725916,False,3.897
Magdalena,2024,Wet,6,12,358.8,25.6,88.46,,,,-6.40363218229595,-13.18835551985936,False,3.897
Majayjay,2024,Wet,1,7,412.9,25.28,90.42,0.5337409816472427,0.6900514379047106,-0.4633278069177246,-6.770294414674187,-13.529707297981275,False,3.458
Majayjay,2024,Wet,2,8,254.2,25.69,89.89,0.6453745970577204,0.7690418357917238,-0.5559788640946667,-6.039069216220656,-12.784297108362665,False,3.458
Majayjay,2024,Wet,3,9,407.2,25.49,90.36,0.8079335748230917,0.7090330352775008,-0.7031199201587547,-6.4740447450326,-13.358457676864914,False,3.458
Majayjay,2024,Wet,4,10,509.8,25.02,90.62,0.14437278353570127,0.06909814881347129,-0.11567588546385499,-6.280588430098951,-12.661230706452171,False,3.458
Majayjay,2024,Wet,5,11,197.9,24.83,90.52,0.6746462195849194,0.6898614937385248,-0.5864812518743272,-6.684934152356957,-13.270237513237138,False,3.458
Majayjay,2024,Wet,6,12,715.0,23.43,96.04,,,,-6.233585026176704,-12.773540611712507,False,3.458
Nagcarlan,2024,Wet,1,7,382.6,25.7,87.27,0.5013102514923985,0.6163975451620687,-0.43606955685909243,-6.221438151267558,-13.261733416340492,False,3.671
Nagcarlan,2024,Wet,2,8,277.3,25.96,87.51,0.6164804232202273,0.7842970411347141,-0.5223845503166286,-5.79811376998589,-12.51345760514707,False,3.671
Nagcarlan,2024,Wet,3,9,377.6,25.8,87.59,0.8035791890483203,0.6895762656336888,-0.7020540780970195,-6.104347849338401,-13.116013876120276,False,3.671
Nagcarlan,2024,Wet,4,10,464.9,25.5,86.65,0.773355959432437,0.6421246431687813,-0.6739733793134729,-6.088769571844199,-12.569823152947501,False,3.671
Nagcarlan,2024,Wet,5,11,119.4,25.57,84.58,0.7319999467477153,0.6500802629148182,-0.6500164959361749,-6.551449559035867,-13.220458547096596,False,3.671
Nagcarlan,2024,Wet,6,12,378.1,24.05,90.87,,,,-5.965381327037234,-12.6480922278145,False,3.671
Paete,2024,Wet,1,7,439.8,24.03,92.28,0.7491934449614273,0.6345905591580527,-0.639716373214197,-6.556329516892895,-13.015431833235322,False,3.119
Paete,2024,Wet,2,8,181.9,24.85,89.42,0.809303105059588,0.755644671251992,-0.688513636876836,-6.569558505896918,-13.139566335146947,False,3.119
Paete,2024,Wet,3,9,369.6,24.38,91.01,0.8044221969477156,0.6487560156138673,-0.6798330771438584,-6.449514827107422,-13.319814409368687,False,3.119
Paete,2024,Wet,4,10,397.5,23.82,91.86,0.7128918552656515,0.6539751097320403,-0.6015175556295307,-6.292052081247862,-12.925846460522092,False,3.119
Paete,2024,Wet,5,11,290.8,23.56,91.86,0.5476749719837728,0.5464614909200717,-0.4648119842748915,-6.800503255535422,-13.450689068901882,False,3.119
Paete,2024,Wet,6,12,926.8,22.18,96.89,,,,-6.065149322359508,-12.544995757290701,False,3.119
Pagsanjan,2024,Wet,1,7,369.7,27.5,85.58,0.4726928851240528,0.5241678966868141,-0.4108077481085317,-6.831926818446609,-14.267944537868866,False,3.837
Pagsanjan,2024,Wet,2,8,262.8,27.77,86.58,0.663514821896536,0.6908822255640007,-0.5688236414620371,-6.61789426778639,-13.159449535893597,False,3.837
Pagsanjan,2024,Wet,3,9,384.2,27.6,86.61,0.7238004665728849,0.5010736165104018,-0.628255425861052,-6.900955424765131,-13.580328317278596,False,3.837
Pagsanjan,2024,Wet,4,10,384.8,27.34,85.0,0.7364495206696084,0.4497439463693904,-0.6346015319140742,-6.132272042618141,-12.442802980771136,False,3.837
Pagsanjan,2024,Wet,5,11,137.0,27.43,82.23,0.6514112951157391,0.507537164022115,-0.5814215311251107,-6.7619838776306525,-13.56262258559337,False,3.837
Pagsanjan,2024,Wet,6,12,358.8,25.83,88.48,,,,-6.802129628179392,-13.692822060224339,False,3.837
Pakil,2024,Wet,1,7,468.5,28.15,79.7,0.7180610032738205,0.633597960125106,-0.6115357950693159,-6.819924676147942,-13.408804172805455,False,3.302
Pakil,2024,Wet,2,8,313.8,28.47,79.71,0.7597066371075001,0.7690553603540862,-0.6481363719622568,-6.606383136535942,-13.268291588317364,False,3.302
Pakil,2024,Wet,3,9,504.6,28.14,80.55,0.7961633296590769,0.6740671928186954,-0.6847405752386154,-6.6540092453737785,-13.652245142746077,False,3.302
Pakil,2024,Wet,4,10,299.7,28.08,79.21,0.707154916398887,0.7051814480738597,-0.600714911867697,-6.553325297355928,-13.169285347799951,False,3.302
Pakil,2024,Wet,5,11,93.4,27.78,79.51,0.7511979795912374,0.6136891443726749,-0.6562071590172581,-7.037315547568918,-13.79817240333622,False,3.302
Pakil,2024,Wet,6,12,268.0,26.46,82.63,,,,-6.554544013366567,-13.172098531187624,False,3.302
Pangil,2024,Wet,1,7,407.6,24.81,91.22,0.7452368243579967,0.6006973903328665,-0.6351504209101554,-6.94563033918691,-13.74373086500816,False,3.769
Pangil,2024,Wet,2,8,177.4,25.56,88.73,0.7235259215602747,0.716332498395534,-0.6159097419460745,-6.628609121687338,-13.217648457522372,False,3.769
Pangil,2024,Wet,3,9,374.9,25.08,90.34,0.7429400584558904,0.5903841618657264,-0.6323446146684195,-6.731602002856166,-13.704261392058758,False,3.769
Pangil,2024,Wet,4,10,372.7,24.59,90.63,0.7424786345770111,0.7468092353766456,-0.6268052435320717,-6.655665636033717,-13.377449148915774,False,3.769
Pangil,2024,Wet,5,11,233.5,24.27,91.08,0.7171837596749544,0.616529680899455,-0.6203358680720995,-7.112013772332455,-13.885228554726591,False,3.769
Pangil,2024,Wet,6,12,727.1,22.87,96.13,,,,-6.572608997798417,-13.208671683281903,False,3.769
Pila,2024,Wet,1,7,477.8,27.56,86.59,0.38294064773405684,0.3535836555686817,-0.32380943072187574,-7.868513544362308,-16.23759371403221,False,3.873
Pila,2024,Wet,2,8,315.3,28.05,85.82,0.5357055525815994,0.722498633024132,-0.46616208625553657,-7.631050467611662,-13.785299394032753,False,3.873
Pila,2024,Wet,3,9,365.8,27.75,86.15,0.7065491867069895,0.6160513407333752,-0.6105274423281072,-7.890073556854715,-13.93988714371645,False,3.873
Pila,2024,Wet,4,10,339.8,27.59,83.78,0.636438423668347,0.5178666578431905,-0.5660746727200379,-6.968257598209154,-12.659433502669216,False,3.873
Pila,2024,Wet,5,11,87.5,27.79,79.92,0.5665406871423546,0.4210529037612312,-0.5260665103218319,-7.2826390378025705,-13.583527465889855,False,3.873
Pila,2024,Wet,6,12,286.9,26.37,83.89,,,,-7.986629461336672,-14.543973134436063,False,3.873
Rizal,2024,Wet,1,7,429.0,25.07,89.26,0.5077283618582087,0.6643210888454223,-0.4426880058434941,-6.470340603871322,-13.297682370012419,False,3.43
Rizal,2024,Wet,2,8,253.3,25.31,88.95,0.6485899140050305,0.8830283780657368,-0.5447490609840174,-6.03108959279319,-12.605272566994,False,3.43
Rizal,2024,Wet,3,9,395.4,25.12,89.18,0.7792093912175482,0.653558724645301,-0.6833327313043646,-6.415771503350311,-13.373913851324781,False,3.43
Rizal,2024,Wet,4,10,513.2,24.84,88.55,0.7940612797940073,0.7875900534438579,-0.6811540656109905,-6.41901929601007,-12.899781307206737,False,3.43
Rizal,2024,Wet,5,11,77.4,24.94,86.11,0.7384303654525091,0.6737038906173435,-0.6488532734172834,-6.831261062438705,-13.383078436125633,False,3.43
Rizal,2024,Wet,6,12,313.5,23.59,91.88,,,,-6.208593589688578,-12.620421934272798,False,3.43
Santa Cruz,2024,Wet,1,7,477.8,27.38,86.57,0.4080457695767554,0.3704365341631139,-0.350020412153664,-7.07773152649268,-15.102495607196792,False,3.793
Santa Cruz,2024,Wet,2,8,315.3,27.87,85.8,0.5914581484916747,0.6312872535185552,-0.5106678558036134,-7.414262330799708,-13.499241014035881,False,3.793
Santa Cruz,2024,Wet,3,9,365.8,27.57,86.13,0.6576086046812584,0.52738107558919,-0.5726048722636681,-7.6221342667618845,-13.771471595521287,False,3.793
Santa Cruz,2024,Wet,4,10,339.8,27.4,83.76,0.4591494537742882,0.35898693352382943,-0.4079807489157977,-6.9267274135356,-12.58715793228757,False,3.793
Santa Cruz,2024,Wet,5,11,87.5,27.6,79.89,0.46669775358879356,0.36202191595145033,-0.42513548566622483,-7.345352622709758,-13.577803504075101,False,3.793
Santa Cruz,2024,Wet,6,12,286.9,26.18,83.87,,,,-7.57073481943948,-14.076788419570827,False,3.793
Santa Maria,2024,Wet,1,7,380.7,26.62,87.38,0.6822597954627395,0.626924865932216,-0.5842028496068794,-7.068950125480206,-13.940444443791545,False,4.044
Santa Maria,2024,Wet,2,8,240.9,26.94,87.84,0.7452067164384446,0.7244111702617967,-0.6424013614569422,-6.703891382372458,-13.151509115766514,False,4.044
Santa Maria,2024,Wet,3,9,451.5,26.5,88.59,0.7494368341665028,0.5691171299989313,-0.6505351151255873,-6.663286101784269,-13.477739620616564,False,4.044
Santa Maria,2024,Wet,4,10,273.7,26.48,86.38,0.6975403672944399,0.715074220816037,-0.5944480877434679,-6.476466200723096,-13.062290988614574,False,4.044
Santa Maria,2024,Wet,5,11,118.3,26.23,85.92,0.8111138565316763,0.6412781390484283,-0.7233919395411068,-7.080092765012525,-13.960842684195844,False,4.044
Santa Maria,2024,Wet,6,12,307.9,24.97,89.51,,,,-6.623573018967343,-13.463872064480361,False,4.044
Siniloan,2024,Wet,1,7,427.3,24.84,90.48,0.6715717790597201,0.5393530807961349,-0.5799238429868578,-6.906613940233882,-13.651150703936004,False,3.895
Siniloan,2024,Wet,2,8,186.7,25.43,88.9,0.6240432416464166,0.6350872520258076,-0.5353699160148263,-6.75821873575361,-13.346285707566192,False,3.895
Siniloan,2024,Wet,3,9,395.5,24.97,90.16,0.8029354342827387,0.6052232886357647,-0.6937666334075508,-6.782661712521993,-13.699517540792415,False,3.895
Siniloan,2024,Wet,4,10,319.3,24.63,89.94,0.6843865297642912,0.703822693422592,-0.5785480673338271,-6.583813428496249,-13.240735938422572,False,3.895
Siniloan,2024,Wet,5,11,126.8,24.33,90.04,0.734565411437775,0.6235306569078933,-0.6473392873359872,-6.955828430341084,-13.696605706748265,False,3.895
Siniloan,2024,Wet,6,12,463.6,22.98,94.84,,,,-6.546635636230829,-13.16713768093371,False,3.895
Victoria,2024,Wet,1,7,477.8,27.56,86.59,0.4037061343798839,0.35492386827133143,-0.32827619466903296,-8.441758417476173,-16.605898891290103,False,3.869
Victoria,2024,Wet,2,8,315.3,28.05,85.82,0.42551503859780343,0.36725947423123834,-0.3449888759686901,-8.557841666810303,-14.384815188948824,False,3.869
Victoria,2024,Wet,3,9,365.8,27.75,86.15,0.6708132540938387,0.5385356903513013,-0.5611716872430625,-8.475625287702117,-14.430407362307092,False,3.869
Victoria,2024,Wet,4,10,339.8,27.59,83.78,0.5572753814396418,0.4245620905685372,-0.5035866144117122,-7.639870525246858,-13.676638788046043,False,3.869
Victoria,2024,Wet,5,11,87.5,27.79,79.92,0.47054167733256974,0.33417132759651413,-0.43113664143265934,-7.690137264000001,-14.349188164375631,False,3.869
Victoria,2024,Wet,6,12,286.9,26.37,83.89,,,,-10.407367114376237,-17.289572358446655,False,3.869
Alaminos,2025,Dry,1,1,144.5,23.85,87.87,0.6963364447505428,0.56111464410045,-0.6141544860787221,-5.576639130023283,-12.457767728356703,False,3.61671
Alaminos,2025,Dry,2,2,186.6,23.84,87.48,0.5672945555785424,0.6160989867118392,-0.4805930294096471,-6.129643961816657,-12.821811870228442,False,3.61671
Alaminos,2025,Dry,3,3,134.1,25.57,80.34,0.748275183327832,0.6652486879139811,-0.6643852202240293,-5.908464390350609,-12.842862449463533,False,3.61671
Alaminos,2025,Dry,4,4,55.8,27.94,72.99,0.7140170459673786,0.5883321489729044,-0.647681647633111,-7.299000067021749,-14.127299994219237,False,3.61671
Alaminos,2025,Dry,5,5,128.3,27.47,79.63,0.7908532189958181,0.7244980502754717,-0.6869050178295831,-5.933959527883573,-12.821429678607656,False,3.61671
Alaminos,2025,Dry,6,6,273.5,25.74,89.67,0.821277015365993,0.7149322389382988,-0.7174001503219782,-6.005485629379374,-12.87700922646883,False,3.61671
Bay,2025,Dry,1,1,89.7,25.13,82.79,0.6374227697220128,0.5080721384159274,-0.5572658954896939,-6.383030034228145,-13.582392859917721,False,4.94538
Bay,2025,Dry,2,2,169.7,25.28,81.89,0.6617704305185315,0.7035053326638094,-0.5545459043669544,-6.827091888861624,-13.495637396620406,False,4.94538
Bay,2025,Dry,3,3,115.3,26.72,76.21,0.7128951666786896,0.572195084613725,-0.6282620189953138,-6.661692094409365,-13.312220756487907,False,4.94538
Bay,2025,Dry,4,4,30.0,29.25,69.33,0.6081631728223345,0.5118141020207023,-0.5630171390534245,-8.158625603178644,-14.731417734045781,False,4.94538
Bay,2025,Dry,5,5,138.4,28.58,76.51,0.47170437855287317,0.2962517197698427,-0.4336586706898439,-6.748086985035758,-13.561784504583528,False,4.94538
Bay,2025,Dry,6,6,317.5,26.89,87.59,0.6974668064989389,0.6755889567035972,-0.6046855925984326,-6.939689400596073,-13.76111592900148,False,4.94538
Calauan,2025,Dry,1,1,109.6,25.38,83.11,0.6585113963353582,0.5294908291290388,-0.571196964722675,-6.22400923674091,-13.195737003180698,False,4.78313
Calauan,2025,Dry,2,2,129.1,25.54,81.91,-0.03329208706501197,0.8091791120875589,0.060707435213289286,-6.682907151151342,-13.324450983291708,False,4.78313
Calauan,2025,Dry,3,3,62.5,27.07,75.21,0.7436650315686762,0.6178438102066866,-0.6501499879977745,-6.499138707891443,-13.138869187781724,False,4.78313
Calauan,2025,Dry,4,4,21.9,29.7,66.79,0.7091734893421244,0.5977416743838931,-0.642502597764878,-7.743041892046529,-14.41579632227477,False,4.78313
Calauan,2025,Dry,5,5,124.6,29.0,74.62,0.6714638982780025,0.593390625264029,-0.5957900465891081,-6.587160868496457,-13.382697441983598,False,4.78313
Calauan,2025,Dry,6,6,334.4,27.22,86.18,0.7914370302351792,0.7362353985715401,-0.6847375507629798,-6.481975206326922,-13.290320071319504,False,4.78313
Cavinti,2025,Dry,1,1,278.0,22.59,93.06,0.5035952472059606,0.5377129605404399,-0.428870468992375,-6.760581116007436,-13.292662646652419,False,3.66486
Cavinti,2025,Dry,2,2,316.9,22.81,91.58,,,,-7.097543678452446,-13.74564865057115,False,3.66486
Cavinti,2025,Dry,3,3,162.5,23.73,89.28,0.7499958476989351,0.6132599621296632,-0.6457095541533712,-6.851055650911465,-13.536755047900888,False,3.66486
Cavinti,2025,Dry,4,4,27.2,25.9,83.15,0.7607962112202924,0.6428539709404005,-0.6642440219175484,-8.388285940148117,-15.016430218802974,False,3.66486
Cavinti,2025,Dry,5,5,150.4,26.09,84.1,0.7887446462227119,0.6912118403809114,-0.6672117959653056,-7.194007960187594,-13.970258641545986,False,3.66486
Cavinti,2025,Dry,6,6,383.7,25.11,90.87,0.7921338170296374,0.6559380634774981,-0.6690978633664292,-7.6523010355842525,-14.090079764082157,False,3.66486
City of Biñan,2025,Dry,1,1,50.6,25.41,81.11,0.3921145140282474,0.2927408086888508,-0.3932106264430046,-5.241428514766398,-11.336401797616814,False,4.08119
City of Biñan,2025,Dry,2,2,89.2,25.65,79.39,0.3773739409588341,0.28023479490115166,-0.3675829099165555,-5.903549244312398,-11.714940314224553,False,4.08119
City of Biñan,2025,Dry,3,3,58.4,26.95,74.67,0.3503847747777434,0.26019233434967015,-0.3609542676773064,-5.894878366748147,-11.812988596060817,False,4.08119
City of Biñan,2025,Dry,4,4,15.7,29.36,67.98,0.29342039089203287,0.23878107856626699,-0.3213569172857082,-6.451497278573616,-13.68097933124752,False,4.08119
City of Biñan,2025,Dry,5,5,145.2,28.59,75.46,0.32204212886865324,0.19811555864076216,-0.33798464553795443,-5.551117959245701,-11.449732936434133,False,4.08119
City of Biñan,2025,Dry,6,6,346.7,26.84,86.3,,,,-4.141066181831164,-11.753696958423058,False,4.08119
City of Cabuyao,2025,Dry,1,1,68.0,24.88,83.75,0.45696937405784865,0.3756254861380496,-0.4454327715663441,-5.982505933829802,-11.84419707252411,False,3.89592
City of Cabuyao,2025,Dry,2,2,136.1,25.14,82.02,0.42293862787772596,0.34890753619351267,-0.40229385198111706,-6.608814430457472,-12.22966922584782,False,3.89592
City of Cabuyao,2025,Dry,3,3,70.3,26.33,77.99,0.4296439822610513,0.3296835796842814,-0.42380556684474086,-6.523381434400615,-12.302633776409412,False,3.89592
City of Cabuyao,2025,Dry,4,4,26.8,28.8,71.23,0.42226203099892273,0.3497878920006002,-0.42030937163800947,-6.6052631055777855,-14.432062101795822,False,3.89592
City of Cabuyao,2025,Dry,5,5,131.2,28.18,77.62,0.38033163553028587,0.31308803964247073,-0.3831229300732478,-6.546051877850317,-12.268372512241099,False,3.89592
City of Cabuyao,2025,Dry,6,6,329.7,26.61,87.22,0.04081396758556366,0.21635204553604126,0.010116560384631157,-4.418640352051048,-12.636970722316908,False,3.89592
City of Calamba,2025,Dry,1,1,67.3,24.47,84.43,0.5649534139786172,0.44020129191158847,-0.5301770851536985,-6.008979437049858,-12.26280441582277,False,4.37207
City of Calamba,2025,Dry,2,2,138.0,24.89,81.55,0.5016579108965517,0.47119426007209886,-0.4455308778385681,-6.751794346149776,-12.82144179314938,False,4.37207
City of Calamba,2025,Dry,3,3,95.6,26.18,77.2,0.5415122770283982,0.4312431359089658,-0.5045549873198971,-6.721199059042076,-12.928291460764061,False,4.37207
City of Calamba,2025,Dry,4,4,35.4,28.78,69.71,0.4706928017733787,0.40690249965194053,-0.4644718630176768,-7.690527032431074,-14.599063266534518,False,4.37207
City of Calamba,2025,Dry,5,5,131.9,28.05,76.32,0.4920360605300132,0.4434793857233342,-0.4603309821834836,-6.829176333494797,-13.072147827771715,False,4.37207
City of Calamba,2025,Dry,6,6,304.8,26.25,87.46,0.11089444980025291,0.38082999289035796,-0.08432013178244233,-5.638996839140266,-12.684924518593808,False,4.37207
City of San Pablo,2025,Dry,1,1,122.4,24.8,85.95,0.6917281516878666,0.5508859850166243,-0.6067371101035374,-6.289400416256604,-12.793991392385724,False,3.94521
City of San Pablo,2025,Dry,2,2,144.6,24.87,85.02,,,,-6.885679565254279,-13.306252551302938,False,3.94521
City of San Pablo,2025,Dry,3,3,75.1,26.6,77.45,0.7210264921925171,0.594055312866413,-0.6397595261807433,-6.760239671165772,-13.259215760117124,False,3.94521
City of San Pablo,2025,Dry,4,4,33.1,29.11,70.02,0.675581559753045,0.5387183166043901,-0.6234391013160209,-7.765454273903069,-14.43726186616196,False,3.94521
City of San Pablo,2025,Dry,5,5,117.9,28.43,77.54,0.6761737747711165,0.5829145675863118,-0.6099994710945847,-6.885879368139288,-13.46691331691224,False,3.94521
City of San Pablo,2025,Dry,6,6,321.2,26.54,89.24,0.7342474109796856,0.6346336529450646,-0.646884237283669,-6.473040907925455,-13.127110469563828,False,3.94521
City of Santa Rosa,2025,Dry,1,1,68.0,24.88,83.75,0.5679650898556646,0.4519583821708231,-0.5219193238112912,-5.72823182961707,-11.941262877670232,False,4.27719
City of Santa Rosa,2025,Dry,2,2,136.1,25.14,82.02,0.4573239066763626,0.3697429126536234,-0.42773293903237714,-6.391277029708529,-12.344188624134256,False,4.27719
City of Santa Rosa,2025,Dry,3,3,70.3,26.33,77.99,0.45813904529688404,0.353071411760061,-0.4412395855842123,-6.396993797121631,-12.515941897306533,False,4.27719
City of Santa Rosa,2025,Dry,4,4,26.8,28.8,71.23,0.4104534052346854,0.3292813624261549,-0.41711594123110945,-6.987234289632422,-14.356242984322197,False,4.27719
City of Santa Rosa,2025,Dry,5,5,131.2,28.18,77.62,0.36857012285521196,0.28469103194451945,-0.3758198141373327,-6.1825935822234985,-12.233895960431392,False,4.27719
City of Santa Rosa,2025,Dry,6,6,329.7,26.61,87.22,0.6147556727413944,0.5305928436811069,-0.5400678443206878,-4.508270562492434,-12.178409860522699,False,4.27719
Famy,2025,Dry,1,1,204.0,24.22,88.76,0.7913125755652763,0.7065087031148817,-0.6926562054684003,-6.1916953388929805,-12.755856527836569,False,4.58424
Famy,2025,Dry,2,2,183.2,24.4,87.87,,,,-6.920893791335463,-13.50699794394864,False,4.58424
Famy,2025,Dry,3,3,92.8,25.37,85.2,0.7975152462240483,0.6852321417963769,-0.696535304233509,-6.741540874640797,-13.296052712677024,False,4.58424
Famy,2025,Dry,4,4,19.8,27.77,77.76,0.7042659622426154,0.5454390543436878,-0.6437093727932435,-8.046203965307873,-14.664982395771325,False,4.58424
Famy,2025,Dry,5,5,58.9,28.05,78.63,0.8156543691162274,0.7176294942811433,-0.6990604245272141,-6.78931842041034,-13.59290061171734,False,4.58424
Famy,2025,Dry,6,6,269.0,26.7,88.31,0.8044974004313076,0.6944598412121843,-0.698894415069724,-6.700861136836975,-13.265387171166255,False,4.58424
Kalayaan,2025,Dry,1,1,329.9,22.53,93.63,0.5995346870165922,0.5135053404644434,-0.5093860921349902,-6.743067043294426,-13.18840096480956,False,3.91862
Kalayaan,2025,Dry,2,2,330.1,22.75,92.14,,,,-7.299674483869535,-13.961625202083521,False,3.91862
Kalayaan,2025,Dry,3,3,166.5,23.66,89.78,0.7290430537699186,0.6162175645644641,-0.625862272565475,-6.81860715652033,-13.485360829516171,False,3.91862
Kalayaan,2025,Dry,4,4,29.3,25.82,84.04,0.7127546106333491,0.6273593058150643,-0.6235680036790805,-8.368216537978668,-14.807317335377983,False,3.91862
Kalayaan,2025,Dry,5,5,129.1,25.98,85.23,0.7748168213084585,0.6620253817962268,-0.6553456228334459,-7.039259889644162,-13.684127988323048,False,3.91862
Kalayaan,2025,Dry,6,6,331.8,25.18,91.45,0.796197088942582,0.7187232526119338,-0.6747567365021557,-7.518820707297547,-13.935191049765299,False,3.91862
Liliw,2025,Dry,1,1,209.1,23.45,88.89,0.3260845417463328,0.5172900500931318,-0.2725408371490768,-6.220012023917605,-12.928810211070198,False,4.12058
Liliw,2025,Dry,2,2,165.6,23.65,87.25,,,,-6.627287750427475,-13.227425862981036,False,4.12058
Liliw,2025,Dry,3,3,104.6,24.73,83.68,0.7690288574625389,0.6076756632692252,-0.6795965776263921,-6.53331900678503,-13.169666701876515,False,4.12058
Liliw,2025,Dry,4,4,22.6,27.47,73.1,0.7156195578599437,0.5706841759274601,-0.6514933349437892,-7.900667873774082,-14.748017966908515,False,4.12058
Liliw,2025,Dry,5,5,112.5,27.21,78.07,0.7671779617657101,0.6433404448146188,-0.6720113296018464,-6.785471232015183,-13.54693991985777,False,4.12058
Liliw,2025,Dry,6,6,449.0,25.64,88.38,0.7457739450004444,0.6506028699704637,-0.6563314943844653,-6.916873480952937,-13.74015080957382,False,4.12058
Los Baños,2025,Dry,1,1,89.7,24.06,82.67,0.6051181552897493,0.49507096619369073,-0.5415239344966489,-5.720432036543747,-12.453436995265418,False,3.58221
Los Baños,2025,Dry,2,2,169.7,24.23,81.76,0.6265690832225602,0.5726501576380153,-0.5464962812425365,-6.1786395463267,-12.724996529232744,False,3.58221
Los Baños,2025,Dry,3,3,115.3,25.66,76.06,0.7272826537904714,0.5639993542947381,-0.651528342218366,-6.038065673562088,-12.756909720930548,False,3.58221
Los Baños,2025,Dry,4,4,30.0,28.2,69.15,0.7082937106010917,0.638818354473943,-0.6334294735780062,-7.289840373333132,-14.052679627098083,False,3.58221
Los Baños,2025,Dry,5,5,138.4,27.51,76.38,0.5225668038500304,0.5012350437571289,-0.47366192395802137,-6.265967556568039,-12.914640215339196,False,3.58221
Los Baños,2025,Dry,6,6,317.5,25.83,87.5,0.7226531719811077,0.7458272638196155,-0.6218589733034392,-6.077514875490717,-12.748180749419289,False,3.58221
Luisiana,2025,Dry,1,1,431.0,21.77,94.84,0.48719004116614034,0.5163668991826669,-0.41107074837187463,-6.295421921190614,-12.947833911879389,False,3.67634
Luisiana,2025,Dry,2,2,374.3,21.97,93.05,,,,-6.557764130503496,-13.273578382590706,False,3.67634
Luisiana,2025,Dry,3,3,220.9,22.82,91.33,0.8014343977443781,0.6623499793466052,-0.6991392826288485,-6.208172764258863,-13.006867274762874,False,3.67634
Luisiana,2025,Dry,4,4,54.9,24.91,85.47,0.7719140279355017,0.6511768852365346,-0.6771472027661902,-7.737850893073357,-14.446514005306009,False,3.67634
Luisiana,2025,Dry,5,5,186.4,25.12,86.48,0.829078445754613,0.7230200105942103,-0.7131628850974899,-6.5930423904902,-13.451577425392982,False,3.67634
Luisiana,2025,Dry,6,6,365.6,24.34,90.99,0.8455523650404926,0.7171032010143036,-0.7296008678469725,-6.891002790022748,-13.550697574534144,False,3.67634
Lumban,2025,Dry,1,1,329.9,22.53,93.63,0.41086916700266424,0.3748833502125303,-0.34208715491919733,-7.471136811455863,-13.877521582649274,False,4.50725
Lumban,2025,Dry,2,2,330.1,22.75,92.14,,,,-7.781704607761819,-14.452005461393696,False,4.50725
Lumban,2025,Dry,3,3,166.5,23.66,89.78,0.6648102838694371,0.5478656310466192,-0.56412282327637,-7.589282981312375,-14.064951049415663,False,4.50725
Lumban,2025,Dry,4,4,29.3,25.82,84.04,0.7489681310654743,0.65838228982787,-0.649580446937281,-8.988883031588884,-15.58137762725594,False,4.50725
Lumban,2025,Dry,5,5,129.1,25.98,85.23,0.7478972289240421,0.6456186063056378,-0.6352826551430459,-7.8088941549616235,-14.277171031645619,False,4.50725
Lumban,2025,Dry,6,6,331.8,25.18,91.45,0.750782718424748,0.6506612039740973,-0.6367382890523854,-7.887814414743566,-14.378259202865141,False,4.50725
Mabitac,2025,Dry,1,1,130.0,24.59,83.54,0.6301505859148768,0.5597095769564945,-0.5468342560431037,-8.198102650859372,-15.026857415367376,False,4.8319
Mabitac,2025,Dry,2,2,146.3,24.76,82.81,,,,-8.188295946756616,-15.231206936822925,False,4.8319
Mabitac,2025,Dry,3,3,57.5,25.94,78.66,0.6960789394660903,0.5650383853365829,-0.6097957135399467,-7.958121487871985,-14.586335099062666,False,4.8319
Mabitac,2025,Dry,4,4,9.0,28.43,71.39,0.630858799470508,0.5227833789447831,-0.5813106791265141,-9.32045730348078,-16.031083443138527,False,4.8319
Mabitac,2025,Dry,5,5,57.3,28.48,73.86,0.660454844921346,0.589246732886294,-0.5793403852186652,-7.689111992920573,-14.11271864138533,False,4.8319
Mabitac,2025,Dry,6,6,358.0,26.68,86.77,0.6948997782788514,0.6220030530637726,-0.6099203630344997,-8.089862669957808,-14.974490309785724,False,4.8319
Magdalena,2025,Dry,1,1,155.5,25.1,85.74,0.43338953400335045,0.3554733160170748,-0.3767700801796398,-6.462727735326228,-13.249778013222027,False,3.93489
Magdalena,2025,Dry,2,2,159.1,25.31,84.19,,,,-6.907312474313733,-13.543109080139892,False,3.93489
Magdalena,2025,Dry,3,3,82.1,26.51,79.79,0.7668664648617136,0.6148945209713214,-0.6743010852070936,-6.674182713707876,-13.363790308521262,False,3.93489
Magdalena,2025,Dry,4,4,17.3,29.19,70.79,0.7336659962165956,0.5808727246515893,-0.6682557027595635,-8.065046806954035,-15.039697017898668,False,3.93489
Magdalena,2025,Dry,5,5,106.5,28.91,75.64,0.7523881177578559,0.6373926073141344,-0.659680961187744,-6.881356231354792,-13.750400413872239,False,3.93489
Magdalena,2025,Dry,6,6,448.6,27.23,87.1,0.7708739004558897,0.6421085782896288,-0.6722515118900135,-7.037400842621221,-13.961796126856989,False,3.93489
Majayjay,2025,Dry,1,1,431.0,22.74,94.88,,,,-6.258275140817502,-12.93152338741931,False,3.52245
Majayjay,2025,Dry,2,2,374.3,22.94,93.1,,,,-6.603855581718343,-13.246636862870197,False,3.52245
Majayjay,2025,Dry,3,3,220.9,23.77,91.4,0.7854956438981048,0.6678819548237668,-0.6894008993653529,-6.541330953835797,-13.221087794682846,False,3.52245
Majayjay,2025,Dry,4,4,54.9,25.85,85.56,0.726567034961855,0.6443423435394585,-0.6499988927967812,-8.102333308381922,-14.789049003789808,False,3.52245
Majayjay,2025,Dry,5,5,186.4,26.08,86.57,0.8019373111970929,0.717460858877406,-0.6992044629773119,-6.680599636033412,-13.494899524503744,False,3.52245
Majayjay,2025,Dry,6,6,365.6,25.29,91.06,0.8026654824488264,0.6922724710238963,-0.7033473066175571,-6.968448930407107,-13.706574664930843,False,3.52245
Nagcarlan,2025,Dry,1,1,209.1,23.45,88.89,0.6303361964511836,0.7159543038966442,-0.5420086240759452,-5.896138258759048,-12.667673726137998,False,4.22053
Nagcarlan,2025,Dry,2,2,165.6,23.65,87.25,,,,-6.3975061489050695,-13.078557695811007,False,4.22053
Nagcarlan,2025,Dry,3,3,104.6,24.73,83.68,0.7920952390497598,0.6349002551747794,-0.698238381291152,-6.208935271329795,-13.005257709111541,False,4.22053
Nagcarlan,2025,Dry,4,4,22.6,27.47,73.1,0.7586952251186022,0.6255855989860007,-0.683451788642211,-7.361925758775493,-14.38389133976431,False,4.22053
Nagcarlan,2025,Dry,5,5,112.5,27.21,78.07,0.797767361563822,0.6612362552178928,-0.6988083224713093,-6.513694873179392,-13.369022839276106,False,4.22053
Nagcarlan,2025,Dry,6,6,449.0,25.64,88.38,0.7768035902322502,0.71894331166662,-0.6804213499660646,-6.341211777534769,-13.271347462607908,False,4.22053
Paete,2025,Dry,1,1,564.8,21.54,95.14,0.7456781435477333,0.6299020901011428,-0.6383825311597408,-6.186099886481434,-12.604727406048928,False,4.24877
Paete,2025,Dry,2,2,511.4,21.78,93.22,,,,-6.812555357076742,-13.287580813268784,False,4.24877
Paete,2025,Dry,3,3,278.5,22.61,91.38,0.7549654506837503,0.6428810904370834,-0.6554851974494557,-6.191452734428892,-12.899222372227955,False,4.24877
Paete,2025,Dry,4,4,54.9,24.62,86.17,0.7760568160013737,0.6956124438955817,-0.6667390386438637,-7.764049200111049,-14.319621036269577,False,4.24877
Paete,2025,Dry,5,5,136.4,24.73,88.17,0.8314593726621997,0.7154863250561896,-0.7040614671433931,-6.6315923289337055,-13.310769462829033,False,4.24877
Paete,2025,Dry,6,6,279.2,24.39,91.17,0.8341878377117175,0.7246014062485847,-0.7137691382507008,-6.9685225732481,-13.39616890100067,False,4.24877
Pagsanjan,2025,Dry,1,1,155.5,25.32,85.76,0.4529423915714652,0.3659625054420289,-0.3959136889015432,-6.716028847871692,-13.623612675113026,False,4.22853
Pagsanjan,2025,Dry,2,2,159.1,25.54,84.21,,,,-7.152391439332634,-13.686412682623324,False,4.22853
Pagsanjan,2025,Dry,3,3,82.1,26.74,79.83,0.7414540754538906,0.5961267469392064,-0.6498841915728414,-6.910612421553922,-13.410125409650876,False,4.22853
Pagsanjan,2025,Dry,4,4,17.3,29.42,70.83,0.5771688246353528,0.4281491288022581,-0.5535698884256014,-8.009730458301302,-15.118720788473505,False,4.22853
Pagsanjan,2025,Dry,5,5,106.5,29.14,75.68,0.6729841445936868,0.5928935718927412,-0.591871555146839,-6.994285941370857,-13.842283385663208,False,4.22853
Pagsanjan,2025,Dry,6,6,448.6,27.46,87.12,0.7056026287347577,0.5963813486350821,-0.615703484120568,-7.0228332289327895,-14.329160646834607,False,4.22853
Pakil,2025,Dry,1,1,63.7,25.82,80.78,0.7394151048234913,0.6378716295980668,-0.6476878668580328,-6.654274590152617,-13.263216030171158,False,4.21115
Pakil,2025,Dry,2,2,93.6,25.98,80.31,,,,-7.0881692155149,-13.745416645757846,False,4.21115
Pakil,2025,Dry,3,3,50.2,26.96,78.26,0.7610590818561525,0.6283452109983751,-0.6649949174867514,-6.765007675973239,-13.484882443591925,False,4.21115
Pakil,2025,Dry,4,4,5.2,29.18,73.27,0.811308240530683,0.6957092425574448,-0.7041733344394701,-7.951759937557621,-14.631981371255797,False,4.21115
Pakil,2025,Dry,5,5,70.5,29.18,74.79,0.7785272128816597,0.6875761354354049,-0.6733333956915348,-7.02041058631644,-13.693590946344381,False,4.21115
Pakil,2025,Dry,6,6,316.3,28.15,79.5,0.8237066584079142,0.711376351541845,-0.7076174847794586,-7.195110161062291,-13.788580574846845,False,4.21115
Pangil,2025,Dry,1,1,403.1,22.19,94.16,0.7092562181210593,0.6350280411244711,-0.6137790001189063,-6.870915094815185,-13.399355257091718,False,4.73353
Pangil,2025,Dry,2,2,393.8,22.42,92.71,,,,-7.167127648995572,-13.963674620861875,False,4.73353
Pangil,2025,Dry,3,3,222.0,23.2,91.24,0.7450329259568873,0.6448637846883712,-0.6476377248795621,-6.797749176622885,-13.531830609668521,False,4.73353
Pangil,2025,Dry,4,4,40.7,25.18,86.43,0.7855998059987387,0.6499493784164114,-0.6856117490658769,-8.28464562201088,-14.852967488263133,False,4.73353
Pangil,2025,Dry,5,5,118.0,25.49,87.12,0.7539018700090925,0.6753008545477978,-0.6503605786288568,-6.961598929463707,-13.542843528906326,False,4.73353
Pangil,2025,Dry,6,6,240.3,25.0,90.85,0.796111668190932,0.6813771899999985,-0.6880109709869088,-7.194901943044019,-13.785139171260314,False,4.73353
Pila,2025,Dry,1,1,108.3,25.86,81.27,0.2309041496180946,0.1782174383772541,-0.20865223386497894,-7.561657309315756,-14.625632463652284,False,4.73137
Pila,2025,Dry,2,2,98.8,26.05,80.43,,,,-7.7246544816553575,-14.468885699095571,False,4.73137
Pila,2025,Dry,3,3,62.2,27.36,75.36,0.66000624210859,0.4830398307561336,-0.5807824391619305,-7.772522666655343,-13.751764331289687,False,4.73137
Pila,2025,Dry,4,4,7.8,30.11,66.75,0.5288822546879586,0.4108385046372833,-0.5135706470162945,-9.10910183926567,-15.69827393218892,False,4.73137
Pila,2025,Dry,5,5,89.1,29.75,71.5,0.5510813670650462,0.4377788806030652,-0.5136045092212753,-7.853897715151737,-13.962062467271762,False,4.73137
Pila,2025,Dry,6,6,424.2,27.88,83.71,0.5325139931849359,0.4281101761056704,-0.4966664337959279,-7.296277594297401,-14.198215797890075,False,4.73137
Rizal,2025,Dry,1,1,190.4,22.9,90.26,0.6592646948803725,0.5321844255656858,-0.5680284545802228,-6.255772886321507,-12.723247571369921,False,3.82234
Rizal,2025,Dry,2,2,165.3,23.04,89.01,,,,-6.752362140981562,-13.252490655185461,False,3.82234
Rizal,2025,Dry,3,3,100.8,24.27,84.49,0.7952865171824829,0.6180378093525745,-0.6979888813606157,-6.553711942435728,-13.301152862159489,False,3.82234
Rizal,2025,Dry,4,4,44.5,26.82,75.26,0.7842038204282475,0.6216599288077075,-0.6972302055831455,-7.713902325995975,-14.640975644698614,False,3.82234
Rizal,2025,Dry,5,5,158.7,26.31,82.69,0.7740147888708977,0.7920412528197245,-0.667602760378515,-6.812948637777312,-13.654519108788804,False,3.82234
Rizal,2025,Dry,6,6,391.9,24.93,90.18,0.7627481857874084,0.7669086501551678,-0.665689515005657,-6.652993571463392,-13.480235398330523,False,3.82234
Santa Cruz,2025,Dry,1,1,108.3,25.69,81.25,0.15777625197045772,0.11920423658174176,-0.12174405058929087,-7.447948978747138,-14.031536323448984,False,4.66992
Santa Cruz,2025,Dry,2,2,98.8,25.85,80.41,,,,-7.631226669227604,-14.087921110782803,False,4.66992
Santa Cruz,2025,Dry,3,3,62.2,27.17,75.33,0.6204832698279504,0.45461059355995004,-0.5523101608733335,-7.537696512335792,-13.494684032657425,False,4.66992
Santa Cruz,2025,Dry,4,4,7.8,29.93,66.72,0.5643692384977745,0.4385940933157742,-0.5341633967041975,-8.599862580559886,-15.605883043530817,False,4.66992
Santa Cruz,2025,Dry,5,5,89.1,29.57,71.47,0.5439351898831976,0.4646322781809761,-0.5003620835618181,-7.531983371592155,-13.458311082361757,False,4.66992
Santa Cruz,2025,Dry,6,6,424.2,27.71,83.68,0.5904683759280344,0.5053621920125962,-0.5298012070833842,-6.982712542460682,-14.25769086281554,False,4.66992
Santa Maria,2025,Dry,1,1,147.7,24.32,87.09,0.7521814052753063,0.6542061865748487,-0.6618193973836702,-6.659825541882093,-13.23032518994719,False,4.97154
Santa Maria,2025,Dry,2,2,131.9,24.47,86.34,,,,-7.280087433177832,-13.781141322258131,False,4.97154
Santa Maria,2025,Dry,3,3,66.3,25.7,82.18,0.776142101838302,0.6370349800982795,-0.6899161838195601,-6.967286489249651,-13.539730220908119,False,4.97154
Santa Maria,2025,Dry,4,4,14.3,28.14,75.03,0.7647559036889287,0.6425513403242183,-0.6846945213647468,-8.236694427679012,-15.047988060375157,False,4.97154
Santa Maria,2025,Dry,5,5,72.0,28.37,76.09,0.7462023721695824,0.6709703790087055,-0.650524522752853,-6.951466377445321,-13.661693175618657,False,4.97154
Santa Maria,2025,Dry,6,6,344.3,26.49,88.73,0.787104736924804,0.6747042315247465,-0.6849308398158082,-7.441907975629598,-14.170209775451221,False,4.97154
Siniloan,2025,Dry,1,1,242.3,22.28,92.72,0.7068527151477932,0.6261446401209798,-0.6138855237717467,-6.572327149146879,-13.133027963710054,False,4.70677
Siniloan,2025,Dry,2,2,252.2,22.45,91.65,,,,-7.1003708964823185,-13.807001873848515,False,4.70677
Siniloan,2025,Dry,3,3,128.1,23.36,89.49,0.7611883472494065,0.684504149923154,-0.6601424864078369,-6.657765708745931,-13.292138762718649,False,4.70677
Siniloan,2025,Dry,4,4,29.1,25.48,83.91,0.6920405491539114,0.5704374116477243,-0.6288521388526183,-8.132867320712068,-14.620213673123349,False,4.70677
Siniloan,2025,Dry,5,5,89.1,25.88,83.73,0.7500739534960121,0.666811687854889,-0.649716978850969,-6.882695125238859,-13.565168658350997,False,4.70677
Siniloan,2025,Dry,6,6,239.4,24.9,90.76,0.7583683677798333,0.674769078380685,-0.6634251950668025,-7.321372150642855,-13.861984928779233,False,4.70677
Victoria,2025,Dry,1,1,108.3,25.86,81.27,0.35713676288876833,0.2835136773508401,-0.30572166522832184,-8.249560403390424,-15.377726191759084,False,5.19894
Victoria,2025,Dry,2,2,98.8,26.05,80.43,,,,-8.561455317323757,-15.004180089478357,False,5.19894
Victoria,2025,Dry,3,3,62.2,27.36,75.36,0.6364476502558876,0.49515334701292807,-0.5507956117085634,-8.4239369627654,-14.114601392730933,False,5.19894
Victoria,2025,Dry,4,4,7.8,30.11,66.75,0.4771058520625579,0.3818259188889882,-0.4821118026584228,-9.882552662675943,-16.42434224643693,False,5.19894
Victoria,2025,Dry,5,5,89.1,29.75,71.5,0.4633872123721719,0.3587445054310691,-0.4546122760588605,-8.602169104830423,-14.803823348372237,False,5.19894
Victoria,2025,Dry,6,6,424.2,27.88,83.71,0.5219204793855822,0.45273230036120626,-0.4803076597405281,-8.224255418274016,-15.342804179337739,False,5.19894
Alaminos,2025,Wet,1,7,339.7,25.58,89.07,,,,-6.358933046893975,-13.09929575178033,False,3.63895
Alaminos,2025,Wet,2,8,352.2,25.16,89.69,0.7655456948040373,0.7302867342851225,-0.6648998113080736,-5.649258450530568,-12.522667044230282,False,3.63895
Alaminos,2025,Wet,3,9,429.7,24.53,94.04,0.756362753182114,0.7358013969432494,-0.6538945674759611,-5.729476657844174,-12.52074039966645,False,3.63895
Alaminos,2025,Wet,4,10,289.3,24.91,92.42,,,,-5.697903454562974,-12.675715514120606,False,3.63895
Alaminos,2025,Wet,5,11,234.5,25.01,89.97,0.7528850530130576,0.6623757159916912,-0.6510277477596156,-6.364495609348353,-13.071198403378698,False,3.63895
Alaminos,2025,Wet,6,12,88.3,24.45,87.51,,,,,,False,3.63895
Bay,2025,Wet,1,7,334.8,26.75,86.17,,,,-7.262091602969434,-14.065682088101171,False,3.91901
Bay,2025,Wet,2,8,310.7,26.36,87.66,0.6239204525757726,0.5002902103017045,-0.5327961926311825,-6.50124917146087,-13.334061283343722,False,3.91901
Bay,2025,Wet,3,9,391.6,25.77,90.74,0.6797992694549484,0.5993038163872958,-0.5860981272210083,-6.4947394820771445,-12.72181842452619,False,3.91901
Bay,2025,Wet,4,10,268.9,26.14,88.57,,,,-6.195431945404223,-12.993173353489688,False,3.91901
Bay,2025,Wet,5,11,242.2,26.03,87.29,0.6411699191516974,0.5808087508106929,-0.55618706335568,-7.08398915621329,-13.770424587395427,False,3.91901
Bay,2025,Wet,6,12,77.7,25.49,84.43,,,,,,False,3.91901
Calauan,2025,Wet,1,7,330.7,27.06,85.33,,,,-6.736101671875466,-13.495738269034739,False,3.86538
Calauan,2025,Wet,2,8,291.1,26.73,85.5,0.676767901378742,0.5803294273805947,-0.5819551774440025,-6.229013135936023,-12.979886162936564,False,3.86538
Calauan,2025,Wet,3,9,391.6,26.11,89.59,0.679967277341657,0.6150459649236693,-0.5851099628862197,-6.021492457181317,-12.524400084862485,False,3.86538
Calauan,2025,Wet,4,10,257.0,26.51,87.16,,,,-6.046599299459287,-12.815625850803332,False,3.86538
Calauan,2025,Wet,5,11,246.8,26.44,86.22,0.6764682369383049,0.5946246126334158,-0.581959027109829,-6.577205809548746,-13.321397127847861,False,3.86538
Calauan,2025,Wet,6,12,68.5,25.99,82.46,,,,,,False,3.86538
Cavinti,2025,Wet,1,7,376.0,24.97,89.78,,,,-7.654229689360395,-13.865125602656102,False,3.38834
Cavinti,2025,Wet,2,8,421.4,24.69,89.42,,,,-7.182210317122085,-13.588030368705414,False,3.38834
Cavinti,2025,Wet,3,9,487.0,24.08,93.88,0.8113503524995528,0.7957520248996238,-0.6960824241218501,-7.058981282357009,-13.294061854906968,False,3.38834
Cavinti,2025,Wet,4,10,370.9,24.29,92.86,,,,-7.022057185492496,-13.659575934058084,False,3.38834
Cavinti,2025,Wet,5,11,422.3,24.0,92.85,0.7485929029030394,0.5317227537572213,-0.6359572141605554,-7.21087414105621,-13.525532737552904,False,3.38834
Cavinti,2025,Wet,6,12,187.4,23.19,92.43,,,,,,False,3.38834
City of Biñan,2025,Wet,1,7,370.6,26.62,85.08,,,,-5.328227413174103,-12.375865217322485,False,3.88066
City of Biñan,2025,Wet,2,8,295.5,26.61,83.89,0.38039882107081957,0.3230862302411808,-0.36008325860371715,-5.350362972472916,-11.548544224547035,False,3.88066
City of Biñan,2025,Wet,3,9,341.4,25.92,88.9,,,,-4.577941647462039,-11.881796384653956,False,3.88066
City of Biñan,2025,Wet,4,10,238.1,26.44,86.65,,,,-5.3189066647949215,-11.513062391606224,False,3.88066
City of Biñan,2025,Wet,5,11,219.9,26.5,84.46,0.3987782064534836,0.26272565671319925,-0.3852148469349133,-5.102191507213964,-12.202482186421443,False,3.88066
City of Biñan,2025,Wet,6,12,64.5,26.24,79.33,,,,,,False,3.88066
City of Cabuyao,2025,Wet,1,7,345.6,26.48,85.62,,,,-5.421893864435164,-13.24048800847648,False,3.82416
City of Cabuyao,2025,Wet,2,8,320.6,26.3,85.46,0.45708929685559685,0.35545784710086886,-0.4204916046258273,-6.191219913284074,-12.095386456745535,False,3.82416
City of Cabuyao,2025,Wet,3,9,342.4,25.65,89.97,0.4696769979055498,0.36530795199897126,-0.43204894284550716,-4.741543212489144,-12.60705758016626,False,3.82416
City of Cabuyao,2025,Wet,4,10,244.9,25.99,88.75,,,,-6.114315268805732,-11.947809496776454,False,3.82416
City of Cabuyao,2025,Wet,5,11,208.9,25.95,87.21,0.453211085630255,0.3154893749324497,-0.4306442273390068,-5.0165619671038195,-12.88484444322178,False,3.82416
City of Cabuyao,2025,Wet,6,12,53.2,25.55,83.05,,,,,,False,3.82416
City of Calamba,2025,Wet,1,7,354.7,25.94,87.79,,,,-6.468537401754744,-13.163648768859005,False,3.82067
City of Calamba,2025,Wet,2,8,322.2,25.66,88.11,0.5195220983979728,0.4808296635881226,-0.4696322451016641,-6.227760954462452,-12.562981723183784,False,3.82067
City of Calamba,2025,Wet,3,9,326.3,25.13,91.36,0.5607238817911656,0.4870491440615735,-0.4972365941763927,-5.718524354735262,-12.540816391562718,False,3.82067
City of Calamba,2025,Wet,4,10,246.4,25.41,90.19,,,,-6.200407406880234,-12.503732122864335,False,3.82067
City of Calamba,2025,Wet,5,11,212.0,25.38,88.72,0.5303601713593599,0.4037772631808504,-0.4844571093174498,-6.131361549957226,-12.976041863217054,False,3.82067
City of Calamba,2025,Wet,6,12,48.4,25.06,84.06,,,,,,False,3.82067
City of San Pablo,2025,Wet,1,7,348.8,26.36,88.47,,,,-6.698383481897371,-13.269654975872223,False,4.01528
City of San Pablo,2025,Wet,2,8,302.1,26.01,88.78,0.7266626671218391,0.750260505053148,-0.6296369828728682,-6.226659354089879,-12.703147520922979,False,4.01528
City of San Pablo,2025,Wet,3,9,439.2,25.43,92.8,0.6391443657763799,0.5963983353499707,-0.5597001909138192,-6.0141316451637445,-12.588636552015348,False,4.01528
City of San Pablo,2025,Wet,4,10,262.1,25.8,90.82,,,,-6.226581175226443,-12.777558482498117,False,4.01528
City of San Pablo,2025,Wet,5,11,260.2,25.81,89.22,0.6283010413510541,0.5861666674852365,-0.5351280120890228,-6.573407235233085,-13.145350454670911,False,4.01528
City of San Pablo,2025,Wet,6,12,80.7,25.31,85.99,,,,,,False,4.01528
City of Santa Rosa,2025,Wet,1,7,345.6,26.48,85.62,,,,-5.594543185485773,-12.80411546494576,False,3.72801
City of Santa Rosa,2025,Wet,2,8,320.6,26.3,85.46,0.4929038975311801,0.38592026195096374,-0.4547704966173164,-5.826067847535926,-12.079990949276267,False,3.72801
City of Santa Rosa,2025,Wet,3,9,342.4,25.65,89.97,,,,-4.923534995236668,-12.312543505848776,False,3.72801
City of Santa Rosa,2025,Wet,4,10,244.9,25.99,88.75,,,,-5.834793336687384,-12.112492717650946,False,3.72801
City of Santa Rosa,2025,Wet,5,11,208.9,25.95,87.21,0.46638066079226126,0.33079217893984597,-0.440365939469101,-5.413331527288271,-12.6831428776614,False,3.72801
City of Santa Rosa,2025,Wet,6,12,53.2,25.55,83.05,,,,,,False,3.72801
Famy,2025,Wet,1,7,484.1,26.2,90.62,,,,-7.0403358310359785,-13.474439650087412,False,3.95376
Famy,2025,Wet,2,8,371.7,26.3,88.31,,,,-6.515077416042847,-13.195229381131627,False,3.95376
Famy,2025,Wet,3,9,340.5,25.64,91.39,0.7770004510468321,0.6881526804484084,-0.6697977528333813,-6.311351447653871,-12.63910744512763,False,3.95376
Famy,2025,Wet,4,10,221.7,26.0,89.23,,,,-6.280385353001345,-12.923380415181924,False,3.95376
Famy,2025,Wet,5,11,319.1,25.62,89.95,0.8064586743488371,0.5885791435563195,-0.7098681889775815,-6.386735002015811,-12.796665965977972,False,3.95376
Famy,2025,Wet,6,12,109.2,24.86,88.08,,,,,,False,3.95376
Kalayaan,2025,Wet,1,7,346.9,24.95,90.99,,,,-7.449659708267242,-13.634183121676049,False,3.28499
Kalayaan,2025,Wet,2,8,386.6,24.79,90.32,0.014589677564799786,0.018836648669093847,0.045588165521621704,-7.00141791648012,-13.483891857236758,False,3.28499
Kalayaan,2025,Wet,3,9,390.5,24.04,94.91,0.766977123641944,0.6720092176528383,-0.6507395910228222,-6.822470778209675,-13.023275300180767,False,3.28499
Kalayaan,2025,Wet,4,10,313.4,24.25,93.66,,,,-6.841836790365725,-13.42515809033181,False,3.28499
Kalayaan,2025,Wet,5,11,449.5,23.91,94.04,0.7479766946352878,0.529335266859824,-0.647402124377469,-6.973277184968102,-13.340550946402605,False,3.28499
Kalayaan,2025,Wet,6,12,203.7,23.12,93.07,,,,,,False,3.28499
Liliw,2025,Wet,1,7,385.6,25.4,88.13,,,,-7.038866500479089,-13.553068434973333,False,3.89298
Liliw,2025,Wet,2,8,416.8,25.19,87.46,0.7134631713236027,0.6492070687871752,-0.6142040989371256,-6.51760930135679,-13.053141882054952,False,3.89298
Liliw,2025,Wet,3,9,512.2,24.67,91.24,0.5911894890043285,0.7513003560476069,-0.511263853521937,-6.327250943000387,-12.898913212798364,False,3.89298
Liliw,2025,Wet,4,10,324.0,24.96,89.81,0.3384357009032004,0.7514136772449703,-0.2920307539505502,-6.444082630026626,-13.074565293317217,False,3.89298
Liliw,2025,Wet,5,11,320.9,24.78,89.36,0.7607180040385222,0.5852537056995156,-0.6683173927819367,-6.678679391980717,-13.389351357836288,False,3.89298
Liliw,2025,Wet,6,12,138.7,24.11,87.94,,,,,,False,3.89298
Los Baños,2025,Wet,1,7,334.8,25.7,86.07,,,,-6.569684798305126,-13.039129250702263,False,3.67264
Los Baños,2025,Wet,2,8,310.7,25.3,87.56,0.6341304566879215,0.5919365937065852,-0.5592330521112928,-5.950307981621891,-12.679439152253375,False,3.67264
Los Baños,2025,Wet,3,9,391.6,24.72,90.67,0.6871094496956763,0.6104348066486014,-0.5993669415421609,-5.974569879106195,-12.509038459617207,False,3.67264
Los Baños,2025,Wet,4,10,268.9,25.09,88.49,,,,-6.00007622370564,-12.780323593416533,False,3.67264
Los Baños,2025,Wet,5,11,242.2,24.97,87.21,0.7005772797164337,0.6257692896416909,-0.6070324642197499,-6.3664549644393675,-12.979179025260352,False,3.67264
Los Baños,2025,Wet,6,12,77.7,24.42,84.34,,,,,,False,3.67264
Luisiana,2025,Wet,1,7,385.0,24.17,90.49,,,,-7.038818536725382,-13.31136514313073,False,3.21777
Luisiana,2025,Wet,2,8,403.1,23.91,89.67,0.7130503294998609,0.7175193067560811,-0.6179858624398618,-6.3670005107242815,-12.930390972669883,False,3.21777
Luisiana,2025,Wet,3,9,531.8,23.39,94.0,0.6162165985181083,0.5426038955315884,-0.531360620665656,-6.336793685538178,-12.80649597068427,False,3.21777
Luisiana,2025,Wet,4,10,448.3,23.55,93.58,,,,-6.389736419458458,-12.978484043672225,False,3.21777
Luisiana,2025,Wet,5,11,469.3,23.29,93.58,0.8015783773248106,0.6223851436973217,-0.7018614486070289,-6.6938389387172395,-13.16743738378876,False,3.21777
Luisiana,2025,Wet,6,12,240.9,22.43,93.73,,,,,,False,3.21777
Lumban,2025,Wet,1,7,346.9,24.95,90.99,,,,-8.181178299952768,-14.856568564114806,False,3.95641
Lumban,2025,Wet,2,8,386.6,24.79,90.32,0.3695350363234842,0.3587314119516326,-0.30463773566336666,-8.005108483577365,-14.449072563983217,False,3.95641
Lumban,2025,Wet,3,9,390.5,24.04,94.91,0.380585986576386,0.30715355148716683,-0.2959948308273985,-7.982562613915664,-14.2541612059476,False,3.95641
Lumban,2025,Wet,4,10,313.4,24.25,93.66,,,,-7.803287024724938,-14.518133617761697,False,3.95641
Lumban,2025,Wet,5,11,449.5,23.91,94.04,0.5563708242854882,0.4310434379553388,-0.4546916111722864,-8.283233143995663,-14.834462835209505,False,3.95641
Lumban,2025,Wet,6,12,203.7,23.12,93.07,,,,,,False,3.95641
Mabitac,2025,Wet,1,7,524.5,26.27,88.23,,,,-8.654945706228467,-15.804417819489947,False,3.91815
Mabitac,2025,Wet,2,8,419.4,26.29,86.74,0.10989557206630707,0.20373670756816864,-0.0784345269203186,-8.373397422253978,-15.13394888779045,False,3.91815
Mabitac,2025,Wet,3,9,358.6,25.71,89.34,0.6491826298181896,0.6033977965121907,-0.5508969082303644,-8.412147932289162,-14.682917590351176,False,3.91815
Mabitac,2025,Wet,4,10,201.5,26.21,86.22,,,,-8.041618471416491,-14.840262320741175,False,3.91815
Mabitac,2025,Wet,5,11,251.8,25.92,86.03,0.5644620884934195,0.43836886041307654,-0.4807475112102874,-8.784895230788846,-15.579031005881134,False,3.91815
Mabitac,2025,Wet,6,12,87.5,25.17,84.16,,,,,,False,3.91815
Magdalena,2025,Wet,1,7,357.4,27.03,86.73,,,,-7.031244355141088,-13.617787647309022,False,3.84366
Magdalena,2025,Wet,2,8,437.8,26.79,85.8,0.7834082313963163,0.7096678025795683,-0.6743112460300398,-6.431496308753984,-12.943892560928703,False,3.84366
Magdalena,2025,Wet,3,9,399.3,26.22,89.73,0.7337020349450522,0.686368786244824,-0.633357056511054,-6.188910342391897,-12.741610552581829,False,3.84366
Magdalena,2025,Wet,4,10,318.3,26.6,87.48,,,,-6.3850848715895925,-12.944312010812114,False,3.84366
Magdalena,2025,Wet,5,11,294.4,26.37,87.04,0.750575060318167,0.5861726893338034,-0.6573849898565848,-6.852245093864081,-13.580727863397845,False,3.84366
Magdalena,2025,Wet,6,12,100.3,25.76,84.51,,,,,,False,3.84366
Majayjay,2025,Wet,1,7,385.0,25.11,90.58,,,,-7.196516879407486,-13.567335744144634,False,3.57955
Majayjay,2025,Wet,2,8,403.1,24.87,89.74,0.7858403336338743,0.7437227559844415,-0.6769173529147482,-6.342377194047126,-13.010165225952866,False,3.57955
Majayjay,2025,Wet,3,9,531.8,24.35,94.04,0.7135966313201169,0.7679841060304969,-0.6075402364441703,-6.457779360220606,-13.005476595116624,False,3.57955
Majayjay,2025,Wet,4,10,448.3,24.5,93.65,0.37286146426642375,0.8075157588830704,-0.3183467843466333,-6.512074733855543,-13.107737047374801,False,3.57955
Majayjay,2025,Wet,5,11,469.3,24.23,93.63,0.7684914371006665,0.5868242363787338,-0.6748111383183877,-6.792827842577437,-13.368201327215544,False,3.57955
Majayjay,2025,Wet,6,12,240.9,23.39,93.77,,,,,,False,3.57955
Nagcarlan,2025,Wet,1,7,385.6,25.4,88.13,,,,-6.575713125733259,-13.32092785497218,False,3.87086
Nagcarlan,2025,Wet,2,8,416.8,25.19,87.46,0.7172281714784794,0.6823147962402949,-0.6157235270950754,-6.164346266705436,-12.908972441052478,False,3.87086
Nagcarlan,2025,Wet,3,9,512.2,24.67,91.24,0.6209977337287135,0.6572053977735786,-0.5315829250364762,-5.928127477754499,-12.753725453480754,False,3.87086
Nagcarlan,2025,Wet,4,10,324.0,24.96,89.81,,,,-6.100034491826321,-12.920599522624372,False,3.87086
Nagcarlan,2025,Wet,5,11,320.9,24.78,89.36,0.7108709708115847,0.6410984873982345,-0.6196534219186172,-6.3379514491080675,-13.215868624800535,False,3.87086
Nagcarlan,2025,Wet,6,12,138.7,24.11,87.94,,,,,,False,3.87086
Paete,2025,Wet,1,7,333.0,24.17,90.47,,,,-7.00277221112795,-13.098582090979464,False,3.40083
Paete,2025,Wet,2,8,341.2,24.04,90.19,,,,-6.611081790651476,-13.113933734347894,False,3.40083
Paete,2025,Wet,3,9,405.4,23.22,94.89,0.7333207232302232,0.640376738340656,-0.6258041131136354,-6.389078625831867,-12.639772078307491,False,3.40083
Paete,2025,Wet,4,10,373.8,23.27,94.68,0.4469344715277354,0.5511323610941569,-0.3847814351320267,-6.48199834509374,-13.04456438158539,False,3.40083
Paete,2025,Wet,5,11,581.3,22.97,94.83,0.7819627654382,0.5778998183359818,-0.6853399201883867,-6.340911224674087,-12.733625309051213,False,3.40083
Paete,2025,Wet,6,12,328.6,22.15,94.15,,,,,,False,3.40083
Pagsanjan,2025,Wet,1,7,357.4,27.26,86.75,,,,-7.049336218839452,-14.100035123204814,False,3.90434
Pagsanjan,2025,Wet,2,8,437.8,27.04,85.84,0.01703834384679795,-0.09158862829208375,0.0005615249276161305,-6.734738820725285,-13.224003317148394,False,3.90434
Pagsanjan,2025,Wet,3,9,399.3,26.46,89.74,0.7227788756359863,0.546820456001974,-0.630407096605152,-6.153920176913963,-12.884097548576694,False,3.90434
Pagsanjan,2025,Wet,4,10,318.3,26.83,87.5,,,,-6.497547736844218,-13.046084978501172,False,3.90434
Pagsanjan,2025,Wet,5,11,294.4,26.59,87.06,0.6988254674564882,0.4795199602103826,-0.6185545440527717,-6.710648555243289,-13.748083196775003,False,3.90434
Pagsanjan,2025,Wet,6,12,100.3,26.0,84.53,,,,,,False,3.90434
Pakil,2025,Wet,1,7,558.2,27.93,80.69,,,,-7.2278855552484815,-13.617840999437238,False,3.64456
Pakil,2025,Wet,2,8,293.4,27.9,78.26,,,,-6.80877993655184,-13.42191808680178,False,3.64456
Pakil,2025,Wet,3,9,313.5,27.29,81.79,0.6010274950680937,0.5462901756446639,-0.49948891274867047,-6.719154937481102,-13.071607485290539,False,3.64456
Pakil,2025,Wet,4,10,183.7,27.65,80.48,,,,-6.695239378831079,-13.44564983439062,False,3.64456
Pakil,2025,Wet,5,11,186.7,27.34,81.46,0.766363071159019,0.5602020386514085,-0.6676990752795252,-6.666498740755471,-13.333284620140393,False,3.64456
Pakil,2025,Wet,6,12,61.5,26.53,80.01,,,,,,False,3.64456
Pangil,2025,Wet,1,7,408.8,24.63,91.8,,,,-7.646669007432897,-14.12528237396318,False,3.88248
Pangil,2025,Wet,2,8,319.6,24.65,90.35,,,,-7.082634920106728,-13.825864316735466,False,3.88248
Pangil,2025,Wet,3,9,369.4,23.86,94.49,0.5545266269222607,0.488047205694523,-0.4572795952622008,-7.192132188432683,-13.454056532659258,False,3.88248
Pangil,2025,Wet,4,10,317.2,24.0,93.9,,,,-7.11201385027662,-13.798742361484186,False,3.88248
Pangil,2025,Wet,5,11,496.8,23.62,94.65,0.740556426627338,0.5512892102794348,-0.6431260537608121,-6.910589172376036,-13.561739648751466,False,3.88248
Pangil,2025,Wet,6,12,242.5,22.82,93.26,,,,,,False,3.88248
Pila,2025,Wet,1,7,297.0,27.78,83.22,,,,-8.352333322477628,-16.322190621819242,False,3.96492
Pila,2025,Wet,2,8,305.3,27.44,83.52,0.4753685025434203,0.26567431834145516,-0.40108390109854036,-7.8865895664961485,-14.636218549012865,False,3.96492
Pila,2025,Wet,3,9,322.4,26.88,86.77,0.5971979417863904,0.4756273490205359,-0.516508882219513,-7.638617373029573,-14.02734388699544,False,3.96492
Pila,2025,Wet,4,10,229.0,27.27,84.38,,,,-7.249375586242145,-13.210069260448643,False,3.96492
Pila,2025,Wet,5,11,237.3,27.1,83.62,0.5290072571638802,0.35753445565690484,-0.4783170804918229,-7.540352328250144,-14.702563301234628,False,3.96492
Pila,2025,Wet,6,12,65.6,26.51,80.68,,,,,,False,3.96492
Rizal,2025,Wet,1,7,413.5,24.67,90.08,,,,-6.852316478082122,-13.400446262790444,False,3.43065
Rizal,2025,Wet,2,8,379.2,24.48,89.09,0.5443015347078085,0.5158505487167511,-0.4655753408600606,-6.498722983861703,-13.041001020503536,False,3.43065
Rizal,2025,Wet,3,9,484.5,23.97,93.36,0.5995045390094658,0.6319308778563116,-0.517542845438901,-6.1979537191356915,-12.869803108885074,False,3.43065
Rizal,2025,Wet,4,10,301.8,24.29,91.89,,,,-6.418844649907974,-13.056977596051022,False,3.43065
Rizal,2025,Wet,5,11,291.5,24.21,90.8,0.4468085829795513,0.4765778325274383,-0.37015506621362715,-6.603593065359718,-13.334952878122536,False,3.43065
Rizal,2025,Wet,6,12,120.0,23.51,89.68,,,,,,False,3.43065
Santa Cruz,2025,Wet,1,7,297.0,27.6,83.18,,,,-7.553980718188253,-15.335196365075799,False,3.9001
Santa Cruz,2025,Wet,2,8,305.3,27.25,83.49,,,,-7.7843121908252675,-14.10447947751806,False,3.9001
Santa Cruz,2025,Wet,3,9,322.4,26.69,86.75,0.5949000465800703,0.4577303337143733,-0.5202120953636568,-7.082198180926921,-13.96009273993741,False,3.9001
Santa Cruz,2025,Wet,4,10,229.0,27.09,84.36,,,,-7.451694428396085,-13.494751341383655,False,3.9001
Santa Cruz,2025,Wet,5,11,237.3,26.93,83.6,0.48501689418767807,0.3293868627893354,-0.4329214043828855,-7.35943082694345,-14.791136532943291,False,3.9001
Santa Cruz,2025,Wet,6,12,65.6,26.33,80.66,,,,,,False,3.9001
Santa Maria,2025,Wet,1,7,490.1,25.96,91.32,,,,-7.288672668770421,-13.888990695867728,False,3.99055
Santa Maria,2025,Wet,2,8,417.1,26.06,88.72,0.7939185896230239,0.6394404795208888,-0.6739953099921422,-6.770596962242576,-13.341792591220601,False,3.99055
Santa Maria,2025,Wet,3,9,319.2,25.49,91.5,0.7709696204478523,0.7228022116364303,-0.6674296633011437,-6.545994671626177,-12.978813924743784,False,3.99055
Santa Maria,2025,Wet,4,10,231.9,25.95,88.86,,,,-6.466485396235339,-13.154934809713104,False,3.99055
Santa Maria,2025,Wet,5,11,281.1,25.64,89.18,0.7622496562129499,0.5685404226053862,-0.6748313305353544,-7.155186538411899,-13.749421593211258,False,3.99055
Santa Maria,2025,Wet,6,12,77.3,24.9,86.99,,,,,,False,3.99055
Siniloan,2025,Wet,1,7,437.6,24.45,92.56,,,,-7.521419381045541,-13.93547339773688,False,3.99278
Siniloan,2025,Wet,2,8,377.2,24.51,90.54,0.6665209978818893,0.6716231679293649,-0.5554161149619228,-7.031367342806174,-13.710611483425295,False,3.99278
Siniloan,2025,Wet,3,9,375.6,23.76,94.53,0.7627335343548288,0.6033231011798476,-0.656326257913504,-6.9191447238935275,-13.070451839087399,False,3.99278
Siniloan,2025,Wet,4,10,276.3,24.05,93.11,,,,-6.787729802612716,-13.346748096114789,False,3.99278
Siniloan,2025,Wet,5,11,393.7,23.64,94.12,0.7815609481418463,0.5853288127625675,-0.6831837298210515,-6.7566969435272135,-13.208267483022754,False,3.99278
Siniloan,2025,Wet,6,12,143.9,22.87,92.25,,,,,,False,3.99278
Victoria,2025,Wet,1,7,297.0,27.78,83.22,,,,-9.310804378507616,-17.309131731298276,False,3.97158
Victoria,2025,Wet,2,8,305.3,27.44,83.52,0.537645665613149,0.3816612866942426,-0.44913753894165426,-9.064745907995365,-15.836338160394174,False,3.97158
Victoria,2025,Wet,3,9,322.4,26.88,86.77,0.48845043250603515,0.3774671108723582,-0.3959854028464753,-9.104351787130026,-14.844711089745235,False,3.97158
Victoria,2025,Wet,4,10,229.0,27.27,84.38,,,,-8.209787857259315,-14.22496075492515,False,3.97158
Victoria,2025,Wet,5,11,237.3,27.1,83.62,0.46859840872128977,0.3474106332272641,-0.41518082504795106,-9.29695615821553,-16.672535140899,False,3.97158
Victoria,2025,Wet,6,12,65.6,26.51,80.68,,,,,,False,3.97158
