municipality,barangay,year,season,seq_step,month,rain,temp,humid,ndvi,evi,ndwi,vv,vh,yield_mt_ha
City of Santa Rosa,Aplaya,2021,Wet,1,7,282.0,27.46,83.44,0.2407035380601883,0.15422280132770538,-0.14830410107970238,-3.311406295826387,-11.943357198259433,5.1
City of Santa Rosa,Aplaya,2021,Wet,2,8,182.8,27.33,83.78,0.28549177619543936,0.21472401824695145,-0.1610111547464674,-6.190448580110998,-11.243549717502935,5.1
City of Santa Rosa,Aplaya,2021,Wet,3,9,360.0,26.94,86.7,0.4234051286871478,0.3119538383235341,-0.4166153903761692,-3.4690055485879,-11.824381780502883,5.1
City of Santa Rosa,Aplaya,2021,Wet,4,10,204.0,26.89,84.03,0.3656790127051394,0.25279272523157176,-0.3832516251644547,-6.171518880910874,-11.329886443257156,5.1
City of Santa Rosa,Aplaya,2021,Wet,5,11,46.7,27.51,77.47,-0.1478605717420578,-0.2884119749069214,0.16537216305732727,-4.228754794705371,-12.729254233059297,5.1
City of Santa Rosa,Aplaya,2021,Wet,6,12,80.0,25.93,76.43,0.3749827486362586,0.26376643935065724,-0.38509561892238936,-6.310498665811431,-11.334267905485564,5.1
City of Santa Rosa,Balibago,2021,Dry,1,1,108.6,25.1,81.75,0.37058846490057656,0.2887903659813294,-0.3465625074632164,-3.9835483548834585,-12.230897845612857,5.208
City of Santa Rosa,Balibago,2021,Dry,2,2,91.9,25.17,80.92,0.38516742483169353,0.2716697391829184,-0.3794772826801731,-3.2258611461494735,-11.800127258508743,5.208
City of Santa Rosa,Balibago,2021,Dry,3,3,63.2,26.72,78.69,0.12011607736349106,0.3123483955860138,-0.12747757136821747,-4.402149005866016,-12.595943913642778,5.208
City of Santa Rosa,Balibago,2021,Dry,4,4,22.2,27.88,70.63,0.26662334263119297,0.24477936759933952,-0.280223788481629,-4.410170687460129,-12.583433018639562,5.208
City of Santa Rosa,Balibago,2021,Dry,5,5,79.8,28.81,75.02,0.2752623721497888,0.20191600209479954,-0.30121135996942444,-4.6048234727583965,-12.853442222303224,5.208
City of Santa Rosa,Balibago,2021,Dry,6,6,231.7,27.93,81.25,0.22388944721815068,0.30613420341998265,-0.1783085337944717,-4.161017059487214,-12.535423422323511,5.208
City of Santa Rosa,Balibago,2021,Wet,1,7,282.0,27.46,83.44,0.4083147590756416,0.45811106897890586,-0.33821215644478825,-3.2181499093055916,-11.708253521031324,4.5
City of Santa Rosa,Balibago,2021,Wet,2,8,182.8,27.33,83.78,0.412282156087193,0.4442555523953406,-0.35601974647399875,-5.3019114936485785,-11.165505916725985,4.5
City of Santa Rosa,Balibago,2021,Wet,3,9,360.0,26.94,86.7,0.3979728710036752,0.2917058653716703,-0.3854529841246005,-3.686849672625607,-12.028237950182548,4.5
City of Santa Rosa,Balibago,2021,Wet,4,10,204.0,26.89,84.03,0.4078924199458232,0.27771594093444185,-0.3984130656111671,-5.460058612906273,-11.21572690269068,4.5
City of Santa Rosa,Balibago,2021,Wet,5,11,46.7,27.51,77.47,0.02249684315174818,0.04675297569483519,-0.02144805724092293,-3.792163980638706,-12.214871196400122,4.5
City of Santa Rosa,Balibago,2021,Wet,6,12,80.0,25.93,76.43,0.3527286220613136,0.23950427059785673,-0.3528051765945571,-5.426865362848335,-11.095435942276211,4.5
City of Santa Rosa,Balibago,2022,Dry,1,1,33.1,25.92,72.65,0.15903330852205932,0.09280010133695145,-0.15837200028965107,-5.590599194292005,-11.192714100771207,5.0
City of Santa Rosa,Balibago,2022,Dry,2,2,21.8,26.26,74.93,0.3328334726474422,0.22764954305532423,-0.33687353500817296,-5.599170605583316,-11.233230152693903,5.0
City of Santa Rosa,Balibago,2022,Dry,3,3,24.7,27.74,72.74,0.32106815174138476,0.22241929069115443,-0.34015137544421964,-5.701110742206805,-11.367730369479045,5.0
City of Santa Rosa,Balibago,2022,Dry,4,4,59.5,27.63,74.3,0.3247984922750186,0.29219618727816027,-0.31649937978075443,-5.457498628487845,-11.271307580470163,5.0
City of Santa Rosa,Balibago,2022,Dry,5,5,215.1,28.03,78.5,0.36253908271635726,0.27380096555094857,-0.35586729364710806,-4.783409634959587,-10.744618789854522,5.0
City of Santa Rosa,Balibago,2022,Dry,6,6,265.8,27.65,81.8,,,,-4.7084356126706846,-10.775548116542677,5.0
City of Santa Rosa,Balibago,2022,Wet,1,7,299.2,27.04,86.57,0.38963255423777005,0.27331321262022207,-0.38114787129951655,-4.38590099777907,-10.478838298729421,4.8
City of Santa Rosa,Balibago,2022,Wet,2,8,369.6,26.56,87.31,0.35890135951435603,0.29490192270862425,-0.3355875206572535,-5.207008770201404,-11.009067011168298,4.8
City of Santa Rosa,Balibago,2022,Wet,3,9,274.8,26.65,86.0,0.4382545096771234,0.367278970089143,-0.41138221863523267,-4.397344448596024,-10.305006694526595,4.8
City of Santa Rosa,Balibago,2022,Wet,4,10,438.8,27.01,83.49,,,,-4.196215542832832,-10.163601443750352,4.8
City of Santa Rosa,Balibago,2022,Wet,5,11,77.0,26.83,83.37,0.32905285008381463,0.23443908540983968,-0.3142343680830646,-3.763506667738751,-10.011361286920975,4.8
City of Santa Rosa,Balibago,2022,Wet,6,12,120.2,25.75,81.53,0.3769562451484991,0.2606282495069991,-0.37190413225657826,-5.2367030524759555,-10.993339258798532,4.8
City of Santa Rosa,Balibago,2023,Dry,1,1,106.7,25.15,80.29,0.4251733031753805,0.29953845622901565,-0.4069746796339567,-5.396900776686785,-11.037129358205117,4.0
City of Santa Rosa,Balibago,2023,Dry,2,2,72.6,25.93,74.66,0.33102428482239504,0.30674702754939903,-0.2809245606143791,-5.221311126787851,-10.9167165093047,4.0
City of Santa Rosa,Balibago,2023,Dry,3,3,7.5,26.7,68.63,0.28862292452868943,0.20981482858967285,-0.316174704739729,-5.493198164438217,-11.14367588213212,4.0
City of Santa Rosa,Balibago,2023,Dry,4,4,130.6,27.74,75.01,0.3225334202757675,0.24709534335823932,-0.33479564026873654,-5.383071920591533,-11.114750788016483,4.0
City of Santa Rosa,Balibago,2023,Dry,5,5,118.9,28.55,76.79,0.3482631376937717,0.31384065428645935,-0.3323162235232524,-5.199310512050502,-11.058363320427691,4.0
City of Santa Rosa,Balibago,2023,Dry,6,6,222.7,27.89,80.82,0.37764566303720515,0.299845791888472,-0.3693947286891537,-4.39332733110408,-10.490048536138607,4.0
City of Santa Rosa,Balibago,2023,Wet,1,7,338.5,27.94,81.31,0.3546176782043794,0.2667994024443802,-0.3417830561865097,-4.131666396625164,-10.383507711662704,4.5
City of Santa Rosa,Balibago,2023,Wet,2,8,96.5,28.09,80.29,0.3618323614520877,0.389817403075812,-0.3156672999162754,-4.444560662981674,-10.594508145921129,4.5
City of Santa Rosa,Balibago,2023,Wet,3,9,344.9,27.63,83.28,0.3755000504537023,0.26768963749399083,-0.3671090144611677,-4.235207014861518,-10.325791099795543,4.5
City of Santa Rosa,Balibago,2023,Wet,4,10,169.9,27.55,81.88,0.4647119192358775,0.3603876870221052,-0.4042831506962195,-3.8426347063022925,-10.060867839810898,4.5
City of Santa Rosa,Balibago,2023,Wet,5,11,85.3,27.14,81.44,0.20465608136284924,0.1630792916708049,-0.16715060076898053,-4.367970375161843,-10.23839069879948,4.5
City of Santa Rosa,Balibago,2023,Wet,6,12,38.3,26.63,82.48,,,,-4.357901823163797,-10.350139448840432,4.5
City of Santa Rosa,Balibago,2024,Dry,1,1,6.8,25.53,79.17,0.0032669794997976444,0.0072328683898030275,-0.01172913250380329,-5.172149027938266,-10.77246752104987,4.749
City of Santa Rosa,Balibago,2024,Dry,2,2,10.2,25.84,79.08,0.2960065003964965,0.22717784082435363,-0.32061687864169913,-5.276134786128122,-11.074718753023792,4.749
City of Santa Rosa,Balibago,2024,Dry,3,3,25.7,26.37,79.74,0.07722054021510151,0.0369383138389329,-0.09923110936210754,-5.40261551957707,-10.875840764526291,4.749
City of Santa Rosa,Balibago,2024,Dry,4,4,12.0,28.42,77.15,0.25179900308162717,0.17483705594696483,-0.307552661332415,-5.5540416247684385,-11.393952231868072,4.749
City of Santa Rosa,Balibago,2024,Dry,5,5,252.1,28.97,78.57,,,,-5.458941868759591,-11.104280382675217,4.749
City of Santa Rosa,Balibago,2024,Dry,6,6,337.7,28.37,81.73,,,,-4.90797058652472,-10.614727333357564,4.749
City of Santa Rosa,Balibago,2024,Wet,1,7,445.0,27.43,83.7,,,,-3.3449194279999777,-12.038159730872938,4.5
City of Santa Rosa,Balibago,2024,Wet,2,8,275.9,27.86,82.99,0.3313465477236399,0.3148972407224588,-0.3121297598383752,-3.9360245845293744,-10.12964492211539,4.5
City of Santa Rosa,Balibago,2024,Wet,3,9,307.0,27.6,83.88,0.3193975518768634,0.2373186268873128,-0.32514842134462607,-4.747948052049933,-10.683472611786176,4.5
City of Santa Rosa,Balibago,2024,Wet,4,10,308.7,27.49,82.46,0.3626165207728979,0.26318776596277904,-0.3613122979142471,-4.159650549101185,-10.096336545130812,4.5
City of Santa Rosa,Balibago,2024,Wet,5,11,62.4,27.47,81.65,0.33815159225507735,0.2482053503958875,-0.34742242726636297,-5.208421499108468,-10.936730325444092,4.5
City of Santa Rosa,Balibago,2024,Wet,6,12,189.7,26.18,84.76,0.2629576710009321,0.23754591993781743,-0.2464988634463982,-3.80919455209386,-9.818887070363443,4.5
City of Santa Rosa,Balibago,2025,Dry,1,1,51.9,25.58,82.79,0.38075953297539433,0.2995352204191526,-0.3822287545127555,-4.533712116091227,-10.57238667662943,4.5
City of Santa Rosa,Balibago,2025,Dry,2,2,89.6,25.66,82.35,0.34847322242651546,0.2675334981832521,-0.34597643339629847,-5.033147697045657,-10.646620992291185,4.5
City of Santa Rosa,Balibago,2025,Dry,3,3,48.5,26.57,80.81,0.33439893481076755,0.24805707953249065,-0.34400912811298345,-5.064721246079842,-10.894921333038683,4.5
City of Santa Rosa,Balibago,2025,Dry,4,4,22.0,28.59,76.27,0.20258840648930962,0.16300313399662655,-0.2353144936066248,-4.476952653647819,-13.15553976576107,4.5
City of Santa Rosa,Balibago,2025,Dry,5,5,167.5,28.55,78.18,0.2647029680772467,0.2058779909911379,-0.2848113220146399,-4.835668195654032,-10.684061416106257,4.5
City of Santa Rosa,Balibago,2025,Dry,6,6,369.0,27.55,83.04,,,,-1.9005771079386289,-11.375193966657218,4.5
City of Santa Rosa,Balibago,2025,Wet,1,7,368.5,27.39,82.78,,,,-3.555477642457821,-12.047243341267896,4.25
City of Santa Rosa,Balibago,2025,Wet,2,8,323.2,27.29,81.91,0.3565720526617843,0.24923491718694454,-0.34546471463890926,-4.351236340416312,-10.472745544357126,4.25
City of Santa Rosa,Balibago,2025,Wet,3,9,290.4,26.73,85.26,,,,-2.580865668250452,-11.537765572941245,4.25
City of Santa Rosa,Balibago,2025,Wet,4,10,254.2,27.12,83.51,,,,-4.410139167397413,-10.537678336885724,4.25
City of Santa Rosa,Balibago,2025,Wet,5,11,208.0,26.97,83.63,0.36765612384926394,0.24398774397267395,-0.36246099433353207,-3.18306640300361,-11.844299629610731,4.25
City of Santa Rosa,Balibago,2025,Wet,6,12,69.9,26.31,81.87,,,,,,4.25
City of Santa Rosa,Caingin,2021,Dry,1,1,108.6,25.1,81.75,0.17058667058756777,0.11822070267990624,-0.2055197084113162,-3.433844209401741,-13.15150760793869,4.733
City of Santa Rosa,Caingin,2021,Dry,2,2,91.9,25.17,80.92,0.33967972860610846,0.23409253260580767,-0.3450889374286478,-3.570357741252477,-12.819856367278405,4.733
City of Santa Rosa,Caingin,2021,Dry,3,3,63.2,26.72,78.69,,,,-3.7357763103692,-13.10088972316189,4.733
City of Santa Rosa,Caingin,2021,Dry,4,4,22.2,27.88,70.63,0.06995317709341678,0.07431343775322166,-0.1738471385075623,-3.639271536687644,-12.901139303216329,4.733
City of Santa Rosa,Caingin,2021,Dry,5,5,79.8,28.81,75.02,0.31646300852126935,0.2558060644539309,-0.3290031460598416,-3.8060361562319063,-12.884696212011038,4.733
City of Santa Rosa,Caingin,2021,Dry,6,6,231.7,27.93,81.25,0.309506299657558,0.3262821237935594,-0.28011212127820173,-3.5396910072549805,-12.510166134687005,4.733
City of Santa Rosa,Caingin,2021,Wet,1,7,282.0,27.46,83.44,,,,-2.741339906163042,-12.013316950253657,5.1
City of Santa Rosa,Caingin,2021,Wet,2,8,182.8,27.33,83.78,0.21579517162674428,0.15739218614047618,-0.19599433026576724,-5.54245926516645,-10.783030469884398,5.1
City of Santa Rosa,Caingin,2021,Wet,3,9,360.0,26.94,86.7,0.3661621282239362,0.2780273564125789,-0.3697982390567542,-2.9956668042606087,-12.17092172272436,5.1
City of Santa Rosa,Caingin,2021,Wet,4,10,204.0,26.89,84.03,0.28856501886742325,0.23518302542328587,-0.31378577111781486,-5.431650226104422,-10.726127701610197,5.1
City of Santa Rosa,Caingin,2021,Wet,5,11,46.7,27.51,77.47,,,,-3.4647167626768125,-12.771097045038848,5.1
City of Santa Rosa,Caingin,2021,Wet,6,12,80.0,25.93,76.43,0.36624634514251864,0.2623126938688679,-0.38031204148381553,-5.541396029307949,-10.898098808410374,5.1
City of Santa Rosa,Caingin,2022,Dry,1,1,33.1,25.92,72.65,0.25477102115942335,0.21271134442514059,-0.2613934750825037,-5.687802199628428,-10.834689653486018,5.0
City of Santa Rosa,Caingin,2022,Dry,2,2,21.8,26.26,74.93,0.3220492368718263,0.23443117310770972,-0.33617963875012674,-5.383088678735247,-10.810110576150867,5.0
City of Santa Rosa,Caingin,2022,Dry,3,3,24.7,27.74,72.74,0.338546542630045,0.26166435005237404,-0.3604193543056256,-5.609391544945088,-10.867485613551246,5.0
City of Santa Rosa,Caingin,2022,Dry,4,4,59.5,27.63,74.3,0.309887561542286,0.29849815877048014,-0.33880607565062276,-5.4530439447020855,-10.652416032193798,5.0
City of Santa Rosa,Caingin,2022,Dry,5,5,215.1,28.03,78.5,0.3608980606965906,0.29163030545743185,-0.3620354733760161,-4.80353236719939,-10.161422950460933,5.0
City of Santa Rosa,Caingin,2022,Dry,6,6,265.8,27.65,81.8,,,,-4.743812801653186,-10.187941872208686,5.0
City of Santa Rosa,Caingin,2022,Wet,1,7,299.2,27.04,86.57,0.3783421188047186,0.3024053984635158,-0.3726726888231416,-4.569227161669304,-10.00193539356261,1.5
City of Santa Rosa,Caingin,2022,Wet,2,8,369.6,26.56,87.31,0.35978371788493174,0.2803093603622352,-0.34643994620433854,-5.2921636716086615,-10.44496778350637,1.5
City of Santa Rosa,Caingin,2022,Wet,3,9,274.8,26.65,86.0,0.3310873327794188,0.2796030806807431,-0.32284039069792425,-4.9132582208273385,-10.117464849564616,1.5
City of Santa Rosa,Caingin,2022,Wet,4,10,438.8,27.01,83.49,,,,-4.44738529492152,-9.655099895233306,1.5
City of Santa Rosa,Caingin,2022,Wet,5,11,77.0,26.83,83.37,0.2948872509201065,0.1958329494230802,-0.29583391825958694,-4.380230588621885,-9.766902174529942,1.5
City of Santa Rosa,Caingin,2022,Wet,6,12,120.2,25.75,81.53,0.30669175301676416,0.22279295818547562,-0.32193347487900387,-5.580363283485597,-10.844450475543008,1.5
City of Santa Rosa,Caingin,2023,Dry,1,1,106.7,25.15,80.29,-0.14261233020159936,-0.023172958960963618,0.12337612402107981,-5.68932318520493,-11.104262837360393,4.867
City of Santa Rosa,Caingin,2023,Dry,2,2,72.6,25.93,74.66,,,,-5.690764137400553,-10.940263193895849,4.867
City of Santa Rosa,Caingin,2023,Dry,3,3,7.5,26.7,68.63,0.2977472261510058,0.2363215338382911,-0.3219944713465942,-5.7266630233867,-10.892804590699077,4.867
City of Santa Rosa,Caingin,2023,Dry,4,4,130.6,27.74,75.01,0.33157135178101504,0.27595573269570883,-0.33796449699458775,-5.387707810414722,-10.708396315714628,4.867
City of Santa Rosa,Caingin,2023,Dry,5,5,118.9,28.55,76.79,0.337241929427656,0.29433545864336924,-0.33888730362224384,-5.111035002526518,-10.556149101890036,4.867
City of Santa Rosa,Caingin,2023,Dry,6,6,222.7,27.89,80.82,0.3834112287773504,0.2901277483200893,-0.39261359489051223,-4.524876535737878,-9.97643303567985,4.867
City of Santa Rosa,Caingin,2023,Wet,1,7,338.5,27.94,81.31,0.3759896061013734,0.2947717459814918,-0.3696696955239195,-4.545076103314734,-10.165066601345469,4.231
City of Santa Rosa,Caingin,2023,Wet,2,8,96.5,28.09,80.29,0.32554925321057177,0.32028895206982955,-0.3012850710938201,-4.914528369356754,-10.32329717894578,4.231
City of Santa Rosa,Caingin,2023,Wet,3,9,344.9,27.63,83.28,0.36690024524418097,0.2709847020757905,-0.3705293353441094,-4.707418470914301,-10.041585359075523,4.231
City of Santa Rosa,Caingin,2023,Wet,4,10,169.9,27.55,81.88,0.37760992144626443,0.3337715952444305,-0.3667476120768136,-4.419501540818061,-9.823252993970762,4.231
City of Santa Rosa,Caingin,2023,Wet,5,11,85.3,27.14,81.44,,,,-4.935198510234817,-10.116842132435812,4.231
City of Santa Rosa,Caingin,2023,Wet,6,12,38.3,26.63,82.48,0.33605363937096167,0.23792509408520254,-0.35393547750249055,-4.859309959148954,-10.26663732144893,4.231
City of Santa Rosa,Caingin,2024,Dry,1,1,6.8,25.53,79.17,,,,-5.244987225884357,-10.433659063424246,4.722
City of Santa Rosa,Caingin,2024,Dry,2,2,10.2,25.84,79.08,0.364719999440094,0.27299018865606367,-0.3931297873365281,-5.067323409701168,-10.325156954410097,4.722
City of Santa Rosa,Caingin,2024,Dry,3,3,25.7,26.37,79.74,,,,-5.023658372796137,-10.06861299890137,4.722
City of Santa Rosa,Caingin,2024,Dry,4,4,12.0,28.42,77.15,0.3705611349535012,0.28455437522447735,-0.3981143511111966,-4.979627792363873,-10.257835298022275,4.722
City of Santa Rosa,Caingin,2024,Dry,5,5,252.1,28.97,78.57,,,,-4.912005045244798,-10.14450546371687,4.722
City of Santa Rosa,Caingin,2024,Dry,6,6,337.7,28.37,81.73,0.293091250390842,0.2695714116722731,-0.2190946201223816,-4.781750866269342,-9.86747194889797,4.722
City of Santa Rosa,Caingin,2024,Wet,1,7,445.0,27.43,83.7,,,,-2.284382665766885,-11.62030225123728,4.5
City of Santa Rosa,Caingin,2024,Wet,2,8,275.9,27.86,82.99,0.3182444891139356,0.27480782165711076,-0.3101040842200871,-4.415513954301661,-9.986709542523618,4.5
City of Santa Rosa,Caingin,2024,Wet,3,9,307.0,27.6,83.88,0.37606860026292516,0.26939047297272417,-0.370394525967311,-4.656678424515269,-10.189699341972863,4.5
City of Santa Rosa,Caingin,2024,Wet,4,10,308.7,27.49,82.46,0.3872778224020301,0.296752632811722,-0.3880408036739222,-4.910730805010069,-10.293089214707154,4.5
City of Santa Rosa,Caingin,2024,Wet,5,11,62.4,27.47,81.65,0.3048707126103006,0.21311314546281376,-0.3374648874445542,-5.244188187300214,-10.698658523741798,4.5
City of Santa Rosa,Caingin,2024,Wet,6,12,189.7,26.18,84.76,0.26874345240954434,0.22887757730206396,-0.2755850899373849,-4.837508024271201,-9.963679694414383,4.5
City of Santa Rosa,Caingin,2025,Dry,1,1,51.9,25.58,82.79,,,,-5.180902796890455,-10.786105179348771,4.5
City of Santa Rosa,Caingin,2025,Dry,2,2,89.6,25.66,82.35,0.2940420554523862,0.20992524962920436,-0.3063738246291691,-5.392775687484782,-10.93482403724356,4.5
City of Santa Rosa,Caingin,2025,Dry,3,3,48.5,26.57,80.81,0.32945716222300675,0.2682891237809372,-0.34672913004998757,-5.397742479849408,-10.684806474431168,4.5
City of Santa Rosa,Caingin,2025,Dry,4,4,22.0,28.59,76.27,0.3614957514012728,0.3149474602764865,-0.3582829229296938,-3.694500910312323,-13.239705268443743,4.5
City of Santa Rosa,Caingin,2025,Dry,5,5,167.5,28.55,78.18,0.3435661510657493,0.28606428231767833,-0.3574909872905305,-4.8678191513311475,-10.253373850889387,4.5
City of Santa Rosa,Caingin,2025,Dry,6,6,369.0,27.55,83.04,,,,-2.0351248782177387,-11.607697833636685,4.5
City of Santa Rosa,Caingin,2025,Wet,1,7,368.5,27.39,82.78,,,,-2.784506829191649,-12.124083617520396,4.5
City of Santa Rosa,Caingin,2025,Wet,2,8,323.2,27.29,81.91,0.30854103106490044,0.24282296305808182,-0.31396116984559985,-5.087571946966687,-10.51948501545177,4.5
City of Santa Rosa,Caingin,2025,Wet,3,9,290.4,26.73,85.26,,,,-2.2441541145957795,-11.52662669526519,4.5
City of Santa Rosa,Caingin,2025,Wet,4,10,254.2,27.12,83.51,,,,-5.105392287296221,-10.695264183971135,4.5
City of Santa Rosa,Caingin,2025,Wet,5,11,208.0,26.97,83.63,0.2734772897633243,0.1834655293365399,-0.28813647995328684,-2.9533095074581412,-12.574685093547902,4.5
City of Santa Rosa,Caingin,2025,Wet,6,12,69.9,26.31,81.87,,,,,,4.5
City of Santa Rosa,Dila,2021,Dry,1,1,108.6,25.1,81.75,0.4002601064901501,0.3071316634060321,-0.3993274830428786,-4.264073334297432,-11.597500644604793,4.555
City of Santa Rosa,Dila,2021,Dry,2,2,91.9,25.17,80.92,0.468998280518511,0.33377293440228634,-0.47310280351250145,-3.610064736107555,-11.080931378130629,4.555
City of Santa Rosa,Dila,2021,Dry,3,3,63.2,26.72,78.69,0.11835599690675735,0.324741393327713,-0.07086846977472305,-4.44831514685264,-11.83643836272682,4.555
City of Santa Rosa,Dila,2021,Dry,4,4,22.2,27.88,70.63,0.3743734003009546,0.34933228104626973,-0.3832129078965414,-4.449163743014227,-11.703095239022884,4.555
City of Santa Rosa,Dila,2021,Dry,5,5,79.8,28.81,75.02,0.35889735889671964,0.27669005029289334,-0.390276509719723,-4.604166859650916,-11.988454872153719,4.555
City of Santa Rosa,Dila,2021,Dry,6,6,231.7,27.93,81.25,0.3416930782916336,0.40508984846588164,-0.28967143233702103,-4.186574712772201,-11.676198909985228,4.555
City of Santa Rosa,Dila,2021,Wet,1,7,282.0,27.46,83.44,,,,-3.5040921165503134,-11.081386862763962,5.019
City of Santa Rosa,Dila,2021,Wet,2,8,182.8,27.33,83.78,0.429132347780032,0.3724475561839697,-0.3875914908153093,-5.07403424242963,-11.640656724804789,5.019
City of Santa Rosa,Dila,2021,Wet,3,9,360.0,26.94,86.7,0.47256286147705867,0.3435021307705727,-0.47073463737133475,-3.842901553217568,-11.206576941354939,5.019
City of Santa Rosa,Dila,2021,Wet,4,10,204.0,26.89,84.03,0.44877478164939894,0.32350429810090364,-0.4616636659302644,-4.721874647432041,-11.371118132990766,5.019
City of Santa Rosa,Dila,2021,Wet,5,11,46.7,27.51,77.47,,,,-4.21964273193406,-11.677626245276194,5.019
City of Santa Rosa,Dila,2021,Wet,6,12,80.0,25.93,76.43,0.48250391834562684,0.32585595579345417,-0.48780994731955163,-4.917318494189776,-11.581623866402312,5.019
City of Santa Rosa,Dila,2022,Dry,1,1,33.1,25.92,72.65,0.15433354577817227,0.12444167220814957,-0.13287296940143276,-5.131221015060197,-11.643647884934667,5.14
City of Santa Rosa,Dila,2022,Dry,2,2,21.8,26.26,74.93,0.4407336220907719,0.3158505923600529,-0.4475760867526058,-4.938494797037876,-11.501433192871081,5.14
City of Santa Rosa,Dila,2022,Dry,3,3,24.7,27.74,72.74,0.4276327750671125,0.31439558312986887,-0.44841265441178474,-5.0097118442414175,-11.674726752252376,5.14
City of Santa Rosa,Dila,2022,Dry,4,4,59.5,27.63,74.3,0.4168107794616094,0.373248728866842,-0.4107861694790419,-4.940823680321617,-11.529607485849223,5.14
City of Santa Rosa,Dila,2022,Dry,5,5,215.1,28.03,78.5,0.4448357793668866,0.3350049198631791,-0.44337534408297,-4.1734689954365605,-10.958576043383733,5.14
City of Santa Rosa,Dila,2022,Dry,6,6,265.8,27.65,81.8,,,,-4.186564958867225,-11.00791512955522,5.14
City of Santa Rosa,Dila,2022,Wet,1,7,299.2,27.04,86.57,0.46466967730952463,0.3295851752045245,-0.4659448378973814,-4.084390731816086,-10.82627784858726,3.569
City of Santa Rosa,Dila,2022,Wet,2,8,369.6,26.56,87.31,0.44217168079279134,0.3358258473296622,-0.4317136279122202,-4.7932160709454985,-11.288801750633619,3.569
City of Santa Rosa,Dila,2022,Wet,3,9,274.8,26.65,86.0,0.4253483501019406,0.3897471923163026,-0.41933974238094335,-4.065811331519003,-10.686389375620573,3.569
City of Santa Rosa,Dila,2022,Wet,4,10,438.8,27.01,83.49,,,,-4.007990319884379,-10.71706412160579,3.569
City of Santa Rosa,Dila,2022,Wet,5,11,77.0,26.83,83.37,0.36665764557347624,0.24078406670544036,-0.3743644058158525,-3.666468307852861,-10.634655197790208,3.569
City of Santa Rosa,Dila,2022,Wet,6,12,120.2,25.75,81.53,0.4676940534668745,0.32829389840441925,-0.47075500345849247,-4.822262453600449,-11.37107176556611,3.569
City of Santa Rosa,Dila,2023,Dry,1,1,106.7,25.15,80.29,0.48406703246383614,0.37294223971526774,-0.4659279650763183,-4.9853529131796614,-11.449221556067362,3.945
City of Santa Rosa,Dila,2023,Dry,2,2,72.6,25.93,74.66,,,,-4.71035652789955,-11.424539613213481,3.945
City of Santa Rosa,Dila,2023,Dry,3,3,7.5,26.7,68.63,0.37620415106650024,0.28610878179272725,-0.402506614193022,-4.89494948562944,-11.655933765247857,3.945
City of Santa Rosa,Dila,2023,Dry,4,4,130.6,27.74,75.01,0.39692192136282256,0.3073682008384734,-0.4150096663006099,-4.803193476352102,-11.46522417179378,3.945
City of Santa Rosa,Dila,2023,Dry,5,5,118.9,28.55,76.79,0.38668960934732394,0.3412157661895372,-0.3760780003110839,-4.765181233667645,-11.501788906835703,3.945
City of Santa Rosa,Dila,2023,Dry,6,6,222.7,27.89,80.82,0.46531306815453843,0.34423662853781106,-0.4739074737912465,-4.019381064608799,-10.854966219502172,3.945
City of Santa Rosa,Dila,2023,Wet,1,7,338.5,27.94,81.31,0.42613280745759013,0.32000863002576513,-0.42988563589313666,-3.8952831225151106,-10.77606050330271,3.86
City of Santa Rosa,Dila,2023,Wet,2,8,96.5,28.09,80.29,0.3823114309511786,0.40312420005630867,-0.352242492416777,-4.145526917248969,-10.957382077395048,3.86
City of Santa Rosa,Dila,2023,Wet,3,9,344.9,27.63,83.28,0.471481509729939,0.3268771183761213,-0.4752121047231334,-3.9898761442754114,-10.804667760143978,3.86
City of Santa Rosa,Dila,2023,Wet,4,10,169.9,27.55,81.88,0.37709413644238854,0.34613391679456124,-0.379088414793147,-3.624161254970601,-10.44205666916743,3.86
City of Santa Rosa,Dila,2023,Wet,5,11,85.3,27.14,81.44,,,,-4.064344763269843,-10.861964078161115,3.86
City of Santa Rosa,Dila,2023,Wet,6,12,38.3,26.63,82.48,,,,-4.018744229946181,-10.879285300231153,3.86
City of Santa Rosa,Dila,2024,Dry,1,1,6.8,25.53,79.17,0.0510415347913901,0.05345218007763227,-0.0853988757977883,-4.704830487620263,-11.250869161260754,4.5
City of Santa Rosa,Dila,2024,Dry,2,2,10.2,25.84,79.08,0.4068523049766539,0.31463262111608653,-0.4302184931243691,-4.636990264253316,-11.400926756844457,4.5
City of Santa Rosa,Dila,2024,Dry,3,3,25.7,26.37,79.74,-0.0006163995078002863,-0.012448743144473568,-0.008778441189364952,-4.719331868311747,-11.204468808699716,4.5
City of Santa Rosa,Dila,2024,Dry,4,4,12.0,28.42,77.15,0.3525493765031838,0.25706820388482815,-0.4058992142411247,-4.867034561373582,-11.640761204519622,4.5
City of Santa Rosa,Dila,2024,Dry,5,5,252.1,28.97,78.57,,,,-4.843357308300075,-11.419702806545471,4.5
City of Santa Rosa,Dila,2024,Dry,6,6,337.7,28.37,81.73,0.332471744998081,0.33741964514593786,-0.33113108257184143,-4.349669395501363,-11.036671263437691,4.5
City of Santa Rosa,Dila,2024,Wet,1,7,445.0,27.43,83.7,,,,-3.6287707088896575,-11.128901379310667,4.5
City of Santa Rosa,Dila,2024,Wet,2,8,275.9,27.86,82.99,0.45793162083628747,0.4103636874354711,-0.4206311511655787,-3.920496883092673,-10.601235978263508,4.5
City of Santa Rosa,Dila,2024,Wet,3,9,307.0,27.6,83.88,0.46103664067874245,0.33573121358740465,-0.46402414640296913,-4.26686867682243,-10.993210945906112,4.5
City of Santa Rosa,Dila,2024,Wet,4,10,308.7,27.49,82.46,0.43478747097603176,0.3190423147909697,-0.44910855949771616,-4.056495106881154,-10.65510581680994,4.5
City of Santa Rosa,Dila,2024,Wet,5,11,62.4,27.47,81.65,0.43111382093265804,0.3177838592549744,-0.437098351419822,-4.602493953153724,-11.393262882466741,4.5
City of Santa Rosa,Dila,2024,Wet,6,12,189.7,26.18,84.76,0.42186833114814926,0.3494428823060488,-0.4106565021164586,-3.5447323259615526,-10.270069277688318,4.5
City of Santa Rosa,Dila,2025,Dry,1,1,51.9,25.58,82.79,,,,-4.2751512955122415,-11.02027268476822,4.5
City of Santa Rosa,Dila,2025,Dry,2,2,89.6,25.66,82.35,0.3978196117627592,0.2867767194810548,-0.4128797579898411,-4.577292412859638,-11.049248482320118,4.5
City of Santa Rosa,Dila,2025,Dry,3,3,48.5,26.57,80.81,0.38260395856367174,0.2923525089191422,-0.40988867526857325,-4.335034844585627,-11.184491283184961,4.5
City of Santa Rosa,Dila,2025,Dry,4,4,22.0,28.59,76.27,0.3559118782667352,0.3118252914623989,-0.3719596201188444,-4.750159893400429,-12.232462316543812,4.5
City of Santa Rosa,Dila,2025,Dry,5,5,167.5,28.55,78.18,0.3646884609727141,0.28381723614256293,-0.3893093000570259,-4.187506015714672,-10.832394578811046,4.5
City of Santa Rosa,Dila,2025,Dry,6,6,369.0,27.55,83.04,,,,-2.8067356632439475,-10.578346575996292,4.5
City of Santa Rosa,Dila,2025,Wet,1,7,368.5,27.39,82.78,,,,-3.657913706218405,-10.963419786689325,4.6
City of Santa Rosa,Dila,2025,Wet,2,8,323.2,27.29,81.91,0.4340835430892774,0.32902932353840225,-0.43511419976670546,-3.9584949325146312,-10.824496868295922,4.6
City of Santa Rosa,Dila,2025,Wet,3,9,290.4,26.73,85.26,,,,-3.0544408058576282,-10.596429216471916,4.6
City of Santa Rosa,Dila,2025,Wet,4,10,254.2,27.12,83.51,,,,-4.095232538756986,-11.022110366154672,4.6
City of Santa Rosa,Dila,2025,Wet,5,11,208.0,26.97,83.63,0.45024834888813886,0.2920295621242137,-0.452515398680144,-3.618223174729326,-11.008888389588705,4.6
City of Santa Rosa,Dila,2025,Wet,6,12,69.9,26.31,81.87,,,,,,4.6
City of Santa Rosa,Dita,2021,Dry,1,1,108.6,25.1,81.75,0.4337358962059013,0.3518987104752921,-0.41356015391923706,-5.143200443701095,-12.121544071923799,4.923
City of Santa Rosa,Dita,2021,Dry,2,2,91.9,25.17,80.92,0.4747201163120708,0.3359512169505459,-0.46837076469387495,-4.448982299694443,-11.487629338680165,4.923
City of Santa Rosa,Dita,2021,Dry,3,3,63.2,26.72,78.69,0.005415062704640957,0.008713055402040489,0.021511068153712485,-5.515559209337892,-12.488074916745099,4.923
City of Santa Rosa,Dita,2021,Dry,4,4,22.2,27.88,70.63,0.34863285676285927,0.308162119624658,-0.3614845117740711,-5.581122689420231,-12.368461793152733,4.923
City of Santa Rosa,Dita,2021,Dry,5,5,79.8,28.81,75.02,0.35058310574732277,0.2590496172102115,-0.37832294175825454,-5.845174555635505,-12.80282473650275,4.923
City of Santa Rosa,Dita,2021,Dry,6,6,231.7,27.93,81.25,0.3830842597789005,0.5937556697548736,-0.28955285037851625,-5.138454686013707,-12.187419322129983,4.923
City of Santa Rosa,Dita,2021,Wet,1,7,282.0,27.46,83.44,0.4033866710960862,0.3765493511750515,-0.36746758321272366,-4.448926583380646,-11.545003023574045,5.067
City of Santa Rosa,Dita,2021,Wet,2,8,182.8,27.33,83.78,0.4367814551958334,0.4409743515967281,-0.39927438522339803,-5.002858825996987,-11.868815371396355,5.067
City of Santa Rosa,Dita,2021,Wet,3,9,360.0,26.94,86.7,0.5018369778854758,0.3720647973874062,-0.47952794156967726,-4.853738472010975,-11.782117528305518,5.067
City of Santa Rosa,Dita,2021,Wet,4,10,204.0,26.89,84.03,0.4891469638843938,0.3491316565602053,-0.4763451370788907,-4.988717668520032,-11.813470092932834,5.067
City of Santa Rosa,Dita,2021,Wet,5,11,46.7,27.51,77.47,-0.01287660995413634,-0.08797114168886433,0.04354544641682878,-5.085576961879384,-12.073498174989675,5.067
City of Santa Rosa,Dita,2021,Wet,6,12,80.0,25.93,76.43,0.48709907997264146,0.3391506255211491,-0.481182513971576,-5.050532834501572,-11.785593746375332,5.067
City of Santa Rosa,Dita,2022,Dry,1,1,33.1,25.92,72.65,0.11672237089666673,0.07140417814445482,-0.1611886416026886,-5.12164764663337,-11.87330685467063,5.027
City of Santa Rosa,Dita,2022,Dry,2,2,21.8,26.26,74.93,0.42809412088955945,0.29786660628470274,-0.4294610235891581,-5.150316940519621,-11.812800824193198,5.027
City of Santa Rosa,Dita,2022,Dry,3,3,24.7,27.74,72.74,0.42976969760116196,0.30303522080772155,-0.4395414992658274,-5.23456069406165,-11.897461045614964,5.027
City of Santa Rosa,Dita,2022,Dry,4,4,59.5,27.63,74.3,0.42213677130642246,0.36866032501938284,-0.40739167258054343,-5.0520973524906125,-11.834050383766543,5.027
City of Santa Rosa,Dita,2022,Dry,5,5,215.1,28.03,78.5,0.47768384101078515,0.366086631809774,-0.4554117837340921,-4.310550556203446,-11.321257953238147,5.027
City of Santa Rosa,Dita,2022,Dry,6,6,265.8,27.65,81.8,,,,-4.242804075181831,-11.343596822338215,5.027
City of Santa Rosa,Dita,2022,Wet,1,7,299.2,27.04,86.57,0.5120530406327366,0.3721567468907895,-0.48815774797541067,-4.067749439556238,-11.01646530893433,4.341
City of Santa Rosa,Dita,2022,Wet,2,8,369.6,26.56,87.31,0.46176397744493736,0.37708177702815504,-0.43107698527813637,-4.704606761086543,-11.554084950785343,4.341
City of Santa Rosa,Dita,2022,Wet,3,9,274.8,26.65,86.0,0.4951946497760296,0.4326230066929365,-0.4652713783528702,-4.124446791908056,-10.994204019289873,4.341
City of Santa Rosa,Dita,2022,Wet,4,10,438.8,27.01,83.49,0.5258098443349203,0.36926279465357464,-0.4649700919787089,-3.8729754395806237,-10.802112231357256,4.341
City of Santa Rosa,Dita,2022,Wet,5,11,77.0,26.83,83.37,0.433023117690034,0.31872817936368103,-0.40558603248857356,-3.701173640742346,-10.787288455610916,4.341
City of Santa Rosa,Dita,2022,Wet,6,12,120.2,25.75,81.53,0.5038561770029927,0.36097574328074056,-0.48617661743958335,-4.890405179419831,-11.61757798229524,4.341
City of Santa Rosa,Dita,2023,Dry,1,1,106.7,25.15,80.29,0.5307245458817118,0.38356740587518345,-0.5085918223767154,-5.048430852543002,-11.740981910649776,4.754
City of Santa Rosa,Dita,2023,Dry,2,2,72.6,25.93,74.66,0.3613749898450319,0.3461910049582638,-0.29836606580850694,-4.839921909289262,-11.628119298956841,4.754
City of Santa Rosa,Dita,2023,Dry,3,3,7.5,26.7,68.63,0.37900131872742215,0.27890968379697595,-0.40000346328206693,-5.212853817619012,-11.914813334608937,4.754
City of Santa Rosa,Dita,2023,Dry,4,4,130.6,27.74,75.01,0.4071373965995911,0.30782218883929907,-0.41297115000421974,-5.058612863421292,-11.959230723997194,4.754
City of Santa Rosa,Dita,2023,Dry,5,5,118.9,28.55,76.79,0.4173073754078238,0.36591501760870493,-0.390164912710391,-4.933425046189695,-11.767076779942299,4.754
City of Santa Rosa,Dita,2023,Dry,6,6,222.7,27.89,80.82,0.512787223333361,0.40591587561947834,-0.48924168941180957,-4.328727808349213,-11.328146306698658,4.754
City of Santa Rosa,Dita,2023,Wet,1,7,338.5,27.94,81.31,0.4574433865591087,0.36893339460155733,-0.43904575579246935,-4.068455954324591,-11.16130458285389,4.463
City of Santa Rosa,Dita,2023,Wet,2,8,96.5,28.09,80.29,0.46099531016590284,0.5114706445877493,-0.35780923643043216,-4.374097391723637,-11.339609294390318,4.463
City of Santa Rosa,Dita,2023,Wet,3,9,344.9,27.63,83.28,0.5056123826794084,0.35896125122406874,-0.4867694297886155,-4.14796229525193,-11.075981658937842,4.463
City of Santa Rosa,Dita,2023,Wet,4,10,169.9,27.55,81.88,0.40284382605793034,0.35999014861070067,-0.3886932749791975,-3.7485782425915817,-10.866170193203107,4.463
City of Santa Rosa,Dita,2023,Wet,5,11,85.3,27.14,81.44,,,,-4.226718140636034,-11.077550855755025,4.463
City of Santa Rosa,Dita,2023,Wet,6,12,38.3,26.63,82.48,,,,-4.181575964073446,-11.132669618062621,4.463
City of Santa Rosa,Dita,2024,Dry,1,1,6.8,25.53,79.17,0.011102098505944014,0.02864453149959445,-0.011099037326251466,-4.9777863213411315,-11.61204897451511,4.618
City of Santa Rosa,Dita,2024,Dry,2,2,10.2,25.84,79.08,0.3879636103642403,0.2716477157047962,-0.4182015691021724,-5.110274644624521,-11.849210503532037,4.618
City of Santa Rosa,Dita,2024,Dry,3,3,25.7,26.37,79.74,0.2521017980166862,0.17071687388689194,-0.25785429945633964,-5.239661519718715,-11.756088381481684,4.618
City of Santa Rosa,Dita,2024,Dry,4,4,12.0,28.42,77.15,0.3570968185972806,0.24737650663965757,-0.40830229137876045,-5.352228077871654,-12.334353009863271,4.618
City of Santa Rosa,Dita,2024,Dry,5,5,252.1,28.97,78.57,,,,-5.227364700111529,-12.015474167845575,4.618
City of Santa Rosa,Dita,2024,Dry,6,6,337.7,28.37,81.73,0.39187151590983077,0.37066173561745225,-0.3726322956383228,-4.565496557498384,-11.442093223244212,4.618
City of Santa Rosa,Dita,2024,Wet,1,7,445.0,27.43,83.7,,,,-4.936687500442448,-11.839395321024986,3.965
City of Santa Rosa,Dita,2024,Wet,2,8,275.9,27.86,82.99,0.41813256642519087,0.40363198104088294,-0.3860993222268388,-3.94255635010025,-10.986848698310736,3.965
City of Santa Rosa,Dita,2024,Wet,3,9,307.0,27.6,83.88,0.4935966188933923,0.3754755667685822,-0.4668859502739943,-4.507036387392563,-11.496947317501741,3.965
City of Santa Rosa,Dita,2024,Wet,4,10,308.7,27.49,82.46,0.4924475635007939,0.3673982564695898,-0.4768543498192885,-4.092591310999716,-10.913904045952599,3.965
City of Santa Rosa,Dita,2024,Wet,5,11,62.4,27.47,81.65,0.4505359779592366,0.32942102523805045,-0.4531151568228992,-4.840373209448861,-11.699573430866351,3.965
City of Santa Rosa,Dita,2024,Wet,6,12,189.7,26.18,84.76,0.5097233081045314,0.3950143449307461,-0.4766840402835151,-3.709601799092609,-10.627972487338432,3.965
City of Santa Rosa,Dita,2025,Dry,1,1,51.9,25.58,82.79,0.5956449934572299,0.42648910632239717,-0.5187073237689909,-4.2395531750387185,-11.300981162784774,4.522
City of Santa Rosa,Dita,2025,Dry,2,2,89.6,25.66,82.35,0.4722578473509203,0.36331150850287947,-0.4511579599781201,-4.776318660328161,-11.523074455029853,4.522
City of Santa Rosa,Dita,2025,Dry,3,3,48.5,26.57,80.81,0.4410717063806042,0.3305707220706238,-0.44414922375869526,-4.805246166101596,-11.681831998009294,4.522
City of Santa Rosa,Dita,2025,Dry,4,4,22.0,28.59,76.27,0.3098104768392186,0.25906808907571033,-0.30783749421167644,-6.0692479500942795,-13.078232092559578,4.522
City of Santa Rosa,Dita,2025,Dry,5,5,167.5,28.55,78.18,0.3792104582189825,0.28273004005627683,-0.3937992282578736,-4.554771767804584,-11.45297078141595,4.522
City of Santa Rosa,Dita,2025,Dry,6,6,369.0,27.55,83.04,,,,-3.9647051167392737,-11.25461680644175,4.522
City of Santa Rosa,Dita,2025,Wet,1,7,368.5,27.39,82.78,,,,-5.037260051254411,-11.70312726215731,4.5
City of Santa Rosa,Dita,2025,Wet,2,8,323.2,27.29,81.91,0.4809978005778479,0.3705371471851534,-0.45616963132216204,-4.167945731153274,-11.290843957672369,4.5
City of Santa Rosa,Dita,2025,Wet,3,9,290.4,26.73,85.26,,,,-4.295747914615059,-11.279278703473597,4.5
City of Santa Rosa,Dita,2025,Wet,4,10,254.2,27.12,83.51,,,,-4.319876122738359,-11.473785856811235,4.5
City of Santa Rosa,Dita,2025,Wet,5,11,208.0,26.97,83.63,0.4922162795756721,0.32916835188261345,-0.4739384546859574,-4.897371127439188,-11.750136095749781,4.5
City of Santa Rosa,Dita,2025,Wet,6,12,69.9,26.31,81.87,,,,,,4.5
City of Santa Rosa,Labas,2021,Dry,1,1,108.6,25.1,81.75,0.37661392014518563,0.2739769380617003,-0.37336880153606183,-3.869976506027594,-10.941371030487312,5.217
City of Santa Rosa,Labas,2021,Dry,2,2,91.9,25.17,80.92,0.3849814690333049,0.2680139907474581,-0.40191425132029934,-3.3427058935680507,-10.57849326228968,5.217
City of Santa Rosa,Labas,2021,Dry,3,3,63.2,26.72,78.69,0.013490201847162098,0.01753536384785548,-0.0010743392631411552,-4.180154628893432,-11.178077959159161,5.217
City of Santa Rosa,Labas,2021,Dry,4,4,22.2,27.88,70.63,0.28970881601451043,0.2747369263141243,-0.3072510456746896,-4.131890568268963,-11.034783516160399,5.217
City of Santa Rosa,Labas,2021,Dry,5,5,79.8,28.81,75.02,0.31888062206220225,0.24656251096539655,-0.34445808963882324,-4.335098432627478,-11.2451613823824,5.217
City of Santa Rosa,Labas,2021,Dry,6,6,231.7,27.93,81.25,0.3251428628978106,0.3793017783153296,-0.2882557304897914,-4.158955109040581,-11.09964571537249,5.217
City of Santa Rosa,Labas,2021,Wet,1,7,282.0,27.46,83.44,,,,-3.160845715308583,-10.571530254742324,5.161
City of Santa Rosa,Labas,2021,Wet,2,8,182.8,27.33,83.78,0.17261082844601736,0.13398797671672785,-0.1528639841983224,-4.601796065680078,-9.81724885287534,5.161
City of Santa Rosa,Labas,2021,Wet,3,9,360.0,26.94,86.7,0.397951188759864,0.2869632447481314,-0.40111298165545367,-3.5131302911855724,-10.892610389255333,5.161
City of Santa Rosa,Labas,2021,Wet,4,10,204.0,26.89,84.03,0.4088801541882886,0.29589318540092996,-0.41472241616381395,-4.590316465059663,-9.749222261792712,5.161
City of Santa Rosa,Labas,2021,Wet,5,11,46.7,27.51,77.47,-0.03415095441353818,-0.712505205689619,0.06350342432657878,-3.8214866307796016,-11.210088649965497,5.161
City of Santa Rosa,Labas,2021,Wet,6,12,80.0,25.93,76.43,0.3930273605891384,0.26211033628334174,-0.40713982507367946,-4.6359872146918475,-9.889775431933367,5.161
City of Santa Rosa,Labas,2022,Dry,1,1,33.1,25.92,72.65,0.3161787658367758,0.21372467275769538,-0.3161020762143294,-4.712146765009,-9.829401073487718,5.23
City of Santa Rosa,Labas,2022,Dry,2,2,21.8,26.26,74.93,0.3528819961757754,0.24634974016063085,-0.36538840437210346,-4.625988202990153,-9.732089368448401,5.23
City of Santa Rosa,Labas,2022,Dry,3,3,24.7,27.74,72.74,0.3531441498061618,0.253568123825086,-0.37679756189980085,-4.772311015774388,-9.754966325116314,5.23
City of Santa Rosa,Labas,2022,Dry,4,4,59.5,27.63,74.3,0.2623133294830991,0.24150457826908667,-0.23540443890195323,-4.525566865153614,-9.731397100331833,5.23
City of Santa Rosa,Labas,2022,Dry,5,5,215.1,28.03,78.5,0.3673029454298729,0.27682876886324115,-0.37443433787641534,-3.9230696653107717,-9.4454427298913,5.23
City of Santa Rosa,Labas,2022,Dry,6,6,265.8,27.65,81.8,,,,-3.9565051841265126,-9.522545406122582,5.23
City of Santa Rosa,Labas,2022,Wet,1,7,299.2,27.04,86.57,0.39902550163272504,0.28650411423124406,-0.4014958541281618,-3.883007448509258,-9.291008447751343,4.778
City of Santa Rosa,Labas,2022,Wet,2,8,369.6,26.56,87.31,0.3802815509467302,0.2845279473269529,-0.3717041428835024,-4.488711003176101,-9.637638069271404,4.778
City of Santa Rosa,Labas,2022,Wet,3,9,274.8,26.65,86.0,0.370871386008314,0.29853793202018536,-0.36652313315204726,-3.8012906253435914,-9.212571112811455,4.778
City of Santa Rosa,Labas,2022,Wet,4,10,438.8,27.01,83.49,,,,-3.508841548918187,-9.0877194009652,4.778
City of Santa Rosa,Labas,2022,Wet,5,11,77.0,26.83,83.37,0.3458003032756947,0.23129701130043034,-0.34102403744979654,-3.3488865895156152,-8.977615947303573,4.778
City of Santa Rosa,Labas,2022,Wet,6,12,120.2,25.75,81.53,0.3911760543042366,0.2707015928842248,-0.3959990558255773,-4.46146895733586,-9.646049617393706,4.778
City of Santa Rosa,Labas,2023,Dry,1,1,106.7,25.15,80.29,0.31983027627828303,0.21882106046794667,-0.29948861997210147,-4.562231322623321,-9.754800490029227,5.0
City of Santa Rosa,Labas,2023,Dry,2,2,72.6,25.93,74.66,0.2286873196717351,0.17446364369243383,-0.19951587496325374,-4.478577090670522,-9.65988538094001,5.0
City of Santa Rosa,Labas,2023,Dry,3,3,7.5,26.7,68.63,0.31092100211333,0.22879086086561093,-0.3407322059973546,-4.541959323435433,-9.695811010542858,5.0
City of Santa Rosa,Labas,2023,Dry,4,4,130.6,27.74,75.01,0.33614955969561844,0.2562041794680639,-0.35473637091987453,-4.277277307690088,-9.60130486846301,5.0
City of Santa Rosa,Labas,2023,Dry,5,5,118.9,28.55,76.79,0.3683644226619416,0.30518608102243683,-0.36856625287331357,-4.201076841260988,-9.560303228032796,5.0
City of Santa Rosa,Labas,2023,Dry,6,6,222.7,27.89,80.82,0.4136145900566353,0.31402119994824884,-0.42120071657029756,-3.556154657386769,-9.067326295145419,5.0
City of Santa Rosa,Labas,2023,Wet,1,7,338.5,27.94,81.31,0.3774787235239174,0.26684292971298385,-0.37866763534692843,-3.365357004701418,-9.071811141040548,4.5
City of Santa Rosa,Labas,2023,Wet,2,8,96.5,28.09,80.29,0.28894719136483593,0.26013872847004643,-0.28995239084941904,-3.7301014577819,-9.304116238674784,4.5
City of Santa Rosa,Labas,2023,Wet,3,9,344.9,27.63,83.28,0.3952692739616922,0.26492088094990535,-0.40116507465154494,-3.585063979574283,-9.143484273498565,4.5
City of Santa Rosa,Labas,2023,Wet,4,10,169.9,27.55,81.88,0.2726688684516585,0.2395214670287445,-0.3037607857236637,-3.2582505565221735,-8.940956933294528,4.5
City of Santa Rosa,Labas,2023,Wet,5,11,85.3,27.14,81.44,,,,-3.7852352939483986,-9.240837373628148,4.5
City of Santa Rosa,Labas,2023,Wet,6,12,38.3,26.63,82.48,0.40366132579551456,0.2672417616912584,-0.4260938568762281,-3.7235541075673235,-9.197896284824488,4.5
City of Santa Rosa,Labas,2024,Dry,1,1,6.8,25.53,79.17,0.0073479920160025355,0.0067706193774938585,-0.005260212719440461,-4.269788126785051,-9.524878927132745,4.577
City of Santa Rosa,Labas,2024,Dry,2,2,10.2,25.84,79.08,0.33537406964271693,0.23108675836172796,-0.37209943029782305,-4.177314912026122,-9.56662821475243,4.577
City of Santa Rosa,Labas,2024,Dry,3,3,25.7,26.37,79.74,0.3283735247867307,0.2400120528075862,-0.34004505227457227,-4.313213405377446,-9.48871179546568,4.577
City of Santa Rosa,Labas,2024,Dry,4,4,12.0,28.42,77.15,0.32044711639071854,0.23242922152190612,-0.3632958490434897,-4.457815104244033,-9.769754973321103,4.577
City of Santa Rosa,Labas,2024,Dry,5,5,252.1,28.97,78.57,,,,-4.355681505689617,-9.57690446284907,4.577
City of Santa Rosa,Labas,2024,Dry,6,6,337.7,28.37,81.73,,,,-3.9611698144717216,-9.240622856848,4.577
City of Santa Rosa,Labas,2024,Wet,1,7,445.0,27.43,83.7,,,,-3.539513247738484,-10.817091889025532,4.5
City of Santa Rosa,Labas,2024,Wet,2,8,275.9,27.86,82.99,0.3276662861811451,0.28593093295373473,-0.3217905776091096,-3.3827047855544508,-9.05557340616184,4.5
City of Santa Rosa,Labas,2024,Wet,3,9,307.0,27.6,83.88,0.3949780770085422,0.2794085827820206,-0.39831631930236555,-3.950747296820748,-9.42304061926103,4.5
City of Santa Rosa,Labas,2024,Wet,4,10,308.7,27.49,82.46,0.38928457711553766,0.2848577339717085,-0.3951679132368264,-3.821843377246302,-9.210434646676976,4.5
City of Santa Rosa,Labas,2024,Wet,5,11,62.4,27.47,81.65,0.3669917484633668,0.2548845204211007,-0.38582665586898596,-4.356643552264062,-9.658270314113889,4.5
City of Santa Rosa,Labas,2024,Wet,6,12,189.7,26.18,84.76,0.3363380239931191,0.26283339735967487,-0.3272816413932775,-3.189978186469506,-8.741407677410873,4.5
City of Santa Rosa,Labas,2025,Dry,1,1,51.9,25.58,82.79,,,,-3.939543588693658,-9.414083661199212,4.5
City of Santa Rosa,Labas,2025,Dry,2,2,89.6,25.66,82.35,0.36239309607283665,0.2681226352504193,-0.3699485952427524,-4.337045262881756,-9.529850814902124,4.5
City of Santa Rosa,Labas,2025,Dry,3,3,48.5,26.57,80.81,0.34466193936156825,0.26496147986570723,-0.3621445498496499,-4.350209422528346,-9.453739587459028,4.5
City of Santa Rosa,Labas,2025,Dry,4,4,22.0,28.59,76.27,0.30977657817814525,0.24625344893600168,-0.3349013623630425,-4.647440665672697,-11.905999734813706,4.5
City of Santa Rosa,Labas,2025,Dry,5,5,167.5,28.55,78.18,0.31086888235666627,0.24128227965523402,-0.334382331493095,-3.839899586112937,-9.1715430611118,4.5
City of Santa Rosa,Labas,2025,Dry,6,6,369.0,27.55,83.04,,,,-2.3682808213185433,-10.14326014023938,4.5
City of Santa Rosa,Labas,2025,Wet,1,7,368.5,27.39,82.78,,,,-3.690461525570928,-10.642051865648506,4.411
City of Santa Rosa,Labas,2025,Wet,2,8,323.2,27.29,81.91,0.355119839924238,0.24994068998354746,-0.36198943913711223,-3.574955889832661,-9.333816851120876,4.411
City of Santa Rosa,Labas,2025,Wet,3,9,290.4,26.73,85.26,,,,-3.1192186142148994,-10.353625842133269,4.411
City of Santa Rosa,Labas,2025,Wet,4,10,254.2,27.12,83.51,,,,-3.7012571792568605,-9.336036335694809,4.411
City of Santa Rosa,Labas,2025,Wet,5,11,208.0,26.97,83.63,0.3758562964814065,0.24087604998148957,-0.384850332494844,-3.4388938913061167,-10.568182926457174,4.411
City of Santa Rosa,Labas,2025,Wet,6,12,69.9,26.31,81.87,,,,,,4.411
City of Santa Rosa,Macabling,2021,Dry,1,1,132.8,24.65,82.81,0.4727938568894542,0.37408082370471096,-0.4334785066940911,-5.857343662398315,-13.412338773501691,5.32
City of Santa Rosa,Macabling,2021,Dry,2,2,68.2,24.76,81.88,0.5052703241345168,0.35661931321521767,-0.47796112318428374,-5.133300606100194,-12.759331466132869,5.32
City of Santa Rosa,Macabling,2021,Dry,3,3,56.8,26.33,80.0,0.034008761096629314,0.09928305010544136,-0.022139295702800155,-6.314299782824163,-13.721333997457046,5.32
City of Santa Rosa,Macabling,2021,Dry,4,4,16.8,27.65,71.36,0.3643178873066342,0.34094654540947583,-0.37374457680385476,-6.425429423038415,-13.782151577528081,5.32
City of Santa Rosa,Macabling,2021,Dry,5,5,80.9,28.73,75.01,0.3455863317873059,0.25251473372793937,-0.37129866973216274,-6.576572843407205,-14.047068412964293,5.32
City of Santa Rosa,Macabling,2021,Dry,6,6,269.4,27.46,82.7,0.2773995433341374,0.39887053240090625,-0.2290576396256008,-5.9028444526627375,-13.412276060506173,5.32
City of Santa Rosa,Macabling,2021,Wet,1,7,273.5,26.94,85.3,0.49052190195236894,0.7617575446409838,-0.3770317445908274,-4.916459557177859,-12.501171033209493,4.799
City of Santa Rosa,Macabling,2021,Wet,2,8,250.0,26.91,85.03,0.5859815865842393,0.6385313056453017,-0.48822460790688643,-6.393889923266559,-11.99371118952582,4.799
City of Santa Rosa,Macabling,2021,Wet,3,9,446.1,26.45,88.34,0.4755753030234521,0.3471734677542949,-0.45151930204318275,-5.2972552558192705,-12.743258458842238,4.799
City of Santa Rosa,Macabling,2021,Wet,4,10,234.3,26.31,86.36,0.48847494902967137,0.3223225511587657,-0.4621140749833617,-6.665623073491695,-12.605845817034837,4.799
City of Santa Rosa,Macabling,2021,Wet,5,11,64.5,26.93,80.16,0.005071842611801844,-0.01720686753590902,0.009982255994583723,-5.567034809631216,-13.328673189320673,4.799
City of Santa Rosa,Macabling,2021,Wet,6,12,78.5,25.55,77.37,0.49903350668907265,0.34991661839003746,-0.47556990141208216,-6.615795439043952,-12.260782918348118,4.799
City of Santa Rosa,Macabling,2022,Dry,1,1,32.3,25.52,73.91,0.39210232576498616,0.20791627283996114,-0.34653185666180575,-6.815391902510823,-12.420451368837822,5.079
City of Santa Rosa,Macabling,2022,Dry,2,2,28.8,26.04,75.32,0.39919359194681975,0.2808953491668392,-0.395326226954414,-6.7244440339480605,-12.436032789477224,5.079
City of Santa Rosa,Macabling,2022,Dry,3,3,32.6,27.61,72.64,0.4116405863504298,0.31495923143298493,-0.4155637449995585,-6.9056123709916175,-12.573462095748607,5.079
City of Santa Rosa,Macabling,2022,Dry,4,4,64.0,27.42,74.63,0.3750439856093289,0.3814423910439857,-0.3556863505206582,-6.734152330309043,-12.312409817047755,5.079
City of Santa Rosa,Macabling,2022,Dry,5,5,289.1,27.85,78.12,0.4580287313764565,0.34484855043725643,-0.428207411198922,-5.823895342408247,-11.638471562491505,5.079
City of Santa Rosa,Macabling,2022,Dry,6,6,324.6,27.24,82.54,,,,-5.630089409511146,-11.42479835607164,5.079
City of Santa Rosa,Macabling,2022,Wet,1,7,376.5,26.6,87.33,0.5193628914972432,0.33324283408752037,-0.4793979201061309,-5.5920733025894735,-11.325715179647725,4.431
City of Santa Rosa,Macabling,2022,Wet,2,8,528.4,26.05,88.39,0.47607397416303393,0.38717260076854304,-0.4294094794780322,-6.280976880205482,-11.788142267339122,4.431
City of Santa Rosa,Macabling,2022,Wet,3,9,357.0,26.15,87.11,0.36366737158387796,0.37586998528450316,-0.3379828657823813,-5.7323722531385535,-11.289104176544976,4.431
City of Santa Rosa,Macabling,2022,Wet,4,10,485.2,26.4,85.97,,,,-5.289087966011776,-11.031275499600227,4.431
City of Santa Rosa,Macabling,2022,Wet,5,11,113.6,26.3,85.33,0.4621736519534585,0.3409565927079647,-0.4226220860589756,-5.2059175070281904,-10.97141322969239,4.431
City of Santa Rosa,Macabling,2022,Wet,6,12,99.8,25.32,82.81,0.48476536489897876,0.3474069254881398,-0.4555271463228443,-6.421039678129301,-11.900753130559805,4.431
City of Santa Rosa,Macabling,2023,Dry,1,1,114.5,24.79,81.23,0.5143787008609934,0.3680286108899312,-0.4707651758611393,-6.557633522306422,-12.023183343738193,4.792
City of Santa Rosa,Macabling,2023,Dry,2,2,70.9,25.6,75.21,0.3912446009400628,0.3337382156456745,-0.33935298525565144,-6.464535393261553,-11.997627349036515,4.792
City of Santa Rosa,Macabling,2023,Dry,3,3,11.6,26.46,69.12,0.35393563965904495,0.2630026949449766,-0.37725815205617935,-6.781550754470943,-12.261756053497676,4.792
City of Santa Rosa,Macabling,2023,Dry,4,4,134.2,27.51,75.06,0.41690313209487134,0.3261310199109666,-0.40680367061141864,-6.484175921225745,-12.04382350303451,4.792
City of Santa Rosa,Macabling,2023,Dry,5,5,127.0,28.3,76.99,0.41114196260210195,0.38424463874419784,-0.37475107276470504,-6.39084991305869,-12.01876040954869,4.792
City of Santa Rosa,Macabling,2023,Dry,6,6,284.7,27.39,82.66,0.5072777036197282,0.35537446457952376,-0.47183394289206804,-5.38718976513027,-11.191629670587123,4.792
City of Santa Rosa,Macabling,2023,Wet,1,7,314.1,27.34,83.05,0.46869213375786384,0.35102176575168664,-0.4318087041672125,-5.371194933551883,-11.200306441837485,4.55
City of Santa Rosa,Macabling,2023,Wet,2,8,77.0,27.73,79.25,,,,-5.782702176252081,-11.523254892225264,4.55
City of Santa Rosa,Macabling,2023,Wet,3,9,294.1,26.96,85.85,0.4670235966015629,0.33530262755620965,-0.44014663541409016,-5.478018008175862,-11.393686096535449,4.55
City of Santa Rosa,Macabling,2023,Wet,4,10,148.2,27.0,82.98,0.5087424340322365,0.4024578443029112,-0.4374747347550763,-5.087404863463861,-11.041083340109783,4.55
City of Santa Rosa,Macabling,2023,Wet,5,11,85.2,27.1,78.81,0.3828426594142664,0.2721342862686527,-0.32489385488977657,-5.471191782424945,-11.258555947203423,4.55
City of Santa Rosa,Macabling,2023,Wet,6,12,37.5,26.71,78.92,0.3743669790686062,0.26049391130483385,-0.38405500658520375,-5.5057118807216465,-11.296634505628486,4.55
City of Santa Rosa,Macabling,2024,Dry,1,1,10.6,25.82,73.39,0.0022034631139831624,-0.005771811181330125,0.005167579589033267,-6.457343874477909,-11.936510059376948,4.648
City of Santa Rosa,Macabling,2024,Dry,2,2,10.1,26.22,72.95,0.399529211064812,0.28550364890927815,-0.41663551350847533,-6.447818418898176,-12.08085340375737,4.648
City of Santa Rosa,Macabling,2024,Dry,3,3,24.1,26.86,73.04,0.305446425574778,0.21630463291934807,-0.32603690404932445,-6.485919429914686,-11.935932665645973,4.648
City of Santa Rosa,Macabling,2024,Dry,4,4,11.8,29.14,69.37,0.30793292755551654,0.18146265107647516,-0.3601575891524099,-6.710273185728305,-12.445448006467542,4.648
City of Santa Rosa,Macabling,2024,Dry,5,5,225.4,29.3,74.17,,,,-6.677163371761682,-12.234072505865264,4.648
City of Santa Rosa,Macabling,2024,Dry,6,6,348.6,27.71,85.13,,,,-5.989953661745119,-11.608237613335959,4.648
City of Santa Rosa,Macabling,2024,Wet,1,7,474.7,26.65,87.47,,,,-4.654477246434207,-12.628007287378917,4.5
City of Santa Rosa,Macabling,2024,Wet,2,8,239.8,27.08,85.91,0.401441479679365,0.3891152178197385,-0.36840314937594754,-5.183300424478629,-11.104367773782766,4.5
City of Santa Rosa,Macabling,2024,Wet,3,9,290.4,26.83,86.58,0.45244047857888364,0.3201930079392031,-0.42124262604021456,-5.764633832975094,-11.679526125897636,4.5
City of Santa Rosa,Macabling,2024,Wet,4,10,349.0,26.68,85.77,0.45470758272469364,0.3685614640762763,-0.43092944421808616,-5.345260005099163,-11.23678154307052,4.5
City of Santa Rosa,Macabling,2024,Wet,5,11,80.8,27.33,79.66,0.42525443390102735,0.30780881328370957,-0.4197504440705326,-6.321065851847453,-12.100056088240635,4.5
City of Santa Rosa,Macabling,2024,Wet,6,12,171.3,25.77,85.29,0.45852594673199065,0.35884014387397145,-0.4184347238183558,-4.88262619626259,-10.794675951060063,4.5
City of Santa Rosa,Macabling,2025,Dry,1,1,50.6,25.41,81.11,0.3403014330303151,0.22687585230554944,-0.32885703201597594,-5.827415723653264,-11.741274730875636,4.5
City of Santa Rosa,Macabling,2025,Dry,2,2,89.2,25.65,79.39,0.42414486795434575,0.34206714036486013,-0.40446818941617335,-6.304345906851724,-11.874161170143624,4.5
City of Santa Rosa,Macabling,2025,Dry,3,3,58.4,26.95,74.67,0.390453005985915,0.33680763876019676,-0.3806010108206768,-6.22227609552905,-12.014754215190269,4.5
City of Santa Rosa,Macabling,2025,Dry,4,4,15.7,29.36,67.98,0.3334631794851931,0.2677463430935485,-0.3582622436928523,-6.129399122362208,-14.20483118828053,4.5
City of Santa Rosa,Macabling,2025,Dry,5,5,145.2,28.59,75.46,0.33251647948950896,0.24978011592025268,-0.3416405577390685,-5.838564288331223,-11.574011893157177,4.5
City of Santa Rosa,Macabling,2025,Dry,6,6,346.7,26.84,86.3,,,,-3.325679764862797,-12.063328482548766,4.5
City of Santa Rosa,Macabling,2025,Wet,1,7,370.6,26.62,85.08,,,,-4.862267781694459,-12.627034581515648,4.487
City of Santa Rosa,Macabling,2025,Wet,2,8,295.5,26.61,83.89,0.4130176127688965,0.6091432459721472,-0.39245735869933407,-5.400233817830243,-11.465188786784118,4.487
City of Santa Rosa,Macabling,2025,Wet,3,9,341.4,25.92,88.9,,,,-4.276809122321341,-12.312608379046257,4.487
City of Santa Rosa,Macabling,2025,Wet,4,10,238.1,26.44,86.65,,,,-5.596410399971014,-11.631128480879413,4.487
City of Santa Rosa,Macabling,2025,Wet,5,11,219.9,26.5,84.46,0.4624925894465884,0.3165414956765466,-0.43212239473094716,-4.813333146560174,-12.71393138747747,4.487
City of Santa Rosa,Macabling,2025,Wet,6,12,64.5,26.24,79.33,,,,,,4.487
City of Santa Rosa,Malitlit,2021,Dry,1,1,113.8,24.2,85.41,0.5793624173258933,0.4654794527937426,-0.5131401670802652,-6.88613655423265,-13.635350192652448,4.872
City of Santa Rosa,Malitlit,2021,Dry,2,2,76.6,24.31,84.6,0.6060407216506377,0.4606776382767724,-0.547708719394534,-6.0471618467311545,-12.763122187786454,4.872
City of Santa Rosa,Malitlit,2021,Dry,3,3,76.3,25.8,83.45,,,,-7.691181488933303,-14.382244645155629,4.872
City of Santa Rosa,Malitlit,2021,Dry,4,4,16.6,27.11,74.34,0.4199557511459093,0.36981767352428563,-0.40799510229525887,-7.788657516400836,-14.620118243570435,4.872
City of Santa Rosa,Malitlit,2021,Dry,5,5,106.8,28.24,78.01,0.38132694857786614,0.2665416578142654,-0.40677067781808923,-8.29495597537509,-15.198278870752828,4.872
City of Santa Rosa,Malitlit,2021,Dry,6,6,261.1,27.27,83.31,0.4162730829269164,0.8299813584030935,-0.27953463157665703,-6.72255636523583,-13.703733079069218,4.872
City of Santa Rosa,Malitlit,2021,Wet,1,7,314.7,26.68,86.49,0.7049258532217942,0.7065008036712568,-0.5879143429369335,-5.872851363483201,-12.796580304132586,5.053
City of Santa Rosa,Malitlit,2021,Wet,2,8,248.9,26.56,86.84,0.5625600408070648,0.6193882464648134,-0.48504054844329614,-7.091374023866762,-12.853821556233664,5.053
City of Santa Rosa,Malitlit,2021,Wet,3,9,395.8,26.16,89.41,0.6393069596454062,0.48860805135852414,-0.5681252823391425,-6.778616282903853,-13.337097464276388,5.053
City of Santa Rosa,Malitlit,2021,Wet,4,10,234.5,25.94,87.93,0.6155837699783848,0.4586955233275782,-0.5580147790493121,-6.866103089582579,-12.570302200193574,5.053
City of Santa Rosa,Malitlit,2021,Wet,5,11,64.6,26.37,83.82,,,,-6.130197672265599,-12.742169611557157,5.053
City of Santa Rosa,Malitlit,2021,Wet,6,12,97.0,24.97,81.23,0.6246859739128305,0.4587086230643629,-0.5701953626858999,-6.7401375219563855,-12.48722057892377,5.053
City of Santa Rosa,Malitlit,2022,Dry,1,1,42.6,24.98,77.6,0.338020418183624,0.29317134300376085,-0.274472609163458,-6.7397066117860955,-12.602398485687871,5.036
City of Santa Rosa,Malitlit,2022,Dry,2,2,41.4,25.54,78.53,0.5568645471086753,0.4041735024516148,-0.5063605127772302,-6.9311818867999735,-12.659215553811222,5.036
City of Santa Rosa,Malitlit,2022,Dry,3,3,63.6,27.11,75.68,0.5319323692128448,0.3930079454505695,-0.4962184393630247,-7.271191186026666,-12.951488682074983,5.036
City of Santa Rosa,Malitlit,2022,Dry,4,4,122.2,26.88,77.67,0.5008309552385082,0.42702674621035014,-0.44919131747970253,-6.506928893495316,-12.329050232078874,5.036
City of Santa Rosa,Malitlit,2022,Dry,5,5,238.6,27.51,80.01,0.5832870994673104,0.42625883466622927,-0.5159960248656205,-6.519879907129114,-12.435859668672398,5.036
City of Santa Rosa,Malitlit,2022,Dry,6,6,315.0,26.86,84.55,,,,-6.143526027502774,-12.131328551542136,5.036
City of Santa Rosa,Malitlit,2022,Wet,1,7,366.4,26.34,88.42,0.6452971011115823,0.4807873252294397,-0.5754231793795854,-6.015902986118089,-11.991175411776346,4.325
City of Santa Rosa,Malitlit,2022,Wet,2,8,439.8,25.88,88.97,0.5735958767294034,0.4993661262174253,-0.5039284510424009,-6.35150392063883,-12.096544780870447,4.325
City of Santa Rosa,Malitlit,2022,Wet,3,9,332.9,26.05,87.63,0.5897819691695835,0.5234280547209953,-0.5206819448614778,-6.223750750838754,-11.887654971880783,4.325
City of Santa Rosa,Malitlit,2022,Wet,4,10,459.5,26.11,87.21,0.5713416321413529,0.5796185456517972,-0.48443581550431286,-5.896303873141649,-11.506331491774239,4.325
City of Santa Rosa,Malitlit,2022,Wet,5,11,94.1,25.9,87.19,0.2986836112669478,0.2611556201694011,-0.2770020995506092,-5.471927818745246,-11.248648737595943,4.325
City of Santa Rosa,Malitlit,2022,Wet,6,12,122.2,24.85,85.38,0.6291952030856386,0.4913439913864667,-0.571219100085924,-6.484148216286133,-12.255297966486273,4.325
City of Santa Rosa,Malitlit,2023,Dry,1,1,102.1,24.28,83.93,0.6478611794836145,0.4805276810243411,-0.5880297414330912,-6.647067980134043,-12.468074471794091,4.672
City of Santa Rosa,Malitlit,2023,Dry,2,2,62.5,25.05,78.39,0.37189365174319283,0.5098898840917119,-0.3073452810983399,-6.542721896998631,-12.422778582959388,4.672
City of Santa Rosa,Malitlit,2023,Dry,3,3,20.4,25.93,72.44,0.4463272210423627,0.32316598289104614,-0.4432824252305529,-7.510066177745398,-13.266754535827912,4.672
City of Santa Rosa,Malitlit,2023,Dry,4,4,152.3,27.07,77.46,0.5018785297230772,0.36566457314128514,-0.47123786648038146,-7.353714018148954,-13.300694686323798,4.672
City of Santa Rosa,Malitlit,2023,Dry,5,5,145.2,27.77,80.15,0.4476209406259835,0.43440079406224696,-0.39856851664597276,-7.504139165446139,-13.270889446222485,4.672
City of Santa Rosa,Malitlit,2023,Dry,6,6,249.6,27.08,84.24,0.6423062987434228,0.5194888594481943,-0.5716523333028738,-6.662752164701648,-12.70404792871464,4.672
City of Santa Rosa,Malitlit,2023,Wet,1,7,302.7,26.99,84.94,0.5311851832943795,0.46274534502540615,-0.47989322660815,-6.472549065089699,-12.380675018200778,3.865
City of Santa Rosa,Malitlit,2023,Wet,2,8,76.7,27.56,80.02,0.5093035449814897,0.700245514097043,-0.3980891642978093,-6.746533719709632,-12.610044207254212,3.865
City of Santa Rosa,Malitlit,2023,Wet,3,9,279.8,26.67,87.32,0.6408975739043196,0.47114427146267873,-0.573197195853719,-6.333666286021038,-12.126166044412823,3.865
City of Santa Rosa,Malitlit,2023,Wet,4,10,133.9,26.52,85.87,0.4433909470943773,0.3978112200824307,-0.3816751958253097,-5.912668432868388,-11.801189701183983,3.865
City of Santa Rosa,Malitlit,2023,Wet,5,11,85.4,26.39,82.43,,,,-5.897974385803676,-11.69491475051288,3.865
City of Santa Rosa,Malitlit,2023,Wet,6,12,51.6,26.06,82.26,0.5222781717777252,0.5368830837309362,-0.44440341740846634,-5.983152576586769,-11.831057027366837,3.865
City of Santa Rosa,Malitlit,2024,Dry,1,1,8.3,25.26,76.12,0.6394918328692307,0.490334224042791,-0.568749276786294,-6.659421818378362,-12.32430653968804,4.649
City of Santa Rosa,Malitlit,2024,Dry,2,2,14.0,25.79,75.0,0.4783265500837008,0.3156358775763873,-0.4759665188219541,-7.067345694483724,-12.942723081688358,4.649
City of Santa Rosa,Malitlit,2024,Dry,3,3,30.1,26.42,75.24,0.41396341485091875,0.272023571598235,-0.42232361684159664,-7.524466570011742,-13.0617534134312,4.649
City of Santa Rosa,Malitlit,2024,Dry,4,4,31.7,28.72,71.78,0.3409404155576867,0.2136211339683058,-0.40523695201147863,-8.247143813514107,-14.366091929591708,4.649
City of Santa Rosa,Malitlit,2024,Dry,5,5,246.1,28.86,76.42,,,,-8.193285913699382,-14.122327794646857,4.649
City of Santa Rosa,Malitlit,2024,Dry,6,6,320.8,27.37,86.59,0.7931665383376083,0.8364596765536767,-0.6929591170379091,-6.4493035668170355,-12.323921624801073,4.649
City of Santa Rosa,Malitlit,2024,Wet,1,7,431.0,26.38,88.57,,,,-6.16611580407229,-13.038145143850297,2.853
City of Santa Rosa,Malitlit,2024,Wet,2,8,253.6,26.87,86.77,0.6305396743031112,0.6771321946733141,-0.5302767141426311,-6.155206657593605,-11.981207570711108,2.853
City of Santa Rosa,Malitlit,2024,Wet,3,9,309.2,26.67,86.73,0.6315619825838868,0.49853837876134444,-0.5614830504358354,-6.607339270284235,-12.555062922499824,2.853
City of Santa Rosa,Malitlit,2024,Wet,4,10,294.0,26.38,86.74,0.631993949676481,0.4997863796694247,-0.5661913806353472,-6.089082188227429,-11.65088610248119,2.853
City of Santa Rosa,Malitlit,2024,Wet,5,11,81.3,26.84,82.18,0.6042450486299957,0.4814814637330967,-0.5559584908931873,-6.470990098626384,-12.234495684346946,2.853
City of Santa Rosa,Malitlit,2024,Wet,6,12,204.4,25.29,87.26,0.6805049176687844,0.6319844454658049,-0.5919592104933236,-5.445912613404598,-11.155213777147303,2.853
City of Santa Rosa,Malitlit,2025,Dry,1,1,68.0,24.88,83.75,0.6858328792250064,0.6327353260092461,-0.6019473006964188,-5.935221533392672,-11.92536646446084,4.523
City of Santa Rosa,Malitlit,2025,Dry,2,2,136.1,25.14,82.02,0.5694054742689347,0.4815818431866207,-0.5106959387418145,-6.650965437635776,-12.458001611273968,4.523
City of Santa Rosa,Malitlit,2025,Dry,3,3,70.3,26.33,77.99,0.558409729432628,0.43449837324638946,-0.5112673968331833,-6.7991380835718624,-12.73014073956321,4.523
City of Santa Rosa,Malitlit,2025,Dry,4,4,26.8,28.8,71.23,0.4557684525514198,0.3531170713794218,-0.4496664553359721,-8.15210450220305,-14.737957014501095,4.523
City of Santa Rosa,Malitlit,2025,Dry,5,5,131.2,28.18,77.62,0.41956765570459137,0.29385669812937176,-0.42207902971252925,-6.697286347050979,-12.404661345613638,4.523
City of Santa Rosa,Malitlit,2025,Dry,6,6,329.7,26.61,87.22,,,,-5.331980884020164,-12.182226469515092,4.523
City of Santa Rosa,Malitlit,2025,Wet,1,7,345.6,26.48,85.62,,,,-6.113369553111959,-12.845767907992302,4.5
City of Santa Rosa,Malitlit,2025,Wet,2,8,320.6,26.3,85.46,0.5848032376584567,0.48246352075179233,-0.5182523895905685,-6.447651795804409,-12.320240133472549,4.5
City of Santa Rosa,Malitlit,2025,Wet,3,9,342.4,25.65,89.97,,,,-5.843216524843105,-12.501300745562444,4.5
City of Santa Rosa,Malitlit,2025,Wet,4,10,244.9,25.99,88.75,,,,-6.2409775594738965,-12.131051668466423,4.5
City of Santa Rosa,Malitlit,2025,Wet,5,11,208.9,25.95,87.21,0.5924246615228421,0.43608351764128256,-0.5394410960210749,-6.225071347127282,-12.67797826534931,4.5
City of Santa Rosa,Malitlit,2025,Wet,6,12,53.2,25.55,83.05,,,,,,4.5
City of Santa Rosa,Pooc,2021,Dry,1,1,108.6,25.1,81.75,0.24794816464032407,0.18061608392695971,-0.28858402310131576,-2.803915479951546,-10.649853956836687,5.13
City of Santa Rosa,Pooc,2021,Dry,2,2,91.9,25.17,80.92,0.2655149334692859,0.17918277827767085,-0.32048222818522015,-2.2298278162102094,-10.435217428426864,5.13
City of Santa Rosa,Pooc,2021,Dry,3,3,63.2,26.72,78.69,0.054625771939754486,0.11542869731783867,-0.0345825063996017,-2.926372890266028,-10.861362273167167,5.13
City of Santa Rosa,Pooc,2021,Dry,4,4,22.2,27.88,70.63,0.25354645772448353,0.21145591788697796,-0.2996623637699131,-2.929410772442184,-10.83320881459746,5.13
City of Santa Rosa,Pooc,2021,Dry,5,5,79.8,28.81,75.02,0.2169980499259743,0.16256054536507386,-0.2709412552571936,-3.0801984774904243,-10.956865075347853,5.13
City of Santa Rosa,Pooc,2021,Dry,6,6,231.7,27.93,81.25,0.2275550832871357,0.25967662631972416,-0.22498522125737697,-2.8010099759187677,-10.729983592321533,5.13
City of Santa Rosa,Pooc,2021,Wet,1,7,282.0,27.46,83.44,,,,-1.9424100870321561,-10.133469428853553,5.028
City of Santa Rosa,Pooc,2021,Wet,2,8,182.8,27.33,83.78,0.1488155421935436,0.11512651299954291,-0.18743034904201825,-3.5197087064108485,-10.560512953934738,5.028
City of Santa Rosa,Pooc,2021,Wet,3,9,360.0,26.94,86.7,0.2708545147388835,0.19351792455487327,-0.3151004041693388,-2.3412766278401542,-10.522705649386166,5.028
City of Santa Rosa,Pooc,2021,Wet,4,10,204.0,26.89,84.03,0.31250213024911416,0.22077911971146624,-0.34383109963830705,-3.581259174929753,-10.473984299306178,5.028
City of Santa Rosa,Pooc,2021,Wet,5,11,46.7,27.51,77.47,0.016348176635801792,0.04170243309012481,0.006902426381462387,-2.521561678280824,-10.659178490801354,5.028
City of Santa Rosa,Pooc,2021,Wet,6,12,80.0,25.93,76.43,0.2954136201934129,0.19306044281326804,-0.3489124166485701,-3.635469699528002,-10.394122363855278,5.028
City of Santa Rosa,Pooc,2022,Dry,1,1,33.1,25.92,72.65,0.1778743753696258,0.12097221503696938,-0.22653800641639377,-3.7093032784320594,-10.396403318853011,5.086
City of Santa Rosa,Pooc,2022,Dry,2,2,21.8,26.26,74.93,0.2505829502403681,0.16893239242707497,-0.29983134299519004,-3.5778446678667546,-10.325404792638814,5.086
City of Santa Rosa,Pooc,2022,Dry,3,3,24.7,27.74,72.74,0.24333469808751118,0.16975175501998324,-0.3033409169931301,-3.71727625688708,-10.43400308471091,5.086
City of Santa Rosa,Pooc,2022,Dry,4,4,59.5,27.63,74.3,0.4157595328729728,0.3862667158246041,-0.3889242375976053,-3.5771047924331216,-10.244257399349936,5.086
City of Santa Rosa,Pooc,2022,Dry,5,5,215.1,28.03,78.5,0.26076541645829904,0.19279516451960255,-0.3054163698724044,-3.0110396367736336,-9.94820569224179,5.086
City of Santa Rosa,Pooc,2022,Dry,6,6,265.8,27.65,81.8,,,,-3.0130311080071728,-9.986703882850732,5.086
City of Santa Rosa,Pooc,2022,Wet,1,7,299.2,27.04,86.57,0.2724199262873399,0.19520227651729607,-0.3173078632974225,-2.925349539856501,-9.77083688025558,4.625
City of Santa Rosa,Pooc,2022,Wet,2,8,369.6,26.56,87.31,0.26721654155066643,0.19727287751063974,-0.29722808413452195,-3.5344246911174633,-10.226430789108766,4.625
City of Santa Rosa,Pooc,2022,Wet,3,9,274.8,26.65,86.0,0.20171389871500764,0.1660286763548234,-0.2683475132622821,-2.9866859055903667,-9.811454326650178,4.625
City of Santa Rosa,Pooc,2022,Wet,4,10,438.8,27.01,83.49,,,,-2.634768086767921,-9.536569505849428,4.625
City of Santa Rosa,Pooc,2022,Wet,5,11,77.0,26.83,83.37,0.24971777593250882,0.15983140339633156,-0.2771052165876358,-2.445803185306301,-9.552139811539838,4.625
City of Santa Rosa,Pooc,2022,Wet,6,12,120.2,25.75,81.53,0.2819501625782281,0.19098865020529138,-0.3310527509656122,-3.5649309903898816,-10.218126964536685,4.625
City of Santa Rosa,Pooc,2023,Dry,1,1,106.7,25.15,80.29,0.27278010570234257,0.2234898465254874,-0.285967253010257,-3.625753565377994,-10.283124672984263,4.815
City of Santa Rosa,Pooc,2023,Dry,2,2,72.6,25.93,74.66,,,,-3.304979903599268,-10.146608379687187,4.815
City of Santa Rosa,Pooc,2023,Dry,3,3,7.5,26.7,68.63,0.23411803360808814,0.1726085833535513,-0.2925559809626599,-3.4885421227650246,-10.15389115393085,4.815
City of Santa Rosa,Pooc,2023,Dry,4,4,130.6,27.74,75.01,0.24709298913014943,0.18812639360369535,-0.2989511504473008,-3.4277654791141994,-10.140324743244221,4.815
City of Santa Rosa,Pooc,2023,Dry,5,5,118.9,28.55,76.79,0.2547475299694206,0.21009049812352104,-0.29641627307141993,-3.1141269013883317,-10.021530331079907,4.815
City of Santa Rosa,Pooc,2023,Dry,6,6,222.7,27.89,80.82,0.2817528547558711,0.19779973198933862,-0.337562075644775,-2.6708931396311524,-9.677745525141033,4.815
City of Santa Rosa,Pooc,2023,Wet,1,7,338.5,27.94,81.31,0.27058192414475474,0.28983824874304936,-0.31103667869096696,-2.637014062769436,-9.67288199360665,4.365
City of Santa Rosa,Pooc,2023,Wet,2,8,96.5,28.09,80.29,0.24080077023333107,0.23216595908209642,-0.25710976581743095,-2.9239705464330283,-9.92124691468917,4.365
City of Santa Rosa,Pooc,2023,Wet,3,9,344.9,27.63,83.28,0.2894712724251599,0.19439248437485435,-0.34229711970717774,-2.76314816367969,-9.73308311754975,4.365
City of Santa Rosa,Pooc,2023,Wet,4,10,169.9,27.55,81.88,0.15008850391293052,0.12087627119444079,-0.24177711073869199,-2.4179602076611184,-9.419028554498418,4.365
City of Santa Rosa,Pooc,2023,Wet,5,11,85.3,27.14,81.44,,,,-2.8102354581877442,-9.537686609032642,4.365
City of Santa Rosa,Pooc,2023,Wet,6,12,38.3,26.63,82.48,0.13421940688198541,0.08502864339585153,-0.3065947678091411,-2.8576673865386155,-9.761396812869593,4.365
City of Santa Rosa,Pooc,2024,Dry,1,1,6.8,25.53,79.17,-0.03700393345206976,-0.08004357852041721,0.029053475707769394,-3.3469246927668785,-9.964902919537035,4.769
City of Santa Rosa,Pooc,2024,Dry,2,2,10.2,25.84,79.08,0.2052969154567018,0.14980179191599674,-0.28386955610545755,-3.1972242772090187,-9.941778542276708,4.769
City of Santa Rosa,Pooc,2024,Dry,3,3,25.7,26.37,79.74,0.24472602752286204,0.16812122774599067,-0.2844311398886408,-3.240725694232015,-9.826729234524961,4.769
City of Santa Rosa,Pooc,2024,Dry,4,4,12.0,28.42,77.15,0.2194152411691183,0.1521269638929218,-0.297142040985971,-3.288846396663629,-10.119008259316283,4.769
City of Santa Rosa,Pooc,2024,Dry,5,5,252.1,28.97,78.57,,,,-3.3962518575934846,-10.074124374781576,4.769
City of Santa Rosa,Pooc,2024,Dry,6,6,337.7,28.37,81.73,0.2980757161390548,0.31979295952257764,-0.2899024065316112,-3.037535919752454,-9.69277341828792,4.769
City of Santa Rosa,Pooc,2024,Wet,1,7,445.0,27.43,83.7,,,,-2.056021725967749,-10.088437384965076,4.5
City of Santa Rosa,Pooc,2024,Wet,2,8,275.9,27.86,82.99,0.21600130863990946,0.19280997182652956,-0.24113344887950725,-2.648070398851265,-9.677764611257352,4.5
City of Santa Rosa,Pooc,2024,Wet,3,9,307.0,27.6,83.88,0.2747838436985337,0.1879285975636886,-0.3289446332501132,-2.948524472705186,-9.955348414350345,4.5
City of Santa Rosa,Pooc,2024,Wet,4,10,308.7,27.49,82.46,0.27162090916190657,0.19072569595200792,-0.327742115196064,-2.8990506624749655,-9.736915820879277,4.5
City of Santa Rosa,Pooc,2024,Wet,5,11,62.4,27.47,81.65,0.2213863595959309,0.14657930976311528,-0.2944983976361473,-3.3003654071036013,-10.109881519509454,4.5
City of Santa Rosa,Pooc,2024,Wet,6,12,189.7,26.18,84.76,0.22686663395505774,0.1838488899683272,-0.24728354778750442,-2.198092487705531,-9.130947388931865,4.5
City of Santa Rosa,Pooc,2025,Dry,1,1,51.9,25.58,82.79,,,,-2.9188482449235447,-9.82062640476033,4.5
City of Santa Rosa,Pooc,2025,Dry,2,2,89.6,25.66,82.35,0.2736984249732474,0.19847023367242042,-0.33069282832015684,-3.0676878155027403,-9.85067156074631,4.5
City of Santa Rosa,Pooc,2025,Dry,3,3,48.5,26.57,80.81,0.22753803663075287,0.17319804763187374,-0.2884601186818767,-2.972428543318238,-9.80820222958393,4.5
City of Santa Rosa,Pooc,2025,Dry,4,4,22.0,28.59,76.27,0.2514309989343785,0.20073846118498576,-0.28870082495575594,-2.9777007997377436,-11.216169902360853,4.5
City of Santa Rosa,Pooc,2025,Dry,5,5,167.5,28.55,78.18,0.2181104475917568,0.1602084918581468,-0.280082706562473,-2.867622082035717,-9.702983418185196,4.5
City of Santa Rosa,Pooc,2025,Dry,6,6,369.0,27.55,83.04,,,,-1.1143107246312765,-9.733703484041747,4.5
City of Santa Rosa,Pooc,2025,Wet,1,7,368.5,27.39,82.78,,,,-2.37545990632298,-10.091880793981964,4.25
City of Santa Rosa,Pooc,2025,Wet,2,8,323.2,27.29,81.91,0.2425927235117865,0.17183384149086076,-0.2940407954491258,-2.5645532742739663,-9.705441952506785,4.25
City of Santa Rosa,Pooc,2025,Wet,3,9,290.4,26.73,85.26,,,,-1.7837312018999998,-9.937421231465713,4.25
City of Santa Rosa,Pooc,2025,Wet,4,10,254.2,27.12,83.51,,,,-2.6744505528131173,-9.749009291453856,4.25
City of Santa Rosa,Pooc,2025,Wet,5,11,208.0,26.97,83.63,0.2755723044741519,0.16782654562324245,-0.3371785448227977,-2.0115065513871246,-9.999614572713249,4.25
City of Santa Rosa,Pooc,2025,Wet,6,12,69.9,26.31,81.87,,,,,,4.25
City of Santa Rosa,Pulong Santa Cruz,2021,Dry,1,1,132.8,24.65,82.81,0.36139906183599246,0.2841897298616899,-0.33853095551794543,-4.425242410580508,-13.06583359106311,4.933
City of Santa Rosa,Pulong Santa Cruz,2021,Dry,2,2,68.2,24.76,81.88,0.32673169633640825,0.2328249530832402,-0.3208120997562458,-3.6439233440284533,-12.643723959235997,4.933
City of Santa Rosa,Pulong Santa Cruz,2021,Dry,3,3,56.8,26.33,80.0,-0.009690527804195881,-0.06396454945206642,0.03476197458803654,-4.721837515049945,-13.387548063554107,4.933
City of Santa Rosa,Pulong Santa Cruz,2021,Dry,4,4,16.8,27.65,71.36,0.2060976198055095,0.13513469487809227,-0.2247316182542134,-4.57697644203873,-13.31868174212281,4.933
City of Santa Rosa,Pulong Santa Cruz,2021,Dry,5,5,80.9,28.73,75.01,0.22702575473555694,0.3260729991260909,-0.2534338635532374,-4.924943261005934,-13.641889912532323,4.933
City of Santa Rosa,Pulong Santa Cruz,2021,Dry,6,6,269.4,27.46,82.7,,,,-4.6439144974353725,-13.32558887602427,4.933
City of Santa Rosa,Pulong Santa Cruz,2021,Wet,1,7,273.5,26.94,85.3,0.42704166983292496,0.4079559459006542,-0.38000686488637403,-3.6173834594975998,-12.644735777975992,5.1
City of Santa Rosa,Pulong Santa Cruz,2021,Wet,2,8,250.0,26.91,85.03,0.37602855876601643,0.43932159307109037,-0.3269571080586856,-6.280487946266835,-12.481803941662424,5.1
City of Santa Rosa,Pulong Santa Cruz,2021,Wet,3,9,446.1,26.45,88.34,0.35919031368369936,0.25230194344335305,-0.3401442593005978,-4.564096889399734,-13.235036679896178,5.1
City of Santa Rosa,Pulong Santa Cruz,2021,Wet,4,10,234.3,26.31,86.36,0.35427963839211707,0.13883764570111565,-0.34493310546009837,-6.398193506029974,-12.49332827646743,5.1
City of Santa Rosa,Pulong Santa Cruz,2021,Wet,5,11,64.5,26.93,80.16,-0.005351577638922369,-0.0663608920705669,0.04096577502787113,-3.8369015516197735,-13.08685039786395,5.1
City of Santa Rosa,Pulong Santa Cruz,2021,Wet,6,12,78.5,25.55,77.37,0.34865056526199534,0.2522155054081275,-0.3394585512121047,-6.470498275253634,-12.509802997291397,5.1
City of Santa Rosa,Pulong Santa Cruz,2022,Dry,1,1,32.3,25.52,73.91,0.32974588225634976,0.2216780032665237,-0.26129526351993915,-6.580283628938644,-12.619319419653024,5.047
City of Santa Rosa,Pulong Santa Cruz,2022,Dry,2,2,28.8,26.04,75.32,0.2827320134629948,0.18528554500232614,-0.2850581497553666,-6.517127706425064,-12.507767239314584,5.047
City of Santa Rosa,Pulong Santa Cruz,2022,Dry,3,3,32.6,27.61,72.64,0.2787758701312739,0.1540705859971263,-0.2979546344866119,-6.535426661824112,-12.515699869819537,5.047
City of Santa Rosa,Pulong Santa Cruz,2022,Dry,4,4,64.0,27.42,74.63,0.2974543870894489,0.2480871745079762,-0.2840547364213165,-6.067526146296464,-12.23604153791893,5.047
City of Santa Rosa,Pulong Santa Cruz,2022,Dry,5,5,289.1,27.85,78.12,0.33082975308815527,0.28987124451582036,-0.3118661425494385,-5.583627269289791,-12.076479565532052,5.047
City of Santa Rosa,Pulong Santa Cruz,2022,Dry,6,6,324.6,27.24,82.54,,,,-5.659984410232458,-12.10684312474701,5.047
City of Santa Rosa,Pulong Santa Cruz,2022,Wet,1,7,376.5,26.6,87.33,0.3598360579625911,0.3348194397356843,-0.3427115549706553,-5.356159762950991,-11.747792188046189,4.85
City of Santa Rosa,Pulong Santa Cruz,2022,Wet,2,8,528.4,26.05,88.39,0.42258596338922333,0.3744034146326518,-0.3598650190475872,-6.181806087731323,-12.32837273147709,4.85
City of Santa Rosa,Pulong Santa Cruz,2022,Wet,3,9,357.0,26.15,87.11,0.3569913280110584,0.24239449373867522,-0.3347744700006579,-5.4863071894895254,-11.733282103303333,4.85
City of Santa Rosa,Pulong Santa Cruz,2022,Wet,4,10,485.2,26.4,85.97,0.4638778922201212,0.4350652536397001,-0.4026910065648431,-5.2571221774255985,-11.58776099431406,4.85
City of Santa Rosa,Pulong Santa Cruz,2022,Wet,5,11,113.6,26.3,85.33,0.3280441188812256,0.28973907113075253,-0.27905269086360934,-4.790110877818798,-11.433626104400508,4.85
City of Santa Rosa,Pulong Santa Cruz,2022,Wet,6,12,99.8,25.32,82.81,0.3480957911772685,0.22962552942774297,-0.3385826853081591,-6.323052695076655,-12.439920319803788,4.85
City of Santa Rosa,Pulong Santa Cruz,2023,Dry,1,1,114.5,24.79,81.23,0.36288757733856514,0.2585260153751515,-0.34922305695024974,-6.457654218178569,-12.51187417636409,4.75
City of Santa Rosa,Pulong Santa Cruz,2023,Dry,2,2,70.9,25.6,75.21,0.21026881354393948,0.1784986726654976,-0.198876486101283,-6.187707849855593,-12.232740984308803,4.75
City of Santa Rosa,Pulong Santa Cruz,2023,Dry,3,3,11.6,26.46,69.12,0.25042738670771153,0.17822060329920014,-0.276539414348775,-6.398954198901183,-12.424371876827017,4.75
City of Santa Rosa,Pulong Santa Cruz,2023,Dry,4,4,134.2,27.51,75.06,0.2873097275735718,0.23186874096722865,-0.2954417989149,-6.094459582370813,-12.26714348938705,4.75
City of Santa Rosa,Pulong Santa Cruz,2023,Dry,5,5,127.0,28.3,76.99,0.2929400352148811,0.29988635927752055,-0.26783234126276523,-5.898948364088477,-12.182903180490886,4.75
City of Santa Rosa,Pulong Santa Cruz,2023,Dry,6,6,284.7,27.39,82.66,0.4222590864082528,0.3760869539556973,-0.37797807526392324,-5.606586970500415,-11.859448675164598,4.75
City of Santa Rosa,Pulong Santa Cruz,2023,Wet,1,7,314.1,27.34,83.05,0.3006373631547184,0.23989869394187815,-0.2804877105279966,-4.964225981571775,-11.470807301704987,4.5
City of Santa Rosa,Pulong Santa Cruz,2023,Wet,2,8,77.0,27.73,79.25,,,,-5.307415784879182,-11.863873593697656,4.5
City of Santa Rosa,Pulong Santa Cruz,2023,Wet,3,9,294.1,26.96,85.85,0.36473921653352004,0.23623144917735106,-0.3349673951114513,-5.117174461601732,-11.618838436102484,4.5
City of Santa Rosa,Pulong Santa Cruz,2023,Wet,4,10,148.2,27.0,82.98,0.3662401723776578,0.3586254430329232,-0.31694292731835827,-4.664486480638221,-11.270504434879658,4.5
City of Santa Rosa,Pulong Santa Cruz,2023,Wet,5,11,85.2,27.1,78.81,0.2480745575577022,0.1910435974262655,-0.21690459184348596,-5.2968412207106885,-11.485331583650375,4.5
City of Santa Rosa,Pulong Santa Cruz,2023,Wet,6,12,37.5,26.71,78.92,,,,-5.3492790813706685,-11.685454509334493,4.5
City of Santa Rosa,Pulong Santa Cruz,2024,Dry,1,1,10.6,25.82,73.39,0.2821300895987558,0.08416400817041472,-0.2800524014086052,-6.09036505178434,-11.92478410714453,4.665
City of Santa Rosa,Pulong Santa Cruz,2024,Dry,2,2,10.1,26.22,72.95,0.25373179809413327,0.22261134753743747,-0.28445458315262906,-6.067153799825567,-12.098116340460225,4.665
City of Santa Rosa,Pulong Santa Cruz,2024,Dry,3,3,24.1,26.86,73.04,-0.05048491212372215,-0.14586106683008188,0.0741815409109665,-6.088939635879821,-11.744397758226343,4.665
City of Santa Rosa,Pulong Santa Cruz,2024,Dry,4,4,11.8,29.14,69.37,0.2099125266970858,0.09576684370573474,-0.26312808376389496,-6.260916270012638,-12.358814380574717,4.665
City of Santa Rosa,Pulong Santa Cruz,2024,Dry,5,5,225.4,29.3,74.17,,,,-6.107000779448593,-12.10615235358297,4.665
City of Santa Rosa,Pulong Santa Cruz,2024,Dry,6,6,348.6,27.71,85.13,,,,-5.481030832025829,-11.45017471934416,4.665
City of Santa Rosa,Pulong Santa Cruz,2024,Wet,1,7,474.7,26.65,87.47,,,,-3.8900903224032635,-12.767499060703905,3.125
City of Santa Rosa,Pulong Santa Cruz,2024,Wet,2,8,239.8,27.08,85.91,0.319489110154908,0.33972974119981525,-0.29381960002174246,-4.5957217648694755,-11.09779909417328,3.125
City of Santa Rosa,Pulong Santa Cruz,2024,Wet,3,9,290.4,26.83,86.58,0.32198836005999876,0.2507763206175799,-0.30547271621457106,-5.5380072236328255,-11.842416519051945,3.125
City of Santa Rosa,Pulong Santa Cruz,2024,Wet,4,10,349.0,26.68,85.77,0.3452331370433154,0.2576167793940077,-0.32925185855717953,-4.726071511567994,-11.211076980630994,3.125
City of Santa Rosa,Pulong Santa Cruz,2024,Wet,5,11,80.8,27.33,79.66,0.4568787595103941,0.3459261046048584,-0.4206805679580385,-5.835110426510282,-11.998571905615474,3.125
City of Santa Rosa,Pulong Santa Cruz,2024,Wet,6,12,171.3,25.77,85.29,0.34540473522534665,0.2923595094746992,-0.3205387551112796,-4.726075314213375,-10.988811242838151,3.125
City of Santa Rosa,Pulong Santa Cruz,2025,Wet,1,7,370.6,26.62,85.08,,,,-3.973635731197479,-12.711214543475792,4.2
City of Santa Rosa,Pulong Santa Cruz,2025,Wet,2,8,295.5,26.61,83.89,0.299510302744212,-0.07030823554781458,-0.2832866713013328,-5.11413880097806,-11.592631787234602,4.2
City of Santa Rosa,Pulong Santa Cruz,2025,Wet,3,9,341.4,25.92,88.9,,,,-2.848613246665745,-12.17842474214382,4.2
City of Santa Rosa,Pulong Santa Cruz,2025,Wet,4,10,238.1,26.44,86.65,,,,-5.152610118869201,-11.614208530397775,4.2
City of Santa Rosa,Pulong Santa Cruz,2025,Wet,5,11,219.9,26.5,84.46,0.3256954954187305,0.2462692931323898,-0.30303036391055027,-3.6150745671767117,-12.5923155660685,4.2
City of Santa Rosa,Pulong Santa Cruz,2025,Wet,6,12,64.5,26.24,79.33,,,,,,4.2
City of Santa Rosa,Sinalhan,2021,Dry,1,1,108.6,25.1,81.75,0.41906707245198693,0.30819522342712946,-0.40272947108207396,-6.03437765064466,-13.213758944098128,5.615
City of Santa Rosa,Sinalhan,2021,Dry,2,2,91.9,25.17,80.92,0.4461414979617983,0.33120393478279103,-0.442454225892413,-5.664797404173271,-12.802989676567003,5.615
City of Santa Rosa,Sinalhan,2021,Dry,3,3,63.2,26.72,78.69,0.03949730843305588,0.03260829299688339,-0.16881150007247925,-6.3077510949569335,-13.596537458559958,5.615
City of Santa Rosa,Sinalhan,2021,Dry,4,4,22.2,27.88,70.63,0.3631445097240899,0.35259780190089707,-0.3692502356095998,-6.107022445858803,-13.274250135120624,5.615
City of Santa Rosa,Sinalhan,2021,Dry,5,5,79.8,28.81,75.02,0.37558056268879275,0.2975289623783894,-0.39076894320405586,-6.4223539079481,-13.431336630887769,5.615
City of Santa Rosa,Sinalhan,2021,Dry,6,6,231.7,27.93,81.25,0.36160453371339907,0.40344428344586547,-0.3130356532604238,-6.092129835500512,-12.970341689625283,5.615
City of Santa Rosa,Sinalhan,2021,Wet,1,7,282.0,27.46,83.44,,,,-4.71813816100625,-11.948724503593764,5.295
City of Santa Rosa,Sinalhan,2021,Wet,2,8,182.8,27.33,83.78,0.3870946934501494,0.37376594839823507,-0.35168371674744003,-6.304333412973115,-11.968351873172626,5.295
City of Santa Rosa,Sinalhan,2021,Wet,3,9,360.0,26.94,86.7,0.4618712930514039,0.34211105512634754,-0.4454549503384209,-5.467954840170343,-12.464553527822028,5.295
City of Santa Rosa,Sinalhan,2021,Wet,4,10,204.0,26.89,84.03,0.4254853686584149,0.2980927501494661,-0.43256190250184046,-6.323676724847692,-12.071648385249006,5.295
City of Santa Rosa,Sinalhan,2021,Wet,5,11,46.7,27.51,77.47,,,,-5.680525086661686,-12.74147402455384,5.295
City of Santa Rosa,Sinalhan,2021,Wet,6,12,80.0,25.93,76.43,0.42994941627317157,0.3051312435653967,-0.42877700672943225,-6.500927839975761,-12.105347090897206,5.295
City of Santa Rosa,Sinalhan,2022,Dry,1,1,33.1,25.92,72.65,0.28414265449771603,0.19154330623023474,-0.276528302833638,-6.832820564953694,-12.478138898298461,5.112
City of Santa Rosa,Sinalhan,2022,Dry,2,2,21.8,26.26,74.93,0.38399456561122336,0.293901431451948,-0.3941016663848158,-6.6760665547197915,-12.265302739923724,5.112
City of Santa Rosa,Sinalhan,2022,Dry,3,3,24.7,27.74,72.74,0.40007223337169734,0.3156614916199845,-0.42314863061310826,-6.783282857022785,-12.308674606890781,5.112
City of Santa Rosa,Sinalhan,2022,Dry,4,4,59.5,27.63,74.3,,,,-6.470023693236909,-12.010758614602558,5.112
City of Santa Rosa,Sinalhan,2022,Dry,5,5,215.1,28.03,78.5,0.4683495026764371,0.3775719887306325,-0.45363696849126917,-5.782738635734129,-11.56629115746936,5.112
City of Santa Rosa,Sinalhan,2022,Dry,6,6,265.8,27.65,81.8,,,,-5.699162996507764,-11.3551328858931,5.112
City of Santa Rosa,Sinalhan,2022,Wet,1,7,299.2,27.04,86.57,0.49429401051927113,0.39611318701260567,-0.47579339883655225,-5.732524640030289,-11.37514733693259,5.2
City of Santa Rosa,Sinalhan,2022,Wet,2,8,369.6,26.56,87.31,0.42477220350760414,0.33060931980500097,-0.40849715138645093,-6.104979086347396,-11.673149976496859,5.2
City of Santa Rosa,Sinalhan,2022,Wet,3,9,274.8,26.65,86.0,0.27353801892360086,0.3171380418005311,-0.26486188189063137,-5.571708055028967,-11.214169819566298,5.2
City of Santa Rosa,Sinalhan,2022,Wet,4,10,438.8,27.01,83.49,0.4507127151793152,0.4019507498169939,-0.42393568174881646,-5.133437809883484,-10.929827357441575,5.2
City of Santa Rosa,Sinalhan,2022,Wet,5,11,77.0,26.83,83.37,0.3598812810677333,0.29218603910130975,-0.3487811964740388,-5.093294543970422,-10.94651302415921,5.2
City of Santa Rosa,Sinalhan,2022,Wet,6,12,120.2,25.75,81.53,0.40692935691818677,0.3042270656986607,-0.4056111339839572,-6.287472519140412,-12.026905974673753,5.2
City of Santa Rosa,Sinalhan,2023,Dry,1,1,106.7,25.15,80.29,0.33093254071628236,0.2352122275239051,-0.3547280043861346,-6.665693949652684,-12.214531524811752,5.1
City of Santa Rosa,Sinalhan,2023,Dry,2,2,72.6,25.93,74.66,0.32301259131525834,0.2467199040341101,-0.32060009326411415,-6.7360346484638445,-12.163877722954304,5.1
City of Santa Rosa,Sinalhan,2023,Dry,3,3,7.5,26.7,68.63,0.37098666284614423,0.2984941055194077,-0.3911466061908747,-6.774137172055006,-12.381898062128295,5.1
City of Santa Rosa,Sinalhan,2023,Dry,4,4,130.6,27.74,75.01,0.4050055604431439,0.3381346140170699,-0.40191422547007766,-6.59969541501569,-12.149527356731106,5.1
City of Santa Rosa,Sinalhan,2023,Dry,5,5,118.9,28.55,76.79,0.4166110681262936,0.358686938422142,-0.409726310475422,-6.401364570536479,-12.058602190677142,5.1
City of Santa Rosa,Sinalhan,2023,Dry,6,6,222.7,27.89,80.82,0.511671951550942,0.4136762660091306,-0.49868870276446453,-5.500118483784484,-11.104620195987708,5.1
City of Santa Rosa,Sinalhan,2023,Wet,1,7,338.5,27.94,81.31,0.4707187055327366,0.38692977132535905,-0.4469803139814693,-5.41931502310364,-11.272416210458672,4.8
City of Santa Rosa,Sinalhan,2023,Wet,2,8,96.5,28.09,80.29,0.39935366233441844,0.3631534562876356,-0.36940910457580584,-5.708240050652803,-11.417811823007002,4.8
City of Santa Rosa,Sinalhan,2023,Wet,3,9,344.9,27.63,83.28,0.45024636910425025,0.3371569176480692,-0.44006945926650576,-5.5977144621606545,-11.318568934081537,4.8
City of Santa Rosa,Sinalhan,2023,Wet,4,10,169.9,27.55,81.88,,,,-5.210982145853355,-11.013377470223293,4.8
City of Santa Rosa,Sinalhan,2023,Wet,5,11,85.3,27.14,81.44,0.18131136315919102,0.14842745363712312,-0.14871824784647844,-5.574423922988358,-11.304577577080275,4.8
City of Santa Rosa,Sinalhan,2023,Wet,6,12,38.3,26.63,82.48,0.43438519047737495,0.3294483440150938,-0.43770320109534705,-5.73552353074013,-11.564092008439543,4.8
City of Santa Rosa,Sinalhan,2024,Dry,1,1,6.8,25.53,79.17,0.07606545835733414,0.1335901916027069,-0.11558538675308228,-6.083731062671237,-11.821208974459289,4.5
City of Santa Rosa,Sinalhan,2024,Dry,2,2,10.2,25.84,79.08,0.4239486726141653,0.32004648357638804,-0.4487651587718052,-6.1313554141748465,-11.930993126130103,4.5
City of Santa Rosa,Sinalhan,2024,Dry,3,3,25.7,26.37,79.74,0.36224284394346057,0.27906227994206734,-0.3788169324923814,-6.191923087151237,-11.604316499059948,4.5
City of Santa Rosa,Sinalhan,2024,Dry,4,4,12.0,28.42,77.15,0.4085105304783121,0.32400849676263804,-0.4405707485598713,-6.202028300347738,-11.989467539919334,4.5
City of Santa Rosa,Sinalhan,2024,Dry,5,5,252.1,28.97,78.57,,,,-5.971839476298713,-11.522245986127768,4.5
City of Santa Rosa,Sinalhan,2024,Dry,6,6,337.7,28.37,81.73,0.2557086328415256,0.26792144907704746,-0.26623339280124436,-5.512450358694767,-11.044986962491494,4.5
City of Santa Rosa,Tagapo,2021,Dry,1,1,108.6,25.1,81.75,0.40096182325783236,0.29912015953261484,-0.38870328040707536,-4.685906282193007,-12.159895175188481,5.377
City of Santa Rosa,Tagapo,2021,Dry,2,2,91.9,25.17,80.92,0.4058473904559541,0.28638009752049903,-0.4071947953066331,-3.9499729982619844,-11.849904863510671,5.377
City of Santa Rosa,Tagapo,2021,Dry,3,3,63.2,26.72,78.69,0.00028064154850488375,-0.011174421503462574,0.010015955374745481,-5.0403415519531665,-12.571454560656015,5.377
City of Santa Rosa,Tagapo,2021,Dry,4,4,22.2,27.88,70.63,0.3673705955741904,0.3429257307433176,-0.36587258542227474,-4.98679296169892,-12.509760292501293,5.377
City of Santa Rosa,Tagapo,2021,Dry,5,5,79.8,28.81,75.02,0.3379792964737165,0.2665035045516551,-0.35539346261215904,-5.092457269230628,-12.65347464160439,5.377
City of Santa Rosa,Tagapo,2021,Dry,6,6,231.7,27.93,81.25,0.2791881156295593,0.3344244449284209,-0.2514969671893509,-4.787832064020799,-12.424436609848266,5.377
City of Santa Rosa,Tagapo,2021,Wet,1,7,282.0,27.46,83.44,,,,-3.6718216507536905,-11.565489436629315,5.142
City of Santa Rosa,Tagapo,2021,Wet,2,8,182.8,27.33,83.78,0.30158309270469547,0.291691850460895,-0.30666773308892675,-5.716006509513789,-11.14530753096309,5.142
City of Santa Rosa,Tagapo,2021,Wet,3,9,360.0,26.94,86.7,0.421153883916641,0.31088663152429113,-0.40938764993536225,-4.192465346504543,-11.881627643530004,5.142
City of Santa Rosa,Tagapo,2021,Wet,4,10,204.0,26.89,84.03,0.4210585515746906,0.29705586457764926,-0.4169043837589931,-5.896183043483088,-11.217317218336833,5.142
City of Santa Rosa,Tagapo,2021,Wet,5,11,46.7,27.51,77.47,-0.018985967716258587,-0.05955686963473757,0.03403599572960625,-4.602776360375378,-12.3314340887504,5.142
City of Santa Rosa,Tagapo,2021,Wet,6,12,80.0,25.93,76.43,0.4078520812478513,0.2798921128817563,-0.40795186047078996,-5.915248283761224,-11.254392008961421,5.142
City of Santa Rosa,Tagapo,2022,Dry,1,1,33.1,25.92,72.65,0.3084065210943739,0.23449299503200186,-0.3005784547143665,-6.03037974610981,-11.342870112365157,5.155
City of Santa Rosa,Tagapo,2022,Dry,2,2,21.8,26.26,74.93,0.38956344299951795,0.29260880968343295,-0.385321030950461,-5.9010233825538,-11.067433340720443,5.155
City of Santa Rosa,Tagapo,2022,Dry,3,3,24.7,27.74,72.74,0.37661006908540995,0.5583720724967429,-0.3873246144448162,-6.01315559327395,-11.247780951898623,5.155
City of Santa Rosa,Tagapo,2022,Dry,4,4,59.5,27.63,74.3,,,,-5.909555804243172,-11.2272885378567,5.155
City of Santa Rosa,Tagapo,2022,Dry,5,5,215.1,28.03,78.5,0.4100843334052177,0.31130396777741487,-0.39635776144319224,-5.1977473692973195,-10.739385946369461,5.155
City of Santa Rosa,Tagapo,2022,Dry,6,6,265.8,27.65,81.8,,,,-5.14643645078656,-10.743886214431006,5.155
City of Santa Rosa,Tagapo,2022,Wet,1,7,299.2,27.04,86.57,0.4360857629521688,0.30036879194858773,-0.4236161916603699,-5.156924358561458,-10.533478998440213,4.835
City of Santa Rosa,Tagapo,2022,Wet,2,8,369.6,26.56,87.31,0.39838005387850123,0.3042465160213309,-0.38004353485874404,-5.693425469443783,-10.928811613143145,4.835
City of Santa Rosa,Tagapo,2022,Wet,3,9,274.8,26.65,86.0,0.3254226714582142,0.29969137868901186,-0.3129947848764288,-4.924278071885136,-10.440148254878427,4.835
City of Santa Rosa,Tagapo,2022,Wet,4,10,438.8,27.01,83.49,0.31238439186894545,0.26630940129980435,-0.28295017051328203,-4.7898645816979695,-10.343227371479657,4.835
City of Santa Rosa,Tagapo,2022,Wet,5,11,77.0,26.83,83.37,0.4020407935303654,0.2981906104861499,-0.38548275773644336,-4.33282591679244,-10.031491869567041,4.835
City of Santa Rosa,Tagapo,2022,Wet,6,12,120.2,25.75,81.53,0.41870632713063105,0.2984629040289179,-0.41133914987509246,-5.668991411603379,-10.886702676145017,4.835
City of Santa Rosa,Tagapo,2023,Dry,1,1,106.7,25.15,80.29,0.49343812622014444,0.3539642233008469,-0.44364576581582854,-5.788944196557097,-10.991616710775265,4.706
City of Santa Rosa,Tagapo,2023,Dry,2,2,72.6,25.93,74.66,0.29462364614227526,0.21713105027810228,-0.28095372323423473,-5.7376063421772105,-10.984331771998503,4.706
City of Santa Rosa,Tagapo,2023,Dry,3,3,7.5,26.7,68.63,0.35061815002946156,0.2701986753902512,-0.36866648699288873,-5.969229506952744,-11.139807566861393,4.706
City of Santa Rosa,Tagapo,2023,Dry,4,4,130.6,27.74,75.01,0.37437643438342366,0.2954955309050046,-0.3768113010437317,-5.87504502149995,-11.123775032035708,4.706
City of Santa Rosa,Tagapo,2023,Dry,5,5,118.9,28.55,76.79,0.404098928839363,0.34858250573205124,-0.3863668921717971,-5.7170940035669044,-11.153369990812902,4.706
City of Santa Rosa,Tagapo,2023,Dry,6,6,222.7,27.89,80.82,0.45137022966095486,0.3108247285604628,-0.4396731685313347,-4.8776598602300165,-10.410031870198726,4.706
City of Santa Rosa,Tagapo,2023,Wet,1,7,338.5,27.94,81.31,0.41850585114263583,0.2939083113565236,-0.4012277179296723,-4.812000126276396,-10.388777324539364,4.732
City of Santa Rosa,Tagapo,2023,Wet,2,8,96.5,28.09,80.29,0.3073590106147425,0.2807379078054064,-0.3132171672941002,-4.993037532500738,-10.398883092447301,4.732
City of Santa Rosa,Tagapo,2023,Wet,3,9,344.9,27.63,83.28,0.42417994648387636,0.3276073558003154,-0.41599129199797585,-4.916328343671545,-10.41745087861517,4.732
City of Santa Rosa,Tagapo,2023,Wet,4,10,169.9,27.55,81.88,0.7030483664468277,0.6362459430860918,-0.5733648933643517,-4.517782701406744,-10.193271511252679,4.732
City of Santa Rosa,Tagapo,2023,Wet,5,11,85.3,27.14,81.44,0.36942596169373804,0.3071519190587391,-0.3191949386958102,-5.006230901811803,-10.431936409757133,4.732
City of Santa Rosa,Tagapo,2023,Wet,6,12,38.3,26.63,82.48,0.4284826869741732,0.30280628363705225,-0.4301237098054852,-4.990375039194547,-10.441040131680657,4.732
City of Santa Rosa,Tagapo,2024,Dry,1,1,6.8,25.53,79.17,-0.019755321334944006,-0.04286620222652953,0.028042750161451604,-5.615309069581572,-10.842272344739486,5.078
City of Santa Rosa,Tagapo,2024,Dry,2,2,10.2,25.84,79.08,0.3807575682065749,0.2758115122589728,-0.4064333149453659,-5.705018428744263,-10.96349517975441,5.078
City of Santa Rosa,Tagapo,2024,Dry,3,3,25.7,26.37,79.74,0.3318468968709187,0.2547699215726583,-0.34554775751600475,-5.79076969254097,-10.876776960114176,5.078
City of Santa Rosa,Tagapo,2024,Dry,4,4,12.0,28.42,77.15,0.3489362313223141,0.2423788275018077,-0.3816079892721816,-5.935642362306267,-11.277939532204977,5.078
City of Santa Rosa,Tagapo,2024,Dry,5,5,252.1,28.97,78.57,,,,-5.853180300016091,-10.94211109817949,5.078
City of Santa Rosa,Tagapo,2024,Dry,6,6,337.7,28.37,81.73,0.45322216488420963,0.39083622221369296,-0.4191497168503702,-5.274827427274969,-10.444412587334966,5.078
City of Santa Rosa,Tagapo,2024,Wet,1,7,445.0,27.43,83.7,,,,-3.938558354079878,-11.61650999074264,4.012
City of Santa Rosa,Tagapo,2024,Wet,2,8,275.9,27.86,82.99,0.3672264301519907,0.3441228442366886,-0.350293426464821,-4.621216415020969,-10.10333887772815,4.012
City of Santa Rosa,Tagapo,2024,Wet,3,9,307.0,27.6,83.88,0.42874172734725124,0.305977469371883,-0.41791774284808303,-5.185795205309846,-10.650423625586056,4.012
City of Santa Rosa,Tagapo,2024,Wet,4,10,308.7,27.49,82.46,0.42068744807821873,0.2891813121611592,-0.41394608209921907,-5.0881809142819145,-10.347717224587832,4.012
City of Santa Rosa,Tagapo,2024,Wet,5,11,62.4,27.47,81.65,0.38949502754583937,0.2671613377382822,-0.4018094294891597,-5.641343800166285,-10.851680300631555,4.012
City of Santa Rosa,Tagapo,2024,Wet,6,12,189.7,26.18,84.76,0.37861776207404707,0.2833647812272661,-0.37494964345293946,-4.456403474621205,-9.954090505857987,4.012
City of Santa Rosa,Tagapo,2025,Dry,1,1,51.9,25.58,82.79,0.6168330329334871,0.46607497748791815,-0.5332529435323712,-5.2008076205314495,-10.644434005451897,4.69
City of Santa Rosa,Tagapo,2025,Dry,2,2,89.6,25.66,82.35,0.40010003234394953,0.3119022166200199,-0.3953793762471361,-5.584934983456004,-10.792966793358303,4.69
City of Santa Rosa,Tagapo,2025,Dry,3,3,48.5,26.57,80.81,0.37725135239066565,0.3040911049788642,-0.38800077296649954,-5.5747654194072,-10.859458317546585,4.69
City of Santa Rosa,Tagapo,2025,Dry,4,4,22.0,28.59,76.27,0.3387644848084428,0.2759681824456072,-0.3580147023018954,-5.157422249003279,-12.997257099500615,4.69
City of Santa Rosa,Tagapo,2025,Dry,5,5,167.5,28.55,78.18,0.35318658930327684,0.30781041725556135,-0.3655803035171071,-5.3078646551951,-10.554175788786429,4.69
City of Santa Rosa,Tagapo,2025,Dry,6,6,369.0,27.55,83.04,,,,-2.933555877197048,-11.268579822437196,4.69
City of Santa Rosa,Tagapo,2025,Wet,1,7,368.5,27.39,82.78,,,,-3.983174462896756,-11.640626050784617,4.62
City of Santa Rosa,Tagapo,2025,Wet,2,8,323.2,27.29,81.91,0.3359480196850974,0.2299265976853607,-0.35702265798995986,-4.898522087810102,-10.486481469762369,4.62
City of Santa Rosa,Tagapo,2025,Wet,3,9,290.4,26.73,85.26,,,,-3.4561329665855793,-11.374756533468835,4.62
City of Santa Rosa,Tagapo,2025,Wet,4,10,254.2,27.12,83.51,,,,-5.025121654687396,-10.540792754793285,4.62
City of Santa Rosa,Tagapo,2025,Wet,5,11,208.0,26.97,83.63,0.41996159867189703,0.27964921437461004,-0.4163128902145281,-3.886300131149709,-11.584535887514335,4.62
City of Santa Rosa,Tagapo,2025,Wet,6,12,69.9,26.31,81.87,,,,,,4.62
City of Cabuyao,Baclaran,2021,Dry,1,1,108.6,25.44,81.79,0.5147512294948631,0.4382949484548669,-0.4553348143217136,-5.518135007561886,-14.463401229002212,4.84
City of Cabuyao,Baclaran,2021,Dry,2,2,91.9,25.52,80.96,0.5284346933847086,0.36167659459786466,-0.5059539483849452,-4.94152302849591,-13.584012076884916,4.84
City of Cabuyao,Baclaran,2021,Dry,3,3,63.2,27.1,78.74,0.010592116974294186,0.014771406538784504,-0.0286320261657238,-6.129109893098422,-14.387920008270047,4.84
City of Cabuyao,Baclaran,2021,Dry,4,4,22.2,28.25,70.7,0.5781049281358719,0.5134047617514927,-0.48403988778591156,-5.790105858472471,-14.05631740537689,4.84
City of Cabuyao,Baclaran,2021,Dry,5,5,79.8,29.16,75.08,0.3922812436090235,0.3135991909309367,-0.4182231014126703,-6.251461610154044,-14.451055665135533,4.84
City of Cabuyao,Baclaran,2021,Dry,6,6,231.7,28.28,81.31,0.40732340274136497,0.38418194000175687,-0.3528639272632445,-5.148775601144812,-13.722776373408552,4.84
City of Cabuyao,Banaybanay,2021,Dry,1,1,113.8,24.88,85.5,0.44543774249113877,0.41297476099836744,-0.3872918093478994,-5.022330784909774,-13.905433055126124,4.92
City of Cabuyao,Banaybanay,2021,Dry,2,2,76.6,24.99,84.67,0.4390358703112335,0.30761918680695927,-0.4383931776949174,-4.210932363254597,-13.092363640220189,4.92
City of Cabuyao,Banaybanay,2021,Dry,3,3,76.3,26.48,83.51,-0.0016775805612697322,0.005976762119269767,0.011076562661294117,-5.516080558064305,-14.543317830964854,4.92
City of Cabuyao,Banaybanay,2021,Dry,4,4,16.6,27.79,74.45,0.39507903262487426,0.3257097468006117,-0.38426463090423313,-5.6249764002118,-14.663779895591327,4.92
City of Cabuyao,Banaybanay,2021,Dry,5,5,106.8,28.92,78.11,0.3260417892831037,0.23437114781871515,-0.35988177183593506,-5.975086359708133,-14.960068608980112,4.92
City of Cabuyao,Banaybanay,2021,Dry,6,6,261.1,27.95,83.39,0.3978799627370337,0.5166814155194653,-0.3236445938295582,-4.790769175735128,-13.845137745412488,4.92
City of Cabuyao,Bigaa,2021,Dry,1,1,108.6,25.1,81.75,0.41646414476642263,0.3487077788449822,-0.37634964047743363,-6.3160372549059,-13.700273324408496,4.73
City of Cabuyao,Bigaa,2021,Dry,2,2,91.9,25.17,80.92,0.5574269292841814,0.3968239941263111,-0.5168745571981307,-5.925819219963482,-13.08123397140825,4.73
City of Cabuyao,Bigaa,2021,Dry,3,3,63.2,26.72,78.69,,,,-6.702811115596887,-13.928364015771209,4.73
City of Cabuyao,Bigaa,2021,Dry,4,4,22.2,27.88,70.63,0.4223729976604898,0.3872119887299575,-0.42256896575560815,-6.6108403865642416,-13.674188654693994,4.73
City of Cabuyao,Bigaa,2021,Dry,5,5,79.8,28.81,75.02,0.4354757651214675,0.33068470303329817,-0.4423767935503702,-6.81923287247302,-13.9213969473104,4.73
City of Cabuyao,Bigaa,2021,Dry,6,6,231.7,27.93,81.25,0.4804139464217306,0.5455756220317488,-0.3973104591614276,-6.0141611942844575,-13.313026948436546,4.73
City of Cabuyao,Butong,2021,Dry,1,1,108.6,25.1,81.75,0.37962408211312304,0.31498271868184835,-0.3165092534431209,-6.308007130812162,-13.296255673287009,5.6
City of Cabuyao,Butong,2021,Dry,2,2,91.9,25.17,80.92,0.5071060627889995,0.3633929328593447,-0.48514360128324946,-6.176771232766474,-12.806782686665464,5.6
City of Cabuyao,Butong,2021,Dry,3,3,63.2,26.72,78.69,-0.01918976567685604,-0.02462669089436531,0.010296603664755821,-6.646672377150177,-13.414792290459046,5.6
City of Cabuyao,Butong,2021,Dry,4,4,22.2,27.88,70.63,0.3711568961135894,0.33986933361643734,-0.37631443243188833,-6.6423210474416985,-13.22777463867824,5.6
City of Cabuyao,Butong,2021,Dry,5,5,79.8,28.81,75.02,0.39512335446070934,0.3089918602750016,-0.420082554566861,-6.883596183104174,-13.348743210218776,5.6
City of Cabuyao,Butong,2021,Dry,6,6,231.7,27.93,81.25,0.44507357145129867,0.4735021331897208,-0.3681757851281642,-6.204493569755885,-12.97904042582417,5.6
City of Cabuyao,Gulod,2021,Dry,1,1,108.6,25.44,81.79,0.49120535441567614,0.42076329453073,-0.4102718749184866,-6.993077091989872,-14.510380616376628,4.94
City of Cabuyao,Gulod,2021,Dry,2,2,91.9,25.52,80.96,0.5732896637610628,0.4450710888977098,-0.5195448967325305,-6.389700187186595,-13.470444269192512,4.94
City of Cabuyao,Gulod,2021,Dry,3,3,63.2,27.1,78.74,0.06379085034132004,0.2031640261411667,-0.011434253305196762,-7.521961353223213,-14.789433484142203,4.94
City of Cabuyao,Gulod,2021,Dry,4,4,22.2,28.26,70.7,0.4808540637772166,0.5087392676335183,-0.4408315095404773,-7.446476765522396,-14.472291839641516,4.94
City of Cabuyao,Gulod,2021,Dry,5,5,79.8,29.17,75.08,0.3687024160172902,0.2906441136991792,-0.4005603846267843,-8.06050826800027,-15.312579665860518,4.94
City of Cabuyao,Gulod,2021,Dry,6,6,231.7,28.29,81.32,0.3318891218633396,0.30353889454972643,-0.254965124529372,-7.570132423420439,-15.489517584018246,4.94
City of Cabuyao,Mamatid,2021,Dry,1,1,113.8,24.96,85.5,0.3696618992885707,0.2920115419921144,-0.3729369900629012,-3.6399815348464837,-12.27753243012667,4.73
City of Cabuyao,Mamatid,2021,Dry,2,2,76.6,25.07,84.67,0.4226775567746609,0.29489740266453063,-0.4474905947327398,-3.031695776466332,-11.749273966094494,4.73
City of Cabuyao,Mamatid,2021,Dry,3,3,76.3,26.55,83.52,,,,-3.8938484467054786,-12.451061309751665,4.73
City of Cabuyao,Mamatid,2021,Dry,4,4,16.6,27.85,74.46,0.19490040566713082,0.21519189484653978,-0.2844457191725572,-3.6742252679650775,-12.299635348811876,4.73
City of Cabuyao,Mamatid,2021,Dry,5,5,106.8,28.98,78.12,0.3409675139298017,0.2633881313484749,-0.3803449483795894,-4.056349620590954,-12.60044323324881,4.73
City of Cabuyao,Mamatid,2021,Dry,6,6,261.1,28.03,83.4,0.36508723507504226,0.3947508514135479,-0.34492568179784416,-3.3963145890783872,-12.10139298664354,4.73
City of Cabuyao,Marinig,2021,Dry,1,1,108.6,25.1,81.75,0.2553413745105989,0.23342059185648317,-0.22237796486625744,-5.931127499692761,-13.658238120936078,6.06
City of Cabuyao,Marinig,2021,Dry,2,2,91.9,25.17,80.92,0.5171046889446557,0.3745694847044287,-0.48052647551064465,-6.051309312217131,-13.10551754156542,6.06
City of Cabuyao,Marinig,2021,Dry,3,3,63.2,26.72,78.69,,,,-6.674326827644609,-13.814702121134763,6.06
City of Cabuyao,Marinig,2021,Dry,4,4,22.2,27.88,70.63,0.35615100718792453,0.33959052388343003,-0.3620560093681765,-6.403421916068458,-13.46310972806651,6.06
City of Cabuyao,Marinig,2021,Dry,5,5,79.8,28.81,75.02,0.35209662861184876,0.27027278154154033,-0.3848257060487077,-6.784334348785423,-13.937604411776277,6.06
City of Cabuyao,Marinig,2021,Dry,6,6,231.7,27.93,81.25,0.33702909567883554,0.3392137162790159,-0.28258234358463635,-6.427345823196528,-14.178663058878618,6.06
City of Cabuyao,Niugan,2021,Dry,1,1,108.6,25.4,81.79,0.6016798617631316,0.5391888169125526,-0.5140614837887607,-5.552358913088453,-13.921021475283899,4.77
City of Cabuyao,Niugan,2021,Dry,2,2,91.9,25.48,80.95,0.4894871356136253,0.3420255030042173,-0.4516840061243549,-5.039628483109992,-13.287104736941549,4.77
City of Cabuyao,Niugan,2021,Dry,3,3,63.2,27.03,78.73,,,,-6.5104244285117705,-14.90355358142662,4.77
City of Cabuyao,Niugan,2021,Dry,4,4,22.2,28.19,70.69,0.3722115126370383,0.3312975057077764,-0.3462232097445299,-6.511513571018093,-14.949380028998295,4.77
City of Cabuyao,Niugan,2021,Dry,5,5,79.8,29.11,75.08,0.3518810729453007,0.24776066695495036,-0.36239244957745526,-6.455931664791407,-15.134951002752496,4.77
City of Cabuyao,Niugan,2021,Dry,6,6,231.7,28.24,81.3,0.30891509975432063,0.362936565914368,-0.2511314866798262,-5.555725834392024,-14.291015212786903,4.77
City of Cabuyao,Pulo,2021,Dry,1,1,113.8,24.2,85.41,0.34048147794445577,0.28091187147220203,-0.3390961872350556,-3.597437445920588,-13.011592476637718,4.71
City of Cabuyao,Pulo,2021,Dry,2,2,76.6,24.31,84.6,0.39090915536682,0.29429926556339936,-0.39142768909080117,-2.862115830700816,-12.42958328853356,4.71
City of Cabuyao,Pulo,2021,Dry,3,3,76.3,25.8,83.45,-0.00029708451399093725,-0.0028404548926197954,0.011402946815866493,-3.9985263414212837,-13.437440774844458,4.71
City of Cabuyao,Pulo,2021,Dry,4,4,16.6,27.11,74.34,0.3019940449561543,0.2797832048026976,-0.2853969261370366,-3.8652352177588947,-13.457367666589862,4.71
City of Cabuyao,Pulo,2021,Dry,5,5,106.8,28.24,78.01,0.2760127497940796,0.21201675915090767,-0.31352389634313876,-4.231510928306928,-13.778274018255315,4.71
City of Cabuyao,Pulo,2021,Dry,6,6,261.1,27.27,83.31,0.3754088132794021,0.49426184866676315,-0.3069981658472183,-3.3715186229806378,-13.066287748110469,4.71
City of Cabuyao,Sala,2021,Dry,1,1,108.6,25.38,81.79,0.3902856392809942,0.30825594250730276,-0.33825581818068773,-6.289581773009327,-12.996127911284542,4.82
City of Cabuyao,Sala,2021,Dry,2,2,91.9,25.47,80.95,0.47400396744314643,0.3240605837495943,-0.4377023361410739,-5.5082176904595075,-12.477244736573486,4.82
City of Cabuyao,Sala,2021,Dry,3,3,63.2,27.02,78.73,0.06328329304233193,0.23909103590995073,-0.022704315604642034,-6.775621886417976,-13.56136773122587,4.82
City of Cabuyao,Sala,2021,Dry,4,4,22.2,28.18,70.69,0.34107384545468267,0.3618875664864117,-0.32238455638724123,-6.758281387319108,-13.478690511423295,4.82
City of Cabuyao,Sala,2021,Dry,5,5,79.8,29.1,75.07,0.339187403797748,0.22642585000244714,-0.35392275953633173,-6.930840810641202,-13.769193626091113,4.82
City of Cabuyao,Sala,2021,Dry,6,6,231.7,28.23,81.29,0.3827700740888264,0.47550430864581356,-0.30290738362001934,-6.226363951318521,-13.14289311163568,4.82
City of Cabuyao,San Isidro,2021,Dry,1,1,113.8,24.91,85.5,0.4607303690809683,0.38510526215518903,-0.43247114604431697,-5.2538439855779355,-13.082562237144897,4.97
City of Cabuyao,San Isidro,2021,Dry,2,2,76.6,25.01,84.67,0.5273378415825146,0.3856496986123356,-0.5059517955842578,-4.536364928740493,-12.314253487077973,4.97
City of Cabuyao,San Isidro,2021,Dry,3,3,76.3,26.5,83.51,0.0017391304718330503,0.002697400748729706,0.04101710394024849,-5.751932267306853,-13.219537333075449,4.97
City of Cabuyao,San Isidro,2021,Dry,4,4,16.6,27.81,74.45,0.5229620946383527,0.5226112997029415,-0.46112613476697334,-5.571621428459177,-13.05248104583231,4.97
City of Cabuyao,San Isidro,2021,Dry,5,5,106.8,28.94,78.11,0.3972573757646919,0.3067277552732869,-0.4168699530518618,-5.864392019026376,-13.31368376419526,4.97
City of Cabuyao,San Isidro,2021,Dry,6,6,261.1,27.97,83.39,0.43202050388919494,0.48031215261164895,-0.342033774032564,-5.372534774569647,-13.225079883975626,4.97
City of Cabuyao,Baclaran,2023,Wet,1,7,338.5,28.29,81.35,,,,-6.382564272363153,-12.420132920268085,4.59
City of Cabuyao,Baclaran,2023,Wet,2,8,96.5,28.45,80.36,0.4085738163963453,0.43457554242527235,-0.3381302746554803,-6.733267183991762,-12.311713083233876,4.59
City of Cabuyao,Baclaran,2023,Wet,3,9,344.9,27.99,83.33,0.5676875237670006,0.39201673596354303,-0.5339896093812917,-6.340719475853801,-11.498373621656842,4.59
City of Cabuyao,Baclaran,2023,Wet,4,10,169.9,27.9,81.92,0.47121717491298,0.3770502315329748,-0.4540962053140961,-5.801298055622266,-10.77554812834901,4.59
City of Cabuyao,Baclaran,2023,Wet,5,11,85.3,27.5,81.48,,,,-6.190807075594289,-11.429176300589091,4.59
City of Cabuyao,Baclaran,2023,Wet,6,12,38.3,26.99,82.51,,,,-6.504477998077042,-11.97814065310757,4.59
City of Cabuyao,Banaybanay,2023,Wet,1,7,302.7,27.67,85.02,0.42101132226452875,0.3470964729504684,-0.404250625670032,-5.73396446982189,-11.485143129348906,5.76
City of Cabuyao,Banaybanay,2023,Wet,2,8,76.7,28.25,80.13,0.30069780772504334,0.4110156161181393,-0.24162998344777087,-6.310650761603278,-11.929892977210512,5.76
City of Cabuyao,Banaybanay,2023,Wet,3,9,279.8,27.34,87.39,0.474327647418903,0.3103029262600797,-0.46214865203620414,-5.753227987809259,-11.363716203650794,5.76
City of Cabuyao,Banaybanay,2023,Wet,4,10,133.9,27.19,85.94,0.43511888880248833,0.3902183452019654,-0.40294564300737606,-5.320871094246847,-10.968720531008799,5.76
City of Cabuyao,Banaybanay,2023,Wet,5,11,85.4,27.07,82.5,,,,-5.714817149072157,-11.151200564184013,5.76
City of Cabuyao,Banaybanay,2023,Wet,6,12,51.6,26.75,82.33,0.38201265249933525,0.4398451862590654,-0.3376152281250272,-5.751867895021056,-11.455503107210586,5.76
City of Cabuyao,Bigaa,2023,Wet,1,7,338.5,27.94,81.31,0.5460603337164072,0.41326896526806806,-0.4938553809118819,-5.991194912995076,-12.322222129153342,4.72
City of Cabuyao,Bigaa,2023,Wet,2,8,96.5,28.09,80.29,0.42135735716183825,0.44862080067408444,-0.3446058987250083,-6.195283287257822,-12.433484948809916,4.72
City of Cabuyao,Bigaa,2023,Wet,3,9,344.9,27.63,83.28,0.6157166982485814,0.42812875840764664,-0.5507725269535011,-5.736907151123707,-11.90917742441295,4.72
City of Cabuyao,Bigaa,2023,Wet,4,10,169.9,27.55,81.88,0.41445001079500016,0.37347704877064236,-0.38063175286737866,-5.382524753265613,-11.384674672393885,4.72
City of Cabuyao,Bigaa,2023,Wet,5,11,85.3,27.14,81.44,,,,-5.801429785296428,-11.600558002570494,4.72
City of Cabuyao,Bigaa,2023,Wet,6,12,38.3,26.63,82.48,,,,-6.045630285913968,-11.89393360710503,4.72
City of Cabuyao,Butong,2023,Wet,1,7,338.5,27.94,81.31,0.45818253515744467,0.3463821227728356,-0.4383376265503578,-6.298117626572559,-12.137821983000888,4.95
City of Cabuyao,Butong,2023,Wet,2,8,96.5,28.09,80.29,0.3360451615257809,0.34181174969987144,-0.27484772420707376,-6.570482469917725,-12.099457104190801,4.95
City of Cabuyao,Butong,2023,Wet,3,9,344.9,27.63,83.28,0.5173069721938366,0.3597647481097554,-0.485491091470941,-6.12025392739533,-11.679856800677083,4.95
City of Cabuyao,Butong,2023,Wet,4,10,169.9,27.55,81.88,0.4273962170464238,0.3743271576294397,-0.3854420585115232,-5.719654329747087,-11.138660790717152,4.95
City of Cabuyao,Butong,2023,Wet,5,11,85.3,27.14,81.44,,,,-6.0986166370328805,-11.134620544117732,4.95
City of Cabuyao,Butong,2023,Wet,6,12,38.3,26.63,82.48,,,,-6.077764607335368,-11.323248235328958,4.95
City of Cabuyao,Gulod,2023,Wet,1,7,338.5,28.3,81.35,,,,-7.364087075260097,-13.613116146918296,4.56
City of Cabuyao,Gulod,2023,Wet,2,8,96.5,28.45,80.36,0.38787447188242213,0.4213122397597936,-0.286606437723896,-7.6366282124118445,-13.524307088510376,4.56
City of Cabuyao,Gulod,2023,Wet,3,9,344.9,27.99,83.33,0.5928393552386898,0.3971304538871518,-0.5300540921850666,-7.0806205649369955,-12.619811548837625,4.56
City of Cabuyao,Gulod,2023,Wet,4,10,169.9,27.91,81.92,0.4738142797922083,0.37687847970426663,-0.4392884411015593,-6.593246420315759,-12.042418299743396,4.56
City of Cabuyao,Gulod,2023,Wet,5,11,85.3,27.51,81.48,,,,-6.734722777689404,-12.063136082643364,4.56
City of Cabuyao,Gulod,2023,Wet,6,12,38.3,27.0,82.51,,,,-6.713030281574338,-12.405005584815974,4.56
City of Cabuyao,Mamatid,2023,Wet,1,7,302.7,27.72,85.03,0.380628857753746,0.18244165003056306,-0.3874144996731648,-4.85882778290596,-10.394708551088284,4.65
City of Cabuyao,Mamatid,2023,Wet,2,8,76.7,28.3,80.14,0.31474314295288547,0.36665066351703296,-0.2958528253519811,-5.267837700676504,-10.65802229151917,4.65
City of Cabuyao,Mamatid,2023,Wet,3,9,279.8,27.43,87.4,0.42202804403719046,0.296513513696112,-0.4489229892609319,-5.059506739227654,-10.462576533693856,4.65
City of Cabuyao,Mamatid,2023,Wet,4,10,133.9,27.26,85.95,0.38736685368334206,0.30414185378445086,-0.401538081149799,-4.581524956360937,-9.958936222366836,4.65
City of Cabuyao,Mamatid,2023,Wet,5,11,85.4,27.13,82.51,,,,-4.9503958112453335,-10.137446425317425,4.65
City of Cabuyao,Mamatid,2023,Wet,6,12,51.6,26.82,82.33,0.40316319181699695,0.42437320940161544,-0.3864841026252857,-4.959318148130575,-10.355754986355853,4.65
City of Cabuyao,Marinig,2023,Wet,1,7,338.5,27.94,81.31,0.486469257520965,0.3489416660791428,-0.44194346656877315,-6.672166283204016,-12.275836675094123,4.68
City of Cabuyao,Marinig,2023,Wet,2,8,96.5,28.09,80.29,0.3375840390577214,0.3611004490222709,-0.2575200795839258,-6.824007927777647,-12.234603982037546,4.68
City of Cabuyao,Marinig,2023,Wet,3,9,344.9,27.63,83.28,0.5029183618753543,0.3408921184154459,-0.46950805258139267,-6.639094255974664,-11.687403937445136,4.68
City of Cabuyao,Marinig,2023,Wet,4,10,169.9,27.55,81.88,0.42257903388941614,0.34755125713206814,-0.40543693244033474,-5.886484144594255,-10.837207765701837,4.68
City of Cabuyao,Marinig,2023,Wet,5,11,85.3,27.14,81.44,,,,-6.060498459261028,-10.914100198056804,4.68
City of Cabuyao,Marinig,2023,Wet,6,12,38.3,26.63,82.48,,,,-6.039296195700192,-11.213182267732336,4.68
City of Cabuyao,Niugan,2023,Wet,1,7,338.5,28.25,81.35,0.4901508058534104,0.38106726511419625,-0.43640556960412386,-6.636287838054423,-12.404525654531954,4.55
City of Cabuyao,Niugan,2023,Wet,2,8,96.5,28.39,80.35,0.3683457187471313,0.4720182736486543,-0.28858614887762585,-7.19361234456529,-12.79316359298483,4.55
City of Cabuyao,Niugan,2023,Wet,3,9,344.9,27.93,83.33,0.5090035290461624,0.35096533137766955,-0.4743897700166943,-6.3068698413557716,-11.800231618718074,4.55
City of Cabuyao,Niugan,2023,Wet,4,10,169.9,27.85,81.92,0.300560035922698,0.2829482969428812,-0.2814443165644609,-5.587131683452828,-11.27736805600046,4.55
City of Cabuyao,Niugan,2023,Wet,5,11,85.3,27.45,81.48,,,,-5.749957252315122,-11.272743425612308,4.55
City of Cabuyao,Niugan,2023,Wet,6,12,38.3,26.94,82.51,,,,-5.643404111262102,-11.417192139221706,4.55
City of Cabuyao,Pulo,2023,Wet,1,7,302.7,26.99,84.94,0.3767144485125185,-0.3411291389634686,-0.3648404013119118,-5.217750686751738,-10.786547282944062,2.81
City of Cabuyao,Pulo,2023,Wet,2,8,76.7,27.56,80.02,0.3674813651494964,0.5169915764126927,-0.2952818177537942,-5.745000853158637,-11.195654613513216,2.81
City of Cabuyao,Pulo,2023,Wet,3,9,279.8,26.67,87.32,0.4091316190228544,0.3492181613531269,-0.39882491972506023,-5.358584567220633,-10.811301888858727,2.81
City of Cabuyao,Pulo,2023,Wet,4,10,133.9,26.52,85.87,0.4558879518210632,0.45874242060980636,-0.4161400939365587,-4.912201547168529,-10.481519824724593,2.81
City of Cabuyao,Pulo,2023,Wet,5,11,85.4,26.39,82.43,,,,-5.34475544441196,-10.562258272569878,2.81
City of Cabuyao,Pulo,2023,Wet,6,12,51.6,26.06,82.26,0.35406966352004654,0.3202933339207901,-0.3513845020678598,-5.274742116748683,-10.77552767184541,2.81
City of Cabuyao,Sala,2023,Wet,1,7,338.5,28.23,81.35,0.4583964680795939,0.3108890536824435,-0.408563138562925,-5.932446046106832,-11.667653101184676,4.04
City of Cabuyao,Sala,2023,Wet,2,8,96.5,28.38,80.35,0.40660666966431985,0.5377471560751667,-0.3174939070572118,-6.411037917273068,-11.974063627741318,4.04
City of Cabuyao,Sala,2023,Wet,3,9,344.9,27.92,83.33,0.49296939433513853,0.3150900181971315,-0.44598502661257805,-5.9033787811874765,-11.517404556895052,4.04
City of Cabuyao,Sala,2023,Wet,4,10,169.9,27.84,81.92,0.3800766982860766,0.3424827240845635,-0.33141447980108324,-5.520423743251187,-11.158663798941458,4.04
City of Cabuyao,Sala,2023,Wet,5,11,85.3,27.42,81.47,,,,-5.882840797232215,-11.476653675274392,4.04
City of Cabuyao,Sala,2023,Wet,6,12,38.3,26.92,82.51,,,,-5.9626323916144734,-11.684379502592384,4.04
City of Cabuyao,San Isidro,2023,Wet,1,7,302.7,27.69,85.03,0.46071951611583806,0.40961132905280373,-0.4504318116468224,-5.777277258251473,-11.693783123585174,4.04
City of Cabuyao,San Isidro,2023,Wet,2,8,76.7,28.26,80.13,0.5188101867204211,0.6431413446142892,-0.40815088288385587,-6.2504162413866275,-11.846057334032006,4.04
City of Cabuyao,San Isidro,2023,Wet,3,9,279.8,27.37,87.39,0.536477483293424,0.3675546092367129,-0.515762582072742,-5.69632003889876,-11.193913787623345,4.04
City of Cabuyao,San Isidro,2023,Wet,4,10,133.9,27.22,85.94,0.5793397043913399,0.5072596980429281,-0.5207638568087337,-5.173092359690172,-10.92677535698368,4.04
City of Cabuyao,San Isidro,2023,Wet,5,11,85.4,27.09,82.5,,,,-5.559014192342447,-11.127713683672615,4.04
City of Cabuyao,San Isidro,2023,Wet,6,12,51.6,26.76,82.33,0.3364799054006784,0.3194140500375308,-0.3439411539804291,-5.662584628292558,-11.550152891133875,4.04
City of Cabuyao,Baclaran,2024,Dry,1,1,6.8,25.88,79.21,0.314955324179181,0.2408039498510607,-0.36630805169892744,-6.891681347527272,-12.478338689390217,4.81
City of Cabuyao,Baclaran,2024,Dry,2,2,10.2,26.2,79.12,0.5434473124621949,0.38710674551103713,-0.5231360453617696,-6.813501437537702,-11.994865129928575,4.81
City of Cabuyao,Baclaran,2024,Dry,3,3,25.7,26.73,79.8,0.4618827377157428,0.3374860191270075,-0.44896584296457537,-6.924870111591514,-11.943990196408695,4.81
City of Cabuyao,Baclaran,2024,Dry,4,4,12.0,28.76,77.19,0.4223032418465208,0.32437156962307473,-0.45326401303264424,-7.445562424493709,-12.656677297059758,4.81
City of Cabuyao,Baclaran,2024,Dry,5,5,252.1,29.33,78.62,,,,-7.254547098375538,-12.482260295686086,4.81
City of Cabuyao,Baclaran,2024,Dry,6,6,337.7,28.72,81.76,0.5004861431707317,0.4628824482040769,-0.4608776602658155,-6.747069027646678,-11.893755002492938,4.81
City of Cabuyao,Bigaa,2024,Dry,1,1,6.8,25.53,79.17,-0.054445210844278336,-0.0355551540851593,0.04223385825753212,-6.379655129848274,-12.209854595917431,4.7
City of Cabuyao,Bigaa,2024,Dry,2,2,10.2,25.84,79.08,0.5096169049715882,0.3734461780577237,-0.5041848254313417,-6.522267118171311,-12.410456091925145,4.7
City of Cabuyao,Bigaa,2024,Dry,3,3,25.7,26.37,79.74,0.43336057196666,0.32622763512990893,-0.4249049411768001,-6.671236041035345,-12.303445461345747,4.7
City of Cabuyao,Bigaa,2024,Dry,4,4,12.0,28.42,77.15,0.4392767258006964,0.32218149481761094,-0.473049456494887,-6.840763127212353,-12.790174884670094,4.7
City of Cabuyao,Bigaa,2024,Dry,5,5,252.1,28.97,78.57,,,,-6.755712314189891,-12.59962977761007,4.7
City of Cabuyao,Bigaa,2024,Dry,6,6,337.7,28.37,81.73,0.5249313141734375,0.5576139795929824,-0.4588212181736294,-6.073822035848403,-12.008314483533715,4.7
City of Cabuyao,Butong,2024,Dry,1,1,6.8,25.53,79.17,,,,-6.264601237189452,-11.542959967489857,6.0
City of Cabuyao,Butong,2024,Dry,2,2,10.2,25.84,79.08,0.5023935396524989,0.3862759754834374,-0.49341956273757637,-6.302333920269563,-11.616876785362555,6.0
City of Cabuyao,Butong,2024,Dry,3,3,25.7,26.37,79.74,0.4336959381926992,0.3318763311908311,-0.43352676757565006,-6.353954111597918,-11.40891774411864,6.0
City of Cabuyao,Butong,2024,Dry,4,4,12.0,28.42,77.15,0.42147096870121115,0.32186095053352815,-0.47001417325873607,-6.45912391414607,-11.847270836825514,6.0
City of Cabuyao,Butong,2024,Dry,5,5,252.1,28.97,78.57,,,,-6.617330487689076,-11.828576565610994,6.0
City of Cabuyao,Butong,2024,Dry,6,6,337.7,28.37,81.73,0.4628210131025812,0.48020494600654146,-0.3864646303700283,-6.200074707847291,-11.41454328603993,6.0
City of Cabuyao,Gulod,2024,Dry,1,1,6.8,25.88,79.21,0.4770514905318391,0.39165440114661365,-0.46978512929278843,-7.171931817389805,-12.676462796172407,4.36
City of Cabuyao,Gulod,2024,Dry,2,2,10.2,26.21,79.12,0.49519532799729055,0.36851403641917985,-0.4855028691895483,-7.378498423946742,-12.910236942824474,4.36
City of Cabuyao,Gulod,2024,Dry,3,3,25.7,26.74,79.8,0.41366873160281575,0.30968321222566136,-0.4177717446597784,-7.627305005666188,-12.839035412236008,4.36
City of Cabuyao,Gulod,2024,Dry,4,4,12.0,28.77,77.19,0.35248546005902026,0.2704168134993417,-0.4128466919526109,-7.990418209898485,-13.707659628444688,4.36
City of Cabuyao,Gulod,2024,Dry,5,5,252.1,29.34,78.62,,,,-8.281608913923192,-13.829322595031725,4.36
City of Cabuyao,Gulod,2024,Dry,6,6,337.7,28.73,81.76,0.46136300429853266,0.3749279704145883,-0.41470644741630247,-7.216074134169465,-12.970668443087776,4.36
City of Cabuyao,Mamatid,2024,Dry,1,1,8.3,26.02,76.24,0.4343637196623065,0.32996247757663133,-0.43622811913582277,-5.631278755476588,-10.686792818598136,2.06
City of Cabuyao,Mamatid,2024,Dry,2,2,14.0,26.54,75.13,0.37355732437377276,0.24349627989641665,-0.426353242298242,-5.6169352438104925,-10.68996857044709,2.06
City of Cabuyao,Mamatid,2024,Dry,3,3,30.1,27.18,75.36,0.32327512107789796,0.2138077786224491,-0.3646821884549984,-5.841459303129049,-10.667802295715347,2.06
City of Cabuyao,Mamatid,2024,Dry,4,4,31.7,29.47,71.9,0.31097188736409487,0.20131388732034805,-0.3777570392770196,-5.871925833365086,-10.969246212551536,2.06
City of Cabuyao,Mamatid,2024,Dry,5,5,246.1,29.62,76.52,,,,-5.814653605426036,-10.808447896887762,2.06
City of Cabuyao,Mamatid,2024,Dry,6,6,320.8,28.12,86.68,0.36575179007407776,0.3879331887251726,-0.37641662203598186,-5.420539178945169,-10.347500627868992,2.06
City of Cabuyao,Marinig,2024,Dry,1,1,6.8,25.53,79.17,0.4295339184499968,0.3570039814703451,-0.4180153884979138,-6.309567220489842,-11.41401825611112,4.87
City of Cabuyao,Marinig,2024,Dry,2,2,10.2,25.84,79.08,0.4425187506886722,0.32366485699466485,-0.45333509641415004,-6.589957521929082,-11.638386827520835,4.87
City of Cabuyao,Marinig,2024,Dry,3,3,25.7,26.37,79.74,0.39319570201196086,0.29581760720829203,-0.40788528505626614,-6.950933759337595,-11.654518047615735,4.87
City of Cabuyao,Marinig,2024,Dry,4,4,12.0,28.42,77.15,0.43037370775693057,0.33068234372926236,-0.4633184784820443,-6.864431967697753,-12.020007212377333,4.87
City of Cabuyao,Marinig,2024,Dry,5,5,252.1,28.97,78.57,,,,-6.98297196059246,-11.752288327221311,4.87
City of Cabuyao,Marinig,2024,Dry,6,6,337.7,28.37,81.73,0.44637249688799613,0.37359926451539816,-0.41820654791138023,-6.571828797506991,-11.629211508360262,4.87
City of Cabuyao,Baclaran,2024,Wet,1,7,445.0,27.78,83.77,0.3025107773929602,0.2939134471879231,-0.28127743706674047,-4.90265547432181,-13.593378684583344,4.06
City of Cabuyao,Baclaran,2024,Wet,2,8,275.9,28.2,83.02,0.38841577205127786,0.38730205597262257,-0.3321525300538976,-6.6106175938621154,-12.168051598117005,4.06
City of Cabuyao,Baclaran,2024,Wet,3,9,307.0,27.96,83.93,0.5141593535068506,0.3661801321962619,-0.48228655497007705,-6.5596974001596084,-12.079440816398835,4.06
City of Cabuyao,Baclaran,2024,Wet,4,10,308.7,27.86,82.52,0.5347706340650507,0.38643047391220914,-0.5078855114378672,-6.495188832898346,-11.453974485521673,4.06
City of Cabuyao,Baclaran,2024,Wet,5,11,62.4,27.84,81.69,0.418375752225677,0.3000367616131072,-0.4301784501744477,-6.680316249152118,-12.047941833048405,4.06
City of Cabuyao,Baclaran,2024,Wet,6,12,189.7,26.52,84.79,0.46706687544733627,0.34110953775631403,-0.4578594421277597,-5.602647249592059,-10.973600687845932,4.06
City of Cabuyao,Banaybanay,2024,Wet,1,7,431.0,27.06,88.63,0.03932601337631544,0.15813597540060678,0.0009527706230680151,-4.013714928522528,-13.436568866487503,4.12
City of Cabuyao,Banaybanay,2024,Wet,2,8,253.6,27.55,86.83,0.3952942946543345,0.36830121311506414,-0.3638113878813723,-5.67330901139756,-11.182391978488747,4.12
City of Cabuyao,Banaybanay,2024,Wet,3,9,309.2,27.35,86.8,0.4706869505829113,0.33285849657288136,-0.45061034173705744,-6.199405777469461,-11.682817512353477,4.12
City of Cabuyao,Banaybanay,2024,Wet,4,10,294.0,27.07,86.81,0.44768620746865473,0.33275694766485714,-0.44032824883561394,-5.69636226982181,-10.998211411281817,4.12
City of Cabuyao,Banaybanay,2024,Wet,5,11,81.3,27.53,82.26,0.43364540360615683,0.30203319421861463,-0.43037174685134727,-6.594984974273115,-11.998287046653521,4.12
City of Cabuyao,Banaybanay,2024,Wet,6,12,204.4,25.97,87.31,0.41455031567440953,0.2949300113750967,-0.3995427545574123,-5.281977159201534,-10.841521535284434,4.12
City of Cabuyao,Bigaa,2024,Wet,1,7,445.0,27.43,83.7,,,,-5.74967684902045,-13.246499624072893,3.83
City of Cabuyao,Bigaa,2024,Wet,2,8,275.9,27.86,82.99,0.45900634986566113,0.4036718167370682,-0.4001770346314182,-5.75411069345588,-11.78761673844163,3.83
City of Cabuyao,Bigaa,2024,Wet,3,9,307.0,27.6,83.88,0.6062492260707494,0.4240716845564776,-0.5433180391967606,-5.9446190063853175,-12.168954063375478,3.83
City of Cabuyao,Bigaa,2024,Wet,4,10,308.7,27.49,82.46,0.5803071313639625,0.4341903005622598,-0.533338204752352,-6.002562404805686,-11.722693839068468,3.83
City of Cabuyao,Bigaa,2024,Wet,5,11,62.4,27.47,81.65,0.49643611791855596,0.3692515428730364,-0.4826767004228013,-6.400002954280636,-12.413499258545881,3.83
City of Cabuyao,Bigaa,2024,Wet,6,12,189.7,26.18,84.76,0.5376266559541075,0.4210704469389057,-0.4838794864096381,-5.428300825999819,-11.402871249815252,3.83
City of Cabuyao,Butong,2024,Wet,1,7,445.0,27.43,83.7,,,,-6.158776221333399,-12.853304928365663,3.61
City of Cabuyao,Butong,2024,Wet,2,8,275.9,27.86,82.99,0.38182117058070825,0.31487978898654373,-0.34220575385076984,-6.094527961159208,-11.501561492432696,3.61
City of Cabuyao,Butong,2024,Wet,3,9,307.0,27.6,83.88,0.47523480436986076,0.32442919107785395,-0.44424731642307785,-6.4762694395976546,-12.160773438924494,3.61
City of Cabuyao,Butong,2024,Wet,4,10,308.7,27.49,82.46,0.5106128560938137,0.3825555467456402,-0.4801743049531069,-6.331032052676585,-11.810517326838342,3.61
City of Cabuyao,Butong,2024,Wet,5,11,62.4,27.47,81.65,0.4291621975489099,0.36021830251799636,-0.41449118244530625,-6.759741337251128,-12.123830061371864,3.61
City of Cabuyao,Butong,2024,Wet,6,12,189.7,26.18,84.76,0.6433519522794694,0.5883678620295237,-0.5258797557908108,-5.943532939926043,-11.110958544496002,3.61
City of Cabuyao,Gulod,2024,Wet,1,7,445.0,27.79,83.77,0.3354625579609422,0.31350268012947485,-0.2795561362422572,-6.775238432808701,-15.220305647602581,3.8
City of Cabuyao,Gulod,2024,Wet,2,8,275.9,28.21,83.02,0.41431668305615016,0.37467317613849793,-0.3622224855531822,-7.385364324537302,-13.037123062815196,3.8
City of Cabuyao,Gulod,2024,Wet,3,9,307.0,27.96,83.93,0.5990906258284494,0.40158896935922006,-0.531635898713561,-7.626323179478717,-13.117456968158857,3.8
City of Cabuyao,Gulod,2024,Wet,4,10,308.7,27.86,82.52,0.5476561947200596,0.4228754826621196,-0.5005738327229332,-7.167543130312186,-12.30153394963039,3.8
City of Cabuyao,Gulod,2024,Wet,5,11,62.4,27.84,81.69,0.42780191860395417,0.33409295515131776,-0.4169044037115578,-7.300411856449547,-13.214976848544778,3.8
City of Cabuyao,Gulod,2024,Wet,6,12,189.7,26.54,84.79,0.44180844057268753,0.3239615400361716,-0.4177326496733649,-6.71425874035929,-12.6063915164283,3.8
City of Cabuyao,Mamatid,2024,Wet,1,7,431.0,27.14,88.63,0.31976545895671865,0.30848030867216736,-0.3102661234101206,-2.7593280982707613,-11.733128638159087,3.85
City of Cabuyao,Mamatid,2024,Wet,2,8,253.6,27.65,86.85,0.24689020824835117,0.2711166698777689,-0.26052298490342335,-4.940023490495937,-10.275778977908907,3.85
City of Cabuyao,Mamatid,2024,Wet,3,9,309.2,27.41,86.81,0.41556871715474347,0.28622912916233706,-0.4342405010657851,-5.179333524583563,-10.539171265569035,3.85
City of Cabuyao,Mamatid,2024,Wet,4,10,294.0,27.15,86.83,0.4107757434056858,0.32249057934502334,-0.43760878697962813,-5.050944681591225,-10.156401884077736,3.85
City of Cabuyao,Mamatid,2024,Wet,5,11,81.3,27.58,82.28,0.36914376959487805,0.2510460508226994,-0.40978505818866595,-5.654511720959038,-10.643521055023422,3.85
City of Cabuyao,Mamatid,2024,Wet,6,12,204.4,26.03,87.32,0.38645861964805006,0.25767995708141483,-0.4120391400676359,-4.5080952901822045,-9.71488307796823,3.85
City of Cabuyao,Marinig,2024,Wet,1,7,445.0,27.43,83.7,0.31844777187190787,0.3095011207280576,-0.28073068395041045,-5.758115668444899,-13.139059262314618,3.76
City of Cabuyao,Marinig,2024,Wet,2,8,275.9,27.86,82.99,0.3945922068560143,0.34519715594535005,-0.3594061333534196,-6.614331604209853,-11.459684693220783,3.76
City of Cabuyao,Marinig,2024,Wet,3,9,307.0,27.6,83.88,0.4840074474567855,0.3375112094062112,-0.4575376273186725,-6.964662366718229,-11.857559125686056,3.76
City of Cabuyao,Marinig,2024,Wet,4,10,308.7,27.49,82.46,0.4467736198563966,0.33809661241239547,-0.4394926101271692,-6.7888397071905064,-11.50862030056154,3.76
City of Cabuyao,Marinig,2024,Wet,5,11,62.4,27.47,81.65,0.3748045503996873,0.3014351747912994,-0.37888969374059855,-7.10342138457995,-12.34101453077889,3.76
City of Cabuyao,Marinig,2024,Wet,6,12,189.7,26.18,84.76,0.3888088812828013,0.30787349146269044,-0.3794991049408374,-6.12764441320199,-11.19242759959866,3.76
City of Cabuyao,Niugan,2024,Wet,1,7,445.0,27.73,83.76,,,,-5.452350385756039,-13.796648938085214,3.66
City of Cabuyao,Niugan,2024,Wet,2,8,275.9,28.16,83.02,0.394763872933574,0.3755733373439262,-0.3546128574446456,-6.472191690792041,-12.012871365816496,3.66
City of Cabuyao,Niugan,2024,Wet,3,9,307.0,27.91,83.92,0.5169006950616422,0.37805610426597336,-0.474525859465602,-6.804418078202488,-12.385739710514201,3.66
City of Cabuyao,Niugan,2024,Wet,4,10,308.7,27.8,82.51,0.49590766920585744,0.36654603122439927,-0.46384108573086635,-6.0710501732319555,-11.446754524634283,3.66
City of Cabuyao,Niugan,2024,Wet,5,11,62.4,27.77,81.68,0.5393299299926987,0.42314053763547527,-0.5006984754507912,-6.514221420070426,-12.077006079615657,3.66
City of Cabuyao,Niugan,2024,Wet,6,12,189.7,26.48,84.79,0.5319985398387824,0.4436539621501494,-0.48332468518798094,-5.161639718623273,-10.81147964818623,3.66
City of Cabuyao,Pulo,2024,Wet,1,7,431.0,26.38,88.57,0.36295823338958955,0.3523573850591977,-0.3257073205378321,-2.866287986255641,-12.515879054540687,3.92
City of Cabuyao,Pulo,2024,Wet,2,8,253.6,26.87,86.77,0.43708983076690916,0.40792097500639,-0.38470740146026383,-5.079675812523285,-10.576396959876115,3.92
City of Cabuyao,Pulo,2024,Wet,3,9,309.2,26.67,86.73,0.39678563076991996,0.34967001519103547,-0.3875851693813992,-5.6391971593465025,-11.098665229202552,3.92
City of Cabuyao,Pulo,2024,Wet,4,10,294.0,26.38,86.74,0.4141731353481763,0.31412151144272843,-0.41289968985463926,-5.121977871551738,-10.494909644614436,3.92
City of Cabuyao,Pulo,2024,Wet,5,11,81.3,26.84,82.18,0.3268184926820217,0.2629842442113449,-0.33617426256719246,-5.998405551701879,-11.201912079387698,3.92
City of Cabuyao,Pulo,2024,Wet,6,12,204.4,25.29,87.26,0.36975152856744964,0.29126077671932915,-0.35536286437634196,-4.812199256263348,-10.177000288622525,3.92
City of Cabuyao,Sala,2024,Wet,1,7,445.0,27.72,83.74,,,,-5.585887671792091,-12.594872753587735,3.67
City of Cabuyao,Sala,2024,Wet,2,8,275.9,28.15,83.02,0.3524773089467958,0.33383427892622236,-0.31717162980222025,-5.73539012366571,-11.324951714974594,3.67
City of Cabuyao,Sala,2024,Wet,3,9,307.0,27.89,83.92,0.4623360763481582,0.33046936120888354,-0.42017801080606815,-6.195139508466127,-11.93913410805976,3.67
City of Cabuyao,Sala,2024,Wet,4,10,308.7,27.79,82.51,0.45159373345498427,0.33215508747850114,-0.4167090903589812,-5.87452529517893,-11.383162824784868,3.67
City of Cabuyao,Sala,2024,Wet,5,11,62.4,27.77,81.68,0.4386323428078385,0.34907431267664735,-0.4077701982859203,-6.486410909132728,-12.093691565424765,3.67
City of Cabuyao,Sala,2024,Wet,6,12,189.7,26.46,84.78,0.3829676836959078,0.36605297917874413,-0.3409401013314975,-5.303265270752547,-10.991494933142853,3.67
City of Cabuyao,San Isidro,2024,Wet,1,7,431.0,27.08,88.63,0.3872322900403891,0.44227125109519505,-0.300155767299931,-4.828968169712106,-12.625734835527306,4.19
City of Cabuyao,San Isidro,2024,Wet,2,8,253.6,27.57,86.84,0.520329046987256,0.4762796979990435,-0.43674848483917655,-5.840728968271673,-11.40253558255794,4.19
City of Cabuyao,San Isidro,2024,Wet,3,9,309.2,27.37,86.8,0.551911266593655,0.4081612840360624,-0.5144620956166435,-5.95728878138684,-11.630403680822125,4.19
City of Cabuyao,San Isidro,2024,Wet,4,10,294.0,27.08,86.82,0.4994302893753694,0.37237117580592516,-0.4862367936234197,-5.675473143595556,-11.09465673060535,4.19
City of Cabuyao,San Isidro,2024,Wet,5,11,81.3,27.54,82.27,0.4595102535173099,0.33733753202058836,-0.45280405856810074,-6.173761574313319,-11.950768581371086,4.19
City of Cabuyao,San Isidro,2024,Wet,6,12,204.4,25.99,87.31,0.45721936550542636,0.35890765467545727,-0.4316346452494457,-5.222596369000678,-11.059904724766168,4.19
City of Cabuyao,Baclaran,2025,Dry,1,1,51.9,25.93,82.82,0.45074682475041594,0.36483989707175807,-0.44615154659224565,-6.127413588469209,-11.660164677032721,4.04
City of Cabuyao,Baclaran,2025,Dry,2,2,89.6,26.02,82.39,0.4646626348942806,0.3362136362834877,-0.4404448259057665,-6.505249765976728,-12.005771134518382,4.04
City of Cabuyao,Baclaran,2025,Dry,3,3,48.5,26.93,80.85,0.4813732118386107,0.35181797617807176,-0.46759834009294887,-6.6368453276674,-11.99817936884973,4.04
City of Cabuyao,Baclaran,2025,Dry,4,4,22.0,28.94,76.32,0.46399598938051956,0.3918946069560275,-0.45361375387793135,-6.273433096791592,-14.715382904182727,4.04
City of Cabuyao,Baclaran,2025,Dry,5,5,167.5,28.9,78.24,0.4656958849974192,0.4020859314072016,-0.4550873748482329,-6.808902670430032,-11.819120191249493,4.04
City of Cabuyao,Baclaran,2025,Dry,6,6,369.0,27.91,83.1,,,,-3.6439502362702902,-12.844282907050443,4.04
City of Cabuyao,Banaybanay,2025,Dry,1,1,68.0,25.57,83.8,0.451555340823668,0.3600709831403279,-0.4445507571266499,-5.895419572931207,-11.451417471960157,4.86
City of Cabuyao,Banaybanay,2025,Dry,2,2,136.1,25.83,82.09,0.4148624871453999,0.31943115486921886,-0.40864951748984796,-6.604347247077044,-11.83533140582429,4.86
City of Cabuyao,Banaybanay,2025,Dry,3,3,70.3,27.01,78.08,0.39765658492897843,0.27852346934465483,-0.40934999138872774,-6.5130568944156435,-11.95588114153965,4.86
City of Cabuyao,Banaybanay,2025,Dry,4,4,26.8,29.47,71.33,0.3314971058594823,0.25203678377093514,-0.3623201766168842,-5.656806713703923,-14.951583639258999,4.86
City of Cabuyao,Banaybanay,2025,Dry,5,5,131.2,28.85,77.71,0.34966412794488755,0.2519609788480258,-0.3690728210977791,-6.602723258315832,-12.094707006268374,4.86
City of Cabuyao,Banaybanay,2025,Dry,6,6,329.7,27.29,87.27,0.04081396758556366,0.21635204553604126,0.010116560384631157,-2.635214362895959,-12.747639020205723,4.86
City of Cabuyao,Bigaa,2025,Dry,1,1,51.9,25.58,82.79,,,,-6.124020667974272,-12.37930149040874,4.4
City of Cabuyao,Bigaa,2025,Dry,2,2,89.6,25.66,82.35,0.562762317318761,0.5065239885721696,-0.5037842932111727,-6.410914504630865,-12.450310070855501,4.4
City of Cabuyao,Bigaa,2025,Dry,3,3,48.5,26.57,80.81,0.5213484244697252,0.41233071208089317,-0.4911027038258205,-6.349802377113248,-12.425015865733371,4.4
City of Cabuyao,Bigaa,2025,Dry,4,4,22.0,28.59,76.27,0.4694332722243122,0.3986655946479378,-0.4551265832433755,-7.0055521688253934,-14.174443605910145,4.4
City of Cabuyao,Bigaa,2025,Dry,5,5,167.5,28.55,78.18,0.4679067580641461,0.36928536541436924,-0.45858001620393085,-5.9767595977775105,-11.898453959024398,4.4
City of Cabuyao,Bigaa,2025,Dry,6,6,369.0,27.55,83.04,,,,-4.72006064947134,-12.164997974176167,4.4
City of Cabuyao,Gulod,2025,Dry,1,1,51.9,25.95,82.82,0.5281960319427347,0.45368936159224854,-0.4870700489280516,-6.830834243597119,-12.723034101377584,4.39
City of Cabuyao,Gulod,2025,Dry,2,2,89.6,26.02,82.39,0.5242895519152121,0.45577523045314366,-0.4760828493083142,-7.462507272964689,-12.959715766835837,4.39
City of Cabuyao,Gulod,2025,Dry,3,3,48.5,26.93,80.85,0.48875331910220177,0.3886622412708097,-0.46836527706016357,-7.401795262657267,-12.871421990554527,4.39
City of Cabuyao,Gulod,2025,Dry,4,4,22.0,28.95,76.32,0.44002623634878163,0.37965337527924553,-0.44054520435203715,-7.923163845261175,-15.179117859008521,4.39
City of Cabuyao,Gulod,2025,Dry,5,5,167.5,28.91,78.25,0.41180760482340995,0.3416022705352267,-0.41865413271844226,-7.788199485484321,-13.434465735468688,4.39
City of Cabuyao,Gulod,2025,Dry,6,6,369.0,27.92,83.1,,,,-6.7516344779420985,-14.510320884173613,4.39
City of Cabuyao,Mamatid,2025,Dry,1,1,68.0,25.65,83.81,0.3841528613206065,0.2809900247511622,-0.4240253976628314,-5.017230113657932,-10.359649465924457,4.26
City of Cabuyao,Mamatid,2025,Dry,2,2,136.1,25.9,82.1,0.30229519700463486,0.21983430124331532,-0.32315708728148257,-5.515770380462091,-10.41321014440428,4.26
City of Cabuyao,Mamatid,2025,Dry,3,3,70.3,27.1,78.08,0.37659015561322534,0.26794002801378264,-0.41578445023808724,-5.445313071613983,-10.531354170438659,4.26
City of Cabuyao,Mamatid,2025,Dry,4,4,26.8,29.54,71.34,0.34560675831367366,0.2724125997069698,-0.38477613707544767,-4.002566579353664,-12.967460993337163,4.26
City of Cabuyao,Mamatid,2025,Dry,5,5,131.2,28.93,77.73,0.36164354639905905,0.2980636234907262,-0.3904002722990724,-5.5461192252612594,-10.633263190340848,4.26
City of Cabuyao,Mamatid,2025,Dry,6,6,329.7,27.35,87.29,,,,-1.591615378734477,-11.237141962994677,4.26
City of Cabuyao,Marinig,2025,Dry,1,1,51.9,25.58,82.79,0.5145508500803448,0.5243010581698407,-0.47059410706125093,-6.465646993901915,-11.91647363260026,4.51
City of Cabuyao,Marinig,2025,Dry,2,2,89.6,25.66,82.35,0.42258751565788866,0.34980784131543496,-0.40694983104858284,-6.779348904841197,-11.886770290387622,4.51
City of Cabuyao,Marinig,2025,Dry,3,3,48.5,26.57,80.81,0.4161880570918132,0.3209220856393754,-0.42179886129125177,-6.918100161751048,-12.0290973815085,4.51
City of Cabuyao,Marinig,2025,Dry,4,4,22.0,28.59,76.27,0.3661964681277743,0.2997228850722873,-0.38574209853537045,-7.1495128764643665,-14.255379860574134,4.51
City of Cabuyao,Marinig,2025,Dry,5,5,167.5,28.55,78.18,0.40613527912710057,0.33004107715259384,-0.41378461261032207,-6.711873563280674,-11.73214702873212,4.51
City of Cabuyao,Marinig,2025,Dry,6,6,369.0,27.55,83.04,,,,-5.210088638515885,-12.407231150488746,4.51
City of Cabuyao,Niugan,2025,Dry,1,1,51.9,25.88,82.82,0.6867949175330573,0.6058705265824454,-0.6150986861094887,-5.831310463577649,-11.800251579997441,4.96
City of Cabuyao,Niugan,2025,Dry,2,2,89.6,25.97,82.39,0.4499509134482727,0.3755054219134794,-0.4208752950063087,-6.574333013464937,-12.195400136568287,4.96
City of Cabuyao,Niugan,2025,Dry,3,3,48.5,26.88,80.84,0.436656313345027,0.3172516951080703,-0.4266889706136327,-6.7345789051531195,-12.605259516477627,4.96
City of Cabuyao,Niugan,2025,Dry,4,4,22.0,28.9,76.32,0.3523789768098659,0.27888909841196236,-0.35643291692391543,-6.806311338609949,-15.020721998749458,4.96
City of Cabuyao,Niugan,2025,Dry,5,5,167.5,28.86,78.24,0.3863214863541027,0.28160108281005014,-0.37872410757867103,-6.678222192091589,-12.418200120338163,4.96
City of Cabuyao,Niugan,2025,Dry,6,6,369.0,27.85,83.1,,,,-4.220330954649633,-12.68887460878278,4.96
City of Cabuyao,Pulo,2025,Dry,1,1,68.0,24.88,83.75,0.3664032876092412,0.3019094577855124,-0.37554214447692463,-5.284478152581828,-10.691929779343946,5.26
City of Cabuyao,Pulo,2025,Dry,2,2,136.1,25.14,82.02,0.3708322927125702,0.2892838188416986,-0.3537185648176872,-6.043607248620335,-11.096584928160997,5.26
City of Cabuyao,Pulo,2025,Dry,3,3,70.3,26.33,77.99,0.35753085850588534,0.2794442252322964,-0.36733543219733217,-5.945564368067386,-11.100668164513706,5.26
City of Cabuyao,Pulo,2025,Dry,4,4,26.8,28.8,71.23,0.3058415375986504,0.2573287397492459,-0.3295230584779009,-4.114329896112955,-13.754819960797224,5.26
City of Cabuyao,Pulo,2025,Dry,5,5,131.2,28.18,77.62,0.3231609207283178,0.2659050772804306,-0.33259182775335105,-6.017471555738286,-11.285450523157316,5.26
City of Cabuyao,Pulo,2025,Dry,6,6,329.7,26.61,87.22,,,,-1.428602411115339,-11.79351101552511,5.26
City of Cabuyao,Sala,2025,Dry,1,1,51.9,25.86,82.82,,,,-5.844305227362189,-11.65228587404155,3.81
City of Cabuyao,Sala,2025,Dry,2,2,89.6,25.95,82.38,0.43672951936502563,0.5409246666311716,-0.3998893054924549,-6.557031556447025,-11.949372523994246,3.81
City of Cabuyao,Sala,2025,Dry,3,3,48.5,26.87,80.84,0.426745049173902,0.3131722912920046,-0.40248232886957014,-6.469155652996853,-12.090397010302825,3.81
City of Cabuyao,Sala,2025,Dry,4,4,22.0,28.89,76.31,0.34722377256002207,0.2819456178874221,-0.34537630432157557,-6.8822884171969365,-13.752232466688776,3.81
City of Cabuyao,Sala,2025,Dry,5,5,167.5,28.84,78.23,0.3720859486253828,0.28177971189786216,-0.3595883305554095,-6.30538496750569,-11.775155144132462,3.81
City of Cabuyao,Sala,2025,Dry,6,6,369.0,27.85,83.09,,,,-4.674760069912381,-12.012764364065543,3.81
City of Cabuyao,San Isidro,2025,Dry,1,1,68.0,25.58,83.8,0.5098992142681679,0.40247516361925845,-0.4925101595323922,-5.62582882491192,-11.400464623833777,4.69
City of Cabuyao,San Isidro,2025,Dry,2,2,136.1,25.84,82.1,0.5029678246881663,0.4100691751248921,-0.4676471267375998,-6.273232142830555,-11.799155464908269,4.69
City of Cabuyao,San Isidro,2025,Dry,3,3,70.3,27.03,78.08,0.48488128858786256,0.3733032674182587,-0.4773854512969049,-6.244439553845703,-11.864195696953463,4.69
City of Cabuyao,San Isidro,2025,Dry,4,4,26.8,29.5,71.33,0.4121619702154208,0.33361147731896923,-0.4233211563101912,-6.219246583143748,-13.852046502406472,4.69
City of Cabuyao,San Isidro,2025,Dry,5,5,131.2,28.88,77.72,0.4407974753452792,0.3590225163963138,-0.43300972481743305,-6.463734385360579,-12.273435617696089,4.69
City of Cabuyao,San Isidro,2025,Dry,6,6,329.7,27.31,87.28,,,,-4.45530614181607,-12.573308746051222,4.69
