municipality,year,season,rain_m1,rain_m2,rain_m3,rain_m4,rain_m5,rain_m6,temp_m1,temp_m2,temp_m3,temp_m4,temp_m5,temp_m6,humid_m1,humid_m2,humid_m3,humid_m4,humid_m5,humid_m6,ndvi_m1,ndvi_m2,ndvi_m3,ndvi_m4,ndvi_m5,ndvi_m6,vv_m1,vv_m2,vv_m3,vv_m4,vv_m5,vv_m6,vh_m1,vh_m2,vh_m3,vh_m4,vh_m5,vh_m6,ndvi_present,s1_present,suspected_proxy,yield_mt_ha
Alaminos,2018,Dry,125.0,32.4,66.1,34.0,62.1,230.4,23.92,24.3,24.7,26.37,27.61,26.21,85.39,82.26,78.22,77.05,76.93,85.31,0.7435397859575571,0.7888835875615291,0.766086459178217,0.6704707909305652,0.7087469857857358,0.7978070058835129,-5.730454876255691,-6.0534399289936065,-6.261686279322462,-6.546564428335136,-6.082251281895327,-5.999386507350708,-12.150481518899925,-12.653917566197682,-12.982311689570496,-13.021744266134778,-12.341552459289126,-12.80787353976585,6,6,False,3.75584
Bay,2018,Dry,135.5,19.5,70.0,76.0,55.8,245.2,24.7,25.11,25.72,27.13,28.72,26.92,83.95,80.49,75.1,75.49,73.43,85.21,0.6719552388076656,0.7336627744666611,0.6084244869934559,0.5800240045733515,0.42356160287516853,0.5551187153331371,-6.928048388828759,-7.28526722575235,-7.454606132586367,-7.66382597094036,-7.1752558460559275,-7.361322768749925,-13.689309839820034,-13.877214796040871,-14.00850549275519,-13.933728000518466,-13.385863060436437,-14.390850828038886,6,6,False,4.87822
Calauan,2018,Dry,124.3,14.4,59.4,58.3,20.1,226.7,25.06,25.37,25.84,27.3,28.84,27.22,83.3,80.15,75.58,75.47,73.64,84.22,0.7396046551890261,0.7604945510548791,0.7318595800347921,0.6408989817035188,0.5877397955560089,0.6929190583250262,-6.6763248545262055,-6.662787231398431,-6.775787360226712,-7.093235654467822,-6.739996230004414,-6.581241762343073,-13.094993836285159,-13.28796338954368,-13.494688895014173,-13.582696294205665,-12.99711190257508,-13.677155797906497,6,6,False,4.66715
Cavinti,2018,Dry,204.6,46.0,123.3,98.0,92.3,193.3,22.7,22.92,23.18,24.62,25.99,25.24,91.29,88.89,85.27,85.92,84.78,88.28,0.6426587589047028,0.7439003970189232,0.7510661879047335,0.7487977488825538,0.6927828678883217,0.7171323820158509,-6.912182803124155,-7.056670741569406,-6.674661096301146,-7.435291250448524,-7.190973081216131,-7.429496527258528,-13.281113499887734,-13.495588452312687,-13.307208968847272,-14.063313271841443,-13.45839274766383,-14.065352566333946,6,6,False,3.36595
City of Biñan,2018,Dry,204.9,13.9,60.3,83.9,42.1,224.1,24.87,25.3,25.97,27.4,28.83,26.89,82.75,79.55,73.7,74.43,73.29,84.17,0.42303469266336113,0.3814929099574749,0.3346527828357553,0.288812810635818,0.30967063022755836,,-6.461392564733133,-6.354613352274653,-6.354513516747013,-6.60603423245276,-7.232367046004186,-5.587910796042742,-11.998014002285466,-13.013512083598764,-13.234364644958838,-13.441707766194623,-12.836949309284675,-12.652855066073801,5,6,False,4.56303
City of Cabuyao,2018,Dry,165.6,20.2,79.7,113.6,78.2,259.5,24.46,24.91,25.49,26.92,28.43,26.73,85.29,82.29,77.09,77.7,76.0,84.83,0.47166389807529574,0.5143215289326618,0.3787988066317255,0.3559167613367649,0.4156639368099655,0.40998188886183,-6.770120201451504,-6.3599311210589216,-6.532524516225756,-6.740279643128388,-7.670051006877187,-5.834049480697954,-12.281471907936877,-13.587279669880862,-13.899276980160247,-14.005549335992027,-13.131888136560246,-13.509930280721381,6,6,True,4.62105
City of Calamba,2018,Dry,128.5,31.2,77.1,89.1,63.7,234.2,24.07,24.56,25.18,26.58,28.07,26.44,85.66,82.36,76.59,77.55,75.78,85.32,0.557428177916727,0.555825282997113,0.47700293057359905,0.4091749714122332,0.4180717440247209,0.47041715525342936,-6.893022150732967,-7.1605465559346415,-7.400729771557703,-7.687874122958891,-7.929387818377087,-6.639297297570759,-12.669501863281534,-13.659739381894802,-14.025499011449027,-14.221346773831344,-13.762637813667807,-13.409871568423874,6,6,True,4.62105
City of San Pablo,2018,Dry,117.8,25.4,56.4,34.8,70.3,248.7,24.68,25.02,25.46,27.05,28.4,26.9,85.21,82.28,77.95,77.32,76.84,85.59,0.6941209789014527,0.7559855615441566,0.7434048107134055,0.6274181027018545,0.6101580661023657,0.751922169880624,-6.6637206671400655,-6.550091100667904,-6.630948207034074,-7.1118520431814165,-6.846384049476598,-6.230563793276338,-12.73619815262624,-13.003170117140321,-13.24654431708715,-13.555999845368975,-12.918809079912284,-12.84305417022012,6,6,True,3.9914
City of Santa Rosa,2018,Dry,165.6,20.2,79.7,113.6,78.2,259.5,24.46,24.91,25.49,26.92,28.43,26.73,85.29,82.29,77.09,77.7,76.0,84.83,0.5120973082651786,0.466136554060869,0.3881329208435678,0.3445601187152146,0.3579954732523797,,-6.83218794043169,-6.879446496254893,-6.97380471639884,-7.211534482257197,-7.87670672284878,-6.117995343732397,-12.487002842233037,-13.656607142384392,-13.950179017684317,-14.177275718946907,-13.662558387791167,-13.233790563343796,5,6,True,3.9914
Famy,2018,Dry,274.7,19.6,46.0,95.2,17.4,307.2,24.48,24.85,25.15,26.63,28.19,26.82,86.76,83.85,80.03,80.49,78.62,88.23,0.5331329275765162,0.7996262761890145,0.8093884526841435,0.7650325596478701,0.7100568386626048,0.6036658772278019,-6.839860024675122,-6.986895627654144,-6.753689146451711,-7.4865396247645934,-6.599146515982459,-7.045460411333019,-13.107565697596062,-13.37464372459719,-13.358058522946655,-13.757978223821242,-12.562820405837236,-13.6403501880016,6,6,False,4.3845
Kalayaan,2018,Dry,254.2,44.3,119.8,150.7,97.6,272.2,22.77,23.05,23.32,24.61,25.93,25.29,91.5,88.64,85.2,86.98,86.35,90.24,0.6376700262740225,0.76635218610408,0.7186688025652936,0.7453619953381008,0.6947611595866666,0.6089366248802986,-7.118655003548558,-6.968085787383232,-6.76182539505827,-7.501237873704021,-7.193416951070453,-7.212989612428082,-13.459892167118195,-13.235090728388371,-13.292069868521981,-13.920464508034565,-13.24714316532774,-13.659783305010603,6,6,False,3.91285
Liliw,2018,Dry,128.7,24.1,85.8,43.6,35.0,230.7,23.47,23.71,24.08,25.64,27.12,25.81,86.43,84.14,80.08,79.2,77.42,85.35,0.769651740391396,0.8090988888771181,0.7886349678236761,0.7497095189155016,0.7148032888651192,0.7113232503889372,-6.554645346836789,-6.432159764687113,-6.227601230810167,-7.061052231228356,-7.127558290927661,-6.546057271227402,-12.95393046754957,-13.058621210011072,-12.986698495791602,-13.637174844197919,-13.485893081468678,-13.332335944632359,6,6,False,4.16664
Los Baños,2018,Dry,135.5,19.5,70.0,76.0,55.8,245.2,23.65,24.05,24.65,26.05,27.65,25.87,83.85,80.34,74.93,75.34,73.3,85.12,0.6942530388493814,0.7145210182541998,0.6417552823000133,0.5510587384103217,0.746498566516405,0.5923644436568802,-6.118357576855186,-6.240457693333399,-6.432902485861232,-6.635491973911711,-6.47727725124645,-6.456167354547118,-12.360473245661515,-12.79285842485971,-13.103597409757326,-13.112215865843778,-12.569962844131696,-13.007027196497724,6,6,False,4.20141
Luisiana,2018,Dry,227.1,65.0,125.1,79.4,110.2,212.5,21.85,22.0,22.2,23.67,25.04,24.44,93.1,90.86,88.02,87.75,86.49,89.03,0.6822235066638577,0.8283873484460548,0.8071566195083463,0.7985410888717958,0.7661914464733198,0.7907223493671367,-6.19429432688085,-6.369834245506992,-6.1340710205108095,-6.811468443316081,-6.682751074880635,-6.772111091055395,-12.872231731996672,-13.032258335623164,-12.868579559173872,-13.497005712205299,-13.06279323572448,-13.468386001283408,6,6,False,3.20839
Lumban,2018,Dry,254.2,44.3,119.8,150.7,97.6,272.2,22.77,23.05,23.32,24.61,25.93,25.29,91.5,88.64,85.2,86.98,86.35,90.24,0.5827796352638331,0.6952667847803455,0.6933979249955362,0.6996401054749067,0.5810545138354969,0.6627996058540343,-7.560733040099189,-7.442293709329999,-7.36291702314374,-8.092147565060177,-7.776093891702206,-7.631934653600571,-13.74513357923221,-13.801203931821245,-14.054946128344302,-14.472004429704059,-13.751418866682139,-14.047231721536457,6,6,False,4.60063
Mabitac,2018,Dry,246.1,9.1,31.9,86.5,16.0,414.0,24.72,25.06,25.4,26.94,28.61,26.88,81.4,79.35,75.38,75.63,73.14,85.31,0.6210494223229203,0.6952920108998824,0.3975330480470174,0.6734331217609746,0.5709925463579465,0.6571101018852,-8.281612497335427,-8.282475177367889,-8.014242068915499,-8.515338974494954,-7.626885690204921,-7.75138799430399,-14.683549690455513,-14.789981121347296,-14.86646734382914,-14.795121987724873,-13.159571732824658,-14.390195533197334,6,6,False,4.90881
Magdalena,2018,Dry,141.8,19.4,79.0,77.6,17.6,235.8,25.05,25.33,25.78,27.31,28.8,27.38,84.41,81.88,77.09,76.99,75.24,84.08,0.5078499313409925,0.7946828421684256,0.7021860272744288,0.644453803443278,0.5726596130738544,0.7080157361006704,-6.609307737211597,-6.804043784285813,-6.534571960637717,-7.636813418692586,-7.731915490782589,-6.604295798168972,-13.058732303284033,-13.336875174989599,-13.198425994147398,-14.075480584105792,-13.993388957954531,-13.339063870392122,6,6,False,4.08805
Majayjay,2018,Dry,227.1,65.0,125.1,79.4,110.2,212.5,22.79,22.98,23.16,24.61,26.01,25.4,93.15,90.92,88.07,87.82,86.59,89.11,0.7587982210750482,0.8199456972441758,0.8039608938134954,0.7702855619946826,0.7507655655035104,0.7400337594681979,-6.600968809137483,-6.514205918749254,-6.266972388144528,-7.2500865352424375,-7.0531696244204936,-6.862273254427213,-13.09523015988818,-13.145401217579632,-13.00384880942349,-13.741713919684335,-13.320676391014725,-13.546429932532122,6,6,False,4.0237
Nagcarlan,2018,Dry,128.7,24.1,85.8,43.6,35.0,230.7,23.47,23.71,24.08,25.64,27.12,25.81,86.43,84.14,80.08,79.2,77.42,85.35,0.7503989020752585,0.8169610081379047,0.7864011331351026,0.7714784633892697,0.749005264422169,0.7635430597402344,-6.193567202251397,-5.987566556539531,-5.766678926726785,-6.512096618418658,-6.539319707004487,-6.090276691230706,-12.714980438748036,-12.81480933666649,-12.78173009258473,-13.29510379695519,-13.007254353062761,-13.053895607618166,6,6,False,4.34663
Paete,2018,Dry,358.7,90.1,151.7,210.9,89.2,212.1,21.83,22.13,22.38,23.5,24.75,24.49,92.99,89.76,86.26,89.25,89.02,89.97,0.4553655294332452,0.783115820242709,0.7689580036184899,0.8143773231168988,0.7958741308424617,0.13343110936406394,-6.566912418703779,-6.328045624530444,-6.182237889707893,-6.841963701487245,-6.661846067929587,-6.63243024555743,-12.739599148782336,-12.605822410743105,-12.698476978900468,-13.354524886654394,-12.77252302195594,-13.112810302605793,6,6,False,3.19597
Pagsanjan,2018,Dry,141.8,19.4,79.0,77.6,17.6,235.8,25.28,25.56,26.02,27.54,29.02,27.61,84.43,81.9,77.11,77.02,75.29,84.09,0.5436751267142182,0.7633832007490704,0.7073212324904987,0.5715692088028654,0.5115797348114661,0.7435213582221375,-7.107128114973901,-6.8971436100166095,-7.147903813063923,-7.586207891202569,-7.847582042936082,-6.951714550924916,-13.59859422476797,-13.546336299155028,-13.955338746411476,-14.177441607271811,-13.927777331354006,-13.591397971341811,6,6,False,4.90653
Pakil,2018,Dry,201.6,10.9,46.8,120.3,10.2,260.6,25.75,26.18,26.67,28.21,29.87,28.11,78.64,75.57,70.99,70.95,68.47,80.11,0.5025121574225349,0.7436947869870268,0.7349036488807457,0.725525153672743,0.7275148438759628,0.7744717285525635,-7.2194154108162145,-6.894584829371419,-6.7739981127325954,-7.318627740920238,-7.172113794728381,-6.857512462849478,-13.363196219166475,-13.290603968223367,-13.46254648567488,-13.709643983324778,-13.1968079449913,-13.304044115763498,6,6,False,3.94488
Pangil,2018,Dry,381.4,63.2,101.6,176.1,56.5,223.6,22.51,22.81,23.06,24.22,25.62,25.11,91.65,88.87,85.56,88.28,87.12,90.0,0.5958306396632768,0.7993013742254585,0.738390624023808,0.7600069057685598,0.7387158701369724,0.619921683035283,-7.486616891616949,-6.961986910654071,-6.676889044558251,-7.4179716265962,-6.9083968493458725,-6.8160118980387265,-13.60085130410846,-13.476211791441765,-13.415028505059604,-13.813759034775567,-12.835563926809924,-13.370783141900416,6,6,False,4.02727
Pila,2018,Dry,150.2,20.9,61.7,107.0,12.9,225.2,25.61,25.95,26.47,27.94,29.48,27.79,80.92,77.94,73.12,73.33,71.68,83.37,0.2853410805582497,0.7327128234708349,0.5966674167920744,0.47069335598241935,0.5057548667787719,0.4450987154777337,-7.8555687514976205,-8.15718729021649,-8.341645382150263,-8.747004468989548,-7.999626272080167,-8.034817332997473,-14.822177229359387,-14.657083037075266,-14.687502730929836,-14.831193390520003,-13.828443290150204,-15.256713725127655,6,6,False,5.28423
Rizal,2018,Dry,107.3,26.7,88.7,38.0,68.9,283.7,23.05,23.3,23.61,25.24,26.63,25.27,87.18,85.0,81.48,80.25,79.31,86.83,0.7337178565411281,0.8163317891423332,0.8035489648075381,0.8011705543936889,0.7463498515540868,0.7441268190747305,-6.519019231669124,-6.2409881950580495,-6.0662588590450754,-6.70318762329739,-6.638595322894686,-5.951948532138664,-12.734405740710173,-12.890572074893683,-12.918158654217349,-13.408565241796206,-13.11824708645739,-12.65195195782342,6,6,False,3.71529
Santa Cruz,2018,Dry,150.2,20.9,61.7,107.0,12.9,225.2,25.43,25.77,26.29,27.76,29.31,27.61,80.88,77.91,73.09,73.31,71.66,83.35,,0.6817040327582434,0.5718092145676784,0.5560117106514441,0.5127182703606555,0.523705733190237,-7.803565549270158,-7.455366117383472,-7.783776251196138,-8.104181528358403,-8.104286475578908,-7.294476675911808,-14.100883849165811,-14.223023721134155,-14.591480985384868,-14.591414946604589,-13.753602843056767,-14.267151023378952,5,6,False,5.05911
Santa Maria,2018,Dry,304.2,14.6,36.3,67.0,42.8,381.4,24.54,24.97,25.16,26.73,28.25,26.6,84.59,81.39,78.53,78.79,76.97,88.13,0.7454807865237996,0.8175542986453219,0.7902806305394218,0.6922247810268789,0.6802827595876922,0.5391217462853624,-7.153819094031347,-7.222971585782016,-7.093511336061129,-7.627104613000972,-7.129705299462003,-7.0389906912888245,-13.410778818711492,-13.56447265525275,-13.679728677030681,-13.989479753172827,-13.130443786789998,-13.72208064129747,6,6,False,5.11797
Siniloan,2018,Dry,367.8,32.2,57.7,90.2,35.2,277.3,22.57,22.92,23.11,24.45,25.97,25.0,90.01,87.06,84.0,85.91,83.89,89.84,0.5974202158411467,0.7980936607713104,0.772026342391334,0.7557573659215608,0.7241841394343098,0.6039988394580199,-7.031092289353014,-6.914489245476897,-6.805593369785914,-7.40344351390771,-6.728123740485803,-6.917622921716756,-13.346204252581858,-13.344423518853953,-13.332285467314508,-13.705353050256532,-12.646069309767967,-13.473343287179734,6,6,False,5.00763
Victoria,2018,Dry,150.2,20.9,61.7,107.0,12.9,225.2,25.61,25.95,26.47,27.94,29.48,27.79,80.92,77.94,73.12,73.33,71.68,83.37,0.5396000779593287,0.6673587063520493,0.5763908186934948,0.457601957459156,0.44837909675437737,0.40434562964523724,-8.995644159992983,-8.896796240575291,-9.03829092331813,-9.29293402916958,-8.493413718790745,-8.650576420785294,-16.030982050128888,-15.590890541512687,-15.471925273297376,-15.371246960705388,-14.326451877199116,-16.002315794317497,6,6,False,5.09922
Alaminos,2018,Wet,626.4,188.9,417.0,120.7,45.1,282.7,25.21,25.68,25.25,25.28,25.21,24.54,90.46,86.49,89.29,85.81,83.21,85.54,,,0.7649330543694148,0.66151269190856,0.8212117812309108,0.7067476011087398,-5.454776463755554,-6.251848869295582,-6.129646727319168,-6.233904560872154,-6.32153691476946,-5.415078631384699,-12.168127531716609,-12.973558897823706,-12.812485539564426,-12.99771751795367,-13.151614266170329,-12.148730486191425,4,6,False,3.96832
Bay,2018,Wet,580.2,191.4,466.4,90.5,67.7,357.0,25.79,26.4,26.01,26.32,26.23,25.3,91.41,85.97,89.26,83.32,80.13,84.62,,0.5104881345663062,0.5781832346842699,0.7937034223294103,0.5839622789853582,0.6104480972038938,-6.754563688900824,-7.4849587019182815,-7.17394112654477,-7.3236451526407995,-7.447516015190278,-7.541958986731825,-13.710325532204406,-14.195522243988185,-13.531475595901654,-13.761089605382589,-14.431139578594612,-14.706447898721667,5,6,False,4.03836
Calauan,2018,Wet,608.7,218.9,474.3,95.5,66.9,372.0,26.02,26.67,26.23,26.58,26.36,25.5,91.41,85.39,89.45,82.8,80.95,84.98,,0.5571440349476494,0.6853581885925939,0.7749149057356917,0.7506650629385874,0.6764574915416863,-6.293428637365764,-6.867863498894672,-6.627471930618359,-6.715979657599833,-6.72018675691132,-6.403492108501597,-13.095336398046014,-13.625858724079148,-13.18978979070509,-13.361372951699838,-13.711754548959915,-13.528106494908116,5,6,False,4.04658
Cavinti,2018,Wet,442.6,240.4,339.7,121.3,236.6,737.3,24.31,24.75,24.42,24.4,23.77,23.1,93.12,88.91,91.79,88.96,90.67,93.08,,0.701950393518331,0.7259002978790923,0.7427827514550469,0.77118526171764,0.6577569325696848,-6.816462235975549,-7.455063096481196,-7.477317357282135,-7.245874952852188,-6.984019082931115,-6.705162148611138,-13.47666774209989,-14.088408703717018,-13.911635787066079,-13.93625429256631,-13.639582795512824,-13.384252955165527,5,6,False,3.95193
City of Biñan,2018,Wet,482.5,177.0,362.8,95.2,87.6,348.9,25.78,26.34,26.03,26.47,26.39,25.55,89.83,85.24,88.0,82.61,79.46,83.19,,,0.42238172760261306,0.4312907311605422,0.4036703635058903,0.40057253329327036,-6.050117540686844,-5.915254454440455,-5.960119283947168,-6.158406601708722,-6.234670695245686,-4.702361703821067,-11.790834591916607,-12.914653347289073,-12.81339768087534,-12.98535453459133,-13.06626002396459,-11.884111275157668,4,6,False,3.82552
City of Cabuyao,2018,Wet,439.6,151.1,370.8,93.2,97.2,349.7,25.73,26.19,25.87,26.1,25.94,25.11,89.75,85.9,88.45,84.62,82.58,86.03,,0.410940059870901,0.6496504456865871,0.49486505515992585,0.4854795021172805,0.3607253905784897,-6.6230241037710424,-6.175608926146927,-6.161966556052687,-6.403504983685766,-6.336030343178416,-4.978440378688877,-12.412700247865423,-13.797896717801988,-13.537258475205622,-13.775275383319089,-13.9005637913619,-12.68131168637955,5,6,False,3.86934
City of Calamba,2018,Wet,479.4,167.8,345.1,76.4,63.5,338.9,25.51,25.81,25.61,25.7,25.58,24.76,89.46,86.71,88.46,85.06,82.46,85.85,,0.47341163619798116,0.5866473553355981,0.5767312331576389,0.5775740416354607,0.49102310451320097,-6.473708908078759,-6.954290581950601,-6.73020209817174,-7.127600141649675,-7.126137045863984,-5.877875841499079,-12.597883309741063,-13.65098858729742,-13.323263635852305,-13.683821440255057,-13.78310056118098,-12.638622846750161,5,6,False,3.84386
City of San Pablo,2018,Wet,581.1,185.0,435.9,112.8,43.0,310.8,25.84,26.33,25.98,26.1,25.94,25.2,90.92,86.85,89.52,85.3,83.22,86.03,,,0.7427215682406956,0.6583948222909752,0.7297668129554569,0.6721440610590605,-6.253127009505819,-6.55684515194321,-6.508023240206421,-6.579818791732452,-6.649539423576955,-5.876463502986551,-12.806843685710016,-13.28030707640673,-13.078293354478133,-13.178344169283662,-13.334570254531242,-12.473124314513417,4,6,False,3.9399
City of Santa Rosa,2018,Wet,439.6,151.1,370.8,93.2,97.2,349.7,25.73,26.19,25.87,26.1,25.94,25.11,89.75,85.9,88.45,84.62,82.58,86.03,,,0.4490817063343655,0.48077042318006763,0.46576559613941537,0.4972126927580516,-6.473731788141556,-6.371125925931224,-6.379918200400153,-6.653670717405572,-6.725589529341004,-5.260306856133282,-12.378159833111543,-13.490131734696565,-13.382324204822691,-13.612783589859793,-13.714784047367804,-12.455963450160173,4,6,False,3.90999
Famy,2018,Wet,487.8,309.8,336.9,90.7,148.6,608.9,25.83,26.2,26.16,26.33,25.69,24.96,92.55,89.95,89.9,85.16,85.93,88.69,,0.70447998986166,0.7910913015555049,0.76143727494216,0.8357185519576388,0.4806863870310616,-6.780357491974029,-6.800073524611062,-7.05601697911961,-7.163861345249863,-6.72146145837104,-6.667701631869059,-13.490695838447794,-13.470898655327723,-13.478977037672955,-13.766266022628185,-13.452357672429864,-13.41036579581072,5,6,False,3.85891
Kalayaan,2018,Wet,503.9,334.5,481.4,180.1,277.0,822.8,24.33,24.83,24.55,24.54,23.86,23.09,94.83,90.54,92.58,89.54,91.17,94.14,,0.7564099841253858,0.7256802368904547,0.6975074206714005,0.7571997670128287,0.5927595148925878,-7.078285720176282,-7.089371526287709,-7.353486782931966,-7.346656621484997,-6.836859815638628,-6.658129697996924,-13.758095277452934,-13.653286101726163,-13.65003607880011,-13.842025743897521,-13.443427023953285,-13.317792605263984,5,6,False,3.89805
Liliw,2018,Wet,516.4,250.7,394.1,115.7,100.0,435.2,24.72,25.19,24.86,25.06,24.67,23.92,91.38,86.75,89.79,85.08,85.1,87.97,,0.5367226182306464,0.7355712451047943,0.7550492149463163,0.824356083183218,0.6298196721674142,-6.428504471108994,-6.938514119274705,-6.699581594594554,-6.757548861523705,-6.349025899333788,-6.129522806011428,-13.003572535542975,-13.554305946780511,-13.320323915984549,-13.484098953807264,-13.185503138140104,-12.971982030600682,5,6,False,4.09509
Los Baños,2018,Wet,580.2,191.4,466.4,90.5,67.7,357.0,24.73,25.33,24.95,25.26,25.19,24.24,91.32,85.89,89.18,83.21,79.99,84.51,,0.5839151351361443,0.6164883499812204,0.8359429949624313,0.6311502345679461,0.6557153482906404,-5.846748270595081,-6.607120658503173,-6.438883751967727,-6.656875501205657,-6.530605537220694,-5.804904819749981,-12.366106332871594,-13.171149547798205,-12.954127752369896,-13.26237116153789,-13.250142508825006,-12.550203495395381,5,6,False,3.90191
Luisiana,2018,Wet,456.7,247.4,382.9,150.7,232.3,689.8,23.62,23.96,23.65,23.54,22.95,22.32,93.28,89.53,92.34,90.28,92.15,94.03,,0.6228298098257529,0.7711028736996607,0.7359681180185825,0.8253675745848142,0.672155733216674,-6.247745869462929,-6.862876744678921,-6.744247412056219,-6.61407653650763,-6.491208610484418,-6.174042418245352,-13.076749717166932,-13.616739126946426,-13.441558027944145,-13.383478547200536,-13.289242681998441,-12.956295437512235,5,6,False,3.84091
Lumban,2018,Wet,503.9,334.5,481.4,180.1,277.0,822.8,24.33,24.83,24.55,24.54,23.86,23.09,94.83,90.54,92.58,89.54,91.17,94.14,,0.7004367956603504,0.6669188749982575,0.6921540187255858,0.6794386082175858,0.4656772997606438,-7.314868612475041,-7.750331474202536,-7.908664708699143,-7.917974407588664,-7.415429383076965,-7.153468768332591,-13.92040226507604,-14.485812697028061,-14.237331364296331,-14.399091457802532,-14.161547743629443,-13.940116745692915,5,6,False,3.74992
Mabitac,2018,Wet,641.3,350.3,399.7,113.2,82.9,484.5,25.8,26.25,26.15,26.43,26.04,25.3,89.98,87.19,87.28,81.88,80.07,83.07,,0.6328130696946146,0.7191673664003579,0.594330223137546,0.7054125252454782,0.437011422207117,-7.963278182699196,-8.098616928619082,-8.312364997599987,-8.47771352895017,-8.051093465379305,-8.545789273551403,-14.890812585646026,-15.457843489956748,-14.830666752440855,-14.97805128103506,-14.885244777986372,-15.368934250681452,5,6,False,3.80991
Magdalena,2018,Wet,516.4,243.4,377.3,82.7,139.6,525.3,26.22,26.75,26.41,26.7,26.24,25.47,90.34,85.65,88.42,83.14,83.24,86.26,,0.6086804463771376,0.7213084927271324,0.6917324766584254,0.7650348440037303,0.6613666984100277,-6.305113998287458,-7.11133179514844,-6.846916906584752,-7.244205584774522,-6.842906540918092,-6.252948777308907,-12.930977388643408,-13.710441175688343,-13.409019129189316,-13.875221378879841,-13.727723531539421,-13.173313397721431,5,6,False,4.09017
Majayjay,2018,Wet,456.7,247.4,382.9,150.7,232.3,689.8,24.57,24.91,24.61,24.5,23.91,23.28,93.34,89.61,92.4,90.35,92.18,94.07,,0.4721379394200961,0.7596325935743824,0.7195586884048457,0.8270814616722616,0.6694356791538715,-6.499181948003583,-7.1140676024237965,-6.978722603979194,-6.798329696536922,-6.441060248732816,-6.273305513871033,-13.20457020311575,-13.742436067636026,-13.476356049697202,-13.394085973552475,-13.175049743861653,-13.037638725107499,5,6,False,4.01441
Nagcarlan,2018,Wet,516.4,250.7,394.1,115.7,100.0,435.2,24.72,25.19,24.86,25.06,24.67,23.92,91.38,86.75,89.79,85.08,85.1,87.97,,0.5658154981786555,0.7675162972043653,0.7739688611880907,0.8400350341368362,0.6340811782005337,-5.8811743924500535,-6.406518089731054,-6.2812136718623455,-6.397876247884463,-5.8786489003672955,-5.6531621758948,-12.75651125274554,-13.341027500599543,-13.192030213220042,-13.355099610824087,-12.889818542435519,-12.635426299071538,5,6,False,4.02554
Paete,2018,Wet,336.1,259.1,301.8,177.6,346.0,999.7,23.6,24.02,23.82,23.69,22.97,22.21,94.08,90.62,91.89,89.73,92.13,95.43,,0.7993213477816856,0.7717072903741724,0.7700551225416699,0.8210675067752542,0.5746353337922127,-6.674272117802838,-6.667532206030022,-6.791784556942434,-6.822333763183014,-6.334056338527916,-5.895505041122916,-13.188531591033453,-13.140745065124658,-13.10522973440148,-13.38547849510242,-12.896004303202979,-12.525060424596573,5,6,False,3.9553
Pagsanjan,2018,Wet,516.4,243.4,377.3,82.7,139.6,525.3,26.45,26.98,26.64,26.91,26.47,25.68,90.36,85.67,88.44,83.16,83.26,86.28,,0.669418464332595,0.6504087960790164,0.6594616572707311,0.7132299557610962,0.6068361545266884,-6.640506545997864,-7.09026666152761,-7.012524243028699,-7.309322061148554,-7.09857475021544,-6.938785421173219,-13.093600674298981,-13.719531337667503,-13.53654128441558,-14.029295248486717,-14.284310492400174,-14.260087232983174,5,6,False,3.75018
Pakil,2018,Wet,467.3,192.0,358.3,80.5,93.6,496.0,26.9,27.45,27.17,27.64,27.2,26.38,85.57,81.96,83.48,77.42,76.09,79.47,,0.6818145541184185,0.7157891302792595,0.7183858475360845,0.8147501454091902,0.689324994542983,-6.952867657484191,-7.026795032222416,-7.150146663334022,-7.265280941615023,-6.9366842313911175,-6.202237022086485,-13.547961859329652,-13.697348687508601,-13.550644693264118,-13.83005884702948,-13.598543827467324,-12.8726192041835,5,6,False,3.16682
Pangil,2018,Wet,351.4,247.9,303.0,133.2,300.0,901.3,24.26,24.58,24.48,24.42,23.7,22.97,93.52,90.94,91.53,88.8,90.77,93.61,,0.7346487091498081,0.7458758550361763,0.7607528887297967,0.7968746384145767,0.5664695862132789,-7.050364352499617,-7.053023785971503,-7.330368578903195,-7.422497105513605,-6.736078052219602,-6.583627306163238,-13.702885231077795,-13.860909227980102,-13.692140629398114,-13.925610360651925,-13.453891217455984,-13.302151891303806,5,6,False,3.83037
Pila,2018,Wet,561.0,168.0,395.0,76.9,99.3,427.8,26.5,27.2,26.76,27.25,26.93,26.02,91.09,84.66,88.2,80.74,78.81,83.03,,0.48020406873132143,0.6641589421671078,0.4569425793622756,0.5618345553767713,0.2773504683093444,-8.249156312831428,-8.36191328073774,-8.363363974156195,-8.20830149016238,-7.4817878062059195,-9.476323086611705,-15.47007485040181,-15.551190602033792,-14.417958146159936,-14.383920039995607,-14.362640291773182,-17.5871919526331,5,6,False,4.00724
Rizal,2018,Wet,611.9,237.8,471.6,132.8,59.5,338.4,24.24,24.69,24.38,24.5,24.22,23.54,92.43,88.34,90.65,86.82,85.86,88.3,,,0.7455935634031828,0.7744686426670753,0.8398928508893346,0.6618652669024363,-6.062344022638657,-6.536531983182664,-6.444001754026146,-6.5134318123104995,-5.879758419584332,-5.756056583942724,-12.867310957001704,-13.28417969779201,-13.152110435332341,-13.333399868745248,-12.718868186307782,-12.522361838567363,4,6,False,4.03508
Santa Cruz,2018,Wet,561.0,168.0,395.0,76.9,99.3,427.8,26.33,27.01,26.58,27.05,26.76,25.82,91.08,84.64,88.18,80.72,78.79,83.01,,0.5155224646245674,0.6037363283456516,0.48347795479145617,0.6041292546879921,0.43523717653136573,-7.881943001505707,-7.698932566063062,-7.825510464242312,-7.753105040092965,-7.130093169444895,-7.997783416283612,-14.473651012225034,-15.142654585791018,-14.288826909037299,-14.306556798317075,-14.22199538861711,-15.775974246037011,5,6,False,3.93378
Santa Maria,2018,Wet,559.1,348.5,353.5,97.6,85.2,471.1,25.6,25.95,26.02,26.28,25.76,25.05,93.13,90.13,89.36,83.77,83.77,86.77,,0.6925050163101849,0.7100931533683804,0.7643754399083348,0.7479618140164311,0.326119584596966,-6.8596492253640635,-6.993833339234287,-7.079549953625851,-7.282414052401753,-7.167868989395678,-6.926791182372284,-13.526385768080617,-13.8175671624822,-13.653765306484313,-13.95109200329769,-14.043827399467256,-13.743159382631294,5,6,False,3.9053
Siniloan,2018,Wet,416.2,304.4,324.1,102.4,192.4,689.6,24.16,24.4,24.44,24.42,23.77,23.05,93.89,91.35,91.11,87.92,89.36,92.22,,0.7720768320012515,0.7882270735768985,0.72445696891557,0.8092182756795382,0.34261124881162414,-7.046732448614039,-6.919647776703295,-7.226720692163755,-7.308416561339707,-6.70286746464567,-6.783285726694531,-13.78985430989993,-13.668178230654501,-13.596332149840126,-13.787747783729213,-13.260554708761038,-13.458380275520506,5,6,False,3.82081
Victoria,2018,Wet,561.0,168.0,395.0,76.9,99.3,427.8,26.5,27.2,26.76,27.25,26.93,26.02,91.09,84.66,88.2,80.74,78.81,83.03,,,0.5901612890284924,0.22003571207312744,0.5067735316865646,0.5287847568557463,-9.134294648766476,-9.106403910005449,-8.62174791893451,-8.510147660004627,-8.304411354029675,-10.656662803197234,-16.351328918487535,-16.612276963698385,-14.970376503109883,-14.88170991217086,-15.364930265993463,-18.848670024298958,4,6,False,4.00981
Alaminos,2019,Dry,14.7,15.4,32.7,17.9,137.5,195.4,23.25,23.39,25.33,27.49,27.06,27.27,82.04,77.58,74.0,71.19,82.53,83.65,0.8192801355810245,0.7668120599909818,0.7183035665192719,0.6357583784609259,0.780765726782359,0.8001902662614903,-6.370127566578739,-6.523250074950137,-6.8569082154536165,-7.265105959875047,-6.617340800829008,-6.375726374534436,-13.1043749892532,-13.221440288272332,-13.315743484162482,-13.547628882694184,-13.25578518028238,-13.249078505226421,6,6,False,5.32157
Bay,2019,Dry,32.2,11.6,16.9,30.2,218.4,260.1,24.33,24.38,26.2,28.3,27.6,27.77,79.38,75.82,72.1,70.31,84.48,85.67,0.6712863239298864,0.7375331096984704,0.5686806395108792,0.5579291821523646,0.6889791798429523,0.6137928110512231,-7.532090113533425,-7.697262734492459,-7.959731505582835,-8.064765584966283,-7.588092587319273,-7.043091684334134,-14.722333734654455,-14.559420622651187,-14.305368975955698,-14.343030735772555,-14.160717200905996,-14.02283282489634,6,6,False,5.53773
Calauan,2019,Dry,29.6,10.8,23.5,25.2,197.0,219.5,24.58,24.51,26.22,28.28,27.81,28.07,79.19,76.25,72.94,71.42,83.35,84.21,0.772351535252888,0.7605914641276618,0.6664394558982175,0.6513807975522462,0.7661559564736297,0.719386812238099,-6.915233246720294,-7.106207839391239,-7.476491711165257,-7.564146488592691,-6.945191381370156,-6.543754104688874,-14.066794999064918,-13.973644367459196,-13.914059241283306,-13.91551937855525,-13.666697785447395,-13.547326005182304,6,6,False,5.49966
Cavinti,2019,Dry,163.5,61.1,26.5,80.1,220.9,247.3,22.13,22.21,23.79,25.57,25.9,25.99,88.01,84.79,82.08,81.52,86.78,88.6,0.7692442197990098,0.5907202388545545,0.7461250949623095,0.736399101131072,0.7103494148134419,0.7069949266353786,-7.301908410071724,-7.659836605579399,-7.853199278544947,-7.9619225750607034,-7.701179643881471,-7.676937975698404,-14.11689382634895,-14.454249882454054,-14.483349170156938,-14.447052374473701,-14.275392982197383,-14.303301412281884,6,6,False,4.82972
City of Biñan,2019,Dry,26.5,7.8,9.1,18.8,210.9,279.1,24.57,24.89,26.61,28.52,27.85,27.95,78.98,74.2,70.82,69.23,81.72,82.73,0.3528244775776175,0.3991014633910328,0.3224652428163592,0.30770409599212395,0.4092467002499378,0.38466096262027427,-6.201869645465856,-6.408246797743817,-6.6081479061739525,-6.712888567798988,-5.161978960904089,-5.422303734762337,-13.194008035615704,-13.457557081183726,-13.538834579953788,-13.63673474995587,-12.266276257073741,-12.534821250043661,6,6,False,5.01075
City of Cabuyao,2019,Dry,31.1,12.6,10.6,47.1,223.4,319.5,24.14,24.4,26.19,28.09,27.48,27.62,81.81,77.33,73.53,72.34,83.53,84.71,0.5271735782648642,0.6961959226841768,0.4231934372955152,0.41867757652378235,0.5252570801251336,0.4938547108375737,-6.2639165018525915,-6.526294827696837,-6.740940672052841,-6.962859408398642,-5.860219953195521,-5.701706580472236,-13.942764334596982,-14.146134993446804,-14.21485456782269,-14.34341668976058,-13.457558697335825,-13.420264963252775,6,6,False,5.20236
City of Calamba,2019,Dry,25.5,15.0,23.0,24.8,201.1,282.7,23.69,24.02,25.84,28.04,27.3,27.34,81.96,76.88,73.13,69.9,82.99,84.61,0.5365816868551957,0.6192425015403081,0.44669681765897135,0.45681742766771943,0.5959922597121354,0.5949391104261827,-7.094850733720887,-7.412728072339131,-7.685229655585517,-7.866043581881845,-6.697510836374582,-6.889324013828083,-13.873894960667437,-14.166699212082136,-14.35208216858545,-14.484430448728387,-13.416580348974213,-13.748599551123883,6,6,False,5.19324
City of San Pablo,2019,Dry,16.4,10.6,29.7,27.0,142.9,195.1,23.97,24.03,25.99,28.18,27.65,27.86,82.27,78.79,74.76,71.99,83.54,84.69,0.7797285856513126,0.7351223340061159,0.6285651684761373,0.5607324523074267,0.6882386280722531,0.6817765090571569,-6.84459773068628,-7.161997777129708,-7.584230621445758,-7.952824875372357,-7.29465836736999,-7.240047980922056,-13.479755189964095,-13.781656971938116,-13.999868282102103,-14.279504546686914,-13.920073449254236,-13.977448502378374,6,6,False,5.2382
City of Santa Rosa,2019,Dry,31.1,12.6,10.6,47.1,223.4,319.5,24.14,24.4,26.19,28.09,27.48,27.62,81.81,77.33,73.53,72.34,83.53,84.71,0.4327206782925183,0.4027502953861446,0.39343745042698064,0.3614716198058164,0.5027181996765954,0.45601934641018693,-6.72324434336829,-6.950020782240759,-7.213296443654243,-7.392594851361278,-5.891283702970857,-6.415760433267312,-13.87586194919008,-14.109929530261304,-14.295839871101451,-14.474671896667482,-13.03498224967827,-13.60701285064826,6,6,False,5.05812
Famy,2019,Dry,93.2,31.1,8.7,20.0,177.3,213.1,24.03,24.16,25.94,27.72,27.8,27.72,84.22,80.5,76.32,75.62,84.76,86.74,0.6627201860848703,0.7692689670590757,0.754711079324597,0.7077460921777505,0.7767364210025045,0.7869429195344994,-7.139578752667996,-7.446876343318333,-7.605999899042007,-7.8745420611887225,-7.304659470555377,-6.779526554731122,-13.884731498000447,-14.110171775245602,-14.032322872917351,-14.137657926544316,-13.778667305629392,-13.478347822840055,6,6,False,5.50137
Kalayaan,2019,Dry,176.9,65.7,29.6,52.4,290.0,248.1,22.29,22.41,23.92,25.7,26.08,26.06,88.26,84.48,82.43,81.87,88.22,89.79,0.746888653747963,0.6945325590613985,0.7726453344036128,0.7278222331502217,0.7540256389263108,0.7851346879916068,-7.052111707492537,-7.5667221971512015,-7.869344327189507,-8.085923998459146,-7.6024482152794635,-7.227636704930336,-13.7388353160243,-14.345727415663713,-14.380516189601476,-14.346385874284765,-13.958446868833425,-13.656143378272626,6,6,False,5.17297
Liliw,2019,Dry,62.9,16.4,19.0,31.4,220.1,229.0,22.93,22.97,24.74,26.62,26.36,26.57,83.03,79.75,75.8,75.0,84.62,85.36,0.7914128248898666,0.7850513150474393,0.6897544852902375,0.7442403526452259,0.7615217062234965,0.7788067873836346,-6.732067388528314,-7.179425786192799,-7.41421701451985,-7.411721962209747,-6.9089204921018785,-6.647704338624418,-13.61696138746242,-13.988374862714346,-14.009478548303788,-13.947903380742456,-13.677077518060553,-13.538730797466037,6,6,False,5.45782
Los Baños,2019,Dry,32.2,11.6,16.9,30.2,218.4,260.1,23.28,23.32,25.13,27.25,26.54,26.71,79.24,75.67,71.92,70.13,84.37,85.57,0.5553720709327975,0.760297549250894,0.5571987727944706,0.674854371530467,0.7762008669422824,0.7147692611662629,-6.55080453062523,-6.794106062024267,-6.917830151857462,-7.075941291900332,-6.739721928693774,-6.354013862862409,-13.350343564993596,-13.52578876969914,-13.440331129827971,-13.442793231950386,-13.253478948719984,-13.12383856622737,6,6,False,4.94872
Luisiana,2019,Dry,189.2,64.0,38.9,56.9,246.4,248.1,21.21,21.19,22.77,24.59,24.95,25.13,89.99,87.13,83.9,83.28,88.21,89.37,0.7823506537697872,0.8004984586870856,0.7643637018997403,0.78165409322177,0.7687980028823214,0.8324689023811271,-6.6518999888476875,-7.046069087009808,-7.2908284822889255,-7.376307209809148,-7.1074478862558434,-6.995215211364397,-13.611829605870968,-13.97609818385414,-13.954023783216885,-13.912562408540932,-13.795517221061058,-13.826807021537906,6,6,False,4.87274
Lumban,2019,Dry,176.9,65.7,29.6,52.4,290.0,248.1,22.29,22.41,23.92,25.7,26.08,26.06,88.26,84.48,82.43,81.87,88.22,89.79,0.6771380712411824,0.6366046306233508,0.7090042263875667,0.6874914188810962,0.7321534165914703,0.7364189554338804,-7.673252496555557,-8.111085669351917,-8.237329988758061,-8.37631337294694,-7.926176181863919,-7.864271705305489,-14.502222630651008,-14.859878013498314,-14.897811359636853,-14.792499103823523,-14.330243278284094,-14.345341617689185,6,6,False,5.44042
Mabitac,2019,Dry,40.4,13.6,5.7,13.9,170.1,301.0,24.26,24.42,26.09,28.04,27.82,27.84,79.15,75.49,72.7,70.85,82.06,83.14,0.6175319733142687,0.7282764265171349,0.6890804853791286,0.6076132387276034,0.7249855116097089,0.7115088778053648,-8.484593713747802,-8.452502161933442,-8.676175004020848,-8.851401203410283,-7.555122653562782,-7.875392962946322,-15.782193247833233,-15.625161154825022,-15.203375240146482,-15.132909561528795,-14.004600002451491,-14.66399468506032,6,6,False,5.48666
Magdalena,2019,Dry,67.7,25.3,10.6,26.3,159.3,208.1,24.59,24.77,26.52,28.38,28.04,28.2,80.82,76.84,73.16,72.18,82.33,83.55,0.765265076721622,0.7458119079585231,0.5522448989129556,0.6259862133203027,0.7090444747851266,0.7471020700947916,-7.176996326845248,-7.640022488008587,-8.034843595361037,-8.05148071278772,-7.2450440154555515,-7.0812738043253365,-14.00426720178224,-14.341533411533353,-14.638726119331864,-14.617531536345583,-13.988353925836188,-13.969398114178103,6,6,False,5.3544
Majayjay,2019,Dry,189.2,64.0,38.9,56.9,246.4,248.1,22.15,22.15,23.73,25.54,25.93,26.08,90.08,87.19,84.0,83.38,88.28,89.44,0.7345294159515583,0.8172667965922378,0.6985597221889924,0.7781270408662929,0.7936036803062481,0.8213050038484494,-6.822888269390135,-7.3004080973380665,-7.557372276203313,-7.621488749818997,-6.999027690963389,-7.090429363054492,-13.711625786011203,-14.14866028617249,-14.104435110322997,-14.046786428631988,-13.702226754015957,-13.92951528473955,6,6,False,5.18956
Nagcarlan,2019,Dry,62.9,16.4,19.0,31.4,220.1,229.0,22.93,22.97,24.74,26.62,26.36,26.57,83.03,79.75,75.8,75.0,84.62,85.36,0.8277540431325386,0.8212365322275996,0.7652597557854725,0.7771024349844697,0.7920202215127949,0.8418933185739291,-6.377616649688314,-6.666938936502181,-6.905943028683807,-6.9458043120507424,-6.551157275255045,-6.006519968125333,-13.382989055307487,-13.629266994966759,-13.626124943790598,-13.5888421569309,-13.420063493641315,-13.004447501249027,6,6,False,5.22929
Paete,2019,Dry,266.6,99.4,47.2,68.4,168.2,189.2,21.43,21.52,22.9,24.57,25.26,25.21,89.05,85.22,83.61,83.79,87.88,89.78,0.8015369496620056,0.7416928567952988,0.8129410901451672,0.7952924718934963,0.7929235524950918,0.8518528764570693,-6.374243688956281,-6.996739430640934,-7.067551571540364,-7.226147525410134,-6.860532043710371,-6.648551935237077,-12.996161694182787,-13.626032342518926,-13.623882499197826,-13.565587093948189,-13.210949208661996,-13.095761655913275,6,6,False,5.26066
Pagsanjan,2019,Dry,67.7,25.3,10.6,26.3,159.3,208.1,24.81,24.99,26.74,28.61,28.25,28.43,80.84,76.88,73.19,72.22,82.35,83.57,0.7417693086468152,0.701913236769498,0.5933439870503104,0.6099389387853857,0.6660561543401619,0.6923957847508705,-7.210319388236294,-7.759543051261175,-7.807107046205162,-7.872688439481511,-7.0443317231732285,-7.3057907050271185,-14.446825438762698,-14.64306517754731,-14.549531355924723,-14.521360114955451,-13.732423557120438,-14.20677169993364,6,6,False,5.46951
Pakil,2019,Dry,24.9,10.5,4.5,11.8,101.3,206.1,25.47,25.84,27.53,29.34,28.95,29.11,74.98,70.21,67.05,66.03,76.36,76.8,0.7769368027611762,0.6835175722777044,0.7689710795863901,0.7476606655414553,0.7588726034403719,0.8178640523207417,-6.945072814809153,-7.358430511559231,-7.4609349797459785,-7.6720386085854955,-6.921752730312732,-7.02962134573395,-13.68171705090052,-14.05701470038937,-13.971476286857849,-13.915154716468974,-13.244009174628966,-13.610919153436544,6,6,False,4.96559
Pangil,2019,Dry,250.3,97.0,35.9,68.3,170.2,180.0,22.1,22.14,23.55,25.24,25.99,25.89,88.42,85.33,83.49,83.53,87.22,89.31,0.73879944918996,0.7111932636524922,0.7520096947823041,0.7580983298662212,0.7532746110742553,0.7869916381070962,-7.212200930742312,-7.394094269701993,-7.543160093234274,-7.822465558205042,-7.135338946473209,-7.120345568210119,-14.021409411493826,-14.310056132012008,-14.124330018391104,-14.063084786934278,-13.471223107157737,-13.717812663119176,6,6,False,5.30267
Pila,2019,Dry,34.0,14.9,8.5,21.6,189.7,199.6,25.3,25.4,26.98,28.95,28.33,28.64,76.4,73.02,70.37,69.3,82.88,82.78,0.6184216202252276,0.715438552642211,0.5891081886654375,0.49893226619179476,0.5528399034653957,0.5992216842016598,-8.371963384330202,-8.637568675030227,-8.883570858887426,-8.648984599219892,-8.042785735759551,-6.8321327001994705,-16.522307094314595,-15.652522170447657,-15.10637483520686,-14.851181726339222,-14.088234990576822,-12.856692051467235,6,6,False,5.57892
Rizal,2019,Dry,32.1,12.0,38.5,37.4,238.3,214.8,22.29,22.3,24.15,26.14,25.93,26.11,84.56,81.43,77.72,76.15,85.33,86.67,0.843449742686161,0.803540069544175,0.729970168144471,0.7450333449198995,0.7910311042299194,0.8261973038999239,-6.676823946940224,-6.883021114492335,-7.205666072824859,-7.346424958819004,-6.762080824057371,-6.283417105467227,-13.371708859524714,-13.616509616567566,-13.78815539705349,-13.806125137479274,-13.468278126079756,-13.180012210220681,6,6,False,5.33963
Santa Cruz,2019,Dry,34.0,14.9,8.5,21.6,189.7,199.6,25.12,25.21,26.81,28.79,28.14,28.44,76.37,72.98,70.33,69.27,82.86,82.76,0.5650730361780939,0.6645270884258909,0.54565980783082,0.5368264183104594,0.5667119608636748,0.6029971498165643,-7.691590653218594,-7.999109090206632,-8.351356677989083,-8.325276228211463,-7.388533188449144,-6.913910205160147,-15.584860358481265,-15.199042226420346,-15.06980934528846,-14.905297474065087,-13.846113116493886,-13.333637518411479,6,6,False,5.49557
Santa Maria,2019,Dry,67.8,25.1,10.1,16.0,174.9,290.8,24.04,24.16,25.89,27.77,27.68,27.64,82.67,79.01,75.34,74.03,84.11,85.8,0.7793956103180594,0.8050827386369954,0.6393025366201709,0.6917624066578153,0.8115954066396789,0.7831944133744652,-7.216609951083572,-7.6898052680814235,-7.788064130449154,-8.007004823467451,-7.438290165280921,-7.098391734825817,-14.14130504045754,-14.348659237956426,-14.20511871719436,-14.316218185970856,-14.064093820667235,-13.86610947450412,6,6,False,5.59785
Siniloan,2019,Dry,170.4,76.2,23.4,46.6,193.0,228.6,22.1,22.12,23.62,25.38,25.97,25.89,87.76,85.02,82.63,81.93,86.24,88.72,0.5825085102344072,0.7521584643894952,0.778791589400449,0.7148105205148833,0.7458473421794176,0.7845575663559958,-7.127004742681021,-7.421701744190392,-7.610560507391523,-7.820418489168773,-7.079600538332945,-7.073815571820573,-13.942987789410223,-14.198724328178683,-14.034681089826007,-14.035453749611106,-13.427099484909567,-13.697787820876666,6,6,False,5.48044
Victoria,2019,Dry,34.0,14.9,8.5,21.6,189.7,199.6,25.3,25.4,26.98,28.95,28.33,28.64,76.4,73.02,70.37,69.3,82.88,82.78,0.5420256269675671,0.6836210681199526,0.513052343222771,0.5166904417351251,0.5116261939942595,0.520501307967622,-9.072100368918381,-9.178963946278595,-9.80723510961971,-9.208389979511908,-8.604448231362571,-7.9726386560046345,-17.508354130994704,-16.531193507760346,-15.836041886963836,-15.298250596122111,-14.717599146372008,-14.072024350742616,6,6,False,5.5251
Alaminos,2019,Wet,304.6,336.4,347.1,85.2,146.1,250.6,25.89,25.76,25.47,25.48,25.04,24.52,88.25,88.3,87.59,84.88,87.63,85.35,0.7840719219733794,0.7957779231707593,0.5858595466523929,0.835305539784605,0.7532390583077303,0.771089969998177,-5.6642883863897495,-5.828693316672378,-6.172386331821737,-5.545544220817968,-5.899768404613812,-6.293204695634598,-12.532990375936908,-12.688238473201586,-13.011524670916891,-12.24774720494176,-12.721424397937044,-13.008345165493274,6,6,False,3.89553
Bay,2019,Wet,335.8,354.5,362.2,93.3,141.8,251.4,26.47,26.45,26.07,26.42,25.83,25.34,89.83,87.93,88.1,82.71,86.64,84.37,0.7001273288538533,0.6231568021035886,0.46800945119598014,0.6623987667533601,0.5873674746414222,0.4223083256761089,-6.911940166764886,-6.659955737886519,-7.168360863448674,-6.358363953017627,-6.797762159381653,-7.491542182961997,-13.965118354634608,-13.471469128526326,-13.720071306238177,-12.607058268752073,-13.55012336729563,-14.633050646019315,6,6,False,3.94882
Calauan,2019,Wet,331.8,405.0,441.6,84.3,185.8,314.0,26.75,26.65,26.32,26.57,26.13,25.63,88.82,88.21,87.97,82.88,86.24,84.02,0.7648061311781892,0.7312227067778262,0.4945882160177277,0.7474672868160308,0.6627738342304256,0.6588779503670271,-6.379281154203248,-6.278971812262385,-6.6576515244447805,-5.895365750474432,-6.283558413337611,-6.799768613187345,-13.501318569784086,-13.000452237916896,-13.410704006543707,-12.45078631140059,-13.20471790131705,-13.880232352439293,6,6,False,3.97765
Cavinti,2019,Wet,299.0,327.1,391.1,188.0,240.7,500.3,25.01,24.79,24.51,24.22,23.99,23.32,90.39,90.72,90.03,90.97,91.36,91.62,0.767421508184041,0.7397638949906492,0.6182024932060106,0.6797015049637343,0.7052750778499319,0.46842594474730587,-7.326339957653457,-6.9350653537686755,-7.464025991546519,-6.9084965695099205,-6.878389764857096,-7.336872726006604,-14.004644943282642,-13.590089448784646,-14.189453009076644,-13.34140382204761,-13.592452278038728,-13.910373665169276,6,6,False,3.28399
City of Biñan,2019,Wet,293.3,362.9,378.6,65.3,117.7,180.8,26.57,26.43,26.08,26.65,26.17,25.72,87.12,86.56,87.17,81.98,83.75,82.2,0.4124908092253177,0.4389634885649792,,0.37543728436525875,0.3008819750905877,0.4033633476752959,-4.986729967961157,-6.036501422071742,-5.777868930157308,-5.527619664609861,-5.562702560975594,-5.985251114618649,-12.207858137045177,-12.007402434775479,-12.709704812879256,-12.447844455789962,-12.588068910247623,-12.856883147458255,5,6,False,3.86146
City of Cabuyao,2019,Wet,310.7,379.4,338.3,97.6,139.6,204.3,26.4,26.32,25.93,26.18,25.68,25.2,87.82,86.89,87.56,84.83,86.66,85.42,0.49547331348843165,0.5258310992959867,,0.48019460700221805,0.4421022001766788,0.49381089279280965,-5.280997993431729,-6.824282626009335,-6.049885604354648,-5.273381790132688,-5.467934352260931,-5.915863181523482,-13.201448181629646,-12.70951507677543,-13.635769043712902,-12.758068098692199,-13.133898712375112,-13.55181854995443,5,6,False,3.84049
City of Calamba,2019,Wet,298.9,377.9,324.4,78.1,137.3,192.4,26.19,26.0,25.67,25.85,25.33,24.79,87.43,87.44,87.52,84.56,86.97,85.62,0.5866966495267124,0.5871275402124637,0.47435442271364386,0.5699731882118313,0.5267470530214251,0.5588588596280017,-5.887070298872768,-6.798293690581446,-6.818839900936355,-5.895948367691804,-6.067204611057036,-6.762198719649494,-12.770173841509923,-13.000746797814768,-13.50294050223791,-12.520128160052426,-12.82996395557765,-13.480360404340908,6,6,False,3.92698
City of San Pablo,2019,Wet,314.0,360.1,377.6,94.0,135.4,283.5,26.53,26.39,26.11,26.16,25.77,25.27,88.61,88.74,87.98,85.01,87.42,85.3,0.7754337414504623,0.7487590930174788,0.6102376813930825,0.7449552924570493,0.7253996608048262,0.7583879007977428,-6.05800112883562,-6.342047026260202,-6.544128906714534,-5.8468482584513914,-6.2431074931938575,-6.731647004146771,-12.711782319916399,-12.921587513456306,-13.214117560677602,-12.381971668550937,-12.886204843009565,-13.257990342767362,6,6,False,3.6876
City of Santa Rosa,2019,Wet,310.7,379.4,338.3,97.6,139.6,204.3,26.4,26.32,25.93,26.18,25.68,25.2,87.82,86.89,87.56,84.83,86.66,85.42,0.4552876654256925,0.522212802631198,,0.45997039718751637,0.4429347817555932,0.5069677162615246,-5.393286778108773,-6.657841781230253,-6.3246453739628485,-5.853227013470023,-5.933635042486099,-6.4103991548246855,-12.699486216789449,-12.699475786507753,-13.384388358814354,-12.885000649961846,-13.067445048376237,-13.449761122463572,5,6,False,3.87281
Famy,2019,Wet,308.0,493.4,498.1,100.5,157.0,224.1,26.67,26.26,26.07,26.18,25.85,25.18,89.44,91.19,89.71,86.09,87.82,87.42,0.7823854349950997,0.7598334955281907,0.7846746812634545,0.7894945020584336,0.6239785068913513,0.7751305974107997,-7.157292001074767,-6.59505549078847,-7.11432872457341,-6.4638362396125135,-6.678736915187206,-6.922587501327695,-14.005915925183517,-13.189055661457983,-13.676791259134434,-12.983803119144984,-13.406569331066716,-13.604740606014282,6,6,False,3.92523
Kalayaan,2019,Wet,348.9,404.6,405.7,233.0,329.1,448.3,25.12,24.86,24.57,24.3,24.08,23.38,91.7,92.02,91.67,91.61,92.27,92.61,0.7804448982422095,0.7252213923844963,0.6443408947514097,0.7778299458665624,0.7066110812769006,0.0005175981362369333,-7.153923298066896,-6.8100633718884565,-7.310586182380278,-6.744608413100628,-6.8480607635526765,-7.145091865599738,-13.698382881264576,-13.382432983479331,-13.850414919318933,-13.06794796636529,-13.383938466499943,-13.638606048842979,6,6,False,3.63169
Liliw,2019,Wet,328.4,405.0,458.4,131.1,152.2,402.5,25.43,25.18,24.97,24.99,24.66,24.1,88.47,89.31,88.28,85.95,87.65,86.67,0.7986514828925303,0.8141149048035973,0.5703651166272669,0.7836054461133947,0.7387989005337277,0.6743216084931211,-6.481891008002683,-6.36931614555271,-6.789381262976561,-6.0500890207620595,-6.331710657847682,-6.739754352376023,-13.324179403952233,-12.990013762215959,-13.495676494736966,-12.652276254313119,-13.128641431298519,-13.523004529626238,6,6,False,3.82739
Los Baños,2019,Wet,335.8,354.5,362.2,93.3,141.8,251.4,25.42,25.38,25.01,25.35,24.75,24.27,89.74,87.83,88.02,82.58,86.51,84.24,0.8109448725349898,0.7861077872061228,0.5037597889146895,0.7382760371125436,0.6294206782834589,0.42178698319823,-6.039686974630577,-6.01286122019063,-6.548655616472365,-5.859514349540758,-5.98639548717427,-6.483578310591654,-12.726231117839657,-12.709460322653,-13.256923811587521,-12.453674732512642,-12.745855404349944,-13.17731751350919,6,6,False,3.85534
Luisiana,2019,Wet,356.4,317.2,444.9,182.2,255.2,612.1,24.25,24.02,23.76,23.41,23.24,22.53,90.6,91.17,90.69,92.0,92.1,92.71,0.8121174017245132,0.8135406025254646,,0.7967696340724681,0.743786882758291,-0.02326850278333631,-6.509244994302113,-6.378707302714108,-6.7964624953918555,-6.224217125516929,-6.426968175333901,-6.834030396064959,-13.327619756030643,-13.237358005518407,-13.660393281227188,-12.871169776201361,-13.273282523860138,-13.59363544066441,5,6,False,3.14246
Lumban,2019,Wet,348.9,404.6,405.7,233.0,329.1,448.3,25.12,24.86,24.57,24.3,24.08,23.38,91.7,92.02,91.67,91.61,92.27,92.61,0.7344312747831332,0.6972282746368679,0.5537262482317072,0.7244778924609976,0.6663106226594703,0.13760945688350892,-7.535270438109814,-7.1972594606440765,-7.71190815572145,-7.080457463404778,-7.110803373978728,-7.599624307791945,-14.144200365803856,-13.695607947631084,-14.287557982767327,-13.325076694436467,-13.604769598838427,-14.103642235558814,6,6,False,3.81428
Mabitac,2019,Wet,366.7,585.1,567.4,77.2,99.5,153.9,26.62,26.3,26.07,26.4,26.0,25.45,87.24,88.21,87.1,81.57,84.14,82.08,0.6089725562250103,0.7343785913426971,0.6656769589708887,0.6788770472110364,0.6281059888182441,0.4033872692727718,-7.573081538935434,-7.512949843602789,-7.879122039194339,-7.488225635715902,-7.727074765467274,-8.240559194310462,-14.797318571238078,-14.202576801919093,-14.726772945810959,-13.753595794524331,-14.413733672992482,-15.219841353642602,6,6,False,3.97678
Magdalena,2019,Wet,273.3,400.0,442.8,113.2,167.7,338.7,26.98,26.74,26.53,26.57,26.17,25.68,87.33,87.98,86.77,84.19,86.08,84.89,0.7793917972083956,0.7755426154080194,,0.792345377450122,0.7230965375836784,0.3735517882923199,-6.626025851673094,-6.446885565391153,-6.989981709620089,-6.144572170426289,-6.285461462227968,-7.135210312563444,-13.598321387497986,-13.09219893845674,-13.713537848296047,-12.712577349398332,-13.046103765171713,-13.939295474513765,5,6,False,3.90164
Majayjay,2019,Wet,356.4,317.2,444.9,182.2,255.2,612.1,25.22,24.97,24.71,24.36,24.19,23.48,90.68,91.25,90.74,92.06,92.15,92.75,0.8000908506038292,0.795782930640985,0.5428015744792564,0.7936549380460605,0.7442686217296762,0.5172441621527663,-6.469562107990992,-6.399177397856394,-7.032803424048596,-6.123433957616013,-6.44360993696872,-6.807726709157757,-13.277199316634208,-13.159407838073323,-13.698400311244121,-12.743149068135935,-13.189175083808495,-13.568785563294787,6,6,False,3.69547
Nagcarlan,2019,Wet,328.4,405.0,458.4,131.1,152.2,402.5,25.43,25.18,24.97,24.99,24.66,24.1,88.47,89.31,88.28,85.95,87.65,86.67,0.8500217274206121,0.8080657308060862,0.5588047611065929,0.826641793708774,0.7590888220302574,0.7860031553048737,-6.025346665691028,-5.984848442306393,-6.378818461130517,-5.6983174416916516,-5.887523829928152,-6.362907764139974,-13.092221968982347,-12.801935365715144,-13.397340334214038,-12.549154974947605,-12.859920742633404,-13.285085099128212,6,6,False,3.74352
Paete,2019,Wet,279.9,341.9,357.0,252.1,324.4,535.0,24.41,24.12,23.78,23.4,23.27,22.5,90.86,91.51,91.56,92.44,92.76,93.52,0.8525894379655561,0.7941761240417673,0.7322303487691793,0.7987304721647281,0.7390130402603379,-0.0020071774429901153,-6.7176508897132745,-6.443854308342911,-6.880318174156335,-6.288759171946349,-6.336725003307506,-6.4859372540048215,-13.272426192828915,-13.0393610374428,-13.387516495345698,-12.675210398879281,-12.93478958835516,-12.951959687302596,6,6,False,3.88068
Pagsanjan,2019,Wet,273.3,400.0,442.8,113.2,167.7,338.7,27.21,26.98,26.76,26.8,26.41,25.89,87.36,88.0,86.78,84.21,86.1,84.91,0.6858011519281233,0.7051028419555413,0.38570019432312375,0.6929645312737464,0.6988679393818458,0.35192360767907255,-6.980446758908457,-6.912534379615036,-7.180693284111299,-6.519747530725354,-6.340938742759653,-6.995291274069049,-14.268956895776936,-13.699908364817684,-14.198375717247476,-13.065481213745453,-13.118289607970754,-14.02017062514198,6,6,False,3.75575
Pakil,2019,Wet,308.9,443.2,463.3,52.0,79.0,162.8,27.69,27.49,27.24,27.57,27.08,26.59,82.78,83.4,82.82,77.49,80.01,78.26,0.8048033299936908,0.7766328796265277,0.7123114031140436,0.8007297363375447,0.6626238894321594,-0.011513377888123767,-6.843963063587426,-6.552206729258969,-7.076754618880613,-6.51434202092112,-6.679792126833065,-6.914731398596187,-13.518521702048822,-13.178521310720159,-13.668548383069105,-12.93091041856068,-13.318464144593149,-13.47078161237663,6,6,False,3.73828
Pangil,2019,Wet,259.8,373.1,418.9,212.6,258.3,433.1,25.1,24.68,24.41,24.15,24.01,23.22,90.32,92.1,91.27,91.17,91.18,92.0,0.8048020384547606,0.7456211470697865,0.6878663175115982,0.7923339081215893,0.6019851097705368,-0.026526354388246152,-6.940189779046496,-6.620965863158587,-7.090794291656132,-6.499065779361326,-6.549151919079699,-7.119391900647189,-13.648889357866436,-13.23252577515515,-13.684637106903352,-12.910196321445817,-13.199015766278945,-13.733740930626482,6,6,False,3.90689
Pila,2019,Wet,277.6,395.5,395.9,73.0,167.3,255.5,27.23,27.18,26.84,27.15,26.65,26.21,87.96,87.11,87.05,81.17,84.81,81.95,0.5042045485780753,0.4897637084399086,0.622205230367765,0.7158088226472884,0.5337603090760629,0.4400374556395338,-7.982438325389895,-7.691321703492094,-8.246336216650064,-7.578454377860822,-6.861901038656229,-8.17733585564001,-15.705888022197612,-14.885570422240814,-15.139108210243322,-13.47194487302866,-13.236127773477675,-15.928573591753317,6,6,False,3.8798
Santa Cruz,2019,Wet,277.6,395.5,395.9,73.0,167.3,255.5,27.05,27.0,26.65,26.99,26.46,26.03,87.95,87.08,87.04,81.16,84.78,81.92,0.5754210767180314,0.4850631972133222,0.5344302081785129,0.63107693763758,0.5976309025669193,0.4281464216261697,-7.011195784158253,-7.53166382376557,-7.438321152006379,-6.955504891258629,-6.864032403954288,-7.42387878482157,-14.18810310920426,-14.234204228683476,-14.819017349491205,-13.36720573016017,-13.55653746473434,-14.728647978104318,6,6,False,3.88592
Santa Maria,2019,Wet,336.0,529.7,530.7,90.3,120.6,180.9,26.52,26.05,25.89,26.21,25.85,25.24,89.15,91.81,89.55,84.08,86.35,85.47,0.7753494958407933,0.7511337174976022,0.7755137296799126,0.7932784894556809,0.499348446780387,0.7966787342016908,-7.173681589145482,-6.7082855481186225,-7.201601522253623,-6.679080106512298,-6.970833620066793,-7.156648234587275,-14.184429681464618,-13.257418209727794,-13.887244069492407,-13.289929353568185,-13.809542510472939,-14.036347643196418,6,6,False,4.00648
Siniloan,2019,Wet,297.3,410.4,479.9,144.7,188.2,307.2,25.02,24.56,24.33,24.23,24.01,23.25,90.2,92.43,91.13,89.44,90.26,90.87,0.7789757281169508,0.7262623875011671,0.7481684593290888,0.7724003780866735,0.4679714003319327,0.6604930895941002,-7.115759328006096,-6.7798405883760955,-7.210433256979545,-6.500747487247864,-6.564658487372627,-6.91687377393357,-13.963928489229364,-13.52980101987029,-13.777571150732216,-12.833165445669794,-13.158403121649226,-13.518411998602252,6,6,False,4.07637
Victoria,2019,Wet,277.6,395.5,395.9,73.0,167.3,255.5,27.23,27.18,26.84,27.15,26.65,26.21,87.96,87.11,87.05,81.17,84.81,81.95,0.4619594045374181,0.5352125251811247,0.5265263245321515,0.5958224229905293,0.5147406978414103,0.4093805642490169,-8.177056568677065,-8.467948173875183,-8.494740217437421,-7.890702652721749,-7.654270967130311,-8.633669218717065,-15.68415205018711,-15.349919513514584,-15.571195562530095,-13.845405392954662,-14.28793722077383,-16.713973092059234,6,6,False,3.9759
Alaminos,2020,Dry,53.7,65.3,34.1,58.9,256.2,225.1,23.99,23.38,25.75,26.98,27.58,26.72,84.37,81.0,76.45,75.96,81.79,84.52,0.8222461470742738,0.7426312714754124,0.7388827945019968,0.5408634750470175,0.7689362082331812,0.83061684845084,-6.235190104625292,-6.578542963237082,-6.589693609578719,-6.876967112035677,-6.091655138949891,-6.135467327220968,-13.033406352011076,-13.3544347652691,-13.189667507499957,-13.504842599783915,-12.715134937325201,-13.070244294515113,6,6,False,4.48558
Bay,2020,Dry,70.0,83.3,13.5,33.5,246.5,260.6,24.88,24.32,26.56,27.89,28.44,27.47,82.56,78.46,75.28,73.38,80.46,84.8,0.6884051388988403,0.6950610911928602,0.6269213634435491,0.5476136085553557,0.5432544158565652,0.6520692445847274,-7.264043896665809,-7.551360578133788,-7.68750579309131,-7.758890228842844,-6.815773082277162,-7.2195907881521295,-14.355956142150255,-14.34428923682084,-14.019969750023755,-14.153597643989208,-13.270706813188024,-14.284098667820281,6,6,False,4.95975
Calauan,2020,Dry,56.1,76.7,16.6,28.8,277.4,216.7,25.16,24.53,26.53,27.88,28.6,27.79,81.97,78.49,76.44,74.42,80.47,83.82,0.7639189492136053,0.7657935525213838,0.6918867192655951,0.6105503450373915,0.6730271160543726,0.7188086164523833,-6.645002259337174,-7.027753720447561,-7.143566844003355,-7.270243628059985,-6.361498655222499,-6.4901907496506,-13.665223398850575,-13.835501729272924,-13.645916714591479,-13.84138710094615,-12.940377871408236,-13.59313925781047,6,6,False,4.86492
Cavinti,2020,Dry,172.7,176.9,75.4,82.0,423.9,245.5,22.84,22.05,23.95,24.94,26.26,25.57,89.81,87.8,87.16,86.71,87.23,89.0,0.7531898709579621,0.6337078275781466,0.7593403285555744,0.6968309529415586,0.7640153541552352,0.7680429229281253,-7.47557941251549,-7.498785400817568,-7.6281929096616015,-7.598362463208136,-7.257075208606419,-7.373071115908359,-14.086999274294232,-14.33027585497399,-14.296009173408484,-14.40094016652391,-13.628119353074988,-14.022818222012926,6,6,False,3.65106
City of Biñan,2020,Dry,46.4,32.5,9.7,20.3,286.8,242.9,25.32,24.98,27.15,28.24,28.68,27.68,79.43,74.08,72.36,71.51,78.5,82.63,0.3877040962347743,0.36443326705199336,0.3165556397696669,0.28126816807042043,0.3787118653617791,0.4242283500280605,-5.971298676224869,-6.35228675565037,-6.446854076905662,-6.564793773962969,-5.775690630351839,-5.919711936222367,-12.888203858079002,-13.33765597491088,-13.346914817605992,-13.536718816667216,-12.722549215473213,-12.91061527855869,6,6,False,4.3623
City of Cabuyao,2020,Dry,61.3,49.3,14.4,28.9,239.6,263.1,24.8,24.44,26.69,27.84,28.4,27.31,83.05,78.01,75.62,74.46,80.35,84.76,0.44611150707470015,0.4557126453079981,0.45929426527038925,0.3985758192164971,0.45486947635573977,0.5276624189258362,-5.868876450636186,-6.384426008505953,-6.541110637470568,-6.720018014707519,-5.999346487102933,-6.045531594459198,-13.299491351154021,-13.983306572727983,-13.99117859121901,-14.318891256137903,-13.572917405789271,-13.808662863803026,6,6,False,4.50455
City of Calamba,2020,Dry,60.2,56.3,22.3,44.6,180.8,275.4,24.4,24.03,26.41,27.6,28.17,27.03,83.34,78.31,74.96,74.02,79.62,84.65,0.48026718339565716,0.5099333504214223,0.4913921363099206,0.42091654547142726,0.5237529303782611,0.6015282068851537,-6.688148526313366,-7.255483633979963,-7.449950431179356,-7.704420644576846,-6.799164903516487,-6.646637613827193,-13.250473360151029,-14.050360092433364,-14.122844219553508,-14.474582445949226,-13.479894569578061,-13.51754969052684,6,6,False,4.62783
City of San Pablo,2020,Dry,47.7,73.2,28.0,44.9,243.3,218.7,24.78,24.09,26.36,27.63,28.34,27.47,83.89,81.01,77.62,76.38,81.68,84.81,0.7573148106651367,0.7149541194848619,0.6494284555467629,0.5814070380261124,0.6886817727205101,0.7414050614483385,-6.677414081558145,-6.947910644508024,-7.139381042101233,-7.490592230925013,-7.010551386278769,-6.681858930532,-13.324423679315155,-13.59378116346278,-13.593540905053235,-14.018586438053445,-13.525157999185057,-13.43367333241673,6,6,False,4.59938
City of Santa Rosa,2020,Dry,61.3,49.3,14.4,28.9,239.6,263.1,24.8,24.44,26.69,27.84,28.4,27.31,83.05,78.01,75.62,74.46,80.35,84.76,0.452581121111862,0.43709191239141976,0.40904729434155085,0.3489491186613213,0.4249447955059787,0.5346209856900688,-6.386811220102222,-6.861098962759142,-6.998846178060947,-7.208047723993629,-6.382496786802628,-6.509322872356488,-13.378926234730086,-13.99484433807481,-14.039349331842143,-14.323547538468308,-13.41081658810949,-13.631736578903887,6,6,False,4.3054
Famy,2020,Dry,95.6,85.2,27.2,36.2,318.4,208.1,24.71,23.94,25.95,26.96,28.19,27.5,85.45,83.23,82.03,80.89,83.76,85.66,0.8308733107620736,0.806961157258127,0.7825186283433349,0.7193238719410735,0.7934833740596499,0.7916665128698692,-7.051451029743721,-7.3710177923659685,-7.518912241688721,-7.413986735583829,-7.179524937618199,-6.632924490354044,-13.69856505714165,-13.965397941086307,-13.900353536851929,-14.04226126118754,-13.646428980295031,-13.322151317464147,6,6,True,4.8175
Kalayaan,2020,Dry,193.8,181.2,74.2,103.8,431.0,326.1,22.96,22.19,24.1,25.0,26.33,25.65,89.99,87.63,87.31,87.36,88.52,90.31,0.7731127891981309,0.498815237680371,0.7845362289982377,0.7048171317382002,0.7836296049089256,0.7629370106718304,-7.34784807159507,-7.523121406298148,-7.632458163202205,-7.5889730348178315,-6.794756714853483,-6.931347877844513,-13.952138935155833,-14.185814973531263,-14.076613962422503,-14.12136565534244,-12.904450183884128,-13.400866420455085,6,6,False,4.22005
Liliw,2020,Dry,78.8,96.9,27.7,30.7,355.6,228.3,23.59,22.85,24.94,26.13,27.12,26.34,85.14,82.63,80.29,78.56,82.24,84.8,0.7663837342783324,0.6989441289774276,0.7599345360399566,0.6629834524262495,0.7559981772432652,0.7467454667265858,-6.709286998486125,-6.774739781770731,-7.169101144525343,-7.200163391172423,-6.6216247390883165,-6.453846525320038,-13.536110265202517,-13.618001102740708,-13.75830550683196,-13.940197588727724,-13.29551643817822,-13.285137133016637,6,6,True,4.8175
Los Baños,2020,Dry,70.0,83.3,13.5,33.5,246.5,260.6,23.81,23.28,25.5,26.84,27.38,26.43,82.45,78.34,75.12,73.22,80.34,84.69,0.735273054255891,0.6923762570626939,0.66966109721314,0.6703563482466871,0.6800851353440245,0.7673084971791034,-6.4829578891381585,-6.690425482016776,-6.714678387378408,-6.881762061905572,-6.098243639821987,-6.534296127327686,-13.1825592324874,-13.43398252791,-13.242015609660248,-13.483858133065965,-12.481602533199062,-13.216015917378456,6,6,False,3.95452
Luisiana,2020,Dry,202.5,215.1,76.1,70.8,431.0,258.5,21.99,21.12,23.02,24.09,25.46,24.79,91.24,89.89,88.44,87.53,87.59,89.39,0.8317420909357397,0.68282764427315,0.8195566448486294,0.7790617683517855,0.8202207665744692,0.8180547015823734,-6.7351241124732155,-6.686483579009784,-7.026879804667786,-7.040097284241887,-6.5449376541970175,-6.745859544903974,-13.568374102956252,-13.714110975632181,-13.740994283426067,-13.87490009094873,-13.132796576829769,-13.550848347001795,6,6,False,3.52778
Lumban,2020,Dry,193.8,181.2,74.2,103.8,431.0,326.1,22.96,22.19,24.1,25.0,26.33,25.65,89.99,87.63,87.31,87.36,88.52,90.31,0.7062194444352818,0.5228591521108318,0.7292468438432884,0.687724326160215,0.7098813607684593,0.7028555535773418,-7.819208260660204,-7.9919168484301935,-8.197430702680023,-8.251237570465591,-7.247565070010761,-7.502957062290911,-14.484282788031248,-14.846134482319478,-14.727756071765608,-14.802960959597192,-13.320222118804365,-13.923191501542215,6,6,False,4.5899
Mabitac,2020,Dry,52.1,39.3,11.3,23.6,288.7,226.8,24.96,24.3,26.35,27.5,28.48,27.64,80.35,77.04,76.03,74.35,79.33,82.32,0.6577416302434547,0.6810795512230262,0.6909348346543349,0.4968060935053097,0.6188235383714338,0.6668442686568831,-7.986542492125691,-8.33466666829439,-8.50455585937629,-8.720996585019968,-7.8068300517466716,-7.685747058057576,-15.101171075454788,-15.369470429041911,-15.008346851962992,-15.137188649124868,-14.175528313987911,-14.705278758112764,6,6,False,4.8744
Magdalena,2020,Dry,73.3,87.1,24.9,29.2,399.3,210.1,25.2,24.52,26.59,27.72,28.65,27.91,83.11,80.22,78.47,77.04,80.75,82.99,0.7647831934339254,0.7149925280021582,0.6751292275162155,0.5994428843783345,0.7198932024507407,0.7515881130219737,-6.973406399408788,-7.426347625270293,-7.657342633922595,-7.72694839950443,-6.776710197794331,-6.927865661987921,-13.782321957963882,-14.255118523827077,-14.212883986425439,-14.48484580655082,-13.456739043316498,-13.852354135124942,6,6,False,4.67525
Majayjay,2020,Dry,202.5,215.1,76.1,70.8,431.0,258.5,22.95,22.09,23.98,25.04,26.41,25.75,91.3,89.95,88.52,87.61,87.66,89.47,0.8079719594630336,0.6925726606418505,0.8054722874276697,0.7382889877562565,0.7652614785631527,0.7876745906642587,-6.803404452226108,-6.739041505492733,-7.2862383057584585,-7.315294987069981,-6.606895935113247,-6.635313270778288,-13.62512416091759,-13.635444847295126,-13.877698765051088,-14.017951270421024,-13.17184583296338,-13.415686843011404,6,6,False,4.32437
Nagcarlan,2020,Dry,78.8,96.9,27.7,30.7,355.6,228.3,23.59,22.85,24.94,26.13,27.12,26.34,85.14,82.63,80.29,78.56,82.24,84.8,0.8131503284677751,0.7137004609242962,0.7914348365622552,0.7391203341496184,0.7776403477495843,0.7858115544482644,-6.313909506448141,-6.501572081041556,-6.630874665245763,-6.704337517309163,-6.244245894910728,-5.998406921006745,-13.304758331306983,-13.503709271382998,-13.431689039645924,-13.602875613430074,-13.065233198023785,-12.987580113242881,6,6,True,4.60887
Paete,2020,Dry,263.9,262.2,99.2,127.9,417.9,263.9,22.05,21.32,23.11,23.94,25.38,24.77,91.09,88.62,88.4,89.03,89.18,90.83,0.833468206560015,0.6959953911073917,0.8371618728347335,0.7149357953879548,0.831985493978031,0.8087333871444199,-6.7831801711011375,-6.947888334296655,-6.955232872413376,-6.918384390371667,-6.447633638611731,-6.416849232977554,-13.282544378425944,-13.568083483199416,-13.463673371134304,-13.519377595043409,-12.660113291682023,-12.900207444708938,6,6,False,4.31489
Pagsanjan,2020,Dry,73.3,87.1,24.9,29.2,399.3,210.1,25.42,24.75,26.81,27.95,28.87,28.15,83.15,80.26,78.51,77.07,80.78,83.01,0.7025852200431445,0.6635037357083592,0.7118769144147314,0.6152118758940133,0.6987132728590282,0.6743147590236197,-7.068537258540285,-7.397279734888678,-7.714638273817099,-7.779741623035714,-6.49491992554682,-6.899289839868342,-14.362420697568512,-14.740622463603664,-14.48826043484695,-14.622117430778424,-13.129274667065202,-14.193718851297229,6,6,True,4.60887
Pakil,2020,Dry,51.9,34.5,11.9,20.1,213.2,155.4,26.07,25.51,27.58,28.62,29.49,28.85,76.72,72.89,71.4,70.45,75.34,76.73,0.8133394109299281,0.6108792914767642,0.7742386557353834,0.68645912575578,0.7833756024972339,0.8109138749658138,-7.035551103132975,-7.29750428391528,-7.324734146769306,-7.418811526323938,-7.036799979925414,-6.784313963842829,-13.635666805050871,-13.927729840579154,-13.787490813817156,-13.907655110517073,-13.230883863915505,-13.328867742240242,6,6,False,4.43817
Pangil,2020,Dry,228.9,212.3,81.6,102.8,382.4,223.0,22.74,21.98,23.74,24.6,26.09,25.57,89.81,87.82,88.24,88.36,88.49,89.31,0.8184856046147231,0.5305225810725767,0.7971293578368097,0.7391727275174295,0.7644778280498651,0.7877211276314229,-7.191887182686146,-7.357239981928446,-7.3990316923435335,-7.445914903234593,-7.040384056229572,-6.755852725284025,-13.939316548202598,-14.216609305436354,-13.977411942766127,-13.965680063368598,-13.318317134278878,-13.37559325263079,6,6,False,4.7037
Pila,2020,Dry,55.0,64.0,16.0,17.4,268.9,201.1,25.79,25.23,27.2,28.41,29.07,28.33,79.68,75.8,74.78,73.04,79.8,82.87,0.5865357557154742,0.6485271729082874,0.6680792853876099,0.4582671035482568,0.5318917876175528,0.46949882567121914,-8.009711613291158,-8.407786363516509,-8.846440775561883,-8.480952456848785,-6.853261346395759,-7.958228082281213,-16.27281963381694,-15.635245064796182,-15.04403504142489,-14.922093996935164,-13.139711997344154,-15.808451952334309,6,6,False,5.01665
Rizal,2020,Dry,56.6,72.0,26.3,60.4,324.7,261.6,23.13,22.37,24.52,25.78,26.7,25.87,85.96,83.64,80.53,79.36,83.29,85.97,0.7822046401399065,0.6181909763336355,0.7665945784302143,0.6998671132847076,0.7748581895705873,0.7671363577409198,-6.501775602007072,-6.691790893185721,-6.846047199399222,-6.993883115734379,-6.5000156883928035,-6.230303274161123,-13.26324695511843,-13.486098831227194,-13.510563578988338,-13.734023514947449,-13.151136484412383,-13.151035660414964,6,6,False,4.39075
Santa Cruz,2020,Dry,55.0,64.0,16.0,17.4,268.9,201.1,25.61,25.04,27.01,28.22,28.89,28.16,79.65,75.77,74.75,73.02,79.78,82.85,0.5361165589029019,0.5734170393830954,0.6006034745726112,0.40679032856817965,0.5633294591987899,0.544551398500955,-7.276041651164561,-7.863053873354563,-8.203865541234657,-8.19100388655452,-6.489575613954173,-7.105997731702271,-14.95853148967281,-15.361295551252342,-14.91053888583949,-14.981011361722379,-12.846894623730266,-14.400609668484,6,6,False,4.85543
Santa Maria,2020,Dry,67.5,55.8,20.9,42.2,313.6,215.3,24.76,24.01,26.11,27.08,28.27,27.48,83.44,80.92,79.36,78.8,81.69,84.12,0.8401942549657466,0.8239578594193951,0.7675866444988703,0.6200938429703464,0.7558163092333624,0.7994773722115422,-7.164080717866604,-7.5132810470391265,-7.615474816311502,-7.708399197833328,-7.272146370883896,-7.056688181110276,-13.903461543010277,-14.17312568138875,-14.07428096528282,-14.358384836796525,-13.772287120655454,-13.944576584545764,6,6,False,5.07355
Siniloan,2020,Dry,147.1,136.4,47.6,73.4,369.1,219.4,22.76,22.0,23.82,24.75,26.18,25.58,88.75,86.82,86.86,86.53,86.94,88.41,0.7765143079601657,0.7966602982526246,0.8012570406621476,0.7364583727743437,0.7507045979218285,0.7387571653729376,-7.157665839857272,-7.341964444748313,-7.449192436588277,-7.4299226157401534,-7.020638671460557,-6.674317908936069,-13.908142936140328,-14.148728477911057,-13.941527496163998,-13.942575047691763,-13.320530680048547,-13.318421147339267,6,6,False,4.79853
Victoria,2020,Dry,55.0,64.0,16.0,17.4,268.9,201.1,25.79,25.23,27.2,28.41,29.07,28.33,79.68,75.8,74.78,73.04,79.8,82.87,0.5805312513908436,0.6700054708825497,0.5992828645407136,0.43219563086078416,0.4552412082186988,0.48170378486413845,-8.340930224574286,-8.901388009980893,-9.386511718916976,-8.912976192730639,-7.823080035386113,-8.328002612482113,-16.385744650031878,-16.146937644123803,-15.549402365035222,-15.515427333906343,-14.480119655026924,-16.36052679822324,6,6,False,5.03561
Alaminos,2020,Wet,278.5,367.7,270.6,588.4,487.8,240.7,26.05,25.8,25.96,25.21,24.98,24.82,87.93,88.65,88.74,90.97,87.48,88.03,0.7292318960033005,0.8279704026568355,0.637944970416756,0.7392846123217495,0.7023935402891212,0.7824615442029272,-5.571029800450547,-5.984311181433441,-5.495955132189244,-5.368255562151034,-6.18396096600636,-6.141108375647108,-12.528080640275633,-12.819765149375293,-12.526881797166045,-12.182723698231026,-12.746762925921738,-12.9071554022279,6,6,False,4.40556
Bay,2020,Wet,305.4,361.4,231.2,633.5,459.1,347.3,26.91,26.5,26.81,25.85,25.75,25.45,87.67,88.97,88.3,91.64,86.61,88.13,0.5824161815752917,0.7594679541380214,0.5678460995441689,0.549484073203375,0.4617450886464899,0.6609756355351367,-6.7841267085710575,-7.206249109044788,-6.374973739644754,-5.611452569895207,-7.447818565432795,-7.307054756683332,-13.712748448446357,-13.628534729493383,-12.807444372214563,-12.164381389803655,-14.456535193939096,-14.621074345494597,6,6,False,4.42613
Calauan,2020,Wet,340.0,432.7,227.4,604.3,456.5,321.8,27.21,26.76,27.14,26.17,26.06,25.81,87.16,88.4,87.32,90.85,86.17,87.29,0.6288100156858272,0.803348494672629,0.6903210723851023,0.6641737661487463,0.7016056921324678,0.7483377047510875,-6.342134812422887,-6.491801397168665,-6.111582560547515,-5.510410991632738,-6.6973719921429895,-6.55582340615354,-13.310409390763542,-13.26663708101886,-12.664027903400385,-12.214796721254121,-13.539098371493047,-13.70963339438085,6,6,False,4.34298
Cavinti,2020,Wet,301.9,376.2,245.5,675.2,678.8,501.3,25.31,24.97,25.35,24.36,23.82,23.71,89.55,90.95,89.56,93.46,92.44,92.99,0.8203244690431433,0.7850217069853247,0.7621346478881316,0.7229951260927706,0.7859564206422864,0.7029694504996137,-6.966380828372638,-7.298497811876227,-6.862605670689783,-6.55859050670806,-7.1467571339784,-7.2924635811622585,-13.61935237807893,-13.949628701731863,-13.553778972736266,-13.024658039334101,-13.674157693676454,-13.819154239003,6,6,False,3.75327
City of Biñan,2020,Wet,337.4,306.8,237.9,484.0,423.3,345.5,27.06,26.53,26.87,26.05,25.94,25.65,85.37,87.42,87.05,89.98,85.72,87.07,0.39494315597983326,0.44149362380717644,0.4156161364214958,0.40550009962957695,0.3540342001405188,0.4321766330778706,-5.431211790265172,-5.65094294824261,-5.847969645516881,-4.028144718394172,-5.297002941536495,-5.545321807143342,-11.443573526906318,-12.548280854990745,-11.776126398289138,-11.403419276151476,-12.395154571535235,-12.577323162752874,6,6,False,3.89642
City of Cabuyao,2020,Wet,333.0,313.8,235.6,550.6,428.7,368.9,26.76,26.33,26.66,25.79,25.57,25.25,86.94,88.07,87.68,90.87,87.64,89.1,0.4790492820930732,0.5358258060066544,0.4419196601690779,0.5324166899081704,0.5632083107363821,0.47298795674877175,-6.268567289650373,-5.859861697570613,-6.710577191613894,-4.187553879202906,-5.346319039477942,-5.531099534636819,-12.186855289915846,-13.512520125153227,-12.41523673561504,-12.068617034346206,-13.13106217038672,-13.351424509794429,6,6,False,4.11742
City of Calamba,2020,Wet,324.3,275.3,247.9,612.0,453.0,336.7,26.48,26.17,26.41,25.48,25.22,24.87,87.1,88.02,87.68,90.84,87.65,89.4,0.5731998098615707,0.6296970013561924,0.5672738328378748,0.580936261228272,0.617745355246403,0.5565377135510015,-6.3226943988656705,-6.675286311807274,-6.602260095914594,-5.17992899331759,-6.289184683250548,-6.455843090089815,-12.591917404225892,-13.361831883123234,-12.772622102996689,-11.888073184401375,-13.016093938634837,-13.222979843279223,6,6,False,4.18893
City of San Pablo,2020,Wet,265.0,399.0,241.0,568.2,473.0,279.6,26.85,26.48,26.79,25.93,25.73,25.53,87.64,88.83,88.17,90.95,87.36,88.25,0.6479503620077814,0.7773434069020204,0.6591825089191204,0.6907251633469016,0.740146995160462,0.76890044141473,-6.330348927737106,-6.322425898539119,-6.261500620666496,-5.545875256025513,-6.239226032392832,-6.366535116537815,-12.987122422160995,-12.992496674589388,-12.85744814931898,-12.049381538411778,-12.705200168491158,-12.984900540076223,6,6,False,4.06137
City of Santa Rosa,2020,Wet,333.0,313.8,235.6,550.6,428.7,368.9,26.76,26.33,26.66,25.79,25.57,25.25,86.94,88.07,87.68,90.87,87.64,89.1,0.4551648234815094,0.5324798683888989,0.4862184981961424,0.5440894478106305,0.5681712473259285,0.4992981586627525,-6.002485131023926,-6.12436654563502,-6.424673482408251,-4.468601720224516,-5.776762121125277,-6.01603929821271,-12.10820391829811,-13.13900183026943,-12.454906731873736,-11.783667069853362,-12.877350558324384,-13.115750578431635,6,6,False,4.02827
Famy,2020,Wet,207.9,328.5,227.8,550.0,473.7,348.6,27.28,26.75,27.11,26.24,25.79,25.55,86.09,89.15,88.04,89.92,87.79,88.74,0.733891137488734,0.8377465071733953,0.5302489501658186,0.6038101392830602,0.6780674022963066,0.004779837094247341,-6.626193108719739,-7.08644821618581,-6.737353040685166,-6.199638807010732,-6.913881124175493,-6.9361782622757,-13.350903571812006,-13.503559086098095,-13.27600645238274,-12.732614709940156,-13.38531287257717,-13.57348294538792,6,6,False,4.39233
Kalayaan,2020,Wet,368.7,407.5,302.4,740.9,686.0,559.6,25.47,25.11,25.51,24.39,23.85,23.7,90.55,92.09,90.83,94.97,93.76,94.13,0.7611940435317704,0.7978327767323425,0.6872462893819344,0.7104706763207944,0.6905998842362497,0.7666549029534159,-6.887511450612137,-7.106014739124712,-6.933427094299815,-6.32695278696258,-7.177760072031147,-7.239522760970829,-13.573274794436907,-13.58482713292288,-13.650415463047795,-12.758659557110118,-13.54174035726913,-13.691347093459854,6,6,False,3.85789
Liliw,2020,Wet,302.2,495.3,246.6,691.9,545.1,331.5,25.89,25.46,25.82,24.93,24.57,24.43,86.96,88.28,87.32,90.39,88.17,88.63,0.7757744514107848,0.8132214302589946,0.6949465650658325,0.721191621805373,0.7517308462602513,0.7763565092139582,-6.390504611329082,-6.57033078193836,-6.329606271703144,-5.637054582813593,-6.376598267976684,-6.525900938735495,-13.151812095172533,-13.2839894990821,-13.028089604331484,-12.23615275250274,-13.07536219888131,-13.347851576380387,6,6,False,4.28115
Los Baños,2020,Wet,305.4,361.4,231.2,633.5,459.1,347.3,25.85,25.44,25.76,24.79,24.68,24.39,87.58,88.89,88.21,91.57,86.53,88.01,0.5786211049535733,0.7785042048110248,0.5963656385863636,0.6218315022182797,0.5885447083412156,0.7172621100771832,-6.0998163300173,-6.356485800225719,-6.108325241695963,-5.489501821373549,-6.235558540269558,-6.26717120636024,-12.840435035104163,-13.07535402154614,-12.753175408904303,-12.004797136943617,-12.82646769671464,-12.952962011799357,6,6,False,4.20271
Luisiana,2020,Wet,306.8,463.4,319.2,816.3,717.2,576.6,24.5,24.22,24.5,23.65,23.08,22.99,90.56,90.86,90.3,93.86,93.65,93.85,0.8250090916445301,0.8474976589714528,0.21045931847766042,0.772672160522303,0.8223589948253124,0.804270100138723,-6.370302930438732,-6.332230798033533,-6.413662769421729,-5.88134724543303,-6.561857727076113,-6.612055372900254,-13.168214844779104,-13.07792857731432,-13.298440660447184,-12.454309048817398,-13.105182409483067,-13.292149445402648,6,6,False,3.426
Lumban,2020,Wet,368.7,407.5,302.4,740.9,686.0,559.6,25.47,25.11,25.51,24.39,23.85,23.7,90.55,92.09,90.83,94.97,93.76,94.13,0.7716223193813295,0.7704983780682627,0.7847050667109166,0.6967873867254681,0.4877783380668331,0.7318897270706212,-7.305554117670373,-7.450308281962348,-7.404267083253307,-6.695537790239926,-7.652535101016292,-7.849545247557455,-13.894540653255666,-13.982023236561547,-13.811600640240746,-13.18502992131519,-14.393876888554177,-14.516460861182802,6,6,False,4.21103
Mabitac,2020,Wet,235.5,298.9,188.1,553.0,398.1,279.3,27.29,26.71,27.08,26.29,26.0,25.74,83.65,86.79,85.75,87.07,83.36,84.52,0.783214040000712,0.7447337024751431,0.7371374174687483,0.10973611484993907,0.365097677824987,-0.03197553777038895,-7.248555397017939,-7.556734230169662,-7.231107785966555,-6.874398764079938,-8.246127019629274,-8.531115766972139,-14.122454089223169,-14.356363710691534,-13.715630544431564,-13.555079849781654,-15.55179811106866,-15.91612337103488,6,6,False,4.33217
Magdalena,2020,Wet,268.4,413.2,231.0,583.2,513.2,347.4,27.52,26.98,27.43,26.49,26.12,25.94,84.73,87.64,85.77,88.79,86.13,87.0,0.7296330316260273,0.7832746183992658,0.7168414298361407,0.7191044142549052,0.7215795245311278,0.7579763981817202,-6.437428887141089,-6.7481852875194654,-6.630332077017949,-5.6847319017371385,-6.6798470525682365,-6.74967724320862,-13.172957429084054,-13.407951719106478,-13.344565491295967,-12.326569419838044,-13.405012243987285,-13.605916418364295,6,6,False,4.35344
Majayjay,2020,Wet,306.8,463.4,319.2,816.3,717.2,576.6,25.46,25.17,25.46,24.6,24.02,23.93,90.61,90.94,90.36,93.92,93.71,93.91,0.7948625288803148,0.8247461881617153,0.25291128619263564,0.7327758917570615,0.7861584306710161,0.8076348010969424,-6.328501990974063,-6.690619751603821,-6.366780655594963,-5.7328447574241705,-6.410842692481591,-6.689142789604037,-13.175157391414427,-13.345196877896948,-13.149390629998889,-12.244551005794108,-12.990864427024848,-13.381255064812589,6,6,False,4.31913
Nagcarlan,2020,Wet,302.2,495.3,246.6,691.9,545.1,331.5,25.89,25.46,25.82,24.93,24.57,24.43,86.96,88.28,87.32,90.39,88.17,88.63,0.7545861652318793,0.8257435586263698,0.6750641178031546,0.7969451303033682,0.8023019320684219,0.8264881047996322,-6.135134913513246,-6.1145857956850005,-5.9983240164803595,-5.349054952592921,-6.04306154359653,-6.118198970993093,-13.07998475601401,-13.096708655728813,-12.783566436859974,-12.157326325055475,-12.839506851085664,-13.042643151924468,6,6,False,4.26213
Paete,2020,Wet,257.7,322.2,254.4,771.1,709.8,677.5,24.62,24.41,24.72,23.53,22.99,22.77,90.53,91.19,90.42,95.7,94.53,95.14,0.8229108353484513,0.8411824847636555,0.691397970070863,0.6681433921713182,0.7648165918359665,0.8007244737848417,-6.395696834648086,-6.616483910721551,-6.496386228007498,-5.988544512999831,-6.623819698270936,-6.619696458339852,-13.000151025295649,-13.099784576840975,-13.198635003160607,-12.435966085751629,-12.928253847757423,-13.041863023726425,6,6,False,3.98739
Pagsanjan,2020,Wet,268.4,413.2,231.0,583.2,513.2,347.4,27.74,27.21,27.65,26.7,26.34,26.17,84.76,87.66,85.79,88.81,86.15,87.03,0.6262704026297735,0.7902153878448477,0.6620313138833257,0.6686560177698576,0.6883802276072113,0.7310977692028852,-6.9618125610142085,-7.108120923633786,-7.161174334837178,-5.955490895542053,-6.521693956928425,-6.895297696848344,-13.79626161479595,-14.064082282938989,-13.604526427231775,-12.761119473419352,-13.527229765796088,-14.231723746366743,6,6,False,4.30847
Pakil,2020,Wet,188.3,235.0,137.2,481.4,366.8,285.4,28.45,27.84,28.18,27.25,27.02,26.71,78.44,81.68,80.94,83.71,80.15,81.79,0.7940264438156721,0.8087943830842017,0.7739057480225116,0.525059747311179,0.6939130132234369,0.7199296240542379,-6.513617708923195,-6.745272390413675,-6.6061972321477445,-6.201438190442516,-6.833117233104402,-6.9209951757362465,-13.31028123521007,-13.31743460829708,-13.264443141595038,-12.65654962596049,-13.277590406080842,-13.429489524915686,6,6,False,3.93633
Pangil,2020,Wet,261.4,325.5,226.4,675.5,681.5,597.8,25.41,25.1,25.4,24.37,23.81,23.56,89.01,90.63,90.0,93.69,92.32,93.4,0.8077517442147536,0.8005499666102351,0.6015886356674534,0.46517366104129104,0.6039135619201106,,-6.600926298344944,-6.89594050584082,-6.727635447920634,-6.247221689967881,-7.059244641480421,-7.272903736277517,-13.382055501706935,-13.56026721172198,-13.245200162878904,-12.772079109453403,-13.56551305920703,-13.781556664395213,5,6,False,4.18092
Pila,2020,Wet,339.2,429.3,218.7,583.2,406.7,317.8,27.82,27.32,27.7,26.74,26.57,26.34,85.57,87.75,86.36,89.37,84.02,85.24,0.5962890587645295,0.734793865128485,0.5895887298801107,0.5089164700155469,0.4789152973679373,0.4887272754154395,-7.8541681441459055,-8.306561835101286,-7.800941704915437,-6.2966542836634085,-8.297084169309393,-8.479295453746529,-14.795319728168483,-14.806044483580374,-13.318856627199775,-13.150350713437376,-16.381223610336907,-16.98537421479692,6,6,False,4.41767
Santa Cruz,2020,Wet,339.2,429.3,218.7,583.2,406.7,317.8,27.64,27.14,27.53,26.56,26.4,26.16,85.56,87.73,86.34,89.37,84.0,85.23,0.5746752906024812,0.6424427536745188,0.6300413464895184,0.5586645154091697,0.4409620592036977,0.5375213383453906,-7.3850380427294215,-7.365381923183511,-7.566886147104299,-6.30772328999318,-7.197122759556482,-7.4701766322205945,-13.969380844092397,-14.456140417209923,-13.272913430868504,-13.375367513941939,-14.936628205964805,-15.157760523746873,6,6,False,4.31872
Santa Maria,2020,Wet,229.6,441.5,246.8,543.3,444.1,275.4,27.21,26.57,27.0,26.19,25.85,25.61,85.05,88.76,87.02,89.01,86.09,87.01,0.7715656782170879,0.7808581708783747,0.6420014774710064,0.6936096029562446,0.797980286971226,,-6.800600573914928,-7.154159620017096,-6.673570704963787,-6.360652152672793,-7.119862075566493,-7.022220573458347,-13.486419531118846,-13.676410414043612,-13.194815424010372,-12.91863881783022,-13.747722582235344,-13.89151440413874,5,6,False,4.40944
Siniloan,2020,Wet,237.3,403.3,233.3,627.2,569.1,441.5,25.44,25.03,25.31,24.42,23.91,23.66,88.28,90.18,89.41,92.42,90.88,92.13,0.755028175611096,0.8173329565394005,0.5756868877120561,0.6998567231218865,0.5015859712910931,-0.045295865698294205,-6.700121109633249,-7.1121695918422745,-6.9005813243351595,-6.268559080047351,-7.136979825346565,-7.249451096490597,-13.54605558355015,-13.663745535603757,-13.398605233922812,-12.809022667814215,-13.645579700977535,-13.892708307263346,6,6,False,4.37876
Victoria,2020,Wet,339.2,429.3,218.7,583.2,406.7,317.8,27.82,27.32,27.7,26.74,26.57,26.34,85.57,87.75,86.36,89.37,84.02,85.24,0.6598880833937913,0.7143453101567258,0.5150176344715652,0.4170863441401291,0.13425141647954392,0.3991986048670118,-8.376149345181597,-8.939854517169302,-7.724868178643855,-7.083839941216065,-9.920847402122423,-9.605296076017819,-15.230658621326068,-15.040538924756357,-13.207706495420751,-14.305214658253009,-18.630244121202967,-18.522700434739185,6,6,False,4.42029
Alaminos,2021,Dry,150.7,118.7,94.8,41.9,65.7,207.0,23.66,23.7,24.93,25.85,27.73,26.68,85.12,84.76,84.67,78.79,77.39,83.97,,0.8202543269315723,0.7381334075149341,0.6942902641936741,0.7391009582109872,0.7862515767193266,-6.282929134890472,-5.611363946799396,-6.1294092211823035,-6.315632854891367,-6.539418029232023,-6.31399230813414,-13.036331004214333,-12.429726187603187,-13.011625482299328,-13.098954554155277,-13.425328464644348,-13.26465412701328,5,6,False,4.8107
Bay,2021,Dry,134.9,119.1,93.6,23.1,92.7,238.1,24.47,24.53,25.84,26.93,28.34,27.38,83.62,83.4,83.03,75.2,77.48,84.79,,0.6994249411724052,0.6061676534884005,0.6471151125415355,0.6985860352055608,0.5536028445765672,-7.299394443515566,-6.72420651604954,-7.207024278088313,-7.078085454597982,-7.4152675203420975,-7.150538206974378,-14.23201061642768,-13.195468239829214,-13.849983434467878,-13.68295235067478,-14.35622641606182,-14.426383097852211,5,6,False,4.97952
Calauan,2021,Dry,188.9,151.9,113.6,25.5,73.9,299.9,24.78,24.82,26.06,26.92,28.39,27.53,83.13,82.88,82.7,76.62,78.26,85.28,0.530331956657851,0.7651602705917864,0.7242958775088687,0.6915693315853213,0.745643415935916,0.6975173444592113,-6.661445886451479,-6.0101272409188145,-6.582308378195633,-6.5877631997674495,-6.764433716450374,-6.602366260377104,-13.647753955358406,-12.723299713036656,-13.435497208034166,-13.394176899880732,-13.84239569634963,-13.879020502414756,6,6,False,4.97402
Cavinti,2021,Dry,298.9,215.6,220.3,60.6,136.2,337.7,22.47,22.57,23.8,24.46,25.66,25.53,90.07,89.79,90.24,85.6,88.78,88.88,,0.6976726762347966,0.7018873007712022,0.667798017661555,0.6997836068071782,0.791472584573131,-7.23295404525751,-6.734035389542639,-7.374146323953705,-7.292255492882149,-7.3553274921453395,-7.4623216062925355,-14.006595048155129,-13.32333799199677,-14.11244535508491,-14.016911460458086,-14.242427499660133,-14.215458331134212,5,6,False,4.06041
City of Biñan,2021,Dry,132.8,68.2,56.8,16.8,80.9,269.4,24.65,24.76,26.33,27.65,28.73,27.46,82.81,81.88,80.0,71.36,75.01,82.7,0.39290194421626057,0.3966665688445398,0.0027854042699410825,0.2987500508252336,0.29933199356085627,0.3179530796131169,-5.5743043185755825,-5.046017005009339,-5.979853163015386,-6.009662343559429,-6.2101168047977735,-5.835763075367341,-12.717133289808421,-12.291214841288799,-13.080026689716117,-13.053133923758555,-13.299319000619587,-12.92716296982625,6,6,False,4.49752
City of Cabuyao,2021,Dry,113.8,76.6,76.3,16.6,106.8,261.1,24.2,24.31,25.8,27.11,28.24,27.27,85.41,84.6,83.45,74.34,78.01,83.31,0.42141911743346744,0.5058202974729462,-0.001823360907120545,0.4686455518713422,0.3660490645600679,0.36981410471364234,-5.663055661527771,-5.064815700094837,-6.13769183285891,-6.117770255086351,-6.285992176785783,-5.732685939985164,-13.524237149623703,-12.876322443969626,-13.922431286195273,-13.885016147045457,-14.088507423277028,-13.72028273056998,6,6,False,4.81305
City of Calamba,2021,Dry,115.8,80.8,81.1,20.5,111.1,222.3,23.78,23.93,25.37,26.72,27.97,27.1,85.94,84.86,83.82,74.45,77.63,82.56,0.4577364669141679,0.5698829895393858,0.6956737761337609,0.522056925669503,0.45232818739001374,0.47640243633501655,-6.639219135131624,-5.942909983933257,-7.039965752752473,-7.02799619649477,-7.072727651716531,-6.727830231452187,-13.476580821332561,-12.764779734719186,-13.915176287369992,-13.865543346347813,-13.983353707109254,-13.679370358352159,6,6,False,4.85753
City of San Pablo,2021,Dry,162.0,125.9,99.9,29.4,82.3,186.0,24.43,24.47,25.69,26.59,28.29,27.37,84.69,84.61,84.5,78.65,78.97,84.11,,0.7467304823274588,0.7166528102674682,0.5948766880222233,0.656613987657605,0.7593456419748157,-6.450615413850951,-5.98379602378159,-6.63743363777965,-6.811733764189541,-6.956445087652501,-6.743232255502275,-13.104011104988052,-12.61335169482076,-13.328524317415724,-13.468991475825511,-13.717630236062043,-13.576086736312226,5,6,False,4.7899
City of Santa Rosa,2021,Dry,113.8,76.6,76.3,16.6,106.8,261.1,24.2,24.31,25.8,27.11,28.24,27.27,85.41,84.6,83.45,74.34,78.01,83.31,0.4664398714241084,0.4991030980341208,0.007171641763956617,0.363864953736312,0.3698702618493428,0.34949695787401414,-6.088867709615029,-5.345241801942306,-6.577071481602096,-6.611280197355799,-6.915076723640874,-6.219826693373117,-13.30251286550847,-12.59876438595901,-13.803744104068732,-13.832915790765897,-14.153526989897403,-13.503717725017355,6,6,False,4.63257
Famy,2021,Dry,165.9,249.0,105.8,53.7,74.5,234.6,24.34,24.46,25.73,26.4,27.66,27.37,86.07,85.3,85.69,81.47,83.84,86.42,0.4692820038084965,0.7104009467074134,0.7925042099502032,0.5916301829194822,0.7484539877811056,0.8403930695422727,-6.9797360541196625,-6.559246401161797,-7.061275811240526,-6.995994148336285,-7.154480828722915,-7.157830901444583,-13.56503800176847,-13.011412117338269,-13.604247315593991,-13.638081502409857,-14.03707046823187,-13.941448043101007,6,6,False,4.97491
Kalayaan,2021,Dry,322.4,224.1,238.0,82.8,174.7,299.5,22.57,22.68,23.86,24.52,25.74,25.75,90.56,89.99,90.92,86.06,89.6,89.37,,0.7264531402282146,0.7638309966232305,0.7099877732931794,0.7702630878641201,0.7814486034716946,-7.3218552194891044,-6.809373665870767,-7.291947871910759,-7.166926389226326,-7.264417826642567,-7.367993281359849,-13.891842116108373,-13.192428704915281,-13.922146583071662,-13.845256572783384,-14.05218925430406,-13.912782747621371,5,6,False,4.24961
Liliw,2021,Dry,218.7,177.5,162.5,35.7,75.5,375.9,23.2,23.29,24.59,25.28,26.7,26.07,86.15,85.31,85.03,80.54,81.74,86.01,,0.7562609964077965,0.7767969115182063,0.6703243833914867,0.6369763245467083,0.7635260620140524,-6.589275269341002,-6.182147087139263,-6.729903010724024,-6.7413095964863405,-6.846362903080437,-6.759786502794198,-13.427086311187248,-12.871077313413952,-13.531907083233829,-13.546374079991992,-13.869458218182926,-13.736446430096654,5,6,False,4.85263
Los Baños,2021,Dry,134.9,119.1,93.6,23.1,92.7,238.1,23.4,23.48,24.77,25.87,27.29,26.32,83.51,83.28,82.9,75.03,77.34,84.69,-0.01575110358230415,0.7111732260601863,0.6727801629692558,0.6633837073128468,0.7466352384995987,0.7053640827195187,-6.362331261585842,-5.874584420581495,-6.439844089343473,-6.423378036733621,-6.508849750015602,-6.442593497902385,-13.09044271961279,-12.530215738099724,-13.197473798392254,-13.13876699912906,-13.342608919554548,-13.256701433318538,6,6,False,4.44788
Luisiana,2021,Dry,389.9,277.6,261.1,61.4,133.5,351.6,21.65,21.74,22.98,23.57,24.82,24.72,91.68,91.19,91.42,87.48,89.54,89.08,,0.7980866856407974,0.5750541614955033,0.644620749730803,0.7910223665446561,0.804741624962044,-6.607299493878851,-6.088146112246364,-6.703528211892431,-6.619549572778723,-6.693577320938519,-6.7861041764660435,-13.449213074378449,-12.802087742567657,-13.575046498905149,-13.458603131005745,-13.721530241588944,-13.661610664936354,5,6,False,3.92225
Lumban,2021,Dry,322.4,224.1,238.0,82.8,174.7,299.5,22.57,22.68,23.86,24.52,25.74,25.75,90.56,89.99,90.92,86.06,89.6,89.37,,0.6960373054140372,0.684476322848076,0.6297052534066458,0.6334725507845982,0.7820611463233188,-7.901037060222592,-7.496032647581146,-7.851273388753454,-7.516097826843827,-7.929366346115523,-7.788322954800673,-14.666807728794474,-13.762221622783276,-14.54401638746237,-14.300968452449071,-14.6093498842621,-14.291580628438172,5,6,False,4.97619
Mabitac,2021,Dry,103.1,139.7,69.8,36.0,50.3,221.8,24.58,24.65,26.03,26.71,28.17,27.4,81.13,80.71,80.42,76.44,77.35,83.74,0.7253628188619085,0.6392124052011361,0.625828603137591,0.7180615260519524,0.6654919231136966,0.4055669559190584,-8.422664545919483,-7.959471776697775,-8.160938969449578,-8.077643349103246,-8.289564540216563,-7.794019747386954,-15.71724022769999,-14.564525411116813,-15.012542951796467,-14.896622268741504,-15.047148846726092,-14.644363672744042,6,6,False,5.02629
Magdalena,2021,Dry,184.6,161.6,143.0,34.2,75.3,320.7,24.74,24.86,26.17,26.91,28.2,27.6,84.1,83.55,83.32,78.34,80.57,85.21,,0.6868622601412218,0.7012347719175234,0.606412087836808,0.6312176636424506,0.7683785424441464,-6.870439216566237,-6.232184840257276,-7.064240949126461,-7.050852070213444,-7.489277586773513,-6.969435411072664,-13.700666561819233,-12.874087259849565,-13.899867544620742,-13.915393811913942,-14.644099981015941,-14.067766752196576,5,6,False,4.83783
Majayjay,2021,Dry,389.9,277.6,261.1,61.4,133.5,351.6,22.61,22.69,23.92,24.53,25.78,25.68,91.74,91.25,91.48,87.55,89.61,89.16,,0.7663603582177497,0.7022972009668339,0.7023443227046062,0.7405710107920097,0.755445225277895,-6.682550867943302,-6.264682248588374,-6.932128100655503,-6.878627544418817,-6.930773748144432,-6.952612413449494,-13.491405983431443,-12.936446867108515,-13.639502956968325,-13.618105368617472,-13.907889288683613,-13.82150629724813,5,6,False,4.48717
Nagcarlan,2021,Dry,218.7,177.5,162.5,35.7,75.5,375.9,23.2,23.29,24.59,25.28,26.7,26.07,86.15,85.31,85.03,80.54,81.74,86.01,,0.801790671179689,0.7734294457272074,0.6981790342422051,0.7636457900227744,0.7769142761605369,-6.248376750420786,-5.79654428077524,-6.249478620153865,-6.241924526701815,-6.300370052062822,-6.263390266273626,-13.162349998512743,-12.671522395503423,-13.24065930691576,-13.287545160260748,-13.388489292324772,-13.362140855769672,5,6,False,4.607
Paete,2021,Dry,411.5,450.5,273.0,92.4,193.3,248.0,21.7,21.78,22.93,23.59,24.72,25.06,91.54,90.93,92.15,87.15,91.04,88.2,,0.7612402357046599,0.8015216523202235,0.7274414046258458,0.8283613852289019,0.8373803725744862,-6.777836603164486,-6.280723245728036,-6.659660342728587,-6.556195707538262,-6.719894238741488,-6.7875284219208725,-13.25005299866517,-12.695483668001012,-13.321320530216655,-13.13253881009793,-13.510334648174311,-13.29818052189826,5,6,False,4.54844
Pagsanjan,2021,Dry,184.6,161.6,143.0,34.2,75.3,320.7,24.97,25.09,26.39,27.15,28.44,27.83,84.12,83.56,83.33,78.37,80.6,85.23,,0.6744711535761907,0.6826089177437442,0.5796601162752323,0.6273206077756917,0.7036843366302586,-6.84346913817471,-6.496994629904187,-7.249813414408026,-7.020250683938073,-7.2653451355906995,-7.008236628791246,-14.245370672786915,-13.315885106403433,-14.173564516744813,-13.991451437332715,-14.649966762038545,-14.430957143068568,5,6,False,5.09942
Pakil,2021,Dry,90.5,126.9,59.7,33.8,56.5,159.6,25.58,25.66,27.1,27.85,29.13,28.55,78.22,77.73,76.69,72.17,73.84,77.93,0.5641772550501694,0.7589487567720788,0.7806454814346145,0.7592762019343245,0.7645960285250931,0.8363713346955303,-7.011001038643774,-6.570183700289298,-6.8460444623135865,-6.9822995375000705,-7.152634442197496,-6.955113674630744,-13.637766194641578,-13.079204112849991,-13.751714776082515,-13.652133433541502,-13.861271540935519,-13.577756982114852,6,6,False,4.47897
Pangil,2021,Dry,330.1,463.3,230.5,89.5,165.9,223.6,22.41,22.49,23.65,24.27,25.41,25.73,90.37,89.89,90.9,86.83,90.08,87.83,0.43940700648224895,0.7062520526559353,0.7365040385792065,0.7135405018189208,0.8020085927325853,0.7713223754778651,-7.240617948125025,-6.840887800722627,-7.138692389427246,-7.173239769148817,-7.191611635778042,-7.116384827221908,-13.924187159726623,-13.37765241051971,-13.911016374923442,-13.736062770872557,-13.93888344983215,-13.778428051295972,6,6,False,4.90738
Pila,2021,Dry,151.8,139.8,108.1,27.1,70.1,284.1,25.3,25.38,26.69,27.49,28.8,27.94,81.21,80.71,80.49,75.27,77.55,85.36,,0.6752539360586826,0.5632003530796696,0.4693203610934894,0.5186829778989842,0.714608827033985,-8.24426570197326,-7.832472691273673,-7.729278244595837,-7.724195568284573,-7.910189863785607,-7.760673966454837,-15.970312130844045,-14.417892804742156,-14.66747231269487,-14.704489531200204,-15.327771505608002,-15.780735007861011,5,6,False,5.16442
Rizal,2021,Dry,177.9,150.4,136.3,36.9,81.6,271.3,22.78,22.85,24.12,24.81,26.43,25.68,86.74,86.39,86.09,81.78,81.89,85.76,,0.7036519569456575,0.7691124199299721,0.6462744106797933,0.7549041628689985,0.796595584265601,-6.456043244419423,-6.049357877753066,-6.5133740554921635,-6.54260662721642,-6.547002458561476,-6.549255008158658,-13.191910250592315,-12.759721024595745,-13.30608290421437,-13.431856053790169,-13.431503365355304,-13.432952964024343,5,6,False,4.77632
Santa Cruz,2021,Dry,151.8,139.8,108.1,27.1,70.1,284.1,25.11,25.19,26.51,27.31,28.61,27.76,81.18,80.68,80.46,75.24,77.52,85.34,,0.45542701341870573,0.5503917810758052,0.5195741682938562,0.6051192788113784,-0.014825072625706742,-7.340304335210042,-7.3873173908987955,-7.586983060493862,-7.472588684247623,-7.7508325703256205,-7.172682440360562,-14.905461169746632,-14.359129831889623,-15.08265328761737,-14.746177832803538,-14.831513626888194,-14.395953817615915,5,6,False,5.04536
Santa Maria,2021,Dry,137.5,253.6,74.2,51.6,56.3,225.1,24.4,24.5,25.88,26.55,27.89,27.29,84.16,83.44,83.18,79.04,81.14,85.55,0.46453981619762186,0.7340279826015293,0.7820770344642349,0.6652071212830551,0.797376438760259,0.7851659041543465,-7.147034850456883,-6.644322903037201,-7.192749186041966,-7.180547287892842,-7.346394507501384,-7.242535338484007,-13.840139389957008,-13.058125040584077,-13.910129190333087,-13.924066425307624,-14.317949504387732,-14.172723764637839,6,6,False,5.0708
Siniloan,2021,Dry,242.5,402.3,148.0,75.6,121.9,238.6,22.44,22.55,23.78,24.39,25.56,25.66,89.21,88.45,89.42,85.38,88.45,87.27,0.3834991382250708,0.7109403031160793,0.7414333175501007,0.6447741855615704,0.7736684770739268,0.837896854385266,-7.251472541524338,-6.791779891212907,-7.1478031324366285,-7.065724671842321,-7.09882384082442,-7.122680361199559,-13.900755152403908,-13.245935873928609,-13.755058038731171,-13.696388020203853,-13.932866045895071,-13.797111913869784,6,6,False,4.99914
Victoria,2021,Dry,151.8,139.8,108.1,27.1,70.1,284.1,25.3,25.38,26.69,27.49,28.8,27.94,81.21,80.71,80.49,75.27,77.55,85.36,,0.6392986012705681,0.5227594336629962,0.4466516018862456,0.4629791920728558,0.4981416874854702,-9.25101058469796,-8.836800927651723,-8.187665762171147,-8.322212272368331,-8.578191268746265,-8.34606532273494,-17.16150975676735,-15.264979748275497,-15.31266388533667,-15.384313597367484,-16.025653400895834,-16.405757394522812,5,6,False,5.07151
Alaminos,2021,Wet,327.1,205.5,455.5,296.8,95.9,103.1,25.89,25.98,25.48,25.38,25.68,24.17,88.45,86.93,90.27,88.06,84.72,83.12,0.7486815956946091,0.6361036354631888,0.8071628525736954,0.6316126457425763,0.7367480253156328,0.7940976776755119,-5.910704311353645,-5.614989643920776,-6.272769651215228,-6.120303174148847,-6.070062044658641,-6.054530414844651,-12.746198993079705,-12.752917564834345,-13.046251137385525,-13.075361436954033,-12.956424373604355,-12.96817062460058,6,6,False,4.23185
Bay,2021,Wet,355.0,260.0,416.4,253.0,93.8,110.9,26.68,26.72,26.27,26.14,26.49,25.02,87.91,86.78,90.09,87.23,82.37,80.66,-0.056655098450724445,0.6041728084724253,0.6630088930955994,0.43371940309817003,-0.14089664408896607,0.7466006170222913,-6.849607529798897,-6.770850548076995,-6.938058036610857,-6.5378058569678235,-7.122877072836885,-6.852952157461635,-13.86353359469834,-13.655737046083713,-13.547194255265543,-13.388714337520188,-14.163860883655962,-14.510776647848747,6,6,False,4.25719
Calauan,2021,Wet,395.5,254.7,444.0,235.1,79.6,120.9,26.93,27.0,26.59,26.49,26.73,25.25,87.58,86.47,89.28,86.54,82.46,80.82,-0.007943074997528445,0.65824107752874,0.7366612653195133,0.679079774904777,-0.032701922437319425,0.8142187197870251,-6.260443547144945,-6.404239266973417,-6.526679321672031,-6.436195558937235,-6.328937307959512,-6.556890147115609,-13.264347791417984,-13.260955094094836,-13.331447027116498,-13.22955317856327,-13.385919195416674,-13.689792314224377,6,6,False,4.17649
Cavinti,2021,Wet,436.9,257.0,421.4,272.1,164.1,288.3,24.93,25.15,24.7,24.35,24.13,22.63,91.79,89.13,92.17,91.19,91.51,90.06,0.6430411516055673,0.7607299685918357,0.7593156740788934,0.7547543787508001,,0.7625273284741638,-7.03744088484906,-7.11033915183266,-7.371124840577239,-7.203885152502137,-6.881599353007727,-7.2536380481814735,-13.713851455410273,-13.971634410369001,-14.144263808397026,-13.99305765398387,-13.602420553312916,-13.894441243322376,5,6,False,3.4107
City of Biñan,2021,Wet,273.5,250.0,446.1,234.3,64.5,78.5,26.94,26.91,26.45,26.31,26.93,25.55,85.3,85.03,88.34,86.36,80.16,77.37,0.5681064283011587,0.08866027976631213,0.4391326346089244,0.43553167545547683,0.0005574752022525417,0.3872951884086655,-4.605887022203873,-6.061455463435493,-5.504348667093287,-6.106964683115206,-4.9955996272902174,-6.132915575863679,-11.936581045111044,-12.037819572945905,-12.518468768825796,-11.988515940677525,-12.29339322788801,-12.040134771227907,6,6,False,4.18499
City of Cabuyao,2021,Wet,314.7,248.9,395.8,234.5,64.6,97.0,26.68,26.56,26.16,25.94,26.37,24.97,86.49,86.84,89.41,87.93,83.82,81.23,0.4341297113815322,0.43914430694425893,0.5471094824804306,0.4768675306134362,0.6766124944752177,0.5024754644997775,-4.949453208716376,-6.867128845629249,-5.884937430828833,-6.665610136007441,-4.966553313839861,-6.791962829738626,-13.121806291844084,-12.746689456270378,-13.57431340073421,-12.48058407539629,-12.992508500584401,-12.648911906636249,6,6,False,4.10594
City of Calamba,2021,Wet,274.1,186.3,404.8,218.2,64.4,90.1,26.38,26.3,25.85,25.59,25.87,24.44,86.39,86.73,89.63,88.04,84.92,82.5,0.5315010261313473,0.5256060372956737,0.6112436796214287,0.5783789636358325,0.5486032855692201,0.5979483241019774,-5.886625720937993,-6.641075547280189,-6.748972434465593,-6.853684089462524,-5.808117959907238,-6.866120408599306,-12.843701595238889,-13.00072140623951,-13.552183288785674,-13.107325489411625,-12.766984279646886,-13.060225134680824,6,6,False,4.11526
City of San Pablo,2021,Wet,352.0,210.4,426.8,261.2,93.5,124.1,26.6,26.66,26.29,26.13,26.38,24.9,88.49,87.37,89.88,87.89,84.59,82.89,0.8002808835077523,0.6198132680750718,0.7607242207473617,0.7323220629727842,,0.7960338068230915,-6.0878377794412115,-6.364912479758307,-6.45657849856055,-6.7222108633805435,-6.211580586062265,-6.617609923349505,-12.860331966453469,-13.136485590564345,-13.098213204189221,-13.223261337465447,-12.917542111600381,-13.148225126649393,5,6,False,4.15909
City of Santa Rosa,2021,Wet,314.7,248.9,395.8,234.5,64.6,97.0,26.68,26.56,26.16,25.94,26.37,24.97,86.49,86.84,89.41,87.93,83.82,81.23,0.619610158972522,0.5482120097938479,0.5296289010531138,0.5042670511153348,-0.008053770027389487,0.4915907029375258,-5.157795175515046,-6.6435719984067285,-5.988431960361706,-6.642372755641098,-5.427393069503276,-6.684547934594717,-12.565112460091258,-12.728835477620205,-13.184482709793048,-12.704219934469895,-12.757103145590175,-12.692776608279367,6,6,False,4.05038
Famy,2021,Wet,425.7,253.5,397.3,222.0,98.4,236.1,26.6,26.79,26.54,26.25,26.08,24.56,90.11,88.35,89.39,87.68,87.08,85.24,0.7261065675076882,0.7709645379176555,0.6276726552542481,0.768333406604314,0.8271831379025093,0.8368554576865463,-6.496909581022887,-6.944655381737419,-6.862841769496532,-6.79401778589445,-6.359405643233942,-6.841935296452184,-13.208640391300518,-13.767649843497034,-13.537410282532536,-13.486357936390826,-13.127058104616614,-13.55855713803937,6,6,False,4.22728
Kalayaan,2021,Wet,529.1,352.6,479.3,322.3,188.0,350.3,24.95,25.24,24.79,24.42,24.18,22.73,93.38,90.45,93.28,92.16,91.99,90.28,0.21354415321512174,0.725394176837755,0.7853714655801456,0.7622577148950235,,0.7263610780313315,-6.820258238904869,-7.110338986561069,-7.27282968212422,-7.317552133048259,-6.886283130590594,-7.366458138505198,-13.474526537662468,-13.950129312019541,-13.862101416752065,-13.98866565752391,-13.503037942551085,-14.011381210856722,5,6,False,3.68819
Liliw,2021,Wet,424.6,330.1,406.0,198.9,93.9,164.4,25.47,25.58,25.28,25.04,25.04,23.49,88.99,87.11,89.16,87.64,86.44,85.23,,0.7218645438161787,0.7904181855178467,0.7692986506434382,,0.8159494144012674,-6.370280906190417,-6.613015709689654,-6.6539906145185075,-6.564493789528015,-6.028246751471001,-6.529523694123741,-13.094069788393348,-13.382049463322272,-13.424087070184479,-13.261703259920413,-12.919774342397664,-13.280678314431649,4,6,False,4.2099
Los Baños,2021,Wet,355.0,260.0,416.4,253.0,93.8,110.9,25.62,25.67,25.21,25.08,25.43,23.96,87.83,86.69,90.0,87.12,82.24,80.54,-0.05266842257742153,0.5691811115828586,0.704256032640624,0.48629123203861163,0.44283318617159395,0.7242624056168746,-6.186029501946005,-6.19738272303718,-6.438180753603953,-6.286823378349632,-6.021091889517048,-6.051759225560474,-12.723881095323405,-13.076480301032403,-13.191851165376622,-13.075301748424371,-12.931794676069748,-12.88048936725284,6,6,False,3.90832
Luisiana,2021,Wet,415.7,279.1,511.1,329.2,202.8,338.3,24.16,24.33,23.95,23.6,23.34,21.77,92.35,89.68,92.64,91.9,92.71,91.88,0.8107595345300227,0.8074998573010874,0.8299281543880994,0.8161582945169927,,0.822727127148643,-6.429040358941734,-6.432744836180289,-6.651960648499618,-6.632351831206557,-6.193513749058824,-6.575970361415318,-13.213236907355478,-13.419446200726048,-13.53235786042865,-13.435327554914387,-12.997321256656162,-13.308437077623875,5,6,False,3.45654
Lumban,2021,Wet,529.1,352.6,479.3,322.3,188.0,350.3,24.95,25.24,24.79,24.42,24.18,22.73,93.38,90.45,93.28,92.16,91.99,90.28,0.6510304936115894,0.6866038226964187,0.7698882116377562,0.7017614723323008,,0.6978890115352046,-7.1926036575835495,-7.645710110678796,-7.791115651950353,-7.757977166163752,-7.294282405841746,-7.717661030819691,-14.07137642746888,-14.371751077733178,-14.50016080483041,-14.409708655181106,-13.955265562701628,-14.350493847078694,5,6,False,4.01236
Mabitac,2021,Wet,465.9,203.6,403.0,165.8,50.9,148.6,26.73,26.8,26.59,26.37,26.49,24.94,86.53,85.78,86.45,84.13,81.29,79.46,0.5717401512875265,0.6350552400832448,0.5839174472860874,0.671989943988169,0.49060262002568844,0.7866770224654416,-7.632869136675151,-7.793681437652016,-7.917225560197638,-7.712547668374574,-7.511314198158038,-8.113534453218227,-15.09888954187645,-14.895943205302125,-14.902593268323553,-14.559172209789278,-14.357779419312813,-15.392248209981123,6,6,False,4.28605
Magdalena,2021,Wet,397.9,273.6,376.3,191.6,90.0,168.6,27.03,27.17,26.81,26.6,26.59,25.1,87.46,85.46,87.46,85.82,84.31,82.75,0.5666173583423475,0.7656723784002603,0.7720699162145886,0.7747898475647145,,0.798640501274043,-6.53541345482099,-6.655115874012305,-6.738117277796107,-6.788405428585585,-6.456351778277095,-6.669259047496055,-13.393402685403492,-13.424933204762752,-13.556351852805886,-13.445487439321433,-13.515939896628964,-13.507490845734823,5,6,False,4.17846
Majayjay,2021,Wet,415.7,279.1,511.1,329.2,202.8,338.3,25.11,25.28,24.9,24.55,24.29,22.7,92.42,89.75,92.7,91.96,92.76,91.94,,0.8079236337172099,0.8193957305542332,0.8212281124205192,,0.800355021391439,-6.496221449402024,-6.611870635802621,-6.842244400771417,-6.561186438656323,-6.068394309668754,-6.60765076522738,-13.176970339754515,-13.46424822528993,-13.52145967953438,-13.27110118231017,-12.843469457024748,-13.291799462459121,4,6,False,3.96875
Nagcarlan,2021,Wet,424.6,330.1,406.0,198.9,93.9,164.4,25.47,25.58,25.28,25.04,25.04,23.49,88.99,87.11,89.16,87.64,86.44,85.23,0.5540053993463516,0.782149512560289,0.787189168992526,0.8240089533609252,,0.8242769379986191,-5.961489790910791,-6.254810231036935,-6.219105033472611,-6.359426811122542,-5.687548463728724,-6.2941429806179245,-12.93368245347941,-13.266659839466604,-13.26418928458651,-13.206653348208562,-12.848863351912001,-13.102698011191704,5,6,False,4.08259
Paete,2021,Wet,441.3,314.1,409.6,337.5,315.1,481.1,24.05,24.38,23.97,23.57,23.17,21.82,94.11,91.16,93.44,92.65,93.14,91.11,,0.7763427241378695,0.8113148175209178,0.7981450556006564,,0.8192639189618565,-6.261950127054457,-6.62383390562791,-6.736391656181594,-6.938622409306148,-6.177312588199981,-6.670772802640528,-12.72382678470074,-13.451717675498871,-13.374377183278128,-13.63382552276425,-12.877869837877943,-13.296520389460735,4,6,False,3.92037
Pagsanjan,2021,Wet,397.9,273.6,376.3,191.6,90.0,168.6,27.25,27.4,27.04,26.82,26.82,25.32,87.48,85.48,87.48,85.84,84.34,82.78,0.5727613457800765,0.703352835047579,0.7446263314587838,0.7354561208130772,,0.7070660947770323,-6.701903347680395,-7.114548490437445,-6.855386437080394,-6.808289615503033,-6.520893787316439,-7.102428510534065,-14.156464057596162,-13.825816805545026,-13.833329616920704,-13.514100554538905,-13.824084497871624,-14.068651706550588,5,6,False,4.18775
Pakil,2021,Wet,319.1,124.4,303.7,169.2,41.5,106.8,27.94,27.92,27.59,27.45,27.73,26.1,81.15,80.74,82.85,80.6,76.28,75.57,0.7008426923823079,0.7376955961665911,0.7722890804486324,0.7493518500832484,0.8356659100829448,0.7851190490218137,-6.457758431733107,-6.845458177493487,-6.943019762635522,-7.128944467349671,-6.474476373684788,-7.154756231791492,-13.034769613138721,-13.784599532975891,-13.637851243824796,-13.940841201603439,-13.27867225593426,-13.80423666581375,6,6,False,3.89819
Pangil,2021,Wet,374.5,273.5,420.4,310.6,269.4,416.3,24.76,25.01,24.71,24.36,23.97,22.54,93.17,90.93,92.35,91.04,92.02,89.86,0.3449249652031859,0.719758481514051,0.6701256455560034,0.705966750396556,0.7710647295851273,0.7940715028487201,-6.464147326663846,-6.972151397279919,-7.032097936724989,-7.064312370445887,-6.647662297620345,-7.146548404582281,-13.25905233645579,-13.909960276399827,-13.771118372875904,-13.843487420213856,-13.477270614138087,-13.913288857563947,6,6,False,4.11419
Pila,2021,Wet,355.2,235.6,358.2,190.0,70.8,108.2,27.44,27.52,27.13,27.06,27.24,25.79,86.46,85.15,87.33,84.37,80.53,78.75,,0.6702064225881664,0.6509061118755061,0.6048442825683303,,0.6300898113368052,-7.591625823948835,-8.08620439298396,-7.34475169209214,-7.005230402322443,-7.363965131708449,-8.005793917035472,-15.304574408908348,-14.149478235273513,-14.148294174899062,-13.294146676502685,-14.608078247786034,-15.583445180653944,4,6,False,4.29597
Rizal,2021,Wet,424.4,258.3,446.5,249.6,103.3,131.0,25.0,25.1,24.79,24.58,24.7,23.11,90.12,88.37,90.42,89.12,87.3,86.23,,0.7459141006875211,0.6732760548092611,0.7586805479764561,,0.8097865618476637,-6.151367193227504,-6.48748812550753,-6.412085073487933,-6.725219563425932,-6.003258782384588,-6.551668058636938,-12.860541055353828,-13.463842296435555,-13.234304345370298,-13.430531681824963,-12.936659497661784,-13.100206600504226,4,6,False,3.86949
Santa Cruz,2021,Wet,355.2,235.6,358.2,190.0,70.8,108.2,27.25,27.33,26.95,26.87,27.06,25.59,86.44,85.14,87.31,84.35,80.51,78.73,0.49799186094716347,0.5217331835518189,0.5341414457540968,0.5878493379439585,,0.5415672259587268,-6.9971603398457285,-7.701435673331912,-7.357274581609456,-7.312220603838503,-6.810834713241273,-7.640823756021152,-15.017142719488618,-14.348579559938955,-14.776089870575817,-13.643726971442565,-14.173460765121781,-14.419473428757977,5,6,False,4.19307
Santa Maria,2021,Wet,460.1,222.5,460.8,203.7,63.7,176.2,26.48,26.67,26.5,26.24,26.27,24.67,89.53,87.63,88.09,86.26,84.65,83.15,0.7065700776832352,0.7634857366999177,0.5497698993145611,0.7789844435183406,0.8172206561451111,0.8189723823331435,-6.79348166237891,-7.074539504633976,-6.993524028368725,-6.986548731417352,-6.63483164878586,-7.101886572607649,-13.549334974928504,-13.88118397541257,-13.744711100423963,-13.785747726677693,-13.623176960362013,-14.040558671988542,6,6,False,4.28161
Siniloan,2021,Wet,437.1,265.0,455.4,260.9,150.7,286.7,24.77,24.94,24.74,24.42,24.12,22.62,92.35,90.51,91.36,90.08,90.68,88.65,0.6309093476473558,0.7534330171142155,0.6070087710266255,0.6461415892962394,0.7777776832769218,0.8089101748597401,-6.618996747817363,-6.986811978873746,-7.007359168974794,-6.952288550085014,-6.541559243099194,-7.102976240660658,-13.456531379911926,-13.92406276318685,-13.733738425151472,-13.743115843273449,-13.310950041059897,-13.933526633508643,6,6,False,4.17553
Victoria,2021,Wet,355.2,235.6,358.2,190.0,70.8,108.2,27.44,27.52,27.13,27.06,27.24,25.79,86.46,85.15,87.33,84.37,80.53,78.75,-0.06495897735679572,0.6288182647406255,0.594011944698942,0.5159704684717176,,0.554186453242098,-8.447623161610812,-8.644069665401506,-8.088020306399565,-7.588055642168981,-8.5421149529126,-8.593569824333354,-16.443286505251535,-14.937021645960332,-15.119136255480578,-14.310552050479664,-16.32939879217127,-16.446404907200755,5,6,False,4.27387
Alaminos,2022,Dry,38.6,54.4,60.2,141.3,186.3,242.5,23.79,24.72,26.31,25.86,26.69,26.1,81.73,81.12,78.13,81.52,81.11,85.42,0.6703092796476599,0.6037855969035044,0.7869464347482966,0.7203734620757142,0.7936148431874088,0.7154503240727409,-5.847566055060809,-6.026423225807314,-6.173178301593615,-5.805301708806337,-5.454136127728355,-5.520828725402317,-12.893030258684798,-12.901853114647496,-13.061815707373277,-12.825140244544219,-12.711844104114691,-12.568014593858225,6,6,False,3.9716
Bay,2022,Dry,40.8,63.5,63.2,113.7,155.1,282.0,24.87,25.47,27.0,26.82,27.55,26.95,78.2,78.95,76.4,77.94,79.66,84.7,0.5247035063391575,0.6455981321040131,0.6794142908500077,0.6183599753520701,0.7006411382477516,0.5397063252225099,-6.837124064544287,-6.843704975624782,-6.9525200269618885,-6.4647141598240685,-6.331887706637866,-6.427284909032223,-14.282169822256408,-13.46621250295706,-13.502128714612798,-13.203708985320857,-13.473690296875201,-13.90337889644778,6,6,False,4.1319
Calauan,2022,Dry,46.1,61.3,63.3,88.7,178.6,285.2,24.97,25.55,27.03,26.93,27.72,27.27,78.94,80.05,77.69,78.58,79.7,83.96,0.6746215206745709,0.717653799786271,0.770377567263202,0.6882806847090539,0.7781725469775742,0.7619289637708906,-6.448516372240541,-6.566299915886569,-6.609414252246729,-6.188159690959522,-6.037594141445997,-6.032759722427066,-13.605143621091313,-13.226867990371652,-13.214532587478901,-12.95096564949374,-13.051138122191142,-13.153568797721444,6,6,False,4.10158
Cavinti,2022,Dry,104.2,126.2,99.5,160.3,204.3,263.1,22.52,22.78,24.35,24.17,25.4,25.25,87.4,90.62,87.29,88.51,86.61,87.42,0.7597302191652081,0.5210553721829984,0.7759211352683003,0.6862328460841465,0.7665104573735757,0.7750967803223588,-7.110334923491182,-6.844092009389703,-6.814451535238866,-6.8116841635878735,-6.765334464279754,-6.776875186332801,-13.775688735098864,-13.445992482745098,-13.573907166623549,-13.427250101942374,-13.720592046365741,-13.533420320154441,6,6,False,3.60153
City of Biñan,2022,Dry,32.3,28.8,32.6,64.0,289.1,324.6,25.52,26.04,27.61,27.42,27.85,27.24,73.91,75.32,72.64,74.63,78.12,82.54,0.28657657032556383,0.3564277013724339,0.33498075236115427,0.1312487299089711,0.39466353599032783,,-6.309246272037042,-6.217943640579658,-6.405597916652315,-5.930527928876979,-5.385098288385701,-5.3749056357786635,-12.146663599154698,-12.014630844113537,-12.203524261612184,-11.868351265502787,-11.519828776696126,-11.507310377347581,5,6,False,3.95875
City of Cabuyao,2022,Dry,42.6,41.4,63.6,122.2,238.6,315.0,24.98,25.54,27.11,26.88,27.51,26.86,77.6,78.53,75.68,77.67,80.01,84.55,0.20798815193120385,0.437257341897713,0.470455785795317,0.43087680528032046,0.47948775255345616,,-6.835818448274235,-6.910921916284764,-7.0782721946993625,-6.506527860394799,-6.218328721396927,-6.118786667752374,-12.697142084878424,-12.58368422791506,-12.759800207317657,-12.283403728974125,-12.18998953139704,-12.188717754805554,5,6,False,4.12662
City of Calamba,2022,Dry,38.7,65.7,81.1,128.0,220.6,246.5,24.45,25.11,26.63,26.4,27.28,26.59,78.71,79.3,76.97,79.03,79.27,84.19,0.3104372546854169,0.509250861884067,0.5281402203423154,0.49241673562448945,0.5931881248968564,0.3879560932512098,-7.018657483483528,-6.770480430020534,-7.27911850047086,-6.33073285290456,-6.2268810998309165,-6.005719643948097,-13.28481876720628,-12.959671783116454,-13.42432065884053,-12.61564994423134,-12.661270919795264,-12.421216360998587,6,6,False,4.09846
City of San Pablo,2022,Dry,49.2,59.5,72.8,130.2,167.0,256.3,24.54,25.29,26.81,26.56,27.44,26.9,81.71,81.89,79.58,81.36,81.05,85.31,0.6740462911546881,0.6742340416187765,0.732420075786624,0.7226606864309408,0.6911346958383165,0.668248892318466,-6.560112187010853,-6.706051721838266,-6.7183010353257275,-6.404812490398979,-6.162084750430228,-6.056573385603265,-13.224034129588793,-13.212949092418135,-13.265477975481483,-13.02250049334554,-12.948164185109913,-12.690368472925247,6,6,False,4.06375
City of Santa Rosa,2022,Dry,42.6,41.4,63.6,122.2,238.6,315.0,24.98,25.54,27.11,26.88,27.51,26.86,77.6,78.53,75.68,77.67,80.01,84.55,0.2952240766769398,0.4425548319797491,0.4315422116423842,0.4749612130847783,0.4803405229388034,,-6.7721774208818095,-6.757656826453663,-6.98349075119512,-6.298305714986785,-6.018596898528337,-5.848663604463591,-12.819304227107676,-12.736703579251104,-12.973050405332723,-12.357081625386092,-12.249772542246669,-12.082082142234874,5,6,False,4.02354
Famy,2022,Dry,62.4,80.2,53.3,99.6,207.4,242.1,24.46,24.63,26.3,26.13,27.25,27.24,82.87,86.56,82.36,84.33,83.35,84.6,0.7435056592823024,0.5555620935601493,0.7308072754587011,0.78369098646138,0.824685531944832,0.8095262837348557,-6.405583349702782,-6.824712228110306,-6.651091633195545,-6.270239510907552,-6.161043599995668,-6.6235270491156575,-13.093028208400094,-13.416580916866195,-13.091996626435717,-12.777185032606,-13.071985254091867,-13.733232355092042,6,6,False,4.16537
Kalayaan,2022,Dry,102.2,160.1,109.2,181.3,233.5,298.4,22.67,22.81,24.41,24.17,25.48,25.32,87.16,91.13,87.68,89.37,87.85,89.24,0.709486976704759,0.675010086532962,0.6587521789193762,0.7084778442284217,0.7888071328025799,0.7767839917243133,-6.949307443048889,-7.032915813662753,-6.826729338170401,-6.5798963389537795,-6.623188542113617,-6.792238341979733,-13.645572351150308,-13.657480621358673,-13.507114768491471,-13.124968212164214,-13.592885694800948,-13.620804070227123,6,6,False,3.88487
Liliw,2022,Dry,61.7,91.0,52.4,102.9,195.2,253.6,23.28,23.76,25.32,25.2,26.24,25.91,82.96,84.85,81.65,82.6,81.63,84.34,0.7867161559573917,0.581696022442463,0.7825202072100537,0.7289670403247229,0.7052025242983151,0.784813934644728,-6.579371780812951,-6.4465711060502935,-6.694770871995164,-6.4102740614536815,-6.26396696860184,-6.154260369351893,-13.453359219538077,-13.10935252372311,-13.367382472871299,-13.084244485613956,-13.141235520807413,-13.056447137764113,6,6,False,4.08838
Los Baños,2022,Dry,40.8,63.5,63.2,113.7,155.1,282.0,23.79,24.4,25.95,25.76,26.51,25.9,78.05,78.8,76.24,77.8,79.53,84.6,0.5222112783262522,0.534719431038949,0.7121877473167272,0.6113974740840348,0.7615405333263414,0.5258623904664006,-6.231795192544272,-5.990357668065602,-6.3755964883855905,-5.9450503705580475,-5.977321180236998,-5.818400372941331,-13.055402741851212,-12.647917094947147,-13.001900298387985,-12.67604473525383,-12.926066471064358,-12.683121725633683,6,6,False,3.81162
Luisiana,2022,Dry,136.1,182.8,117.9,191.7,215.1,246.0,21.58,21.95,23.42,23.32,24.57,24.46,89.34,92.13,89.38,90.2,87.45,88.27,0.798416914847605,0.5050731800056055,0.756942058911354,0.7716010261192047,0.805677328575728,0.7998469311910359,-6.534439341517421,-6.389634909173891,-6.24405232160858,-6.234263894352831,-6.085612115247143,-6.048250779975,-13.318953666836217,-13.209912616558004,-13.119319955318534,-12.994999101974544,-13.046259661760867,-12.950738385215066,6,6,False,3.62075
Lumban,2022,Dry,102.2,160.1,109.2,181.3,233.5,298.4,22.67,22.81,24.41,24.17,25.48,25.32,87.16,91.13,87.68,89.37,87.85,89.24,0.6901909458893887,0.5496659568471048,0.6900720267700673,0.657659868317108,0.7224678628390235,0.781336492971306,-7.615759200246923,-7.477044191089179,-7.54478914969584,-7.222769037537053,-7.2397091238538165,-7.2984912550569065,-14.204774352739948,-14.041880463899465,-14.086654024378719,-13.566480863971034,-13.94702735504951,-13.892937630871721,6,6,False,4.18621
Mabitac,2022,Dry,33.4,40.6,27.3,73.5,243.5,233.2,24.69,25.12,26.91,26.78,27.56,27.39,77.94,80.11,75.66,77.31,78.94,81.32,0.631413353028714,0.6220007395034955,0.6832266933220115,0.6723393606789506,0.7085903827849214,0.6180265371832179,-7.680046089668171,-7.902030264187707,-8.244729525470932,-7.458832937663996,-7.102139253277039,-7.400649093156525,-14.966910575955463,-14.639656583054899,-14.52254419836505,-13.870877819413769,-14.030999330075561,-14.769879738130289,6,6,False,4.29277
Magdalena,2022,Dry,54.8,55.7,39.1,75.5,254.6,258.7,24.96,25.32,27.0,26.84,27.79,27.47,80.32,82.78,78.81,79.9,80.56,82.67,0.7925191555624764,0.6412794240932319,0.7314274664675984,0.7269415383871003,0.7331698698438517,0.7539439645471552,-6.7726396533090165,-6.662975088254208,-6.909029922074585,-6.398414264710632,-6.2659425334740435,-6.138887703910176,-13.55804990017699,-13.223077833794864,-13.540751368240965,-13.055204529196121,-13.10923278860681,-13.163166061326507,6,6,False,4.01809
Majayjay,2022,Dry,136.1,182.8,117.9,191.7,215.1,246.0,22.53,22.89,24.36,24.28,25.52,25.41,89.41,92.18,89.47,90.27,87.53,88.33,0.8259637579513485,0.5421822359538886,0.7917519726491516,0.7654667589523055,0.7535155987667812,0.7861163616593642,-6.643313521990912,-6.446756352263319,-6.692135918731371,-6.390956751672514,-6.177852212013443,-6.12929972488711,-13.452521356503565,-13.1492386636224,-13.395485810285393,-13.014470881871853,-13.003529968048595,-12.994254997075053,6,6,False,3.93938
Nagcarlan,2022,Dry,61.7,91.0,52.4,102.9,195.2,253.6,23.28,23.76,25.32,25.2,26.24,25.91,82.96,84.85,81.65,82.6,81.63,84.34,0.7789960343797209,0.6346617891374254,0.8218727612949305,0.760680544581736,0.7672302398909726,0.7526113042063589,-6.2075965433355,-6.24687788441122,-6.304727868790244,-6.043166696900604,-5.895324995231239,-5.75214461095161,-13.21070263994873,-13.019485594982978,-13.134153467925938,-12.87159931037377,-12.956108783537822,-12.801698203260507,6,6,False,3.97447
Paete,2022,Dry,167.6,286.9,128.7,242.5,196.9,278.2,21.78,21.79,23.31,23.14,24.53,24.45,87.65,92.73,89.2,90.81,88.14,89.29,0.7674309857749918,0.5321542323248868,0.6668126950671714,0.753794160689184,0.8399635859306657,0.8392592917500078,-6.354245102342557,-6.642489724832773,-6.267170859528508,-6.288307153113851,-6.109975740581885,-6.269722780484324,-12.962948665605609,-13.213032154615917,-12.9703106614317,-12.854605762641572,-13.03031547372255,-13.073615406087143,6,6,False,4.14127
Pagsanjan,2022,Dry,54.8,55.7,39.1,75.5,254.6,258.7,25.17,25.54,27.23,27.07,28.01,27.7,80.35,82.8,78.83,79.93,80.58,82.71,0.7624724014148154,0.6994992536997598,0.7132835685767112,0.7092642854325254,0.6899615092233972,0.7032789894123928,-7.214289240403376,-6.853508049262498,-7.193689685983625,-6.387494021109654,-6.335973292504783,-6.629436369861249,-14.109798034384275,-13.30169618819047,-13.626769100009007,-12.843224082001033,-13.119386193306363,-13.647926972103324,6,6,False,4.15239
Pakil,2022,Dry,30.9,27.9,18.6,62.3,155.7,169.7,25.88,26.25,28.1,27.84,28.62,28.55,74.04,75.77,70.74,73.25,74.37,75.8,0.7180251759185258,0.4993360714799321,0.7411858480307714,0.7375908638664121,0.8212074366706885,0.8219693723191929,-6.690015772688708,-7.02868582949492,-6.965777274367294,-6.614597190535765,-6.311748286928158,-6.455181436323499,-13.34538090614201,-13.645333928860731,-13.53066087588718,-13.218882715514276,-13.280936588611864,-13.438573870185387,6,6,False,4.15471
Pangil,2022,Dry,158.3,240.2,110.8,207.5,204.1,215.6,22.48,22.51,23.99,23.88,25.21,25.3,87.06,91.69,88.6,90.07,87.74,88.05,0.7172070416763641,0.6634955236510583,0.7178104744537261,0.6002374733998772,0.7692880164919007,0.8193056360582606,-6.859954336838969,-6.90684132171181,-6.930617488169282,-6.565062537869794,-6.266035109091462,-6.577150627276839,-13.640886123191356,-13.559541363299559,-13.43848965852709,-13.02182106469005,-13.104112946491195,-13.565114833875784,6,6,False,4.20666
Pila,2022,Dry,46.6,38.2,31.4,76.1,294.8,344.3,25.61,26.07,27.66,27.54,28.22,27.85,76.57,78.1,75.19,76.3,79.39,83.17,0.6049726863467237,0.5400728197440824,0.6037132291806689,0.4232511195269498,0.5285097172052797,0.5043971333040866,-7.682911733225063,-7.5350463086060575,-7.90553140103003,-6.826405138292757,-6.720412648925914,-7.775111222015849,-15.077036616757706,-13.532223672997782,-13.533329629965953,-12.648435259944529,-12.831137021245437,-14.698730781815746,6,6,False,4.24228
Rizal,2022,Dry,66.3,84.8,90.9,149.7,160.1,252.2,22.77,23.44,24.98,24.8,25.72,25.41,84.69,85.58,82.63,84.14,83.16,85.85,0.6916669403874998,0.7388701683220033,0.8278492497770275,0.7473396670022675,0.6732624818730318,0.7570650727530014,-6.411816979159922,-6.591170342561943,-6.387146367335961,-6.342946065209251,-6.2262929679006245,-6.057684978816674,-13.256033218091172,-13.209838172369624,-13.228445167218464,-13.161417959549816,-13.256823828411905,-12.949033064380563,6,6,False,3.82617
Santa Cruz,2022,Dry,46.6,38.2,31.4,76.1,294.8,344.3,25.43,25.88,27.49,27.36,28.03,27.66,76.54,78.08,75.16,76.28,79.37,83.14,0.5792934661490691,0.5105545077354584,0.605920048415877,0.48772473858403165,0.5400553978518476,0.5477811800838943,-7.691989746818922,-7.320638737136866,-7.774841550801906,-6.631885459619875,-6.577030514390582,-7.522343073018317,-14.470593060609058,-13.45295092252932,-13.624433793070587,-12.510037854381544,-12.796640210622666,-14.145893480421854,6,6,False,4.22865
Santa Maria,2022,Dry,41.0,52.9,42.6,93.2,232.2,242.9,24.5,24.86,26.57,26.4,27.27,27.24,80.86,83.83,79.69,81.69,81.9,83.26,0.8270206022461318,0.7800238526085232,0.6613657966090788,0.698809633640584,0.8340225647164514,0.7787121249923573,-6.665367734843734,-7.157269941319015,-6.906313954239653,-6.71202080376902,-6.497418516351473,-6.814267851935594,-13.327188237655895,-13.609282160417088,-13.29006347972838,-13.347858025476105,-13.380570977093145,-13.916643830802572,6,6,False,4.30307
Siniloan,2022,Dry,81.5,150.4,65.1,139.3,253.3,253.5,22.54,22.68,24.21,24.07,25.2,25.35,85.92,90.18,86.87,88.59,87.05,87.22,0.6719070999345231,0.5787509225418728,0.7665252513248493,0.6902314835876276,0.798615573352525,0.7830046027378257,-6.72077137346876,-6.890764212725782,-6.747231783305438,-6.348786517641209,-6.213461016970183,-6.678671974498107,-13.56071190340698,-13.56132034380054,-13.222162027268046,-12.801084033561338,-13.09143778668142,-13.799445200758939,6,6,False,4.22327
Victoria,2022,Dry,46.6,38.2,31.4,76.1,294.8,344.3,25.61,26.07,27.66,27.54,28.22,27.85,76.57,78.1,75.19,76.3,79.39,83.17,0.5358388509320341,0.6006991585528401,0.5746818311346102,0.44457183244091886,0.5115986289765995,0.4853510104473053,-8.411382439005434,-8.248029298323443,-8.4026170869422,-7.095528906914487,-7.553519715541295,-8.804330357614262,-15.89556648660212,-14.179793090660572,-14.108414880594824,-13.421065252988473,-14.047252852603007,-16.248401637381534,6,6,False,4.25457
Alaminos,2022,Wet,353.7,336.5,289.6,461.3,121.7,111.8,25.75,25.33,25.43,25.52,25.46,24.42,88.67,88.81,88.66,87.45,87.0,85.04,0.7288040415980158,0.7333380703907483,0.6962124132260749,0.7530374461620425,0.6342125386807267,0.7928878269965189,-5.231997951253391,-5.68649018072688,-5.781033857467801,-5.678188077267241,-5.5862696695112195,-6.256710476397694,-12.390151479867704,-12.62530771793844,-12.627149832920585,-12.475788353163805,-12.38625432309706,-13.046960164904542,6,6,False,2.992
Bay,2022,Wet,373.6,392.9,286.9,447.0,166.4,124.6,26.53,25.97,26.23,26.28,26.12,25.02,88.68,89.67,87.98,86.51,85.93,84.19,0.6640543353585024,0.693439979048042,0.22686330511364158,0.7385713868350162,0.3834169553039648,0.776731271259209,-6.280080217161171,-6.760004646927705,-6.483993114017741,-5.974508915826612,-6.395747559998144,-7.127847634402756,-13.466952519288858,-13.544449006681004,-13.095256379637588,-12.642328522246675,-13.280962772848678,-14.471630417536508,6,6,False,4.134
Calauan,2022,Wet,492.9,442.7,308.7,496.6,112.6,143.7,26.87,26.3,26.45,26.58,26.49,25.29,87.99,88.8,87.97,85.88,84.97,84.15,0.7008493026619493,0.7752890373854314,0.541493969497559,0.78385583341299,0.5715876381065744,0.7081877538212782,-5.9090252830822845,-6.28841604745281,-6.264852147070274,-5.915723729064104,-6.103455215340125,-6.849936991630991,-12.851785762103937,-13.06238147594292,-12.845753060791656,-12.563898153407061,-12.769214824787442,-13.721672713113875,6,6,False,3.929
Cavinti,2022,Wet,395.6,366.7,291.4,493.4,231.4,308.6,24.99,24.6,24.57,24.42,24.05,22.77,90.66,90.66,90.85,90.94,92.52,92.14,0.5701046178249822,0.7793508352418257,0.7048955312277476,0.8004365534191549,0.6924682832490561,,-6.651262262891276,-6.895091900752227,-6.958332985960929,-6.7719157627077005,-6.4998130079746,-7.2543579172057155,-13.251881446560713,-13.414245887394127,-13.585794391630785,-13.307893128715577,-13.174271283602057,-13.831583931213395,5,6,False,3.204
City of Biñan,2022,Wet,376.5,528.4,357.0,485.2,113.6,99.8,26.6,26.05,26.15,26.4,26.3,25.32,87.33,88.39,87.11,85.97,85.33,82.81,0.43456781447374404,0.3692917530155117,0.4158521417267001,0.37844593017242756,0.3800638912299958,0.40723049247535775,-5.244888014105649,-5.897425438096811,-5.233470796734752,-4.976043571774961,-4.535831259066143,-5.963202431554401,-11.32719048081407,-11.768406201600975,-11.238543341214324,-10.964893634931014,-10.800414729780973,-11.842006064508972,6,6,False,3.419
City of Cabuyao,2022,Wet,366.4,439.8,332.9,459.5,94.1,122.2,26.34,25.88,26.05,26.11,25.9,24.85,88.42,88.97,87.63,87.21,87.19,85.38,0.47730997095006605,0.4721877184809851,0.5642800467113886,0.45169007273466205,0.33379607737459926,0.45445186471246274,-5.994931564695809,-6.465885231342577,-6.167106134535794,-5.79047780703195,-5.516747359100594,-6.673838630356429,-11.949109982199479,-12.247660248491716,-11.860806158353853,-11.543025833714946,-11.416291668593729,-12.387051641931995,6,6,False,3.677
City of Calamba,2022,Wet,280.1,336.8,300.4,435.2,110.6,111.7,26.11,25.65,25.84,25.73,25.46,24.4,88.07,88.4,87.46,87.59,88.08,86.31,0.5414492251361737,0.5720296868124894,0.6451276621378228,0.5298487675731585,0.4915907533000469,0.5571397436986837,-5.733238916082564,-6.438186284651993,-6.148292237478457,-5.891107459591982,-5.588948180547433,-6.8926093119082585,-12.02522704757607,-12.668008786111487,-12.311190918723865,-12.044466233154711,-11.81109403422535,-12.945392525892547,6,6,False,3.767
City of San Pablo,2022,Wet,304.1,302.7,274.8,479.1,132.1,115.9,26.55,26.02,26.14,26.25,26.16,25.04,88.6,89.02,88.8,87.37,86.9,85.52,0.7264874139655392,0.7358570536080915,0.6706863748669933,0.7365727775759087,0.6447409028021963,,-5.861939603023834,-6.298203443141145,-6.36219013879796,-6.288063310388819,-6.15503762231892,-6.817630673096881,-12.613726062250464,-12.882557950700356,-12.839365397775065,-12.707349457563824,-12.657968290105112,-13.22901466542226,5,6,False,3.798
City of Santa Rosa,2022,Wet,366.4,439.8,332.9,459.5,94.1,122.2,26.34,25.88,26.05,26.11,25.9,24.85,88.42,88.97,87.63,87.21,87.19,85.38,0.5360345203330897,0.4424788961022387,0.4936179591836554,0.5632091775359109,0.36538154634736575,0.4991695427076923,-5.778749455173804,-6.258809879017376,-5.816413750042876,-5.543988282999184,-5.168869717654589,-6.483281040328266,-11.947805569055543,-12.270489154962027,-11.853459105077091,-11.613824975825155,-11.398174792904445,-12.440758590087727,6,6,False,3.481
Famy,2022,Wet,337.7,353.9,337.3,382.7,144.2,213.9,26.88,26.35,26.23,26.32,25.92,24.72,87.67,88.41,89.41,87.24,88.54,87.29,0.8694959178866353,,0.7157853806546219,0.7777533694310135,,0.7087477510169489,-6.449342549178602,-6.430919801368823,-6.499371528807,-6.328935360561461,-6.334854849250527,-6.92117337288157,-13.24797927499731,-13.041928818474666,-13.005852761028253,-12.957219571274958,-13.022191535317612,-13.507537273438533,4,6,False,4.115
Kalayaan,2022,Wet,405.9,456.5,329.5,521.6,311.2,375.2,25.13,24.71,24.68,24.48,24.05,22.82,91.67,91.87,91.67,91.87,93.25,92.74,0.7202280091382071,0.7659506102403005,0.7190380010092337,0.7892241299513559,0.6203794358613346,,-6.604377544114735,-6.954541610852435,-6.998051410207049,-6.743057561560877,-6.700376690903842,-7.3694663195605505,-13.222090284548115,-13.55208152132293,-13.562152431201307,-13.202537219152902,-13.276812796345844,-13.904030317738327,5,6,False,3.19
Liliw,2022,Wet,385.4,397.1,315.5,547.4,133.3,193.6,25.57,25.07,25.03,25.11,24.94,23.61,87.89,88.24,89.11,87.65,87.62,87.72,0.7264078721872835,0.6961404092677425,0.6820977436987974,0.806416464809459,0.6873183924989875,,-6.138032124519923,-6.195295862835661,-6.495833198133375,-6.128301322811039,-6.267931249565065,-6.67005051679902,-12.905011933411188,-12.808999197536668,-13.116128940715129,-12.766081641205107,-12.936107143806137,-13.330927398061517,5,6,False,4.019
Los Baños,2022,Wet,373.6,392.9,286.9,447.0,166.4,124.6,25.48,24.92,25.18,25.2,25.07,23.95,88.57,89.58,87.89,86.42,85.83,84.07,0.7400753468480759,0.7124037533458335,0.6559022647971734,0.6507528225074042,0.30594685907611446,0.7316649370935743,-5.624175679683382,-6.118799295684101,-6.05111140601877,-5.709500391719563,-5.545623084726643,-6.3105347015871756,-12.302940497131237,-12.846914478681256,-12.713889848198477,-12.371981297858692,-12.167600414388078,-13.011446509451785,6,6,False,3.553
Luisiana,2022,Wet,406.7,384.5,305.1,597.2,252.8,349.7,24.28,23.88,23.82,23.62,23.33,21.99,90.65,90.7,91.34,92.09,93.27,93.5,0.7660329028953008,0.7666321828094746,0.732446356926693,0.8533140947134977,0.564384722164443,,-5.942378107068836,-6.213541064656545,-6.463573014572773,-6.268685189600657,-6.1504890345679,-6.708499851105358,-12.749795155427861,-12.98859812881621,-13.275321691560684,-12.908458604897868,-12.909206064983456,-13.397916606908934,5,6,False,2.935
Lumban,2022,Wet,405.9,456.5,329.5,521.6,311.2,375.2,25.13,24.71,24.68,24.48,24.05,22.82,91.67,91.87,91.67,91.87,93.25,92.74,0.48718696761185176,0.6849197364695631,0.7154097186890743,0.7213137195441818,0.6867203279411341,,-7.144508161303406,-7.352674629727239,-7.383259059440246,-7.037328232870659,-7.182420562010901,-7.882329805040968,-13.539497096848368,-13.762730968727004,-13.766294246675637,-13.40065522176497,-13.632918851494006,-14.380145512388307,5,6,False,3.835
Mabitac,2022,Wet,378.4,400.9,400.7,380.9,91.0,158.0,26.89,26.28,26.19,26.46,26.2,25.02,85.45,86.7,86.97,84.04,84.11,82.48,0.6296011184443945,0.6800034051219459,0.7474975429321746,0.6912342907378779,,0.5400198496209628,-7.628510514887298,-7.502002966225811,-7.427697402016572,-8.272937021360248,-7.98888328952745,-8.353772415458224,-14.647491910535692,-14.053623572970773,-13.90694930039989,-14.943092767863005,-14.814289170135611,-15.521330298338874,5,6,False,4.163
Magdalena,2022,Wet,332.7,363.2,308.8,427.9,141.8,194.7,27.08,26.61,26.55,26.66,26.45,25.15,86.76,87.11,87.86,85.65,85.9,85.54,0.4227460655417754,-0.031528519466519356,0.6784516732022918,0.7990092497669153,0.4658246964119089,,-6.09988465969394,-6.2912195919131975,-6.254968785269104,-6.027948687628557,-6.266109620495235,-6.952543831997999,-12.854988050180792,-12.89334119212338,-12.848215568390307,-12.671745148780012,-12.971097411970707,-13.689831074387747,5,6,False,3.922
Majayjay,2022,Wet,406.7,384.5,305.1,597.2,252.8,349.7,25.24,24.82,24.78,24.57,24.28,22.94,90.7,90.76,91.39,92.14,93.32,93.55,0.7815004534053857,0.6988961297899082,0.7171821588307485,0.8357607983943701,0.6726719412295322,,-6.135656554380464,-6.2183385247639835,-6.5799177411958825,-6.20509964041374,-6.241848380855004,-6.644997595290102,-12.90075286405614,-12.875667523467632,-13.297231115973384,-12.820290581471497,-12.882962848073038,-13.294965889024239,5,6,False,3.4
Nagcarlan,2022,Wet,385.4,397.1,315.5,547.4,133.3,193.6,25.57,25.07,25.03,25.11,24.94,23.61,87.89,88.24,89.11,87.65,87.62,87.72,0.7091333134091058,0.6704713350004328,0.7034271540345514,0.8521930482786149,0.6445266493960919,,-5.802668692534117,-5.897397964978584,-6.145491712008955,-5.828034631463282,-5.907486229559493,-6.38734339168511,-12.747406011104312,-12.74366570728084,-12.952817035169748,-12.597742342498123,-12.6055216267634,-13.065578013899453,5,6,False,3.825
Paete,2022,Wet,316.4,309.2,273.1,469.4,368.6,548.5,24.35,23.94,23.93,23.58,23.03,21.87,91.25,91.47,90.96,92.24,94.42,93.74,0.6590859454607714,,0.7310801387516552,0.7806692437559138,,0.7932589366615592,-6.161631916287177,-6.502638708377715,-6.5780160776903,-6.341078115622706,-6.193225196120604,-6.804485652387475,-12.772665002775046,-13.066081250073536,-13.193622094073142,-12.794552048668184,-12.813304208108724,-13.226696826477642,4,6,False,2.969
Pagsanjan,2022,Wet,332.7,363.2,308.8,427.9,141.8,194.7,27.28,26.85,26.78,26.88,26.69,25.37,86.78,87.13,87.88,85.69,85.92,85.57,0.7690054417675359,,0.6246550083385579,0.7589111951391321,0.47887851986348345,,-6.542238190710679,-6.620256090287047,-6.646274148934722,-6.225763824824745,-6.365106142179499,-7.37708222597895,-13.410521612706818,-13.212570620272697,-13.091229265628051,-12.747062220542327,-13.003109489477152,-14.24974770167511,4,6,False,3.875
Pakil,2022,Wet,284.8,341.7,297.3,362.9,67.6,126.0,27.86,27.32,27.29,27.54,27.27,26.07,81.34,82.55,82.65,80.1,80.31,79.19,0.5833570153769578,0.770284247197983,0.747445290904274,0.8044756097888499,-0.020204711084564526,0.7222232568331173,-6.272646666316575,-6.495508695243141,-6.685446769175759,-6.526716715187078,-6.511499770825712,-7.139115261358124,-12.885527675280564,-13.124868649694953,-13.344699362458824,-13.066125415609829,-13.23836296760469,-13.692016100133904,6,6,False,3.258
Pangil,2022,Wet,311.4,296.0,297.2,458.1,307.0,418.8,25.11,24.68,24.58,24.37,23.82,22.65,90.13,90.27,90.79,90.86,93.24,92.14,0.5630547520255414,0.05583871714770794,0.7237443650087036,0.7913236276334953,,0.7030049015930013,-6.382178379235052,-6.523045152765009,-6.650951145148093,-6.571145370519217,-6.646120474513428,-7.192325292876967,-13.077805378105063,-13.173922521157431,-13.273739383842251,-13.084319604174794,-13.317688108366466,-13.802983105486307,5,6,False,3.878
Pila,2022,Wet,423.8,406.8,343.3,419.1,93.6,149.8,27.39,26.9,27.01,27.16,27.04,25.78,86.92,87.31,86.61,83.87,82.91,82.14,0.4910258626536323,0.7274885027032153,0.5551939097301565,0.6430701876636056,0.11510943578554772,,-7.542350997562733,-7.614961770695846,-7.547568338086042,-6.669810209637792,-7.177152121938149,-8.10339871902453,-14.656171978622615,-13.819244695791792,-13.400965323677692,-12.661912165056929,-13.644443633536888,-15.45891158192058,5,6,False,4.143
Rizal,2022,Wet,340.4,350.3,349.1,579.6,127.3,149.3,25.1,24.55,24.5,24.65,24.6,23.33,88.89,89.18,90.36,88.94,88.52,88.16,0.7512205983788914,,0.6934832171319879,0.8583563052859103,0.6585160309518715,,-6.063067942751997,-6.253589429636832,-6.399586470754797,-6.245129797660121,-6.235606432240419,-6.615519206102419,-12.940017708308526,-12.912385439954262,-13.11649518374795,-12.805478868125876,-12.782697847276118,-13.16171828919299,4,6,False,3.443
Santa Cruz,2022,Wet,423.8,406.8,343.3,419.1,93.6,149.8,27.21,26.71,26.82,26.98,26.84,25.59,86.91,87.29,86.6,83.86,82.91,82.12,0.4642778226095647,-0.0010154710907954723,0.5837206715783424,0.5808518111144837,0.1204964924310785,,-7.214182532843498,-7.237580713396781,-7.330400808762499,-6.582984389863183,-7.365373523730061,-7.883613961872176,-13.788789538643469,-13.349786318854097,-13.166920446392268,-12.662275654543834,-13.748437354770163,-14.679967640372729,5,6,False,4.079
Santa Maria,2022,Wet,336.5,353.7,370.2,379.0,136.8,165.3,26.82,26.21,26.05,26.33,26.04,24.85,86.94,87.76,89.41,86.02,86.64,85.34,0.8057636219560795,,0.7229095467867364,0.7702369282988089,,0.7676151535635938,-6.6066742518486254,-6.653496386127621,-6.617746297231124,-6.584141709289166,-6.834891452358965,-7.266687542039032,-13.428850775089277,-13.195121735416965,-13.082392902221205,-13.124535133660014,-13.518113386229297,-14.144267625691237,4,6,False,4.314
Siniloan,2022,Wet,274.0,315.9,327.8,404.1,224.9,264.5,25.09,24.63,24.51,24.46,23.98,22.79,89.57,89.6,90.73,89.73,91.86,90.61,0.8427360305125303,0.5368078996737801,0.7733789265714057,0.7452059763888725,,0.6761282129699253,-6.667620708354427,-6.591938557705768,-6.698157506272479,-6.510453263949559,-6.617978135288692,-6.986521599660126,-13.549332663204867,-13.289587757823575,-13.259227053809216,-13.087911955368437,-13.306093840573045,-13.694477550654314,5,6,False,4.177
Victoria,2022,Wet,423.8,406.8,343.3,419.1,93.6,149.8,27.39,26.9,27.01,27.16,27.04,25.78,86.92,87.31,86.61,83.87,82.91,82.14,0.5309550159736569,0.6473210639169884,0.5351228097451524,0.5802347882776371,0.22298795007664166,,-8.054251311325764,-8.350109031380795,-7.981985014955092,-7.263702441713206,-8.30378922028325,-8.79579678829861,-15.32543761341468,-14.497700690526132,-13.94844829914329,-13.741716756167724,-14.955766902202713,-16.527306930934323,5,6,False,4.221
Alaminos,2023,Dry,162.9,64.6,42.9,147.5,146.8,214.3,23.73,24.16,24.66,26.17,26.71,26.27,85.2,81.78,77.3,79.8,84.09,86.1,0.8115947156132204,0.5485645873206002,0.5964846263623093,0.6825171209000641,0.6269540432825086,0.7909369140605768,-6.298162141367204,-5.91867140011265,-6.554788804596732,-6.189294833693371,-6.054307649733328,-5.658513612311576,-13.045295362648591,-12.850862776351246,-13.153353114670335,-13.052936408446008,-12.98868688393724,-12.802282753930895,6,6,False,3.30586
Bay,2023,Dry,159.9,53.2,12.0,137.8,161.4,262.0,24.39,25.05,25.79,27.07,27.72,27.19,83.58,78.7,72.88,77.28,81.66,85.12,0.7381921996706748,0.6157559011545447,0.5781247042575659,0.625906994436955,0.5974333363558502,0.6118137712904248,-6.985017403305154,-6.801740367798078,-7.472728423431703,-7.0871869106182945,-6.93184216493727,-6.614659625987756,-14.223962250296026,-13.784267136778956,-13.935824657967462,-13.699599996802325,-13.83391164796359,-13.9718115485448,6,6,False,4.38725
Calauan,2023,Dry,160.1,76.5,14.3,128.4,177.6,279.7,24.62,25.17,25.76,27.13,27.82,27.47,84.0,79.87,74.73,77.91,81.96,84.22,0.7948398669909731,0.4348802664508559,0.6517676515887075,0.7053739384208204,0.726349253360087,0.758452265946386,-6.8107146282505155,-6.551280649476494,-7.140154512916234,-6.853096787449488,-6.617183724102638,-6.271850454396051,-13.68592221669589,-13.37236372498459,-13.5370931854418,-13.428217614853356,-13.384145666212676,-13.418782394375045,6,6,False,4.21921
Cavinti,2023,Dry,352.5,183.1,32.0,137.8,205.6,292.9,22.05,22.69,23.14,24.77,25.61,25.45,92.47,88.26,84.32,85.09,87.23,88.2,0.6969079187743512,,0.6200397408752676,0.7462322423775424,0.7326173002278535,0.7390468974955027,-7.084205815722998,-7.004212378448433,-7.125118359189529,-7.084920002232237,-7.153623446485072,-6.720669910509574,-13.680132112245667,-13.76854730117614,-13.67613971252953,-13.649872848451626,-14.057398044858395,-13.601424891323328,5,6,False,3.45246
City of Biñan,2023,Dry,114.5,70.9,11.6,134.2,127.0,284.7,24.79,25.6,26.46,27.51,28.3,27.39,81.23,75.21,69.12,75.06,76.99,82.66,0.4422912412004801,0.3397126638080082,0.309824327333319,0.36256680361213844,0.38402302833202195,0.41905222192441755,-6.183444969995292,-6.114984455342015,-6.361686146778106,-6.075675399152437,-5.995627602469558,-5.223705645722101,-11.982240140893843,-11.926411730287725,-12.136526950734586,-12.017017166323756,-11.946743019926856,-11.276682173278601,6,6,False,3.73267
City of Cabuyao,2023,Dry,102.1,62.5,20.4,152.3,145.2,249.6,24.28,25.05,25.93,27.07,27.77,27.08,83.93,78.39,72.44,77.46,80.15,84.24,0.5191772359015469,0.5061734671444454,0.41032370005001095,0.4434155001589849,0.4027669915927732,0.5348755568733895,-6.855194909576021,-6.65779398374151,-7.129593382035414,-6.921871337321062,-6.8574570094997345,-6.39621502736249,-12.56632531856834,-12.391316345333202,-12.770963192264896,-12.682808263317044,-12.662283329305888,-12.33807567274412,6,6,False,3.7071
City of Calamba,2023,Dry,101.0,38.0,12.0,181.7,137.2,282.1,23.8,24.58,25.51,26.76,27.43,26.66,85.23,79.44,72.9,77.26,80.62,85.29,0.6074200964040068,0.5138732987766514,0.43303753474325,0.5167099270327958,0.5298864229848435,0.567944888834245,-7.027418264215187,-6.764473448970879,-7.391345203789162,-7.14784784312776,-6.995948203354292,-6.480002709780658,-13.044677750932589,-12.971557012521354,-13.420256791796444,-13.367920936229089,-13.282394272947275,-12.927811296749155,6,6,False,3.96282
City of San Pablo,2023,Dry,161.4,80.7,28.7,122.5,134.7,257.7,24.34,24.85,25.41,26.91,27.48,27.06,85.46,81.87,77.08,79.52,83.7,86.01,0.7793969572392975,,0.5847410082571,0.6663915912628485,0.7140523598457218,0.7212282203536362,-6.893667371293638,-6.573188688837874,-7.242702937499665,-6.790912415999263,-6.7396122984945475,-6.490362587033393,-13.331654591263558,-13.167494592828309,-13.554983747604487,-13.366399573444777,-13.383041340175666,-13.264458531881674,5,6,False,4.08502
City of Santa Rosa,2023,Dry,102.1,62.5,20.4,152.3,145.2,249.6,24.28,25.05,25.93,27.07,27.77,27.08,83.93,78.39,72.44,77.46,80.15,84.24,0.5820560571505214,0.3799352188948961,0.39438371979306364,0.4376447951176324,0.3823264296134264,0.5298764671795088,-6.662580028095668,-6.510444344568439,-6.997722411504412,-6.7514742138475965,-6.653437968231777,-5.988334144111589,-12.626771430917477,-12.538426293249872,-13.004989693418572,-12.87773842610364,-12.776228696849289,-12.243169130652317,6,6,False,3.48937
Famy,2023,Dry,260.0,97.1,15.3,109.5,161.5,207.3,23.99,24.59,25.17,26.84,27.58,27.24,87.35,83.75,79.02,80.64,83.78,85.99,0.7811023000653332,,0.7843008172573127,0.7399101107803941,0.7730774351144013,0.8123976784269261,-6.868895032296099,-6.757712059574727,-7.226856319047083,-6.872515455872752,-6.750279389032951,-6.674262461651869,-13.548960748449108,-13.501773981281156,-13.662440959691363,-13.369944371151611,-13.601677921784479,-13.78984088014714,5,6,False,4.67355
Kalayaan,2023,Dry,408.5,195.2,38.0,152.0,191.1,278.3,22.09,22.8,23.28,24.87,25.74,25.6,93.18,88.33,84.0,85.63,88.36,89.18,0.6564350769299443,,0.7195224060090375,0.7169228038023142,0.6898837306906256,0.7978689884225083,-7.292804306265572,-7.0116664462710325,-7.222117334795811,-7.050694243575368,-7.085089422975682,-6.671187484574844,-13.910688476153135,-13.862835329329519,-13.804451631553334,-13.486326701166362,-13.732969063481377,-13.498066934330058,5,6,False,3.60609
Liliw,2023,Dry,208.5,123.2,21.2,140.5,230.4,263.7,22.9,23.49,24.0,25.57,26.25,26.0,87.79,83.76,79.54,80.73,84.09,85.69,0.7582572957159989,,-0.006232889535580429,0.7164261550442483,0.7756928128098541,0.7439600878177591,-6.402036952217754,-6.576972378028699,-7.02851663385103,-6.903192305656764,-6.72316139013984,-6.444866030230222,-13.089876237247832,-13.399873457926764,-13.549265477150211,-13.50867166310438,-13.527332255659664,-13.37100927390754,5,6,False,4.40579
Los Baños,2023,Dry,159.9,53.2,12.0,137.8,161.4,262.0,23.32,23.99,24.74,26.01,26.65,26.13,83.46,78.58,72.71,77.15,81.56,85.0,0.7716803605449397,0.5139959222283464,0.11539083879963473,0.6817268500413141,0.6679820599794062,0.6677829147254073,-6.36540621738497,-6.1864746121040755,-6.562054114514979,-6.358709350321578,-6.273176862443254,-6.078593995822917,-12.985164444227424,-12.85574810015378,-13.008209316777231,-12.939251708901532,-12.943434557747912,-12.928105730941395,6,6,False,3.29041
Luisiana,2023,Dry,474.9,248.4,57.3,162.7,240.6,293.0,21.22,21.81,22.16,23.87,24.74,24.62,94.06,89.99,86.78,86.51,88.61,89.01,0.7258451630906573,,0.6143226002134531,0.7815398500735056,0.7961049065615825,0.8264264130642771,-6.414134581834699,-6.376262659296592,-6.407082873887399,-6.590408975240806,-6.628491797506294,-6.0537635394079485,-13.14342981443677,-13.343667077592984,-13.125675936407498,-13.381116712165545,-13.4741224668817,-13.109224883217514,5,6,False,3.45801
Lumban,2023,Dry,408.5,195.2,38.0,152.0,191.1,278.3,22.09,22.8,23.28,24.87,25.74,25.6,93.18,88.33,84.0,85.63,88.36,89.18,0.634557665782604,,0.6289535973505992,0.6629249430467457,0.6896577192258434,0.6480035074338277,-7.916426017291302,-7.693243288345832,-7.901837780481287,-7.527435039167156,-7.8681523264506135,-7.500488879844446,-14.44611788993407,-14.359764522103514,-14.36002731609432,-13.882418709961591,-14.485074567731907,-14.076161566128526,5,6,False,4.54249
Mabitac,2023,Dry,143.8,55.7,11.0,88.7,156.1,276.1,24.33,24.84,25.46,27.07,27.81,27.25,82.15,79.34,74.36,76.9,79.95,83.44,0.4884749117656649,,0.6706379938951834,0.659701982581732,0.6100024482365678,0.5815065168235206,-8.304959998096454,-7.9165815232090475,-8.454472564280504,-8.283574198082624,-7.866507817892447,-7.748601101528476,-15.555590241232112,-14.999776878531534,-14.946239065074883,-14.704349418780104,-14.718730781303261,-14.822446303499142,5,6,False,4.68182
Magdalena,2023,Dry,197.9,99.8,12.5,127.4,168.2,249.2,24.45,25.09,25.71,27.23,27.91,27.61,85.58,81.5,76.6,78.5,81.76,83.77,0.7765127383227566,,0.527464760541948,0.6766903594348161,0.6260867077351674,0.756037834001682,-6.8447208993172906,-6.782130481048064,-7.369866779642148,-7.2076203579320905,-7.142642702130142,-6.557837004473332,-13.573192574625635,-13.532043617058784,-13.87703394262991,-13.85965772583139,-13.923534420300857,-13.481204770544238,5,6,False,4.0381
Majayjay,2023,Dry,474.9,248.4,57.3,162.7,240.6,293.0,22.17,22.75,23.12,24.84,25.68,25.59,94.09,90.04,86.88,86.6,88.69,89.07,0.7701002581305844,,0.4621010188824776,0.7438933304899642,0.7631491537815438,0.7725127612533182,-6.293176418105401,-6.531026590007938,-6.895572439870661,-6.930568395883405,-6.7500559721592275,-6.388638005802577,-12.951648706319762,-13.371607717485325,-13.452235681567725,-13.508631440066303,-13.529097249004456,-13.321852795786524,5,6,False,3.62896
Nagcarlan,2023,Dry,208.5,123.2,21.2,140.5,230.4,263.7,22.9,23.49,24.0,25.57,26.25,26.0,87.79,83.76,79.54,80.73,84.09,85.69,0.47824345976915905,,0.5621030467055658,0.7613167451983323,0.8040277659891342,0.7261700465009506,-6.241680155600671,-6.275620328241065,-6.636669070689192,-6.547147788530655,-6.333582011496398,-6.067062852499688,-12.929018708273086,-13.124217480524232,-13.278893820321692,-13.3013988933655,-13.242183453735676,-13.1343943239548,5,6,False,4.127
Paete,2023,Dry,604.0,287.7,91.1,186.1,198.7,199.1,21.19,21.85,22.26,23.87,24.84,24.8,94.31,89.18,85.29,86.54,88.49,88.58,0.6432549415370548,,0.7575029659337923,0.7843010550146686,0.7831172866447439,0.8274451423165239,-6.8161228903404405,-6.483246994248754,-6.4356784233622175,-6.640871130828354,-6.569625765437596,-6.129907768635904,-13.256897348937686,-13.26246370290675,-13.076864689961868,-13.205341461532415,-13.245438755607362,-12.873907196979859,5,6,False,3.8408
Pagsanjan,2023,Dry,197.9,99.8,12.5,127.4,168.2,249.2,24.67,25.3,25.94,27.45,28.13,27.84,85.59,81.53,76.63,78.53,81.78,83.79,0.6889721293667611,,0.4864911001639351,0.643901433659847,0.7277086390599388,0.7475403053085575,-7.203258027622443,-7.072172272927878,-7.48143845066187,-6.843509627743598,-7.20782307532104,-6.787037413162827,-14.125433146205404,-13.799665979096853,-13.804683600877235,-13.254362870823412,-13.904917319499964,-13.469041799122051,5,6,False,4.31482
Pakil,2023,Dry,127.7,48.1,13.8,96.9,92.7,182.0,25.37,25.9,26.76,28.24,28.99,28.55,78.98,75.78,69.02,72.09,74.62,76.76,0.7819635031729607,,0.7575698298337762,0.7634734015706183,0.6905744291570289,0.7735645266149823,-7.219944460615375,-6.90705796576432,-7.110838518894697,-7.132462804390096,-7.012420715153423,-6.668472411917348,-13.817544425702666,-13.669297774544921,-13.64346897284216,-13.730772455281045,-13.777586632429587,-13.50494223446354,5,6,False,3.78898
Pangil,2023,Dry,511.2,209.3,60.9,154.2,180.8,174.1,21.97,22.58,22.93,24.63,25.57,25.49,92.36,88.15,85.06,85.85,87.5,87.96,0.6442735020901463,,0.7607320252032167,0.7452870608258889,0.672719881715862,0.7920430522864172,-7.235446979657294,-7.033489823956324,-7.1853131527085266,-7.271208810894101,-7.039402421886952,-6.697087372703538,-13.93697175293751,-13.924852295540042,-13.791788951400274,-13.755780976841265,-13.76256455278961,-13.557964081886311,5,6,False,4.44021
Pila,2023,Dry,132.2,51.8,11.6,120.4,128.1,262.6,25.12,25.68,26.37,27.71,28.41,28.04,81.74,78.02,72.67,76.66,80.41,82.93,0.5885773693027507,,0.4172981133063634,0.5320840777254746,0.39982685084227004,0.515970250153074,-8.009281568831302,-7.660672593220393,-8.163466178883837,-7.760243909134339,-7.681193226972652,-7.6111629331281,-15.47180703549409,-14.372356272245915,-13.880573025534835,-13.635988202223237,-13.856559796921191,-14.239285592361027,5,6,False,4.97992
Rizal,2023,Dry,180.2,115.5,29.7,135.5,209.0,281.3,22.6,23.08,23.49,25.1,25.75,25.44,88.25,84.85,81.15,82.24,85.67,87.31,0.8034233348819314,,0.6301991806046761,0.7664699426742352,0.8154944009297246,0.7297879190370511,-6.417743117263352,-6.524883200614631,-6.865741810596193,-6.787772161696426,-6.550121079911391,-6.27004421429454,-12.869875922594241,-13.277460465887561,-13.520861783473094,-13.570113626743153,-13.452515931474938,-13.341352686469746,5,6,False,3.47669
Santa Cruz,2023,Dry,132.2,51.8,11.6,120.4,128.1,262.6,24.95,25.49,26.19,27.53,28.25,27.87,81.72,77.99,72.64,76.62,80.38,82.91,0.5253974236846736,,0.47207595696151183,0.5264067950877256,0.5207024156771153,0.5208363588211056,-7.85414841774406,-7.665532013013743,-8.020712257697415,-7.579872160472592,-7.840438846423989,-7.436587009502038,-14.47859733840724,-13.899836604088055,-13.897541813844475,-13.51041053896349,-13.962751299410217,-13.736324463548899,5,6,False,4.64176
Santa Maria,2023,Dry,181.7,71.4,16.0,88.0,162.9,223.7,24.11,24.71,25.28,26.93,27.61,27.15,85.3,81.55,77.08,78.98,82.25,85.15,0.7540146351267661,,0.7725510394494144,0.7229353748834347,0.7769658460047142,0.8114119469293595,-7.215766714356815,-6.912577114039528,-7.438753486411246,-7.279776355965234,-7.002988949970283,-6.872374863373545,-13.969099939328864,-13.574123580925374,-13.912635148378277,-13.871535504633549,-13.826377307678626,-13.946483702439556,5,6,False,4.8354
Siniloan,2023,Dry,329.0,114.0,25.1,113.8,175.5,215.0,22.1,22.69,23.08,24.78,25.67,25.47,90.69,86.73,83.4,84.46,86.14,87.42,0.40445095162010747,,0.7484366224281012,0.6650108691946975,0.7609449045310442,0.8019881785969986,-6.943354430517945,-6.895932319335945,-7.161418149405823,-7.015185294783949,-6.873413061855949,-6.523544168267231,-13.739027113188037,-13.780194614740509,-13.689778084591385,-13.435791614024906,-13.619815462350083,-13.469809215317191,5,6,False,4.62166
Victoria,2023,Dry,132.2,51.8,11.6,120.4,128.1,262.6,25.12,25.68,26.37,27.71,28.41,28.04,81.74,78.02,72.67,76.66,80.41,82.93,0.389407069365441,,-0.14785504858603005,0.49665072373648,0.43873491104186185,0.45422519998406746,-8.604328656093251,-8.36882007063187,-8.948610722585105,-8.649567717556456,-8.153748792137945,-7.95110637873816,-15.985678567788446,-14.988766827994585,-14.805669014701989,-14.533632555228552,-14.369929418546565,-14.668634074056598,5,6,False,4.92641
Alaminos,2023,Wet,278.9,100.0,299.6,156.2,147.7,106.3,26.17,26.39,25.83,25.66,25.55,25.18,86.45,85.4,88.88,87.6,84.78,84.98,0.7004040178428533,0.6787907076215735,0.7751208584394248,0.7554209601663704,0.6084154394243432,0.7124512938353492,-5.456641458838062,-6.019234886344722,-5.604173049860789,-5.365947158842979,-5.673642485788224,-5.516642104451631,-12.394296699850289,-12.902368442255835,-12.570513906736897,-12.318229470726608,-12.466552594107826,-12.482528604547454,6,6,False,3.97615
Bay,2023,Wet,311.5,127.3,336.0,156.4,130.6,73.7,27.1,27.56,26.67,26.66,26.35,26.02,86.49,83.23,89.96,86.15,83.18,83.11,-0.13058992155960628,0.6661883174557546,0.7180745606077655,0.6439949368105997,0.6520158034883936,0.6999396767916007,-6.476933211972622,-6.573901977880976,-6.127876909324311,-5.86798129924722,-6.384901087661171,-6.637843931040002,-13.749074882587143,-13.46606477688987,-12.873192751258264,-12.611079995327897,-13.188750419565386,-13.964691068577785,6,6,False,4.53374
Calauan,2023,Wet,304.2,134.1,356.2,178.1,133.3,82.1,27.45,27.8,27.02,27.06,26.76,26.35,84.74,82.73,87.85,84.27,82.1,82.64,0.7309944798885762,0.7093916672854566,0.7839165406735382,0.7284782626481809,0.7053518451236709,0.6973880245426455,-6.179610539638885,-6.25939617546424,-5.905096144012483,-5.714360767706371,-6.17428126227298,-6.278082101492607,-13.161504317560086,-13.02082671131646,-12.59779150372663,-12.423310417612878,-12.884771633650537,-13.269734797639156,6,6,False,4.44397
Cavinti,2023,Wet,237.3,140.4,246.9,220.3,303.5,237.5,25.49,25.69,25.24,24.75,24.05,23.66,88.07,87.43,90.25,90.62,91.42,92.09,0.7320291691795232,0.7510429506723784,0.776134569356426,0.6564631973043729,0.6360110732907372,0.6643296444589175,-6.855878804473292,-6.998285749217117,-6.880883529429696,-6.7731337392127084,-6.618708989904009,-6.878977022175975,-13.646294376256687,-13.623770797319079,-13.575393242287314,-13.386319547090627,-13.273390428414096,-13.55190243263112,6,6,False,3.96869
City of Biñan,2023,Wet,314.1,77.0,294.1,148.2,85.2,37.5,27.34,27.73,26.96,27.0,27.1,26.71,83.05,79.25,85.85,82.98,78.81,78.92,0.39821294222229825,0.3811492358335505,0.3988120145972721,0.4046447587907215,0.37385688256119054,0.35437611058268154,-4.967982405728014,-5.207129960284663,-5.236718701029688,-4.769526821551583,-5.22797324758178,-5.238259432719657,-11.193757086785252,-11.365023660255082,-11.290955986520139,-10.957453165266712,-11.243670227800498,-11.348934896340133,6,6,False,3.81274
City of Cabuyao,2023,Wet,302.7,76.7,279.8,133.9,85.4,51.6,26.99,27.56,26.67,26.52,26.39,26.06,84.94,80.02,87.32,85.87,82.43,82.26,0.4998549618751151,0.3739010906486827,0.525986438960925,0.4697432106803523,0.2029072113288702,0.46810905050867657,-6.132460655885412,-6.519626827284159,-6.039507856968953,-5.610767263327307,-5.895803072468329,-5.928591673011535,-12.133147523546883,-12.389988197398397,-11.809858157159516,-11.44372719172443,-11.576574899482775,-11.778982966728334,6,6,False,4.26304
City of Calamba,2023,Wet,303.1,82.1,254.4,128.0,85.3,62.6,26.63,27.03,26.36,26.07,25.88,25.56,84.96,81.92,87.34,86.49,83.47,83.3,0.5977370686007012,0.544792427166683,0.6190559194315437,0.5132329169501773,0.49611270138471575,0.5557739096006554,-6.103041184872538,-6.562733696567669,-6.170249795181405,-5.738834830658877,-6.0861642321541725,-6.0180303164029345,-12.44070591937152,-12.90052860321907,-12.461543721117874,-12.013577203540288,-12.208123163891239,-12.292198490056855,6,6,False,4.22147
City of San Pablo,2023,Wet,281.8,116.7,313.6,177.0,141.5,78.6,26.96,27.19,26.53,26.48,26.31,25.9,86.48,85.43,89.53,87.08,84.39,84.85,0.6557849291295641,0.7280412411896933,0.7141342529245523,0.732308213755784,0.7582390567665702,0.770890924510674,-6.186726938819844,-6.50730315716763,-6.151072875268361,-5.995717903095189,-6.023429629424667,-6.131302287026066,-12.807765884565768,-13.08852935016133,-12.764428305040845,-12.56498321992975,-12.576356210539346,-12.769660786414741,6,6,False,4.37983
City of Santa Rosa,2023,Wet,302.7,76.7,279.8,133.9,85.4,51.6,26.99,27.56,26.67,26.52,26.39,26.06,84.94,80.02,87.32,85.87,82.43,82.26,0.44705464981493354,0.378655424967348,0.5219012519744256,0.45294508283937374,0.33523616173860565,0.4024155560038748,-5.717424966975391,-5.979612683930585,-5.7437341896181815,-5.363624230790869,-5.720790573153652,-5.737853595152587,-11.974669757632633,-12.165313457368079,-11.907541282068392,-11.622244809386812,-11.777938446396302,-11.897975354698964,6,6,False,3.94328
Famy,2023,Wet,292.2,203.6,262.7,137.9,149.9,171.2,26.95,26.81,26.75,26.39,25.79,25.3,86.56,88.47,88.45,87.01,86.89,88.27,0.7466119238626209,0.8102654696446042,0.7957885303927835,0.6032993350895614,0.8101936845473873,0.7923920776615587,-6.5250274773562165,-6.73647451755213,-6.327262030303478,-6.118600166731116,-6.346162586987929,-6.54436171534401,-13.348478441759182,-13.48431866305789,-12.966359124003112,-12.803785830558757,-12.955093890602951,-13.2917064718476,6,6,False,4.61695
Kalayaan,2023,Wet,312.8,171.3,316.0,213.4,332.7,277.3,25.4,25.62,25.29,24.66,23.94,23.51,89.71,88.42,91.26,91.48,92.33,93.16,0.7243696945264689,0.7351026718103092,0.7772230569521327,0.630158927793985,0.6130457704048292,0.4357655367542649,-6.962476578724717,-7.020810260627644,-6.886992434733349,-6.758734340307877,-6.701285551557176,-6.926693788024755,-13.728767283979463,-13.625087491924598,-13.53197090081346,-13.356851909651345,-13.211802667422502,-13.599510540132155,6,6,False,3.94292
Liliw,2023,Wet,296.1,155.7,365.6,183.6,201.1,145.8,26.08,26.13,25.67,25.53,25.04,24.59,85.13,85.54,88.37,86.51,86.34,87.11,0.7199679966104899,0.7323931942179981,0.7717099133180273,0.6774760959056049,0.7589057033716873,0.7943625664844793,-6.430161258954208,-6.380967925119838,-6.203985244327409,-6.128430304296019,-6.14606007976132,-6.385415363997096,-13.141800407534971,-12.987945322093609,-12.907246217244975,-12.817878151233717,-12.855878254043382,-13.185787047795836,6,6,False,4.55209
Los Baños,2023,Wet,311.5,127.3,336.0,156.4,130.6,73.7,26.04,26.51,25.61,25.58,25.3,24.97,86.39,83.11,89.9,86.06,83.07,82.98,,0.6645811886313728,0.7859916403522457,0.6142524788217193,0.6052792691190148,0.7233061076093624,-5.9138353614027475,-5.861177258060757,-5.72682505592655,-5.566295942349001,-5.7715308225756345,-5.785489053367513,-12.648521457674624,-12.525606964734179,-12.5200759590909,-12.367247071049162,-12.415632651185852,-12.595795872046528,5,6,False,4.14172
Luisiana,2023,Wet,237.7,129.2,291.3,244.7,386.7,306.0,24.76,24.85,24.47,23.98,23.25,22.88,88.24,88.44,90.63,91.37,93.07,93.51,0.7758740217633308,0.7572560261595573,0.8344036098926181,0.7038205146635413,0.702244116872323,0.8186542360024953,-6.245342677233313,-6.296269341358314,-6.2626977230100636,-6.191046989783107,-6.194775831957659,-6.369200056895769,-13.111438385163462,-13.048875683373184,-13.175327228290103,-13.019301251841272,-12.93659418725315,-13.17988013151185,6,6,False,3.94904
Lumban,2023,Wet,312.8,171.3,316.0,213.4,332.7,277.3,25.4,25.62,25.29,24.66,23.94,23.51,89.71,88.42,91.26,91.48,92.33,93.16,0.6878826941563931,0.6565200289435649,0.758862987190027,0.5511464535813606,0.6234981310111868,0.7064982495422482,-7.409564397773199,-7.580804628836472,-7.466865003722787,-7.234315708599121,-7.040159388841488,-7.3470852146379935,-14.140862571905206,-14.033133871794838,-14.028598185229862,-13.712526571289036,-13.479803568203797,-13.865903289283354,6,6,False,4.20237
Mabitac,2023,Wet,393.6,235.0,342.4,111.1,81.8,96.3,27.04,26.89,26.7,26.63,26.28,25.86,84.22,85.6,86.83,83.43,80.99,81.86,0.7207261595433042,0.7335815680957466,0.3895718892092609,0.6179466095521212,0.5973790843962636,0.3078360962024065,-7.617075442011804,-7.787070761887033,-7.381851439291327,-7.119171973100302,-7.616298471269148,-8.13006876038872,-14.760387861809745,-14.660317452253683,-14.058114009520091,-13.755961685233954,-14.361529689266748,-15.091770519261575,6,6,False,4.50353
Magdalena,2023,Wet,243.3,123.1,274.1,147.3,179.9,128.7,27.74,27.81,27.31,27.2,26.66,26.23,83.43,84.09,86.86,84.34,83.64,84.43,0.7210774781857614,0.7414780763784533,0.7840378717018932,0.7010254409408921,0.7116201799823519,0.7701186053479744,-6.387713610578287,-6.537784484110212,-6.168959173662267,-6.102876333077024,-6.135547954973976,-6.347576475803058,-13.157988117539185,-13.10598495249779,-12.884697879753356,-12.81789278104408,-12.865027354607781,-13.163657948294288,6,6,False,4.39502
Majayjay,2023,Wet,237.7,129.2,291.3,244.7,386.7,306.0,25.7,25.79,25.43,24.94,24.21,23.83,88.31,88.51,90.71,91.41,93.15,93.55,0.7688948731041957,0.768940673740052,0.7811060763787255,0.7323632422865206,0.7196362065850814,0.8114103695152552,-6.380937045743729,-6.257469990398097,-6.277918805419799,-6.169888346388745,-6.137231492617435,-6.419158298168329,-13.174333634532573,-12.908298948859384,-13.098075146860756,-12.879907474689983,-12.79742472699824,-13.139638249376208,6,6,False,4.13583
Nagcarlan,2023,Wet,296.1,155.7,365.6,183.6,201.1,145.8,26.08,26.13,25.67,25.53,25.04,24.59,85.13,85.54,88.37,86.51,86.34,87.11,0.7558738233618522,0.7513695846901596,0.7648813745096701,0.738068002919559,0.7818806853857222,0.824606057226235,-6.052848400028922,-6.053064657427741,-5.894444649510429,-5.797167680364753,-5.846656466864237,-5.962172065483222,-12.91802144304652,-12.830362874636231,-12.751500142163234,-12.656107364879038,-12.652751821216015,-12.87464180797539,6,6,False,4.27001
Paete,2023,Wet,292.5,142.9,270.2,236.5,478.4,478.3,24.48,24.83,24.44,23.71,22.92,22.47,89.92,87.63,91.17,92.1,93.72,94.95,0.7832820658282668,0.8081994833826068,0.7889854302258272,0.6418040780721862,0.693620677853112,0.5511960151286481,-6.495057468406689,-6.489387297498267,-6.3101527584446435,-6.314356566899069,-6.292722139170321,-6.304622216746305,-13.204464746002168,-13.068600053234562,-13.053920921141849,-12.970185139549004,-12.878101134777975,-12.991433871461155,6,6,False,4.43316
Pagsanjan,2023,Wet,243.3,123.1,274.1,147.3,179.9,128.7,27.96,28.03,27.54,27.43,26.88,26.45,83.45,84.11,86.88,84.37,83.67,84.44,0.6255408814074532,0.6359118179817647,0.7906052026640841,0.7233580569110483,0.6386366932266496,0.7891218495512395,-6.687644917195258,-7.13525193971597,-6.684085804859498,-6.572158946139153,-6.073097062960316,-6.723513059371728,-13.461881119759365,-13.90584139314153,-13.43993050149778,-13.10836537261218,-12.627078960170198,-13.474940284820182,6,6,False,4.24173
Pakil,2023,Wet,431.1,318.1,345.7,148.1,77.3,55.4,28.53,28.34,28.21,28.0,27.4,26.94,78.4,80.06,79.84,79.05,79.19,80.1,0.7626319014859902,0.7650188441210393,0.7912711482196486,0.7187225160083663,0.6500839560935618,0.37273139291339424,-6.604133120628244,-6.591182802933748,-6.497022260949158,-6.405561379836759,-6.60456345588196,-6.618715941721977,-13.43613007959606,-13.266231820192447,-13.338294386569272,-13.144477149729793,-13.367928007499724,-13.448603979356818,6,6,False,4.12618
Pangil,2023,Wet,280.7,177.1,290.8,204.5,338.6,394.9,25.21,25.36,25.11,24.5,23.71,23.25,89.06,88.88,90.39,90.99,92.39,93.47,0.7233547829952749,0.7260268684238611,0.7967509444904268,0.6803098752236956,0.5827920214042522,0.8021589357868516,-6.680648521571067,-6.783996020987944,-6.562410748623257,-6.5024458589989305,-6.655497906886751,-6.838898907985048,-13.605314301946827,-13.566611990707091,-13.284283620322572,-13.089492112327656,-13.30892074587793,-13.634451827526494,6,6,False,4.38983
Pila,2023,Wet,312.7,156.0,299.0,134.4,117.5,80.8,28.11,28.39,27.69,27.79,27.32,26.89,83.68,81.93,86.54,82.16,80.03,80.64,0.6549617343279255,0.5648508911966614,0.6497154168609028,0.6338500774616881,0.5637192099494762,0.5335240973290787,-7.742685782553037,-8.111457561000401,-7.416052370372556,-6.920378885012046,-6.901561034090507,-7.882890324002619,-14.750665028946113,-14.757237798005796,-13.60929293686593,-12.92030359822405,-13.419347632145696,-14.937234705133912,6,6,False,4.47445
Rizal,2023,Wet,347.2,173.0,373.4,190.5,177.6,115.0,25.33,25.32,25.01,24.83,24.51,24.09,87.63,88.08,89.66,88.81,87.75,88.33,0.6859552346361939,0.7745568090207271,0.6639171144473395,0.7857197728958034,0.7807616712033709,0.8347622044758815,-6.297932573618922,-6.297409547723364,-6.203577496914726,-6.11452748529716,-6.206021994826094,-6.220795769566856,-13.131097733616523,-13.025323769802823,-12.995611977485844,-12.81707461425122,-12.843307554464076,-12.992093568996449,6,6,False,4.13811
Santa Cruz,2023,Wet,312.7,156.0,299.0,134.4,117.5,80.8,27.92,28.22,27.51,27.6,27.13,26.71,83.65,81.91,86.52,82.14,80.01,80.62,0.44886551050109846,0.5364930866606062,0.6132962888966527,0.6006688470491366,0.548495283225861,0.5482985874585935,-7.420525247056458,-7.834617546655685,-7.243073613128309,-6.918863418999064,-6.978937369000643,-7.597130510313412,-14.00743220410923,-14.137429275038471,-13.318495510277256,-12.86497105033486,-13.255107197858077,-14.277815852715085,6,6,False,4.43486
Santa Maria,2023,Wet,327.4,208.6,291.7,143.1,87.7,106.0,26.87,26.7,26.62,26.45,26.02,25.58,86.27,88.66,88.31,85.89,84.82,85.72,0.7299933071583692,0.8054246996137097,0.7695037086891066,0.6478027373924282,0.7651176863107637,0.7912084327087898,-6.701496475400399,-6.931052058962526,-6.5225621916478635,-6.260464525531613,-6.758655081659758,-6.670325255075445,-13.438919664756941,-13.72267566480455,-13.163234890822267,-12.850251013607352,-13.462535196089243,-13.618161620415274,6,6,False,4.70435
Siniloan,2023,Wet,296.3,176.0,275.7,151.1,176.9,209.3,25.16,25.24,25.02,24.55,23.86,23.45,88.78,89.56,90.2,89.98,90.84,91.94,0.7846338227011974,0.7680548788275945,0.807813027568828,0.5664152515174663,0.7648578089679472,0.7361696190282643,-6.832349205843434,-6.946929865333863,-6.525971533370114,-6.368541302338648,-6.385572046456532,-6.693339307485595,-13.774012396344762,-13.808255447486962,-13.237184456783474,-12.990917595123866,-13.004580234705363,-13.484307765060155,6,6,False,4.48586
Victoria,2023,Wet,312.7,156.0,299.0,134.4,117.5,80.8,28.11,28.39,27.69,27.79,27.32,26.89,83.68,81.93,86.54,82.16,80.03,80.64,,0.5524125447392881,0.6651033205788667,0.5945494320026388,0.5338671325097384,0.5377392902674392,-8.584083798106896,-8.607004017312802,-7.933150917578321,-7.250667148055053,-7.909046012457029,-9.104691674936086,-16.02165199717529,-15.340252761868927,-14.178254617097052,-13.373712878516994,-14.752202150777215,-16.368225569293564,5,6,False,4.52947
Alaminos,2024,Dry,29.6,8.9,42.4,27.5,268.3,272.4,24.15,25.03,25.92,28.24,28.49,26.52,80.55,76.53,74.88,69.88,75.27,87.53,0.7173014366753886,0.7896027608472996,0.5601747357092446,0.64128272061365,0.6518265291538421,0.6987073193694864,-6.075694995564048,-6.159162068985298,-6.476327373233241,-6.850490215060977,-6.8076940839548845,-5.713941954667662,-12.911287290001976,-13.071951000078668,-13.092849456619074,-13.62845268355612,-13.346750160003797,-12.510531702116955,6,6,False,5.83836
Bay,2024,Dry,15.5,7.1,41.5,9.8,268.1,391.6,25.27,25.93,26.56,28.98,29.23,27.44,76.58,74.49,74.67,70.11,75.12,88.21,0.7753413098057137,0.6787386478448961,0.5452866715886339,0.5423797016660864,0.4742987916167573,0.5365982852180416,-6.8891415615625595,-7.021319533695232,-7.279791994440039,-7.430567342456747,-7.119185689084699,-6.69220216830647,-13.970153264487575,-13.807695743290541,-13.568833810290425,-14.133363615192891,-13.622428211395881,-13.669519870836508,6,6,False,4.69411
Calauan,2024,Dry,17.9,10.7,32.1,13.4,310.8,344.6,25.49,26.04,26.68,29.05,29.45,27.91,76.88,75.23,75.11,70.36,74.35,85.36,0.7951661525473546,0.7323966456688868,0.6056752608666123,0.6355640785389466,0.6198310768558104,0.5540180719077094,-6.6425204065436905,-6.830567019425955,-7.062736723071792,-7.260040976319506,-7.077321948317073,-6.493220037209194,-13.557353599722846,-13.528209366660466,-13.41668576001953,-13.915985032689655,-13.552079320532448,-13.324700338981664,6,6,False,4.71609
Cavinti,2024,Dry,82.8,76.0,102.0,35.5,350.9,312.4,22.64,23.16,23.71,26.01,26.61,25.86,87.33,86.71,86.77,81.9,83.6,89.05,0.3813687374395485,0.7900832861928562,0.6385441974660421,0.756859977310928,0.7129706777230779,0.7387607708918345,-6.942883685014621,-6.9966065638425015,-6.994273553917845,-7.013512665060695,-7.043397870608664,-6.770209972568876,-13.641163588369741,-13.7694176205238,-13.573943981227226,-13.806718508421364,-13.623452086230914,-13.473771916997554,6,6,False,4.41964
City of Biñan,2024,Dry,10.6,10.1,24.1,11.8,225.4,348.6,25.82,26.22,26.86,29.14,29.3,27.71,73.39,72.95,73.04,69.37,74.17,85.13,0.3866996969926392,0.33981252540868506,0.2766648136423544,0.2939756671157775,,0.3693261600183863,-6.007011576225055,-6.0913477910517075,-6.209326860736147,-6.379959916017341,-6.22788090212344,-5.384732021372206,-11.78061620754083,-11.996475420459937,-11.881795324121741,-12.392417991768736,-12.054957747915044,-11.207834569880255,5,6,False,5.60253
City of Cabuyao,2024,Dry,8.3,14.0,30.1,31.7,246.1,320.8,25.26,25.79,26.42,28.72,28.86,27.37,76.12,75.0,75.24,71.78,76.42,86.59,0.5730862001589596,0.46007364272259627,0.352795862999134,0.39559009921585486,,0.4968196795127288,-6.6382339341973555,-6.6961293817654886,-7.017761770574315,-7.19236100136647,-7.17208861054577,-6.209142018700735,-12.235536305428251,-12.421696820532546,-12.419738461976321,-13.012675367084624,-12.80204318562338,-11.950909255108497,5,6,False,5.68066
City of Calamba,2024,Dry,15.3,8.2,41.9,26.7,225.3,311.8,24.83,25.56,26.26,28.79,28.8,26.96,76.67,74.53,74.28,68.81,74.86,87.26,0.5673039271541558,0.5244207824742476,0.41829970145501644,0.4254743205547418,,0.5586057242856459,-6.934360603462922,-7.006250218645133,-7.378381507121343,-7.641018851769494,-7.62505600607356,-6.296035919165389,-12.929308372558003,-13.164624564522507,-13.239136375848009,-13.880070129050985,-13.6899026036227,-12.537337565557896,5,6,False,5.0325
City of San Pablo,2024,Dry,20.4,5.9,39.4,23.7,285.4,285.6,24.95,25.64,26.46,28.86,29.18,27.42,79.79,77.47,76.27,71.7,75.98,86.97,0.4622670530851747,0.6968626553081818,0.6158275740957831,0.5490675199602739,0.529681953163802,0.5066986348912763,-6.817798665258609,-7.0486615347086765,-7.367500919032729,-7.862805488142219,-7.90434772540763,-6.621021466806805,-13.343604426441685,-13.58600358089351,-13.778522370646062,-14.448861500088833,-14.368166937912791,-13.189628722342674,6,6,False,4.61359
City of Santa Rosa,2024,Dry,8.3,14.0,30.1,31.7,246.1,320.8,25.26,25.79,26.42,28.72,28.86,27.37,76.12,75.0,75.24,71.78,76.42,86.59,0.5538918403642908,0.43399958199568733,0.4031770088912915,0.3585674184041565,,0.3725743338515997,-6.5061158373282,-6.604596107619011,-6.888777873173049,-7.142442352446479,-7.042164095495017,-5.882674107150624,-12.359306952093624,-12.676447464825406,-12.653997701355603,-13.384775937345129,-13.063565547909102,-11.867723521954886,5,6,False,5.46691
Famy,2024,Dry,51.2,50.0,65.4,19.1,239.0,279.8,24.3,24.75,25.26,27.62,28.36,27.47,83.03,82.62,82.93,78.06,79.5,86.61,0.6722380089972985,0.8319820351533512,0.7717024526204762,0.7534137614815157,0.7223783700608634,0.7428643290269724,-6.656892659735441,-7.0060816113863895,-6.716845024688993,-7.170954706928919,-7.087636368321429,-6.679583066813204,-13.39180686301439,-13.651083125697124,-13.102056584367668,-13.970075840158575,-13.833050808750198,-13.646723323407596,6,6,False,4.45242
Kalayaan,2024,Dry,106.1,92.3,115.4,30.9,307.6,289.0,22.64,23.09,23.63,25.95,26.48,25.85,87.51,87.14,87.45,82.62,84.68,90.13,0.5833734105868904,0.7822656237825176,0.4645543572101499,0.7740068246459415,0.7750897937143497,0.7067501633718754,-7.052879285431317,-7.052425917170438,-7.1047895929030656,-6.885378867963769,-6.886758438782368,-6.683315501822144,-13.811473602503815,-13.872597521075107,-13.654621389765703,-13.600140419625365,-13.40651567286581,-13.490970060360604,6,6,False,3.95875
Liliw,2024,Dry,39.3,30.6,66.6,18.0,344.7,361.2,23.58,24.11,24.75,27.22,27.66,26.54,82.5,81.06,80.76,75.0,78.27,85.78,0.547297333276924,0.8000452258823733,0.7117993366244972,0.7213424457592033,0.6178084847552314,0.6547127348431695,-6.427650281755673,-6.772761037971062,-6.947618881372731,-7.365527981401633,-6.975996291567916,-6.548498304779694,-13.226651689240285,-13.46301579663879,-13.426065284724723,-14.035484387767191,-13.545305675185656,-13.317997691176828,6,6,False,5.12769
Los Baños,2024,Dry,15.5,7.1,41.5,9.8,268.1,391.6,24.21,24.87,25.51,27.94,28.16,26.38,76.44,74.35,74.51,69.93,74.97,88.11,0.7770223707850868,0.7101832942806489,0.629612341104713,0.6134831030515604,0.4474406573865153,0.6993898938027967,-6.264429881023067,-6.230778203235468,-6.496734703005246,-6.677095364439539,-6.54189450029431,-5.956852284405839,-12.917013536075327,-12.918724752995132,-12.783548499816636,-13.223522724652883,-12.901766981792127,-12.502883479287185,6,6,False,5.31347
Luisiana,2024,Dry,134.8,105.1,125.9,43.0,390.8,310.0,21.68,22.16,22.75,25.06,25.74,25.17,90.1,89.3,89.08,83.86,85.15,89.0,0.5599811571188793,0.8428659390775606,0.6936209235135107,0.8145912104927909,0.7775082641347795,0.7872287537400533,-6.40022184280779,-6.449773883259635,-6.565238417834499,-6.561399955984788,-6.568425132238674,-6.104133524425462,-13.229785783722857,-13.311107481154359,-13.218759844756864,-13.30746130728874,-13.164516416680698,-12.920502040238276,6,6,False,4.39423
Lumban,2024,Dry,106.1,92.3,115.4,30.9,307.6,289.0,22.64,23.09,23.63,25.95,26.48,25.85,87.51,87.14,87.45,82.62,84.68,90.13,0.557878649588374,0.7188507986558931,0.601336060930045,0.7242250244361589,0.6957123403482447,0.7257239303584623,-7.448850255547235,-7.619653382852651,-7.67928169846625,-7.5723711144480745,-7.361089564660452,-7.230906888220213,-14.154542585481448,-14.241263542193614,-14.09244198313026,-14.156550175253368,-13.687246002844118,-13.81025326343519,6,6,False,4.04333
Mabitac,2024,Dry,17.6,15.5,28.0,6.7,228.6,316.2,24.8,25.38,25.99,28.37,28.89,27.5,76.98,75.44,75.51,70.91,74.05,84.57,0.4287297024207289,0.7137574056193708,0.5550325822601561,0.5902704565339676,0.5465692996473009,,-7.912491260373316,-8.222456122233018,-8.103993544497515,-8.457894172496585,-8.471451534755987,-7.437132323823168,-15.276670497754623,-14.798081201018102,-14.506822798472857,-14.964937126679173,-15.125638148917334,-14.706046514051453,5,6,False,4.35098
Magdalena,2024,Dry,33.0,25.6,52.1,17.9,340.0,356.2,25.28,26.0,26.56,29.1,29.29,28.08,79.3,77.03,77.1,71.28,76.14,84.34,0.5877355047606697,0.7501648138709223,0.5972242925269214,0.5991713047985707,0.5697834568328999,0.7372225399814516,-6.7087080712565506,-7.18195021878871,-7.429918117389465,-7.850438753184621,-7.020555393070278,-6.644746634986907,-13.474632959024232,-13.804569866006021,-13.855123057961093,-14.600328117149328,-13.5497124406682,-13.577756443957925,6,6,False,5.41164
Majayjay,2024,Dry,134.8,105.1,125.9,43.0,390.8,310.0,22.65,23.1,23.72,26.03,26.7,26.12,90.19,89.37,89.15,83.95,85.23,89.08,0.5453700134386399,0.8187318980861686,0.7047325312771696,0.7791677186050169,0.7112537074807749,0.7559196451521318,-6.417442470056015,-6.623535319205589,-6.742130348870695,-7.193574622244497,-6.847735967448757,-6.565961631961809,-13.22248773537178,-13.369659893965236,-13.243779622824661,-13.790769649321032,-13.339800866624616,-13.315894701791388,6,6,False,4.09981
Nagcarlan,2024,Dry,39.3,30.6,66.6,18.0,344.7,361.2,23.58,24.11,24.75,27.22,27.66,26.54,82.5,81.06,80.76,75.0,78.27,85.78,0.4153376660071234,0.8073849797218573,0.7291022828407565,0.7375915245646879,0.6837462054167892,0.5930129870252381,-6.186783022830472,-6.523431509695152,-6.700056455723919,-7.0133141258551515,-6.763724777336414,-6.210131191032928,-13.04655897687506,-13.275968606343874,-13.281494915020595,-13.731894614462822,-13.325074782378234,-13.025506808750851,6,6,False,4.58833
Paete,2024,Dry,199.0,191.7,209.3,68.1,326.9,285.0,21.65,22.0,22.45,24.63,25.22,24.99,88.95,89.0,89.54,85.69,87.61,90.51,0.7250930595579553,0.8221267940092104,0.5171577690365411,0.8238937984417436,0.8430376061647098,,-6.6692599917852595,-6.49730192119829,-6.590061713331179,-6.336737309621312,-6.517380742001518,-6.111379144300429,-13.304271117356043,-13.289710089531734,-13.138006043970316,-13.055417972193663,-13.040644914353008,-12.86890577521106,5,6,False,4.04066
Pagsanjan,2024,Dry,33.0,25.6,52.1,17.9,340.0,356.2,25.52,26.21,26.78,29.33,29.52,28.3,79.33,77.05,77.14,71.32,76.17,84.37,0.6516948322118339,0.7315155316563426,0.668716459767842,0.6166347586587578,0.5941756414885119,0.7122994971338272,-7.0970840816188865,-7.215303411284405,-7.491079612507399,-7.672524632477238,-6.898034119034481,-6.93168044936514,-14.063338394899068,-13.893716108210967,-13.907441851913449,-14.313217747058944,-13.328137903572586,-13.916704511302209,6,6,False,4.04962
Pakil,2024,Dry,13.0,7.0,24.9,1.4,245.3,220.9,25.83,26.27,26.83,29.07,29.65,28.9,76.73,76.35,76.65,73.44,74.71,78.44,0.510864563480737,0.7871090077549153,0.4925595670818316,0.7309515707468418,0.7474530476098705,,-7.0224823732815995,-6.982089909237132,-6.965755312998127,-7.030707891348444,-7.215466066378694,-6.419203442075116,-13.774603721972523,-13.738901946402235,-13.509774653511396,-13.652964968025127,-13.643740844955584,-13.284484209930714,5,6,False,4.48538
Pangil,2024,Dry,150.3,155.5,174.4,45.7,302.2,259.5,22.32,22.68,23.09,25.26,25.99,25.73,88.14,88.29,89.22,85.57,86.63,89.48,0.6255460739715075,0.8094667637832342,0.5981963692741035,0.7389848374115945,0.7614544418221852,0.8474981599436029,-7.074167426660793,-6.926441194573275,-6.89627445161694,-7.037514819833193,-6.987863291456439,-6.620751687643389,-13.95031068816149,-13.768701377211162,-13.442531297001683,-13.642842578800881,-13.477481018416933,-13.524564894560346,6,6,False,3.93958
Pila,2024,Dry,15.0,10.4,30.4,12.5,294.5,283.5,26.02,26.62,27.19,29.57,29.83,28.46,74.93,73.41,73.71,69.15,74.1,84.18,-0.02089364295769032,0.6951078155578758,0.6131136638774539,0.4659271262401297,0.4272603138826374,0.408820806245881,-7.7028860800934424,-7.974366983828844,-8.134005888917173,-8.390685243126612,-7.778944277951448,-7.285718378136925,-15.071386906267257,-14.282629183538752,-13.945412369027968,-14.503071040711943,-13.496298206826589,-14.129470896246362,6,6,False,4.41717
Rizal,2024,Dry,36.3,19.2,48.1,27.0,334.9,338.5,22.92,23.45,24.29,26.73,27.18,25.9,84.46,83.0,81.59,75.96,79.41,87.42,0.4017644226551056,0.8203533573907781,0.6842937519453729,0.6798075330817679,0.6122227385064183,0.49905862940323054,-6.478973411143631,-6.863071043827093,-7.024552393640215,-7.493380456775335,-7.338075296989868,-6.479579187115573,-13.192691462486644,-13.626695241806576,-13.646244743650005,-14.207471788556848,-13.933192043959005,-13.285395141802487,6,6,False,3.94947
Santa Cruz,2024,Dry,15.0,10.4,30.4,12.5,294.5,283.5,25.84,26.43,26.99,29.39,29.65,28.28,74.91,73.38,73.67,69.12,74.06,84.16,0.11710074621375252,0.6284921053431046,0.5151542854950194,0.47473824789585445,0.4795884706385417,0.5897936445578669,-7.441907065229555,-7.7488065640773485,-7.834231344057969,-8.098675274072596,-7.246711496910094,-7.07625787676084,-14.000308357625615,-13.82819945645403,-13.67837679623769,-14.215168833693461,-12.940631905195778,-13.419575708658297,6,6,False,4.75671
Santa Maria,2024,Dry,26.5,25.3,40.6,13.1,242.5,337.5,24.53,25.11,25.62,27.98,28.6,27.4,80.76,79.47,80.2,75.27,77.89,86.29,0.6973592656837141,0.8183445155467751,0.7033666996320079,0.6968344147992239,0.7100845249085544,0.7842692216269835,-7.067304754750914,-7.393588733324559,-7.123035976162699,-7.6070634187779405,-7.7489969540374055,-6.994427042500877,-13.893564186883028,-13.900213141936314,-13.474964157898766,-14.322751972222054,-14.379070294355909,-13.893910589083655,6,6,False,4.67847
Siniloan,2024,Dry,67.1,84.3,99.3,28.6,264.8,304.8,22.41,22.86,23.29,25.52,26.34,25.64,86.89,86.72,87.57,83.24,83.86,89.2,0.5117481830001074,0.8296070941541409,0.7619546138833535,0.7446481068262409,0.7299387351781199,0.7861283857760758,-6.850308675830199,-6.97435150609968,-6.784431723528602,-6.975431763205426,-6.934999952274181,-6.5615478616337075,-13.717232020961129,-13.786928123456315,-13.267252944810911,-13.746636046092702,-13.648348733046552,-13.546272730252548,6,6,False,3.96338
Victoria,2024,Dry,15.0,10.4,30.4,12.5,294.5,283.5,26.02,26.62,27.19,29.57,29.83,28.46,74.93,73.41,73.71,69.15,74.1,84.18,,0.6906128749467082,0.5641627547242248,0.45630981984170194,0.3916678722426092,0.44841544647030696,-8.19860957538682,-8.634596597824007,-8.786608386617253,-8.919653708722054,-8.151418375905127,-8.387757180279552,-15.586686518240027,-14.780835634184003,-14.45581323603227,-15.017297345229462,-14.08022600804565,-15.49140886191226,5,6,False,4.58324
Alaminos,2024,Wet,302.8,271.9,357.2,493.4,73.4,269.3,25.76,26.18,25.97,25.67,25.8,24.46,88.48,87.86,88.01,87.41,84.63,90.01,0.7232104061138731,0.4740470976630369,0.7495267496423041,0.7712599628850559,0.6219586812196602,0.46785460391714695,-6.076195276089726,-5.514312874973562,-5.6940003785072335,-5.7460191749057605,-6.312016376006455,-5.47683756963113,-12.933181347923162,-12.08679127833283,-12.700878121496027,-12.177552885027572,-13.033244455455364,-12.174256739963097,6,6,False,3.524
Bay,2024,Wet,534.7,262.5,339.6,416.5,60.3,269.1,26.48,27.07,26.83,26.52,27.02,25.5,90.04,88.54,87.89,87.21,81.55,86.37,0.4483039645409891,0.27497714537236334,0.6989958112984659,0.697211651567415,0.6499613129700917,0.38998250131096157,-7.015263468810446,-6.349786772889832,-6.4522219565469525,-6.463140405621463,-6.8063706854904025,-6.643996182794779,-14.084054373963445,-12.738550978598987,-13.229187710018435,-12.677604498484722,-13.682918587647286,-13.705281015652451,6,6,False,3.919
Calauan,2024,Wet,497.3,285.1,398.4,431.7,73.3,272.9,26.97,27.39,27.16,26.9,27.44,25.83,88.14,86.58,86.88,85.49,79.71,86.38,0.4848567277664741,0.5804832187204744,0.7432037166372395,0.7647332963506751,0.7106086698686336,,-6.488277352814933,-6.009995672316065,-6.170759528438075,-6.241185542975484,-6.697170469268823,-6.44013623092549,-13.556668438048607,-12.430929979608608,-12.968269585383826,-12.486827021858032,-13.35565239429871,-13.194807605397964,5,6,False,3.852
Cavinti,2024,Wet,397.5,272.2,380.9,411.1,154.2,542.2,25.01,25.42,25.24,24.8,24.64,23.21,90.38,90.11,90.27,90.01,89.44,94.93,0.5782041057622556,0.6390257019242002,0.6046590642324425,0.6851198785770082,0.6577638713430991,,-7.179132768643465,-6.913014629124841,-7.008806635038072,-6.6298159451334335,-7.156004857447128,-6.632085172704851,-13.8012667381274,-13.628470530395386,-13.87592804416994,-13.166559805243887,-13.837233072639373,-13.126694365358382,5,6,False,3.319
City of Biñan,2024,Wet,474.7,239.8,290.4,349.0,80.8,171.3,26.65,27.08,26.83,26.68,27.33,25.77,87.47,85.91,86.58,85.77,79.66,85.29,,0.3724567304130406,0.42196333884187526,0.38525713385605026,0.38495668701096436,0.38211582510766273,-5.075799720395944,-4.748502264700033,-5.542004892359646,-4.584607368622469,-5.8263320930797935,-4.695056792675126,-12.178975191204964,-10.877353115699792,-11.58547325731722,-10.759373751601533,-11.788613859324784,-10.69547432650454,5,6,False,3.61
City of Cabuyao,2024,Wet,431.0,253.6,309.2,294.0,81.3,204.4,26.38,26.87,26.67,26.38,26.84,25.29,88.57,86.77,86.73,86.74,82.18,87.26,0.3344979475605718,0.47329876870160414,0.5079110202060425,0.51317673141729,0.48223974465260444,0.43834510952028455,-5.244697941393802,-5.996167134952101,-6.409061819165265,-6.035729275730712,-6.565903767446802,-5.576148254620097,-13.253947988223915,-11.728343072135566,-12.232760051463044,-11.580650058712967,-12.32708920457141,-11.3229101476352,6,6,False,3.736
City of Calamba,2024,Wet,428.6,197.8,288.5,337.9,56.3,204.6,26.04,26.55,26.29,25.94,26.5,24.82,88.5,87.19,87.08,87.76,81.88,88.22,0.515123505039444,0.5390270080642456,0.5959892331578732,0.5958926972637508,0.5579776316160362,0.5100992147164438,-6.21326394732481,-5.936752894137454,-6.389402186094261,-6.125216872451732,-6.770484165693833,-5.736604673864139,-13.102171838608458,-12.065830552482801,-12.749915849805118,-12.051270692487694,-12.941815674910663,-11.869913268331343,6,6,False,3.77
City of San Pablo,2024,Wet,362.1,258.7,325.0,477.8,49.5,278.8,26.55,26.91,26.7,26.44,26.89,25.29,88.84,88.15,88.19,87.17,82.17,88.99,0.6047619701812915,0.49759792594572444,0.6892668575824394,0.736355212337465,0.6761221820830137,,-6.443590097485057,-5.990384934879398,-6.242122320100624,-6.273867675957436,-6.768522555257214,-6.03993178164175,-13.180764036131716,-12.462580673888422,-12.996724243168405,-12.637573991437186,-13.30687501390672,-12.498893208499531,5,6,False,3.754
City of Santa Rosa,2024,Wet,431.0,253.6,309.2,294.0,81.3,204.4,26.38,26.87,26.67,26.38,26.84,25.29,88.57,86.77,86.73,86.74,82.18,87.26,0.6635649886350529,0.39304978446495836,0.512145264255546,0.5135182838359477,0.4998370153227813,0.494786458770295,-5.479044057962162,-5.451449349367931,-6.0617431066479135,-5.59853135360158,-6.319982719678997,-5.175180179368104,-12.842927919129862,-11.582859047594312,-12.270028749769507,-11.628920421027205,-12.387334562514683,-11.252798944577913,6,6,False,3.599
Famy,2024,Wet,408.2,252.8,383.9,318.7,135.9,383.6,26.64,27.0,26.62,26.42,26.2,24.85,87.99,88.12,89.18,87.46,87.04,91.15,0.7027601707413597,0.6815586883630715,0.7235260207937222,0.642455885187882,0.8186331125760584,,-6.80417148330976,-6.547958032197862,-6.510327487770389,-6.246607608722548,-6.71510540467483,-6.3048777606394655,-13.490901006846414,-13.028816399912294,-13.408947145816605,-12.869547537713247,-13.490541535904322,-12.943519233362268,5,6,False,4.037
Kalayaan,2024,Wet,459.8,277.3,410.1,391.9,191.3,631.2,24.94,25.49,25.17,24.73,24.51,23.12,91.73,90.68,91.35,91.27,90.99,95.75,0.6956063405463845,0.6225613965144364,0.12135147050877948,0.5619699510284094,0.6054711634096398,,-7.04071396476186,-7.0228493121317275,-6.895308847612565,-6.682654687071914,-7.195315570262124,-6.73037007007621,-13.579879111400126,-13.587852074407472,-13.726353527419215,-13.22671797462791,-13.81299100784392,-13.213837148627459,5,6,False,3.372
Liliw,2024,Wet,382.6,277.3,377.6,464.9,119.4,378.1,25.7,25.96,25.8,25.5,25.57,24.05,87.27,87.51,87.59,86.65,84.58,90.87,0.47168822586073256,0.6506109247041624,0.784304897013027,0.7606738068064289,0.7058999428924435,,-6.67611300566047,-6.173234734267518,-6.484079336475652,-6.233950876253399,-6.819916208897624,-6.270996015270526,-13.494694715359651,-12.749067679589682,-13.28938093906707,-12.627184253024994,-13.41624428680743,-12.917353356574626,5,6,False,3.931
Los Baños,2024,Wet,534.7,262.5,339.6,416.5,60.3,269.1,25.42,26.01,25.77,25.46,25.96,24.44,89.96,88.46,87.8,87.12,81.43,86.29,0.4598409158288778,0.4664905914349925,0.7474236944813043,0.7394091500351736,0.66817521899378,-0.026045090724649125,-6.394186575411755,-5.630339291596681,-6.098138088463394,-6.13959470193258,-6.31405670512104,-5.491526563244426,-13.009896122181178,-11.984574690263827,-12.857641629920082,-12.309582970821767,-12.864714467321894,-12.05581943173462,6,6,False,3.609
Luisiana,2024,Wet,412.9,254.2,407.2,509.8,197.9,715.0,24.32,24.74,24.54,24.05,23.88,22.47,90.36,89.82,90.3,90.54,90.46,96.01,0.5463200090616431,0.7145603387868482,0.8206940889146377,0.8034987035611785,0.7255537671418063,,-6.568151183839353,-6.008224891532729,-6.419078505229163,-6.157614007190857,-6.506644572477905,-6.207151872166821,-13.305543599994973,-12.756144091713638,-13.316282579462273,-12.713849979752078,-13.246543105389108,-12.81099890780228,5,6,False,3.197
Lumban,2024,Wet,459.8,277.3,410.1,391.9,191.3,631.2,24.94,25.49,25.17,24.73,24.51,23.12,91.73,90.68,91.35,91.27,90.99,95.75,0.6396315103665167,0.6477669205946341,0.5207603809047254,0.6688059491104411,0.6014349828539215,,-7.417040349576909,-7.555593194239655,-7.501891876952843,-7.5780317006200635,-7.65435468169976,-7.392852844348129,-14.242425165665505,-14.039544816212771,-14.2706164062001,-14.008374292455661,-14.271938977129027,-13.805407888848789,5,6,False,3.62
Mabitac,2024,Wet,465.5,287.2,415.5,297.5,124.7,286.4,26.78,26.99,26.61,26.62,26.4,25.19,85.2,86.28,87.15,84.3,83.71,86.32,0.6125979773643583,0.6745028316625173,0.7711852917989465,0.5045520468625291,0.6405094185601822,,-7.787888818101417,-7.623514252415977,-7.637195112617869,-7.975403707631442,-8.103398245177342,-8.90431425200436,-15.133407768361817,-13.98629961023728,-14.500647619709712,-14.679334373030901,-14.994448811166952,-15.789732218595379,5,6,False,3.926
Magdalena,2024,Wet,369.7,262.8,384.2,384.8,137.0,358.8,27.27,27.55,27.38,27.11,27.21,25.6,85.56,86.56,86.59,84.97,82.2,88.46,0.5042298786651663,0.6903678624819977,0.7742179406218288,0.7692912856915165,0.6590408754979222,,-6.730476485676974,-6.257617558574947,-6.424524893163761,-6.092643933696089,-6.864099807994579,-6.40363218229595,-13.707572410165106,-12.78975816859935,-13.26192371729424,-12.564351111602704,-13.591812237725916,-13.18835551985936,5,6,False,3.897
Majayjay,2024,Wet,412.9,254.2,407.2,509.8,197.9,715.0,25.28,25.69,25.49,25.02,24.83,23.43,90.42,89.89,90.36,90.62,90.52,96.04,0.5337409816472427,0.6453745970577204,0.8079335748230917,0.14437278353570127,0.6746462195849194,,-6.770294414674187,-6.039069216220656,-6.4740447450326,-6.280588430098951,-6.684934152356957,-6.233585026176704,-13.529707297981275,-12.784297108362665,-13.358457676864914,-12.661230706452171,-13.270237513237138,-12.773540611712507,5,6,False,3.458
Nagcarlan,2024,Wet,382.6,277.3,377.6,464.9,119.4,378.1,25.7,25.96,25.8,25.5,25.57,24.05,87.27,87.51,87.59,86.65,84.58,90.87,0.5013102514923985,0.6164804232202273,0.8035791890483203,0.773355959432437,0.7319999467477153,,-6.221438151267558,-5.79811376998589,-6.104347849338401,-6.088769571844199,-6.551449559035867,-5.965381327037234,-13.261733416340492,-12.51345760514707,-13.116013876120276,-12.569823152947501,-13.220458547096596,-12.6480922278145,5,6,False,3.671
Paete,2024,Wet,439.8,181.9,369.6,397.5,290.8,926.8,24.03,24.85,24.38,23.82,23.56,22.18,92.28,89.42,91.01,91.86,91.86,96.89,0.7491934449614273,0.809303105059588,0.8044221969477156,0.7128918552656515,0.5476749719837728,,-6.556329516892895,-6.569558505896918,-6.449514827107422,-6.292052081247862,-6.800503255535422,-6.065149322359508,-13.015431833235322,-13.139566335146947,-13.319814409368687,-12.925846460522092,-13.450689068901882,-12.544995757290701,5,6,False,3.119
Pagsanjan,2024,Wet,369.7,262.8,384.2,384.8,137.0,358.8,27.5,27.77,27.6,27.34,27.43,25.83,85.58,86.58,86.61,85.0,82.23,88.48,0.4726928851240528,0.663514821896536,0.7238004665728849,0.7364495206696084,0.6514112951157391,,-6.831926818446609,-6.61789426778639,-6.900955424765131,-6.132272042618141,-6.7619838776306525,-6.802129628179392,-14.267944537868866,-13.159449535893597,-13.580328317278596,-12.442802980771136,-13.56262258559337,-13.692822060224339,5,6,False,3.837
Pakil,2024,Wet,468.5,313.8,504.6,299.7,93.4,268.0,28.15,28.47,28.14,28.08,27.78,26.46,79.7,79.71,80.55,79.21,79.51,82.63,0.7180610032738205,0.7597066371075001,0.7961633296590769,0.707154916398887,0.7511979795912374,,-6.819924676147942,-6.606383136535942,-6.6540092453737785,-6.553325297355928,-7.037315547568918,-6.554544013366567,-13.408804172805455,-13.268291588317364,-13.652245142746077,-13.169285347799951,-13.79817240333622,-13.172098531187624,5,6,False,3.302
Pangil,2024,Wet,407.6,177.4,374.9,372.7,233.5,727.1,24.81,25.56,25.08,24.59,24.27,22.87,91.22,88.73,90.34,90.63,91.08,96.13,0.7452368243579967,0.7235259215602747,0.7429400584558904,0.7424786345770111,0.7171837596749544,,-6.94563033918691,-6.628609121687338,-6.731602002856166,-6.655665636033717,-7.112013772332455,-6.572608997798417,-13.74373086500816,-13.217648457522372,-13.704261392058758,-13.377449148915774,-13.885228554726591,-13.208671683281903,5,6,False,3.769
Pila,2024,Wet,477.8,315.3,365.8,339.8,87.5,286.9,27.56,28.05,27.75,27.59,27.79,26.37,86.59,85.82,86.15,83.78,79.92,83.89,0.38294064773405684,0.5357055525815994,0.7065491867069895,0.636438423668347,0.5665406871423546,,-7.868513544362308,-7.631050467611662,-7.890073556854715,-6.968257598209154,-7.2826390378025705,-7.986629461336672,-16.23759371403221,-13.785299394032753,-13.93988714371645,-12.659433502669216,-13.583527465889855,-14.543973134436063,5,6,False,3.873
Rizal,2024,Wet,429.0,253.3,395.4,513.2,77.4,313.5,25.07,25.31,25.12,24.84,24.94,23.59,89.26,88.95,89.18,88.55,86.11,91.88,0.5077283618582087,0.6485899140050305,0.7792093912175482,0.7940612797940073,0.7384303654525091,,-6.470340603871322,-6.03108959279319,-6.415771503350311,-6.41901929601007,-6.831261062438705,-6.208593589688578,-13.297682370012419,-12.605272566994,-13.373913851324781,-12.899781307206737,-13.383078436125633,-12.620421934272798,5,6,False,3.43
Santa Cruz,2024,Wet,477.8,315.3,365.8,339.8,87.5,286.9,27.38,27.87,27.57,27.4,27.6,26.18,86.57,85.8,86.13,83.76,79.89,83.87,0.4080457695767554,0.5914581484916747,0.6576086046812584,0.4591494537742882,0.46669775358879356,,-7.07773152649268,-7.414262330799708,-7.6221342667618845,-6.9267274135356,-7.345352622709758,-7.57073481943948,-15.102495607196792,-13.499241014035881,-13.771471595521287,-12.58715793228757,-13.577803504075101,-14.076788419570827,5,6,False,3.793
Santa Maria,2024,Wet,380.7,240.9,451.5,273.7,118.3,307.9,26.62,26.94,26.5,26.48,26.23,24.97,87.38,87.84,88.59,86.38,85.92,89.51,0.6822597954627395,0.7452067164384446,0.7494368341665028,0.6975403672944399,0.8111138565316763,,-7.068950125480206,-6.703891382372458,-6.663286101784269,-6.476466200723096,-7.080092765012525,-6.623573018967343,-13.940444443791545,-13.151509115766514,-13.477739620616564,-13.062290988614574,-13.960842684195844,-13.463872064480361,5,6,False,4.044
Siniloan,2024,Wet,427.3,186.7,395.5,319.3,126.8,463.6,24.84,25.43,24.97,24.63,24.33,22.98,90.48,88.9,90.16,89.94,90.04,94.84,0.6715717790597201,0.6240432416464166,0.8029354342827387,0.6843865297642912,0.734565411437775,,-6.906613940233882,-6.75821873575361,-6.782661712521993,-6.583813428496249,-6.955828430341084,-6.546635636230829,-13.651150703936004,-13.346285707566192,-13.699517540792415,-13.240735938422572,-13.696605706748265,-13.16713768093371,5,6,False,3.895
Victoria,2024,Wet,477.8,315.3,365.8,339.8,87.5,286.9,27.56,28.05,27.75,27.59,27.79,26.37,86.59,85.82,86.15,83.78,79.92,83.89,0.4037061343798839,0.42551503859780343,0.6708132540938387,0.5572753814396418,0.47054167733256974,,-8.441758417476173,-8.557841666810303,-8.475625287702117,-7.639870525246858,-7.690137264000001,-10.407367114376237,-16.605898891290103,-14.384815188948824,-14.430407362307092,-13.676638788046043,-14.349188164375631,-17.289572358446655,5,6,False,3.869
Alaminos,2025,Dry,144.5,186.6,134.1,55.8,128.3,273.5,23.85,23.84,25.57,27.94,27.47,25.74,87.87,87.48,80.34,72.99,79.63,89.67,0.6963364447505428,0.5672945555785424,0.748275183327832,0.7140170459673786,0.7908532189958181,0.821277015365993,-5.576639130023283,-6.129643961816657,-5.908464390350609,-7.299000067021749,-5.933959527883573,-6.005485629379374,-12.457767728356703,-12.821811870228442,-12.842862449463533,-14.127299994219237,-12.821429678607656,-12.87700922646883,6,6,False,3.61671
Bay,2025,Dry,89.7,169.7,115.3,30.0,138.4,317.5,25.13,25.28,26.72,29.25,28.58,26.89,82.79,81.89,76.21,69.33,76.51,87.59,0.6374227697220128,0.6617704305185315,0.7128951666786896,0.6081631728223345,0.47170437855287317,0.6974668064989389,-6.383030034228145,-6.827091888861624,-6.661692094409365,-8.158625603178644,-6.748086985035758,-6.939689400596073,-13.582392859917721,-13.495637396620406,-13.312220756487907,-14.731417734045781,-13.561784504583528,-13.76111592900148,6,6,False,4.94538
Calauan,2025,Dry,109.6,129.1,62.5,21.9,124.6,334.4,25.38,25.54,27.07,29.7,29.0,27.22,83.11,81.91,75.21,66.79,74.62,86.18,0.6585113963353582,-0.03329208706501197,0.7436650315686762,0.7091734893421244,0.6714638982780025,0.7914370302351792,-6.22400923674091,-6.682907151151342,-6.499138707891443,-7.743041892046529,-6.587160868496457,-6.481975206326922,-13.195737003180698,-13.324450983291708,-13.138869187781724,-14.41579632227477,-13.382697441983598,-13.290320071319504,6,6,False,4.78313
Cavinti,2025,Dry,278.0,316.9,162.5,27.2,150.4,383.7,22.59,22.81,23.73,25.9,26.09,25.11,93.06,91.58,89.28,83.15,84.1,90.87,0.5035952472059606,,0.7499958476989351,0.7607962112202924,0.7887446462227119,0.7921338170296374,-6.760581116007436,-7.097543678452446,-6.851055650911465,-8.388285940148117,-7.194007960187594,-7.6523010355842525,-13.292662646652419,-13.74564865057115,-13.536755047900888,-15.016430218802974,-13.970258641545986,-14.090079764082157,5,6,False,3.66486
City of Biñan,2025,Dry,50.6,89.2,58.4,15.7,145.2,346.7,25.41,25.65,26.95,29.36,28.59,26.84,81.11,79.39,74.67,67.98,75.46,86.3,0.3921145140282474,0.3773739409588341,0.3503847747777434,0.29342039089203287,0.32204212886865324,,-5.241428514766398,-5.903549244312398,-5.894878366748147,-6.451497278573616,-5.551117959245701,-4.141066181831164,-11.336401797616814,-11.714940314224553,-11.812988596060817,-13.68097933124752,-11.449732936434133,-11.753696958423058,5,6,False,4.08119
City of Cabuyao,2025,Dry,68.0,136.1,70.3,26.8,131.2,329.7,24.88,25.14,26.33,28.8,28.18,26.61,83.75,82.02,77.99,71.23,77.62,87.22,0.45696937405784865,0.42293862787772596,0.4296439822610513,0.42226203099892273,0.38033163553028587,0.04081396758556366,-5.982505933829802,-6.608814430457472,-6.523381434400615,-6.6052631055777855,-6.546051877850317,-4.418640352051048,-11.84419707252411,-12.22966922584782,-12.302633776409412,-14.432062101795822,-12.268372512241099,-12.636970722316908,6,6,False,3.89592
City of Calamba,2025,Dry,67.3,138.0,95.6,35.4,131.9,304.8,24.47,24.89,26.18,28.78,28.05,26.25,84.43,81.55,77.2,69.71,76.32,87.46,0.5649534139786172,0.5016579108965517,0.5415122770283982,0.4706928017733787,0.4920360605300132,0.11089444980025291,-6.008979437049858,-6.751794346149776,-6.721199059042076,-7.690527032431074,-6.829176333494797,-5.638996839140266,-12.26280441582277,-12.82144179314938,-12.928291460764061,-14.599063266534518,-13.072147827771715,-12.684924518593808,6,6,False,4.37207
City of San Pablo,2025,Dry,122.4,144.6,75.1,33.1,117.9,321.2,24.8,24.87,26.6,29.11,28.43,26.54,85.95,85.02,77.45,70.02,77.54,89.24,0.6917281516878666,,0.7210264921925171,0.675581559753045,0.6761737747711165,0.7342474109796856,-6.289400416256604,-6.885679565254279,-6.760239671165772,-7.765454273903069,-6.885879368139288,-6.473040907925455,-12.793991392385724,-13.306252551302938,-13.259215760117124,-14.43726186616196,-13.46691331691224,-13.127110469563828,5,6,False,3.94521
City of Santa Rosa,2025,Dry,68.0,136.1,70.3,26.8,131.2,329.7,24.88,25.14,26.33,28.8,28.18,26.61,83.75,82.02,77.99,71.23,77.62,87.22,0.5679650898556646,0.4573239066763626,0.45813904529688404,0.4104534052346854,0.36857012285521196,0.6147556727413944,-5.72823182961707,-6.391277029708529,-6.396993797121631,-6.987234289632422,-6.1825935822234985,-4.508270562492434,-11.941262877670232,-12.344188624134256,-12.515941897306533,-14.356242984322197,-12.233895960431392,-12.178409860522699,6,6,False,4.27719
Famy,2025,Dry,204.0,183.2,92.8,19.8,58.9,269.0,24.22,24.4,25.37,27.77,28.05,26.7,88.76,87.87,85.2,77.76,78.63,88.31,0.7913125755652763,,0.7975152462240483,0.7042659622426154,0.8156543691162274,0.8044974004313076,-6.1916953388929805,-6.920893791335463,-6.741540874640797,-8.046203965307873,-6.78931842041034,-6.700861136836975,-12.755856527836569,-13.50699794394864,-13.296052712677024,-14.664982395771325,-13.59290061171734,-13.265387171166255,5,6,False,4.58424
Kalayaan,2025,Dry,329.9,330.1,166.5,29.3,129.1,331.8,22.53,22.75,23.66,25.82,25.98,25.18,93.63,92.14,89.78,84.04,85.23,91.45,0.5995346870165922,,0.7290430537699186,0.7127546106333491,0.7748168213084585,0.796197088942582,-6.743067043294426,-7.299674483869535,-6.81860715652033,-8.368216537978668,-7.039259889644162,-7.518820707297547,-13.18840096480956,-13.961625202083521,-13.485360829516171,-14.807317335377983,-13.684127988323048,-13.935191049765299,5,6,False,3.91862
Liliw,2025,Dry,209.1,165.6,104.6,22.6,112.5,449.0,23.45,23.65,24.73,27.47,27.21,25.64,88.89,87.25,83.68,73.1,78.07,88.38,0.3260845417463328,,0.7690288574625389,0.7156195578599437,0.7671779617657101,0.7457739450004444,-6.220012023917605,-6.627287750427475,-6.53331900678503,-7.900667873774082,-6.785471232015183,-6.916873480952937,-12.928810211070198,-13.227425862981036,-13.169666701876515,-14.748017966908515,-13.54693991985777,-13.74015080957382,5,6,False,4.12058
Los Baños,2025,Dry,89.7,169.7,115.3,30.0,138.4,317.5,24.06,24.23,25.66,28.2,27.51,25.83,82.67,81.76,76.06,69.15,76.38,87.5,0.6051181552897493,0.6265690832225602,0.7272826537904714,0.7082937106010917,0.5225668038500304,0.7226531719811077,-5.720432036543747,-6.1786395463267,-6.038065673562088,-7.289840373333132,-6.265967556568039,-6.077514875490717,-12.453436995265418,-12.724996529232744,-12.756909720930548,-14.052679627098083,-12.914640215339196,-12.748180749419289,6,6,False,3.58221
Luisiana,2025,Dry,431.0,374.3,220.9,54.9,186.4,365.6,21.77,21.97,22.82,24.91,25.12,24.34,94.84,93.05,91.33,85.47,86.48,90.99,0.48719004116614034,,0.8014343977443781,0.7719140279355017,0.829078445754613,0.8455523650404926,-6.295421921190614,-6.557764130503496,-6.208172764258863,-7.737850893073357,-6.5930423904902,-6.891002790022748,-12.947833911879389,-13.273578382590706,-13.006867274762874,-14.446514005306009,-13.451577425392982,-13.550697574534144,5,6,False,3.67634
Lumban,2025,Dry,329.9,330.1,166.5,29.3,129.1,331.8,22.53,22.75,23.66,25.82,25.98,25.18,93.63,92.14,89.78,84.04,85.23,91.45,0.41086916700266424,,0.6648102838694371,0.7489681310654743,0.7478972289240421,0.750782718424748,-7.471136811455863,-7.781704607761819,-7.589282981312375,-8.988883031588884,-7.8088941549616235,-7.887814414743566,-13.877521582649274,-14.452005461393696,-14.064951049415663,-15.58137762725594,-14.277171031645619,-14.378259202865141,5,6,False,4.50725
Mabitac,2025,Dry,130.0,146.3,57.5,9.0,57.3,358.0,24.59,24.76,25.94,28.43,28.48,26.68,83.54,82.81,78.66,71.39,73.86,86.77,0.6301505859148768,,0.6960789394660903,0.630858799470508,0.660454844921346,0.6948997782788514,-8.198102650859372,-8.188295946756616,-7.958121487871985,-9.32045730348078,-7.689111992920573,-8.089862669957808,-15.026857415367376,-15.231206936822925,-14.586335099062666,-16.031083443138527,-14.11271864138533,-14.974490309785724,5,6,False,4.8319
Magdalena,2025,Dry,155.5,159.1,82.1,17.3,106.5,448.6,25.1,25.31,26.51,29.19,28.91,27.23,85.74,84.19,79.79,70.79,75.64,87.1,0.43338953400335045,,0.7668664648617136,0.7336659962165956,0.7523881177578559,0.7708739004558897,-6.462727735326228,-6.907312474313733,-6.674182713707876,-8.065046806954035,-6.881356231354792,-7.037400842621221,-13.249778013222027,-13.543109080139892,-13.363790308521262,-15.039697017898668,-13.750400413872239,-13.961796126856989,5,6,False,3.93489
Majayjay,2025,Dry,431.0,374.3,220.9,54.9,186.4,365.6,22.74,22.94,23.77,25.85,26.08,25.29,94.88,93.1,91.4,85.56,86.57,91.06,,,0.7854956438981048,0.726567034961855,0.8019373111970929,0.8026654824488264,-6.258275140817502,-6.603855581718343,-6.541330953835797,-8.102333308381922,-6.680599636033412,-6.968448930407107,-12.93152338741931,-13.246636862870197,-13.221087794682846,-14.789049003789808,-13.494899524503744,-13.706574664930843,4,6,False,3.52245
Nagcarlan,2025,Dry,209.1,165.6,104.6,22.6,112.5,449.0,23.45,23.65,24.73,27.47,27.21,25.64,88.89,87.25,83.68,73.1,78.07,88.38,0.6303361964511836,,0.7920952390497598,0.7586952251186022,0.797767361563822,0.7768035902322502,-5.896138258759048,-6.3975061489050695,-6.208935271329795,-7.361925758775493,-6.513694873179392,-6.341211777534769,-12.667673726137998,-13.078557695811007,-13.005257709111541,-14.38389133976431,-13.369022839276106,-13.271347462607908,5,6,False,4.22053
Paete,2025,Dry,564.8,511.4,278.5,54.9,136.4,279.2,21.54,21.78,22.61,24.62,24.73,24.39,95.14,93.22,91.38,86.17,88.17,91.17,0.7456781435477333,,0.7549654506837503,0.7760568160013737,0.8314593726621997,0.8341878377117175,-6.186099886481434,-6.812555357076742,-6.191452734428892,-7.764049200111049,-6.6315923289337055,-6.9685225732481,-12.604727406048928,-13.287580813268784,-12.899222372227955,-14.319621036269577,-13.310769462829033,-13.39616890100067,5,6,False,4.24877
Pagsanjan,2025,Dry,155.5,159.1,82.1,17.3,106.5,448.6,25.32,25.54,26.74,29.42,29.14,27.46,85.76,84.21,79.83,70.83,75.68,87.12,0.4529423915714652,,0.7414540754538906,0.5771688246353528,0.6729841445936868,0.7056026287347577,-6.716028847871692,-7.152391439332634,-6.910612421553922,-8.009730458301302,-6.994285941370857,-7.0228332289327895,-13.623612675113026,-13.686412682623324,-13.410125409650876,-15.118720788473505,-13.842283385663208,-14.329160646834607,5,6,False,4.22853
Pakil,2025,Dry,63.7,93.6,50.2,5.2,70.5,316.3,25.82,25.98,26.96,29.18,29.18,28.15,80.78,80.31,78.26,73.27,74.79,79.5,0.7394151048234913,,0.7610590818561525,0.811308240530683,0.7785272128816597,0.8237066584079142,-6.654274590152617,-7.0881692155149,-6.765007675973239,-7.951759937557621,-7.02041058631644,-7.195110161062291,-13.263216030171158,-13.745416645757846,-13.484882443591925,-14.631981371255797,-13.693590946344381,-13.788580574846845,5,6,False,4.21115
Pangil,2025,Dry,403.1,393.8,222.0,40.7,118.0,240.3,22.19,22.42,23.2,25.18,25.49,25.0,94.16,92.71,91.24,86.43,87.12,90.85,0.7092562181210593,,0.7450329259568873,0.7855998059987387,0.7539018700090925,0.796111668190932,-6.870915094815185,-7.167127648995572,-6.797749176622885,-8.28464562201088,-6.961598929463707,-7.194901943044019,-13.399355257091718,-13.963674620861875,-13.531830609668521,-14.852967488263133,-13.542843528906326,-13.785139171260314,5,6,False,4.73353
Pila,2025,Dry,108.3,98.8,62.2,7.8,89.1,424.2,25.86,26.05,27.36,30.11,29.75,27.88,81.27,80.43,75.36,66.75,71.5,83.71,0.2309041496180946,,0.66000624210859,0.5288822546879586,0.5510813670650462,0.5325139931849359,-7.561657309315756,-7.7246544816553575,-7.772522666655343,-9.10910183926567,-7.853897715151737,-7.296277594297401,-14.625632463652284,-14.468885699095571,-13.751764331289687,-15.69827393218892,-13.962062467271762,-14.198215797890075,5,6,False,4.73137
Rizal,2025,Dry,190.4,165.3,100.8,44.5,158.7,391.9,22.9,23.04,24.27,26.82,26.31,24.93,90.26,89.01,84.49,75.26,82.69,90.18,0.6592646948803725,,0.7952865171824829,0.7842038204282475,0.7740147888708977,0.7627481857874084,-6.255772886321507,-6.752362140981562,-6.553711942435728,-7.713902325995975,-6.812948637777312,-6.652993571463392,-12.723247571369921,-13.252490655185461,-13.301152862159489,-14.640975644698614,-13.654519108788804,-13.480235398330523,5,6,False,3.82234
Santa Cruz,2025,Dry,108.3,98.8,62.2,7.8,89.1,424.2,25.69,25.85,27.17,29.93,29.57,27.71,81.25,80.41,75.33,66.72,71.47,83.68,0.15777625197045772,,0.6204832698279504,0.5643692384977745,0.5439351898831976,0.5904683759280344,-7.447948978747138,-7.631226669227604,-7.537696512335792,-8.599862580559886,-7.531983371592155,-6.982712542460682,-14.031536323448984,-14.087921110782803,-13.494684032657425,-15.605883043530817,-13.458311082361757,-14.25769086281554,5,6,False,4.66992
Santa Maria,2025,Dry,147.7,131.9,66.3,14.3,72.0,344.3,24.32,24.47,25.7,28.14,28.37,26.49,87.09,86.34,82.18,75.03,76.09,88.73,0.7521814052753063,,0.776142101838302,0.7647559036889287,0.7462023721695824,0.787104736924804,-6.659825541882093,-7.280087433177832,-6.967286489249651,-8.236694427679012,-6.951466377445321,-7.441907975629598,-13.23032518994719,-13.781141322258131,-13.539730220908119,-15.047988060375157,-13.661693175618657,-14.170209775451221,5,6,False,4.97154
Siniloan,2025,Dry,242.3,252.2,128.1,29.1,89.1,239.4,22.28,22.45,23.36,25.48,25.88,24.9,92.72,91.65,89.49,83.91,83.73,90.76,0.7068527151477932,,0.7611883472494065,0.6920405491539114,0.7500739534960121,0.7583683677798333,-6.572327149146879,-7.1003708964823185,-6.657765708745931,-8.132867320712068,-6.882695125238859,-7.321372150642855,-13.133027963710054,-13.807001873848515,-13.292138762718649,-14.620213673123349,-13.565168658350997,-13.861984928779233,5,6,False,4.70677
Victoria,2025,Dry,108.3,98.8,62.2,7.8,89.1,424.2,25.86,26.05,27.36,30.11,29.75,27.88,81.27,80.43,75.36,66.75,71.5,83.71,0.35713676288876833,,0.6364476502558876,0.4771058520625579,0.4633872123721719,0.5219204793855822,-8.249560403390424,-8.561455317323757,-8.4239369627654,-9.882552662675943,-8.602169104830423,-8.224255418274016,-15.377726191759084,-15.004180089478357,-14.114601392730933,-16.42434224643693,-14.803823348372237,-15.342804179337739,5,6,False,5.19894
Alaminos,2025,Wet,339.7,352.2,429.7,289.3,234.5,88.3,25.58,25.16,24.53,24.91,25.01,24.45,89.07,89.69,94.04,92.42,89.97,87.51,,0.7655456948040373,0.756362753182114,,0.7528850530130576,,-6.358933046893975,-5.649258450530568,-5.729476657844174,-5.697903454562974,-6.364495609348353,,-13.09929575178033,-12.522667044230282,-12.52074039966645,-12.675715514120606,-13.071198403378698,,3,5,False,3.63895
Bay,2025,Wet,334.8,310.7,391.6,268.9,242.2,77.7,26.75,26.36,25.77,26.14,26.03,25.49,86.17,87.66,90.74,88.57,87.29,84.43,,0.6239204525757726,0.6797992694549484,,0.6411699191516974,,-7.262091602969434,-6.50124917146087,-6.4947394820771445,-6.195431945404223,-7.08398915621329,,-14.065682088101171,-13.334061283343722,-12.72181842452619,-12.993173353489688,-13.770424587395427,,3,5,False,3.91901
Calauan,2025,Wet,330.7,291.1,391.6,257.0,246.8,68.5,27.06,26.73,26.11,26.51,26.44,25.99,85.33,85.5,89.59,87.16,86.22,82.46,,0.676767901378742,0.679967277341657,,0.6764682369383049,,-6.736101671875466,-6.229013135936023,-6.021492457181317,-6.046599299459287,-6.577205809548746,,-13.495738269034739,-12.979886162936564,-12.524400084862485,-12.815625850803332,-13.321397127847861,,3,5,False,3.86538
Cavinti,2025,Wet,376.0,421.4,487.0,370.9,422.3,187.4,24.97,24.69,24.08,24.29,24.0,23.19,89.78,89.42,93.88,92.86,92.85,92.43,,,0.8113503524995528,,0.7485929029030394,,-7.654229689360395,-7.182210317122085,-7.058981282357009,-7.022057185492496,-7.21087414105621,,-13.865125602656102,-13.588030368705414,-13.294061854906968,-13.659575934058084,-13.525532737552904,,2,5,False,3.38834
City of Biñan,2025,Wet,370.6,295.5,341.4,238.1,219.9,64.5,26.62,26.61,25.92,26.44,26.5,26.24,85.08,83.89,88.9,86.65,84.46,79.33,,0.38039882107081957,,,0.3987782064534836,,-5.328227413174103,-5.350362972472916,-4.577941647462039,-5.3189066647949215,-5.102191507213964,,-12.375865217322485,-11.548544224547035,-11.881796384653956,-11.513062391606224,-12.202482186421443,,2,5,False,3.88066
City of Cabuyao,2025,Wet,345.6,320.6,342.4,244.9,208.9,53.2,26.48,26.3,25.65,25.99,25.95,25.55,85.62,85.46,89.97,88.75,87.21,83.05,,0.45708929685559685,0.4696769979055498,,0.453211085630255,,-5.421893864435164,-6.191219913284074,-4.741543212489144,-6.114315268805732,-5.0165619671038195,,-13.24048800847648,-12.095386456745535,-12.60705758016626,-11.947809496776454,-12.88484444322178,,3,5,False,3.82416
City of Calamba,2025,Wet,354.7,322.2,326.3,246.4,212.0,48.4,25.94,25.66,25.13,25.41,25.38,25.06,87.79,88.11,91.36,90.19,88.72,84.06,,0.5195220983979728,0.5607238817911656,,0.5303601713593599,,-6.468537401754744,-6.227760954462452,-5.718524354735262,-6.200407406880234,-6.131361549957226,,-13.163648768859005,-12.562981723183784,-12.540816391562718,-12.503732122864335,-12.976041863217054,,3,5,False,3.82067
City of San Pablo,2025,Wet,348.8,302.1,439.2,262.1,260.2,80.7,26.36,26.01,25.43,25.8,25.81,25.31,88.47,88.78,92.8,90.82,89.22,85.99,,0.7266626671218391,0.6391443657763799,,0.6283010413510541,,-6.698383481897371,-6.226659354089879,-6.0141316451637445,-6.226581175226443,-6.573407235233085,,-13.269654975872223,-12.703147520922979,-12.588636552015348,-12.777558482498117,-13.145350454670911,,3,5,False,4.01528
City of Santa Rosa,2025,Wet,345.6,320.6,342.4,244.9,208.9,53.2,26.48,26.3,25.65,25.99,25.95,25.55,85.62,85.46,89.97,88.75,87.21,83.05,,0.4929038975311801,,,0.46638066079226126,,-5.594543185485773,-5.826067847535926,-4.923534995236668,-5.834793336687384,-5.413331527288271,,-12.80411546494576,-12.079990949276267,-12.312543505848776,-12.112492717650946,-12.6831428776614,,2,5,False,3.72801
Famy,2025,Wet,484.1,371.7,340.5,221.7,319.1,109.2,26.2,26.3,25.64,26.0,25.62,24.86,90.62,88.31,91.39,89.23,89.95,88.08,,,0.7770004510468321,,0.8064586743488371,,-7.0403358310359785,-6.515077416042847,-6.311351447653871,-6.280385353001345,-6.386735002015811,,-13.474439650087412,-13.195229381131627,-12.63910744512763,-12.923380415181924,-12.796665965977972,,2,5,False,3.95376
Kalayaan,2025,Wet,346.9,386.6,390.5,313.4,449.5,203.7,24.95,24.79,24.04,24.25,23.91,23.12,90.99,90.32,94.91,93.66,94.04,93.07,,0.014589677564799786,0.766977123641944,,0.7479766946352878,,-7.449659708267242,-7.00141791648012,-6.822470778209675,-6.841836790365725,-6.973277184968102,,-13.634183121676049,-13.483891857236758,-13.023275300180767,-13.42515809033181,-13.340550946402605,,3,5,False,3.28499
Liliw,2025,Wet,385.6,416.8,512.2,324.0,320.9,138.7,25.4,25.19,24.67,24.96,24.78,24.11,88.13,87.46,91.24,89.81,89.36,87.94,,0.7134631713236027,0.5911894890043285,0.3384357009032004,0.7607180040385222,,-7.038866500479089,-6.51760930135679,-6.327250943000387,-6.444082630026626,-6.678679391980717,,-13.553068434973333,-13.053141882054952,-12.898913212798364,-13.074565293317217,-13.389351357836288,,4,5,False,3.89298
Los Baños,2025,Wet,334.8,310.7,391.6,268.9,242.2,77.7,25.7,25.3,24.72,25.09,24.97,24.42,86.07,87.56,90.67,88.49,87.21,84.34,,0.6341304566879215,0.6871094496956763,,0.7005772797164337,,-6.569684798305126,-5.950307981621891,-5.974569879106195,-6.00007622370564,-6.3664549644393675,,-13.039129250702263,-12.679439152253375,-12.509038459617207,-12.780323593416533,-12.979179025260352,,3,5,False,3.67264
Luisiana,2025,Wet,385.0,403.1,531.8,448.3,469.3,240.9,24.17,23.91,23.39,23.55,23.29,22.43,90.49,89.67,94.0,93.58,93.58,93.73,,0.7130503294998609,0.6162165985181083,,0.8015783773248106,,-7.038818536725382,-6.3670005107242815,-6.336793685538178,-6.389736419458458,-6.6938389387172395,,-13.31136514313073,-12.930390972669883,-12.80649597068427,-12.978484043672225,-13.16743738378876,,3,5,False,3.21777
Lumban,2025,Wet,346.9,386.6,390.5,313.4,449.5,203.7,24.95,24.79,24.04,24.25,23.91,23.12,90.99,90.32,94.91,93.66,94.04,93.07,,0.3695350363234842,0.380585986576386,,0.5563708242854882,,-8.181178299952768,-8.005108483577365,-7.982562613915664,-7.803287024724938,-8.283233143995663,,-14.856568564114806,-14.449072563983217,-14.2541612059476,-14.518133617761697,-14.834462835209505,,3,5,False,3.95641
Mabitac,2025,Wet,524.5,419.4,358.6,201.5,251.8,87.5,26.27,26.29,25.71,26.21,25.92,25.17,88.23,86.74,89.34,86.22,86.03,84.16,,0.10989557206630707,0.6491826298181896,,0.5644620884934195,,-8.654945706228467,-8.373397422253978,-8.412147932289162,-8.041618471416491,-8.784895230788846,,-15.804417819489947,-15.13394888779045,-14.682917590351176,-14.840262320741175,-15.579031005881134,,3,5,False,3.91815
Magdalena,2025,Wet,357.4,437.8,399.3,318.3,294.4,100.3,27.03,26.79,26.22,26.6,26.37,25.76,86.73,85.8,89.73,87.48,87.04,84.51,,0.7834082313963163,0.7337020349450522,,0.750575060318167,,-7.031244355141088,-6.431496308753984,-6.188910342391897,-6.3850848715895925,-6.852245093864081,,-13.617787647309022,-12.943892560928703,-12.741610552581829,-12.944312010812114,-13.580727863397845,,3,5,False,3.84366
Majayjay,2025,Wet,385.0,403.1,531.8,448.3,469.3,240.9,25.11,24.87,24.35,24.5,24.23,23.39,90.58,89.74,94.04,93.65,93.63,93.77,,0.7858403336338743,0.7135966313201169,0.37286146426642375,0.7684914371006665,,-7.196516879407486,-6.342377194047126,-6.457779360220606,-6.512074733855543,-6.792827842577437,,-13.567335744144634,-13.010165225952866,-13.005476595116624,-13.107737047374801,-13.368201327215544,,4,5,False,3.57955
Nagcarlan,2025,Wet,385.6,416.8,512.2,324.0,320.9,138.7,25.4,25.19,24.67,24.96,24.78,24.11,88.13,87.46,91.24,89.81,89.36,87.94,,0.7172281714784794,0.6209977337287135,,0.7108709708115847,,-6.575713125733259,-6.164346266705436,-5.928127477754499,-6.100034491826321,-6.3379514491080675,,-13.32092785497218,-12.908972441052478,-12.753725453480754,-12.920599522624372,-13.215868624800535,,3,5,False,3.87086
Paete,2025,Wet,333.0,341.2,405.4,373.8,581.3,328.6,24.17,24.04,23.22,23.27,22.97,22.15,90.47,90.19,94.89,94.68,94.83,94.15,,,0.7333207232302232,0.4469344715277354,0.7819627654382,,-7.00277221112795,-6.611081790651476,-6.389078625831867,-6.48199834509374,-6.340911224674087,,-13.098582090979464,-13.113933734347894,-12.639772078307491,-13.04456438158539,-12.733625309051213,,3,5,False,3.40083
Pagsanjan,2025,Wet,357.4,437.8,399.3,318.3,294.4,100.3,27.26,27.04,26.46,26.83,26.59,26.0,86.75,85.84,89.74,87.5,87.06,84.53,,0.01703834384679795,0.7227788756359863,,0.6988254674564882,,-7.049336218839452,-6.734738820725285,-6.153920176913963,-6.497547736844218,-6.710648555243289,,-14.100035123204814,-13.224003317148394,-12.884097548576694,-13.046084978501172,-13.748083196775003,,3,5,False,3.90434
Pakil,2025,Wet,558.2,293.4,313.5,183.7,186.7,61.5,27.93,27.9,27.29,27.65,27.34,26.53,80.69,78.26,81.79,80.48,81.46,80.01,,,0.6010274950680937,,0.766363071159019,,-7.2278855552484815,-6.80877993655184,-6.719154937481102,-6.695239378831079,-6.666498740755471,,-13.617840999437238,-13.42191808680178,-13.071607485290539,-13.44564983439062,-13.333284620140393,,2,5,False,3.64456
Pangil,2025,Wet,408.8,319.6,369.4,317.2,496.8,242.5,24.63,24.65,23.86,24.0,23.62,22.82,91.8,90.35,94.49,93.9,94.65,93.26,,,0.5545266269222607,,0.740556426627338,,-7.646669007432897,-7.082634920106728,-7.192132188432683,-7.11201385027662,-6.910589172376036,,-14.12528237396318,-13.825864316735466,-13.454056532659258,-13.798742361484186,-13.561739648751466,,2,5,False,3.88248
Pila,2025,Wet,297.0,305.3,322.4,229.0,237.3,65.6,27.78,27.44,26.88,27.27,27.1,26.51,83.22,83.52,86.77,84.38,83.62,80.68,,0.4753685025434203,0.5971979417863904,,0.5290072571638802,,-8.352333322477628,-7.8865895664961485,-7.638617373029573,-7.249375586242145,-7.540352328250144,,-16.322190621819242,-14.636218549012865,-14.02734388699544,-13.210069260448643,-14.702563301234628,,3,5,False,3.96492
Rizal,2025,Wet,413.5,379.2,484.5,301.8,291.5,120.0,24.67,24.48,23.97,24.29,24.21,23.51,90.08,89.09,93.36,91.89,90.8,89.68,,0.5443015347078085,0.5995045390094658,,0.4468085829795513,,-6.852316478082122,-6.498722983861703,-6.1979537191356915,-6.418844649907974,-6.603593065359718,,-13.400446262790444,-13.041001020503536,-12.869803108885074,-13.056977596051022,-13.334952878122536,,3,5,False,3.43065
Santa Cruz,2025,Wet,297.0,305.3,322.4,229.0,237.3,65.6,27.6,27.25,26.69,27.09,26.93,26.33,83.18,83.49,86.75,84.36,83.6,80.66,,,0.5949000465800703,,0.48501689418767807,,-7.553980718188253,-7.7843121908252675,-7.082198180926921,-7.451694428396085,-7.35943082694345,,-15.335196365075799,-14.10447947751806,-13.96009273993741,-13.494751341383655,-14.791136532943291,,2,5,False,3.9001
Santa Maria,2025,Wet,490.1,417.1,319.2,231.9,281.1,77.3,25.96,26.06,25.49,25.95,25.64,24.9,91.32,88.72,91.5,88.86,89.18,86.99,,0.7939185896230239,0.7709696204478523,,0.7622496562129499,,-7.288672668770421,-6.770596962242576,-6.545994671626177,-6.466485396235339,-7.155186538411899,,-13.888990695867728,-13.341792591220601,-12.978813924743784,-13.154934809713104,-13.749421593211258,,3,5,False,3.99055
Siniloan,2025,Wet,437.6,377.2,375.6,276.3,393.7,143.9,24.45,24.51,23.76,24.05,23.64,22.87,92.56,90.54,94.53,93.11,94.12,92.25,,0.6665209978818893,0.7627335343548288,,0.7815609481418463,,-7.521419381045541,-7.031367342806174,-6.9191447238935275,-6.787729802612716,-6.7566969435272135,,-13.93547339773688,-13.710611483425295,-13.070451839087399,-13.346748096114789,-13.208267483022754,,3,5,False,3.99278
Victoria,2025,Wet,297.0,305.3,322.4,229.0,237.3,65.6,27.78,27.44,26.88,27.27,27.1,26.51,83.22,83.52,86.77,84.38,83.62,80.68,,0.537645665613149,0.48845043250603515,,0.46859840872128977,,-9.310804378507616,-9.064745907995365,-9.104351787130026,-8.209787857259315,-9.29695615821553,,-17.309131731298276,-15.836338160394174,-14.844711089745235,-14.22496075492515,-16.672535140899,,3,5,False,3.97158
