municipality,year,month,rainfall_mm,temp_mean_c,humidity_mean_pct,days
Alaminos,2018,1,125.0,23.92,85.39,31
Alaminos,2018,2,32.4,24.3,82.26,28
Alaminos,2018,3,66.1,24.7,78.22,31
Alaminos,2018,4,34.0,26.37,77.05,30
Alaminos,2018,5,62.1,27.61,76.93,31
Alaminos,2018,6,230.4,26.21,85.31,30
Alaminos,2018,7,626.4,25.21,90.46,31
Alaminos,2018,8,188.9,25.68,86.49,31
Alaminos,2018,9,417.0,25.25,89.29,30
Alaminos,2018,10,120.7,25.28,85.81,31
Alaminos,2018,11,45.1,25.21,83.21,30
Alaminos,2018,12,282.7,24.54,85.54,31
Alaminos,2019,1,14.7,23.25,82.04,31
Alaminos,2019,2,15.4,23.39,77.58,28
Alaminos,2019,3,32.7,25.33,74.0,31
Alaminos,2019,4,17.9,27.49,71.19,30
Alaminos,2019,5,137.5,27.06,82.53,31
Alaminos,2019,6,195.4,27.27,83.65,30
Alaminos,2019,7,304.6,25.89,88.25,31
Alaminos,2019,8,336.4,25.76,88.3,31
Alaminos,2019,9,347.1,25.47,87.59,30
Alaminos,2019,10,85.2,25.48,84.88,31
Alaminos,2019,11,146.1,25.04,87.63,30
Alaminos,2019,12,250.6,24.52,85.35,31
Alaminos,2020,1,53.7,23.99,84.37,31
Alaminos,2020,2,65.3,23.38,81.0,29
Alaminos,2020,3,34.1,25.75,76.45,31
Alaminos,2020,4,58.9,26.98,75.96,30
Alaminos,2020,5,256.2,27.58,81.79,31
Alaminos,2020,6,225.1,26.72,84.52,30
Alaminos,2020,7,278.5,26.05,87.93,31
Alaminos,2020,8,367.7,25.8,88.65,31
Alaminos,2020,9,270.6,25.96,88.74,30
Alaminos,2020,10,588.4,25.21,90.97,31
Alaminos,2020,11,487.8,24.98,87.48,30
Alaminos,2020,12,240.7,24.82,88.03,31
Alaminos,2021,1,150.7,23.66,85.12,31
Alaminos,2021,2,118.7,23.7,84.76,28
Alaminos,2021,3,94.8,24.93,84.67,31
Alaminos,2021,4,41.9,25.85,78.79,30
Alaminos,2021,5,65.7,27.73,77.39,31
Alaminos,2021,6,207.0,26.68,83.97,30
Alaminos,2021,7,327.1,25.89,88.45,31
Alaminos,2021,8,205.5,25.98,86.93,31
Alaminos,2021,9,455.5,25.48,90.27,30
Alaminos,2021,10,296.8,25.38,88.06,31
Alaminos,2021,11,95.9,25.68,84.72,30
Alaminos,2021,12,103.1,24.17,83.12,31
Alaminos,2022,1,38.6,23.79,81.73,31
Alaminos,2022,2,54.4,24.72,81.12,28
Alaminos,2022,3,60.2,26.31,78.13,31
Alaminos,2022,4,141.3,25.86,81.52,30
Alaminos,2022,5,186.3,26.69,81.11,31
Alaminos,2022,6,242.5,26.1,85.42,30
Alaminos,2022,7,353.7,25.75,88.67,31
Alaminos,2022,8,336.5,25.33,88.81,31
Alaminos,2022,9,289.6,25.43,88.66,30
Alaminos,2022,10,461.3,25.52,87.45,31
Alaminos,2022,11,121.7,25.46,87.0,30
Alaminos,2022,12,111.8,24.42,85.04,31
Alaminos,2023,1,162.9,23.73,85.2,31
Alaminos,2023,2,64.6,24.16,81.78,28
Alaminos,2023,3,42.9,24.66,77.3,31
Alaminos,2023,4,147.5,26.17,79.8,30
Alaminos,2023,5,146.8,26.71,84.09,31
Alaminos,2023,6,214.3,26.27,86.1,30
Alaminos,2023,7,278.9,26.17,86.45,31
Alaminos,2023,8,100.0,26.39,85.4,31
Alaminos,2023,9,299.6,25.83,88.88,30
Alaminos,2023,10,156.2,25.66,87.6,31
Alaminos,2023,11,147.7,25.55,84.78,30
Alaminos,2023,12,106.3,25.18,84.98,31
Alaminos,2024,1,29.6,24.15,80.55,31
Alaminos,2024,2,8.9,25.03,76.53,29
Alaminos,2024,3,42.4,25.92,74.88,31
Alaminos,2024,4,27.5,28.24,69.88,30
Alaminos,2024,5,268.3,28.49,75.27,31
Alaminos,2024,6,272.4,26.52,87.53,30
Alaminos,2024,7,302.8,25.76,88.48,31
Alaminos,2024,8,271.9,26.18,87.86,31
Alaminos,2024,9,357.2,25.97,88.01,30
Alaminos,2024,10,493.4,25.67,87.41,31
Alaminos,2024,11,73.4,25.8,84.63,30
Alaminos,2024,12,269.3,24.46,90.01,31
Alaminos,2025,1,144.5,23.85,87.87,31
Alaminos,2025,2,186.6,23.84,87.48,28
Alaminos,2025,3,134.1,25.57,80.34,31
Alaminos,2025,4,55.8,27.94,72.99,30
Alaminos,2025,5,128.3,27.47,79.63,31
Alaminos,2025,6,273.5,25.74,89.67,30
Alaminos,2025,7,339.7,25.58,89.07,31
Alaminos,2025,8,352.2,25.16,89.69,31
Alaminos,2025,9,429.7,24.53,94.04,30
Alaminos,2025,10,289.3,24.91,92.42,31
Alaminos,2025,11,234.5,25.01,89.97,30
Alaminos,2025,12,88.3,24.45,87.51,31
Bay,2018,1,135.5,24.7,83.95,31
Bay,2018,2,19.5,25.11,80.49,28
Bay,2018,3,70.0,25.72,75.1,31
Bay,2018,4,76.0,27.13,75.49,30
Bay,2018,5,55.8,28.72,73.43,31
Bay,2018,6,245.2,26.92,85.21,30
Bay,2018,7,580.2,25.79,91.41,31
Bay,2018,8,191.4,26.4,85.97,31
Bay,2018,9,466.4,26.01,89.26,30
Bay,2018,10,90.5,26.32,83.32,31
Bay,2018,11,67.7,26.23,80.13,30
Bay,2018,12,357.0,25.3,84.62,31
Bay,2019,1,32.2,24.33,79.38,31
Bay,2019,2,11.6,24.38,75.82,28
Bay,2019,3,16.9,26.2,72.1,31
Bay,2019,4,30.2,28.3,70.31,30
Bay,2019,5,218.4,27.6,84.48,31
Bay,2019,6,260.1,27.77,85.67,30
Bay,2019,7,335.8,26.47,89.83,31
Bay,2019,8,354.5,26.45,87.93,31
Bay,2019,9,362.2,26.07,88.1,30
Bay,2019,10,93.3,26.42,82.71,31
Bay,2019,11,141.8,25.83,86.64,30
Bay,2019,12,251.4,25.34,84.37,31
Bay,2020,1,70.0,24.88,82.56,31
Bay,2020,2,83.3,24.32,78.46,29
Bay,2020,3,13.5,26.56,75.28,31
Bay,2020,4,33.5,27.89,73.38,30
Bay,2020,5,246.5,28.44,80.46,31
Bay,2020,6,260.6,27.47,84.8,30
Bay,2020,7,305.4,26.91,87.67,31
Bay,2020,8,361.4,26.5,88.97,31
Bay,2020,9,231.2,26.81,88.3,30
Bay,2020,10,633.5,25.85,91.64,31
Bay,2020,11,459.1,25.75,86.61,30
Bay,2020,12,347.3,25.45,88.13,31
Bay,2021,1,134.9,24.47,83.62,31
Bay,2021,2,119.1,24.53,83.4,28
Bay,2021,3,93.6,25.84,83.03,31
Bay,2021,4,23.1,26.93,75.2,30
Bay,2021,5,92.7,28.34,77.48,31
Bay,2021,6,238.1,27.38,84.79,30
Bay,2021,7,355.0,26.68,87.91,31
Bay,2021,8,260.0,26.72,86.78,31
Bay,2021,9,416.4,26.27,90.09,30
Bay,2021,10,253.0,26.14,87.23,31
Bay,2021,11,93.8,26.49,82.37,30
Bay,2021,12,110.9,25.02,80.66,31
Bay,2022,1,40.8,24.87,78.2,31
Bay,2022,2,63.5,25.47,78.95,28
Bay,2022,3,63.2,27.0,76.4,31
Bay,2022,4,113.7,26.82,77.94,30
Bay,2022,5,155.1,27.55,79.66,31
Bay,2022,6,282.0,26.95,84.7,30
Bay,2022,7,373.6,26.53,88.68,31
Bay,2022,8,392.9,25.97,89.67,31
Bay,2022,9,286.9,26.23,87.98,30
Bay,2022,10,447.0,26.28,86.51,31
Bay,2022,11,166.4,26.12,85.93,30
Bay,2022,12,124.6,25.02,84.19,31
Bay,2023,1,159.9,24.39,83.58,31
Bay,2023,2,53.2,25.05,78.7,28
Bay,2023,3,12.0,25.79,72.88,31
Bay,2023,4,137.8,27.07,77.28,30
Bay,2023,5,161.4,27.72,81.66,31
Bay,2023,6,262.0,27.19,85.12,30
Bay,2023,7,311.5,27.1,86.49,31
Bay,2023,8,127.3,27.56,83.23,31
Bay,2023,9,336.0,26.67,89.96,30
Bay,2023,10,156.4,26.66,86.15,31
Bay,2023,11,130.6,26.35,83.18,30
Bay,2023,12,73.7,26.02,83.11,31
Bay,2024,1,15.5,25.27,76.58,31
Bay,2024,2,7.1,25.93,74.49,29
Bay,2024,3,41.5,26.56,74.67,31
Bay,2024,4,9.8,28.98,70.11,30
Bay,2024,5,268.1,29.23,75.12,31
Bay,2024,6,391.6,27.44,88.21,30
Bay,2024,7,534.7,26.48,90.04,31
Bay,2024,8,262.5,27.07,88.54,31
Bay,2024,9,339.6,26.83,87.89,30
Bay,2024,10,416.5,26.52,87.21,31
Bay,2024,11,60.3,27.02,81.55,30
Bay,2024,12,269.1,25.5,86.37,31
Bay,2025,1,89.7,25.13,82.79,31
Bay,2025,2,169.7,25.28,81.89,28
Bay,2025,3,115.3,26.72,76.21,31
Bay,2025,4,30.0,29.25,69.33,30
Bay,2025,5,138.4,28.58,76.51,31
Bay,2025,6,317.5,26.89,87.59,30
Bay,2025,7,334.8,26.75,86.17,31
Bay,2025,8,310.7,26.36,87.66,31
Bay,2025,9,391.6,25.77,90.74,30
Bay,2025,10,268.9,26.14,88.57,31
Bay,2025,11,242.2,26.03,87.29,30
Bay,2025,12,77.7,25.49,84.43,31
Calauan,2018,1,124.3,25.06,83.3,31
Calauan,2018,2,14.4,25.37,80.15,28
Calauan,2018,3,59.4,25.84,75.58,31
Calauan,2018,4,58.3,27.3,75.47,30
Calauan,2018,5,20.1,28.84,73.64,31
Calauan,2018,6,226.7,27.22,84.22,30
Calauan,2018,7,608.7,26.02,91.41,31
Calauan,2018,8,218.9,26.67,85.39,31
Calauan,2018,9,474.3,26.23,89.45,30
Calauan,2018,10,95.5,26.58,82.8,31
Calauan,2018,11,66.9,26.36,80.95,30
Calauan,2018,12,372.0,25.5,84.98,31
Calauan,2019,1,29.6,24.58,79.19,31
Calauan,2019,2,10.8,24.51,76.25,28
Calauan,2019,3,23.5,26.22,72.94,31
Calauan,2019,4,25.2,28.28,71.42,30
Calauan,2019,5,197.0,27.81,83.35,31
Calauan,2019,6,219.5,28.07,84.21,30
Calauan,2019,7,331.8,26.75,88.82,31
Calauan,2019,8,405.0,26.65,88.21,31
Calauan,2019,9,441.6,26.32,87.97,30
Calauan,2019,10,84.3,26.57,82.88,31
Calauan,2019,11,185.8,26.13,86.24,30
Calauan,2019,12,314.0,25.63,84.02,31
Calauan,2020,1,56.1,25.16,81.97,31
Calauan,2020,2,76.7,24.53,78.49,29
Calauan,2020,3,16.6,26.53,76.44,31
Calauan,2020,4,28.8,27.88,74.42,30
Calauan,2020,5,277.4,28.6,80.47,31
Calauan,2020,6,216.7,27.79,83.82,30
Calauan,2020,7,340.0,27.21,87.16,31
Calauan,2020,8,432.7,26.76,88.4,31
Calauan,2020,9,227.4,27.14,87.32,30
Calauan,2020,10,604.3,26.17,90.85,31
Calauan,2020,11,456.5,26.06,86.17,30
Calauan,2020,12,321.8,25.81,87.29,31
Calauan,2021,1,188.9,24.78,83.13,31
Calauan,2021,2,151.9,24.82,82.88,28
Calauan,2021,3,113.6,26.06,82.7,31
Calauan,2021,4,25.5,26.92,76.62,30
Calauan,2021,5,73.9,28.39,78.26,31
Calauan,2021,6,299.9,27.53,85.28,30
Calauan,2021,7,395.5,26.93,87.58,31
Calauan,2021,8,254.7,27.0,86.47,31
Calauan,2021,9,444.0,26.59,89.28,30
Calauan,2021,10,235.1,26.49,86.54,31
Calauan,2021,11,79.6,26.73,82.46,30
Calauan,2021,12,120.9,25.25,80.82,31
Calauan,2022,1,46.1,24.97,78.94,31
Calauan,2022,2,61.3,25.55,80.05,28
Calauan,2022,3,63.3,27.03,77.69,31
Calauan,2022,4,88.7,26.93,78.58,30
Calauan,2022,5,178.6,27.72,79.7,31
Calauan,2022,6,285.2,27.27,83.96,30
Calauan,2022,7,492.9,26.87,87.99,31
Calauan,2022,8,442.7,26.3,88.8,31
Calauan,2022,9,308.7,26.45,87.97,30
Calauan,2022,10,496.6,26.58,85.88,31
Calauan,2022,11,112.6,26.49,84.97,30
Calauan,2022,12,143.7,25.29,84.15,31
Calauan,2023,1,160.1,24.62,84.0,31
Calauan,2023,2,76.5,25.17,79.87,28
Calauan,2023,3,14.3,25.76,74.73,31
Calauan,2023,4,128.4,27.13,77.91,30
Calauan,2023,5,177.6,27.82,81.96,31
Calauan,2023,6,279.7,27.47,84.22,30
Calauan,2023,7,304.2,27.45,84.74,31
Calauan,2023,8,134.1,27.8,82.73,31
Calauan,2023,9,356.2,27.02,87.85,30
Calauan,2023,10,178.1,27.06,84.27,31
Calauan,2023,11,133.3,26.76,82.1,30
Calauan,2023,12,82.1,26.35,82.64,31
Calauan,2024,1,17.9,25.49,76.88,31
Calauan,2024,2,10.7,26.04,75.23,29
Calauan,2024,3,32.1,26.68,75.11,31
Calauan,2024,4,13.4,29.05,70.36,30
Calauan,2024,5,310.8,29.45,74.35,31
Calauan,2024,6,344.6,27.91,85.36,30
Calauan,2024,7,497.3,26.97,88.14,31
Calauan,2024,8,285.1,27.39,86.58,31
Calauan,2024,9,398.4,27.16,86.88,30
Calauan,2024,10,431.7,26.9,85.49,31
Calauan,2024,11,73.3,27.44,79.71,30
Calauan,2024,12,272.9,25.83,86.38,31
Calauan,2025,1,109.6,25.38,83.11,31
Calauan,2025,2,129.1,25.54,81.91,28
Calauan,2025,3,62.5,27.07,75.21,31
Calauan,2025,4,21.9,29.7,66.79,30
Calauan,2025,5,124.6,29.0,74.62,31
Calauan,2025,6,334.4,27.22,86.18,30
Calauan,2025,7,330.7,27.06,85.33,31
Calauan,2025,8,291.1,26.73,85.5,31
Calauan,2025,9,391.6,26.11,89.59,30
Calauan,2025,10,257.0,26.51,87.16,31
Calauan,2025,11,246.8,26.44,86.22,30
Calauan,2025,12,68.5,25.99,82.46,31
Cavinti,2018,1,204.6,22.7,91.29,31
Cavinti,2018,2,46.0,22.92,88.89,28
Cavinti,2018,3,123.3,23.18,85.27,31
Cavinti,2018,4,98.0,24.62,85.92,30
Cavinti,2018,5,92.3,25.99,84.78,31
Cavinti,2018,6,193.3,25.24,88.28,30
Cavinti,2018,7,442.6,24.31,93.12,31
Cavinti,2018,8,240.4,24.75,88.91,31
Cavinti,2018,9,339.7,24.42,91.79,30
Cavinti,2018,10,121.3,24.4,88.96,31
Cavinti,2018,11,236.6,23.77,90.67,30
Cavinti,2018,12,737.3,23.1,93.08,31
Cavinti,2019,1,163.5,22.13,88.01,31
Cavinti,2019,2,61.1,22.21,84.79,28
Cavinti,2019,3,26.5,23.79,82.08,31
Cavinti,2019,4,80.1,25.57,81.52,30
Cavinti,2019,5,220.9,25.9,86.78,31
Cavinti,2019,6,247.3,25.99,88.6,30
Cavinti,2019,7,299.0,25.01,90.39,31
Cavinti,2019,8,327.1,24.79,90.72,31
Cavinti,2019,9,391.1,24.51,90.03,30
Cavinti,2019,10,188.0,24.22,90.97,31
Cavinti,2019,11,240.7,23.99,91.36,30
Cavinti,2019,12,500.3,23.32,91.62,31
Cavinti,2020,1,172.7,22.84,89.81,31
Cavinti,2020,2,176.9,22.05,87.8,29
Cavinti,2020,3,75.4,23.95,87.16,31
Cavinti,2020,4,82.0,24.94,86.71,30
Cavinti,2020,5,423.9,26.26,87.23,31
Cavinti,2020,6,245.5,25.57,89.0,30
Cavinti,2020,7,301.9,25.31,89.55,31
Cavinti,2020,8,376.2,24.97,90.95,31
Cavinti,2020,9,245.5,25.35,89.56,30
Cavinti,2020,10,675.2,24.36,93.46,31
Cavinti,2020,11,678.8,23.82,92.44,30
Cavinti,2020,12,501.3,23.71,92.99,31
Cavinti,2021,1,298.9,22.47,90.07,31
Cavinti,2021,2,215.6,22.57,89.79,28
Cavinti,2021,3,220.3,23.8,90.24,31
Cavinti,2021,4,60.6,24.46,85.6,30
Cavinti,2021,5,136.2,25.66,88.78,31
Cavinti,2021,6,337.7,25.53,88.88,30
Cavinti,2021,7,436.9,24.93,91.79,31
Cavinti,2021,8,257.0,25.15,89.13,31
Cavinti,2021,9,421.4,24.7,92.17,30
Cavinti,2021,10,272.1,24.35,91.19,31
Cavinti,2021,11,164.1,24.13,91.51,30
Cavinti,2021,12,288.3,22.63,90.06,31
Cavinti,2022,1,104.2,22.52,87.4,31
Cavinti,2022,2,126.2,22.78,90.62,28
Cavinti,2022,3,99.5,24.35,87.29,31
Cavinti,2022,4,160.3,24.17,88.51,30
Cavinti,2022,5,204.3,25.4,86.61,31
Cavinti,2022,6,263.1,25.25,87.42,30
Cavinti,2022,7,395.6,24.99,90.66,31
Cavinti,2022,8,366.7,24.6,90.66,31
Cavinti,2022,9,291.4,24.57,90.85,30
Cavinti,2022,10,493.4,24.42,90.94,31
Cavinti,2022,11,231.4,24.05,92.52,30
Cavinti,2022,12,308.6,22.77,92.14,31
Cavinti,2023,1,352.5,22.05,92.47,31
Cavinti,2023,2,183.1,22.69,88.26,28
Cavinti,2023,3,32.0,23.14,84.32,31
Cavinti,2023,4,137.8,24.77,85.09,30
Cavinti,2023,5,205.6,25.61,87.23,31
Cavinti,2023,6,292.9,25.45,88.2,30
Cavinti,2023,7,237.3,25.49,88.07,31
Cavinti,2023,8,140.4,25.69,87.43,31
Cavinti,2023,9,246.9,25.24,90.25,30
Cavinti,2023,10,220.3,24.75,90.62,31
Cavinti,2023,11,303.5,24.05,91.42,30
Cavinti,2023,12,237.5,23.66,92.09,31
Cavinti,2024,1,82.8,22.64,87.33,31
Cavinti,2024,2,76.0,23.16,86.71,29
Cavinti,2024,3,102.0,23.71,86.77,31
Cavinti,2024,4,35.5,26.01,81.9,30
Cavinti,2024,5,350.9,26.61,83.6,31
Cavinti,2024,6,312.4,25.86,89.05,30
Cavinti,2024,7,397.5,25.01,90.38,31
Cavinti,2024,8,272.2,25.42,90.11,31
Cavinti,2024,9,380.9,25.24,90.27,30
Cavinti,2024,10,411.1,24.8,90.01,31
Cavinti,2024,11,154.2,24.64,89.44,30
Cavinti,2024,12,542.2,23.21,94.93,31
Cavinti,2025,1,278.0,22.59,93.06,31
Cavinti,2025,2,316.9,22.81,91.58,28
Cavinti,2025,3,162.5,23.73,89.28,31
Cavinti,2025,4,27.2,25.9,83.15,30
Cavinti,2025,5,150.4,26.09,84.1,31
Cavinti,2025,6,383.7,25.11,90.87,30
Cavinti,2025,7,376.0,24.97,89.78,31
Cavinti,2025,8,421.4,24.69,89.42,31
Cavinti,2025,9,487.0,24.08,93.88,30
Cavinti,2025,10,370.9,24.29,92.86,31
Cavinti,2025,11,422.3,24.0,92.85,30
Cavinti,2025,12,187.4,23.19,92.43,31
City of Biñan,2018,1,204.9,24.87,82.75,31
City of Biñan,2018,2,13.9,25.3,79.55,28
City of Biñan,2018,3,60.3,25.97,73.7,31
City of Biñan,2018,4,83.9,27.4,74.43,30
City of Biñan,2018,5,42.1,28.83,73.29,31
City of Biñan,2018,6,224.1,26.89,84.17,30
City of Biñan,2018,7,482.5,25.78,89.83,31
City of Biñan,2018,8,177.0,26.34,85.24,31
City of Biñan,2018,9,362.8,26.03,88.0,30
City of Biñan,2018,10,95.2,26.47,82.61,31
City of Biñan,2018,11,87.6,26.39,79.46,30
City of Biñan,2018,12,348.9,25.55,83.19,31
City of Biñan,2019,1,26.5,24.57,78.98,31
City of Biñan,2019,2,7.8,24.89,74.2,28
City of Biñan,2019,3,9.1,26.61,70.82,31
City of Biñan,2019,4,18.8,28.52,69.23,30
City of Biñan,2019,5,210.9,27.85,81.72,31
City of Biñan,2019,6,279.1,27.95,82.73,30
City of Biñan,2019,7,293.3,26.57,87.12,31
City of Biñan,2019,8,362.9,26.43,86.56,31
City of Biñan,2019,9,378.6,26.08,87.17,30
City of Biñan,2019,10,65.3,26.65,81.98,31
City of Biñan,2019,11,117.7,26.17,83.75,30
City of Biñan,2019,12,180.8,25.72,82.2,31
City of Biñan,2020,1,46.4,25.32,79.43,31
City of Biñan,2020,2,32.5,24.98,74.08,29
City of Biñan,2020,3,9.7,27.15,72.36,31
City of Biñan,2020,4,20.3,28.24,71.51,30
City of Biñan,2020,5,286.8,28.68,78.5,31
City of Biñan,2020,6,242.9,27.68,82.63,30
City of Biñan,2020,7,337.4,27.06,85.37,31
City of Biñan,2020,8,306.8,26.53,87.42,31
City of Biñan,2020,9,237.9,26.87,87.05,30
City of Biñan,2020,10,484.0,26.05,89.98,31
City of Biñan,2020,11,423.3,25.94,85.72,30
City of Biñan,2020,12,345.5,25.65,87.07,31
City of Biñan,2021,1,132.8,24.65,82.81,31
City of Biñan,2021,2,68.2,24.76,81.88,28
City of Biñan,2021,3,56.8,26.33,80.0,31
City of Biñan,2021,4,16.8,27.65,71.36,30
City of Biñan,2021,5,80.9,28.73,75.01,31
City of Biñan,2021,6,269.4,27.46,82.7,30
City of Biñan,2021,7,273.5,26.94,85.3,31
City of Biñan,2021,8,250.0,26.91,85.03,31
City of Biñan,2021,9,446.1,26.45,88.34,30
City of Biñan,2021,10,234.3,26.31,86.36,31
City of Biñan,2021,11,64.5,26.93,80.16,30
City of Biñan,2021,12,78.5,25.55,77.37,31
City of Biñan,2022,1,32.3,25.52,73.91,31
City of Biñan,2022,2,28.8,26.04,75.32,28
City of Biñan,2022,3,32.6,27.61,72.64,31
City of Biñan,2022,4,64.0,27.42,74.63,30
City of Biñan,2022,5,289.1,27.85,78.12,31
City of Biñan,2022,6,324.6,27.24,82.54,30
City of Biñan,2022,7,376.5,26.6,87.33,31
City of Biñan,2022,8,528.4,26.05,88.39,31
City of Biñan,2022,9,357.0,26.15,87.11,30
City of Biñan,2022,10,485.2,26.4,85.97,31
City of Biñan,2022,11,113.6,26.3,85.33,30
City of Biñan,2022,12,99.8,25.32,82.81,31
City of Biñan,2023,1,114.5,24.79,81.23,31
City of Biñan,2023,2,70.9,25.6,75.21,28
City of Biñan,2023,3,11.6,26.46,69.12,31
City of Biñan,2023,4,134.2,27.51,75.06,30
City of Biñan,2023,5,127.0,28.3,76.99,31
City of Biñan,2023,6,284.7,27.39,82.66,30
City of Biñan,2023,7,314.1,27.34,83.05,31
City of Biñan,2023,8,77.0,27.73,79.25,31
City of Biñan,2023,9,294.1,26.96,85.85,30
City of Biñan,2023,10,148.2,27.0,82.98,31
City of Biñan,2023,11,85.2,27.1,78.81,30
City of Biñan,2023,12,37.5,26.71,78.92,31
City of Biñan,2024,1,10.6,25.82,73.39,31
City of Biñan,2024,2,10.1,26.22,72.95,29
City of Biñan,2024,3,24.1,26.86,73.04,31
City of Biñan,2024,4,11.8,29.14,69.37,30
City of Biñan,2024,5,225.4,29.3,74.17,31
City of Biñan,2024,6,348.6,27.71,85.13,30
City of Biñan,2024,7,474.7,26.65,87.47,31
City of Biñan,2024,8,239.8,27.08,85.91,31
City of Biñan,2024,9,290.4,26.83,86.58,30
City of Biñan,2024,10,349.0,26.68,85.77,31
City of Biñan,2024,11,80.8,27.33,79.66,30
City of Biñan,2024,12,171.3,25.77,85.29,31
City of Biñan,2025,1,50.6,25.41,81.11,31
City of Biñan,2025,2,89.2,25.65,79.39,28
City of Biñan,2025,3,58.4,26.95,74.67,31
City of Biñan,2025,4,15.7,29.36,67.98,30
City of Biñan,2025,5,145.2,28.59,75.46,31
City of Biñan,2025,6,346.7,26.84,86.3,30
City of Biñan,2025,7,370.6,26.62,85.08,31
City of Biñan,2025,8,295.5,26.61,83.89,31
City of Biñan,2025,9,341.4,25.92,88.9,30
City of Biñan,2025,10,238.1,26.44,86.65,31
City of Biñan,2025,11,219.9,26.5,84.46,30
City of Biñan,2025,12,64.5,26.24,79.33,31
City of Cabuyao,2018,1,165.6,24.46,85.29,31
City of Cabuyao,2018,2,20.2,24.91,82.29,28
City of Cabuyao,2018,3,79.7,25.49,77.09,31
City of Cabuyao,2018,4,113.6,26.92,77.7,30
City of Cabuyao,2018,5,78.2,28.43,76.0,31
City of Cabuyao,2018,6,259.5,26.73,84.83,30
City of Cabuyao,2018,7,439.6,25.73,89.75,31
City of Cabuyao,2018,8,151.1,26.19,85.9,31
City of Cabuyao,2018,9,370.8,25.87,88.45,30
City of Cabuyao,2018,10,93.2,26.1,84.62,31
City of Cabuyao,2018,11,97.2,25.94,82.58,30
City of Cabuyao,2018,12,349.7,25.11,86.03,31
City of Cabuyao,2019,1,31.1,24.14,81.81,31
City of Cabuyao,2019,2,12.6,24.4,77.33,28
City of Cabuyao,2019,3,10.6,26.19,73.53,31
City of Cabuyao,2019,4,47.1,28.09,72.34,30
City of Cabuyao,2019,5,223.4,27.48,83.53,31
City of Cabuyao,2019,6,319.5,27.62,84.71,30
City of Cabuyao,2019,7,310.7,26.4,87.82,31
City of Cabuyao,2019,8,379.4,26.32,86.89,31
City of Cabuyao,2019,9,338.3,25.93,87.56,30
City of Cabuyao,2019,10,97.6,26.18,84.83,31
City of Cabuyao,2019,11,139.6,25.68,86.66,30
City of Cabuyao,2019,12,204.3,25.2,85.42,31
City of Cabuyao,2020,1,61.3,24.8,83.05,31
City of Cabuyao,2020,2,49.3,24.44,78.01,29
City of Cabuyao,2020,3,14.4,26.69,75.62,31
City of Cabuyao,2020,4,28.9,27.84,74.46,30
City of Cabuyao,2020,5,239.6,28.4,80.35,31
City of Cabuyao,2020,6,263.1,27.31,84.76,30
City of Cabuyao,2020,7,333.0,26.76,86.94,31
City of Cabuyao,2020,8,313.8,26.33,88.07,31
City of Cabuyao,2020,9,235.6,26.66,87.68,30
City of Cabuyao,2020,10,550.6,25.79,90.87,31
City of Cabuyao,2020,11,428.7,25.57,87.64,30
City of Cabuyao,2020,12,368.9,25.25,89.1,31
City of Cabuyao,2021,1,113.8,24.2,85.41,31
City of Cabuyao,2021,2,76.6,24.31,84.6,28
City of Cabuyao,2021,3,76.3,25.8,83.45,31
City of Cabuyao,2021,4,16.6,27.11,74.34,30
City of Cabuyao,2021,5,106.8,28.24,78.01,31
City of Cabuyao,2021,6,261.1,27.27,83.31,30
City of Cabuyao,2021,7,314.7,26.68,86.49,31
City of Cabuyao,2021,8,248.9,26.56,86.84,31
City of Cabuyao,2021,9,395.8,26.16,89.41,30
City of Cabuyao,2021,10,234.5,25.94,87.93,31
City of Cabuyao,2021,11,64.6,26.37,83.82,30
City of Cabuyao,2021,12,97.0,24.97,81.23,31
City of Cabuyao,2022,1,42.6,24.98,77.6,31
City of Cabuyao,2022,2,41.4,25.54,78.53,28
City of Cabuyao,2022,3,63.6,27.11,75.68,31
City of Cabuyao,2022,4,122.2,26.88,77.67,30
City of Cabuyao,2022,5,238.6,27.51,80.01,31
City of Cabuyao,2022,6,315.0,26.86,84.55,30
City of Cabuyao,2022,7,366.4,26.34,88.42,31
City of Cabuyao,2022,8,439.8,25.88,88.97,31
City of Cabuyao,2022,9,332.9,26.05,87.63,30
City of Cabuyao,2022,10,459.5,26.11,87.21,31
City of Cabuyao,2022,11,94.1,25.9,87.19,30
City of Cabuyao,2022,12,122.2,24.85,85.38,31
City of Cabuyao,2023,1,102.1,24.28,83.93,31
City of Cabuyao,2023,2,62.5,25.05,78.39,28
City of Cabuyao,2023,3,20.4,25.93,72.44,31
City of Cabuyao,2023,4,152.3,27.07,77.46,30
City of Cabuyao,2023,5,145.2,27.77,80.15,31
City of Cabuyao,2023,6,249.6,27.08,84.24,30
City of Cabuyao,2023,7,302.7,26.99,84.94,31
City of Cabuyao,2023,8,76.7,27.56,80.02,31
City of Cabuyao,2023,9,279.8,26.67,87.32,30
City of Cabuyao,2023,10,133.9,26.52,85.87,31
City of Cabuyao,2023,11,85.4,26.39,82.43,30
City of Cabuyao,2023,12,51.6,26.06,82.26,31
City of Cabuyao,2024,1,8.3,25.26,76.12,31
City of Cabuyao,2024,2,14.0,25.79,75.0,29
City of Cabuyao,2024,3,30.1,26.42,75.24,31
City of Cabuyao,2024,4,31.7,28.72,71.78,30
City of Cabuyao,2024,5,246.1,28.86,76.42,31
City of Cabuyao,2024,6,320.8,27.37,86.59,30
City of Cabuyao,2024,7,431.0,26.38,88.57,31
City of Cabuyao,2024,8,253.6,26.87,86.77,31
City of Cabuyao,2024,9,309.2,26.67,86.73,30
City of Cabuyao,2024,10,294.0,26.38,86.74,31
City of Cabuyao,2024,11,81.3,26.84,82.18,30
City of Cabuyao,2024,12,204.4,25.29,87.26,31
City of Cabuyao,2025,1,68.0,24.88,83.75,31
City of Cabuyao,2025,2,136.1,25.14,82.02,28
City of Cabuyao,2025,3,70.3,26.33,77.99,31
City of Cabuyao,2025,4,26.8,28.8,71.23,30
City of Cabuyao,2025,5,131.2,28.18,77.62,31
City of Cabuyao,2025,6,329.7,26.61,87.22,30
City of Cabuyao,2025,7,345.6,26.48,85.62,31
City of Cabuyao,2025,8,320.6,26.3,85.46,31
City of Cabuyao,2025,9,342.4,25.65,89.97,30
City of Cabuyao,2025,10,244.9,25.99,88.75,31
City of Cabuyao,2025,11,208.9,25.95,87.21,30
City of Cabuyao,2025,12,53.2,25.55,83.05,31
City of Calamba,2018,1,128.5,24.07,85.66,31
City of Calamba,2018,2,31.2,24.56,82.36,28
City of Calamba,2018,3,77.1,25.18,76.59,31
City of Calamba,2018,4,89.1,26.58,77.55,30
City of Calamba,2018,5,63.7,28.07,75.78,31
City of Calamba,2018,6,234.2,26.44,85.32,30
City of Calamba,2018,7,479.4,25.51,89.46,31
City of Calamba,2018,8,167.8,25.81,86.71,31
City of Calamba,2018,9,345.1,25.61,88.46,30
City of Calamba,2018,10,76.4,25.7,85.06,31
City of Calamba,2018,11,63.5,25.58,82.46,30
City of Calamba,2018,12,338.9,24.76,85.85,31
City of Calamba,2019,1,25.5,23.69,81.96,31
City of Calamba,2019,2,15.0,24.02,76.88,28
City of Calamba,2019,3,23.0,25.84,73.13,31
City of Calamba,2019,4,24.8,28.04,69.9,30
City of Calamba,2019,5,201.1,27.3,82.99,31
City of Calamba,2019,6,282.7,27.34,84.61,30
City of Calamba,2019,7,298.9,26.19,87.43,31
City of Calamba,2019,8,377.9,26.0,87.44,31
City of Calamba,2019,9,324.4,25.67,87.52,30
City of Calamba,2019,10,78.1,25.85,84.56,31
City of Calamba,2019,11,137.3,25.33,86.97,30
City of Calamba,2019,12,192.4,24.79,85.62,31
City of Calamba,2020,1,60.2,24.4,83.34,31
City of Calamba,2020,2,56.3,24.03,78.31,29
City of Calamba,2020,3,22.3,26.41,74.96,31
City of Calamba,2020,4,44.6,27.6,74.02,30
City of Calamba,2020,5,180.8,28.17,79.62,31
City of Calamba,2020,6,275.4,27.03,84.65,30
City of Calamba,2020,7,324.3,26.48,87.1,31
City of Calamba,2020,8,275.3,26.17,88.02,31
City of Calamba,2020,9,247.9,26.41,87.68,30
City of Calamba,2020,10,612.0,25.48,90.84,31
City of Calamba,2020,11,453.0,25.22,87.65,30
City of Calamba,2020,12,336.7,24.87,89.4,31
City of Calamba,2021,1,115.8,23.78,85.94,31
City of Calamba,2021,2,80.8,23.93,84.86,28
City of Calamba,2021,3,81.1,25.37,83.82,31
City of Calamba,2021,4,20.5,26.72,74.45,30
City of Calamba,2021,5,111.1,27.97,77.63,31
City of Calamba,2021,6,222.3,27.1,82.56,30
City of Calamba,2021,7,274.1,26.38,86.39,31
City of Calamba,2021,8,186.3,26.3,86.73,31
City of Calamba,2021,9,404.8,25.85,89.63,30
City of Calamba,2021,10,218.2,25.59,88.04,31
City of Calamba,2021,11,64.4,25.87,84.92,30
City of Calamba,2021,12,90.1,24.44,82.5,31
City of Calamba,2022,1,38.7,24.45,78.71,31
City of Calamba,2022,2,65.7,25.11,79.3,28
City of Calamba,2022,3,81.1,26.63,76.97,31
City of Calamba,2022,4,128.0,26.4,79.03,30
City of Calamba,2022,5,220.6,27.28,79.27,31
City of Calamba,2022,6,246.5,26.59,84.19,30
City of Calamba,2022,7,280.1,26.11,88.07,31
City of Calamba,2022,8,336.8,25.65,88.4,31
City of Calamba,2022,9,300.4,25.84,87.46,30
City of Calamba,2022,10,435.2,25.73,87.59,31
City of Calamba,2022,11,110.6,25.46,88.08,30
City of Calamba,2022,12,111.7,24.4,86.31,31
City of Calamba,2023,1,101.0,23.8,85.23,31
City of Calamba,2023,2,38.0,24.58,79.44,28
City of Calamba,2023,3,12.0,25.51,72.9,31
City of Calamba,2023,4,181.7,26.76,77.26,30
City of Calamba,2023,5,137.2,27.43,80.62,31
City of Calamba,2023,6,282.1,26.66,85.29,30
City of Calamba,2023,7,303.1,26.63,84.96,31
City of Calamba,2023,8,82.1,27.03,81.92,31
City of Calamba,2023,9,254.4,26.36,87.34,30
City of Calamba,2023,10,128.0,26.07,86.49,31
City of Calamba,2023,11,85.3,25.88,83.47,30
City of Calamba,2023,12,62.6,25.56,83.3,31
City of Calamba,2024,1,15.3,24.83,76.67,31
City of Calamba,2024,2,8.2,25.56,74.53,29
City of Calamba,2024,3,41.9,26.26,74.28,31
City of Calamba,2024,4,26.7,28.79,68.81,30
City of Calamba,2024,5,225.3,28.8,74.86,31
City of Calamba,2024,6,311.8,26.96,87.26,30
City of Calamba,2024,7,428.6,26.04,88.5,31
City of Calamba,2024,8,197.8,26.55,87.19,31
City of Calamba,2024,9,288.5,26.29,87.08,30
City of Calamba,2024,10,337.9,25.94,87.76,31
City of Calamba,2024,11,56.3,26.5,81.88,30
City of Calamba,2024,12,204.6,24.82,88.22,31
City of Calamba,2025,1,67.3,24.47,84.43,31
City of Calamba,2025,2,138.0,24.89,81.55,28
City of Calamba,2025,3,95.6,26.18,77.2,31
City of Calamba,2025,4,35.4,28.78,69.71,30
City of Calamba,2025,5,131.9,28.05,76.32,31
City of Calamba,2025,6,304.8,26.25,87.46,30
City of Calamba,2025,7,354.7,25.94,87.79,31
City of Calamba,2025,8,322.2,25.66,88.11,31
City of Calamba,2025,9,326.3,25.13,91.36,30
City of Calamba,2025,10,246.4,25.41,90.19,31
City of Calamba,2025,11,212.0,25.38,88.72,30
City of Calamba,2025,12,48.4,25.06,84.06,31
City of San Pablo,2018,1,117.8,24.68,85.21,31
City of San Pablo,2018,2,25.4,25.02,82.28,28
City of San Pablo,2018,3,56.4,25.46,77.95,31
City of San Pablo,2018,4,34.8,27.05,77.32,30
City of San Pablo,2018,5,70.3,28.4,76.84,31
City of San Pablo,2018,6,248.7,26.9,85.59,30
City of San Pablo,2018,7,581.1,25.84,90.92,31
City of San Pablo,2018,8,185.0,26.33,86.85,31
City of San Pablo,2018,9,435.9,25.98,89.52,30
City of San Pablo,2018,10,112.8,26.1,85.3,31
City of San Pablo,2018,11,43.0,25.94,83.22,30
City of San Pablo,2018,12,310.8,25.2,86.03,31
City of San Pablo,2019,1,16.4,23.97,82.27,31
City of San Pablo,2019,2,10.6,24.03,78.79,28
City of San Pablo,2019,3,29.7,25.99,74.76,31
City of San Pablo,2019,4,27.0,28.18,71.99,30
City of San Pablo,2019,5,142.9,27.65,83.54,31
City of San Pablo,2019,6,195.1,27.86,84.69,30
City of San Pablo,2019,7,314.0,26.53,88.61,31
City of San Pablo,2019,8,360.1,26.39,88.74,31
City of San Pablo,2019,9,377.6,26.11,87.98,30
City of San Pablo,2019,10,94.0,26.16,85.01,31
City of San Pablo,2019,11,135.4,25.77,87.42,30
City of San Pablo,2019,12,283.5,25.27,85.3,31
City of San Pablo,2020,1,47.7,24.78,83.89,31
City of San Pablo,2020,2,73.2,24.09,81.01,29
City of San Pablo,2020,3,28.0,26.36,77.62,31
City of San Pablo,2020,4,44.9,27.63,76.38,30
City of San Pablo,2020,5,243.3,28.34,81.68,31
City of San Pablo,2020,6,218.7,27.47,84.81,30
City of San Pablo,2020,7,265.0,26.85,87.64,31
City of San Pablo,2020,8,399.0,26.48,88.83,31
City of San Pablo,2020,9,241.0,26.79,88.17,30
City of San Pablo,2020,10,568.2,25.93,90.95,31
City of San Pablo,2020,11,473.0,25.73,87.36,30
City of San Pablo,2020,12,279.6,25.53,88.25,31
City of San Pablo,2021,1,162.0,24.43,84.69,31
City of San Pablo,2021,2,125.9,24.47,84.61,28
City of San Pablo,2021,3,99.9,25.69,84.5,31
City of San Pablo,2021,4,29.4,26.59,78.65,30
City of San Pablo,2021,5,82.3,28.29,78.97,31
City of San Pablo,2021,6,186.0,27.37,84.11,30
City of San Pablo,2021,7,352.0,26.6,88.49,31
City of San Pablo,2021,8,210.4,26.66,87.37,31
City of San Pablo,2021,9,426.8,26.29,89.88,30
City of San Pablo,2021,10,261.2,26.13,87.89,31
City of San Pablo,2021,11,93.5,26.38,84.59,30
City of San Pablo,2021,12,124.1,24.9,82.89,31
City of San Pablo,2022,1,49.2,24.54,81.71,31
City of San Pablo,2022,2,59.5,25.29,81.89,28
City of San Pablo,2022,3,72.8,26.81,79.58,31
City of San Pablo,2022,4,130.2,26.56,81.36,30
City of San Pablo,2022,5,167.0,27.44,81.05,31
City of San Pablo,2022,6,256.3,26.9,85.31,30
City of San Pablo,2022,7,304.1,26.55,88.6,31
City of San Pablo,2022,8,302.7,26.02,89.02,31
City of San Pablo,2022,9,274.8,26.14,88.8,30
City of San Pablo,2022,10,479.1,26.25,87.37,31
City of San Pablo,2022,11,132.1,26.16,86.9,30
City of San Pablo,2022,12,115.9,25.04,85.52,31
City of San Pablo,2023,1,161.4,24.34,85.46,31
City of San Pablo,2023,2,80.7,24.85,81.87,28
City of San Pablo,2023,3,28.7,25.41,77.08,31
City of San Pablo,2023,4,122.5,26.91,79.52,30
City of San Pablo,2023,5,134.7,27.48,83.7,31
City of San Pablo,2023,6,257.7,27.06,86.01,30
City of San Pablo,2023,7,281.8,26.96,86.48,31
City of San Pablo,2023,8,116.7,27.19,85.43,31
City of San Pablo,2023,9,313.6,26.53,89.53,30
City of San Pablo,2023,10,177.0,26.48,87.08,31
City of San Pablo,2023,11,141.5,26.31,84.39,30
City of San Pablo,2023,12,78.6,25.9,84.85,31
City of San Pablo,2024,1,20.4,24.95,79.79,31
City of San Pablo,2024,2,5.9,25.64,77.47,29
City of San Pablo,2024,3,39.4,26.46,76.27,31
City of San Pablo,2024,4,23.7,28.86,71.7,30
City of San Pablo,2024,5,285.4,29.18,75.98,31
City of San Pablo,2024,6,285.6,27.42,86.97,30
City of San Pablo,2024,7,362.1,26.55,88.84,31
City of San Pablo,2024,8,258.7,26.91,88.15,31
City of San Pablo,2024,9,325.0,26.7,88.19,30
City of San Pablo,2024,10,477.8,26.44,87.17,31
City of San Pablo,2024,11,49.5,26.89,82.17,30
City of San Pablo,2024,12,278.8,25.29,88.99,31
City of San Pablo,2025,1,122.4,24.8,85.95,31
City of San Pablo,2025,2,144.6,24.87,85.02,28
City of San Pablo,2025,3,75.1,26.6,77.45,31
City of San Pablo,2025,4,33.1,29.11,70.02,30
City of San Pablo,2025,5,117.9,28.43,77.54,31
City of San Pablo,2025,6,321.2,26.54,89.24,30
City of San Pablo,2025,7,348.8,26.36,88.47,31
City of San Pablo,2025,8,302.1,26.01,88.78,31
City of San Pablo,2025,9,439.2,25.43,92.8,30
City of San Pablo,2025,10,262.1,25.8,90.82,31
City of San Pablo,2025,11,260.2,25.81,89.22,30
City of San Pablo,2025,12,80.7,25.31,85.99,31
City of San Pedro,2018,1,204.9,24.87,82.75,31
City of San Pedro,2018,2,13.9,25.3,79.55,28
City of San Pedro,2018,3,60.3,25.97,73.7,31
City of San Pedro,2018,4,83.9,27.4,74.43,30
City of San Pedro,2018,5,42.1,28.83,73.29,31
City of San Pedro,2018,6,224.1,26.89,84.17,30
City of San Pedro,2018,7,482.5,25.78,89.83,31
City of San Pedro,2018,8,177.0,26.34,85.24,31
City of San Pedro,2018,9,362.8,26.03,88.0,30
City of San Pedro,2018,10,95.2,26.47,82.61,31
City of San Pedro,2018,11,87.6,26.39,79.46,30
City of San Pedro,2018,12,348.9,25.55,83.19,31
City of San Pedro,2019,1,26.5,24.57,78.98,31
City of San Pedro,2019,2,7.8,24.89,74.2,28
City of San Pedro,2019,3,9.1,26.61,70.82,31
City of San Pedro,2019,4,18.8,28.52,69.23,30
City of San Pedro,2019,5,210.9,27.85,81.72,31
City of San Pedro,2019,6,279.1,27.95,82.73,30
City of San Pedro,2019,7,293.3,26.57,87.12,31
City of San Pedro,2019,8,362.9,26.43,86.56,31
City of San Pedro,2019,9,378.6,26.08,87.17,30
City of San Pedro,2019,10,65.3,26.65,81.98,31
City of San Pedro,2019,11,117.7,26.17,83.75,30
City of San Pedro,2019,12,180.8,25.72,82.2,31
City of San Pedro,2020,1,46.4,25.32,79.43,31
City of San Pedro,2020,2,32.5,24.98,74.08,29
City of San Pedro,2020,3,9.7,27.15,72.36,31
City of San Pedro,2020,4,20.3,28.24,71.51,30
City of San Pedro,2020,5,286.8,28.68,78.5,31
City of San Pedro,2020,6,242.9,27.68,82.63,30
City of San Pedro,2020,7,337.4,27.06,85.37,31
City of San Pedro,2020,8,306.8,26.53,87.42,31
City of San Pedro,2020,9,237.9,26.87,87.05,30
City of San Pedro,2020,10,484.0,26.05,89.98,31
City of San Pedro,2020,11,423.3,25.94,85.72,30
City of San Pedro,2020,12,345.5,25.65,87.07,31
City of San Pedro,2021,1,132.8,24.65,82.81,31
City of San Pedro,2021,2,68.2,24.76,81.88,28
City of San Pedro,2021,3,56.8,26.33,80.0,31
City of San Pedro,2021,4,16.8,27.65,71.36,30
City of San Pedro,2021,5,80.9,28.73,75.01,31
City of San Pedro,2021,6,269.4,27.46,82.7,30
City of San Pedro,2021,7,273.5,26.94,85.3,31
City of San Pedro,2021,8,250.0,26.91,85.03,31
City of San Pedro,2021,9,446.1,26.45,88.34,30
City of San Pedro,2021,10,234.3,26.31,86.36,31
City of San Pedro,2021,11,64.5,26.93,80.16,30
City of San Pedro,2021,12,78.5,25.55,77.37,31
City of San Pedro,2022,1,32.3,25.52,73.91,31
City of San Pedro,2022,2,28.8,26.04,75.32,28
City of San Pedro,2022,3,32.6,27.61,72.64,31
City of San Pedro,2022,4,64.0,27.42,74.63,30
City of San Pedro,2022,5,289.1,27.85,78.12,31
City of San Pedro,2022,6,324.6,27.24,82.54,30
City of San Pedro,2022,7,376.5,26.6,87.33,31
City of San Pedro,2022,8,528.4,26.05,88.39,31
City of San Pedro,2022,9,357.0,26.15,87.11,30
City of San Pedro,2022,10,485.2,26.4,85.97,31
City of San Pedro,2022,11,113.6,26.3,85.33,30
City of San Pedro,2022,12,99.8,25.32,82.81,31
City of San Pedro,2023,1,114.5,24.79,81.23,31
City of San Pedro,2023,2,70.9,25.6,75.21,28
City of San Pedro,2023,3,11.6,26.46,69.12,31
City of San Pedro,2023,4,134.2,27.51,75.06,30
City of San Pedro,2023,5,127.0,28.3,76.99,31
City of San Pedro,2023,6,284.7,27.39,82.66,30
City of San Pedro,2023,7,314.1,27.34,83.05,31
City of San Pedro,2023,8,77.0,27.73,79.25,31
City of San Pedro,2023,9,294.1,26.96,85.85,30
City of San Pedro,2023,10,148.2,27.0,82.98,31
City of San Pedro,2023,11,85.2,27.1,78.81,30
City of San Pedro,2023,12,37.5,26.71,78.92,31
City of San Pedro,2024,1,10.6,25.82,73.39,31
City of San Pedro,2024,2,10.1,26.22,72.95,29
City of San Pedro,2024,3,24.1,26.86,73.04,31
City of San Pedro,2024,4,11.8,29.14,69.37,30
City of San Pedro,2024,5,225.4,29.3,74.17,31
City of San Pedro,2024,6,348.6,27.71,85.13,30
City of San Pedro,2024,7,474.7,26.65,87.47,31
City of San Pedro,2024,8,239.8,27.08,85.91,31
City of San Pedro,2024,9,290.4,26.83,86.58,30
City of San Pedro,2024,10,349.0,26.68,85.77,31
City of San Pedro,2024,11,80.8,27.33,79.66,30
City of San Pedro,2024,12,171.3,25.77,85.29,31
City of San Pedro,2025,1,50.6,25.41,81.11,31
City of San Pedro,2025,2,89.2,25.65,79.39,28
City of San Pedro,2025,3,58.4,26.95,74.67,31
City of San Pedro,2025,4,15.7,29.36,67.98,30
City of San Pedro,2025,5,145.2,28.59,75.46,31
City of San Pedro,2025,6,346.7,26.84,86.3,30
City of San Pedro,2025,7,370.6,26.62,85.08,31
City of San Pedro,2025,8,295.5,26.61,83.89,31
City of San Pedro,2025,9,341.4,25.92,88.9,30
City of San Pedro,2025,10,238.1,26.44,86.65,31
City of San Pedro,2025,11,219.9,26.5,84.46,30
City of San Pedro,2025,12,64.5,26.24,79.33,31
City of Santa Rosa,2018,1,165.6,24.46,85.29,31
City of Santa Rosa,2018,2,20.2,24.91,82.29,28
City of Santa Rosa,2018,3,79.7,25.49,77.09,31
City of Santa Rosa,2018,4,113.6,26.92,77.7,30
City of Santa Rosa,2018,5,78.2,28.43,76.0,31
City of Santa Rosa,2018,6,259.5,26.73,84.83,30
City of Santa Rosa,2018,7,439.6,25.73,89.75,31
City of Santa Rosa,2018,8,151.1,26.19,85.9,31
City of Santa Rosa,2018,9,370.8,25.87,88.45,30
City of Santa Rosa,2018,10,93.2,26.1,84.62,31
City of Santa Rosa,2018,11,97.2,25.94,82.58,30
City of Santa Rosa,2018,12,349.7,25.11,86.03,31
City of Santa Rosa,2019,1,31.1,24.14,81.81,31
City of Santa Rosa,2019,2,12.6,24.4,77.33,28
City of Santa Rosa,2019,3,10.6,26.19,73.53,31
City of Santa Rosa,2019,4,47.1,28.09,72.34,30
City of Santa Rosa,2019,5,223.4,27.48,83.53,31
City of Santa Rosa,2019,6,319.5,27.62,84.71,30
City of Santa Rosa,2019,7,310.7,26.4,87.82,31
City of Santa Rosa,2019,8,379.4,26.32,86.89,31
City of Santa Rosa,2019,9,338.3,25.93,87.56,30
City of Santa Rosa,2019,10,97.6,26.18,84.83,31
City of Santa Rosa,2019,11,139.6,25.68,86.66,30
City of Santa Rosa,2019,12,204.3,25.2,85.42,31
City of Santa Rosa,2020,1,61.3,24.8,83.05,31
City of Santa Rosa,2020,2,49.3,24.44,78.01,29
City of Santa Rosa,2020,3,14.4,26.69,75.62,31
City of Santa Rosa,2020,4,28.9,27.84,74.46,30
City of Santa Rosa,2020,5,239.6,28.4,80.35,31
City of Santa Rosa,2020,6,263.1,27.31,84.76,30
City of Santa Rosa,2020,7,333.0,26.76,86.94,31
City of Santa Rosa,2020,8,313.8,26.33,88.07,31
City of Santa Rosa,2020,9,235.6,26.66,87.68,30
City of Santa Rosa,2020,10,550.6,25.79,90.87,31
City of Santa Rosa,2020,11,428.7,25.57,87.64,30
City of Santa Rosa,2020,12,368.9,25.25,89.1,31
City of Santa Rosa,2021,1,113.8,24.2,85.41,31
City of Santa Rosa,2021,2,76.6,24.31,84.6,28
City of Santa Rosa,2021,3,76.3,25.8,83.45,31
City of Santa Rosa,2021,4,16.6,27.11,74.34,30
City of Santa Rosa,2021,5,106.8,28.24,78.01,31
City of Santa Rosa,2021,6,261.1,27.27,83.31,30
City of Santa Rosa,2021,7,314.7,26.68,86.49,31
City of Santa Rosa,2021,8,248.9,26.56,86.84,31
City of Santa Rosa,2021,9,395.8,26.16,89.41,30
City of Santa Rosa,2021,10,234.5,25.94,87.93,31
City of Santa Rosa,2021,11,64.6,26.37,83.82,30
City of Santa Rosa,2021,12,97.0,24.97,81.23,31
City of Santa Rosa,2022,1,42.6,24.98,77.6,31
City of Santa Rosa,2022,2,41.4,25.54,78.53,28
City of Santa Rosa,2022,3,63.6,27.11,75.68,31
City of Santa Rosa,2022,4,122.2,26.88,77.67,30
City of Santa Rosa,2022,5,238.6,27.51,80.01,31
City of Santa Rosa,2022,6,315.0,26.86,84.55,30
City of Santa Rosa,2022,7,366.4,26.34,88.42,31
City of Santa Rosa,2022,8,439.8,25.88,88.97,31
City of Santa Rosa,2022,9,332.9,26.05,87.63,30
City of Santa Rosa,2022,10,459.5,26.11,87.21,31
City of Santa Rosa,2022,11,94.1,25.9,87.19,30
City of Santa Rosa,2022,12,122.2,24.85,85.38,31
City of Santa Rosa,2023,1,102.1,24.28,83.93,31
City of Santa Rosa,2023,2,62.5,25.05,78.39,28
City of Santa Rosa,2023,3,20.4,25.93,72.44,31
City of Santa Rosa,2023,4,152.3,27.07,77.46,30
City of Santa Rosa,2023,5,145.2,27.77,80.15,31
City of Santa Rosa,2023,6,249.6,27.08,84.24,30
City of Santa Rosa,2023,7,302.7,26.99,84.94,31
City of Santa Rosa,2023,8,76.7,27.56,80.02,31
City of Santa Rosa,2023,9,279.8,26.67,87.32,30
City of Santa Rosa,2023,10,133.9,26.52,85.87,31
City of Santa Rosa,2023,11,85.4,26.39,82.43,30
City of Santa Rosa,2023,12,51.6,26.06,82.26,31
City of Santa Rosa,2024,1,8.3,25.26,76.12,31
City of Santa Rosa,2024,2,14.0,25.79,75.0,29
City of Santa Rosa,2024,3,30.1,26.42,75.24,31
City of Santa Rosa,2024,4,31.7,28.72,71.78,30
City of Santa Rosa,2024,5,246.1,28.86,76.42,31
City of Santa Rosa,2024,6,320.8,27.37,86.59,30
City of Santa Rosa,2024,7,431.0,26.38,88.57,31
City of Santa Rosa,2024,8,253.6,26.87,86.77,31
City of Santa Rosa,2024,9,309.2,26.67,86.73,30
City of Santa Rosa,2024,10,294.0,26.38,86.74,31
City of Santa Rosa,2024,11,81.3,26.84,82.18,30
City of Santa Rosa,2024,12,204.4,25.29,87.26,31
City of Santa Rosa,2025,1,68.0,24.88,83.75,31
City of Santa Rosa,2025,2,136.1,25.14,82.02,28
City of Santa Rosa,2025,3,70.3,26.33,77.99,31
City of Santa Rosa,2025,4,26.8,28.8,71.23,30
City of Santa Rosa,2025,5,131.2,28.18,77.62,31
City of Santa Rosa,2025,6,329.7,26.61,87.22,30
City of Santa Rosa,2025,7,345.6,26.48,85.62,31
City of Santa Rosa,2025,8,320.6,26.3,85.46,31
City of Santa Rosa,2025,9,342.4,25.65,89.97,30
City of Santa Rosa,2025,10,244.9,25.99,88.75,31
City of Santa Rosa,2025,11,208.9,25.95,87.21,30
City of Santa Rosa,2025,12,53.2,25.55,83.05,31
Famy,2018,1,274.7,24.48,86.76,31
Famy,2018,2,19.6,24.85,83.85,28
Famy,2018,3,46.0,25.15,80.03,31
Famy,2018,4,95.2,26.63,80.49,30
Famy,2018,5,17.4,28.19,78.62,31
Famy,2018,6,307.2,26.82,88.23,30
Famy,2018,7,487.8,25.83,92.55,31
Famy,2018,8,309.8,26.2,89.95,31
Famy,2018,9,336.9,26.16,89.9,30
Famy,2018,10,90.7,26.33,85.16,31
Famy,2018,11,148.6,25.69,85.93,30
Famy,2018,12,608.9,24.96,88.69,31
Famy,2019,1,93.2,24.03,84.22,31
Famy,2019,2,31.1,24.16,80.5,28
Famy,2019,3,8.7,25.94,76.32,31
Famy,2019,4,20.0,27.72,75.62,30
Famy,2019,5,177.3,27.8,84.76,31
Famy,2019,6,213.1,27.72,86.74,30
Famy,2019,7,308.0,26.67,89.44,31
Famy,2019,8,493.4,26.26,91.19,31
Famy,2019,9,498.1,26.07,89.71,30
Famy,2019,10,100.5,26.18,86.09,31
Famy,2019,11,157.0,25.85,87.82,30
Famy,2019,12,224.1,25.18,87.42,31
Famy,2020,1,95.6,24.71,85.45,31
Famy,2020,2,85.2,23.94,83.23,29
Famy,2020,3,27.2,25.95,82.03,31
Famy,2020,4,36.2,26.96,80.89,30
Famy,2020,5,318.4,28.19,83.76,31
Famy,2020,6,208.1,27.5,85.66,30
Famy,2020,7,207.9,27.28,86.09,31
Famy,2020,8,328.5,26.75,89.15,31
Famy,2020,9,227.8,27.11,88.04,30
Famy,2020,10,550.0,26.24,89.92,31
Famy,2020,11,473.7,25.79,87.79,30
Famy,2020,12,348.6,25.55,88.74,31
Famy,2021,1,165.9,24.34,86.07,31
Famy,2021,2,249.0,24.46,85.3,28
Famy,2021,3,105.8,25.73,85.69,31
Famy,2021,4,53.7,26.4,81.47,30
Famy,2021,5,74.5,27.66,83.84,31
Famy,2021,6,234.6,27.37,86.42,30
Famy,2021,7,425.7,26.6,90.11,31
Famy,2021,8,253.5,26.79,88.35,31
Famy,2021,9,397.3,26.54,89.39,30
Famy,2021,10,222.0,26.25,87.68,31
Famy,2021,11,98.4,26.08,87.08,30
Famy,2021,12,236.1,24.56,85.24,31
Famy,2022,1,62.4,24.46,82.87,31
Famy,2022,2,80.2,24.63,86.56,28
Famy,2022,3,53.3,26.3,82.36,31
Famy,2022,4,99.6,26.13,84.33,30
Famy,2022,5,207.4,27.25,83.35,31
Famy,2022,6,242.1,27.24,84.6,30
Famy,2022,7,337.7,26.88,87.67,31
Famy,2022,8,353.9,26.35,88.41,31
Famy,2022,9,337.3,26.23,89.41,30
Famy,2022,10,382.7,26.32,87.24,31
Famy,2022,11,144.2,25.92,88.54,30
Famy,2022,12,213.9,24.72,87.29,31
Famy,2023,1,260.0,23.99,87.35,31
Famy,2023,2,97.1,24.59,83.75,28
Famy,2023,3,15.3,25.17,79.02,31
Famy,2023,4,109.5,26.84,80.64,30
Famy,2023,5,161.5,27.58,83.78,31
Famy,2023,6,207.3,27.24,85.99,30
Famy,2023,7,292.2,26.95,86.56,31
Famy,2023,8,203.6,26.81,88.47,31
Famy,2023,9,262.7,26.75,88.45,30
Famy,2023,10,137.9,26.39,87.01,31
Famy,2023,11,149.9,25.79,86.89,30
Famy,2023,12,171.2,25.3,88.27,31
Famy,2024,1,51.2,24.3,83.03,31
Famy,2024,2,50.0,24.75,82.62,29
Famy,2024,3,65.4,25.26,82.93,31
Famy,2024,4,19.1,27.62,78.06,30
Famy,2024,5,239.0,28.36,79.5,31
Famy,2024,6,279.8,27.47,86.61,30
Famy,2024,7,408.2,26.64,87.99,31
Famy,2024,8,252.8,27.0,88.12,31
Famy,2024,9,383.9,26.62,89.18,30
Famy,2024,10,318.7,26.42,87.46,31
Famy,2024,11,135.9,26.2,87.04,30
Famy,2024,12,383.6,24.85,91.15,31
Famy,2025,1,204.0,24.22,88.76,31
Famy,2025,2,183.2,24.4,87.87,28
Famy,2025,3,92.8,25.37,85.2,31
Famy,2025,4,19.8,27.77,77.76,30
Famy,2025,5,58.9,28.05,78.63,31
Famy,2025,6,269.0,26.7,88.31,30
Famy,2025,7,484.1,26.2,90.62,31
Famy,2025,8,371.7,26.3,88.31,31
Famy,2025,9,340.5,25.64,91.39,30
Famy,2025,10,221.7,26.0,89.23,31
Famy,2025,11,319.1,25.62,89.95,30
Famy,2025,12,109.2,24.86,88.08,31
Kalayaan,2018,1,254.2,22.77,91.5,31
Kalayaan,2018,2,44.3,23.05,88.64,28
Kalayaan,2018,3,119.8,23.32,85.2,31
Kalayaan,2018,4,150.7,24.61,86.98,30
Kalayaan,2018,5,97.6,25.93,86.35,31
Kalayaan,2018,6,272.2,25.29,90.24,30
Kalayaan,2018,7,503.9,24.33,94.83,31
Kalayaan,2018,8,334.5,24.83,90.54,31
Kalayaan,2018,9,481.4,24.55,92.58,30
Kalayaan,2018,10,180.1,24.54,89.54,31
Kalayaan,2018,11,277.0,23.86,91.17,30
Kalayaan,2018,12,822.8,23.09,94.14,31
Kalayaan,2019,1,176.9,22.29,88.26,31
Kalayaan,2019,2,65.7,22.41,84.48,28
Kalayaan,2019,3,29.6,23.92,82.43,31
Kalayaan,2019,4,52.4,25.7,81.87,30
Kalayaan,2019,5,290.0,26.08,88.22,31
Kalayaan,2019,6,248.1,26.06,89.79,30
Kalayaan,2019,7,348.9,25.12,91.7,31
Kalayaan,2019,8,404.6,24.86,92.02,31
Kalayaan,2019,9,405.7,24.57,91.67,30
Kalayaan,2019,10,233.0,24.3,91.61,31
Kalayaan,2019,11,329.1,24.08,92.27,30
Kalayaan,2019,12,448.3,23.38,92.61,31
Kalayaan,2020,1,193.8,22.96,89.99,31
Kalayaan,2020,2,181.2,22.19,87.63,29
Kalayaan,2020,3,74.2,24.1,87.31,31
Kalayaan,2020,4,103.8,25.0,87.36,30
Kalayaan,2020,5,431.0,26.33,88.52,31
Kalayaan,2020,6,326.1,25.65,90.31,30
Kalayaan,2020,7,368.7,25.47,90.55,31
Kalayaan,2020,8,407.5,25.11,92.09,31
Kalayaan,2020,9,302.4,25.51,90.83,30
Kalayaan,2020,10,740.9,24.39,94.97,31
Kalayaan,2020,11,686.0,23.85,93.76,30
Kalayaan,2020,12,559.6,23.7,94.13,31
Kalayaan,2021,1,322.4,22.57,90.56,31
Kalayaan,2021,2,224.1,22.68,89.99,28
Kalayaan,2021,3,238.0,23.86,90.92,31
Kalayaan,2021,4,82.8,24.52,86.06,30
Kalayaan,2021,5,174.7,25.74,89.6,31
Kalayaan,2021,6,299.5,25.75,89.37,30
Kalayaan,2021,7,529.1,24.95,93.38,31
Kalayaan,2021,8,352.6,25.24,90.45,31
Kalayaan,2021,9,479.3,24.79,93.28,30
Kalayaan,2021,10,322.3,24.42,92.16,31
Kalayaan,2021,11,188.0,24.18,91.99,30
Kalayaan,2021,12,350.3,22.73,90.28,31
Kalayaan,2022,1,102.2,22.67,87.16,31
Kalayaan,2022,2,160.1,22.81,91.13,28
Kalayaan,2022,3,109.2,24.41,87.68,31
Kalayaan,2022,4,181.3,24.17,89.37,30
Kalayaan,2022,5,233.5,25.48,87.85,31
Kalayaan,2022,6,298.4,25.32,89.24,30
Kalayaan,2022,7,405.9,25.13,91.67,31
Kalayaan,2022,8,456.5,24.71,91.87,31
Kalayaan,2022,9,329.5,24.68,91.67,30
Kalayaan,2022,10,521.6,24.48,91.87,31
Kalayaan,2022,11,311.2,24.05,93.25,30
Kalayaan,2022,12,375.2,22.82,92.74,31
Kalayaan,2023,1,408.5,22.09,93.18,31
Kalayaan,2023,2,195.2,22.8,88.33,28
Kalayaan,2023,3,38.0,23.28,84.0,31
Kalayaan,2023,4,152.0,24.87,85.63,30
Kalayaan,2023,5,191.1,25.74,88.36,31
Kalayaan,2023,6,278.3,25.6,89.18,30
Kalayaan,2023,7,312.8,25.4,89.71,31
Kalayaan,2023,8,171.3,25.62,88.42,31
Kalayaan,2023,9,316.0,25.29,91.26,30
Kalayaan,2023,10,213.4,24.66,91.48,31
Kalayaan,2023,11,332.7,23.94,92.33,30
Kalayaan,2023,12,277.3,23.51,93.16,31
Kalayaan,2024,1,106.1,22.64,87.51,31
Kalayaan,2024,2,92.3,23.09,87.14,29
Kalayaan,2024,3,115.4,23.63,87.45,31
Kalayaan,2024,4,30.9,25.95,82.62,30
Kalayaan,2024,5,307.6,26.48,84.68,31
Kalayaan,2024,6,289.0,25.85,90.13,30
Kalayaan,2024,7,459.8,24.94,91.73,31
Kalayaan,2024,8,277.3,25.49,90.68,31
Kalayaan,2024,9,410.1,25.17,91.35,30
Kalayaan,2024,10,391.9,24.73,91.27,31
Kalayaan,2024,11,191.3,24.51,90.99,30
Kalayaan,2024,12,631.2,23.12,95.75,31
Kalayaan,2025,1,329.9,22.53,93.63,31
Kalayaan,2025,2,330.1,22.75,92.14,28
Kalayaan,2025,3,166.5,23.66,89.78,31
Kalayaan,2025,4,29.3,25.82,84.04,30
Kalayaan,2025,5,129.1,25.98,85.23,31
Kalayaan,2025,6,331.8,25.18,91.45,30
Kalayaan,2025,7,346.9,24.95,90.99,31
Kalayaan,2025,8,386.6,24.79,90.32,31
Kalayaan,2025,9,390.5,24.04,94.91,30
Kalayaan,2025,10,313.4,24.25,93.66,31
Kalayaan,2025,11,449.5,23.91,94.04,30
Kalayaan,2025,12,203.7,23.12,93.07,31
Liliw,2018,1,128.7,23.47,86.43,31
Liliw,2018,2,24.1,23.71,84.14,28
Liliw,2018,3,85.8,24.08,80.08,31
Liliw,2018,4,43.6,25.64,79.2,30
Liliw,2018,5,35.0,27.12,77.42,31
Liliw,2018,6,230.7,25.81,85.35,30
Liliw,2018,7,516.4,24.72,91.38,31
Liliw,2018,8,250.7,25.19,86.75,31
Liliw,2018,9,394.1,24.86,89.79,30
Liliw,2018,10,115.7,25.06,85.08,31
Liliw,2018,11,100.0,24.67,85.1,30
Liliw,2018,12,435.2,23.92,87.97,31
Liliw,2019,1,62.9,22.93,83.03,31
Liliw,2019,2,16.4,22.97,79.75,28
Liliw,2019,3,19.0,24.74,75.8,31
Liliw,2019,4,31.4,26.62,75.0,30
Liliw,2019,5,220.1,26.36,84.62,31
Liliw,2019,6,229.0,26.57,85.36,30
Liliw,2019,7,328.4,25.43,88.47,31
Liliw,2019,8,405.0,25.18,89.31,31
Liliw,2019,9,458.4,24.97,88.28,30
Liliw,2019,10,131.1,24.99,85.95,31
Liliw,2019,11,152.2,24.66,87.65,30
Liliw,2019,12,402.5,24.1,86.67,31
Liliw,2020,1,78.8,23.59,85.14,31
Liliw,2020,2,96.9,22.85,82.63,29
Liliw,2020,3,27.7,24.94,80.29,31
Liliw,2020,4,30.7,26.13,78.56,30
Liliw,2020,5,355.6,27.12,82.24,31
Liliw,2020,6,228.3,26.34,84.8,30
Liliw,2020,7,302.2,25.89,86.96,31
Liliw,2020,8,495.3,25.46,88.28,31
Liliw,2020,9,246.6,25.82,87.32,30
Liliw,2020,10,691.9,24.93,90.39,31
Liliw,2020,11,545.1,24.57,88.17,30
Liliw,2020,12,331.5,24.43,88.63,31
Liliw,2021,1,218.7,23.2,86.15,31
Liliw,2021,2,177.5,23.29,85.31,28
Liliw,2021,3,162.5,24.59,85.03,31
Liliw,2021,4,35.7,25.28,80.54,30
Liliw,2021,5,75.5,26.7,81.74,31
Liliw,2021,6,375.9,26.07,86.01,30
Liliw,2021,7,424.6,25.47,88.99,31
Liliw,2021,8,330.1,25.58,87.11,31
Liliw,2021,9,406.0,25.28,89.16,30
Liliw,2021,10,198.9,25.04,87.64,31
Liliw,2021,11,93.9,25.04,86.44,30
Liliw,2021,12,164.4,23.49,85.23,31
Liliw,2022,1,61.7,23.28,82.96,31
Liliw,2022,2,91.0,23.76,84.85,28
Liliw,2022,3,52.4,25.32,81.65,31
Liliw,2022,4,102.9,25.2,82.6,30
Liliw,2022,5,195.2,26.24,81.63,31
Liliw,2022,6,253.6,25.91,84.34,30
Liliw,2022,7,385.4,25.57,87.89,31
Liliw,2022,8,397.1,25.07,88.24,31
Liliw,2022,9,315.5,25.03,89.11,30
Liliw,2022,10,547.4,25.11,87.65,31
Liliw,2022,11,133.3,24.94,87.62,30
Liliw,2022,12,193.6,23.61,87.72,31
Liliw,2023,1,208.5,22.9,87.79,31
Liliw,2023,2,123.2,23.49,83.76,28
Liliw,2023,3,21.2,24.0,79.54,31
Liliw,2023,4,140.5,25.57,80.73,30
Liliw,2023,5,230.4,26.25,84.09,31
Liliw,2023,6,263.7,26.0,85.69,30
Liliw,2023,7,296.1,26.08,85.13,31
Liliw,2023,8,155.7,26.13,85.54,31
Liliw,2023,9,365.6,25.67,88.37,30
Liliw,2023,10,183.6,25.53,86.51,31
Liliw,2023,11,201.1,25.04,86.34,30
Liliw,2023,12,145.8,24.59,87.11,31
Liliw,2024,1,39.3,23.58,82.5,31
Liliw,2024,2,30.6,24.11,81.06,29
Liliw,2024,3,66.6,24.75,80.76,31
Liliw,2024,4,18.0,27.22,75.0,30
Liliw,2024,5,344.7,27.66,78.27,31
Liliw,2024,6,361.2,26.54,85.78,30
Liliw,2024,7,382.6,25.7,87.27,31
Liliw,2024,8,277.3,25.96,87.51,31
Liliw,2024,9,377.6,25.8,87.59,30
Liliw,2024,10,464.9,25.5,86.65,31
Liliw,2024,11,119.4,25.57,84.58,30
Liliw,2024,12,378.1,24.05,90.87,31
Liliw,2025,1,209.1,23.45,88.89,31
Liliw,2025,2,165.6,23.65,87.25,28
Liliw,2025,3,104.6,24.73,83.68,31
Liliw,2025,4,22.6,27.47,73.1,30
Liliw,2025,5,112.5,27.21,78.07,31
Liliw,2025,6,449.0,25.64,88.38,30
Liliw,2025,7,385.6,25.4,88.13,31
Liliw,2025,8,416.8,25.19,87.46,31
Liliw,2025,9,512.2,24.67,91.24,30
Liliw,2025,10,324.0,24.96,89.81,31
Liliw,2025,11,320.9,24.78,89.36,30
Liliw,2025,12,138.7,24.11,87.94,31
Los Baños,2018,1,135.5,23.65,83.85,31
Los Baños,2018,2,19.5,24.05,80.34,28
Los Baños,2018,3,70.0,24.65,74.93,31
Los Baños,2018,4,76.0,26.05,75.34,30
Los Baños,2018,5,55.8,27.65,73.3,31
Los Baños,2018,6,245.2,25.87,85.12,30
Los Baños,2018,7,580.2,24.73,91.32,31
Los Baños,2018,8,191.4,25.33,85.89,31
Los Baños,2018,9,466.4,24.95,89.18,30
Los Baños,2018,10,90.5,25.26,83.21,31
Los Baños,2018,11,67.7,25.19,79.99,30
Los Baños,2018,12,357.0,24.24,84.51,31
Los Baños,2019,1,32.2,23.28,79.24,31
Los Baños,2019,2,11.6,23.32,75.67,28
Los Baños,2019,3,16.9,25.13,71.92,31
Los Baños,2019,4,30.2,27.25,70.13,30
Los Baños,2019,5,218.4,26.54,84.37,31
Los Baños,2019,6,260.1,26.71,85.57,30
Los Baños,2019,7,335.8,25.42,89.74,31
Los Baños,2019,8,354.5,25.38,87.83,31
Los Baños,2019,9,362.2,25.01,88.02,30
Los Baños,2019,10,93.3,25.35,82.58,31
Los Baños,2019,11,141.8,24.75,86.51,30
Los Baños,2019,12,251.4,24.27,84.24,31
Los Baños,2020,1,70.0,23.81,82.45,31
Los Baños,2020,2,83.3,23.28,78.34,29
Los Baños,2020,3,13.5,25.5,75.12,31
Los Baños,2020,4,33.5,26.84,73.22,30
Los Baños,2020,5,246.5,27.38,80.34,31
Los Baños,2020,6,260.6,26.43,84.69,30
Los Baños,2020,7,305.4,25.85,87.58,31
Los Baños,2020,8,361.4,25.44,88.89,31
Los Baños,2020,9,231.2,25.76,88.21,30
Los Baños,2020,10,633.5,24.79,91.57,31
Los Baños,2020,11,459.1,24.68,86.53,30
Los Baños,2020,12,347.3,24.39,88.01,31
Los Baños,2021,1,134.9,23.4,83.51,31
Los Baños,2021,2,119.1,23.48,83.28,28
Los Baños,2021,3,93.6,24.77,82.9,31
Los Baños,2021,4,23.1,25.87,75.03,30
Los Baños,2021,5,92.7,27.29,77.34,31
Los Baños,2021,6,238.1,26.32,84.69,30
Los Baños,2021,7,355.0,25.62,87.83,31
Los Baños,2021,8,260.0,25.67,86.69,31
Los Baños,2021,9,416.4,25.21,90.0,30
Los Baños,2021,10,253.0,25.08,87.12,31
Los Baños,2021,11,93.8,25.43,82.24,30
Los Baños,2021,12,110.9,23.96,80.54,31
Los Baños,2022,1,40.8,23.79,78.05,31
Los Baños,2022,2,63.5,24.4,78.8,28
Los Baños,2022,3,63.2,25.95,76.24,31
Los Baños,2022,4,113.7,25.76,77.8,30
Los Baños,2022,5,155.1,26.51,79.53,31
Los Baños,2022,6,282.0,25.9,84.6,30
Los Baños,2022,7,373.6,25.48,88.57,31
Los Baños,2022,8,392.9,24.92,89.58,31
Los Baños,2022,9,286.9,25.18,87.89,30
Los Baños,2022,10,447.0,25.2,86.42,31
Los Baños,2022,11,166.4,25.07,85.83,30
Los Baños,2022,12,124.6,23.95,84.07,31
Los Baños,2023,1,159.9,23.32,83.46,31
Los Baños,2023,2,53.2,23.99,78.58,28
Los Baños,2023,3,12.0,24.74,72.71,31
Los Baños,2023,4,137.8,26.01,77.15,30
Los Baños,2023,5,161.4,26.65,81.56,31
Los Baños,2023,6,262.0,26.13,85.0,30
Los Baños,2023,7,311.5,26.04,86.39,31
Los Baños,2023,8,127.3,26.51,83.11,31
Los Baños,2023,9,336.0,25.61,89.9,30
Los Baños,2023,10,156.4,25.58,86.06,31
Los Baños,2023,11,130.6,25.3,83.07,30
Los Baños,2023,12,73.7,24.97,82.98,31
Los Baños,2024,1,15.5,24.21,76.44,31
Los Baños,2024,2,7.1,24.87,74.35,29
Los Baños,2024,3,41.5,25.51,74.51,31
Los Baños,2024,4,9.8,27.94,69.93,30
Los Baños,2024,5,268.1,28.16,74.97,31
Los Baños,2024,6,391.6,26.38,88.11,30
Los Baños,2024,7,534.7,25.42,89.96,31
Los Baños,2024,8,262.5,26.01,88.46,31
Los Baños,2024,9,339.6,25.77,87.8,30
Los Baños,2024,10,416.5,25.46,87.12,31
Los Baños,2024,11,60.3,25.96,81.43,30
Los Baños,2024,12,269.1,24.44,86.29,31
Los Baños,2025,1,89.7,24.06,82.67,31
Los Baños,2025,2,169.7,24.23,81.76,28
Los Baños,2025,3,115.3,25.66,76.06,31
Los Baños,2025,4,30.0,28.2,69.15,30
Los Baños,2025,5,138.4,27.51,76.38,31
Los Baños,2025,6,317.5,25.83,87.5,30
Los Baños,2025,7,334.8,25.7,86.07,31
Los Baños,2025,8,310.7,25.3,87.56,31
Los Baños,2025,9,391.6,24.72,90.67,30
Los Baños,2025,10,268.9,25.09,88.49,31
Los Baños,2025,11,242.2,24.97,87.21,30
Los Baños,2025,12,77.7,24.42,84.34,31
Luisiana,2018,1,227.1,21.85,93.1,31
Luisiana,2018,2,65.0,22.0,90.86,28
Luisiana,2018,3,125.1,22.2,88.02,31
Luisiana,2018,4,79.4,23.67,87.75,30
Luisiana,2018,5,110.2,25.04,86.49,31
Luisiana,2018,6,212.5,24.44,89.03,30
Luisiana,2018,7,456.7,23.62,93.28,31
Luisiana,2018,8,247.4,23.96,89.53,31
Luisiana,2018,9,382.9,23.65,92.34,30
Luisiana,2018,10,150.7,23.54,90.28,31
Luisiana,2018,11,232.3,22.95,92.15,30
Luisiana,2018,12,689.8,22.32,94.03,31
Luisiana,2019,1,189.2,21.21,89.99,31
Luisiana,2019,2,64.0,21.19,87.13,28
Luisiana,2019,3,38.9,22.77,83.9,31
Luisiana,2019,4,56.9,24.59,83.28,30
Luisiana,2019,5,246.4,24.95,88.21,31
Luisiana,2019,6,248.1,25.13,89.37,30
Luisiana,2019,7,356.4,24.25,90.6,31
Luisiana,2019,8,317.2,24.02,91.17,31
Luisiana,2019,9,444.9,23.76,90.69,30
Luisiana,2019,10,182.2,23.41,92.0,31
Luisiana,2019,11,255.2,23.24,92.1,30
Luisiana,2019,12,612.1,22.53,92.71,31
Luisiana,2020,1,202.5,21.99,91.24,31
Luisiana,2020,2,215.1,21.12,89.89,29
Luisiana,2020,3,76.1,23.02,88.44,31
Luisiana,2020,4,70.8,24.09,87.53,30
Luisiana,2020,5,431.0,25.46,87.59,31
Luisiana,2020,6,258.5,24.79,89.39,30
Luisiana,2020,7,306.8,24.5,90.56,31
Luisiana,2020,8,463.4,24.22,90.86,31
Luisiana,2020,9,319.2,24.5,90.3,30
Luisiana,2020,10,816.3,23.65,93.86,31
Luisiana,2020,11,717.2,23.08,93.65,30
Luisiana,2020,12,576.6,22.99,93.85,31
Luisiana,2021,1,389.9,21.65,91.68,31
Luisiana,2021,2,277.6,21.74,91.19,28
Luisiana,2021,3,261.1,22.98,91.42,31
Luisiana,2021,4,61.4,23.57,87.48,30
Luisiana,2021,5,133.5,24.82,89.54,31
Luisiana,2021,6,351.6,24.72,89.08,30
Luisiana,2021,7,415.7,24.16,92.35,31
Luisiana,2021,8,279.1,24.33,89.68,31
Luisiana,2021,9,511.1,23.95,92.64,30
Luisiana,2021,10,329.2,23.6,91.9,31
Luisiana,2021,11,202.8,23.34,92.71,30
Luisiana,2021,12,338.3,21.77,91.88,31
Luisiana,2022,1,136.1,21.58,89.34,31
Luisiana,2022,2,182.8,21.95,92.13,28
Luisiana,2022,3,117.9,23.42,89.38,31
Luisiana,2022,4,191.7,23.32,90.2,30
Luisiana,2022,5,215.1,24.57,87.45,31
Luisiana,2022,6,246.0,24.46,88.27,30
Luisiana,2022,7,406.7,24.28,90.65,31
Luisiana,2022,8,384.5,23.88,90.7,31
Luisiana,2022,9,305.1,23.82,91.34,30
Luisiana,2022,10,597.2,23.62,92.09,31
Luisiana,2022,11,252.8,23.33,93.27,30
Luisiana,2022,12,349.7,21.99,93.5,31
Luisiana,2023,1,474.9,21.22,94.06,31
Luisiana,2023,2,248.4,21.81,89.99,28
Luisiana,2023,3,57.3,22.16,86.78,31
Luisiana,2023,4,162.7,23.87,86.51,30
Luisiana,2023,5,240.6,24.74,88.61,31
Luisiana,2023,6,293.0,24.62,89.01,30
Luisiana,2023,7,237.7,24.76,88.24,31
Luisiana,2023,8,129.2,24.85,88.44,31
Luisiana,2023,9,291.3,24.47,90.63,30
Luisiana,2023,10,244.7,23.98,91.37,31
Luisiana,2023,11,386.7,23.25,93.07,30
Luisiana,2023,12,306.0,22.88,93.51,31
Luisiana,2024,1,134.8,21.68,90.1,31
Luisiana,2024,2,105.1,22.16,89.3,29
Luisiana,2024,3,125.9,22.75,89.08,31
Luisiana,2024,4,43.0,25.06,83.86,30
Luisiana,2024,5,390.8,25.74,85.15,31
Luisiana,2024,6,310.0,25.17,89.0,30
Luisiana,2024,7,412.9,24.32,90.36,31
Luisiana,2024,8,254.2,24.74,89.82,31
Luisiana,2024,9,407.2,24.54,90.3,30
Luisiana,2024,10,509.8,24.05,90.54,31
Luisiana,2024,11,197.9,23.88,90.46,30
Luisiana,2024,12,715.0,22.47,96.01,31
Luisiana,2025,1,431.0,21.77,94.84,31
Luisiana,2025,2,374.3,21.97,93.05,28
Luisiana,2025,3,220.9,22.82,91.33,31
Luisiana,2025,4,54.9,24.91,85.47,30
Luisiana,2025,5,186.4,25.12,86.48,31
Luisiana,2025,6,365.6,24.34,90.99,30
Luisiana,2025,7,385.0,24.17,90.49,31
Luisiana,2025,8,403.1,23.91,89.67,31
Luisiana,2025,9,531.8,23.39,94.0,30
Luisiana,2025,10,448.3,23.55,93.58,31
Luisiana,2025,11,469.3,23.29,93.58,30
Luisiana,2025,12,240.9,22.43,93.73,31
Lumban,2018,1,254.2,22.77,91.5,31
Lumban,2018,2,44.3,23.05,88.64,28
Lumban,2018,3,119.8,23.32,85.2,31
Lumban,2018,4,150.7,24.61,86.98,30
Lumban,2018,5,97.6,25.93,86.35,31
Lumban,2018,6,272.2,25.29,90.24,30
Lumban,2018,7,503.9,24.33,94.83,31
Lumban,2018,8,334.5,24.83,90.54,31
Lumban,2018,9,481.4,24.55,92.58,30
Lumban,2018,10,180.1,24.54,89.54,31
Lumban,2018,11,277.0,23.86,91.17,30
Lumban,2018,12,822.8,23.09,94.14,31
Lumban,2019,1,176.9,22.29,88.26,31
Lumban,2019,2,65.7,22.41,84.48,28
Lumban,2019,3,29.6,23.92,82.43,31
Lumban,2019,4,52.4,25.7,81.87,30
Lumban,2019,5,290.0,26.08,88.22,31
Lumban,2019,6,248.1,26.06,89.79,30
Lumban,2019,7,348.9,25.12,91.7,31
Lumban,2019,8,404.6,24.86,92.02,31
Lumban,2019,9,405.7,24.57,91.67,30
Lumban,2019,10,233.0,24.3,91.61,31
Lumban,2019,11,329.1,24.08,92.27,30
Lumban,2019,12,448.3,23.38,92.61,31
Lumban,2020,1,193.8,22.96,89.99,31
Lumban,2020,2,181.2,22.19,87.63,29
Lumban,2020,3,74.2,24.1,87.31,31
Lumban,2020,4,103.8,25.0,87.36,30
Lumban,2020,5,431.0,26.33,88.52,31
Lumban,2020,6,326.1,25.65,90.31,30
Lumban,2020,7,368.7,25.47,90.55,31
Lumban,2020,8,407.5,25.11,92.09,31
Lumban,2020,9,302.4,25.51,90.83,30
Lumban,2020,10,740.9,24.39,94.97,31
Lumban,2020,11,686.0,23.85,93.76,30
Lumban,2020,12,559.6,23.7,94.13,31
Lumban,2021,1,322.4,22.57,90.56,31
Lumban,2021,2,224.1,22.68,89.99,28
Lumban,2021,3,238.0,23.86,90.92,31
Lumban,2021,4,82.8,24.52,86.06,30
Lumban,2021,5,174.7,25.74,89.6,31
Lumban,2021,6,299.5,25.75,89.37,30
Lumban,2021,7,529.1,24.95,93.38,31
Lumban,2021,8,352.6,25.24,90.45,31
Lumban,2021,9,479.3,24.79,93.28,30
Lumban,2021,10,322.3,24.42,92.16,31
Lumban,2021,11,188.0,24.18,91.99,30
Lumban,2021,12,350.3,22.73,90.28,31
Lumban,2022,1,102.2,22.67,87.16,31
Lumban,2022,2,160.1,22.81,91.13,28
Lumban,2022,3,109.2,24.41,87.68,31
Lumban,2022,4,181.3,24.17,89.37,30
Lumban,2022,5,233.5,25.48,87.85,31
Lumban,2022,6,298.4,25.32,89.24,30
Lumban,2022,7,405.9,25.13,91.67,31
Lumban,2022,8,456.5,24.71,91.87,31
Lumban,2022,9,329.5,24.68,91.67,30
Lumban,2022,10,521.6,24.48,91.87,31
Lumban,2022,11,311.2,24.05,93.25,30
Lumban,2022,12,375.2,22.82,92.74,31
Lumban,2023,1,408.5,22.09,93.18,31
Lumban,2023,2,195.2,22.8,88.33,28
Lumban,2023,3,38.0,23.28,84.0,31
Lumban,2023,4,152.0,24.87,85.63,30
Lumban,2023,5,191.1,25.74,88.36,31
Lumban,2023,6,278.3,25.6,89.18,30
Lumban,2023,7,312.8,25.4,89.71,31
Lumban,2023,8,171.3,25.62,88.42,31
Lumban,2023,9,316.0,25.29,91.26,30
Lumban,2023,10,213.4,24.66,91.48,31
Lumban,2023,11,332.7,23.94,92.33,30
Lumban,2023,12,277.3,23.51,93.16,31
Lumban,2024,1,106.1,22.64,87.51,31
Lumban,2024,2,92.3,23.09,87.14,29
Lumban,2024,3,115.4,23.63,87.45,31
Lumban,2024,4,30.9,25.95,82.62,30
Lumban,2024,5,307.6,26.48,84.68,31
Lumban,2024,6,289.0,25.85,90.13,30
Lumban,2024,7,459.8,24.94,91.73,31
Lumban,2024,8,277.3,25.49,90.68,31
Lumban,2024,9,410.1,25.17,91.35,30
Lumban,2024,10,391.9,24.73,91.27,31
Lumban,2024,11,191.3,24.51,90.99,30
Lumban,2024,12,631.2,23.12,95.75,31
Lumban,2025,1,329.9,22.53,93.63,31
Lumban,2025,2,330.1,22.75,92.14,28
Lumban,2025,3,166.5,23.66,89.78,31
Lumban,2025,4,29.3,25.82,84.04,30
Lumban,2025,5,129.1,25.98,85.23,31
Lumban,2025,6,331.8,25.18,91.45,30
Lumban,2025,7,346.9,24.95,90.99,31
Lumban,2025,8,386.6,24.79,90.32,31
Lumban,2025,9,390.5,24.04,94.91,30
Lumban,2025,10,313.4,24.25,93.66,31
Lumban,2025,11,449.5,23.91,94.04,30
Lumban,2025,12,203.7,23.12,93.07,31
Mabitac,2018,1,246.1,24.72,81.4,31
Mabitac,2018,2,9.1,25.06,79.35,28
Mabitac,2018,3,31.9,25.4,75.38,31
Mabitac,2018,4,86.5,26.94,75.63,30
Mabitac,2018,5,16.0,28.61,73.14,31
Mabitac,2018,6,414.0,26.88,85.31,30
Mabitac,2018,7,641.3,25.8,89.98,31
Mabitac,2018,8,350.3,26.25,87.19,31
Mabitac,2018,9,399.7,26.15,87.28,30
Mabitac,2018,10,113.2,26.43,81.88,31
Mabitac,2018,11,82.9,26.04,80.07,30
Mabitac,2018,12,484.5,25.3,83.07,31
Mabitac,2019,1,40.4,24.26,79.15,31
Mabitac,2019,2,13.6,24.42,75.49,28
Mabitac,2019,3,5.7,26.09,72.7,31
Mabitac,2019,4,13.9,28.04,70.85,30
Mabitac,2019,5,170.1,27.82,82.06,31
Mabitac,2019,6,301.0,27.84,83.14,30
Mabitac,2019,7,366.7,26.62,87.24,31
Mabitac,2019,8,585.1,26.3,88.21,31
Mabitac,2019,9,567.4,26.07,87.1,30
Mabitac,2019,10,77.2,26.4,81.57,31
Mabitac,2019,11,99.5,26.0,84.14,30
Mabitac,2019,12,153.9,25.45,82.08,31
Mabitac,2020,1,52.1,24.96,80.35,31
Mabitac,2020,2,39.3,24.3,77.04,29
Mabitac,2020,3,11.3,26.35,76.03,31
Mabitac,2020,4,23.6,27.5,74.35,30
Mabitac,2020,5,288.7,28.48,79.33,31
Mabitac,2020,6,226.8,27.64,82.32,30
Mabitac,2020,7,235.5,27.29,83.65,31
Mabitac,2020,8,298.9,26.71,86.79,31
Mabitac,2020,9,188.1,27.08,85.75,30
Mabitac,2020,10,553.0,26.29,87.07,31
Mabitac,2020,11,398.1,26.0,83.36,30
Mabitac,2020,12,279.3,25.74,84.52,31
Mabitac,2021,1,103.1,24.58,81.13,31
Mabitac,2021,2,139.7,24.65,80.71,28
Mabitac,2021,3,69.8,26.03,80.42,31
Mabitac,2021,4,36.0,26.71,76.44,30
Mabitac,2021,5,50.3,28.17,77.35,31
Mabitac,2021,6,221.8,27.4,83.74,30
Mabitac,2021,7,465.9,26.73,86.53,31
Mabitac,2021,8,203.6,26.8,85.78,31
Mabitac,2021,9,403.0,26.59,86.45,30
Mabitac,2021,10,165.8,26.37,84.13,31
Mabitac,2021,11,50.9,26.49,81.29,30
Mabitac,2021,12,148.6,24.94,79.46,31
Mabitac,2022,1,33.4,24.69,77.94,31
Mabitac,2022,2,40.6,25.12,80.11,28
Mabitac,2022,3,27.3,26.91,75.66,31
Mabitac,2022,4,73.5,26.78,77.31,30
Mabitac,2022,5,243.5,27.56,78.94,31
Mabitac,2022,6,233.2,27.39,81.32,30
Mabitac,2022,7,378.4,26.89,85.45,31
Mabitac,2022,8,400.9,26.28,86.7,31
Mabitac,2022,9,400.7,26.19,86.97,30
Mabitac,2022,10,380.9,26.46,84.04,31
Mabitac,2022,11,91.0,26.2,84.11,30
Mabitac,2022,12,158.0,25.02,82.48,31
Mabitac,2023,1,143.8,24.33,82.15,31
Mabitac,2023,2,55.7,24.84,79.34,28
Mabitac,2023,3,11.0,25.46,74.36,31
Mabitac,2023,4,88.7,27.07,76.9,30
Mabitac,2023,5,156.1,27.81,79.95,31
Mabitac,2023,6,276.1,27.25,83.44,30
Mabitac,2023,7,393.6,27.04,84.22,31
Mabitac,2023,8,235.0,26.89,85.6,31
Mabitac,2023,9,342.4,26.7,86.83,30
Mabitac,2023,10,111.1,26.63,83.43,31
Mabitac,2023,11,81.8,26.28,80.99,30
Mabitac,2023,12,96.3,25.86,81.86,31
Mabitac,2024,1,17.6,24.8,76.98,31
Mabitac,2024,2,15.5,25.38,75.44,29
Mabitac,2024,3,28.0,25.99,75.51,31
Mabitac,2024,4,6.7,28.37,70.91,30
Mabitac,2024,5,228.6,28.89,74.05,31
Mabitac,2024,6,316.2,27.5,84.57,30
Mabitac,2024,7,465.5,26.78,85.2,31
Mabitac,2024,8,287.2,26.99,86.28,31
Mabitac,2024,9,415.5,26.61,87.15,30
Mabitac,2024,10,297.5,26.62,84.3,31
Mabitac,2024,11,124.7,26.4,83.71,30
Mabitac,2024,12,286.4,25.19,86.32,31
Mabitac,2025,1,130.0,24.59,83.54,31
Mabitac,2025,2,146.3,24.76,82.81,28
Mabitac,2025,3,57.5,25.94,78.66,31
Mabitac,2025,4,9.0,28.43,71.39,30
Mabitac,2025,5,57.3,28.48,73.86,31
Mabitac,2025,6,358.0,26.68,86.77,30
Mabitac,2025,7,524.5,26.27,88.23,31
Mabitac,2025,8,419.4,26.29,86.74,31
Mabitac,2025,9,358.6,25.71,89.34,30
Mabitac,2025,10,201.5,26.21,86.22,31
Mabitac,2025,11,251.8,25.92,86.03,30
Mabitac,2025,12,87.5,25.17,84.16,31
Magdalena,2018,1,141.8,25.05,84.41,31
Magdalena,2018,2,19.4,25.33,81.88,28
Magdalena,2018,3,79.0,25.78,77.09,31
Magdalena,2018,4,77.6,27.31,76.99,30
Magdalena,2018,5,17.6,28.8,75.24,31
Magdalena,2018,6,235.8,27.38,84.08,30
Magdalena,2018,7,516.4,26.22,90.34,31
Magdalena,2018,8,243.4,26.75,85.65,31
Magdalena,2018,9,377.3,26.41,88.42,30
Magdalena,2018,10,82.7,26.7,83.14,31
Magdalena,2018,11,139.6,26.24,83.24,30
Magdalena,2018,12,525.3,25.47,86.26,31
Magdalena,2019,1,67.7,24.59,80.82,31
Magdalena,2019,2,25.3,24.77,76.84,28
Magdalena,2019,3,10.6,26.52,73.16,31
Magdalena,2019,4,26.3,28.38,72.18,30
Magdalena,2019,5,159.3,28.04,82.33,31
Magdalena,2019,6,208.1,28.2,83.55,30
Magdalena,2019,7,273.3,26.98,87.33,31
Magdalena,2019,8,400.0,26.74,87.98,31
Magdalena,2019,9,442.8,26.53,86.77,30
Magdalena,2019,10,113.2,26.57,84.19,31
Magdalena,2019,11,167.7,26.17,86.08,30
Magdalena,2019,12,338.7,25.68,84.89,31
Magdalena,2020,1,73.3,25.2,83.11,31
Magdalena,2020,2,87.1,24.52,80.22,29
Magdalena,2020,3,24.9,26.59,78.47,31
Magdalena,2020,4,29.2,27.72,77.04,30
Magdalena,2020,5,399.3,28.65,80.75,31
Magdalena,2020,6,210.1,27.91,82.99,30
Magdalena,2020,7,268.4,27.52,84.73,31
Magdalena,2020,8,413.2,26.98,87.64,31
Magdalena,2020,9,231.0,27.43,85.77,30
Magdalena,2020,10,583.2,26.49,88.79,31
Magdalena,2020,11,513.2,26.12,86.13,30
Magdalena,2020,12,347.4,25.94,87.0,31
Magdalena,2021,1,184.6,24.74,84.1,31
Magdalena,2021,2,161.6,24.86,83.55,28
Magdalena,2021,3,143.0,26.17,83.32,31
Magdalena,2021,4,34.2,26.91,78.34,30
Magdalena,2021,5,75.3,28.2,80.57,31
Magdalena,2021,6,320.7,27.6,85.21,30
Magdalena,2021,7,397.9,27.03,87.46,31
Magdalena,2021,8,273.6,27.17,85.46,31
Magdalena,2021,9,376.3,26.81,87.46,30
Magdalena,2021,10,191.6,26.6,85.82,31
Magdalena,2021,11,90.0,26.59,84.31,30
Magdalena,2021,12,168.6,25.1,82.75,31
Magdalena,2022,1,54.8,24.96,80.32,31
Magdalena,2022,2,55.7,25.32,82.78,28
Magdalena,2022,3,39.1,27.0,78.81,31
Magdalena,2022,4,75.5,26.84,79.9,30
Magdalena,2022,5,254.6,27.79,80.56,31
Magdalena,2022,6,258.7,27.47,82.67,30
Magdalena,2022,7,332.7,27.08,86.76,31
Magdalena,2022,8,363.2,26.61,87.11,31
Magdalena,2022,9,308.8,26.55,87.86,30
Magdalena,2022,10,427.9,26.66,85.65,31
Magdalena,2022,11,141.8,26.45,85.9,30
Magdalena,2022,12,194.7,25.15,85.54,31
Magdalena,2023,1,197.9,24.45,85.58,31
Magdalena,2023,2,99.8,25.09,81.5,28
Magdalena,2023,3,12.5,25.71,76.6,31
Magdalena,2023,4,127.4,27.23,78.5,30
Magdalena,2023,5,168.2,27.91,81.76,31
Magdalena,2023,6,249.2,27.61,83.77,30
Magdalena,2023,7,243.3,27.74,83.43,31
Magdalena,2023,8,123.1,27.81,84.09,31
Magdalena,2023,9,274.1,27.31,86.86,30
Magdalena,2023,10,147.3,27.2,84.34,31
Magdalena,2023,11,179.9,26.66,83.64,30
Magdalena,2023,12,128.7,26.23,84.43,31
Magdalena,2024,1,33.0,25.28,79.3,31
Magdalena,2024,2,25.6,26.0,77.03,29
Magdalena,2024,3,52.1,26.56,77.1,31
Magdalena,2024,4,17.9,29.1,71.28,30
Magdalena,2024,5,340.0,29.29,76.14,31
Magdalena,2024,6,356.2,28.08,84.34,30
Magdalena,2024,7,369.7,27.27,85.56,31
Magdalena,2024,8,262.8,27.55,86.56,31
Magdalena,2024,9,384.2,27.38,86.59,30
Magdalena,2024,10,384.8,27.11,84.97,31
Magdalena,2024,11,137.0,27.21,82.2,30
Magdalena,2024,12,358.8,25.6,88.46,31
Magdalena,2025,1,155.5,25.1,85.74,31
Magdalena,2025,2,159.1,25.31,84.19,28
Magdalena,2025,3,82.1,26.51,79.79,31
Magdalena,2025,4,17.3,29.19,70.79,30
Magdalena,2025,5,106.5,28.91,75.64,31
Magdalena,2025,6,448.6,27.23,87.1,30
Magdalena,2025,7,357.4,27.03,86.73,31
Magdalena,2025,8,437.8,26.79,85.8,31
Magdalena,2025,9,399.3,26.22,89.73,30
Magdalena,2025,10,318.3,26.6,87.48,31
Magdalena,2025,11,294.4,26.37,87.04,30
Magdalena,2025,12,100.3,25.76,84.51,31
Majayjay,2018,1,227.1,22.79,93.15,31
Majayjay,2018,2,65.0,22.98,90.92,28
Majayjay,2018,3,125.1,23.16,88.07,31
Majayjay,2018,4,79.4,24.61,87.82,30
Majayjay,2018,5,110.2,26.01,86.59,31
Majayjay,2018,6,212.5,25.4,89.11,30
Majayjay,2018,7,456.7,24.57,93.34,31
Majayjay,2018,8,247.4,24.91,89.61,31
Majayjay,2018,9,382.9,24.61,92.4,30
Majayjay,2018,10,150.7,24.5,90.35,31
Majayjay,2018,11,232.3,23.91,92.18,30
Majayjay,2018,12,689.8,23.28,94.07,31
Majayjay,2019,1,189.2,22.15,90.08,31
Majayjay,2019,2,64.0,22.15,87.19,28
Majayjay,2019,3,38.9,23.73,84.0,31
Majayjay,2019,4,56.9,25.54,83.38,30
Majayjay,2019,5,246.4,25.93,88.28,31
Majayjay,2019,6,248.1,26.08,89.44,30
Majayjay,2019,7,356.4,25.22,90.68,31
Majayjay,2019,8,317.2,24.97,91.25,31
Majayjay,2019,9,444.9,24.71,90.74,30
Majayjay,2019,10,182.2,24.36,92.06,31
Majayjay,2019,11,255.2,24.19,92.15,30
Majayjay,2019,12,612.1,23.48,92.75,31
Majayjay,2020,1,202.5,22.95,91.3,31
Majayjay,2020,2,215.1,22.09,89.95,29
Majayjay,2020,3,76.1,23.98,88.52,31
Majayjay,2020,4,70.8,25.04,87.61,30
Majayjay,2020,5,431.0,26.41,87.66,31
Majayjay,2020,6,258.5,25.75,89.47,30
Majayjay,2020,7,306.8,25.46,90.61,31
Majayjay,2020,8,463.4,25.17,90.94,31
Majayjay,2020,9,319.2,25.46,90.36,30
Majayjay,2020,10,816.3,24.6,93.92,31
Majayjay,2020,11,717.2,24.02,93.71,30
Majayjay,2020,12,576.6,23.93,93.91,31
Majayjay,2021,1,389.9,22.61,91.74,31
Majayjay,2021,2,277.6,22.69,91.25,28
Majayjay,2021,3,261.1,23.92,91.48,31
Majayjay,2021,4,61.4,24.53,87.55,30
Majayjay,2021,5,133.5,25.78,89.61,31
Majayjay,2021,6,351.6,25.68,89.16,30
Majayjay,2021,7,415.7,25.11,92.42,31
Majayjay,2021,8,279.1,25.28,89.75,31
Majayjay,2021,9,511.1,24.9,92.7,30
Majayjay,2021,10,329.2,24.55,91.96,31
Majayjay,2021,11,202.8,24.29,92.76,30
Majayjay,2021,12,338.3,22.7,91.94,31
Majayjay,2022,1,136.1,22.53,89.41,31
Majayjay,2022,2,182.8,22.89,92.18,28
Majayjay,2022,3,117.9,24.36,89.47,31
Majayjay,2022,4,191.7,24.28,90.27,30
Majayjay,2022,5,215.1,25.52,87.53,31
Majayjay,2022,6,246.0,25.41,88.33,30
Majayjay,2022,7,406.7,25.24,90.7,31
Majayjay,2022,8,384.5,24.82,90.76,31
Majayjay,2022,9,305.1,24.78,91.39,30
Majayjay,2022,10,597.2,24.57,92.14,31
Majayjay,2022,11,252.8,24.28,93.32,30
Majayjay,2022,12,349.7,22.94,93.55,31
Majayjay,2023,1,474.9,22.17,94.09,31
Majayjay,2023,2,248.4,22.75,90.04,28
Majayjay,2023,3,57.3,23.12,86.88,31
Majayjay,2023,4,162.7,24.84,86.6,30
Majayjay,2023,5,240.6,25.68,88.69,31
Majayjay,2023,6,293.0,25.59,89.07,30
Majayjay,2023,7,237.7,25.7,88.31,31
Majayjay,2023,8,129.2,25.79,88.51,31
Majayjay,2023,9,291.3,25.43,90.71,30
Majayjay,2023,10,244.7,24.94,91.41,31
Majayjay,2023,11,386.7,24.21,93.15,30
Majayjay,2023,12,306.0,23.83,93.55,31
Majayjay,2024,1,134.8,22.65,90.19,31
Majayjay,2024,2,105.1,23.1,89.37,29
Majayjay,2024,3,125.9,23.72,89.15,31
Majayjay,2024,4,43.0,26.03,83.95,30
Majayjay,2024,5,390.8,26.7,85.23,31
Majayjay,2024,6,310.0,26.12,89.08,30
Majayjay,2024,7,412.9,25.28,90.42,31
Majayjay,2024,8,254.2,25.69,89.89,31
Majayjay,2024,9,407.2,25.49,90.36,30
Majayjay,2024,10,509.8,25.02,90.62,31
Majayjay,2024,11,197.9,24.83,90.52,30
Majayjay,2024,12,715.0,23.43,96.04,31
Majayjay,2025,1,431.0,22.74,94.88,31
Majayjay,2025,2,374.3,22.94,93.1,28
Majayjay,2025,3,220.9,23.77,91.4,31
Majayjay,2025,4,54.9,25.85,85.56,30
Majayjay,2025,5,186.4,26.08,86.57,31
Majayjay,2025,6,365.6,25.29,91.06,30
Majayjay,2025,7,385.0,25.11,90.58,31
Majayjay,2025,8,403.1,24.87,89.74,31
Majayjay,2025,9,531.8,24.35,94.04,30
Majayjay,2025,10,448.3,24.5,93.65,31
Majayjay,2025,11,469.3,24.23,93.63,30
Majayjay,2025,12,240.9,23.39,93.77,31
Nagcarlan,2018,1,128.7,23.47,86.43,31
Nagcarlan,2018,2,24.1,23.71,84.14,28
Nagcarlan,2018,3,85.8,24.08,80.08,31
Nagcarlan,2018,4,43.6,25.64,79.2,30
Nagcarlan,2018,5,35.0,27.12,77.42,31
Nagcarlan,2018,6,230.7,25.81,85.35,30
Nagcarlan,2018,7,516.4,24.72,91.38,31
Nagcarlan,2018,8,250.7,25.19,86.75,31
Nagcarlan,2018,9,394.1,24.86,89.79,30
Nagcarlan,2018,10,115.7,25.06,85.08,31
Nagcarlan,2018,11,100.0,24.67,85.1,30
Nagcarlan,2018,12,435.2,23.92,87.97,31
Nagcarlan,2019,1,62.9,22.93,83.03,31
Nagcarlan,2019,2,16.4,22.97,79.75,28
Nagcarlan,2019,3,19.0,24.74,75.8,31
Nagcarlan,2019,4,31.4,26.62,75.0,30
Nagcarlan,2019,5,220.1,26.36,84.62,31
Nagcarlan,2019,6,229.0,26.57,85.36,30
Nagcarlan,2019,7,328.4,25.43,88.47,31
Nagcarlan,2019,8,405.0,25.18,89.31,31
Nagcarlan,2019,9,458.4,24.97,88.28,30
Nagcarlan,2019,10,131.1,24.99,85.95,31
Nagcarlan,2019,11,152.2,24.66,87.65,30
Nagcarlan,2019,12,402.5,24.1,86.67,31
Nagcarlan,2020,1,78.8,23.59,85.14,31
Nagcarlan,2020,2,96.9,22.85,82.63,29
Nagcarlan,2020,3,27.7,24.94,80.29,31
Nagcarlan,2020,4,30.7,26.13,78.56,30
Nagcarlan,2020,5,355.6,27.12,82.24,31
Nagcarlan,2020,6,228.3,26.34,84.8,30
Nagcarlan,2020,7,302.2,25.89,86.96,31
Nagcarlan,2020,8,495.3,25.46,88.28,31
Nagcarlan,2020,9,246.6,25.82,87.32,30
Nagcarlan,2020,10,691.9,24.93,90.39,31
Nagcarlan,2020,11,545.1,24.57,88.17,30
Nagcarlan,2020,12,331.5,24.43,88.63,31
Nagcarlan,2021,1,218.7,23.2,86.15,31
Nagcarlan,2021,2,177.5,23.29,85.31,28
Nagcarlan,2021,3,162.5,24.59,85.03,31
Nagcarlan,2021,4,35.7,25.28,80.54,30
Nagcarlan,2021,5,75.5,26.7,81.74,31
Nagcarlan,2021,6,375.9,26.07,86.01,30
Nagcarlan,2021,7,424.6,25.47,88.99,31
Nagcarlan,2021,8,330.1,25.58,87.11,31
Nagcarlan,2021,9,406.0,25.28,89.16,30
Nagcarlan,2021,10,198.9,25.04,87.64,31
Nagcarlan,2021,11,93.9,25.04,86.44,30
Nagcarlan,2021,12,164.4,23.49,85.23,31
Nagcarlan,2022,1,61.7,23.28,82.96,31
Nagcarlan,2022,2,91.0,23.76,84.85,28
Nagcarlan,2022,3,52.4,25.32,81.65,31
Nagcarlan,2022,4,102.9,25.2,82.6,30
Nagcarlan,2022,5,195.2,26.24,81.63,31
Nagcarlan,2022,6,253.6,25.91,84.34,30
Nagcarlan,2022,7,385.4,25.57,87.89,31
Nagcarlan,2022,8,397.1,25.07,88.24,31
Nagcarlan,2022,9,315.5,25.03,89.11,30
Nagcarlan,2022,10,547.4,25.11,87.65,31
Nagcarlan,2022,11,133.3,24.94,87.62,30
Nagcarlan,2022,12,193.6,23.61,87.72,31
Nagcarlan,2023,1,208.5,22.9,87.79,31
Nagcarlan,2023,2,123.2,23.49,83.76,28
Nagcarlan,2023,3,21.2,24.0,79.54,31
Nagcarlan,2023,4,140.5,25.57,80.73,30
Nagcarlan,2023,5,230.4,26.25,84.09,31
Nagcarlan,2023,6,263.7,26.0,85.69,30
Nagcarlan,2023,7,296.1,26.08,85.13,31
Nagcarlan,2023,8,155.7,26.13,85.54,31
Nagcarlan,2023,9,365.6,25.67,88.37,30
Nagcarlan,2023,10,183.6,25.53,86.51,31
Nagcarlan,2023,11,201.1,25.04,86.34,30
Nagcarlan,2023,12,145.8,24.59,87.11,31
Nagcarlan,2024,1,39.3,23.58,82.5,31
Nagcarlan,2024,2,30.6,24.11,81.06,29
Nagcarlan,2024,3,66.6,24.75,80.76,31
Nagcarlan,2024,4,18.0,27.22,75.0,30
Nagcarlan,2024,5,344.7,27.66,78.27,31
Nagcarlan,2024,6,361.2,26.54,85.78,30
Nagcarlan,2024,7,382.6,25.7,87.27,31
Nagcarlan,2024,8,277.3,25.96,87.51,31
Nagcarlan,2024,9,377.6,25.8,87.59,30
Nagcarlan,2024,10,464.9,25.5,86.65,31
Nagcarlan,2024,11,119.4,25.57,84.58,30
Nagcarlan,2024,12,378.1,24.05,90.87,31
Nagcarlan,2025,1,209.1,23.45,88.89,31
Nagcarlan,2025,2,165.6,23.65,87.25,28
Nagcarlan,2025,3,104.6,24.73,83.68,31
Nagcarlan,2025,4,22.6,27.47,73.1,30
Nagcarlan,2025,5,112.5,27.21,78.07,31
Nagcarlan,2025,6,449.0,25.64,88.38,30
Nagcarlan,2025,7,385.6,25.4,88.13,31
Nagcarlan,2025,8,416.8,25.19,87.46,31
Nagcarlan,2025,9,512.2,24.67,91.24,30
Nagcarlan,2025,10,324.0,24.96,89.81,31
Nagcarlan,2025,11,320.9,24.78,89.36,30
Nagcarlan,2025,12,138.7,24.11,87.94,31
Paete,2018,1,358.7,21.83,92.99,31
Paete,2018,2,90.1,22.13,89.76,28
Paete,2018,3,151.7,22.38,86.26,31
Paete,2018,4,210.9,23.5,89.25,30
Paete,2018,5,89.2,24.75,89.02,31
Paete,2018,6,212.1,24.49,89.97,30
Paete,2018,7,336.1,23.6,94.08,31
Paete,2018,8,259.1,24.02,90.62,31
Paete,2018,9,301.8,23.82,91.89,30
Paete,2018,10,177.6,23.69,89.73,31
Paete,2018,11,346.0,22.97,92.13,30
Paete,2018,12,999.7,22.21,95.43,31
Paete,2019,1,266.6,21.43,89.05,31
Paete,2019,2,99.4,21.52,85.22,28
Paete,2019,3,47.2,22.9,83.61,31
Paete,2019,4,68.4,24.57,83.79,30
Paete,2019,5,168.2,25.26,87.88,31
Paete,2019,6,189.2,25.21,89.78,30
Paete,2019,7,279.9,24.41,90.86,31
Paete,2019,8,341.9,24.12,91.51,31
Paete,2019,9,357.0,23.78,91.56,30
Paete,2019,10,252.1,23.4,92.44,31
Paete,2019,11,324.4,23.27,92.76,30
Paete,2019,12,535.0,22.5,93.52,31
Paete,2020,1,263.9,22.05,91.09,31
Paete,2020,2,262.2,21.32,88.62,29
Paete,2020,3,99.2,23.11,88.4,31
Paete,2020,4,127.9,23.94,89.03,30
Paete,2020,5,417.9,25.38,89.18,31
Paete,2020,6,263.9,24.77,90.83,30
Paete,2020,7,257.7,24.62,90.53,31
Paete,2020,8,322.2,24.41,91.19,31
Paete,2020,9,254.4,24.72,90.42,30
Paete,2020,10,771.1,23.53,95.7,31
Paete,2020,11,709.8,22.99,94.53,30
Paete,2020,12,677.5,22.77,95.14,31
Paete,2021,1,411.5,21.7,91.54,31
Paete,2021,2,450.5,21.78,90.93,28
Paete,2021,3,273.0,22.93,92.15,31
Paete,2021,4,92.4,23.59,87.15,30
Paete,2021,5,193.3,24.72,91.04,31
Paete,2021,6,248.0,25.06,88.2,30
Paete,2021,7,441.3,24.05,94.11,31
Paete,2021,8,314.1,24.38,91.16,31
Paete,2021,9,409.6,23.97,93.44,30
Paete,2021,10,337.5,23.57,92.65,31
Paete,2021,11,315.1,23.17,93.14,30
Paete,2021,12,481.1,21.82,91.11,31
Paete,2022,1,167.6,21.78,87.65,31
Paete,2022,2,286.9,21.79,92.73,28
Paete,2022,3,128.7,23.31,89.2,31
Paete,2022,4,242.5,23.14,90.81,30
Paete,2022,5,196.9,24.53,88.14,31
Paete,2022,6,278.2,24.45,89.29,30
Paete,2022,7,316.4,24.35,91.25,31
Paete,2022,8,309.2,23.94,91.47,31
Paete,2022,9,273.1,23.93,90.96,30
Paete,2022,10,469.4,23.58,92.24,31
Paete,2022,11,368.6,23.03,94.42,30
Paete,2022,12,548.5,21.87,93.74,31
Paete,2023,1,604.0,21.19,94.31,31
Paete,2023,2,287.7,21.85,89.18,28
Paete,2023,3,91.1,22.26,85.29,31
Paete,2023,4,186.1,23.87,86.54,30
Paete,2023,5,198.7,24.84,88.49,31
Paete,2023,6,199.1,24.8,88.58,30
Paete,2023,7,292.5,24.48,89.92,31
Paete,2023,8,142.9,24.83,87.63,31
Paete,2023,9,270.2,24.44,91.17,30
Paete,2023,10,236.5,23.71,92.1,31
Paete,2023,11,478.4,22.92,93.72,30
Paete,2023,12,478.3,22.47,94.95,31
Paete,2024,1,199.0,21.65,88.95,31
Paete,2024,2,191.7,22.0,89.0,29
Paete,2024,3,209.3,22.45,89.54,31
Paete,2024,4,68.1,24.63,85.69,30
Paete,2024,5,326.9,25.22,87.61,31
Paete,2024,6,285.0,24.99,90.51,30
Paete,2024,7,439.8,24.03,92.28,31
Paete,2024,8,181.9,24.85,89.42,31
Paete,2024,9,369.6,24.38,91.01,30
Paete,2024,10,397.5,23.82,91.86,31
Paete,2024,11,290.8,23.56,91.86,30
Paete,2024,12,926.8,22.18,96.89,31
Paete,2025,1,564.8,21.54,95.14,31
Paete,2025,2,511.4,21.78,93.22,28
Paete,2025,3,278.5,22.61,91.38,31
Paete,2025,4,54.9,24.62,86.17,30
Paete,2025,5,136.4,24.73,88.17,31
Paete,2025,6,279.2,24.39,91.17,30
Paete,2025,7,333.0,24.17,90.47,31
Paete,2025,8,341.2,24.04,90.19,31
Paete,2025,9,405.4,23.22,94.89,30
Paete,2025,10,373.8,23.27,94.68,31
Paete,2025,11,581.3,22.97,94.83,30
Paete,2025,12,328.6,22.15,94.15,31
Pagsanjan,2018,1,141.8,25.28,84.43,31
Pagsanjan,2018,2,19.4,25.56,81.9,28
Pagsanjan,2018,3,79.0,26.02,77.11,31
Pagsanjan,2018,4,77.6,27.54,77.02,30
Pagsanjan,2018,5,17.6,29.02,75.29,31
Pagsanjan,2018,6,235.8,27.61,84.09,30
Pagsanjan,2018,7,516.4,26.45,90.36,31
Pagsanjan,2018,8,243.4,26.98,85.67,31
Pagsanjan,2018,9,377.3,26.64,88.44,30
Pagsanjan,2018,10,82.7,26.91,83.16,31
Pagsanjan,2018,11,139.6,26.47,83.26,30
Pagsanjan,2018,12,525.3,25.68,86.28,31
Pagsanjan,2019,1,67.7,24.81,80.84,31
Pagsanjan,2019,2,25.3,24.99,76.88,28
Pagsanjan,2019,3,10.6,26.74,73.19,31
Pagsanjan,2019,4,26.3,28.61,72.22,30
Pagsanjan,2019,5,159.3,28.25,82.35,31
Pagsanjan,2019,6,208.1,28.43,83.57,30
Pagsanjan,2019,7,273.3,27.21,87.36,31
Pagsanjan,2019,8,400.0,26.98,88.0,31
Pagsanjan,2019,9,442.8,26.76,86.78,30
Pagsanjan,2019,10,113.2,26.8,84.21,31
Pagsanjan,2019,11,167.7,26.41,86.1,30
Pagsanjan,2019,12,338.7,25.89,84.91,31
Pagsanjan,2020,1,73.3,25.42,83.15,31
Pagsanjan,2020,2,87.1,24.75,80.26,29
Pagsanjan,2020,3,24.9,26.81,78.51,31
Pagsanjan,2020,4,29.2,27.95,77.07,30
Pagsanjan,2020,5,399.3,28.87,80.78,31
Pagsanjan,2020,6,210.1,28.15,83.01,30
Pagsanjan,2020,7,268.4,27.74,84.76,31
Pagsanjan,2020,8,413.2,27.21,87.66,31
Pagsanjan,2020,9,231.0,27.65,85.79,30
Pagsanjan,2020,10,583.2,26.7,88.81,31
Pagsanjan,2020,11,513.2,26.34,86.15,30
Pagsanjan,2020,12,347.4,26.17,87.03,31
Pagsanjan,2021,1,184.6,24.97,84.12,31
Pagsanjan,2021,2,161.6,25.09,83.56,28
Pagsanjan,2021,3,143.0,26.39,83.33,31
Pagsanjan,2021,4,34.2,27.15,78.37,30
Pagsanjan,2021,5,75.3,28.44,80.6,31
Pagsanjan,2021,6,320.7,27.83,85.23,30
Pagsanjan,2021,7,397.9,27.25,87.48,31
Pagsanjan,2021,8,273.6,27.4,85.48,31
Pagsanjan,2021,9,376.3,27.04,87.48,30
Pagsanjan,2021,10,191.6,26.82,85.84,31
Pagsanjan,2021,11,90.0,26.82,84.34,30
Pagsanjan,2021,12,168.6,25.32,82.78,31
Pagsanjan,2022,1,54.8,25.17,80.35,31
Pagsanjan,2022,2,55.7,25.54,82.8,28
Pagsanjan,2022,3,39.1,27.23,78.83,31
Pagsanjan,2022,4,75.5,27.07,79.93,30
Pagsanjan,2022,5,254.6,28.01,80.58,31
Pagsanjan,2022,6,258.7,27.7,82.71,30
Pagsanjan,2022,7,332.7,27.28,86.78,31
Pagsanjan,2022,8,363.2,26.85,87.13,31
Pagsanjan,2022,9,308.8,26.78,87.88,30
Pagsanjan,2022,10,427.9,26.88,85.69,31
Pagsanjan,2022,11,141.8,26.69,85.92,30
Pagsanjan,2022,12,194.7,25.37,85.57,31
Pagsanjan,2023,1,197.9,24.67,85.59,31
Pagsanjan,2023,2,99.8,25.3,81.53,28
Pagsanjan,2023,3,12.5,25.94,76.63,31
Pagsanjan,2023,4,127.4,27.45,78.53,30
Pagsanjan,2023,5,168.2,28.13,81.78,31
Pagsanjan,2023,6,249.2,27.84,83.79,30
Pagsanjan,2023,7,243.3,27.96,83.45,31
Pagsanjan,2023,8,123.1,28.03,84.11,31
Pagsanjan,2023,9,274.1,27.54,86.88,30
Pagsanjan,2023,10,147.3,27.43,84.37,31
Pagsanjan,2023,11,179.9,26.88,83.67,30
Pagsanjan,2023,12,128.7,26.45,84.44,31
Pagsanjan,2024,1,33.0,25.52,79.33,31
Pagsanjan,2024,2,25.6,26.21,77.05,29
Pagsanjan,2024,3,52.1,26.78,77.14,31
Pagsanjan,2024,4,17.9,29.33,71.32,30
Pagsanjan,2024,5,340.0,29.52,76.17,31
Pagsanjan,2024,6,356.2,28.3,84.37,30
Pagsanjan,2024,7,369.7,27.5,85.58,31
Pagsanjan,2024,8,262.8,27.77,86.58,31
Pagsanjan,2024,9,384.2,27.6,86.61,30
Pagsanjan,2024,10,384.8,27.34,85.0,31
Pagsanjan,2024,11,137.0,27.43,82.23,30
Pagsanjan,2024,12,358.8,25.83,88.48,31
Pagsanjan,2025,1,155.5,25.32,85.76,31
Pagsanjan,2025,2,159.1,25.54,84.21,28
Pagsanjan,2025,3,82.1,26.74,79.83,31
Pagsanjan,2025,4,17.3,29.42,70.83,30
Pagsanjan,2025,5,106.5,29.14,75.68,31
Pagsanjan,2025,6,448.6,27.46,87.12,30
Pagsanjan,2025,7,357.4,27.26,86.75,31
Pagsanjan,2025,8,437.8,27.04,85.84,31
Pagsanjan,2025,9,399.3,26.46,89.74,30
Pagsanjan,2025,10,318.3,26.83,87.5,31
Pagsanjan,2025,11,294.4,26.59,87.06,30
Pagsanjan,2025,12,100.3,26.0,84.53,31
Pakil,2018,1,201.6,25.75,78.64,31
Pakil,2018,2,10.9,26.18,75.57,28
Pakil,2018,3,46.8,26.67,70.99,31
Pakil,2018,4,120.3,28.21,70.95,30
Pakil,2018,5,10.2,29.87,68.47,31
Pakil,2018,6,260.6,28.11,80.11,30
Pakil,2018,7,467.3,26.9,85.57,31
Pakil,2018,8,192.0,27.45,81.96,31
Pakil,2018,9,358.3,27.17,83.48,30
Pakil,2018,10,80.5,27.64,77.42,31
Pakil,2018,11,93.6,27.2,76.09,30
Pakil,2018,12,496.0,26.38,79.47,31
Pakil,2019,1,24.9,25.47,74.98,31
Pakil,2019,2,10.5,25.84,70.21,28
Pakil,2019,3,4.5,27.53,67.05,31
Pakil,2019,4,11.8,29.34,66.03,30
Pakil,2019,5,101.3,28.95,76.36,31
Pakil,2019,6,206.1,29.11,76.8,30
Pakil,2019,7,308.9,27.69,82.78,31
Pakil,2019,8,443.2,27.49,83.4,31
Pakil,2019,9,463.3,27.24,82.82,30
Pakil,2019,10,52.0,27.57,77.49,31
Pakil,2019,11,79.0,27.08,80.01,30
Pakil,2019,12,162.8,26.59,78.26,31
Pakil,2020,1,51.9,26.07,76.72,31
Pakil,2020,2,34.5,25.51,72.89,29
Pakil,2020,3,11.9,27.58,71.4,31
Pakil,2020,4,20.1,28.62,70.45,30
Pakil,2020,5,213.2,29.49,75.34,31
Pakil,2020,6,155.4,28.85,76.73,30
Pakil,2020,7,188.3,28.45,78.44,31
Pakil,2020,8,235.0,27.84,81.68,31
Pakil,2020,9,137.2,28.18,80.94,30
Pakil,2020,10,481.4,27.25,83.71,31
Pakil,2020,11,366.8,27.02,80.15,30
Pakil,2020,12,285.4,26.71,81.79,31
Pakil,2021,1,90.5,25.58,78.22,31
Pakil,2021,2,126.9,25.66,77.73,28
Pakil,2021,3,59.7,27.1,76.69,31
Pakil,2021,4,33.8,27.85,72.17,30
Pakil,2021,5,56.5,29.13,73.84,31
Pakil,2021,6,159.6,28.55,77.93,30
Pakil,2021,7,319.1,27.94,81.15,31
Pakil,2021,8,124.4,27.92,80.74,31
Pakil,2021,9,303.7,27.59,82.85,30
Pakil,2021,10,169.2,27.45,80.6,31
Pakil,2021,11,41.5,27.73,76.28,30
Pakil,2021,12,106.8,26.1,75.57,31
Pakil,2022,1,30.9,25.88,74.04,31
Pakil,2022,2,27.9,26.25,75.77,28
Pakil,2022,3,18.6,28.1,70.74,31
Pakil,2022,4,62.3,27.84,73.25,30
Pakil,2022,5,155.7,28.62,74.37,31
Pakil,2022,6,169.7,28.55,75.8,30
Pakil,2022,7,284.8,27.86,81.34,31
Pakil,2022,8,341.7,27.32,82.55,31
Pakil,2022,9,297.3,27.29,82.65,30
Pakil,2022,10,362.9,27.54,80.1,31
Pakil,2022,11,67.6,27.27,80.31,30
Pakil,2022,12,126.0,26.07,79.19,31
Pakil,2023,1,127.7,25.37,78.98,31
Pakil,2023,2,48.1,25.9,75.78,28
Pakil,2023,3,13.8,26.76,69.02,31
Pakil,2023,4,96.9,28.24,72.09,30
Pakil,2023,5,92.7,28.99,74.62,31
Pakil,2023,6,182.0,28.55,76.76,30
Pakil,2023,7,431.1,28.53,78.4,31
Pakil,2023,8,318.1,28.34,80.06,31
Pakil,2023,9,345.7,28.21,79.84,30
Pakil,2023,10,148.1,28.0,79.05,31
Pakil,2023,11,77.3,27.4,79.19,30
Pakil,2023,12,55.4,26.94,80.1,31
Pakil,2024,1,13.0,25.83,76.73,31
Pakil,2024,2,7.0,26.27,76.35,29
Pakil,2024,3,24.9,26.83,76.65,31
Pakil,2024,4,1.4,29.07,73.44,30
Pakil,2024,5,245.3,29.65,74.71,31
Pakil,2024,6,220.9,28.9,78.44,30
Pakil,2024,7,468.5,28.15,79.7,31
Pakil,2024,8,313.8,28.47,79.71,31
Pakil,2024,9,504.6,28.14,80.55,30
Pakil,2024,10,299.7,28.08,79.21,31
Pakil,2024,11,93.4,27.78,79.51,30
Pakil,2024,12,268.0,26.46,82.63,31
Pakil,2025,1,63.7,25.82,80.78,31
Pakil,2025,2,93.6,25.98,80.31,28
Pakil,2025,3,50.2,26.96,78.26,31
Pakil,2025,4,5.2,29.18,73.27,30
Pakil,2025,5,70.5,29.18,74.79,31
Pakil,2025,6,316.3,28.15,79.5,30
Pakil,2025,7,558.2,27.93,80.69,31
Pakil,2025,8,293.4,27.9,78.26,31
Pakil,2025,9,313.5,27.29,81.79,30
Pakil,2025,10,183.7,27.65,80.48,31
Pakil,2025,11,186.7,27.34,81.46,30
Pakil,2025,12,61.5,26.53,80.01,31
Pangil,2018,1,381.4,22.51,91.65,31
Pangil,2018,2,63.2,22.81,88.87,28
Pangil,2018,3,101.6,23.06,85.56,31
Pangil,2018,4,176.1,24.22,88.28,30
Pangil,2018,5,56.5,25.62,87.12,31
Pangil,2018,6,223.6,25.11,90.0,30
Pangil,2018,7,351.4,24.26,93.52,31
Pangil,2018,8,247.9,24.58,90.94,31
Pangil,2018,9,303.0,24.48,91.53,30
Pangil,2018,10,133.2,24.42,88.8,31
Pangil,2018,11,300.0,23.7,90.77,30
Pangil,2018,12,901.3,22.97,93.61,31
Pangil,2019,1,250.3,22.1,88.42,31
Pangil,2019,2,97.0,22.14,85.33,28
Pangil,2019,3,35.9,23.55,83.49,31
Pangil,2019,4,68.3,25.24,83.53,30
Pangil,2019,5,170.2,25.99,87.22,31
Pangil,2019,6,180.0,25.89,89.31,30
Pangil,2019,7,259.8,25.1,90.32,31
Pangil,2019,8,373.1,24.68,92.1,31
Pangil,2019,9,418.9,24.41,91.27,30
Pangil,2019,10,212.6,24.15,91.17,31
Pangil,2019,11,258.3,24.01,91.18,30
Pangil,2019,12,433.1,23.22,92.0,31
Pangil,2020,1,228.9,22.74,89.81,31
Pangil,2020,2,212.3,21.98,87.82,29
Pangil,2020,3,81.6,23.74,88.24,31
Pangil,2020,4,102.8,24.6,88.36,30
Pangil,2020,5,382.4,26.09,88.49,31
Pangil,2020,6,223.0,25.57,89.31,30
Pangil,2020,7,261.4,25.41,89.01,31
Pangil,2020,8,325.5,25.1,90.63,31
Pangil,2020,9,226.4,25.4,90.0,30
Pangil,2020,10,675.5,24.37,93.69,31
Pangil,2020,11,681.5,23.81,92.32,30
Pangil,2020,12,597.8,23.56,93.4,31
Pangil,2021,1,330.1,22.41,90.37,31
Pangil,2021,2,463.3,22.49,89.89,28
Pangil,2021,3,230.5,23.65,90.9,31
Pangil,2021,4,89.5,24.27,86.83,30
Pangil,2021,5,165.9,25.41,90.08,31
Pangil,2021,6,223.6,25.73,87.83,30
Pangil,2021,7,374.5,24.76,93.17,31
Pangil,2021,8,273.5,25.01,90.93,31
Pangil,2021,9,420.4,24.71,92.35,30
Pangil,2021,10,310.6,24.36,91.04,31
Pangil,2021,11,269.4,23.97,92.02,30
Pangil,2021,12,416.3,22.54,89.86,31
Pangil,2022,1,158.3,22.48,87.06,31
Pangil,2022,2,240.2,22.51,91.69,28
Pangil,2022,3,110.8,23.99,88.6,31
Pangil,2022,4,207.5,23.88,90.07,30
Pangil,2022,5,204.1,25.21,87.74,31
Pangil,2022,6,215.6,25.3,88.05,30
Pangil,2022,7,311.4,25.11,90.13,31
Pangil,2022,8,296.0,24.68,90.27,31
Pangil,2022,9,297.2,24.58,90.79,30
Pangil,2022,10,458.1,24.37,90.86,31
Pangil,2022,11,307.0,23.82,93.24,30
Pangil,2022,12,418.8,22.65,92.14,31
Pangil,2023,1,511.2,21.97,92.36,31
Pangil,2023,2,209.3,22.58,88.15,28
Pangil,2023,3,60.9,22.93,85.06,31
Pangil,2023,4,154.2,24.63,85.85,30
Pangil,2023,5,180.8,25.57,87.5,31
Pangil,2023,6,174.1,25.49,87.96,30
Pangil,2023,7,280.7,25.21,89.06,31
Pangil,2023,8,177.1,25.36,88.88,31
Pangil,2023,9,290.8,25.11,90.39,30
Pangil,2023,10,204.5,24.5,90.99,31
Pangil,2023,11,338.6,23.71,92.39,30
Pangil,2023,12,394.9,23.25,93.47,31
Pangil,2024,1,150.3,22.32,88.14,31
Pangil,2024,2,155.5,22.68,88.29,29
Pangil,2024,3,174.4,23.09,89.22,31
Pangil,2024,4,45.7,25.26,85.57,30
Pangil,2024,5,302.2,25.99,86.63,31
Pangil,2024,6,259.5,25.73,89.48,30
Pangil,2024,7,407.6,24.81,91.22,31
Pangil,2024,8,177.4,25.56,88.73,31
Pangil,2024,9,374.9,25.08,90.34,30
Pangil,2024,10,372.7,24.59,90.63,31
Pangil,2024,11,233.5,24.27,91.08,30
Pangil,2024,12,727.1,22.87,96.13,31
Pangil,2025,1,403.1,22.19,94.16,31
Pangil,2025,2,393.8,22.42,92.71,28
Pangil,2025,3,222.0,23.2,91.24,31
Pangil,2025,4,40.7,25.18,86.43,30
Pangil,2025,5,118.0,25.49,87.12,31
Pangil,2025,6,240.3,25.0,90.85,30
Pangil,2025,7,408.8,24.63,91.8,31
Pangil,2025,8,319.6,24.65,90.35,31
Pangil,2025,9,369.4,23.86,94.49,30
Pangil,2025,10,317.2,24.0,93.9,31
Pangil,2025,11,496.8,23.62,94.65,30
Pangil,2025,12,242.5,22.82,93.26,31
Pila,2018,1,150.2,25.61,80.92,31
Pila,2018,2,20.9,25.95,77.94,28
Pila,2018,3,61.7,26.47,73.12,31
Pila,2018,4,107.0,27.94,73.33,30
Pila,2018,5,12.9,29.48,71.68,31
Pila,2018,6,225.2,27.79,83.37,30
Pila,2018,7,561.0,26.5,91.09,31
Pila,2018,8,168.0,27.2,84.66,31
Pila,2018,9,395.0,26.76,88.2,30
Pila,2018,10,76.9,27.25,80.74,31
Pila,2018,11,99.3,26.93,78.81,30
Pila,2018,12,427.8,26.02,83.03,31
Pila,2019,1,34.0,25.3,76.4,31
Pila,2019,2,14.9,25.4,73.02,28
Pila,2019,3,8.5,26.98,70.37,31
Pila,2019,4,21.6,28.95,69.3,30
Pila,2019,5,189.7,28.33,82.88,31
Pila,2019,6,199.6,28.64,82.78,30
Pila,2019,7,277.6,27.23,87.96,31
Pila,2019,8,395.5,27.18,87.11,31
Pila,2019,9,395.9,26.84,87.05,30
Pila,2019,10,73.0,27.15,81.17,31
Pila,2019,11,167.3,26.65,84.81,30
Pila,2019,12,255.5,26.21,81.95,31
Pila,2020,1,55.0,25.79,79.68,31
Pila,2020,2,64.0,25.23,75.8,29
Pila,2020,3,16.0,27.2,74.78,31
Pila,2020,4,17.4,28.41,73.04,30
Pila,2020,5,268.9,29.07,79.8,31
Pila,2020,6,201.1,28.33,82.87,30
Pila,2020,7,339.2,27.82,85.57,31
Pila,2020,8,429.3,27.32,87.75,31
Pila,2020,9,218.7,27.7,86.36,30
Pila,2020,10,583.2,26.74,89.37,31
Pila,2020,11,406.7,26.57,84.02,30
Pila,2020,12,317.8,26.34,85.24,31
Pila,2021,1,151.8,25.3,81.21,31
Pila,2021,2,139.8,25.38,80.71,28
Pila,2021,3,108.1,26.69,80.49,31
Pila,2021,4,27.1,27.49,75.27,30
Pila,2021,5,70.1,28.8,77.55,31
Pila,2021,6,284.1,27.94,85.36,30
Pila,2021,7,355.2,27.44,86.46,31
Pila,2021,8,235.6,27.52,85.15,31
Pila,2021,9,358.2,27.13,87.33,30
Pila,2021,10,190.0,27.06,84.37,31
Pila,2021,11,70.8,27.24,80.53,30
Pila,2021,12,108.2,25.79,78.75,31
Pila,2022,1,46.6,25.61,76.57,31
Pila,2022,2,38.2,26.07,78.1,28
Pila,2022,3,31.4,27.66,75.19,31
Pila,2022,4,76.1,27.54,76.3,30
Pila,2022,5,294.8,28.22,79.39,31
Pila,2022,6,344.3,27.85,83.17,30
Pila,2022,7,423.8,27.39,86.92,31
Pila,2022,8,406.8,26.9,87.31,31
Pila,2022,9,343.3,27.01,86.61,30
Pila,2022,10,419.1,27.16,83.87,31
Pila,2022,11,93.6,27.04,82.91,30
Pila,2022,12,149.8,25.78,82.14,31
Pila,2023,1,132.2,25.12,81.74,31
Pila,2023,2,51.8,25.68,78.02,28
Pila,2023,3,11.6,26.37,72.67,31
Pila,2023,4,120.4,27.71,76.66,30
Pila,2023,5,128.1,28.41,80.41,31
Pila,2023,6,262.6,28.04,82.93,30
Pila,2023,7,312.7,28.11,83.68,31
Pila,2023,8,156.0,28.39,81.93,31
Pila,2023,9,299.0,27.69,86.54,30
Pila,2023,10,134.4,27.79,82.16,31
Pila,2023,11,117.5,27.32,80.03,30
Pila,2023,12,80.8,26.89,80.64,31
Pila,2024,1,15.0,26.02,74.93,31
Pila,2024,2,10.4,26.62,73.41,29
Pila,2024,3,30.4,27.19,73.71,31
Pila,2024,4,12.5,29.57,69.15,30
Pila,2024,5,294.5,29.83,74.1,31
Pila,2024,6,283.5,28.46,84.18,30
Pila,2024,7,477.8,27.56,86.59,31
Pila,2024,8,315.3,28.05,85.82,31
Pila,2024,9,365.8,27.75,86.15,30
Pila,2024,10,339.8,27.59,83.78,31
Pila,2024,11,87.5,27.79,79.92,30
Pila,2024,12,286.9,26.37,83.89,31
Pila,2025,1,108.3,25.86,81.27,31
Pila,2025,2,98.8,26.05,80.43,28
Pila,2025,3,62.2,27.36,75.36,31
Pila,2025,4,7.8,30.11,66.75,30
Pila,2025,5,89.1,29.75,71.5,31
Pila,2025,6,424.2,27.88,83.71,30
Pila,2025,7,297.0,27.78,83.22,31
Pila,2025,8,305.3,27.44,83.52,31
Pila,2025,9,322.4,26.88,86.77,30
Pila,2025,10,229.0,27.27,84.38,31
Pila,2025,11,237.3,27.1,83.62,30
Pila,2025,12,65.6,26.51,80.68,31
Rizal,2018,1,107.3,23.05,87.18,31
Rizal,2018,2,26.7,23.3,85.0,28
Rizal,2018,3,88.7,23.61,81.48,31
Rizal,2018,4,38.0,25.24,80.25,30
Rizal,2018,5,68.9,26.63,79.31,31
Rizal,2018,6,283.7,25.27,86.83,30
Rizal,2018,7,611.9,24.24,92.43,31
Rizal,2018,8,237.8,24.69,88.34,31
Rizal,2018,9,471.6,24.38,90.65,30
Rizal,2018,10,132.8,24.5,86.82,31
Rizal,2018,11,59.5,24.22,85.86,30
Rizal,2018,12,338.4,23.54,88.3,31
Rizal,2019,1,32.1,22.29,84.56,31
Rizal,2019,2,12.0,22.3,81.43,28
Rizal,2019,3,38.5,24.15,77.72,31
Rizal,2019,4,37.4,26.14,76.15,30
Rizal,2019,5,238.3,25.93,85.33,31
Rizal,2019,6,214.8,26.11,86.67,30
Rizal,2019,7,360.9,24.95,89.38,31
Rizal,2019,8,426.7,24.7,90.63,31
Rizal,2019,9,408.0,24.48,89.32,30
Rizal,2019,10,106.7,24.46,87.24,31
Rizal,2019,11,147.7,24.21,88.79,30
Rizal,2019,12,346.8,23.63,87.35,31
Rizal,2020,1,56.6,23.13,85.96,31
Rizal,2020,2,72.0,22.37,83.64,29
Rizal,2020,3,26.3,24.52,80.53,31
Rizal,2020,4,60.4,25.78,79.36,30
Rizal,2020,5,324.7,26.7,83.29,31
Rizal,2020,6,261.6,25.87,85.97,30
Rizal,2020,7,311.6,25.33,88.52,31
Rizal,2020,8,485.6,24.96,89.33,31
Rizal,2020,9,279.6,25.26,88.52,30
Rizal,2020,10,689.7,24.45,91.55,31
Rizal,2020,11,521.8,24.13,89.08,30
Rizal,2020,12,283.9,24.04,89.45,31
Rizal,2021,1,177.9,22.78,86.74,31
Rizal,2021,2,150.4,22.85,86.39,28
Rizal,2021,3,136.3,24.12,86.09,31
Rizal,2021,4,36.9,24.81,81.78,30
Rizal,2021,5,81.6,26.43,81.89,31
Rizal,2021,6,271.3,25.68,85.76,30
Rizal,2021,7,424.4,25.0,90.12,31
Rizal,2021,8,258.3,25.1,88.37,31
Rizal,2021,9,446.5,24.79,90.42,30
Rizal,2021,10,249.6,24.58,89.12,31
Rizal,2021,11,103.3,24.7,87.3,30
Rizal,2021,12,131.0,23.11,86.23,31
Rizal,2022,1,66.3,22.77,84.69,31
Rizal,2022,2,84.8,23.44,85.58,28
Rizal,2022,3,90.9,24.98,82.63,31
Rizal,2022,4,149.7,24.8,84.14,30
Rizal,2022,5,160.1,25.72,83.16,31
Rizal,2022,6,252.2,25.41,85.85,30
Rizal,2022,7,340.4,25.1,88.89,31
Rizal,2022,8,350.3,24.55,89.18,31
Rizal,2022,9,349.1,24.5,90.36,30
Rizal,2022,10,579.6,24.65,88.94,31
Rizal,2022,11,127.3,24.6,88.52,30
Rizal,2022,12,149.3,23.33,88.16,31
Rizal,2023,1,180.2,22.6,88.25,31
Rizal,2023,2,115.5,23.08,84.85,28
Rizal,2023,3,29.7,23.49,81.15,31
Rizal,2023,4,135.5,25.1,82.24,30
Rizal,2023,5,209.0,25.75,85.67,31
Rizal,2023,6,281.3,25.44,87.31,30
Rizal,2023,7,347.2,25.33,87.63,31
Rizal,2023,8,173.0,25.32,88.08,31
Rizal,2023,9,373.4,25.01,89.66,30
Rizal,2023,10,190.5,24.83,88.81,31
Rizal,2023,11,177.6,24.51,87.75,30
Rizal,2023,12,115.0,24.09,88.33,31
Rizal,2024,1,36.3,22.92,84.46,31
Rizal,2024,2,19.2,23.45,83.0,29
Rizal,2024,3,48.1,24.29,81.59,31
Rizal,2024,4,27.0,26.73,75.96,30
Rizal,2024,5,334.9,27.18,79.41,31
Rizal,2024,6,338.5,25.9,87.42,30
Rizal,2024,7,429.0,25.07,89.26,31
Rizal,2024,8,253.3,25.31,88.95,31
Rizal,2024,9,395.4,25.12,89.18,30
Rizal,2024,10,513.2,24.84,88.55,31
Rizal,2024,11,77.4,24.94,86.11,30
Rizal,2024,12,313.5,23.59,91.88,31
Rizal,2025,1,190.4,22.9,90.26,31
Rizal,2025,2,165.3,23.04,89.01,28
Rizal,2025,3,100.8,24.27,84.49,31
Rizal,2025,4,44.5,26.82,75.26,30
Rizal,2025,5,158.7,26.31,82.69,31
Rizal,2025,6,391.9,24.93,90.18,30
Rizal,2025,7,413.5,24.67,90.08,31
Rizal,2025,8,379.2,24.48,89.09,31
Rizal,2025,9,484.5,23.97,93.36,30
Rizal,2025,10,301.8,24.29,91.89,31
Rizal,2025,11,291.5,24.21,90.8,30
Rizal,2025,12,120.0,23.51,89.68,31
Santa Cruz,2018,1,150.2,25.43,80.88,31
Santa Cruz,2018,2,20.9,25.77,77.91,28
Santa Cruz,2018,3,61.7,26.29,73.09,31
Santa Cruz,2018,4,107.0,27.76,73.31,30
Santa Cruz,2018,5,12.9,29.31,71.66,31
Santa Cruz,2018,6,225.2,27.61,83.35,30
Santa Cruz,2018,7,561.0,26.33,91.08,31
Santa Cruz,2018,8,168.0,27.01,84.64,31
Santa Cruz,2018,9,395.0,26.58,88.18,30
Santa Cruz,2018,10,76.9,27.05,80.72,31
Santa Cruz,2018,11,99.3,26.76,78.79,30
Santa Cruz,2018,12,427.8,25.82,83.01,31
Santa Cruz,2019,1,34.0,25.12,76.37,31
Santa Cruz,2019,2,14.9,25.21,72.98,28
Santa Cruz,2019,3,8.5,26.81,70.33,31
Santa Cruz,2019,4,21.6,28.79,69.27,30
Santa Cruz,2019,5,189.7,28.14,82.86,31
Santa Cruz,2019,6,199.6,28.44,82.76,30
Santa Cruz,2019,7,277.6,27.05,87.95,31
Santa Cruz,2019,8,395.5,27.0,87.08,31
Santa Cruz,2019,9,395.9,26.65,87.04,30
Santa Cruz,2019,10,73.0,26.99,81.16,31
Santa Cruz,2019,11,167.3,26.46,84.78,30
Santa Cruz,2019,12,255.5,26.03,81.92,31
Santa Cruz,2020,1,55.0,25.61,79.65,31
Santa Cruz,2020,2,64.0,25.04,75.77,29
Santa Cruz,2020,3,16.0,27.01,74.75,31
Santa Cruz,2020,4,17.4,28.22,73.02,30
Santa Cruz,2020,5,268.9,28.89,79.78,31
Santa Cruz,2020,6,201.1,28.16,82.85,30
Santa Cruz,2020,7,339.2,27.64,85.56,31
Santa Cruz,2020,8,429.3,27.14,87.73,31
Santa Cruz,2020,9,218.7,27.53,86.34,30
Santa Cruz,2020,10,583.2,26.56,89.37,31
Santa Cruz,2020,11,406.7,26.4,84.0,30
Santa Cruz,2020,12,317.8,26.16,85.23,31
Santa Cruz,2021,1,151.8,25.11,81.18,31
Santa Cruz,2021,2,139.8,25.19,80.68,28
Santa Cruz,2021,3,108.1,26.51,80.46,31
Santa Cruz,2021,4,27.1,27.31,75.24,30
Santa Cruz,2021,5,70.1,28.61,77.52,31
Santa Cruz,2021,6,284.1,27.76,85.34,30
Santa Cruz,2021,7,355.2,27.25,86.44,31
Santa Cruz,2021,8,235.6,27.33,85.14,31
Santa Cruz,2021,9,358.2,26.95,87.31,30
Santa Cruz,2021,10,190.0,26.87,84.35,31
Santa Cruz,2021,11,70.8,27.06,80.51,30
Santa Cruz,2021,12,108.2,25.59,78.73,31
Santa Cruz,2022,1,46.6,25.43,76.54,31
Santa Cruz,2022,2,38.2,25.88,78.08,28
Santa Cruz,2022,3,31.4,27.49,75.16,31
Santa Cruz,2022,4,76.1,27.36,76.28,30
Santa Cruz,2022,5,294.8,28.03,79.37,31
Santa Cruz,2022,6,344.3,27.66,83.14,30
Santa Cruz,2022,7,423.8,27.21,86.91,31
Santa Cruz,2022,8,406.8,26.71,87.29,31
Santa Cruz,2022,9,343.3,26.82,86.6,30
Santa Cruz,2022,10,419.1,26.98,83.86,31
Santa Cruz,2022,11,93.6,26.84,82.91,30
Santa Cruz,2022,12,149.8,25.59,82.12,31
Santa Cruz,2023,1,132.2,24.95,81.72,31
Santa Cruz,2023,2,51.8,25.49,77.99,28
Santa Cruz,2023,3,11.6,26.19,72.64,31
Santa Cruz,2023,4,120.4,27.53,76.62,30
Santa Cruz,2023,5,128.1,28.25,80.38,31
Santa Cruz,2023,6,262.6,27.87,82.91,30
Santa Cruz,2023,7,312.7,27.92,83.65,31
Santa Cruz,2023,8,156.0,28.22,81.91,31
Santa Cruz,2023,9,299.0,27.51,86.52,30
Santa Cruz,2023,10,134.4,27.6,82.14,31
Santa Cruz,2023,11,117.5,27.13,80.01,30
Santa Cruz,2023,12,80.8,26.71,80.62,31
Santa Cruz,2024,1,15.0,25.84,74.91,31
Santa Cruz,2024,2,10.4,26.43,73.38,29
Santa Cruz,2024,3,30.4,26.99,73.67,31
Santa Cruz,2024,4,12.5,29.39,69.12,30
Santa Cruz,2024,5,294.5,29.65,74.06,31
Santa Cruz,2024,6,283.5,28.28,84.16,30
Santa Cruz,2024,7,477.8,27.38,86.57,31
Santa Cruz,2024,8,315.3,27.87,85.8,31
Santa Cruz,2024,9,365.8,27.57,86.13,30
Santa Cruz,2024,10,339.8,27.4,83.76,31
Santa Cruz,2024,11,87.5,27.6,79.89,30
Santa Cruz,2024,12,286.9,26.18,83.87,31
Santa Cruz,2025,1,108.3,25.69,81.25,31
Santa Cruz,2025,2,98.8,25.85,80.41,28
Santa Cruz,2025,3,62.2,27.17,75.33,31
Santa Cruz,2025,4,7.8,29.93,66.72,30
Santa Cruz,2025,5,89.1,29.57,71.47,31
Santa Cruz,2025,6,424.2,27.71,83.68,30
Santa Cruz,2025,7,297.0,27.6,83.18,31
Santa Cruz,2025,8,305.3,27.25,83.49,31
Santa Cruz,2025,9,322.4,26.69,86.75,30
Santa Cruz,2025,10,229.0,27.09,84.36,31
Santa Cruz,2025,11,237.3,26.93,83.6,30
Santa Cruz,2025,12,65.6,26.33,80.66,31
Santa Maria,2018,1,304.2,24.54,84.59,31
Santa Maria,2018,2,14.6,24.97,81.39,28
Santa Maria,2018,3,36.3,25.16,78.53,31
Santa Maria,2018,4,67.0,26.73,78.79,30
Santa Maria,2018,5,42.8,28.25,76.97,31
Santa Maria,2018,6,381.4,26.6,88.13,30
Santa Maria,2018,7,559.1,25.6,93.13,31
Santa Maria,2018,8,348.5,25.95,90.13,31
Santa Maria,2018,9,353.5,26.02,89.36,30
Santa Maria,2018,10,97.6,26.28,83.77,31
Santa Maria,2018,11,85.2,25.76,83.77,30
Santa Maria,2018,12,471.1,25.05,86.77,31
Santa Maria,2019,1,67.8,24.04,82.67,31
Santa Maria,2019,2,25.1,24.16,79.01,28
Santa Maria,2019,3,10.1,25.89,75.34,31
Santa Maria,2019,4,16.0,27.77,74.03,30
Santa Maria,2019,5,174.9,27.68,84.11,31
Santa Maria,2019,6,290.8,27.64,85.8,30
Santa Maria,2019,7,336.0,26.52,89.15,31
Santa Maria,2019,8,529.7,26.05,91.81,31
Santa Maria,2019,9,530.7,25.89,89.55,30
Santa Maria,2019,10,90.3,26.21,84.08,31
Santa Maria,2019,11,120.6,25.85,86.35,30
Santa Maria,2019,12,180.9,25.24,85.47,31
Santa Maria,2020,1,67.5,24.76,83.44,31
Santa Maria,2020,2,55.8,24.01,80.92,29
Santa Maria,2020,3,20.9,26.11,79.36,31
Santa Maria,2020,4,42.2,27.08,78.8,30
Santa Maria,2020,5,313.6,28.27,81.69,31
Santa Maria,2020,6,215.3,27.48,84.12,30
Santa Maria,2020,7,229.6,27.21,85.05,31
Santa Maria,2020,8,441.5,26.57,88.76,31
Santa Maria,2020,9,246.8,27.0,87.02,30
Santa Maria,2020,10,543.3,26.19,89.01,31
Santa Maria,2020,11,444.1,25.85,86.09,30
Santa Maria,2020,12,275.4,25.61,87.01,31
Santa Maria,2021,1,137.5,24.4,84.16,31
Santa Maria,2021,2,253.6,24.5,83.44,28
Santa Maria,2021,3,74.2,25.88,83.18,31
Santa Maria,2021,4,51.6,26.55,79.04,30
Santa Maria,2021,5,56.3,27.89,81.14,31
Santa Maria,2021,6,225.1,27.29,85.55,30
Santa Maria,2021,7,460.1,26.48,89.53,31
Santa Maria,2021,8,222.5,26.67,87.63,31
Santa Maria,2021,9,460.8,26.5,88.09,30
Santa Maria,2021,10,203.7,26.24,86.26,31
Santa Maria,2021,11,63.7,26.27,84.65,30
Santa Maria,2021,12,176.2,24.67,83.15,31
Santa Maria,2022,1,41.0,24.5,80.86,31
Santa Maria,2022,2,52.9,24.86,83.83,28
Santa Maria,2022,3,42.6,26.57,79.69,31
Santa Maria,2022,4,93.2,26.4,81.69,30
Santa Maria,2022,5,232.2,27.27,81.9,31
Santa Maria,2022,6,242.9,27.24,83.26,30
Santa Maria,2022,7,336.5,26.82,86.94,31
Santa Maria,2022,8,353.7,26.21,87.76,31
Santa Maria,2022,9,370.2,26.05,89.41,30
Santa Maria,2022,10,379.0,26.33,86.02,31
Santa Maria,2022,11,136.8,26.04,86.64,30
Santa Maria,2022,12,165.3,24.85,85.34,31
Santa Maria,2023,1,181.7,24.11,85.3,31
Santa Maria,2023,2,71.4,24.71,81.55,28
Santa Maria,2023,3,16.0,25.28,77.08,31
Santa Maria,2023,4,88.0,26.93,78.98,30
Santa Maria,2023,5,162.9,27.61,82.25,31
Santa Maria,2023,6,223.7,27.15,85.15,30
Santa Maria,2023,7,327.4,26.87,86.27,31
Santa Maria,2023,8,208.6,26.7,88.66,31
Santa Maria,2023,9,291.7,26.62,88.31,30
Santa Maria,2023,10,143.1,26.45,85.89,31
Santa Maria,2023,11,87.7,26.02,84.82,30
Santa Maria,2023,12,106.0,25.58,85.72,31
Santa Maria,2024,1,26.5,24.53,80.76,31
Santa Maria,2024,2,25.3,25.11,79.47,29
Santa Maria,2024,3,40.6,25.62,80.2,31
Santa Maria,2024,4,13.1,27.98,75.27,30
Santa Maria,2024,5,242.5,28.6,77.89,31
Santa Maria,2024,6,337.5,27.4,86.29,30
Santa Maria,2024,7,380.7,26.62,87.38,31
Santa Maria,2024,8,240.9,26.94,87.84,31
Santa Maria,2024,9,451.5,26.5,88.59,30
Santa Maria,2024,10,273.7,26.48,86.38,31
Santa Maria,2024,11,118.3,26.23,85.92,30
Santa Maria,2024,12,307.9,24.97,89.51,31
Santa Maria,2025,1,147.7,24.32,87.09,31
Santa Maria,2025,2,131.9,24.47,86.34,28
Santa Maria,2025,3,66.3,25.7,82.18,31
Santa Maria,2025,4,14.3,28.14,75.03,30
Santa Maria,2025,5,72.0,28.37,76.09,31
Santa Maria,2025,6,344.3,26.49,88.73,30
Santa Maria,2025,7,490.1,25.96,91.32,31
Santa Maria,2025,8,417.1,26.06,88.72,31
Santa Maria,2025,9,319.2,25.49,91.5,30
Santa Maria,2025,10,231.9,25.95,88.86,31
Santa Maria,2025,11,281.1,25.64,89.18,30
Santa Maria,2025,12,77.3,24.9,86.99,31
Siniloan,2018,1,367.8,22.57,90.01,31
Siniloan,2018,2,32.2,22.92,87.06,28
Siniloan,2018,3,57.7,23.11,84.0,31
Siniloan,2018,4,90.2,24.45,85.91,30
Siniloan,2018,5,35.2,25.97,83.89,31
Siniloan,2018,6,277.3,25.0,89.84,30
Siniloan,2018,7,416.2,24.16,93.89,31
Siniloan,2018,8,304.4,24.4,91.35,31
Siniloan,2018,9,324.1,24.44,91.11,30
Siniloan,2018,10,102.4,24.42,87.92,31
Siniloan,2018,11,192.4,23.77,89.36,30
Siniloan,2018,12,689.6,23.05,92.22,31
Siniloan,2019,1,170.4,22.1,87.76,31
Siniloan,2019,2,76.2,22.12,85.02,28
Siniloan,2019,3,23.4,23.62,82.63,31
Siniloan,2019,4,46.6,25.38,81.93,30
Siniloan,2019,5,193.0,25.97,86.24,31
Siniloan,2019,6,228.6,25.89,88.72,30
Siniloan,2019,7,297.3,25.02,90.2,31
Siniloan,2019,8,410.4,24.56,92.43,31
Siniloan,2019,9,479.9,24.33,91.13,30
Siniloan,2019,10,144.7,24.23,89.44,31
Siniloan,2019,11,188.2,24.01,90.26,30
Siniloan,2019,12,307.2,23.25,90.87,31
Siniloan,2020,1,147.1,22.76,88.75,31
Siniloan,2020,2,136.4,22.0,86.82,29
Siniloan,2020,3,47.6,23.82,86.86,31
Siniloan,2020,4,73.4,24.75,86.53,30
Siniloan,2020,5,369.1,26.18,86.94,31
Siniloan,2020,6,219.4,25.58,88.41,30
Siniloan,2020,7,237.3,25.44,88.28,31
Siniloan,2020,8,403.3,25.03,90.18,31
Siniloan,2020,9,233.3,25.31,89.41,30
Siniloan,2020,10,627.2,24.42,92.42,31
Siniloan,2020,11,569.1,23.91,90.88,30
Siniloan,2020,12,441.5,23.66,92.13,31
Siniloan,2021,1,242.5,22.44,89.21,31
Siniloan,2021,2,402.3,22.55,88.45,28
Siniloan,2021,3,148.0,23.78,89.42,31
Siniloan,2021,4,75.6,24.39,85.38,30
Siniloan,2021,5,121.9,25.56,88.45,31
Siniloan,2021,6,238.6,25.66,87.27,30
Siniloan,2021,7,437.1,24.77,92.35,31
Siniloan,2021,8,265.0,24.94,90.51,31
Siniloan,2021,9,455.4,24.74,91.36,30
Siniloan,2021,10,260.9,24.42,90.08,31
Siniloan,2021,11,150.7,24.12,90.68,30
Siniloan,2021,12,286.7,22.62,88.65,31
Siniloan,2022,1,81.5,22.54,85.92,31
Siniloan,2022,2,150.4,22.68,90.18,28
Siniloan,2022,3,65.1,24.21,86.87,31
Siniloan,2022,4,139.3,24.07,88.59,30
Siniloan,2022,5,253.3,25.2,87.05,31
Siniloan,2022,6,253.5,25.35,87.22,30
Siniloan,2022,7,274.0,25.09,89.57,31
Siniloan,2022,8,315.9,24.63,89.6,31
Siniloan,2022,9,327.8,24.51,90.73,30
Siniloan,2022,10,404.1,24.46,89.73,31
Siniloan,2022,11,224.9,23.98,91.86,30
Siniloan,2022,12,264.5,22.79,90.61,31
Siniloan,2023,1,329.0,22.1,90.69,31
Siniloan,2023,2,114.0,22.69,86.73,28
Siniloan,2023,3,25.1,23.08,83.4,31
Siniloan,2023,4,113.8,24.78,84.46,30
Siniloan,2023,5,175.5,25.67,86.14,31
Siniloan,2023,6,215.0,25.47,87.42,30
Siniloan,2023,7,296.3,25.16,88.78,31
Siniloan,2023,8,176.0,25.24,89.56,31
Siniloan,2023,9,275.7,25.02,90.2,30
Siniloan,2023,10,151.1,24.55,89.98,31
Siniloan,2023,11,176.9,23.86,90.84,30
Siniloan,2023,12,209.3,23.45,91.94,31
Siniloan,2024,1,67.1,22.41,86.89,31
Siniloan,2024,2,84.3,22.86,86.72,29
Siniloan,2024,3,99.3,23.29,87.57,31
Siniloan,2024,4,28.6,25.52,83.24,30
Siniloan,2024,5,264.8,26.34,83.86,31
Siniloan,2024,6,304.8,25.64,89.2,30
Siniloan,2024,7,427.3,24.84,90.48,31
Siniloan,2024,8,186.7,25.43,88.9,31
Siniloan,2024,9,395.5,24.97,90.16,30
Siniloan,2024,10,319.3,24.63,89.94,31
Siniloan,2024,11,126.8,24.33,90.04,30
Siniloan,2024,12,463.6,22.98,94.84,31
Siniloan,2025,1,242.3,22.28,92.72,31
Siniloan,2025,2,252.2,22.45,91.65,28
Siniloan,2025,3,128.1,23.36,89.49,31
Siniloan,2025,4,29.1,25.48,83.91,30
Siniloan,2025,5,89.1,25.88,83.73,31
Siniloan,2025,6,239.4,24.9,90.76,30
Siniloan,2025,7,437.6,24.45,92.56,31
Siniloan,2025,8,377.2,24.51,90.54,31
Siniloan,2025,9,375.6,23.76,94.53,30
Siniloan,2025,10,276.3,24.05,93.11,31
Siniloan,2025,11,393.7,23.64,94.12,30
Siniloan,2025,12,143.9,22.87,92.25,31
Victoria,2018,1,150.2,25.61,80.92,31
Victoria,2018,2,20.9,25.95,77.94,28
Victoria,2018,3,61.7,26.47,73.12,31
Victoria,2018,4,107.0,27.94,73.33,30
Victoria,2018,5,12.9,29.48,71.68,31
Victoria,2018,6,225.2,27.79,83.37,30
Victoria,2018,7,561.0,26.5,91.09,31
Victoria,2018,8,168.0,27.2,84.66,31
Victoria,2018,9,395.0,26.76,88.2,30
Victoria,2018,10,76.9,27.25,80.74,31
Victoria,2018,11,99.3,26.93,78.81,30
Victoria,2018,12,427.8,26.02,83.03,31
Victoria,2019,1,34.0,25.3,76.4,31
Victoria,2019,2,14.9,25.4,73.02,28
Victoria,2019,3,8.5,26.98,70.37,31
Victoria,2019,4,21.6,28.95,69.3,30
Victoria,2019,5,189.7,28.33,82.88,31
Victoria,2019,6,199.6,28.64,82.78,30
Victoria,2019,7,277.6,27.23,87.96,31
Victoria,2019,8,395.5,27.18,87.11,31
Victoria,2019,9,395.9,26.84,87.05,30
Victoria,2019,10,73.0,27.15,81.17,31
Victoria,2019,11,167.3,26.65,84.81,30
Victoria,2019,12,255.5,26.21,81.95,31
Victoria,2020,1,55.0,25.79,79.68,31
Victoria,2020,2,64.0,25.23,75.8,29
Victoria,2020,3,16.0,27.2,74.78,31
Victoria,2020,4,17.4,28.41,73.04,30
Victoria,2020,5,268.9,29.07,79.8,31
Victoria,2020,6,201.1,28.33,82.87,30
Victoria,2020,7,339.2,27.82,85.57,31
Victoria,2020,8,429.3,27.32,87.75,31
Victoria,2020,9,218.7,27.7,86.36,30
Victoria,2020,10,583.2,26.74,89.37,31
Victoria,2020,11,406.7,26.57,84.02,30
Victoria,2020,12,317.8,26.34,85.24,31
Victoria,2021,1,151.8,25.3,81.21,31
Victoria,2021,2,139.8,25.38,80.71,28
Victoria,2021,3,108.1,26.69,80.49,31
Victoria,2021,4,27.1,27.49,75.27,30
Victoria,2021,5,70.1,28.8,77.55,31
Victoria,2021,6,284.1,27.94,85.36,30
Victoria,2021,7,355.2,27.44,86.46,31
Victoria,2021,8,235.6,27.52,85.15,31
Victoria,2021,9,358.2,27.13,87.33,30
Victoria,2021,10,190.0,27.06,84.37,31
Victoria,2021,11,70.8,27.24,80.53,30
Victoria,2021,12,108.2,25.79,78.75,31
Victoria,2022,1,46.6,25.61,76.57,31
Victoria,2022,2,38.2,26.07,78.1,28
Victoria,2022,3,31.4,27.66,75.19,31
Victoria,2022,4,76.1,27.54,76.3,30
Victoria,2022,5,294.8,28.22,79.39,31
Victoria,2022,6,344.3,27.85,83.17,30
Victoria,2022,7,423.8,27.39,86.92,31
Victoria,2022,8,406.8,26.9,87.31,31
Victoria,2022,9,343.3,27.01,86.61,30
Victoria,2022,10,419.1,27.16,83.87,31
Victoria,2022,11,93.6,27.04,82.91,30
Victoria,2022,12,149.8,25.78,82.14,31
Victoria,2023,1,132.2,25.12,81.74,31
Victoria,2023,2,51.8,25.68,78.02,28
Victoria,2023,3,11.6,26.37,72.67,31
Victoria,2023,4,120.4,27.71,76.66,30
Victoria,2023,5,128.1,28.41,80.41,31
Victoria,2023,6,262.6,28.04,82.93,30
Victoria,2023,7,312.7,28.11,83.68,31
Victoria,2023,8,156.0,28.39,81.93,31
Victoria,2023,9,299.0,27.69,86.54,30
Victoria,2023,10,134.4,27.79,82.16,31
Victoria,2023,11,117.5,27.32,80.03,30
Victoria,2023,12,80.8,26.89,80.64,31
Victoria,2024,1,15.0,26.02,74.93,31
Victoria,2024,2,10.4,26.62,73.41,29
Victoria,2024,3,30.4,27.19,73.71,31
Victoria,2024,4,12.5,29.57,69.15,30
Victoria,2024,5,294.5,29.83,74.1,31
Victoria,2024,6,283.5,28.46,84.18,30
Victoria,2024,7,477.8,27.56,86.59,31
Victoria,2024,8,315.3,28.05,85.82,31
Victoria,2024,9,365.8,27.75,86.15,30
Victoria,2024,10,339.8,27.59,83.78,31
Victoria,2024,11,87.5,27.79,79.92,30
Victoria,2024,12,286.9,26.37,83.89,31
Victoria,2025,1,108.3,25.86,81.27,31
Victoria,2025,2,98.8,26.05,80.43,28
Victoria,2025,3,62.2,27.36,75.36,31
Victoria,2025,4,7.8,30.11,66.75,30
Victoria,2025,5,89.1,29.75,71.5,31
Victoria,2025,6,424.2,27.88,83.71,30
Victoria,2025,7,297.0,27.78,83.22,31
Victoria,2025,8,305.3,27.44,83.52,31
Victoria,2025,9,322.4,26.88,86.77,30
Victoria,2025,10,229.0,27.27,84.38,31
Victoria,2025,11,237.3,27.1,83.62,30
Victoria,2025,12,65.6,26.51,80.68,31
